job_id,instance,A,L,run_index,best_fitness,best_solution,best_multi_fitness,best_multi_solution,best_drone_avg_trip_time,best_multi_visit_trip_count,best_drone_trip_count,best_avg_customers_per_trip,best_multi_drone_avg_trip_time,best_multi_multi_visit_trip_count,best_multi_drone_trip_count,best_multi_avg_customers_per_trip,best_solution_file,best_multi_solution_file,log
1,test_data/data_demand_random_50_batch_all1_equal_cluster/C101_0.5.dat,4.0,60.0,1,473.0,"[[[[0, [11, 13, 14, 12, 32, 31, 10, 9, 8, 29, 30, 16, 15, 4, 3, 28, 27, 26, 25, 24, 23, 22, 1]], [11, [36, 35, 38, 37]], [13, []], [14, []], [12, []], [32, []], [31, []], [10, [46, 47, 48, 49]], [9, []], [8, []], [29, []], [30, []], [46, []], [47, []], [48, []], [49, []], [16, []], [15, []], [4, []], [3, []], [36, []], [35, []], [28, []], [37, []], [38, []], [27, []], [26, []], [25, []], [24, []], [23, []], [22, []], [1, []]], [[0, [6, 21, 39, 40, 41, 42, 43, 20, 19, 18, 17, 34, 33, 7, 5, 2]], [6, [50, 45, 44]], [21, []], [39, []], [40, []], [41, []], [42, []], [43, []], [50, []], [20, []], [19, []], [18, []], [17, []], [45, []], [44, []], [34, []], [33, []], [7, []], [5, []], [2, []]]], [[[6, [50, 45, 44]]], [[11, [36, 35, 38, 37]]], [[10, [46, 47, 48, 49]]]]]",,,32.740513517516554,0,3,3.6666666666666665,,,,,results/sol_best_C101_0.5.dat_A4_L60_pid2676.txt,(not found),C101_0.5.dat_A4_L60_r1.log
1,test_data/data_demand_random_50_batch_all1_equal_cluster/C101_0.5.dat,4.0,60.0,2,473.0,"[[[[0, [11, 13, 14, 12, 8, 9, 10, 31, 32, 29, 30, 15, 4, 3, 1, 28, 27, 26, 25, 24, 23, 22]], [11, [36, 35, 38, 37]], [13, []], [14, []], [12, []], [8, []], [9, []], [10, [46, 47, 48, 49]], [31, []], [32, []], [29, []], [30, []], [46, []], [47, []], [48, []], [49, []], [15, []], [4, []], [3, []], [1, []], [36, []], [35, []], [28, []], [37, []], [38, []], [27, []], [26, []], [25, []], [24, []], [23, []], [22, []]], [[0, [6, 21, 39, 40, 41, 42, 43, 20, 19, 18, 17, 34, 33, 16, 7, 5, 2]], [6, [50, 45, 44]], [21, []], [39, []], [40, []], [41, []], [42, []], [43, []], [50, []], [20, []], [19, []], [18, []], [17, []], [45, []], [44, []], [34, []], [33, []], [16, []], [7, []], [5, []], [2, []]]], [[[6, [50, 45, 44]]], [[11, [36, 35, 38, 37]]], [[10, [46, 47, 48, 49]]]]]",,,32.740513517516554,0,3,3.6666666666666665,,,,,results/sol_best_C101_0.5.dat_A4_L60_pid2678.txt,(not found),C101_0.5.dat_A4_L60_r2.log
7,test_data/data_demand_random_50_batch_all1_equal_cluster/C101_1.5.dat,4.0,60.0,1,689.0,"[[[[0, [22, 23, 21, 27, 45, 44, 50, 49, 48, 47, 46, 35, 9, 8, 7, 5, 2, 1, 28, 30, 15, 14]], [22, []], [23, []], [21, []], [27, []], [45, []], [44, []], [50, []], [49, []], [48, []], [47, []], [46, []], [35, []], [9, []], [8, []], [7, []], [5, []], [2, []], [1, []], [28, []], [30, []], [15, []], [14, []]], [[0, [24, 12, 25, 26, 11, 10, 13, 20, 4, 3, 6, 34, 36, 38, 39, 41, 42, 43, 37, 40, 33, 29, 32, 31, 19, 18, 17, 16]], [24, []], [12, []], [25, []], [26, []], [11, []], [10, []], [13, []], [20, []], [4, []], [3, []], [6, []], [34, []], [36, []], [38, []], [39, []], [41, []], [42, []], [43, []], [37, []], [40, []], [33, []], [29, []], [32, []], [31, []], [19, []], [18, []], [17, []], [16, []]]], []]",,,0.0,0,0,0.0,,,,,results/sol_best_C101_1.5.dat_A4_L60_pid2743.txt,(not found),C101_1.5.dat_A4_L60_r1.log
7,test_data/data_demand_random_50_batch_all1_equal_cluster/C101_1.5.dat,4.0,60.0,2,689.0,"[[[[0, [3, 5, 9, 4, 20, 21, 22, 24, 26, 23, 27, 45, 44, 50, 49, 48, 47, 46, 35, 8, 7, 6, 1]], [3, []], [5, []], [9, []], [4, []], [20, []], [21, []], [22, []], [24, []], [26, []], [23, []], [27, []], [45, []], [44, []], [50, []], [49, []], [48, []], [47, []], [46, []], [35, []], [8, []], [7, []], [6, []], [1, []]], [[0, [13, 12, 25, 11, 10, 2, 34, 36, 38, 39, 41, 42, 43, 37, 40, 33, 29, 28, 30, 32, 31, 19, 18, 17, 16, 15, 14]], [13, []], [12, []], [25, []], [11, []], [10, []], [2, []], [34, []], [36, []], [38, []], [39, []], [41, []], [42, []], [43, []], [37, []], [40, []], [33, []], [29, []], [28, []], [30, []], [32, []], [31, []], [19, []], [18, []], [17, []], [16, []], [15, []], [14, []]]], []]",,,0.0,0,0,0.0,,,,,results/sol_best_C101_1.5.dat_A4_L60_pid2745.txt,(not found),C101_1.5.dat_A4_L60_r2.log
7,test_data/data_demand_random_50_batch_all1_equal_cluster/C101_1.5.dat,4.0,60.0,3,650.0,"[[[[0, [10, 11, 12, 25, 26, 24, 23, 22, 21, 27, 45, 44, 50, 49, 48, 47, 46, 35, 34, 6, 5, 3, 2, 1]], [10, []], [11, []], [12, []], [25, []], [26, []], [24, []], [23, []], [22, []], [21, []], [27, []], [45, []], [44, []], [50, []], [49, []], [48, []], [47, []], [46, []], [35, []], [34, []], [6, []], [5, []], [3, []], [2, []], [1, []]], [[0, [13, 20, 4, 9, 8, 7, 36, 37, 43, 42, 41, 39, 38, 40, 33, 29, 28, 30, 32, 31, 19, 18, 17, 16, 15, 14]], [13, []], [20, []], [4, []], [9, []], [8, []], [7, []], [36, []], [37, []], [43, []], [42, []], [41, []], [39, []], [38, []], [40, []], [33, []], [29, []], [28, []], [30, []], [32, []], [31, []], [19, []], [18, []], [17, []], [16, []], [15, []], [14, []]]], []]",,,0.0,0,0,0.0,,,,,results/sol_best_C101_1.5.dat_A4_L60_pid2746.txt,(not found),C101_1.5.dat_A4_L60_r3.log
8,test_data/data_demand_random_50_batch_all1_equal_cluster/C101_1.5.dat,4.0,90.0,1,661.0,"[[[[0, [2, 3, 4, 20, 21, 22, 24, 12, 25, 26, 23, 49, 48, 47, 46, 50, 44, 45, 27, 8, 7, 5, 6, 1]], [2, []], [3, []], [4, []], [20, []], [21, []], [22, []], [24, []], [12, []], [25, []], [26, []], [23, []], [49, []], [48, []], [47, []], [46, []], [50, []], [44, []], [45, []], [27, []], [8, []], [7, []], [5, []], [6, []], [1, []]], [[0, [13, 11, 10, 9, 35, 34, 36, 37, 43, 42, 41, 39, 38, 40, 33, 29, 28, 30, 32, 31, 19, 18, 17, 16, 15, 14]], [13, []], [11, []], [10, []], [9, []], [35, []], [34, []], [36, []], [37, []], [43, []], [42, []], [41, []], [39, []], [38, []], [40, []], [33, []], [29, []], [28, []], [30, []], [32, []], [31, []], [19, []], [18, []], [17, []], [16, []], [15, []], [14, []]]], []]",,,0.0,0,0,0.0,,,,,results/sol_best_C101_1.5.dat_A4_L90_pid2773.txt,(not found),C101_1.5.dat_A4_L90_r1.log
8,test_data/data_demand_random_50_batch_all1_equal_cluster/C101_1.5.dat,4.0,90.0,2,698.0,"[[[[0, [1, 28, 30, 15, 14, 20, 21, 27, 45, 44, 50, 49, 48, 47, 46, 35, 34]], [1, []], [28, []], [30, []], [15, []], [14, []], [20, []], [21, []], [27, []], [45, []], [44, []], [50, []], [49, []], [48, []], [47, []], [46, []], [35, []], [34, []]], [[0, [13, 10, 11, 12, 25, 26, 24, 23, 22, 2, 3, 4, 9, 8, 7, 5, 6, 36, 37, 43, 42, 41, 38, 39, 40, 33, 29, 32, 31, 19, 18, 17, 16]], [13, []], [10, []], [11, []], [12, []], [25, []], [26, []], [24, []], [23, []], [22, []], [2, []], [3, []], [4, []], [9, []], [8, []], [7, []], [5, []], [6, []], [36, []], [37, []], [43, []], [42, []], [41, []], [38, []], [39, []], [40, []], [33, []], [29, []], [32, []], [31, []], [19, []], [18, []], [17, []], [16, []]]], []]",,,0.0,0,0,0.0,,,,,results/sol_best_C101_1.5.dat_A4_L90_pid2775.txt,(not found),C101_1.5.dat_A4_L90_r2.log
8,test_data/data_demand_random_50_batch_all1_equal_cluster/C101_1.5.dat,4.0,90.0,3,678.0,"[[[[0, [13, 24, 21, 27, 45, 44, 50, 46, 47, 48, 49, 8, 7, 5, 6, 3, 2, 1, 28, 30, 15, 14]], [13, []], [24, []], [21, []], [27, []], [45, []], [44, []], [50, []], [46, []], [47, []], [48, []], [49, []], [8, []], [7, []], [5, []], [6, []], [3, []], [2, []], [1, []], [28, []], [30, []], [15, []], [14, []]], [[0, [10, 11, 12, 25, 26, 23, 22, 20, 4, 9, 35, 34, 36, 38, 39, 41, 42, 43, 37, 40, 33, 29, 32, 31, 19, 18, 17, 16]], [10, []], [11, []], [12, []], [25, []], [26, []], [23, []], [22, []], [20, []], [4, []], [9, []], [35, []], [34, []], [36, []], [38, []], [39, []], [41, []], [42, []], [43, []], [37, []], [40, []], [33, []], [29, []], [32, []], [31, []], [19, []], [18, []], [17, []], [16, []]]], []]",,,0.0,0,0,0.0,,,,,results/sol_best_C101_1.5.dat_A4_L90_pid2776.txt,(not found),C101_1.5.dat_A4_L90_r3.log
9,test_data/data_demand_random_50_batch_all1_equal_cluster/C101_1.5.dat,4.0,120.0,1,677.0,"[[[[0, [13, 24, 21, 27, 45, 44, 50, 49, 48, 47, 46, 35, 8, 7, 3, 2, 1, 28, 30, 15, 14]], [13, []], [24, []], [21, []], [27, []], [45, []], [44, []], [50, []], [49, []], [48, []], [47, []], [46, []], [35, []], [8, []], [7, []], [3, []], [2, []], [1, []], [28, []], [30, []], [15, []], [14, []]], [[0, [10, 11, 12, 25, 26, 23, 22, 20, 4, 9, 5, 6, 34, 36, 37, 43, 42, 41, 39, 38, 40, 33, 29, 32, 31, 19, 18, 17, 16]], [10, []], [11, []], [12, []], [25, []], [26, []], [23, []], [22, []], [20, []], [4, []], [9, []], [5, []], [6, []], [34, []], [36, []], [37, []], [43, []], [42, []], [41, []], [39, []], [38, []], [40, []], [33, []], [29, []], [32, []], [31, []], [19, []], [18, []], [17, []], [16, []]]], []]",,,0.0,0,0,0.0,,,,,results/sol_best_C101_1.5.dat_A4_L120_pid2717.txt,(not found),C101_1.5.dat_A4_L120_r1.log
9,test_data/data_demand_random_50_batch_all1_equal_cluster/C101_1.5.dat,4.0,120.0,2,689.0,"[[[[0, [20, 21, 23, 27, 45, 44, 50, 49, 48, 47, 46, 35, 8, 7, 3, 2, 1, 28, 30, 15, 14]], [20, []], [21, []], [23, []], [27, []], [45, []], [44, []], [50, []], [49, []], [48, []], [47, []], [46, []], [35, []], [8, []], [7, []], [3, []], [2, []], [1, []], [28, []], [30, []], [15, []], [14, []]], [[0, [13, 22, 24, 26, 25, 12, 11, 10, 4, 9, 5, 6, 34, 36, 38, 39, 41, 42, 43, 37, 40, 33, 29, 32, 31, 19, 18, 17, 16]], [13, []], [22, []], [24, []], [26, []], [25, []], [12, []], [11, []], [10, []], [4, []], [9, []], [5, []], [6, []], [34, []], [36, []], [38, []], [39, []], [41, []], [42, []], [43, []], [37, []], [40, []], [33, []], [29, []], [32, []], [31, []], [19, []], [18, []], [17, []], [16, []]]], []]",,,0.0,0,0,0.0,,,,,results/sol_best_C101_1.5.dat_A4_L120_pid2719.txt,(not found),C101_1.5.dat_A4_L120_r2.log
9,test_data/data_demand_random_50_batch_all1_equal_cluster/C101_1.5.dat,4.0,120.0,3,698.0,"[[[[0, [1, 28, 30, 15, 14, 20, 22, 21, 27, 45, 44, 50, 46, 47, 48, 49, 9, 5, 7, 6]], [1, []], [28, []], [30, []], [15, []], [14, []], [20, []], [22, []], [21, []], [27, []], [45, []], [44, []], [50, []], [46, []], [47, []], [48, []], [49, []], [9, []], [5, []], [7, []], [6, []]], [[0, [10, 11, 12, 25, 26, 23, 24, 13, 2, 3, 4, 8, 35, 34, 36, 38, 39, 41, 42, 43, 37, 40, 33, 29, 32, 31, 19, 18, 17, 16]], [10, []], [11, []], [12, []], [25, []], [26, []], [23, []], [24, []], [13, []], [2, []], [3, []], [4, []], [8, []], [35, []], [34, []], [36, []], [38, []], [39, []], [41, []], [42, []], [43, []], [37, []], [40, []], [33, []], [29, []], [32, []], [31, []], [19, []], [18, []], [17, []], [16, []]]], []]",,,0.0,0,0,0.0,,,,,results/sol_best_C101_1.5.dat_A4_L120_pid2720.txt,(not found),C101_1.5.dat_A4_L120_r3.log
109,test_data/data_demand_random_50_batch_all1_equal_cluster/RC101_0.5.dat,4.0,60.0,1,776.0,"[[[[0, [20, 38, 39, 1, 2, 3, 11, 12, 50, 46, 47, 48, 49, 29, 28, 27, 26, 25]], [20, []], [38, []], [39, []], [1, []], [2, []], [3, []], [11, []], [12, []], [50, []], [46, []], [47, []], [48, []], [49, []], [29, []], [28, []], [27, []], [26, []], [25, []]], [[0, [6, 7, 8, 9, 10, 19, 18, 17, 16, 15, 36, 37, 5, 4, 14, 30, 31, 32, 34, 33, 35, 13, 44, 43, 42, 45, 41, 40, 24, 22, 23, 21]], [6, []], [7, []], [8, []], [9, []], [10, []], [19, []], [18, []], [17, []], [16, []], [15, []], [36, []], [37, []], [5, []], [4, []], [14, []], [30, []], [31, []], [32, []], [34, []], [33, []], [35, []], [13, []], [44, []], [43, []], [42, []], [45, []], [41, []], [40, []], [24, []], [22, []], [23, []], [21, []]]], []]",,,0.0,0,0,0.0,,,,,results/sol_best_RC101_0.5.dat_A4_L60_pid2664.txt,(not found),RC101_0.5.dat_A4_L60_r1.log
109,test_data/data_demand_random_50_batch_all1_equal_cluster/RC101_0.5.dat,4.0,60.0,2,776.0,"[[[[0, [20, 38, 39, 1, 2, 3, 11, 12, 50, 46, 47, 48, 49, 29, 28, 27, 26, 25]], [20, []], [38, []], [39, []], [1, []], [2, []], [3, []], [11, []], [12, []], [50, []], [46, []], [47, []], [48, []], [49, []], [29, []], [28, []], [27, []], [26, []], [25, []]], [[0, [6, 7, 8, 9, 10, 19, 18, 17, 15, 16, 37, 36, 5, 4, 14, 30, 31, 32, 34, 33, 35, 13, 44, 43, 42, 45, 41, 40, 24, 22, 23, 21]], [6, []], [7, []], [8, []], [9, []], [10, []], [19, []], [18, []], [17, []], [15, []], [16, []], [37, []], [36, []], [5, []], [4, []], [14, []], [30, []], [31, []], [32, []], [34, []], [33, []], [35, []], [13, []], [44, []], [43, []], [42, []], [45, []], [41, []], [40, []], [24, []], [22, []], [23, []], [21, []]]], []]",,,0.0,0,0,0.0,,,,,results/sol_best_RC101_0.5.dat_A4_L60_pid2666.txt,(not found),RC101_0.5.dat_A4_L60_r2.log
109,test_data/data_demand_random_50_batch_all1_equal_cluster/RC101_0.5.dat,4.0,60.0,3,776.0,"[[[[0, [20, 38, 39, 1, 2, 3, 11, 12, 13, 50, 46, 47, 48, 49, 29, 28, 27, 26, 25]], [20, []], [38, []], [39, []], [1, []], [2, []], [3, []], [11, []], [12, []], [13, []], [50, []], [46, []], [47, []], [48, []], [49, []], [29, []], [28, []], [27, []], [26, []], [25, []]], [[0, [6, 7, 8, 9, 10, 19, 18, 17, 16, 15, 36, 37, 5, 4, 14, 30, 31, 32, 34, 33, 35, 44, 43, 42, 45, 41, 40, 24, 22, 23, 21]], [6, []], [7, []], [8, []], [9, []], [10, []], [19, []], [18, []], [17, []], [16, []], [15, []], [36, []], [37, []], [5, []], [4, []], [14, []], [30, []], [31, []], [32, []], [34, []], [33, []], [35, []], [44, []], [43, []], [42, []], [45, []], [41, []], [40, []], [24, []], [22, []], [23, []], [21, []]]], []]",,,0.0,0,0,0.0,,,,,results/sol_best_RC101_0.5.dat_A4_L60_pid2667.txt,(not found),RC101_0.5.dat_A4_L60_r3.log
110,test_data/data_demand_random_50_batch_all1_equal_cluster/RC101_0.5.dat,4.0,90.0,1,776.0,"[[[[0, [20, 38, 39, 1, 2, 3, 12, 11, 13, 50, 46, 47, 48, 49, 29, 28, 27, 26, 25]], [20, []], [38, []], [39, []], [1, []], [2, []], [3, []], [12, []], [11, []], [13, []], [50, []], [46, []], [47, []], [48, []], [49, []], [29, []], [28, []], [27, []], [26, []], [25, []]], [[0, [6, 7, 8, 9, 10, 19, 18, 17, 16, 15, 36, 37, 5, 4, 14, 30, 31, 32, 34, 33, 35, 44, 43, 42, 45, 41, 40, 24, 22, 23, 21]], [6, []], [7, []], [8, []], [9, []], [10, []], [19, []], [18, []], [17, []], [16, []], [15, []], [36, []], [37, []], [5, []], [4, []], [14, []], [30, []], [31, []], [32, []], [34, []], [33, []], [35, []], [44, []], [43, []], [42, []], [45, []], [41, []], [40, []], [24, []], [22, []], [23, []], [21, []]]], []]",,,0.0,0,0,0.0,,,,,results/sol_best_RC101_0.5.dat_A4_L90_pid2770.txt,(not found),RC101_0.5.dat_A4_L90_r1.log
110,test_data/data_demand_random_50_batch_all1_equal_cluster/RC101_0.5.dat,4.0,90.0,2,776.0,"[[[[0, [20, 38, 39, 1, 2, 3, 11, 12, 13, 50, 46, 47, 48, 49, 29, 28, 27, 26, 25]], [20, []], [38, []], [39, []], [1, []], [2, []], [3, []], [11, []], [12, []], [13, []], [50, []], [46, []], [47, []], [48, []], [49, []], [29, []], [28, []], [27, []], [26, []], [25, []]], [[0, [6, 7, 8, 9, 10, 19, 18, 17, 16, 15, 36, 37, 5, 4, 14, 30, 31, 32, 34, 33, 35, 44, 43, 42, 45, 41, 40, 24, 22, 23, 21]], [6, []], [7, []], [8, []], [9, []], [10, []], [19, []], [18, []], [17, []], [16, []], [15, []], [36, []], [37, []], [5, []], [4, []], [14, []], [30, []], [31, []], [32, []], [34, []], [33, []], [35, []], [44, []], [43, []], [42, []], [45, []], [41, []], [40, []], [24, []], [22, []], [23, []], [21, []]]], []]",,,0.0,0,0,0.0,,,,,results/sol_best_RC101_0.5.dat_A4_L90_pid2772.txt,(not found),RC101_0.5.dat_A4_L90_r2.log
110,test_data/data_demand_random_50_batch_all1_equal_cluster/RC101_0.5.dat,4.0,90.0,3,768.0,"[[[[0, [20, 39, 38, 37, 36, 5, 4, 14, 12, 11, 13, 50, 46, 47, 48, 49, 29, 28, 27, 26, 25]], [20, []], [39, []], [38, []], [37, []], [36, []], [5, []], [4, []], [14, []], [12, []], [11, []], [13, []], [50, []], [46, []], [47, []], [48, []], [49, []], [29, []], [28, []], [27, []], [26, []], [25, []]], [[0, [6, 7, 8, 9, 10, 19, 18, 17, 16, 15, 1, 2, 3, 30, 31, 32, 34, 33, 35, 44, 43, 42, 45, 41, 40, 24, 22, 23, 21]], [6, []], [7, []], [8, []], [9, []], [10, []], [19, []], [18, []], [17, []], [16, []], [15, []], [1, []], [2, []], [3, []], [30, []], [31, []], [32, []], [34, []], [33, []], [35, []], [44, []], [43, []], [42, []], [45, []], [41, []], [40, []], [24, []], [22, []], [23, []], [21, []]]], []]",,,0.0,0,0,0.0,,,,,results/sol_best_RC101_0.5.dat_A4_L90_pid2773.txt,(not found),RC101_0.5.dat_A4_L90_r3.log
111,test_data/data_demand_random_50_batch_all1_equal_cluster/RC101_0.5.dat,4.0,120.0,1,776.0,"[[[[0, [20, 38, 39, 1, 2, 3, 11, 12, 50, 47, 46, 48, 49, 29, 28, 27, 26, 25]], [20, []], [38, []], [39, []], [1, []], [2, []], [3, []], [11, []], [12, []], [50, []], [47, []], [46, []], [48, []], [49, []], [29, []], [28, []], [27, []], [26, []], [25, []]], [[0, [6, 7, 8, 9, 10, 19, 18, 17, 16, 15, 36, 37, 5, 4, 14, 30, 31, 32, 34, 33, 35, 13, 44, 43, 42, 45, 41, 40, 24, 22, 23, 21]], [6, []], [7, []], [8, []], [9, []], [10, []], [19, []], [18, []], [17, []], [16, []], [15, []], [36, []], [37, []], [5, []], [4, []], [14, []], [30, []], [31, []], [32, []], [34, []], [33, []], [35, []], [13, []], [44, []], [43, []], [42, []], [45, []], [41, []], [40, []], [24, []], [22, []], [23, []], [21, []]]], []]",,,0.0,0,0,0.0,,,,,results/sol_best_RC101_0.5.dat_A4_L120_pid2743.txt,(not found),RC101_0.5.dat_A4_L120_r1.log
111,test_data/data_demand_random_50_batch_all1_equal_cluster/RC101_0.5.dat,4.0,120.0,2,776.0,"[[[[0, [20, 38, 39, 1, 2, 3, 11, 12, 50, 47, 46, 48, 49, 29, 28, 27, 26, 25]], [20, []], [38, []], [39, []], [1, []], [2, []], [3, []], [11, []], [12, []], [50, []], [47, []], [46, []], [48, []], [49, []], [29, []], [28, []], [27, []], [26, []], [25, []]], [[0, [6, 7, 8, 9, 10, 19, 18, 17, 16, 15, 37, 36, 5, 4, 14, 30, 31, 32, 34, 33, 35, 13, 44, 43, 42, 45, 41, 40, 24, 22, 23, 21]], [6, []], [7, []], [8, []], [9, []], [10, []], [19, []], [18, []], [17, []], [16, []], [15, []], [37, []], [36, []], [5, []], [4, []], [14, []], [30, []], [31, []], [32, []], [34, []], [33, []], [35, []], [13, []], [44, []], [43, []], [42, []], [45, []], [41, []], [40, []], [24, []], [22, []], [23, []], [21, []]]], []]",,,0.0,0,0,0.0,,,,,results/sol_best_RC101_0.5.dat_A4_L120_pid2746.txt,(not found),RC101_0.5.dat_A4_L120_r2.log
111,test_data/data_demand_random_50_batch_all1_equal_cluster/RC101_0.5.dat,4.0,120.0,3,788.0,"[[[[0, [20, 38, 39, 1, 3, 11, 12, 13, 50, 47, 46, 48, 49, 29, 28, 27, 26, 25]], [20, []], [38, []], [39, []], [1, []], [3, []], [11, []], [12, []], [13, []], [50, []], [47, []], [46, []], [48, []], [49, []], [29, []], [28, []], [27, []], [26, []], [25, []]], [[0, [6, 7, 8, 9, 10, 19, 18, 17, 15, 16, 37, 36, 4, 5, 2, 14, 30, 31, 32, 34, 33, 35, 44, 43, 42, 45, 41, 40, 24, 22, 23, 21]], [6, []], [7, []], [8, []], [9, []], [10, []], [19, []], [18, []], [17, []], [15, []], [16, []], [37, []], [36, []], [4, []], [5, []], [2, []], [14, []], [30, []], [31, []], [32, []], [34, []], [33, []], [35, []], [44, []], [43, []], [42, []], [45, []], [41, []], [40, []], [24, []], [22, []], [23, []], [21, []]]], []]",,,0.0,0,0,0.0,,,,,results/sol_best_RC101_0.5.dat_A4_L120_pid2745.txt,(not found),RC101_0.5.dat_A4_L120_r3.log
112,test_data/data_demand_random_50_batch_all1_equal_cluster/RC101_0.5.dat,8.0,60.0,1,768.0,"[[[[0, [20, 39, 38, 37, 36, 5, 4, 11, 12, 50, 47, 46, 48, 49, 29, 28, 27, 26, 25]], [20, []], [39, []], [38, []], [37, []], [36, []], [5, []], [4, []], [11, []], [12, []], [50, []], [47, []], [46, []], [48, []], [49, []], [29, []], [28, []], [27, []], [26, []], [25, []]], [[0, [6, 7, 8, 9, 10, 19, 18, 17, 16, 15, 1, 2, 3, 14, 30, 31, 32, 34, 33, 35, 13, 44, 43, 42, 45, 41, 40, 24, 22, 23, 21]], [6, []], [7, []], [8, []], [9, []], [10, []], [19, []], [18, []], [17, []], [16, []], [15, []], [1, []], [2, []], [3, []], [14, []], [30, []], [31, []], [32, []], [34, []], [33, []], [35, []], [13, []], [44, []], [43, []], [42, []], [45, []], [41, []], [40, []], [24, []], [22, []], [23, []], [21, []]]], []]",,,0.0,0,0,0.0,,,,,results/sol_best_RC101_0.5.dat_A8_L60_pid2813.txt,(not found),RC101_0.5.dat_A8_L60_r1.log
112,test_data/data_demand_random_50_batch_all1_equal_cluster/RC101_0.5.dat,8.0,60.0,2,776.0,"[[[[0, [20, 38, 39, 1, 2, 3, 14, 12, 11, 13, 50, 46, 47, 48, 49, 29, 28, 27, 26, 25]], [20, []], [38, []], [39, []], [1, []], [2, []], [3, []], [14, []], [12, []], [11, []], [13, []], [50, []], [46, []], [47, []], [48, []], [49, []], [29, []], [28, []], [27, []], [26, []], [25, []]], [[0, [6, 7, 8, 9, 10, 19, 18, 17, 16, 15, 36, 37, 5, 4, 30, 31, 32, 34, 33, 35, 44, 43, 42, 45, 41, 40, 24, 22, 23, 21]], [6, []], [7, []], [8, []], [9, []], [10, []], [19, []], [18, []], [17, []], [16, []], [15, []], [36, []], [37, []], [5, []], [4, []], [30, []], [31, []], [32, []], [34, []], [33, []], [35, []], [44, []], [43, []], [42, []], [45, []], [41, []], [40, []], [24, []], [22, []], [23, []], [21, []]]], []]",,,0.0,0,0,0.0,,,,,results/sol_best_RC101_0.5.dat_A8_L60_pid2815.txt,(not found),RC101_0.5.dat_A8_L60_r2.log
112,test_data/data_demand_random_50_batch_all1_equal_cluster/RC101_0.5.dat,8.0,60.0,3,768.0,"[[[[0, [20, 39, 38, 37, 36, 5, 4, 3, 11, 12, 50, 46, 47, 48, 49, 29, 28, 27, 26, 25]], [20, []], [39, []], [38, []], [37, []], [36, []], [5, []], [4, []], [3, []], [11, []], [12, []], [50, []], [46, []], [47, []], [48, []], [49, []], [29, []], [28, []], [27, []], [26, []], [25, []]], [[0, [6, 7, 8, 9, 10, 19, 18, 17, 16, 15, 1, 2, 14, 30, 31, 32, 34, 33, 35, 13, 44, 43, 42, 45, 41, 40, 24, 22, 23, 21]], [6, []], [7, []], [8, []], [9, []], [10, []], [19, []], [18, []], [17, []], [16, []], [15, []], [1, []], [2, []], [14, []], [30, []], [31, []], [32, []], [34, []], [33, []], [35, []], [13, []], [44, []], [43, []], [42, []], [45, []], [41, []], [40, []], [24, []], [22, []], [23, []], [21, []]]], []]",,,0.0,0,0,0.0,,,,,results/sol_best_RC101_0.5.dat_A8_L60_pid2816.txt,(not found),RC101_0.5.dat_A8_L60_r3.log
113,test_data/data_demand_random_50_batch_all1_equal_cluster/RC101_0.5.dat,8.0,90.0,1,784.0,"[[[[0, [20, 38, 39, 1, 2, 3, 35, 13, 50, 46, 47, 48, 49, 29, 28, 27, 26, 25]], [20, []], [38, []], [39, []], [1, []], [2, []], [3, []], [35, []], [13, []], [50, []], [46, []], [47, []], [48, []], [49, []], [29, []], [28, []], [27, []], [26, []], [25, []]], [[0, [6, 7, 8, 9, 10, 19, 18, 17, 16, 15, 36, 37, 5, 4, 14, 30, 31, 32, 34, 33, 12, 11, 23, 44, 43, 42, 45, 41, 40, 24, 22, 21]], [6, []], [7, []], [8, []], [9, []], [10, []], [19, []], [18, []], [17, []], [16, []], [15, []], [36, []], [37, []], [5, []], [4, []], [14, []], [30, []], [31, []], [32, []], [34, []], [33, []], [12, []], [11, []], [23, []], [44, []], [43, []], [42, []], [45, []], [41, []], [40, []], [24, []], [22, []], [21, []]]], []]",,,0.0,0,0,0.0,,,,,results/sol_best_RC101_0.5.dat_A8_L90_pid2743.txt,(not found),RC101_0.5.dat_A8_L90_r1.log
113,test_data/data_demand_random_50_batch_all1_equal_cluster/RC101_0.5.dat,8.0,90.0,2,784.0,"[[[[0, [20, 39, 38, 37, 4, 14, 35, 13, 50, 46, 47, 48, 49, 29, 28, 27, 26, 25]], [20, []], [39, []], [38, []], [37, []], [4, []], [14, []], [35, []], [13, []], [50, []], [46, []], [47, []], [48, []], [49, []], [29, []], [28, []], [27, []], [26, []], [25, []]], [[0, [6, 7, 8, 9, 10, 19, 18, 17, 16, 15, 36, 5, 2, 1, 3, 30, 31, 32, 34, 33, 12, 11, 44, 43, 42, 45, 41, 40, 24, 22, 23, 21]], [6, []], [7, []], [8, []], [9, []], [10, []], [19, []], [18, []], [17, []], [16, []], [15, []], [36, []], [5, []], [2, []], [1, []], [3, []], [30, []], [31, []], [32, []], [34, []], [33, []], [12, []], [11, []], [44, []], [43, []], [42, []], [45, []], [41, []], [40, []], [24, []], [22, []], [23, []], [21, []]]], []]",,,0.0,0,0,0.0,,,,,results/sol_best_RC101_0.5.dat_A8_L90_pid2745.txt,(not found),RC101_0.5.dat_A8_L90_r2.log
113,test_data/data_demand_random_50_batch_all1_equal_cluster/RC101_0.5.dat,8.0,90.0,3,776.0,"[[[[0, [20, 38, 39, 1, 2, 3, 11, 12, 13, 50, 46, 47, 48, 49, 29, 28, 27, 26, 25]], [20, []], [38, []], [39, []], [1, []], [2, []], [3, []], [11, []], [12, []], [13, []], [50, []], [46, []], [47, []], [48, []], [49, []], [29, []], [28, []], [27, []], [26, []], [25, []]], [[0, [6, 7, 8, 9, 10, 19, 18, 17, 15, 16, 37, 36, 5, 4, 14, 30, 31, 32, 34, 33, 35, 44, 43, 42, 45, 41, 40, 24, 22, 23, 21]], [6, []], [7, []], [8, []], [9, []], [10, []], [19, []], [18, []], [17, []], [15, []], [16, []], [37, []], [36, []], [5, []], [4, []], [14, []], [30, []], [31, []], [32, []], [34, []], [33, []], [35, []], [44, []], [43, []], [42, []], [45, []], [41, []], [40, []], [24, []], [22, []], [23, []], [21, []]]], []]",,,0.0,0,0,0.0,,,,,results/sol_best_RC101_0.5.dat_A8_L90_pid2746.txt,(not found),RC101_0.5.dat_A8_L90_r3.log
114,test_data/data_demand_random_50_batch_all1_equal_cluster/RC101_0.5.dat,8.0,120.0,1,776.0,"[[[[0, [1, 20, 39, 38, 37, 36, 5, 2, 3, 11, 12, 50, 46, 47, 48, 49, 29, 28, 27, 26, 25]], [1, []], [20, []], [39, []], [38, []], [37, []], [36, []], [5, []], [2, []], [3, []], [11, []], [12, []], [50, []], [46, []], [47, []], [48, []], [49, []], [29, []], [28, []], [27, []], [26, []], [25, []]], [[0, [6, 7, 8, 9, 10, 19, 18, 17, 16, 15, 4, 14, 30, 31, 32, 34, 33, 35, 13, 23, 44, 43, 42, 45, 41, 40, 24, 22, 21]], [6, []], [7, []], [8, []], [9, []], [10, []], [19, []], [18, []], [17, []], [16, []], [15, []], [4, []], [14, []], [30, []], [31, []], [32, []], [34, []], [33, []], [35, []], [13, []], [23, []], [44, []], [43, []], [42, []], [45, []], [41, []], [40, []], [24, []], [22, []], [21, []]]], []]",,,0.0,0,0,0.0,,,,,results/sol_best_RC101_0.5.dat_A8_L120_pid2742.txt,(not found),RC101_0.5.dat_A8_L120_r1.log
114,test_data/data_demand_random_50_batch_all1_equal_cluster/RC101_0.5.dat,8.0,120.0,2,776.0,"[[[[0, [20, 38, 39, 1, 2, 11, 12, 50, 46, 47, 48, 49, 29, 28, 27, 26, 25]], [20, []], [38, []], [39, []], [1, []], [2, []], [11, []], [12, []], [50, []], [46, []], [47, []], [48, []], [49, []], [29, []], [28, []], [27, []], [26, []], [25, []]], [[0, [6, 7, 8, 9, 10, 19, 18, 17, 16, 15, 36, 37, 5, 4, 3, 14, 30, 31, 32, 34, 33, 35, 13, 44, 43, 42, 45, 41, 40, 24, 22, 23, 21]], [6, []], [7, []], [8, []], [9, []], [10, []], [19, []], [18, []], [17, []], [16, []], [15, []], [36, []], [37, []], [5, []], [4, []], [3, []], [14, []], [30, []], [31, []], [32, []], [34, []], [33, []], [35, []], [13, []], [44, []], [43, []], [42, []], [45, []], [41, []], [40, []], [24, []], [22, []], [23, []], [21, []]]], []]",,,0.0,0,0,0.0,,,,,results/sol_best_RC101_0.5.dat_A8_L120_pid2744.txt,(not found),RC101_0.5.dat_A8_L120_r2.log
114,test_data/data_demand_random_50_batch_all1_equal_cluster/RC101_0.5.dat,8.0,120.0,3,776.0,"[[[[0, [20, 38, 39, 1, 2, 3, 14, 12, 11, 50, 46, 47, 48, 49, 29, 28, 27, 26, 25]], [20, []], [38, []], [39, []], [1, []], [2, []], [3, []], [14, []], [12, []], [11, []], [50, []], [46, []], [47, []], [48, []], [49, []], [29, []], [28, []], [27, []], [26, []], [25, []]], [[0, [6, 7, 8, 9, 10, 19, 18, 17, 16, 15, 36, 37, 5, 4, 30, 31, 32, 34, 33, 35, 13, 44, 43, 42, 45, 41, 40, 24, 22, 23, 21]], [6, []], [7, []], [8, []], [9, []], [10, []], [19, []], [18, []], [17, []], [16, []], [15, []], [36, []], [37, []], [5, []], [4, []], [30, []], [31, []], [32, []], [34, []], [33, []], [35, []], [13, []], [44, []], [43, []], [42, []], [45, []], [41, []], [40, []], [24, []], [22, []], [23, []], [21, []]]], []]",,,0.0,0,0,0.0,,,,,results/sol_best_RC101_0.5.dat_A8_L120_pid2745.txt,(not found),RC101_0.5.dat_A8_L120_r3.log
115,test_data/data_demand_random_50_batch_all1_equal_cluster/RC101_1.5.dat,4.0,60.0,1,1108.0,"[[[[0, [8, 23, 6, 5, 4, 3, 2, 41, 42, 38, 37, 36, 35, 34, 32, 31, 33, 17, 22, 39, 40, 21, 20, 19, 18, 16, 15]], [8, []], [23, []], [6, []], [5, []], [4, []], [3, []], [2, []], [41, []], [42, []], [38, []], [37, []], [36, []], [35, []], [34, []], [32, []], [31, []], [33, []], [17, []], [22, []], [39, []], [40, []], [21, []], [20, []], [19, []], [18, []], [16, []], [15, []]], [[0, [1, 7, 28, 27, 26, 24, 25, 14, 12, 13, 11, 9, 10, 45, 46, 47, 48, 49, 50, 44, 43, 30, 29]], [1, []], [7, []], [28, []], [27, []], [26, []], [24, []], [25, []], [14, []], [12, []], [13, []], [11, []], [9, []], [10, []], [45, []], [46, []], [47, []], [48, []], [49, []], [50, []], [44, []], [43, []], [30, []], [29, []]]], []]",,,0.0,0,0,0.0,,,,,results/sol_best_RC101_1.5.dat_A4_L60_pid2767.txt,(not found),RC101_1.5.dat_A4_L60_r1.log
115,test_data/data_demand_random_50_batch_all1_equal_cluster/RC101_1.5.dat,4.0,60.0,2,1108.0,"[[[[0, [8, 23, 5, 4, 3, 2, 41, 42, 38, 36, 37, 35, 34, 32, 31, 33, 17, 22, 39, 40, 21, 20, 19, 18, 16, 15]], [8, []], [23, []], [5, []], [4, []], [3, []], [2, []], [41, []], [42, []], [38, []], [36, []], [37, []], [35, []], [34, []], [32, []], [31, []], [33, []], [17, []], [22, []], [39, []], [40, []], [21, []], [20, []], [19, []], [18, []], [16, []], [15, []]], [[0, [1, 6, 7, 28, 27, 26, 24, 25, 14, 12, 13, 11, 9, 10, 45, 46, 47, 48, 49, 50, 44, 43, 30, 29]], [1, []], [6, []], [7, []], [28, []], [27, []], [26, []], [24, []], [25, []], [14, []], [12, []], [13, []], [11, []], [9, []], [10, []], [45, []], [46, []], [47, []], [48, []], [49, []], [50, []], [44, []], [43, []], [30, []], [29, []]]], []]",,,0.0,0,0,0.0,,,,,results/sol_best_RC101_1.5.dat_A4_L60_pid2769.txt,(not found),RC101_1.5.dat_A4_L60_r2.log
115,test_data/data_demand_random_50_batch_all1_equal_cluster/RC101_1.5.dat,4.0,60.0,3,1180.0,"[[[[0, [9, 10, 14, 13, 12, 11, 7, 28, 6, 5, 4, 3, 2, 41, 42, 35, 34, 32, 33, 17, 22, 39, 40, 21, 20, 19, 18, 16, 15]], [9, []], [10, []], [14, []], [13, []], [12, []], [11, []], [7, []], [28, []], [6, []], [5, []], [4, []], [3, []], [2, []], [41, []], [42, []], [35, []], [34, []], [32, []], [33, []], [17, []], [22, []], [39, []], [40, []], [21, []], [20, []], [19, []], [18, []], [16, []], [15, []]], [[0, [1, 27, 26, 25, 24, 23, 8, 45, 46, 47, 48, 49, 50, 44, 43, 30, 29, 37, 36, 38, 31]], [1, []], [27, []], [26, []], [25, []], [24, []], [23, []], [8, []], [45, []], [46, []], [47, []], [48, []], [49, []], [50, []], [44, []], [43, []], [30, []], [29, []], [37, []], [36, []], [38, []], [31, []]]], []]",,,0.0,0,0,0.0,,,,,results/sol_best_RC101_1.5.dat_A4_L60_pid2770.txt,(not found),RC101_1.5.dat_A4_L60_r3.log
116,test_data/data_demand_random_50_batch_all1_equal_cluster/RC101_1.5.dat,4.0,90.0,2,1108.0,"[[[[0, [8, 23, 6, 5, 4, 3, 2, 41, 42, 38, 37, 36, 35, 34, 32, 31, 33, 17, 22, 39, 40, 21, 20, 19, 18, 16, 15]], [8, []], [23, []], [6, []], [5, []], [4, []], [3, []], [2, []], [41, []], [42, []], [38, []], [37, []], [36, []], [35, []], [34, []], [32, []], [31, []], [33, []], [17, []], [22, []], [39, []], [40, []], [21, []], [20, []], [19, []], [18, []], [16, []], [15, []]], [[0, [1, 7, 28, 27, 26, 25, 24, 9, 10, 11, 14, 12, 13, 45, 46, 47, 48, 49, 50, 44, 43, 30, 29]], [1, []], [7, []], [28, []], [27, []], [26, []], [25, []], [24, []], [9, []], [10, []], [11, []], [14, []], [12, []], [13, []], [45, []], [46, []], [47, []], [48, []], [49, []], [50, []], [44, []], [43, []], [30, []], [29, []]]], []]",,,0.0,0,0,0.0,,,,,results/sol_best_RC101_1.5.dat_A4_L90_pid2749.txt,(not found),RC101_1.5.dat_A4_L90_r2.log
117,test_data/data_demand_random_50_batch_all1_equal_cluster/RC101_1.5.dat,4.0,120.0,3,1180.0,"[[[[0, [8, 13, 12, 11, 24, 23, 7, 28, 6, 5, 4, 3, 2, 41, 42, 35, 34, 32, 33, 17, 22, 39, 40, 21, 20, 19, 18, 16, 15]], [8, []], [13, []], [12, []], [11, []], [24, []], [23, []], [7, []], [28, []], [6, []], [5, []], [4, []], [3, []], [2, []], [41, []], [42, []], [35, []], [34, []], [32, []], [33, []], [17, []], [22, []], [39, []], [40, []], [21, []], [20, []], [19, []], [18, []], [16, []], [15, []]], [[0, [1, 27, 26, 25, 14, 9, 10, 45, 46, 47, 48, 49, 50, 44, 43, 30, 29, 37, 36, 38, 31]], [1, []], [27, []], [26, []], [25, []], [14, []], [9, []], [10, []], [45, []], [46, []], [47, []], [48, []], [49, []], [50, []], [44, []], [43, []], [30, []], [29, []], [37, []], [36, []], [38, []], [31, []]]], []]",,,0.0,0,0,0.0,,,,,results/sol_best_RC101_1.5.dat_A4_L120_pid2746.txt,(not found),RC101_1.5.dat_A4_L120_r3.log
118,test_data/data_demand_random_50_batch_all1_equal_cluster/RC101_1.5.dat,8.0,60.0,1,1108.0,"[[[[0, [8, 23, 6, 5, 4, 3, 2, 41, 42, 38, 37, 36, 35, 34, 32, 31, 33, 17, 22, 39, 40, 21, 20, 19, 18, 16, 15]], [8, []], [23, []], [6, []], [5, []], [4, []], [3, []], [2, []], [41, []], [42, []], [38, []], [37, []], [36, []], [35, []], [34, []], [32, []], [31, []], [33, []], [17, []], [22, []], [39, []], [40, []], [21, []], [20, []], [19, []], [18, []], [16, []], [15, []]], [[0, [1, 7, 28, 27, 26, 24, 25, 14, 9, 10, 11, 12, 13, 45, 46, 47, 48, 49, 50, 44, 43, 30, 29]], [1, []], [7, []], [28, []], [27, []], [26, []], [24, []], [25, []], [14, []], [9, []], [10, []], [11, []], [12, []], [13, []], [45, []], [46, []], [47, []], [48, []], [49, []], [50, []], [44, []], [43, []], [30, []], [29, []]]], []]",,,0.0,0,0,0.0,,,,,results/sol_best_RC101_1.5.dat_A8_L60_pid2748.txt,(not found),RC101_1.5.dat_A8_L60_r1.log
118,test_data/data_demand_random_50_batch_all1_equal_cluster/RC101_1.5.dat,8.0,60.0,2,1104.0,"[[[[0, [24, 23, 6, 5, 4, 3, 2, 41, 42, 38, 37, 36, 35, 34, 32, 31, 33, 17, 22, 39, 40, 21, 20, 19, 18, 16, 15]], [24, []], [23, []], [6, []], [5, []], [4, []], [3, []], [2, []], [41, []], [42, []], [38, []], [37, []], [36, []], [35, []], [34, []], [32, []], [31, []], [33, []], [17, []], [22, []], [39, []], [40, []], [21, []], [20, []], [19, []], [18, []], [16, []], [15, []]], [[0, [1, 7, 28, 27, 26, 25, 14, 13, 12, 11, 10, 9, 8, 45, 46, 47, 48, 49, 50, 44, 43, 30, 29]], [1, []], [7, []], [28, []], [27, []], [26, []], [25, []], [14, []], [13, []], [12, []], [11, []], [10, []], [9, []], [8, []], [45, []], [46, []], [47, []], [48, []], [49, []], [50, []], [44, []], [43, []], [30, []], [29, []]]], []]",,,0.0,0,0,0.0,,,,,results/sol_best_RC101_1.5.dat_A8_L60_pid2750.txt,(not found),RC101_1.5.dat_A8_L60_r2.log
118,test_data/data_demand_random_50_batch_all1_equal_cluster/RC101_1.5.dat,8.0,60.0,3,1180.0,"[[[[0, [23, 9, 14, 13, 12, 11, 10, 7, 28, 6, 5, 4, 3, 2, 41, 42, 35, 34, 32, 33, 17, 22, 39, 40, 21, 20, 19, 18, 16, 15]], [23, []], [9, []], [14, []], [13, []], [12, []], [11, []], [10, []], [7, []], [28, []], [6, []], [5, []], [4, []], [3, []], [2, []], [41, []], [42, []], [35, []], [34, []], [32, []], [33, []], [17, []], [22, []], [39, []], [40, []], [21, []], [20, []], [19, []], [18, []], [16, []], [15, []]], [[0, [1, 27, 26, 25, 24, 8, 45, 46, 47, 48, 49, 50, 44, 43, 30, 29, 37, 36, 38, 31]], [1, []], [27, []], [26, []], [25, []], [24, []], [8, []], [45, []], [46, []], [47, []], [48, []], [49, []], [50, []], [44, []], [43, []], [30, []], [29, []], [37, []], [36, []], [38, []], [31, []]]], []]",,,0.0,0,0,0.0,,,,,results/sol_best_RC101_1.5.dat_A8_L60_pid2751.txt,(not found),RC101_1.5.dat_A8_L60_r3.log
121,test_data/data_demand_random_50_batch_all1_equal_cluster/RC101_1.dat,4.0,60.0,1,1012.0,"[[[[0, [1, 2, 3, 16, 17, 18, 38, 39, 40, 41, 15, 49, 50, 48, 27, 29, 45, 46, 47, 44, 42, 43, 28, 26]], [1, []], [2, []], [3, []], [16, []], [17, []], [18, []], [38, []], [39, []], [40, []], [41, []], [15, []], [49, []], [50, []], [48, []], [27, []], [29, []], [45, []], [46, []], [47, []], [44, []], [42, []], [43, []], [28, []], [26, []]], [[0, [7, 8, 9, 10, 11, 12, 22, 21, 20, 19, 23, 24, 25, 37, 6, 5, 4, 14, 13, 36, 35, 34, 33, 32, 31, 30]], [7, []], [8, []], [9, []], [10, []], [11, []], [12, []], [22, []], [21, []], [20, []], [19, []], [23, []], [24, []], [25, []], [37, []], [6, []], [5, []], [4, []], [14, []], [13, []], [36, []], [35, []], [34, []], [33, []], [32, []], [31, []], [30, []]]], []]",,,0.0,0,0,0.0,,,,,results/sol_best_RC101_1.dat_A4_L60_pid2878.txt,(not found),RC101_1.dat_A4_L60_r1.log
121,test_data/data_demand_random_50_batch_all1_equal_cluster/RC101_1.dat,4.0,60.0,2,1028.0,"[[[[0, [1, 2, 3, 16, 17, 18, 38, 39, 40, 41, 14, 13, 15, 49, 48, 27, 29, 45, 46, 47, 44, 42, 43, 28, 26]], [1, []], [2, []], [3, []], [16, []], [17, []], [18, []], [38, []], [39, []], [40, []], [41, []], [14, []], [13, []], [15, []], [49, []], [48, []], [27, []], [29, []], [45, []], [46, []], [47, []], [44, []], [42, []], [43, []], [28, []], [26, []]], [[0, [7, 12, 11, 10, 9, 8, 22, 21, 23, 24, 25, 37, 5, 4, 6, 20, 19, 50, 36, 35, 34, 33, 32, 31, 30]], [7, []], [12, []], [11, []], [10, []], [9, []], [8, []], [22, []], [21, []], [23, []], [24, []], [25, []], [37, []], [5, []], [4, []], [6, []], [20, []], [19, []], [50, []], [36, []], [35, []], [34, []], [33, []], [32, []], [31, []], [30, []]]], []]",,,0.0,0,0,0.0,,,,,results/sol_best_RC101_1.dat_A4_L60_pid2880.txt,(not found),RC101_1.dat_A4_L60_r2.log
121,test_data/data_demand_random_50_batch_all1_equal_cluster/RC101_1.dat,4.0,60.0,3,1020.0,"[[[[0, [1, 2, 3, 16, 17, 18, 38, 39, 40, 41, 14, 13, 15, 48, 27, 29, 45, 46, 47, 44, 42, 43, 28, 26]], [1, []], [2, []], [3, []], [16, []], [17, []], [18, []], [38, []], [39, []], [40, []], [41, []], [14, []], [13, []], [15, []], [48, []], [27, []], [29, []], [45, []], [46, []], [47, []], [44, []], [42, []], [43, []], [28, []], [26, []]], [[0, [7, 8, 9, 10, 11, 12, 22, 21, 23, 24, 25, 37, 5, 4, 6, 20, 19, 49, 50, 36, 35, 34, 33, 32, 31, 30]], [7, []], [8, []], [9, []], [10, []], [11, []], [12, []], [22, []], [21, []], [23, []], [24, []], [25, []], [37, []], [5, []], [4, []], [6, []], [20, []], [19, []], [49, []], [50, []], [36, []], [35, []], [34, []], [33, []], [32, []], [31, []], [30, []]]], []]",,,0.0,0,0,0.0,,,,,results/sol_best_RC101_1.dat_A4_L60_pid2881.txt,(not found),RC101_1.dat_A4_L60_r3.log
122,test_data/data_demand_random_50_batch_all1_equal_cluster/RC101_1.dat,4.0,90.0,1,1012.0,"[[[[0, [1, 6, 5, 4, 3, 16, 17, 41, 15, 49, 50, 48, 27, 29, 45, 46, 47, 44, 42, 43, 28, 26]], [1, []], [6, []], [5, []], [4, []], [3, []], [16, []], [17, []], [41, []], [15, []], [49, []], [50, []], [48, []], [27, []], [29, []], [45, []], [46, []], [47, []], [44, []], [42, []], [43, []], [28, []], [26, []]], [[0, [7, 9, 8, 10, 11, 12, 22, 21, 20, 19, 23, 24, 25, 2, 18, 14, 13, 36, 35, 34, 33, 32, 31, 30]], [7, []], [9, []], [8, []], [10, []], [11, []], [12, [37, 38, 39, 40]], [22, []], [21, []], [20, []], [19, []], [23, []], [24, []], [25, []], [37, []], [2, []], [38, []], [18, []], [40, []], [39, []], [14, []], [13, []], [36, []], [35, []], [34, []], [33, []], [32, []], [31, []], [30, []]]], [[[12, [37, 38, 39, 40]]]]]",,,88.40814442120138,0,1,4.0,,,,,results/sol_best_RC101_1.dat_A4_L90_pid2789.txt,(not found),RC101_1.dat_A4_L90_r1.log
124,test_data/data_demand_random_50_batch_all1_equal_cluster/RC101_1.dat,8.0,60.0,1,1012.0,"[[[[0, [1, 2, 3, 16, 17, 18, 38, 39, 40, 14, 13, 15, 49, 50, 48, 27, 29, 45, 46, 47, 44, 42, 43, 28, 26]], [1, []], [2, []], [3, []], [16, []], [17, []], [18, []], [38, []], [39, []], [40, []], [14, []], [13, []], [15, []], [49, []], [50, []], [48, []], [27, []], [29, []], [45, []], [46, []], [47, []], [44, []], [42, []], [43, []], [28, []], [26, []]], [[0, [7, 8, 9, 10, 11, 12, 22, 21, 20, 19, 23, 24, 25, 37, 6, 5, 4, 41, 36, 35, 34, 33, 32, 31, 30]], [7, []], [8, []], [9, []], [10, []], [11, []], [12, []], [22, []], [21, []], [20, []], [19, []], [23, []], [24, []], [25, []], [37, []], [6, []], [5, []], [4, []], [41, []], [36, []], [35, []], [34, []], [33, []], [32, []], [31, []], [30, []]]], []]",,,0.0,0,0,0.0,,,,,results/sol_best_RC101_1.dat_A8_L60_pid2678.txt,(not found),RC101_1.dat_A8_L60_r1.log
124,test_data/data_demand_random_50_batch_all1_equal_cluster/RC101_1.dat,8.0,60.0,2,1030.0,"[[[[0, [1, 6, 5, 4, 3, 16, 17, 18, 40, 41, 15, 49, 50, 48, 27, 29, 45, 46, 47, 44, 42, 43, 28, 26]], [1, []], [6, []], [5, []], [4, []], [3, []], [16, []], [17, []], [18, []], [40, []], [41, []], [15, []], [49, []], [50, []], [48, []], [27, []], [29, []], [45, []], [46, []], [47, []], [44, []], [42, []], [43, []], [28, []], [26, []]], [[0, [7, 8, 9, 10, 11, 12, 22, 21, 20, 19, 23, 24, 25, 37, 2, 38, 39, 14, 13, 36, 35, 34, 33, 32, 31, 30]], [7, []], [8, []], [9, []], [10, []], [11, []], [12, []], [22, []], [21, []], [20, []], [19, []], [23, []], [24, []], [25, []], [37, []], [2, []], [38, []], [39, []], [14, []], [13, []], [36, []], [35, []], [34, []], [33, []], [32, []], [31, []], [30, []]]], []]",,,0.0,0,0,0.0,,,,,results/sol_best_RC101_1.dat_A8_L60_pid2680.txt,(not found),RC101_1.dat_A8_L60_r2.log
124,test_data/data_demand_random_50_batch_all1_equal_cluster/RC101_1.dat,8.0,60.0,3,1020.0,"[[[[0, [1, 2, 3, 16, 17, 18, 38, 39, 40, 41, 14, 13, 15, 48, 27, 29, 45, 46, 47, 44, 42, 43, 28, 26]], [1, []], [2, []], [3, []], [16, []], [17, []], [18, []], [38, []], [39, []], [40, []], [41, []], [14, []], [13, []], [15, []], [48, []], [27, []], [29, []], [45, []], [46, []], [47, []], [44, []], [42, []], [43, []], [28, []], [26, []]], [[0, [9, 10, 12, 11, 22, 21, 23, 24, 25, 37, 5, 4, 6, 20, 19, 8, 7, 49, 50, 36, 35, 34, 33, 32, 31, 30]], [9, []], [10, []], [12, []], [11, []], [22, []], [21, []], [23, []], [24, []], [25, []], [37, []], [5, []], [4, []], [6, []], [20, []], [19, []], [8, []], [7, []], [49, []], [50, []], [36, []], [35, []], [34, []], [33, []], [32, []], [31, []], [30, []]]], []]",,,0.0,0,0,0.0,,,,,results/sol_best_RC101_1.dat_A8_L60_pid2681.txt,(not found),RC101_1.dat_A8_L60_r3.log
127,test_data/data_demand_random_50_batch_all1_equal_cluster/RC101_2.5.dat,4.0,60.0,1,1421.0,"[[[[0, [8, 7, 6, 5, 1, 3, 4, 32, 30, 34, 35, 33, 31, 2, 12, 26, 28, 27, 29, 39, 10, 9, 38, 11, 19, 41, 40, 21, 20, 18, 17]], [8, []], [7, []], [6, []], [5, []], [1, []], [3, []], [4, []], [32, []], [30, []], [34, []], [35, []], [33, []], [31, []], [2, []], [12, []], [26, []], [28, []], [27, []], [29, []], [39, []], [10, []], [9, []], [38, []], [11, []], [19, []], [41, []], [40, []], [21, []], [20, []], [18, []], [17, []]], [[0, [13, 14, 15, 16, 36, 37, 22, 23, 24, 25, 50, 49, 48, 47, 46, 45, 44, 43, 42]], [13, []], [14, []], [15, []], [16, []], [36, []], [37, []], [22, []], [23, []], [24, []], [25, []], [50, []], [49, []], [48, []], [47, []], [46, []], [45, []], [44, []], [43, []], [42, []]]], []]",,,0.0,0,0,0.0,,,,,results/sol_best_RC101_2.5.dat_A4_L60_pid2739.txt,(not found),RC101_2.5.dat_A4_L60_r1.log
127,test_data/data_demand_random_50_batch_all1_equal_cluster/RC101_2.5.dat,4.0,60.0,2,1421.0,"[[[[0, [5, 6, 8, 7, 30, 34, 35, 33, 31, 1, 2, 3, 32, 4, 12, 26, 28, 27, 29, 39, 10, 9, 38, 11, 19, 41, 40, 21, 20, 18, 17]], [5, []], [6, []], [8, []], [7, []], [30, []], [34, []], [35, []], [33, []], [31, []], [1, []], [2, []], [3, []], [32, []], [4, []], [12, []], [26, []], [28, []], [27, []], [29, []], [39, []], [10, []], [9, []], [38, []], [11, []], [19, []], [41, []], [40, []], [21, []], [20, []], [18, []], [17, []]], [[0, [13, 14, 15, 16, 36, 37, 22, 23, 24, 25, 50, 49, 48, 47, 46, 45, 44, 43, 42]], [13, []], [14, []], [15, []], [16, []], [36, []], [37, []], [22, []], [23, []], [24, []], [25, []], [50, []], [49, []], [48, []], [47, []], [46, []], [45, []], [44, []], [43, []], [42, []]]], []]",,,0.0,0,0,0.0,,,,,results/sol_best_RC101_2.5.dat_A4_L60_pid2741.txt,(not found),RC101_2.5.dat_A4_L60_r2.log
127,test_data/data_demand_random_50_batch_all1_equal_cluster/RC101_2.5.dat,4.0,60.0,3,1377.0,"[[[[0, [2, 3, 4, 32, 30, 31, 33, 34, 35, 1, 12, 26, 28, 27, 29, 39, 10, 9, 38, 11, 40, 41, 42, 44, 43, 21, 20, 18, 19, 17]], [2, []], [3, []], [4, []], [32, []], [30, []], [31, []], [33, []], [34, []], [35, []], [1, []], [12, []], [26, []], [28, []], [27, []], [29, []], [39, []], [10, []], [9, []], [38, []], [11, []], [40, []], [41, []], [42, []], [44, []], [43, []], [21, []], [20, []], [18, []], [19, []], [17, []]], [[0, [13, 14, 15, 16, 36, 37, 8, 7, 6, 5, 22, 23, 24, 25, 50, 49, 48, 47, 46, 45]], [13, []], [14, []], [15, []], [16, []], [36, []], [37, []], [8, []], [7, []], [6, []], [5, []], [22, []], [23, []], [24, []], [25, []], [50, []], [49, []], [48, []], [47, []], [46, []], [45, []]]], []]",,,0.0,0,0,0.0,,,,,results/sol_best_RC101_2.5.dat_A4_L60_pid2742.txt,(not found),RC101_2.5.dat_A4_L60_r3.log
128,test_data/data_demand_random_50_batch_all1_equal_cluster/RC101_2.5.dat,4.0,90.0,2,1421.0,"[[[[0, [5, 8, 7, 6, 13, 4, 32, 30, 31, 33, 34, 35, 1, 2, 3, 12, 26, 28, 27, 29, 39, 38, 11, 10, 9, 19, 41, 40, 21, 20, 18, 17]], [5, []], [8, []], [7, []], [6, []], [13, []], [4, []], [32, []], [30, []], [31, []], [33, []], [34, []], [35, []], [1, []], [2, []], [3, []], [12, []], [26, []], [28, []], [27, []], [29, []], [39, []], [38, []], [11, []], [10, []], [9, []], [19, []], [41, []], [40, []], [21, []], [20, []], [18, []], [17, []]], [[0, [14, 15, 16, 36, 37, 22, 23, 24, 25, 50, 49, 48, 47, 46, 45, 44, 43, 42]], [14, []], [15, []], [16, []], [36, []], [37, []], [22, []], [23, []], [24, []], [25, []], [50, []], [49, []], [48, []], [47, []], [46, []], [45, []], [44, []], [43, []], [42, []]]], []]",,,0.0,0,0,0.0,,,,,results/sol_best_RC101_2.5.dat_A4_L90_pid2771.txt,(not found),RC101_2.5.dat_A4_L90_r2.log
128,test_data/data_demand_random_50_batch_all1_equal_cluster/RC101_2.5.dat,4.0,90.0,3,1421.0,"[[[[0, [6, 8, 7, 5, 1, 3, 4, 32, 30, 34, 35, 33, 31, 2, 12, 26, 28, 27, 29, 39, 38, 10, 9, 11, 19, 41, 40, 21, 20, 18, 17]], [6, []], [8, []], [7, []], [5, []], [1, []], [3, []], [4, []], [32, []], [30, []], [34, []], [35, []], [33, []], [31, []], [2, []], [12, []], [26, []], [28, []], [27, []], [29, []], [39, []], [38, []], [10, []], [9, []], [11, []], [19, []], [41, []], [40, []], [21, []], [20, []], [18, []], [17, []]], [[0, [13, 14, 15, 16, 36, 37, 22, 23, 24, 25, 50, 49, 48, 47, 46, 45, 44, 43, 42]], [13, []], [14, []], [15, []], [16, []], [36, []], [37, []], [22, []], [23, []], [24, []], [25, []], [50, []], [49, []], [48, []], [47, []], [46, []], [45, []], [44, []], [43, []], [42, []]]], []]",,,0.0,0,0,0.0,,,,,results/sol_best_RC101_2.5.dat_A4_L90_pid2770.txt,(not found),RC101_2.5.dat_A4_L90_r3.log
129,test_data/data_demand_random_50_batch_all1_equal_cluster/RC101_2.5.dat,4.0,120.0,1,1421.0,"[[[[0, [5, 6, 7, 8, 13, 32, 4, 30, 31, 33, 34, 35, 1, 2, 3, 12, 26, 28, 27, 29, 39, 38, 11, 10, 9, 40, 42, 41, 19, 21, 20, 18, 17]], [5, []], [6, []], [7, []], [8, []], [13, []], [32, []], [4, []], [30, []], [31, []], [33, []], [34, []], [35, []], [1, []], [2, []], [3, []], [12, []], [26, []], [28, []], [27, []], [29, []], [39, []], [38, []], [11, []], [10, []], [9, []], [40, []], [42, []], [41, []], [19, []], [21, []], [20, []], [18, []], [17, []]], [[0, [14, 15, 16, 36, 37, 22, 23, 24, 25, 50, 49, 48, 47, 46, 45, 44, 43]], [14, []], [15, []], [16, []], [36, []], [37, []], [22, []], [23, []], [24, []], [25, []], [50, []], [49, []], [48, []], [47, []], [46, []], [45, []], [44, []], [43, []]]], []]",,,0.0,0,0,0.0,,,,,results/sol_best_RC101_2.5.dat_A4_L120_pid2785.txt,(not found),RC101_2.5.dat_A4_L120_r1.log
129,test_data/data_demand_random_50_batch_all1_equal_cluster/RC101_2.5.dat,4.0,120.0,2,1421.0,"[[[[0, [8, 7, 6, 5, 1, 2, 3, 4, 32, 30, 31, 33, 34, 35, 12, 26, 27, 28, 39, 29, 9, 10, 38, 11, 40, 41, 19, 21, 20, 18, 17]], [8, []], [7, []], [6, []], [5, []], [1, []], [2, []], [3, []], [4, []], [32, []], [30, []], [31, []], [33, []], [34, []], [35, []], [12, []], [26, []], [27, []], [28, []], [39, []], [29, []], [9, []], [10, []], [38, []], [11, []], [40, []], [41, []], [19, []], [21, []], [20, []], [18, []], [17, []]], [[0, [13, 14, 15, 16, 36, 37, 22, 23, 24, 25, 50, 49, 48, 47, 46, 45, 44, 43, 42]], [13, []], [14, []], [15, []], [16, []], [36, []], [37, []], [22, []], [23, []], [24, []], [25, []], [50, []], [49, []], [48, []], [47, []], [46, []], [45, []], [44, []], [43, []], [42, []]]], []]",,,0.0,0,0,0.0,,,,,results/sol_best_RC101_2.5.dat_A4_L120_pid2787.txt,(not found),RC101_2.5.dat_A4_L120_r2.log
129,test_data/data_demand_random_50_batch_all1_equal_cluster/RC101_2.5.dat,4.0,120.0,3,1429.0,"[[[[0, [8, 7, 6, 5, 1, 3, 2, 4, 32, 30, 31, 33, 34, 35, 9, 10, 12, 28, 26, 27, 29, 39, 38, 11, 40, 42, 21, 20, 18, 17]], [8, []], [7, []], [6, []], [5, []], [1, []], [3, []], [2, []], [4, []], [32, []], [30, []], [31, []], [33, []], [34, []], [35, []], [9, []], [10, []], [12, []], [28, []], [26, []], [27, []], [29, []], [39, []], [38, []], [11, []], [40, []], [42, []], [21, []], [20, []], [18, []], [17, []]], [[0, [13, 14, 15, 16, 36, 37, 22, 23, 24, 25, 50, 49, 48, 47, 46, 45, 44, 43, 41, 19]], [13, []], [14, []], [15, []], [16, []], [36, []], [37, []], [22, []], [23, []], [24, []], [25, []], [50, []], [49, []], [48, []], [47, []], [46, []], [45, []], [44, []], [43, []], [41, []], [19, []]]], []]",,,0.0,0,0,0.0,,,,,results/sol_best_RC101_2.5.dat_A4_L120_pid2788.txt,(not found),RC101_2.5.dat_A4_L120_r3.log
130,test_data/data_demand_random_50_batch_all1_equal_cluster/RC101_2.5.dat,8.0,60.0,1,1421.0,"[[[[0, [8, 7, 6, 5, 2, 3, 4, 32, 30, 31, 33, 34, 35, 1, 12, 26, 27, 28, 39, 38, 29, 10, 9, 11, 19, 40, 41, 21, 20, 18, 17]], [8, []], [7, []], [6, []], [5, []], [2, []], [3, []], [4, []], [32, []], [30, []], [31, []], [33, []], [34, []], [35, []], [1, []], [12, []], [26, []], [27, []], [28, []], [39, []], [38, []], [29, []], [10, []], [9, []], [11, []], [19, []], [40, []], [41, []], [21, []], [20, []], [18, []], [17, []]], [[0, [13, 14, 15, 16, 36, 37, 22, 23, 24, 25, 50, 49, 48, 47, 46, 45, 44, 43, 42]], [13, []], [14, []], [15, []], [16, []], [36, []], [37, []], [22, []], [23, []], [24, []], [25, []], [50, []], [49, []], [48, []], [47, []], [46, []], [45, []], [44, []], [43, []], [42, []]]], []]",,,0.0,0,0,0.0,,,,,results/sol_best_RC101_2.5.dat_A8_L60_pid2766.txt,(not found),RC101_2.5.dat_A8_L60_r1.log
130,test_data/data_demand_random_50_batch_all1_equal_cluster/RC101_2.5.dat,8.0,60.0,2,1421.0,"[[[[0, [5, 8, 7, 6, 1, 3, 2, 32, 30, 34, 35, 33, 31, 4, 12, 26, 28, 27, 29, 39, 10, 9, 38, 11, 19, 41, 40, 42, 21, 20, 18, 17]], [5, []], [8, []], [7, []], [6, []], [1, []], [3, []], [2, []], [32, []], [30, []], [34, []], [35, []], [33, []], [31, []], [4, []], [12, []], [26, []], [28, []], [27, []], [29, []], [39, []], [10, []], [9, []], [38, []], [11, []], [19, []], [41, []], [40, []], [42, []], [21, []], [20, []], [18, []], [17, []]], [[0, [13, 14, 15, 16, 36, 37, 22, 23, 24, 25, 50, 49, 48, 47, 46, 45, 44, 43]], [13, []], [14, []], [15, []], [16, []], [36, []], [37, []], [22, []], [23, []], [24, []], [25, []], [50, []], [49, []], [48, []], [47, []], [46, []], [45, []], [44, []], [43, []]]], []]",,,0.0,0,0,0.0,,,,,results/sol_best_RC101_2.5.dat_A8_L60_pid2768.txt,(not found),RC101_2.5.dat_A8_L60_r2.log
130,test_data/data_demand_random_50_batch_all1_equal_cluster/RC101_2.5.dat,8.0,60.0,3,1421.0,"[[[[0, [13, 8, 7, 6, 5, 1, 2, 32, 30, 34, 35, 33, 31, 4, 3, 12, 26, 28, 27, 29, 39, 38, 11, 10, 9, 19, 41, 40, 21, 20, 18, 17]], [13, []], [8, []], [7, []], [6, []], [5, []], [1, []], [2, []], [32, []], [30, []], [34, []], [35, []], [33, []], [31, []], [4, []], [3, []], [12, []], [26, []], [28, []], [27, []], [29, []], [39, []], [38, []], [11, []], [10, []], [9, []], [19, []], [41, []], [40, []], [21, []], [20, []], [18, []], [17, []]], [[0, [14, 15, 16, 36, 37, 22, 23, 24, 25, 50, 49, 48, 47, 46, 45, 44, 43, 42]], [14, []], [15, []], [16, []], [36, []], [37, []], [22, []], [23, []], [24, []], [25, []], [50, []], [49, []], [48, []], [47, []], [46, []], [45, []], [44, []], [43, []], [42, []]]], []]",,,0.0,0,0,0.0,,,,,results/sol_best_RC101_2.5.dat_A8_L60_pid2769.txt,(not found),RC101_2.5.dat_A8_L60_r3.log
131,test_data/data_demand_random_50_batch_all1_equal_cluster/RC101_2.5.dat,8.0,90.0,3,1441.0,"[[[[0, [8, 7, 6, 5, 2, 13, 4, 9, 3, 1, 12, 11, 10]], [8, []], [7, []], [6, [19, 21, 20, 18, 17]], [5, []], [2, []], [13, [29, 28, 27, 26]], [4, [32, 33, 31, 30]], [29, [39, 38, 42, 34, 35]], [28, []], [27, []], [9, []], [26, []], [3, []], [32, []], [33, []], [31, []], [30, []], [34, []], [35, []], [1, []], [12, []], [39, []], [38, []], [11, []], [10, []], [42, []], [19, []], [21, []], [20, []], [18, []], [17, []]], [[0, [14, 15, 16, 36, 37, 22, 23, 24, 25, 50, 49, 48, 47, 46, 45, 44, 43, 41, 40]], [14, []], [15, []], [16, []], [36, []], [37, []], [22, []], [23, []], [24, []], [25, []], [50, []], [49, []], [48, []], [47, []], [46, []], [45, []], [44, []], [43, []], [41, []], [40, []]]], [[[6, [19, 21, 20, 18, 17]]], [[13, [29, 28, 27, 26]]], [[4, [32, 33, 31, 30]]], [[29, [39, 38, 42, 34, 35]]]]]",,,73.97077310272351,0,4,4.5,,,,,results/sol_best_RC101_2.5.dat_A8_L90_pid2752.txt,(not found),RC101_2.5.dat_A8_L90_r3.log
132,test_data/data_demand_random_50_batch_all1_equal_cluster/RC101_2.5.dat,8.0,120.0,2,1441.0,"[[[[0, [8, 7, 6, 5, 2, 4, 9, 3, 1, 12, 11, 10]], [8, [13]], [7, []], [6, [19, 21, 20, 18, 17]], [5, []], [2, []], [13, [29, 28, 27, 26]], [4, [32, 33, 31, 30]], [9, []], [28, []], [27, []], [29, [39, 38, 42, 34, 35]], [26, []], [3, []], [32, []], [33, []], [31, []], [30, []], [34, []], [35, []], [1, []], [12, []], [39, []], [38, []], [11, []], [10, []], [42, []], [19, []], [21, []], [20, []], [18, []], [17, []]], [[0, [14, 15, 16, 36, 37, 22, 23, 24, 25, 50, 49, 48, 47, 46, 45, 44, 43, 41, 40]], [14, []], [15, []], [16, []], [36, []], [37, []], [22, []], [23, []], [24, []], [25, []], [50, []], [49, []], [48, []], [47, []], [46, []], [45, []], [44, []], [43, []], [41, []], [40, []]]], [[[8, [13]]], [[6, [19, 21, 20, 18, 17]]], [[13, [29, 28, 27, 26]]], [[4, [32, 33, 31, 30]]], [[29, [39, 38, 42, 34, 35]]]]]",,,75.41977088557637,0,5,3.8,,,,,results/sol_best_RC101_2.5.dat_A8_L120_pid2748.txt,(not found),RC101_2.5.dat_A8_L120_r2.log
133,test_data/data_demand_random_50_batch_all1_equal_cluster/RC101_2.dat,4.0,60.0,1,1345.0,"[[[[0, [1, 2, 3, 16, 17, 20, 15, 47, 46, 45, 30, 29, 48, 49, 50, 39, 38, 37, 36, 35, 34, 33]], [1, []], [2, []], [3, []], [16, []], [17, []], [20, []], [15, []], [47, []], [46, []], [45, []], [30, []], [29, []], [48, []], [49, []], [50, []], [39, []], [38, []], [37, []], [36, []], [35, []], [34, []], [33, []]], [[0, [5, 4, 6, 40, 41, 42, 25, 12, 11, 10, 9, 8, 24, 23, 22, 21, 7, 32, 31, 27, 26, 28, 13, 14, 18, 43, 44, 19]], [5, []], [4, []], [6, []], [40, []], [41, []], [42, []], [25, []], [12, []], [11, []], [10, []], [9, []], [8, []], [24, []], [23, []], [22, []], [21, []], [7, []], [32, []], [31, []], [27, []], [26, []], [28, []], [13, []], [14, []], [18, []], [43, []], [44, []], [19, []]]], []]",,,0.0,0,0,0.0,,,,,results/sol_best_RC101_2.dat_A4_L60_pid2750.txt,(not found),RC101_2.dat_A4_L60_r1.log
133,test_data/data_demand_random_50_batch_all1_equal_cluster/RC101_2.dat,4.0,60.0,2,1365.0,"[[[[0, [1, 6, 5, 4, 3, 16, 17, 20, 15, 47, 46, 45, 31, 30, 29, 27, 48, 49, 50, 39, 38, 37, 36, 35, 34, 33]], [1, []], [6, []], [5, []], [4, []], [3, []], [16, []], [17, []], [20, []], [15, []], [47, []], [46, []], [45, []], [31, []], [30, []], [29, []], [27, []], [48, []], [49, []], [50, []], [39, []], [38, []], [37, []], [36, []], [35, []], [34, []], [33, []]], [[0, [25, 42, 41, 40, 2, 19, 18, 43, 44, 14, 13, 28, 26, 32, 7, 12, 11, 10, 9, 8, 24, 23, 22, 21]], [25, []], [42, []], [41, []], [40, []], [2, []], [19, []], [18, []], [43, []], [44, []], [14, []], [13, []], [28, []], [26, []], [32, []], [7, []], [12, []], [11, []], [10, []], [9, []], [8, []], [24, []], [23, []], [22, []], [21, []]]], []]",,,0.0,0,0,0.0,,,,,results/sol_best_RC101_2.dat_A4_L60_pid2752.txt,(not found),RC101_2.dat_A4_L60_r2.log
133,test_data/data_demand_random_50_batch_all1_equal_cluster/RC101_2.dat,4.0,60.0,3,1341.0,"[[[[0, [1, 6, 5, 4, 3, 13, 15, 47, 46, 45, 32, 31, 30, 29, 27, 28, 26, 48, 49, 50, 35, 34]], [1, []], [6, []], [5, []], [4, []], [3, []], [13, []], [15, []], [47, []], [46, []], [45, []], [32, []], [31, []], [30, []], [29, []], [27, []], [28, []], [26, []], [48, []], [49, []], [50, []], [35, []], [34, []]], [[0, [19, 18, 17, 20, 43, 44, 14, 16, 2, 40, 41, 42, 25, 23, 24, 12, 11, 10, 9, 8, 21, 22, 7, 37, 38, 39, 36, 33]], [19, []], [18, []], [17, []], [20, []], [43, []], [44, []], [14, []], [16, []], [2, []], [40, []], [41, []], [42, []], [25, []], [23, []], [24, []], [12, []], [11, []], [10, []], [9, []], [8, []], [21, []], [22, []], [7, []], [37, []], [38, []], [39, []], [36, []], [33, []]]], []]",,,0.0,0,0,0.0,,,,,results/sol_best_RC101_2.dat_A4_L60_pid2753.txt,(not found),RC101_2.dat_A4_L60_r3.log
136,test_data/data_demand_random_50_batch_all1_equal_cluster/RC101_2.dat,8.0,60.0,1,1325.0,"[[[[0, [1, 6, 5, 4, 3, 47, 46, 45, 31, 30, 29, 27, 48, 49, 50, 39, 38, 37, 36, 35, 34, 33]], [1, []], [6, []], [5, []], [4, []], [3, []], [47, []], [46, []], [45, []], [31, []], [30, []], [29, []], [27, []], [48, []], [49, []], [50, []], [39, []], [38, []], [37, []], [36, []], [35, []], [34, []], [33, []]], [[0, [13, 15, 20, 17, 18, 19, 44, 43, 14, 16, 2, 40, 41, 42, 25, 12, 11, 10, 24, 23, 22, 21, 8, 9, 7, 32, 26, 28]], [13, []], [15, []], [20, []], [17, []], [18, []], [19, []], [44, []], [43, []], [14, []], [16, []], [2, []], [40, []], [41, []], [42, []], [25, []], [12, []], [11, []], [10, []], [24, []], [23, []], [22, []], [21, []], [8, []], [9, []], [7, []], [32, []], [26, []], [28, []]]], []]",,,0.0,0,0,0.0,,,,,results/sol_best_RC101_2.dat_A8_L60_pid2745.txt,(not found),RC101_2.dat_A8_L60_r1.log
136,test_data/data_demand_random_50_batch_all1_equal_cluster/RC101_2.dat,8.0,60.0,2,1341.0,"[[[[0, [1, 6, 5, 4, 3, 15, 47, 46, 45, 32, 31, 30, 29, 27, 28, 26, 48, 49, 50, 34]], [1, []], [6, []], [5, []], [4, []], [3, []], [15, []], [47, []], [46, []], [45, []], [32, []], [31, []], [30, []], [29, []], [27, []], [28, []], [26, []], [48, []], [49, []], [50, []], [34, []]], [[0, [16, 19, 18, 17, 20, 43, 44, 14, 13, 2, 40, 41, 42, 25, 23, 22, 21, 9, 10, 11, 12, 24, 8, 7, 39, 38, 37, 36, 35, 33]], [16, []], [19, []], [18, []], [17, []], [20, []], [43, []], [44, []], [14, []], [13, []], [2, []], [40, []], [41, []], [42, []], [25, []], [23, []], [22, []], [21, []], [9, []], [10, []], [11, []], [12, []], [24, []], [8, []], [7, []], [39, []], [38, []], [37, []], [36, []], [35, []], [33, []]]], []]",,,0.0,0,0,0.0,,,,,results/sol_best_RC101_2.dat_A8_L60_pid2747.txt,(not found),RC101_2.dat_A8_L60_r2.log
136,test_data/data_demand_random_50_batch_all1_equal_cluster/RC101_2.dat,8.0,60.0,3,1228.0,"[[[[0, [26, 28, 47, 46, 45, 32, 31, 30, 29, 27, 48, 49, 50, 39, 38, 37, 36, 35, 34, 33]], [26, []], [28, []], [47, []], [46, []], [45, []], [32, []], [31, []], [30, []], [29, []], [27, []], [48, []], [49, []], [50, []], [39, []], [38, []], [37, []], [36, []], [35, []], [34, []], [33, []]], [[0, [25, 42, 41, 40, 6, 5, 4, 3, 16, 17, 19, 18, 43, 44, 20, 15, 14, 13, 2, 1, 21, 22, 23, 24, 12, 11, 10, 9, 8, 7]], [25, []], [42, []], [41, []], [40, []], [6, []], [5, []], [4, []], [3, []], [16, []], [17, []], [19, []], [18, []], [43, []], [44, []], [20, []], [15, []], [14, []], [13, []], [2, []], [1, []], [21, []], [22, []], [23, []], [24, []], [12, []], [11, []], [10, []], [9, []], [8, []], [7, []]]], []]",,,0.0,0,0,0.0,,,,,results/sol_best_RC101_2.dat_A8_L60_pid2748.txt,(not found),RC101_2.dat_A8_L60_r3.log
137,test_data/data_demand_random_50_batch_all1_equal_cluster/RC101_2.dat,8.0,90.0,2,1365.0,"[[[[0, [1, 6, 5, 4, 3, 16, 17, 18, 19, 44, 43, 20, 47, 46, 45, 32, 31, 30, 29, 27, 48, 49, 50, 34]], [1, []], [6, []], [5, []], [4, []], [3, []], [16, []], [17, []], [18, []], [19, []], [44, []], [43, []], [20, []], [47, []], [46, []], [45, []], [32, []], [31, []], [30, []], [29, []], [27, []], [48, []], [49, []], [50, []], [34, []]], [[0, [25, 2, 13, 14, 15, 28, 26, 39, 38, 37, 36, 35, 33, 12, 11, 10, 9, 8, 7, 24, 23, 22, 21]], [25, []], [42, [42, 41, 40]], [41, []], [40, []], [2, []], [13, []], [14, []], [15, []], [28, []], [26, []], [39, []], [38, []], [37, []], [36, []], [35, []], [33, []], [12, []], [11, []], [10, []], [9, []], [8, []], [7, []], [24, []], [23, []], [22, []], [21, []]]], [[[42, [42, 41, 40]]]]]",,,78.71467461661771,0,1,3.0,,,,,results/sol_best_RC101_2.dat_A8_L90_pid2745.txt,(not found),RC101_2.dat_A8_L90_r2.log
138,test_data/data_demand_random_50_batch_all1_equal_cluster/RC101_2.dat,8.0,120.0,2,1365.0,"[[[[0, [1, 6, 5, 4, 3, 16, 17, 18, 19, 44, 43, 20, 47, 46, 45, 32, 31, 30, 29, 27, 48, 49, 50, 35, 34]], [1, []], [6, []], [5, []], [4, []], [3, []], [16, []], [17, []], [18, []], [19, []], [44, []], [43, []], [20, []], [47, []], [46, []], [45, []], [32, []], [31, []], [30, []], [29, []], [27, []], [48, []], [49, []], [50, []], [35, []], [34, []]], [[0, [25, 2, 13, 14, 15, 28, 26, 38, 39, 36, 37, 33, 12, 11, 10, 9, 8, 24, 23, 22, 21, 7]], [25, []], [42, [42, 41, 40]], [41, []], [40, []], [2, []], [13, []], [14, []], [15, []], [28, []], [26, []], [38, []], [39, []], [36, []], [37, []], [33, []], [12, []], [11, []], [10, []], [9, []], [8, []], [24, []], [23, []], [22, []], [21, []], [7, []]]], [[[42, [42, 41, 40]]]]]",,,78.71467461661771,0,1,3.0,,,,,results/sol_best_RC101_2.dat_A8_L120_pid2767.txt,(not found),RC101_2.dat_A8_L120_r2.log
139,test_data/data_demand_random_50_batch_all1_equal_cluster/RC101_3.dat,4.0,60.0,1,1617.0,"[[[[0, [10, 9, 8, 7, 6, 1, 2, 35, 34, 33, 32, 31, 5, 4, 3, 14, 27, 29, 28, 30, 37, 12, 11, 38, 13, 21, 39, 41, 22, 20, 19]], [10, []], [9, []], [8, []], [7, []], [6, []], [1, []], [2, []], [35, []], [34, []], [33, []], [32, []], [31, []], [5, []], [4, []], [3, []], [14, []], [27, []], [29, []], [28, []], [30, []], [37, []], [12, []], [11, []], [38, []], [13, []], [21, []], [39, []], [41, []], [22, []], [20, []], [19, []]], [[0, [15, 16, 17, 18, 36, 23, 24, 25, 26, 50, 49, 48, 47, 46, 45, 40, 42, 44, 43]], [15, []], [16, []], [17, []], [18, []], [36, []], [23, []], [24, []], [25, []], [26, []], [50, []], [49, []], [48, []], [47, []], [46, []], [45, []], [40, []], [42, []], [44, []], [43, []]]], []]",,,0.0,0,0,0.0,,,,,results/sol_best_RC101_3.dat_A4_L60_pid2801.txt,(not found),RC101_3.dat_A4_L60_r1.log
139,test_data/data_demand_random_50_batch_all1_equal_cluster/RC101_3.dat,4.0,60.0,2,1625.0,"[[[[0, [36, 8, 7, 6, 2, 5, 4, 3, 14, 27, 28, 29, 37, 30, 12, 11, 1, 35, 34, 33, 32, 31, 13, 38, 21, 22, 20, 19]], [36, []], [8, []], [7, []], [6, []], [2, []], [5, []], [4, []], [3, []], [14, []], [27, []], [28, []], [29, []], [37, []], [30, []], [12, []], [11, []], [1, []], [35, []], [34, []], [33, []], [32, []], [31, []], [13, []], [38, []], [21, []], [22, []], [20, []], [19, []]], [[0, [15, 16, 17, 18, 10, 9, 23, 24, 25, 26, 50, 49, 48, 47, 46, 45, 39, 41, 40, 42, 44, 43]], [15, []], [16, []], [17, []], [18, []], [10, []], [9, []], [23, []], [24, []], [25, []], [26, []], [50, []], [49, []], [48, []], [47, []], [46, []], [45, []], [39, []], [41, []], [40, []], [42, []], [44, []], [43, []]]], []]",,,0.0,0,0,0.0,,,,,results/sol_best_RC101_3.dat_A4_L60_pid2803.txt,(not found),RC101_3.dat_A4_L60_r2.log
139,test_data/data_demand_random_50_batch_all1_equal_cluster/RC101_3.dat,4.0,60.0,3,1625.0,"[[[[0, [2, 5, 4, 30, 37, 29, 28, 27, 38, 13, 11, 12, 14, 3, 1, 35, 34, 33, 32, 31, 36, 8, 7, 6, 21, 20, 19]], [2, []], [5, []], [4, []], [30, []], [37, []], [29, []], [28, []], [27, []], [38, []], [13, []], [11, []], [12, []], [14, []], [3, []], [1, []], [35, []], [34, []], [33, []], [32, []], [31, []], [36, []], [8, []], [7, []], [6, []], [21, []], [20, []], [19, []]], [[0, [15, 16, 17, 18, 10, 9, 23, 24, 25, 26, 50, 49, 48, 47, 46, 45, 41, 40, 42, 44, 43, 39, 22]], [15, []], [16, []], [17, []], [18, []], [10, []], [9, []], [23, []], [24, []], [25, []], [26, []], [50, []], [49, []], [48, []], [47, []], [46, []], [45, []], [41, []], [40, []], [42, []], [44, []], [43, []], [39, []], [22, []]]], []]",,,0.0,0,0,0.0,,,,,results/sol_best_RC101_3.dat_A4_L60_pid2804.txt,(not found),RC101_3.dat_A4_L60_r3.log
140,test_data/data_demand_random_50_batch_all1_equal_cluster/RC101_3.dat,4.0,90.0,1,1617.0,"[[[[0, [10, 9, 8, 7, 6, 2, 15, 5, 4, 3, 14, 12, 11, 1, 13, 21, 22, 20, 19]], [10, []], [9, []], [8, []], [7, []], [6, []], [2, [30, 29, 28, 27]], [15, [34, 33, 32, 31]], [5, [35, 37, 38]], [4, []], [3, []], [14, []], [30, []], [29, []], [28, []], [27, []], [37, []], [12, []], [11, []], [1, []], [35, []], [34, []], [33, []], [32, []], [31, []], [13, []], [38, []], [21, []], [39, [39]], [22, []], [20, []], [19, []]], [[0, [16, 17, 18, 36, 23, 24, 25, 26, 50, 49, 48, 47, 46, 45, 41, 40, 42, 44, 43]], [16, []], [17, []], [18, []], [36, []], [23, []], [24, []], [25, []], [26, []], [50, []], [49, []], [48, []], [47, []], [46, []], [45, []], [41, []], [40, []], [42, []], [44, []], [43, []]]], [[[2, [30, 29, 28, 27]]], [[15, [34, 33, 32, 31]]], [[5, [35, 37, 38]]], [[39, [39]]]]]",,,72.0473952688342,0,4,3.0,,,,,results/sol_best_RC101_3.dat_A4_L90_pid2647.txt,(not found),RC101_3.dat_A4_L90_r1.log
140,test_data/data_demand_random_50_batch_all1_equal_cluster/RC101_3.dat,4.0,90.0,2,1617.0,"[[[[0, [8, 7, 6, 1, 5, 4, 3, 2, 30, 29, 28, 27, 12, 11, 14, 13, 21, 22, 20, 19]], [8, []], [7, []], [6, [34, 33, 32, 31]], [36, [36]], [1, []], [5, [35, 37, 38, 39]], [4, []], [3, []], [2, []], [30, []], [29, []], [28, []], [27, []], [37, []], [12, []], [11, []], [14, []], [35, []], [34, []], [33, []], [32, []], [31, []], [13, []], [38, []], [21, []], [39, []], [22, []], [20, []], [19, []]], [[0, [15, 16, 17, 18, 10, 9, 23, 24, 25, 26, 50, 49, 48, 47, 46, 45, 41, 40, 42, 44, 43]], [15, []], [16, []], [17, []], [18, []], [10, []], [9, []], [23, []], [24, []], [25, []], [26, []], [50, []], [49, []], [48, []], [47, []], [46, []], [45, []], [41, []], [40, []], [42, []], [44, []], [43, []]]], [[[6, [34, 33, 32, 31]]], [[36, [36]]], [[5, [35, 37, 38, 39]]]]]",,,74.80804419171731,0,3,3.0,,,,,results/sol_best_RC101_3.dat_A4_L90_pid2649.txt,(not found),RC101_3.dat_A4_L90_r2.log
141,test_data/data_demand_random_50_batch_all1_equal_cluster/RC101_3.dat,4.0,120.0,1,1617.0,"[[[[0, [10, 9, 8, 7, 6, 2, 15, 5, 4, 3, 14, 12, 11, 1, 13, 21, 22, 20, 19]], [10, []], [9, []], [8, []], [7, []], [6, []], [2, [30, 29, 28, 27]], [15, [34, 33, 32, 31]], [5, [35, 37, 38]], [4, []], [3, []], [14, []], [30, []], [29, []], [28, []], [27, []], [37, []], [12, []], [11, []], [1, []], [35, []], [34, []], [33, []], [32, []], [31, []], [13, []], [38, []], [21, []], [39, [39]], [22, []], [20, []], [19, []]], [[0, [16, 17, 18, 36, 23, 24, 25, 26, 50, 49, 48, 47, 46, 45, 41, 40, 42, 44, 43]], [16, []], [17, []], [18, []], [36, []], [23, []], [24, []], [25, []], [26, []], [50, []], [49, []], [48, []], [47, []], [46, []], [45, []], [41, []], [40, []], [42, []], [44, []], [43, []]]], [[[2, [30, 29, 28, 27]]], [[15, [34, 33, 32, 31]]], [[5, [35, 37, 38]]], [[39, [39]]]]]",,,72.0473952688342,0,4,3.0,,,,,results/sol_best_RC101_3.dat_A4_L120_pid2800.txt,(not found),RC101_3.dat_A4_L120_r1.log
141,test_data/data_demand_random_50_batch_all1_equal_cluster/RC101_3.dat,4.0,120.0,3,1617.0,"[[[[0, [8, 7, 6, 2, 5, 4, 3, 30, 29, 28, 27, 13, 12, 11, 14, 1, 21, 22, 20, 19]], [8, []], [7, []], [6, [34, 33, 32, 31]], [36, [36]], [2, [38, 35, 37]], [5, []], [4, []], [3, []], [37, []], [30, []], [29, []], [28, []], [27, []], [38, []], [13, []], [12, []], [11, []], [14, []], [35, []], [34, []], [33, []], [32, []], [31, []], [1, [42, 39]], [21, []], [42, []], [39, []], [22, []], [20, []], [19, []]], [[0, [15, 16, 17, 18, 10, 9, 23, 24, 25, 26, 50, 49, 48, 47, 46, 45, 41, 40, 44, 43]], [15, []], [16, []], [17, []], [18, []], [10, []], [9, []], [23, []], [24, []], [25, []], [26, []], [50, []], [49, []], [48, []], [47, []], [46, []], [45, []], [41, []], [40, []], [44, []], [43, []]]], [[[6, [34, 33, 32, 31]]], [[36, [36]]], [[2, [38, 35, 37]]], [[1, [42, 39]]]]]",,,69.55870551214579,0,4,2.5,,,,,results/sol_best_RC101_3.dat_A4_L120_pid2803.txt,(not found),RC101_3.dat_A4_L120_r3.log
142,test_data/data_demand_random_50_batch_all1_equal_cluster/RC101_3.dat,8.0,60.0,1,1645.0,"[[[[0, [6, 1, 2, 3, 29, 28, 27, 14, 35, 34, 33, 32, 31, 5, 4, 12, 11, 30, 37, 38, 13, 39, 22, 20, 19]], [6, []], [1, []], [2, []], [3, []], [29, []], [28, []], [27, []], [14, []], [35, []], [34, []], [33, []], [32, []], [31, []], [5, []], [4, []], [12, []], [11, []], [30, []], [37, []], [38, []], [13, []], [39, []], [22, []], [20, []], [19, []]], [[0, [15, 16, 17, 18, 36, 10, 9, 8, 7, 23, 24, 25, 26, 50, 49, 48, 47, 46, 45, 41, 40, 42, 44, 43, 21]], [15, []], [16, []], [17, []], [18, []], [36, []], [10, []], [9, []], [8, []], [7, []], [23, []], [24, []], [25, []], [26, []], [50, []], [49, []], [48, []], [47, []], [46, []], [45, []], [41, []], [40, []], [42, []], [44, []], [43, []], [21, []]]], []]",,,0.0,0,0,0.0,,,,,results/sol_best_RC101_3.dat_A8_L60_pid2803.txt,(not found),RC101_3.dat_A8_L60_r1.log
142,test_data/data_demand_random_50_batch_all1_equal_cluster/RC101_3.dat,8.0,60.0,2,1637.0,"[[[[0, [6, 1, 3, 29, 28, 27, 14, 4, 5, 35, 34, 33, 32, 31, 2, 11, 12, 30, 37, 38, 13, 21, 39, 22, 20, 19]], [6, []], [1, []], [3, []], [29, []], [28, []], [27, []], [14, []], [4, []], [5, []], [35, []], [34, []], [33, []], [32, []], [31, []], [2, []], [11, []], [12, []], [30, []], [37, []], [38, []], [13, []], [21, []], [39, []], [22, []], [20, []], [19, []]], [[0, [15, 16, 17, 18, 7, 8, 9, 10, 36, 23, 24, 25, 26, 50, 49, 48, 47, 46, 45, 41, 40, 42, 44, 43]], [15, []], [16, []], [17, []], [18, []], [7, []], [8, []], [9, []], [10, []], [36, []], [23, []], [24, []], [25, []], [26, []], [50, []], [49, []], [48, []], [47, []], [46, []], [45, []], [41, []], [40, []], [42, []], [44, []], [43, []]]], []]",,,0.0,0,0,0.0,,,,,results/sol_best_RC101_3.dat_A8_L60_pid2805.txt,(not found),RC101_3.dat_A8_L60_r2.log
142,test_data/data_demand_random_50_batch_all1_equal_cluster/RC101_3.dat,8.0,60.0,3,1637.0,"[[[[0, [6, 2, 3, 14, 27, 29, 28, 37, 30, 12, 11, 1, 35, 34, 33, 32, 31, 5, 4, 38, 13, 21, 39, 22, 20, 19]], [6, []], [2, []], [3, []], [14, []], [27, []], [29, []], [28, []], [37, []], [30, []], [12, []], [11, []], [1, []], [35, []], [34, []], [33, []], [32, []], [31, []], [5, []], [4, []], [38, []], [13, []], [21, []], [39, []], [22, []], [20, []], [19, []]], [[0, [15, 16, 17, 18, 7, 8, 9, 10, 36, 23, 24, 25, 26, 50, 49, 48, 47, 46, 45, 41, 40, 42, 44, 43]], [15, []], [16, []], [17, []], [18, []], [7, []], [8, []], [9, []], [10, []], [36, []], [23, []], [24, []], [25, []], [26, []], [50, []], [49, []], [48, []], [47, []], [46, []], [45, []], [41, []], [40, []], [42, []], [44, []], [43, []]]], []]",,,0.0,0,0,0.0,,,,,results/sol_best_RC101_3.dat_A8_L60_pid2806.txt,(not found),RC101_3.dat_A8_L60_r3.log
1,test_data/data_demand_random_50_batch_all1_equal_random/C101_0.5.dat,4.0,60.0,3,421.0,"[[[[0, [25, 15, 29, 5, 28, 23, 27, 17, 39, 36, 20, 6, 30, 19, 16, 4, 31, 22, 26, 13, 32, 33, 38]], [25, []], [15, []], [29, []], [5, [46, 47, 41]], [28, []], [23, []], [27, []], [17, []], [39, []], [46, []], [36, []], [20, []], [6, []], [30, []], [19, []], [16, []], [4, []], [41, []], [31, []], [22, []], [26, []], [13, []], [32, []], [33, []], [47, []], [38, []]], [[0, [14, 3, 10, 24, 35, 34, 45, 8, 11, 21, 43, 7, 40, 42, 9, 44, 18, 1, 2, 37, 12]], [14, [48, 50, 49]], [3, []], [10, []], [24, []], [35, []], [34, []], [45, []], [48, []], [8, []], [11, []], [21, []], [50, []], [43, []], [7, []], [49, []], [40, []], [42, []], [9, []], [44, []], [18, []], [1, []], [2, []], [37, []], [12, []]]], [[[5, [46, 47, 41]]], [[14, [48, 50, 49]]]]]",,,34.66371563352168,0,2,3.0,,,,,results/sol_best_C101_0.5.dat_A4_L60_pid2747.txt,(not found),C101_0.5.dat_A4_L60_r3.log
37,test_data/data_demand_random_50_batch_all1_equal_random/C201_0.5.dat,4.0,60.0,2,612.0,"[[[[0, [13, 19, 7, 6, 15, 3, 25, 39, 27, 30, 5, 26, 28, 17, 10, 12, 41, 36, 1, 42, 22, 32, 14, 38, 20]], [13, []], [19, []], [7, []], [6, [47, 49, 43]], [15, []], [3, []], [25, []], [47, []], [39, []], [27, []], [30, []], [5, []], [43, []], [26, []], [28, []], [17, []], [10, []], [12, []], [41, []], [49, []], [36, []], [1, []], [42, []], [22, []], [32, []], [14, []], [38, []], [20, []]], [[0, [46, 24, 44, 4, 23, 37, 21, 40, 33, 16, 8, 2, 35, 34, 29, 45, 18, 9, 11, 31]], [46, [48, 50]], [24, []], [44, []], [4, []], [23, []], [48, []], [37, []], [21, []], [40, []], [50, []], [33, []], [16, []], [8, []], [2, []], [35, []], [34, []], [29, []], [45, []], [18, []], [9, []], [11, []], [31, []]]], [[[6, [47, 49, 43]]], [[46, [48, 50]]]]]",,,36.48024987863389,0,2,2.5,,,,,results/sol_best_C201_0.5.dat_A4_L60_pid2778.txt,(not found),C201_0.5.dat_A4_L60_r2.log
39,test_data/data_demand_random_50_batch_all1_equal_random/C201_0.5.dat,4.0,120.0,2,612.0,"[[[[0, [13, 19, 7, 6, 15, 3, 25, 39, 27, 30, 5, 26, 28, 17, 10, 12, 41, 36, 1, 42, 22, 32, 14, 38, 20]], [13, [47, 49, 43]], [19, []], [7, []], [6, []], [15, []], [3, []], [25, []], [47, []], [39, []], [27, []], [30, []], [5, []], [43, []], [26, []], [28, []], [17, []], [10, []], [12, []], [41, []], [49, []], [36, []], [1, []], [42, []], [22, []], [32, []], [14, []], [38, []], [20, []]], [[0, [46, 24, 44, 4, 23, 37, 21, 40, 33, 16, 8, 2, 35, 34, 29, 45, 18, 9, 11, 31]], [46, [48, 50]], [24, []], [44, []], [4, []], [23, []], [48, []], [37, []], [21, []], [40, []], [50, []], [33, []], [16, []], [8, []], [2, []], [35, []], [34, []], [29, []], [45, []], [18, []], [9, []], [11, []], [31, []]]], [[[13, [47, 49, 43]]], [[46, [48, 50]]]]]",,,41.818679006789054,0,2,2.5,,,,,results/sol_best_C201_0.5.dat_A4_L120_pid2688.txt,(not found),C201_0.5.dat_A4_L120_r2.log
109,test_data/data_demand_random_50_batch_all1_equal_random/RC101_0.5.dat,4.0,60.0,1,776.0,"[[[[0, [30, 48, 13, 26, 29, 19, 18, 46, 36, 45, 7, 39, 42, 17, 5, 33, 47, 14, 16, 44, 35, 1, 22]], [30, []], [48, []], [13, []], [26, []], [29, []], [19, []], [18, []], [46, []], [36, []], [45, []], [7, []], [39, []], [42, []], [17, []], [5, []], [33, []], [47, []], [14, []], [16, []], [44, []], [35, []], [1, []], [22, []]], [[0, [34, 38, 10, 12, 21, 28, 25, 20, 27, 41, 11, 49, 32, 8, 31, 6, 4, 15, 43, 37, 23, 50, 40, 9, 24, 3, 2]], [34, []], [38, []], [10, []], [12, []], [21, []], [28, []], [25, []], [20, []], [27, []], [41, []], [11, []], [49, []], [32, []], [8, []], [31, []], [6, []], [4, []], [15, []], [43, []], [37, []], [23, []], [50, []], [40, []], [9, []], [24, []], [3, []], [2, []]]], []]",,,0.0,0,0,0.0,,,,,results/sol_best_RC101_0.5.dat_A4_L60_pid2765.txt,(not found),RC101_0.5.dat_A4_L60_r1.log
109,test_data/data_demand_random_50_batch_all1_equal_random/RC101_0.5.dat,4.0,60.0,2,776.0,"[[[[0, [48, 13, 26, 29, 19, 18, 46, 36, 45, 7, 39, 42, 17, 5, 33, 47, 14, 16, 44, 35, 1, 22]], [48, []], [13, []], [26, []], [29, []], [19, []], [18, []], [46, []], [36, []], [45, []], [7, []], [39, []], [42, []], [17, []], [5, []], [33, []], [47, []], [14, []], [16, []], [44, []], [35, []], [1, []], [22, []]], [[0, [30, 38, 10, 12, 34, 21, 28, 25, 20, 27, 41, 11, 49, 32, 8, 31, 6, 4, 15, 43, 37, 23, 50, 40, 9, 24, 3, 2]], [30, []], [38, []], [10, []], [12, []], [34, []], [21, []], [28, []], [25, []], [20, []], [27, []], [41, []], [11, []], [49, []], [32, []], [8, []], [31, []], [6, []], [4, []], [15, []], [43, []], [37, []], [23, []], [50, []], [40, []], [9, []], [24, []], [3, []], [2, []]]], []]",,,0.0,0,0,0.0,,,,,results/sol_best_RC101_0.5.dat_A4_L60_pid2767.txt,(not found),RC101_0.5.dat_A4_L60_r2.log
109,test_data/data_demand_random_50_batch_all1_equal_random/RC101_0.5.dat,4.0,60.0,3,776.0,"[[[[0, [48, 13, 26, 29, 19, 18, 46, 36, 45, 7, 39, 42, 17, 5, 33, 47, 14, 16, 44, 35, 1, 22]], [48, []], [13, []], [26, []], [29, []], [19, []], [18, []], [46, []], [36, []], [45, []], [7, []], [39, []], [42, []], [17, []], [5, []], [33, []], [47, []], [14, []], [16, []], [44, []], [35, []], [1, []], [22, []]], [[0, [30, 38, 10, 12, 34, 28, 21, 25, 20, 27, 41, 11, 49, 32, 8, 31, 6, 4, 15, 43, 37, 23, 50, 40, 9, 24, 3, 2]], [30, []], [38, []], [10, []], [12, []], [34, []], [28, []], [21, []], [25, []], [20, []], [27, []], [41, []], [11, []], [49, []], [32, []], [8, []], [31, []], [6, []], [4, []], [15, []], [43, []], [37, []], [23, []], [50, []], [40, []], [9, []], [24, []], [3, []], [2, []]]], []]",,,0.0,0,0,0.0,,,,,results/sol_best_RC101_0.5.dat_A4_L60_pid2768.txt,(not found),RC101_0.5.dat_A4_L60_r3.log
110,test_data/data_demand_random_50_batch_all1_equal_random/RC101_0.5.dat,4.0,90.0,1,776.0,"[[[[0, [48, 13, 26, 29, 19, 18, 46, 36, 45, 7, 39, 42, 17, 5, 33, 47, 14, 16, 44, 35, 1, 22]], [48, []], [13, []], [26, []], [29, []], [19, []], [18, []], [46, []], [36, []], [45, []], [7, []], [39, []], [42, []], [17, []], [5, []], [33, []], [47, []], [14, []], [16, []], [44, []], [35, []], [1, []], [22, []]], [[0, [30, 38, 10, 12, 34, 28, 21, 25, 20, 27, 41, 11, 49, 32, 8, 31, 6, 4, 15, 43, 37, 23, 50, 40, 9, 24, 3, 2]], [30, []], [38, []], [10, []], [12, []], [34, []], [28, []], [21, []], [25, []], [20, []], [27, []], [41, []], [11, []], [49, []], [32, []], [8, []], [31, []], [6, []], [4, []], [15, []], [43, []], [37, []], [23, []], [50, []], [40, []], [9, []], [24, []], [3, []], [2, []]]], []]",,,0.0,0,0,0.0,,,,,results/sol_best_RC101_0.5.dat_A4_L90_pid2737.txt,(not found),RC101_0.5.dat_A4_L90_r1.log
110,test_data/data_demand_random_50_batch_all1_equal_random/RC101_0.5.dat,4.0,90.0,2,776.0,"[[[[0, [30, 13, 26, 29, 19, 18, 46, 36, 45, 7, 39, 42, 17, 5, 33, 47, 14, 16, 44, 35, 1, 22]], [30, []], [13, []], [26, []], [29, []], [19, []], [18, []], [46, []], [36, []], [45, []], [7, []], [39, []], [42, []], [17, []], [5, []], [33, []], [47, []], [14, []], [16, []], [44, []], [35, []], [1, []], [22, []]], [[0, [48, 38, 10, 12, 34, 21, 28, 25, 20, 27, 41, 11, 49, 32, 8, 31, 6, 4, 15, 43, 37, 23, 50, 40, 9, 24, 3, 2]], [48, []], [38, []], [10, []], [12, []], [34, []], [21, []], [28, []], [25, []], [20, []], [27, []], [41, []], [11, []], [49, []], [32, []], [8, []], [31, []], [6, []], [4, []], [15, []], [43, []], [37, []], [23, []], [50, []], [40, []], [9, []], [24, []], [3, []], [2, []]]], []]",,,0.0,0,0,0.0,,,,,results/sol_best_RC101_0.5.dat_A4_L90_pid2739.txt,(not found),RC101_0.5.dat_A4_L90_r2.log
110,test_data/data_demand_random_50_batch_all1_equal_random/RC101_0.5.dat,4.0,90.0,3,776.0,"[[[[0, [30, 13, 26, 29, 19, 18, 46, 36, 45, 7, 39, 42, 17, 5, 33, 47, 14, 16, 44, 35, 1, 22]], [30, []], [13, []], [26, []], [29, []], [19, []], [18, []], [46, []], [36, []], [45, []], [7, []], [39, []], [42, []], [17, []], [5, []], [33, []], [47, []], [14, []], [16, []], [44, []], [35, []], [1, []], [22, []]], [[0, [48, 38, 10, 12, 34, 21, 28, 25, 20, 27, 41, 11, 49, 32, 8, 31, 6, 4, 15, 43, 37, 23, 50, 40, 9, 24, 3, 2]], [48, []], [38, []], [10, []], [12, []], [34, []], [21, []], [28, []], [25, []], [20, []], [27, []], [41, []], [11, []], [49, []], [32, []], [8, []], [31, []], [6, []], [4, []], [15, []], [43, []], [37, []], [23, []], [50, []], [40, []], [9, []], [24, []], [3, []], [2, []]]], []]",,,0.0,0,0,0.0,,,,,results/sol_best_RC101_0.5.dat_A4_L90_pid2740.txt,(not found),RC101_0.5.dat_A4_L90_r3.log
111,test_data/data_demand_random_50_batch_all1_equal_random/RC101_0.5.dat,4.0,120.0,1,776.0,"[[[[0, [30, 48, 13, 26, 29, 19, 18, 46, 36, 45, 7, 39, 42, 17, 5, 33, 47, 14, 16, 44, 35, 1, 22]], [30, []], [48, []], [13, []], [26, []], [29, []], [19, []], [18, []], [46, []], [36, []], [45, []], [7, []], [39, []], [42, []], [17, []], [5, []], [33, []], [47, []], [14, []], [16, []], [44, []], [35, []], [1, []], [22, []]], [[0, [38, 10, 12, 34, 21, 28, 25, 20, 27, 41, 11, 49, 32, 8, 31, 6, 4, 15, 43, 37, 23, 50, 40, 9, 24, 3, 2]], [38, []], [10, []], [12, []], [34, []], [21, []], [28, []], [25, []], [20, []], [27, []], [41, []], [11, []], [49, []], [32, []], [8, []], [31, []], [6, []], [4, []], [15, []], [43, []], [37, []], [23, []], [50, []], [40, []], [9, []], [24, []], [3, []], [2, []]]], []]",,,0.0,0,0,0.0,,,,,results/sol_best_RC101_0.5.dat_A4_L120_pid2742.txt,(not found),RC101_0.5.dat_A4_L120_r1.log
111,test_data/data_demand_random_50_batch_all1_equal_random/RC101_0.5.dat,4.0,120.0,2,776.0,"[[[[0, [30, 48, 13, 26, 29, 19, 18, 46, 36, 45, 7, 39, 42, 17, 5, 33, 47, 14, 16, 44, 35, 1, 22]], [30, []], [48, []], [13, []], [26, []], [29, []], [19, []], [18, []], [46, []], [36, []], [45, []], [7, []], [39, []], [42, []], [17, []], [5, []], [33, []], [47, []], [14, []], [16, []], [44, []], [35, []], [1, []], [22, []]], [[0, [38, 10, 12, 34, 21, 28, 25, 20, 27, 41, 11, 49, 32, 8, 31, 6, 4, 15, 43, 37, 23, 50, 40, 9, 24, 3, 2]], [38, []], [10, []], [12, []], [34, []], [21, []], [28, []], [25, []], [20, []], [27, []], [41, []], [11, []], [49, []], [32, []], [8, []], [31, []], [6, []], [4, []], [15, []], [43, []], [37, []], [23, []], [50, []], [40, []], [9, []], [24, []], [3, []], [2, []]]], []]",,,0.0,0,0,0.0,,,,,results/sol_best_RC101_0.5.dat_A4_L120_pid2744.txt,(not found),RC101_0.5.dat_A4_L120_r2.log
111,test_data/data_demand_random_50_batch_all1_equal_random/RC101_0.5.dat,4.0,120.0,3,776.0,"[[[[0, [30, 13, 26, 29, 19, 18, 46, 36, 45, 7, 39, 42, 17, 5, 33, 47, 14, 16, 44, 35, 1, 22]], [30, []], [13, []], [26, []], [29, []], [19, []], [18, []], [46, []], [36, []], [45, []], [7, []], [39, []], [42, []], [17, []], [5, []], [33, []], [47, []], [14, []], [16, []], [44, []], [35, []], [1, []], [22, []]], [[0, [48, 38, 10, 12, 34, 21, 28, 25, 20, 27, 41, 11, 49, 32, 8, 31, 6, 4, 15, 43, 37, 23, 50, 40, 9, 24, 3, 2]], [48, []], [38, []], [10, []], [12, []], [34, []], [21, []], [28, []], [25, []], [20, []], [27, []], [41, []], [11, []], [49, []], [32, []], [8, []], [31, []], [6, []], [4, []], [15, []], [43, []], [37, []], [23, []], [50, []], [40, []], [9, []], [24, []], [3, []], [2, []]]], []]",,,0.0,0,0,0.0,,,,,results/sol_best_RC101_0.5.dat_A4_L120_pid2745.txt,(not found),RC101_0.5.dat_A4_L120_r3.log
112,test_data/data_demand_random_50_batch_all1_equal_random/RC101_0.5.dat,8.0,60.0,1,776.0,"[[[[0, [48, 13, 26, 29, 19, 18, 46, 36, 45, 7, 39, 42, 17, 5, 33, 47, 14, 16, 44, 35, 1, 22]], [48, []], [13, []], [26, []], [29, []], [19, []], [18, []], [46, []], [36, []], [45, []], [7, []], [39, []], [42, []], [17, []], [5, []], [33, []], [47, []], [14, []], [16, []], [44, []], [35, []], [1, []], [22, []]], [[0, [30, 38, 10, 12, 34, 21, 28, 25, 20, 27, 41, 11, 49, 32, 8, 31, 6, 4, 15, 43, 37, 23, 50, 40, 9, 24, 3, 2]], [30, []], [38, []], [10, []], [12, []], [34, []], [21, []], [28, []], [25, []], [20, []], [27, []], [41, []], [11, []], [49, []], [32, []], [8, []], [31, []], [6, []], [4, []], [15, []], [43, []], [37, []], [23, []], [50, []], [40, []], [9, []], [24, []], [3, []], [2, []]]], []]",,,0.0,0,0,0.0,,,,,results/sol_best_RC101_0.5.dat_A8_L60_pid2746.txt,(not found),RC101_0.5.dat_A8_L60_r1.log
112,test_data/data_demand_random_50_batch_all1_equal_random/RC101_0.5.dat,8.0,60.0,2,776.0,"[[[[0, [30, 48, 13, 26, 29, 19, 18, 46, 36, 45, 7, 39, 42, 17, 5, 33, 47, 14, 16, 44, 35, 1, 22]], [30, []], [48, []], [13, []], [26, []], [29, []], [19, []], [18, []], [46, []], [36, []], [45, []], [7, []], [39, []], [42, []], [17, []], [5, []], [33, []], [47, []], [14, []], [16, []], [44, []], [35, []], [1, []], [22, []]], [[0, [38, 10, 12, 34, 28, 21, 25, 20, 27, 41, 11, 49, 32, 8, 31, 6, 4, 15, 43, 37, 23, 50, 40, 9, 24, 3, 2]], [38, []], [10, []], [12, []], [34, []], [28, []], [21, []], [25, []], [20, []], [27, []], [41, []], [11, []], [49, []], [32, []], [8, []], [31, []], [6, []], [4, []], [15, []], [43, []], [37, []], [23, []], [50, []], [40, []], [9, []], [24, []], [3, []], [2, []]]], []]",,,0.0,0,0,0.0,,,,,results/sol_best_RC101_0.5.dat_A8_L60_pid2748.txt,(not found),RC101_0.5.dat_A8_L60_r2.log
112,test_data/data_demand_random_50_batch_all1_equal_random/RC101_0.5.dat,8.0,60.0,3,776.0,"[[[[0, [30, 13, 26, 29, 19, 18, 46, 36, 45, 7, 39, 42, 17, 5, 33, 47, 14, 16, 44, 35, 1, 22]], [30, []], [13, []], [26, []], [29, []], [19, []], [18, []], [46, []], [36, []], [45, []], [7, []], [39, []], [42, []], [17, []], [5, []], [33, []], [47, []], [14, []], [16, []], [44, []], [35, []], [1, []], [22, []]], [[0, [48, 38, 10, 12, 34, 21, 28, 25, 20, 27, 41, 11, 49, 32, 8, 31, 6, 4, 15, 43, 37, 23, 50, 40, 9, 24, 3, 2]], [48, []], [38, []], [10, []], [12, []], [34, []], [21, []], [28, []], [25, []], [20, []], [27, []], [41, []], [11, []], [49, []], [32, []], [8, []], [31, []], [6, []], [4, []], [15, []], [43, []], [37, []], [23, []], [50, []], [40, []], [9, []], [24, []], [3, []], [2, []]]], []]",,,0.0,0,0,0.0,,,,,results/sol_best_RC101_0.5.dat_A8_L60_pid2749.txt,(not found),RC101_0.5.dat_A8_L60_r3.log
113,test_data/data_demand_random_50_batch_all1_equal_random/RC101_0.5.dat,8.0,90.0,1,776.0,"[[[[0, [48, 13, 26, 29, 19, 18, 46, 36, 45, 7, 39, 42, 17, 5, 33, 47, 14, 16, 44, 35, 1, 22]], [48, []], [13, []], [26, []], [29, []], [19, []], [18, []], [46, []], [36, []], [45, []], [7, []], [39, []], [42, []], [17, []], [5, []], [33, []], [47, []], [14, []], [16, []], [44, []], [35, []], [1, []], [22, []]], [[0, [30, 38, 10, 12, 34, 21, 28, 25, 20, 27, 41, 11, 49, 32, 8, 31, 6, 4, 15, 43, 37, 23, 50, 40, 9, 24, 3, 2]], [30, []], [38, []], [10, []], [12, []], [34, []], [21, []], [28, []], [25, []], [20, []], [27, []], [41, []], [11, []], [49, []], [32, []], [8, []], [31, []], [6, []], [4, []], [15, []], [43, []], [37, []], [23, []], [50, []], [40, []], [9, []], [24, []], [3, []], [2, []]]], []]",,,0.0,0,0,0.0,,,,,results/sol_best_RC101_0.5.dat_A8_L90_pid2803.txt,(not found),RC101_0.5.dat_A8_L90_r1.log
113,test_data/data_demand_random_50_batch_all1_equal_random/RC101_0.5.dat,8.0,90.0,2,776.0,"[[[[0, [48, 13, 26, 29, 19, 18, 46, 36, 45, 7, 39, 42, 17, 5, 33, 47, 14, 16, 44, 35, 1, 22]], [48, []], [13, []], [26, []], [29, []], [19, []], [18, []], [46, []], [36, []], [45, []], [7, []], [39, []], [42, []], [17, []], [5, []], [33, []], [47, []], [14, []], [16, []], [44, []], [35, []], [1, []], [22, []]], [[0, [30, 38, 10, 12, 34, 21, 28, 25, 20, 27, 41, 11, 49, 32, 8, 31, 6, 4, 15, 43, 37, 23, 50, 40, 9, 24, 3, 2]], [30, []], [38, []], [10, []], [12, []], [34, []], [21, []], [28, []], [25, []], [20, []], [27, []], [41, []], [11, []], [49, []], [32, []], [8, []], [31, []], [6, []], [4, []], [15, []], [43, []], [37, []], [23, []], [50, []], [40, []], [9, []], [24, []], [3, []], [2, []]]], []]",,,0.0,0,0,0.0,,,,,results/sol_best_RC101_0.5.dat_A8_L90_pid2805.txt,(not found),RC101_0.5.dat_A8_L90_r2.log
113,test_data/data_demand_random_50_batch_all1_equal_random/RC101_0.5.dat,8.0,90.0,3,776.0,"[[[[0, [30, 48, 13, 26, 29, 19, 18, 46, 36, 45, 7, 39, 42, 17, 5, 33, 47, 14, 16, 44, 35, 1, 22]], [30, []], [48, []], [13, []], [26, []], [29, []], [19, []], [18, []], [46, []], [36, []], [45, []], [7, []], [39, []], [42, []], [17, []], [5, []], [33, []], [47, []], [14, []], [16, []], [44, []], [35, []], [1, []], [22, []]], [[0, [34, 38, 10, 12, 21, 28, 25, 20, 27, 41, 11, 49, 32, 8, 31, 6, 4, 15, 43, 37, 23, 50, 40, 9, 24, 3, 2]], [34, []], [38, []], [10, []], [12, []], [21, []], [28, []], [25, []], [20, []], [27, []], [41, []], [11, []], [49, []], [32, []], [8, []], [31, []], [6, []], [4, []], [15, []], [43, []], [37, []], [23, []], [50, []], [40, []], [9, []], [24, []], [3, []], [2, []]]], []]",,,0.0,0,0,0.0,,,,,results/sol_best_RC101_0.5.dat_A8_L90_pid2806.txt,(not found),RC101_0.5.dat_A8_L90_r3.log
114,test_data/data_demand_random_50_batch_all1_equal_random/RC101_0.5.dat,8.0,120.0,1,744.0,"[[[[0, [26, 29, 19, 18, 46, 36, 45, 7, 39, 42, 17, 5, 33, 47, 14, 16, 44, 35, 1, 22, 24, 9, 3, 2]], [26, []], [29, []], [19, []], [18, []], [46, []], [36, []], [45, []], [7, []], [39, []], [42, []], [17, []], [5, []], [33, []], [47, []], [14, []], [16, []], [44, []], [35, []], [1, []], [22, []], [24, []], [9, []], [3, []], [2, []]], [[0, [30, 48, 13, 10, 12, 38, 34, 21, 28, 25, 20, 27, 41, 11, 49, 32, 8, 31, 6, 4, 40, 50, 23, 37, 43, 15]], [30, []], [48, []], [13, []], [10, []], [12, []], [38, []], [34, []], [21, []], [28, []], [25, []], [20, []], [27, []], [41, []], [11, []], [49, []], [32, []], [8, []], [31, []], [6, []], [4, []], [40, []], [50, []], [23, []], [37, []], [43, []], [15, []]]], []]",,,0.0,0,0,0.0,,,,,results/sol_best_RC101_0.5.dat_A8_L120_pid2752.txt,(not found),RC101_0.5.dat_A8_L120_r1.log
114,test_data/data_demand_random_50_batch_all1_equal_random/RC101_0.5.dat,8.0,120.0,2,776.0,"[[[[0, [30, 48, 13, 26, 29, 19, 18, 46, 36, 45, 7, 39, 42, 17, 5, 33, 47, 14, 16, 44, 35, 1, 22]], [30, []], [48, []], [13, []], [26, []], [29, []], [19, []], [18, []], [46, []], [36, []], [45, []], [7, []], [39, []], [42, []], [17, []], [5, []], [33, []], [47, []], [14, []], [16, []], [44, []], [35, []], [1, []], [22, []]], [[0, [10, 12, 38, 34, 21, 28, 25, 20, 27, 41, 11, 49, 32, 8, 31, 6, 4, 15, 43, 37, 23, 50, 40, 9, 24, 3, 2]], [10, []], [12, []], [38, []], [34, []], [21, []], [28, []], [25, []], [20, []], [27, []], [41, []], [11, []], [49, []], [32, []], [8, []], [31, []], [6, []], [4, []], [15, []], [43, []], [37, []], [23, []], [50, []], [40, []], [9, []], [24, []], [3, []], [2, []]]], []]",,,0.0,0,0,0.0,,,,,results/sol_best_RC101_0.5.dat_A8_L120_pid2754.txt,(not found),RC101_0.5.dat_A8_L120_r2.log
114,test_data/data_demand_random_50_batch_all1_equal_random/RC101_0.5.dat,8.0,120.0,3,776.0,"[[[[0, [30, 48, 13, 26, 29, 19, 18, 46, 36, 45, 7, 39, 42, 17, 5, 33, 47, 14, 16, 44, 35, 1, 22]], [30, []], [48, []], [13, []], [26, []], [29, []], [19, []], [18, []], [46, []], [36, []], [45, []], [7, []], [39, []], [42, []], [17, []], [5, []], [33, []], [47, []], [14, []], [16, []], [44, []], [35, []], [1, []], [22, []]], [[0, [12, 10, 38, 34, 21, 28, 25, 20, 27, 41, 11, 49, 32, 8, 31, 6, 4, 15, 43, 37, 23, 50, 40, 9, 24, 3, 2]], [12, []], [10, []], [38, []], [34, []], [21, []], [28, []], [25, []], [20, []], [27, []], [41, []], [11, []], [49, []], [32, []], [8, []], [31, []], [6, []], [4, []], [15, []], [43, []], [37, []], [23, []], [50, []], [40, []], [9, []], [24, []], [3, []], [2, []]]], []]",,,0.0,0,0,0.0,,,,,results/sol_best_RC101_0.5.dat_A8_L120_pid2755.txt,(not found),RC101_0.5.dat_A8_L120_r3.log
115,test_data/data_demand_random_50_batch_all1_equal_random/RC101_1.5.dat,4.0,60.0,1,1168.0,"[[[[0, [12, 45, 20, 34, 26, 31, 49, 10, 6, 37, 40, 44, 14, 27, 47, 35, 13, 43, 39, 50, 23, 22, 29, 41, 16, 9, 33, 32, 1]], [12, []], [45, []], [20, []], [34, []], [26, []], [31, []], [49, []], [10, []], [6, []], [37, []], [40, []], [44, []], [14, []], [27, []], [47, []], [35, []], [13, []], [43, []], [39, []], [50, []], [23, []], [22, []], [29, []], [41, []], [16, []], [9, []], [33, []], [32, []], [1, []]], [[0, [36, 21, 8, 24, 17, 15, 3, 5, 2, 46, 4, 38, 48, 42, 19, 30, 7, 28, 11, 18, 25]], [36, []], [21, []], [8, []], [24, []], [17, []], [15, []], [3, []], [5, []], [2, []], [46, []], [4, []], [38, []], [48, []], [42, []], [19, []], [30, []], [7, []], [28, []], [11, []], [18, []], [25, []]]], []]",,,0.0,0,0,0.0,,,,,results/sol_best_RC101_1.5.dat_A4_L60_pid2668.txt,(not found),RC101_1.5.dat_A4_L60_r1.log
115,test_data/data_demand_random_50_batch_all1_equal_random/RC101_1.5.dat,4.0,60.0,2,1168.0,"[[[[0, [12, 45, 20, 34, 26, 31, 49, 10, 6, 37, 40, 44, 14, 27, 47, 35, 13, 43, 39, 50, 23, 22, 29, 41, 16, 9, 33, 32, 1]], [12, []], [45, []], [20, []], [34, []], [26, []], [31, []], [49, []], [10, []], [6, []], [37, []], [40, []], [44, []], [14, []], [27, []], [47, []], [35, []], [13, []], [43, []], [39, []], [50, []], [23, []], [22, []], [29, []], [41, []], [16, []], [9, []], [33, []], [32, []], [1, []]], [[0, [36, 21, 8, 24, 17, 15, 3, 5, 2, 46, 4, 38, 48, 42, 19, 30, 7, 28, 11, 18, 25]], [36, []], [21, []], [8, []], [24, []], [17, []], [15, []], [3, []], [5, []], [2, []], [46, []], [4, []], [38, []], [48, []], [42, []], [19, []], [30, []], [7, []], [28, []], [11, []], [18, []], [25, []]]], []]",,,0.0,0,0,0.0,,,,,results/sol_best_RC101_1.5.dat_A4_L60_pid2670.txt,(not found),RC101_1.5.dat_A4_L60_r2.log
115,test_data/data_demand_random_50_batch_all1_equal_random/RC101_1.5.dat,4.0,60.0,3,1168.0,"[[[[0, [12, 45, 20, 34, 26, 31, 49, 10, 6, 37, 40, 44, 14, 27, 47, 35, 13, 43, 39, 50, 23, 22, 29, 41, 16, 9, 33, 32, 1]], [12, []], [45, []], [20, []], [34, []], [26, []], [31, []], [49, []], [10, []], [6, []], [37, []], [40, []], [44, []], [14, []], [27, []], [47, []], [35, []], [13, []], [43, []], [39, []], [50, []], [23, []], [22, []], [29, []], [41, []], [16, []], [9, []], [33, []], [32, []], [1, []]], [[0, [36, 21, 8, 24, 17, 15, 3, 5, 2, 46, 4, 38, 48, 42, 19, 30, 7, 28, 11, 18, 25]], [36, []], [21, []], [8, []], [24, []], [17, []], [15, []], [3, []], [5, []], [2, []], [46, []], [4, []], [38, []], [48, []], [42, []], [19, []], [30, []], [7, []], [28, []], [11, []], [18, []], [25, []]]], []]",,,0.0,0,0,0.0,,,,,results/sol_best_RC101_1.5.dat_A4_L60_pid2671.txt,(not found),RC101_1.5.dat_A4_L60_r3.log
116,test_data/data_demand_random_50_batch_all1_equal_random/RC101_1.5.dat,4.0,90.0,1,1096.0,"[[[[0, [12, 34, 31, 24, 8, 21, 37, 6, 36, 40, 44, 14, 27, 35, 13, 43, 39, 1, 32, 33, 9, 16, 41, 29, 22, 23]], [12, []], [34, []], [49, [49, 47, 50]], [31, []], [24, []], [8, []], [21, []], [37, []], [6, []], [36, []], [40, []], [44, []], [14, []], [27, []], [47, []], [35, []], [13, []], [43, []], [39, []], [1, []], [32, []], [33, []], [9, []], [16, []], [41, []], [29, []], [22, []], [23, []], [50, []]], [[0, [10, 17, 26, 15, 3, 45, 20, 5, 2, 46, 4, 38, 48, 42, 19, 30, 7, 28, 11, 18, 25]], [10, []], [17, []], [26, []], [15, []], [3, []], [45, []], [20, []], [5, []], [2, []], [46, []], [4, []], [38, []], [48, []], [42, []], [19, []], [30, []], [7, []], [28, []], [11, []], [18, []], [25, []]]], [[[49, [49, 47, 50]]]]]",,,72.11102550927978,0,1,3.0,,,,,results/sol_best_RC101_1.5.dat_A4_L90_pid2749.txt,(not found),RC101_1.5.dat_A4_L90_r1.log
116,test_data/data_demand_random_50_batch_all1_equal_random/RC101_1.5.dat,4.0,90.0,3,1096.0,"[[[[0, [12, 34, 26, 31, 24, 21, 8, 6, 37, 36, 40, 44, 14, 27, 35, 13, 43, 39, 1, 32, 33, 9, 16, 41, 29, 22, 23]], [12, []], [34, []], [26, []], [31, []], [24, []], [49, [49, 47, 50]], [21, []], [8, []], [6, []], [37, []], [36, []], [40, []], [44, []], [14, []], [27, []], [47, []], [35, []], [13, []], [43, []], [39, []], [1, []], [32, []], [33, []], [9, []], [16, []], [41, []], [29, []], [22, []], [23, []], [50, []]], [[0, [10, 17, 15, 3, 45, 20, 5, 2, 46, 4, 38, 48, 42, 19, 30, 7, 28, 11, 18, 25]], [10, []], [17, []], [15, []], [3, []], [45, []], [20, []], [5, []], [2, []], [46, []], [4, []], [38, []], [48, []], [42, []], [19, []], [30, []], [7, []], [28, []], [11, []], [18, []], [25, []]]], [[[49, [49, 47, 50]]]]]",,,72.11102550927978,0,1,3.0,,,,,results/sol_best_RC101_1.5.dat_A4_L90_pid2752.txt,(not found),RC101_1.5.dat_A4_L90_r3.log
117,test_data/data_demand_random_50_batch_all1_equal_random/RC101_1.5.dat,4.0,120.0,1,1096.0,"[[[[0, [12, 34, 26, 31, 24, 8, 21, 6, 37, 36, 40, 44, 14, 27, 35, 13, 43, 39, 1, 32, 33, 9, 16, 41, 29, 22, 23]], [12, []], [34, []], [26, []], [31, []], [24, []], [49, [49, 47, 50]], [8, []], [21, []], [6, []], [37, []], [36, []], [40, []], [44, []], [14, []], [27, []], [47, []], [35, []], [13, []], [43, []], [39, []], [1, []], [32, []], [33, []], [9, []], [16, []], [41, []], [29, []], [22, []], [23, []], [50, []]], [[0, [10, 17, 15, 3, 45, 20, 5, 2, 46, 4, 38, 48, 42, 19, 30, 7, 28, 11, 18, 25]], [10, []], [17, []], [15, []], [3, []], [45, []], [20, []], [5, []], [2, []], [46, []], [4, []], [38, []], [48, []], [42, []], [19, []], [30, []], [7, []], [28, []], [11, []], [18, []], [25, []]]], [[[49, [49, 47, 50]]]]]",,,72.11102550927978,0,1,3.0,,,,,results/sol_best_RC101_1.5.dat_A4_L120_pid2752.txt,(not found),RC101_1.5.dat_A4_L120_r1.log
117,test_data/data_demand_random_50_batch_all1_equal_random/RC101_1.5.dat,4.0,120.0,3,1096.0,"[[[[0, [12, 34, 24, 31, 21, 8, 6, 37, 36, 40, 44, 14, 27, 35, 13, 43, 39, 1, 32, 33, 9, 16, 41, 29, 22, 23]], [12, []], [34, []], [24, []], [31, []], [49, [49, 47, 50]], [21, []], [8, []], [6, []], [37, []], [36, []], [40, []], [44, []], [14, []], [27, []], [47, []], [35, []], [13, []], [43, []], [39, []], [1, []], [32, []], [33, []], [9, []], [16, []], [41, []], [29, []], [22, []], [23, []], [50, []]], [[0, [10, 17, 26, 15, 3, 45, 20, 5, 2, 46, 4, 38, 48, 42, 19, 30, 7, 28, 11, 18, 25]], [10, []], [17, []], [26, []], [15, []], [3, []], [45, []], [20, []], [5, []], [2, []], [46, []], [4, []], [38, []], [48, []], [42, []], [19, []], [30, []], [7, []], [28, []], [11, []], [18, []], [25, []]]], [[[49, [49, 47, 50]]]]]",,,72.11102550927978,0,1,3.0,,,,,results/sol_best_RC101_1.5.dat_A4_L120_pid2755.txt,(not found),RC101_1.5.dat_A4_L120_r3.log
118,test_data/data_demand_random_50_batch_all1_equal_random/RC101_1.5.dat,8.0,60.0,1,1104.0,"[[[[0, [10, 17, 31, 24, 49, 21, 8, 6, 37, 36, 40, 44, 14, 27, 47, 35, 13, 43, 39, 50, 23, 29, 22, 41, 16, 9, 33, 32, 1]], [10, []], [17, []], [31, []], [24, []], [49, []], [21, []], [8, []], [6, []], [37, []], [36, []], [40, []], [44, []], [14, []], [27, []], [47, []], [35, []], [13, []], [43, []], [39, []], [50, []], [23, []], [29, []], [22, []], [41, []], [16, []], [9, []], [33, []], [32, []], [1, []]], [[0, [26, 15, 3, 34, 12, 45, 20, 5, 2, 46, 4, 38, 48, 42, 19, 30, 7, 28, 11, 18, 25]], [26, []], [15, []], [3, []], [34, []], [12, []], [45, []], [20, []], [5, []], [2, []], [46, []], [4, []], [38, []], [48, []], [42, []], [19, []], [30, []], [7, []], [28, []], [11, []], [18, []], [25, []]]], []]",,,0.0,0,0,0.0,,,,,results/sol_best_RC101_1.5.dat_A8_L60_pid2754.txt,(not found),RC101_1.5.dat_A8_L60_r1.log
118,test_data/data_demand_random_50_batch_all1_equal_random/RC101_1.5.dat,8.0,60.0,2,1104.0,"[[[[0, [10, 24, 17, 31, 49, 21, 8, 6, 37, 36, 40, 44, 14, 27, 47, 35, 13, 43, 39, 50, 23, 22, 29, 41, 16, 9, 33, 32, 1]], [10, []], [24, []], [17, []], [31, []], [49, []], [21, []], [8, []], [6, []], [37, []], [36, []], [40, []], [44, []], [14, []], [27, []], [47, []], [35, []], [13, []], [43, []], [39, []], [50, []], [23, []], [22, []], [29, []], [41, []], [16, []], [9, []], [33, []], [32, []], [1, []]], [[0, [26, 15, 3, 34, 12, 45, 20, 5, 2, 46, 4, 38, 48, 42, 19, 30, 7, 28, 11, 18, 25]], [26, []], [15, []], [3, []], [34, []], [12, []], [45, []], [20, []], [5, []], [2, []], [46, []], [4, []], [38, []], [48, []], [42, []], [19, []], [30, []], [7, []], [28, []], [11, []], [18, []], [25, []]]], []]",,,0.0,0,0,0.0,,,,,results/sol_best_RC101_1.5.dat_A8_L60_pid2756.txt,(not found),RC101_1.5.dat_A8_L60_r2.log
118,test_data/data_demand_random_50_batch_all1_equal_random/RC101_1.5.dat,8.0,60.0,3,1124.0,"[[[[0, [12, 10, 37, 36, 40, 44, 14, 27, 47, 35, 13, 43, 39, 50, 23, 22, 29, 41, 16, 9, 33, 32, 1]], [12, []], [10, []], [37, []], [36, []], [40, []], [44, []], [14, []], [27, []], [47, []], [35, []], [13, []], [43, []], [39, []], [50, []], [23, []], [22, []], [29, []], [41, []], [16, []], [9, []], [33, []], [32, []], [1, []]], [[0, [6, 21, 8, 49, 24, 31, 17, 26, 15, 3, 34, 45, 20, 5, 2, 46, 4, 38, 48, 42, 19, 30, 7, 28, 11, 18, 25]], [6, []], [21, []], [8, []], [49, []], [24, []], [31, []], [17, []], [26, []], [15, []], [3, []], [34, []], [45, []], [20, []], [5, []], [2, []], [46, []], [4, []], [38, []], [48, []], [42, []], [19, []], [30, []], [7, []], [28, []], [11, []], [18, []], [25, []]]], []]",,,0.0,0,0,0.0,,,,,results/sol_best_RC101_1.5.dat_A8_L60_pid2757.txt,(not found),RC101_1.5.dat_A8_L60_r3.log
119,test_data/data_demand_random_50_batch_all1_equal_random/RC101_1.5.dat,8.0,90.0,1,1096.0,"[[[[0, [12, 34, 26, 31, 24, 8, 21, 37, 6, 36, 40, 44, 14, 27, 35, 13, 43, 39, 1, 32, 33, 9, 16, 41, 29, 22, 23]], [12, []], [34, []], [26, []], [31, []], [24, []], [49, [49, 47, 50]], [8, []], [21, []], [37, []], [6, []], [36, []], [40, []], [44, []], [14, []], [27, []], [47, []], [35, []], [13, []], [43, []], [39, []], [1, []], [32, []], [33, []], [9, []], [16, []], [41, []], [29, []], [22, []], [23, []], [50, []]], [[0, [10, 17, 15, 3, 45, 20, 5, 2, 46, 4, 38, 48, 42, 19, 30, 7, 28, 11, 18, 25]], [10, []], [17, []], [15, []], [3, []], [45, []], [20, []], [5, []], [2, []], [46, []], [4, []], [38, []], [48, []], [42, []], [19, []], [30, []], [7, []], [28, []], [11, []], [18, []], [25, []]]], [[[49, [49, 47, 50]]]]]",,,72.11102550927978,0,1,3.0,,,,,results/sol_best_RC101_1.5.dat_A8_L90_pid2748.txt,(not found),RC101_1.5.dat_A8_L90_r1.log
119,test_data/data_demand_random_50_batch_all1_equal_random/RC101_1.5.dat,8.0,90.0,2,1096.0,"[[[[0, [12, 34, 24, 31, 21, 8, 6, 37, 36, 40, 44, 14, 27, 35, 13, 43, 39, 1, 32, 33, 9, 16, 41, 29, 22, 23]], [12, []], [34, []], [24, []], [31, []], [49, [49, 47, 50]], [21, []], [8, []], [6, []], [37, []], [36, []], [40, []], [44, []], [14, []], [27, []], [47, []], [35, []], [13, []], [43, []], [39, []], [1, []], [32, []], [33, []], [9, []], [16, []], [41, []], [29, []], [22, []], [23, []], [50, []]], [[0, [10, 17, 26, 15, 3, 45, 20, 5, 2, 46, 4, 38, 48, 42, 19, 30, 7, 28, 11, 18, 25]], [10, []], [17, []], [26, []], [15, []], [3, []], [45, []], [20, []], [5, []], [2, []], [46, []], [4, []], [38, []], [48, []], [42, []], [19, []], [30, []], [7, []], [28, []], [11, []], [18, []], [25, []]]], [[[49, [49, 47, 50]]]]]",,,72.11102550927978,0,1,3.0,,,,,results/sol_best_RC101_1.5.dat_A8_L90_pid2750.txt,(not found),RC101_1.5.dat_A8_L90_r2.log
119,test_data/data_demand_random_50_batch_all1_equal_random/RC101_1.5.dat,8.0,90.0,3,1096.0,"[[[[0, [12, 34, 24, 31, 21, 8, 6, 37, 36, 40, 44, 14, 27, 35, 13, 43, 39, 1, 32, 33, 9, 16, 41, 29, 22, 23]], [12, []], [34, []], [24, []], [31, []], [49, [49, 47, 50]], [21, []], [8, []], [6, []], [37, []], [36, []], [40, []], [44, []], [14, []], [27, []], [47, []], [35, []], [13, []], [43, []], [39, []], [1, []], [32, []], [33, []], [9, []], [16, []], [41, []], [29, []], [22, []], [23, []], [50, []]], [[0, [10, 17, 26, 15, 3, 45, 20, 5, 2, 46, 4, 38, 48, 42, 19, 30, 7, 28, 11, 18, 25]], [10, []], [17, []], [26, []], [15, []], [3, []], [45, []], [20, []], [5, []], [2, []], [46, []], [4, []], [38, []], [48, []], [42, []], [19, []], [30, []], [7, []], [28, []], [11, []], [18, []], [25, []]]], [[[49, [49, 47, 50]]]]]",,,72.11102550927978,0,1,3.0,,,,,results/sol_best_RC101_1.5.dat_A8_L90_pid2751.txt,(not found),RC101_1.5.dat_A8_L90_r3.log
120,test_data/data_demand_random_50_batch_all1_equal_random/RC101_1.5.dat,8.0,120.0,1,1104.0,"[[[[0, [12, 34, 24, 21, 8, 6, 10, 37, 36, 40, 44, 14, 27, 35, 13, 43, 39, 23, 22, 29, 41, 16, 9, 33, 32, 1]], [12, []], [34, []], [49, [49, 47, 50]], [24, []], [21, []], [8, []], [6, []], [10, []], [37, []], [36, []], [40, []], [44, []], [14, []], [27, []], [47, []], [35, []], [13, []], [43, []], [39, []], [50, []], [23, []], [22, []], [29, []], [41, []], [16, []], [9, []], [33, []], [32, []], [1, []]], [[0, [26, 31, 17, 15, 3, 45, 20, 5, 2, 46, 4, 38, 48, 42, 19, 30, 7, 28, 11, 18, 25]], [26, []], [31, []], [17, []], [15, []], [3, []], [45, []], [20, []], [5, []], [2, []], [46, []], [4, []], [38, []], [48, []], [42, []], [19, []], [30, []], [7, []], [28, []], [11, []], [18, []], [25, []]]], [[[49, [49, 47, 50]]]]]",,,72.11102550927978,0,1,3.0,,,,,results/sol_best_RC101_1.5.dat_A8_L120_pid2755.txt,(not found),RC101_1.5.dat_A8_L120_r1.log
120,test_data/data_demand_random_50_batch_all1_equal_random/RC101_1.5.dat,8.0,120.0,3,1096.0,"[[[[0, [12, 20, 34, 21, 37, 36, 40, 44, 14, 27, 35, 13, 43, 39, 23, 22, 29, 41, 16, 9, 33, 32, 1]], [12, []], [45, [45, 49, 47, 50]], [20, []], [34, []], [49, []], [21, []], [37, []], [36, []], [40, []], [44, []], [14, []], [27, []], [47, []], [35, []], [13, []], [43, []], [39, []], [50, []], [23, []], [22, []], [29, []], [41, []], [16, []], [9, []], [33, []], [32, []], [1, []]], [[0, [10, 6, 8, 24, 31, 17, 26, 3, 15, 5, 2, 46, 4, 38, 48, 42, 19, 30, 7, 28, 11, 18, 25]], [10, []], [6, []], [8, []], [24, []], [31, []], [17, []], [26, []], [3, []], [15, []], [5, []], [2, []], [46, []], [4, []], [38, []], [48, []], [42, []], [19, []], [30, []], [7, []], [28, []], [11, []], [18, []], [25, []]]], [[[45, [45, 49, 47, 50]]]]]",,,74.40430095095309,0,1,4.0,,,,,results/sol_best_RC101_1.5.dat_A8_L120_pid2758.txt,(not found),RC101_1.5.dat_A8_L120_r3.log
121,test_data/data_demand_random_50_batch_all1_equal_random/RC101_1.dat,4.0,60.0,1,888.0,"[[[[0, [7, 4, 42, 35, 30, 23, 34, 21, 37, 46, 44, 38, 27, 33, 8, 24, 22, 47, 31, 41, 50, 10, 49, 15, 9, 26, 5, 11, 1, 40]], [7, []], [4, []], [42, []], [35, []], [30, []], [23, []], [34, []], [21, []], [37, []], [46, []], [44, []], [38, []], [27, []], [33, []], [8, []], [24, []], [22, []], [47, []], [31, []], [41, []], [50, []], [10, []], [49, []], [15, []], [9, []], [26, []], [5, []], [11, []], [1, []], [40, []]], [[0, [14, 18, 48, 25, 20, 29, 3, 19, 39, 6, 17, 36, 12, 43, 16, 45, 28, 13, 32, 2]], [14, []], [18, []], [48, []], [25, []], [20, []], [29, []], [3, []], [19, []], [39, []], [6, []], [17, []], [36, []], [12, []], [43, []], [16, []], [45, []], [28, []], [13, []], [32, []], [2, []]]], []]",,,0.0,0,0,0.0,,,,,results/sol_best_RC101_1.dat_A4_L60_pid2755.txt,(not found),RC101_1.dat_A4_L60_r1.log
121,test_data/data_demand_random_50_batch_all1_equal_random/RC101_1.dat,4.0,60.0,2,876.0,"[[[[0, [35, 30, 42, 4, 23, 34, 21, 37, 46, 7, 44, 38, 27, 33, 8, 24, 22, 47, 31, 41, 50, 10, 49, 15, 9, 26, 5, 11, 1, 40]], [35, []], [30, []], [42, []], [4, []], [23, []], [34, []], [21, []], [37, []], [46, []], [7, []], [44, []], [38, []], [27, []], [33, []], [8, []], [24, []], [22, []], [47, []], [31, []], [41, []], [50, []], [10, []], [49, []], [15, []], [9, []], [26, []], [5, []], [11, []], [1, []], [40, []]], [[0, [14, 18, 48, 25, 20, 29, 3, 19, 39, 6, 17, 36, 12, 43, 16, 45, 28, 13, 32, 2]], [14, []], [18, []], [48, []], [25, []], [20, []], [29, []], [3, []], [19, []], [39, []], [6, []], [17, []], [36, []], [12, []], [43, []], [16, []], [45, []], [28, []], [13, []], [32, []], [2, []]]], []]",,,0.0,0,0,0.0,,,,,results/sol_best_RC101_1.dat_A4_L60_pid2757.txt,(not found),RC101_1.dat_A4_L60_r2.log
121,test_data/data_demand_random_50_batch_all1_equal_random/RC101_1.dat,4.0,60.0,3,876.0,"[[[[0, [7, 30, 35, 42, 4, 23, 34, 21, 37, 46, 44, 38, 27, 33, 8, 24, 22, 47, 31, 41, 50, 10, 49, 15, 9, 26, 5, 11, 1, 40]], [7, []], [30, []], [35, []], [42, []], [4, []], [23, []], [34, []], [21, []], [37, []], [46, []], [44, []], [38, []], [27, []], [33, []], [8, []], [24, []], [22, []], [47, []], [31, []], [41, []], [50, []], [10, []], [49, []], [15, []], [9, []], [26, []], [5, []], [11, []], [1, []], [40, []]], [[0, [14, 18, 48, 25, 20, 29, 3, 19, 39, 6, 17, 36, 12, 43, 16, 45, 28, 13, 32, 2]], [14, []], [18, []], [48, []], [25, []], [20, []], [29, []], [3, []], [19, []], [39, []], [6, []], [17, []], [36, []], [12, []], [43, []], [16, []], [45, []], [28, []], [13, []], [32, []], [2, []]]], []]",,,0.0,0,0,0.0,,,,,results/sol_best_RC101_1.dat_A4_L60_pid2758.txt,(not found),RC101_1.dat_A4_L60_r3.log
124,test_data/data_demand_random_50_batch_all1_equal_random/RC101_1.dat,8.0,60.0,1,876.0,"[[[[0, [46, 37, 21, 34, 23, 4, 42, 35, 30, 7, 44, 38, 27, 33, 8, 24, 22, 47, 31, 41, 50, 10, 49, 15, 9, 26, 5, 11, 1, 40]], [46, []], [37, []], [21, []], [34, []], [23, []], [4, []], [42, []], [35, []], [30, []], [7, []], [44, []], [38, []], [27, []], [33, []], [8, []], [24, []], [22, []], [47, []], [31, []], [41, []], [50, []], [10, []], [49, []], [15, []], [9, []], [26, []], [5, []], [11, []], [1, []], [40, []]], [[0, [14, 18, 48, 25, 20, 29, 3, 19, 39, 6, 17, 36, 12, 43, 16, 45, 28, 13, 32, 2]], [14, []], [18, []], [48, []], [25, []], [20, []], [29, []], [3, []], [19, []], [39, []], [6, []], [17, []], [36, []], [12, []], [43, []], [16, []], [45, []], [28, []], [13, []], [32, []], [2, []]]], []]",,,0.0,0,0,0.0,,,,,results/sol_best_RC101_1.dat_A8_L60_pid2744.txt,(not found),RC101_1.dat_A8_L60_r1.log
124,test_data/data_demand_random_50_batch_all1_equal_random/RC101_1.dat,8.0,60.0,2,876.0,"[[[[0, [35, 30, 42, 4, 23, 34, 21, 37, 46, 7, 44, 38, 27, 33, 8, 24, 22, 47, 31, 41, 50, 10, 49, 15, 9, 26, 5, 11, 1, 40]], [35, []], [30, []], [42, []], [4, []], [23, []], [34, []], [21, []], [37, []], [46, []], [7, []], [44, []], [38, []], [27, []], [33, []], [8, []], [24, []], [22, []], [47, []], [31, []], [41, []], [50, []], [10, []], [49, []], [15, []], [9, []], [26, []], [5, []], [11, []], [1, []], [40, []]], [[0, [14, 18, 48, 25, 20, 29, 3, 19, 39, 6, 17, 36, 12, 43, 16, 45, 28, 13, 32, 2]], [14, []], [18, []], [48, []], [25, []], [20, []], [29, []], [3, []], [19, []], [39, []], [6, []], [17, []], [36, []], [12, []], [43, []], [16, []], [45, []], [28, []], [13, []], [32, []], [2, []]]], []]",,,0.0,0,0,0.0,,,,,results/sol_best_RC101_1.dat_A8_L60_pid2746.txt,(not found),RC101_1.dat_A8_L60_r2.log
124,test_data/data_demand_random_50_batch_all1_equal_random/RC101_1.dat,8.0,60.0,3,876.0,"[[[[0, [35, 30, 42, 4, 23, 34, 21, 37, 46, 7, 44, 38, 27, 33, 8, 24, 22, 47, 31, 41, 50, 10, 49, 15, 9, 26, 5, 11, 1, 40]], [35, []], [30, []], [42, []], [4, []], [23, []], [34, []], [21, []], [37, []], [46, []], [7, []], [44, []], [38, []], [27, []], [33, []], [8, []], [24, []], [22, []], [47, []], [31, []], [41, []], [50, []], [10, []], [49, []], [15, []], [9, []], [26, []], [5, []], [11, []], [1, []], [40, []]], [[0, [14, 18, 48, 25, 20, 29, 3, 19, 39, 6, 17, 36, 12, 43, 16, 45, 28, 13, 32, 2]], [14, []], [18, []], [48, []], [25, []], [20, []], [29, []], [3, []], [19, []], [39, []], [6, []], [17, []], [36, []], [12, []], [43, []], [16, []], [45, []], [28, []], [13, []], [32, []], [2, []]]], []]",,,0.0,0,0,0.0,,,,,results/sol_best_RC101_1.dat_A8_L60_pid2747.txt,(not found),RC101_1.dat_A8_L60_r3.log
125,test_data/data_demand_random_50_batch_all1_equal_random/RC101_1.dat,8.0,90.0,2,786.5410196624969,"[[[[0, [7, 30, 4, 23, 21, 27, 8, 24, 22, 31, 10, 15, 9, 26, 5, 11, 1]], [7, [37, 38, 40, 34, 33, 35]], [30, []], [35, []], [42, [42]], [4, []], [23, []], [34, []], [21, [47, 50, 49, 44, 41, 46]], [37, []], [46, []], [44, []], [38, []], [27, []], [33, []], [8, []], [24, []], [22, []], [47, []], [31, []], [41, []], [50, []], [10, []], [49, []], [15, []], [9, []], [26, []], [5, []], [11, []], [1, []], [40, []]], [[0, [14, 18, 48, 25, 20, 29, 3, 19, 39, 6, 17, 36, 12, 43, 16, 45, 28, 13, 32, 2]], [14, []], [18, []], [48, []], [25, []], [20, []], [29, []], [3, []], [19, []], [39, []], [6, []], [17, []], [36, []], [12, []], [43, []], [16, []], [45, []], [28, []], [13, []], [32, []], [2, []]]], [[[7, [37, 38, 40, 34, 33, 35]]], [[42, [42]]], [[21, [47, 50, 49, 44, 41, 46]]]]]",,,70.82705192359526,0,3,4.333333333333333,,,,,results/sol_best_RC101_1.dat_A8_L90_pid2672.txt,(not found),RC101_1.dat_A8_L90_r2.log
127,test_data/data_demand_random_50_batch_all1_equal_random/RC101_2.5.dat,4.0,60.0,1,1429.0,"[[[[0, [30, 40, 26, 3, 14, 20, 13, 49, 15, 12, 18, 1, 29, 41, 19, 34, 33, 42, 36, 37, 21, 46]], [30, []], [40, []], [26, []], [3, []], [14, []], [20, []], [13, []], [49, []], [15, []], [12, []], [18, []], [1, []], [29, []], [41, []], [19, []], [34, []], [33, []], [42, []], [36, []], [37, []], [21, []], [46, []]], [[0, [4, 47, 39, 6, 38, 27, 35, 5, 28, 11, 45, 16, 50, 44, 10, 9, 23, 7, 17, 32, 43, 24, 25, 48, 31, 2, 22, 8]], [4, []], [47, []], [39, []], [6, []], [38, []], [27, []], [35, []], [5, []], [28, []], [11, []], [45, []], [16, []], [50, []], [44, []], [10, []], [9, []], [23, []], [7, []], [17, []], [32, []], [43, []], [24, []], [25, []], [48, []], [31, []], [2, []], [22, []], [8, []]]], []]",,,0.0,0,0,0.0,,,,,results/sol_best_RC101_2.5.dat_A4_L60_pid2749.txt,(not found),RC101_2.5.dat_A4_L60_r1.log
127,test_data/data_demand_random_50_batch_all1_equal_random/RC101_2.5.dat,4.0,60.0,2,1469.0,"[[[[0, [18, 26, 3, 14, 20, 13, 49, 15, 12, 1, 29, 41, 19, 34, 33, 42, 36, 37, 21, 46, 24, 25, 48, 31, 2, 22, 8]], [18, []], [26, []], [3, []], [14, []], [20, []], [13, []], [49, []], [15, []], [12, []], [1, []], [29, []], [41, []], [19, []], [34, []], [33, []], [42, []], [36, []], [37, []], [21, []], [46, []], [24, []], [25, []], [48, []], [31, []], [2, []], [22, []], [8, []]], [[0, [17, 32, 43, 50, 11, 45, 5, 30, 40, 35, 38, 27, 39, 6, 47, 4, 16, 44, 10, 9, 7, 23, 28]], [17, []], [32, []], [43, []], [50, []], [11, []], [45, []], [5, []], [30, []], [40, []], [35, []], [38, []], [27, []], [39, []], [6, []], [47, []], [4, []], [16, []], [44, []], [10, []], [9, []], [7, []], [23, []], [28, []]]], []]",,,0.0,0,0,0.0,,,,,results/sol_best_RC101_2.5.dat_A4_L60_pid2751.txt,(not found),RC101_2.5.dat_A4_L60_r2.log
127,test_data/data_demand_random_50_batch_all1_equal_random/RC101_2.5.dat,4.0,60.0,3,1457.0,"[[[[0, [18, 26, 3, 14, 20, 13, 49, 15, 12, 1, 29, 41, 19, 34, 33, 42, 36, 37, 21, 46, 24, 48, 25, 31, 2, 22, 17]], [18, []], [26, []], [3, []], [14, []], [20, []], [13, []], [49, []], [15, []], [12, []], [1, []], [29, []], [41, []], [19, []], [34, []], [33, []], [42, []], [36, []], [37, []], [21, []], [46, []], [24, []], [48, []], [25, []], [31, []], [2, []], [22, []], [17, []]], [[0, [43, 32, 8, 28, 11, 45, 4, 5, 30, 40, 35, 38, 27, 39, 6, 47, 16, 50, 44, 10, 9, 23, 7]], [43, []], [32, []], [8, []], [28, []], [11, []], [45, []], [4, []], [5, []], [30, []], [40, []], [35, []], [38, []], [27, []], [39, []], [6, []], [47, []], [16, []], [50, []], [44, []], [10, []], [9, []], [23, []], [7, []]]], []]",,,0.0,0,0,0.0,,,,,results/sol_best_RC101_2.5.dat_A4_L60_pid2752.txt,(not found),RC101_2.5.dat_A4_L60_r3.log
130,test_data/data_demand_random_50_batch_all1_equal_random/RC101_2.5.dat,8.0,60.0,1,1481.0,"[[[[0, [4, 47, 6, 39, 27, 38, 5, 30, 40, 35, 26, 3, 14, 20, 13, 49, 15, 12, 1, 29, 41, 19, 34, 33, 42, 36, 37, 21, 46]], [4, []], [47, []], [6, []], [39, []], [27, []], [38, []], [5, []], [30, []], [40, []], [35, []], [26, []], [3, []], [14, []], [20, []], [13, []], [49, []], [15, []], [12, []], [1, []], [29, []], [41, []], [19, []], [34, []], [33, []], [42, []], [36, []], [37, []], [21, []], [46, []]], [[0, [18, 32, 43, 24, 48, 25, 31, 8, 28, 11, 45, 16, 50, 44, 10, 9, 23, 7, 2, 22, 17]], [18, []], [32, []], [43, []], [24, []], [48, []], [25, []], [31, []], [8, []], [28, []], [11, []], [45, []], [16, []], [50, []], [44, []], [10, []], [9, []], [23, []], [7, []], [2, []], [22, []], [17, []]]], []]",,,0.0,0,0,0.0,,,,,results/sol_best_RC101_2.5.dat_A8_L60_pid2750.txt,(not found),RC101_2.5.dat_A8_L60_r1.log
130,test_data/data_demand_random_50_batch_all1_equal_random/RC101_2.5.dat,8.0,60.0,2,1549.0,"[[[[0, [28, 30, 40, 35, 26, 3, 14, 20, 13, 49, 15, 12, 18, 1, 29, 41, 19, 34, 33, 42, 36, 37, 21, 46]], [28, []], [30, []], [40, []], [35, []], [26, []], [3, []], [14, []], [20, []], [13, []], [49, []], [15, []], [12, []], [18, []], [1, []], [29, []], [41, []], [19, []], [34, []], [33, []], [42, []], [36, []], [37, []], [21, []], [46, []]], [[0, [8, 43, 32, 44, 50, 11, 45, 4, 5, 38, 27, 39, 6, 47, 16, 10, 9, 23, 7, 25, 24, 48, 31, 2, 22, 17]], [8, []], [43, []], [32, []], [44, []], [50, []], [11, []], [45, []], [4, []], [5, []], [38, []], [27, []], [39, []], [6, []], [47, []], [16, []], [10, []], [9, []], [23, []], [7, []], [25, []], [24, []], [48, []], [31, []], [2, []], [22, []], [17, []]]], []]",,,0.0,0,0,0.0,,,,,results/sol_best_RC101_2.5.dat_A8_L60_pid2752.txt,(not found),RC101_2.5.dat_A8_L60_r2.log
130,test_data/data_demand_random_50_batch_all1_equal_random/RC101_2.5.dat,8.0,60.0,3,1489.0,"[[[[0, [4, 47, 39, 6, 38, 27, 5, 30, 40, 35, 26, 3, 14, 20, 13, 49, 15, 12, 29, 41, 19, 34, 33, 42, 36, 37, 21, 46]], [4, []], [47, []], [39, []], [6, []], [38, []], [27, []], [5, []], [30, []], [40, []], [35, []], [26, []], [3, []], [14, []], [20, []], [13, []], [49, []], [15, []], [12, []], [29, []], [41, []], [19, []], [34, []], [33, []], [42, []], [36, []], [37, []], [21, []], [46, []]], [[0, [18, 1, 8, 43, 32, 31, 48, 25, 24, 22, 28, 11, 45, 16, 50, 44, 10, 9, 23, 7, 2, 17]], [18, []], [1, []], [8, []], [43, []], [32, []], [31, []], [48, []], [25, []], [24, []], [22, []], [28, []], [11, []], [45, []], [16, []], [50, []], [44, []], [10, []], [9, []], [23, []], [7, []], [2, []], [17, []]]], []]",,,0.0,0,0,0.0,,,,,results/sol_best_RC101_2.5.dat_A8_L60_pid2753.txt,(not found),RC101_2.5.dat_A8_L60_r3.log
133,test_data/data_demand_random_50_batch_all1_equal_random/RC101_2.dat,4.0,60.0,1,1257.0,"[[[[0, [17, 28, 12, 38, 48, 26, 13, 36, 43, 50, 10, 22, 14, 24, 34, 5, 19, 11, 23, 6, 16, 47, 3, 44, 33, 7]], [17, []], [28, []], [12, []], [38, []], [48, []], [26, []], [13, []], [36, []], [43, []], [50, []], [10, []], [22, []], [14, []], [24, []], [34, []], [5, []], [19, []], [11, []], [23, []], [6, []], [16, []], [47, []], [3, []], [44, []], [33, []], [7, []]], [[0, [39, 35, 46, 29, 30, 45, 15, 42, 21, 20, 37, 49, 32, 27, 9, 41, 31, 25, 40, 8, 1, 4, 2, 18]], [39, []], [35, []], [46, []], [29, []], [30, []], [45, []], [15, []], [42, []], [21, []], [20, []], [37, []], [49, []], [32, []], [27, []], [9, []], [41, []], [31, []], [25, []], [40, []], [8, []], [1, []], [4, []], [2, []], [18, []]]], []]",,,0.0,0,0,0.0,,,,,results/sol_best_RC101_2.dat_A4_L60_pid2750.txt,(not found),RC101_2.dat_A4_L60_r1.log
133,test_data/data_demand_random_50_batch_all1_equal_random/RC101_2.dat,4.0,60.0,2,1285.0,"[[[[0, [17, 43, 38, 12, 48, 28, 36, 13, 26, 50, 10, 22, 14, 24, 19, 34, 5, 6, 23, 11, 32, 49, 21, 27]], [17, []], [43, []], [38, []], [12, []], [48, []], [28, []], [36, []], [13, []], [26, []], [50, []], [10, []], [22, []], [14, []], [24, []], [19, []], [34, []], [5, []], [6, []], [23, []], [11, []], [32, []], [49, []], [21, []], [27, []]], [[0, [39, 16, 3, 47, 33, 44, 35, 46, 29, 7, 30, 45, 15, 42, 20, 37, 9, 41, 31, 25, 40, 8, 1, 4, 2, 18]], [39, []], [16, []], [3, []], [47, []], [33, []], [44, []], [35, []], [46, []], [29, []], [7, []], [30, []], [45, []], [15, []], [42, []], [20, []], [37, []], [9, []], [41, []], [31, []], [25, []], [40, []], [8, []], [1, []], [4, []], [2, []], [18, []]]], []]",,,0.0,0,0,0.0,,,,,results/sol_best_RC101_2.dat_A4_L60_pid2751.txt,(not found),RC101_2.dat_A4_L60_r2.log
133,test_data/data_demand_random_50_batch_all1_equal_random/RC101_2.dat,4.0,60.0,3,1261.0,"[[[[0, [17, 28, 12, 38, 48, 26, 13, 36, 43, 50, 10, 22, 14, 24, 19, 11, 23, 34, 5, 6, 47, 3, 16, 7, 44, 33, 35, 46]], [17, []], [28, []], [12, []], [38, []], [48, []], [26, []], [13, []], [36, []], [43, []], [50, []], [10, []], [22, []], [14, []], [24, []], [19, []], [11, []], [23, []], [34, []], [5, []], [6, []], [47, []], [3, []], [16, []], [7, []], [44, []], [33, []], [35, []], [46, []]], [[0, [39, 29, 30, 45, 15, 42, 21, 20, 37, 49, 32, 27, 9, 41, 31, 25, 40, 8, 1, 4, 2, 18]], [39, []], [29, []], [30, []], [45, []], [15, []], [42, []], [21, []], [20, []], [37, []], [49, []], [32, []], [27, []], [9, []], [41, []], [31, []], [25, []], [40, []], [8, []], [1, []], [4, []], [2, []], [18, []]]], []]",,,0.0,0,0,0.0,,,,,results/sol_best_RC101_2.dat_A4_L60_pid2753.txt,(not found),RC101_2.dat_A4_L60_r3.log
136,test_data/data_demand_random_50_batch_all1_equal_random/RC101_2.dat,8.0,60.0,1,1289.0,"[[[[0, [11, 23, 14, 10, 26, 13, 12, 38, 48, 17, 28, 36, 43, 50, 22, 24, 19, 34, 5, 6, 46, 35]], [11, []], [23, []], [14, []], [10, []], [26, []], [13, []], [12, []], [38, []], [48, []], [17, []], [28, []], [36, []], [43, []], [50, []], [22, []], [24, []], [19, []], [34, []], [5, []], [6, []], [46, []], [35, []]], [[0, [39, 16, 3, 47, 33, 44, 7, 29, 30, 45, 15, 42, 21, 20, 37, 49, 32, 27, 9, 41, 31, 25, 40, 8, 1, 4, 2, 18]], [39, []], [16, []], [3, []], [47, []], [33, []], [44, []], [7, []], [29, []], [30, []], [45, []], [15, []], [42, []], [21, []], [20, []], [37, []], [49, []], [32, []], [27, []], [9, []], [41, []], [31, []], [25, []], [40, []], [8, []], [1, []], [4, []], [2, []], [18, []]]], []]",,,0.0,0,0,0.0,,,,,results/sol_best_RC101_2.dat_A8_L60_pid2750.txt,(not found),RC101_2.dat_A8_L60_r1.log
136,test_data/data_demand_random_50_batch_all1_equal_random/RC101_2.dat,8.0,60.0,2,1249.0,"[[[[0, [17, 36, 28, 48, 12, 38, 43, 50, 26, 13, 10, 22, 14, 24, 19, 34, 5, 11, 23, 6, 47, 3, 16, 7, 44, 33, 35, 39]], [17, []], [36, []], [28, []], [48, []], [12, []], [38, []], [43, []], [50, []], [26, []], [13, []], [10, []], [22, []], [14, []], [24, []], [19, []], [34, []], [5, []], [11, []], [23, []], [6, []], [47, []], [3, []], [16, []], [7, []], [44, []], [33, []], [35, []], [39, []]], [[0, [46, 29, 30, 45, 15, 42, 21, 20, 37, 49, 32, 27, 9, 41, 31, 25, 40, 8, 1, 4, 2, 18]], [46, []], [29, []], [30, []], [45, []], [15, []], [42, []], [21, []], [20, []], [37, []], [49, []], [32, []], [27, []], [9, []], [41, []], [31, []], [25, []], [40, []], [8, []], [1, []], [4, []], [2, []], [18, []]]], []]",,,0.0,0,0,0.0,,,,,results/sol_best_RC101_2.dat_A8_L60_pid2752.txt,(not found),RC101_2.dat_A8_L60_r2.log
136,test_data/data_demand_random_50_batch_all1_equal_random/RC101_2.dat,8.0,60.0,3,1249.0,"[[[[0, [17, 36, 28, 48, 12, 38, 43, 13, 26, 50, 10, 22, 14, 24, 19, 34, 5, 11, 23, 6, 39, 47, 3, 16, 7, 44, 33, 35, 46]], [17, []], [36, []], [28, []], [48, []], [12, []], [38, []], [43, []], [13, []], [26, []], [50, []], [10, []], [22, []], [14, []], [24, []], [19, []], [34, []], [5, []], [11, []], [23, []], [6, []], [39, []], [47, []], [3, []], [16, []], [7, []], [44, []], [33, []], [35, []], [46, []]], [[0, [29, 30, 45, 15, 42, 21, 20, 37, 49, 32, 27, 9, 41, 31, 25, 40, 8, 1, 4, 2, 18]], [29, []], [30, []], [45, []], [15, []], [42, []], [21, []], [20, []], [37, []], [49, []], [32, []], [27, []], [9, []], [41, []], [31, []], [25, []], [40, []], [8, []], [1, []], [4, []], [2, []], [18, []]]], []]",,,0.0,0,0,0.0,,,,,results/sol_best_RC101_2.dat_A8_L60_pid2753.txt,(not found),RC101_2.dat_A8_L60_r3.log
139,test_data/data_demand_random_50_batch_all1_equal_random/RC101_3.dat,4.0,60.0,1,1641.0,"[[[[0, [47, 23, 1, 39, 37, 17, 5, 12, 19, 31, 28, 22, 41, 40, 44, 27, 33, 42, 25, 29, 9, 20, 43]], [47, []], [23, []], [1, []], [39, []], [37, []], [17, []], [5, []], [12, []], [19, []], [31, []], [28, []], [22, []], [41, []], [40, []], [44, []], [27, []], [33, []], [42, []], [25, []], [29, []], [9, []], [20, []], [43, []]], [[0, [21, 16, 46, 30, 10, 34, 50, 45, 26, 35, 32, 3, 48, 11, 13, 4, 38, 18, 15, 6, 36, 14, 49, 7, 24, 8, 2]], [21, []], [16, []], [46, []], [30, []], [10, []], [34, []], [50, []], [45, []], [26, []], [35, []], [32, []], [3, []], [48, []], [11, []], [13, []], [4, []], [38, []], [18, []], [15, []], [6, []], [36, []], [14, []], [49, []], [7, []], [24, []], [8, []], [2, []]]], []]",,,0.0,0,0,0.0,,,,,results/sol_best_RC101_3.dat_A4_L60_pid2756.txt,(not found),RC101_3.dat_A4_L60_r1.log
139,test_data/data_demand_random_50_batch_all1_equal_random/RC101_3.dat,4.0,60.0,2,1641.0,"[[[[0, [5, 12, 19, 31, 39, 37, 17, 1, 23, 47, 22, 28, 25, 42, 41, 40, 44, 27, 33, 29, 20, 9, 43]], [5, []], [12, []], [19, []], [31, []], [39, []], [37, []], [17, []], [1, []], [23, []], [47, []], [22, []], [28, []], [25, []], [42, []], [41, []], [40, []], [44, []], [27, []], [33, []], [29, []], [20, []], [9, []], [43, []]], [[0, [21, 16, 46, 30, 10, 34, 50, 45, 26, 35, 32, 3, 48, 11, 13, 4, 38, 18, 15, 6, 36, 14, 49, 7, 24, 8, 2]], [21, []], [16, []], [46, []], [30, []], [10, []], [34, []], [50, []], [45, []], [26, []], [35, []], [32, []], [3, []], [48, []], [11, []], [13, []], [4, []], [38, []], [18, []], [15, []], [6, []], [36, []], [14, []], [49, []], [7, []], [24, []], [8, []], [2, []]]], []]",,,0.0,0,0,0.0,,,,,results/sol_best_RC101_3.dat_A4_L60_pid2758.txt,(not found),RC101_3.dat_A4_L60_r2.log
139,test_data/data_demand_random_50_batch_all1_equal_random/RC101_3.dat,4.0,60.0,3,1633.0,"[[[[0, [5, 12, 31, 19, 37, 39, 1, 23, 17, 47, 28, 25, 42, 22, 41, 40, 44, 27, 50, 43, 20, 9, 29, 33]], [5, []], [12, []], [31, []], [19, []], [37, []], [39, []], [1, []], [23, []], [17, []], [47, []], [28, []], [25, []], [42, []], [22, []], [41, []], [40, []], [44, []], [27, []], [50, []], [43, []], [20, []], [9, []], [29, []], [33, []]], [[0, [21, 16, 46, 30, 34, 10, 45, 26, 35, 32, 3, 48, 11, 13, 4, 38, 18, 15, 6, 36, 14, 49, 7, 24, 8, 2]], [21, []], [16, []], [46, []], [30, []], [34, []], [10, []], [45, []], [26, []], [35, []], [32, []], [3, []], [48, []], [11, []], [13, []], [4, []], [38, []], [18, []], [15, []], [6, []], [36, []], [14, []], [49, []], [7, []], [24, []], [8, []], [2, []]]], []]",,,0.0,0,0,0.0,,,,,results/sol_best_RC101_3.dat_A4_L60_pid2759.txt,(not found),RC101_3.dat_A4_L60_r3.log
140,test_data/data_demand_random_50_batch_all1_equal_random/RC101_3.dat,4.0,90.0,1,1633.0,"[[[[0, [19, 12, 39, 37, 23, 17, 5, 1, 31, 22, 28, 33, 42, 41, 40, 34, 27, 25, 29, 20, 9]], [19, []], [12, []], [39, []], [37, []], [23, []], [17, []], [5, []], [1, []], [31, [47, 50, 44, 43]], [47, []], [22, []], [28, []], [33, []], [42, []], [41, []], [40, []], [44, []], [50, []], [34, []], [27, []], [25, []], [29, []], [20, []], [9, []], [43, []]], [[0, [21, 16, 46, 30, 10, 45, 26, 35, 32, 3, 48, 11, 13, 4, 38, 18, 15, 6, 36, 14, 49, 7, 24, 8, 2]], [21, []], [16, []], [46, []], [30, []], [10, []], [45, []], [26, []], [35, []], [32, []], [3, []], [48, []], [11, []], [13, []], [4, []], [38, []], [18, []], [15, []], [6, []], [36, []], [14, []], [49, []], [7, []], [24, []], [8, []], [2, []]]], [[[31, [47, 50, 44, 43]]]]]",,,80.62257748298549,0,1,4.0,,,,,results/sol_best_RC101_3.dat_A4_L90_pid2674.txt,(not found),RC101_3.dat_A4_L90_r1.log
140,test_data/data_demand_random_50_batch_all1_equal_random/RC101_3.dat,4.0,90.0,2,1633.0,"[[[[0, [19, 12, 39, 37, 23, 17, 5, 1, 31, 22, 28, 25, 42, 41, 34, 27, 40, 33, 29, 20, 9]], [19, []], [12, []], [39, []], [37, []], [23, []], [17, []], [5, []], [1, []], [31, [47, 50, 44, 43]], [47, []], [22, []], [28, []], [25, []], [42, []], [41, []], [50, []], [34, []], [27, []], [40, []], [44, []], [33, []], [29, []], [20, []], [9, []], [43, []]], [[0, [21, 16, 46, 30, 10, 45, 26, 35, 32, 3, 48, 11, 13, 4, 38, 18, 15, 6, 36, 14, 49, 7, 24, 8, 2]], [21, []], [16, []], [46, []], [30, []], [10, []], [45, []], [26, []], [35, []], [32, []], [3, []], [48, []], [11, []], [13, []], [4, []], [38, []], [18, []], [15, []], [6, []], [36, []], [14, []], [49, []], [7, []], [24, []], [8, []], [2, []]]], [[[31, [47, 50, 44, 43]]]]]",,,80.62257748298549,0,1,4.0,,,,,results/sol_best_RC101_3.dat_A4_L90_pid2676.txt,(not found),RC101_3.dat_A4_L90_r2.log
140,test_data/data_demand_random_50_batch_all1_equal_random/RC101_3.dat,4.0,90.0,3,1633.0,"[[[[0, [19, 12, 39, 37, 23, 17, 5, 1, 31, 22, 28, 25, 42, 41, 34, 27, 40, 33, 29, 20, 9]], [19, []], [12, []], [39, []], [37, []], [23, []], [17, []], [5, []], [1, []], [31, [47, 50, 44, 43]], [47, []], [22, []], [28, []], [25, []], [42, []], [41, []], [50, []], [34, []], [27, []], [40, []], [44, []], [33, []], [29, []], [20, []], [9, []], [43, []]], [[0, [21, 16, 46, 30, 10, 45, 26, 35, 32, 3, 48, 11, 13, 4, 38, 18, 15, 6, 36, 14, 49, 7, 24, 8, 2]], [21, []], [16, []], [46, []], [30, []], [10, []], [45, []], [26, []], [35, []], [32, []], [3, []], [48, []], [11, []], [13, []], [4, []], [38, []], [18, []], [15, []], [6, []], [36, []], [14, []], [49, []], [7, []], [24, []], [8, []], [2, []]]], [[[31, [47, 50, 44, 43]]]]]",,,80.62257748298549,0,1,4.0,,,,,results/sol_best_RC101_3.dat_A4_L90_pid2677.txt,(not found),RC101_3.dat_A4_L90_r3.log
142,test_data/data_demand_random_50_batch_all1_equal_random/RC101_3.dat,8.0,60.0,1,1633.0,"[[[[0, [47, 39, 37, 1, 23, 17, 5, 12, 31, 19, 28, 22, 41, 29, 33, 42, 25, 9, 20, 43, 10, 27, 44, 40]], [47, []], [39, []], [37, []], [1, []], [23, []], [17, []], [5, []], [12, []], [31, []], [19, []], [28, []], [22, []], [41, []], [29, []], [33, []], [42, []], [25, []], [9, []], [20, []], [43, []], [10, []], [27, []], [44, []], [40, []]], [[0, [21, 16, 46, 30, 34, 50, 45, 26, 35, 32, 3, 48, 11, 13, 4, 38, 18, 15, 6, 36, 14, 49, 7, 24, 8, 2]], [21, []], [16, []], [46, []], [30, []], [34, []], [50, []], [45, []], [26, []], [35, []], [32, []], [3, []], [48, []], [11, []], [13, []], [4, []], [38, []], [18, []], [15, []], [6, []], [36, []], [14, []], [49, []], [7, []], [24, []], [8, []], [2, []]]], []]",,,0.0,0,0,0.0,,,,,results/sol_best_RC101_3.dat_A8_L60_pid2697.txt,(not found),RC101_3.dat_A8_L60_r1.log
142,test_data/data_demand_random_50_batch_all1_equal_random/RC101_3.dat,8.0,60.0,2,1641.0,"[[[[0, [12, 37, 39, 31, 19, 5, 17, 1, 23, 47, 28, 25, 42, 22, 41, 40, 44, 27, 33, 29, 9, 20, 43]], [12, []], [37, []], [39, []], [31, []], [19, []], [5, []], [17, []], [1, []], [23, []], [47, []], [28, []], [25, []], [42, []], [22, []], [41, []], [40, []], [44, []], [27, []], [33, []], [29, []], [9, []], [20, []], [43, []]], [[0, [21, 16, 46, 30, 10, 34, 50, 45, 26, 35, 32, 3, 48, 11, 13, 4, 38, 18, 15, 6, 36, 14, 49, 7, 24, 8, 2]], [21, []], [16, []], [46, []], [30, []], [10, []], [34, []], [50, []], [45, []], [26, []], [35, []], [32, []], [3, []], [48, []], [11, []], [13, []], [4, []], [38, []], [18, []], [15, []], [6, []], [36, []], [14, []], [49, []], [7, []], [24, []], [8, []], [2, []]]], []]",,,0.0,0,0,0.0,,,,,results/sol_best_RC101_3.dat_A8_L60_pid2699.txt,(not found),RC101_3.dat_A8_L60_r2.log
142,test_data/data_demand_random_50_batch_all1_equal_random/RC101_3.dat,8.0,60.0,3,1633.0,"[[[[0, [12, 19, 31, 39, 37, 1, 23, 47, 17, 5, 28, 25, 42, 22, 41, 40, 44, 50, 27, 33, 29, 9, 20, 43]], [12, []], [19, []], [31, []], [39, []], [37, []], [1, []], [23, []], [47, []], [17, []], [5, []], [28, []], [25, []], [42, []], [22, []], [41, []], [40, []], [44, []], [50, []], [27, []], [33, []], [29, []], [9, []], [20, []], [43, []]], [[0, [21, 16, 46, 30, 34, 10, 45, 26, 35, 32, 3, 48, 11, 13, 4, 38, 18, 15, 6, 36, 14, 49, 7, 24, 8, 2]], [21, []], [16, []], [46, []], [30, []], [34, []], [10, []], [45, []], [26, []], [35, []], [32, []], [3, []], [48, []], [11, []], [13, []], [4, []], [38, []], [18, []], [15, []], [6, []], [36, []], [14, []], [49, []], [7, []], [24, []], [8, []], [2, []]]], []]",,,0.0,0,0,0.0,,,,,results/sol_best_RC101_3.dat_A8_L60_pid2700.txt,(not found),RC101_3.dat_A8_L60_r3.log
143,test_data/data_demand_random_50_batch_all1_equal_cluster/C201_0.5.dat,4,60,1,603.0,"[[[[0, [10, 16, 17, 32, 31, 27, 28, 29, 30, 38, 35, 36, 33, 1, 34, 37, 19]], [10, []], [15, [15, 14, 12, 13]], [16, []], [17, []], [32, []], [31, []], [14, []], [12, []], [13, []], [27, []], [28, [47, 11, 49, 48]], [29, []], [34, []], [33, []], [48, []], [47, []], [49, []], [30, []], [38, []], [35, []], [36, []], [37, []], [19, []], [11, []], [1, []]], [[0, [40, 39, 20, 22, 21, 41, 42, 45, 44, 43, 9, 26, 4, 2, 3]], [5, [5, 8, 7, 6]], [8, []], [7, []], [25, [25, 24, 23]], [26, []], [40, []], [39, []], [23, []], [6, []], [9, []], [24, []], [20, [50, 46, 18]], [22, []], [21, []], [41, []], [42, []], [50, []], [46, []], [45, []], [44, []], [43, []], [3, []], [18, []], [4, []], [2, []]]], [[[5, [5, 8, 7, 6]]], [[15, [15, 14, 12, 13]]], [[25, [25, 24, 23]]], [[28, [47, 11, 49, 48]]], [[20, [50, 46, 18]]]]]",,,42.59087537826153,0,5,3.6,,,,,,(not found),
144,test_data/data_demand_random_50_batch_all1_equal_cluster/C201_0.5.dat,4,60,2,615.0,"[[[[0, [17, 10, 2, 8]], [5, [5, 31, 32]], [24, [24, 26, 40, 39]], [9, [9, 6, 11, 7]], [6, []], [23, [23, 25, 15, 16]], [7, []], [8, []], [25, []], [26, []], [40, []], [39, []], [31, []], [32, []], [17, []], [15, []], [16, []], [14, [14]], [10, []], [11, []], [2, []]], [[0, [1, 4, 18, 19, 20, 21, 22, 41, 42, 50, 46, 45, 44, 43, 37, 36, 35, 28, 29, 30, 38, 49, 47, 48, 34, 33, 27, 13, 12, 3]], [3, []], [1, []], [4, []], [18, []], [19, []], [20, []], [21, []], [22, []], [41, []], [42, []], [50, []], [46, []], [45, []], [44, []], [43, []], [37, []], [36, []], [35, []], [28, []], [29, []], [30, []], [38, []], [49, []], [47, []], [48, []], [34, []], [33, []], [27, []], [13, []], [12, []]]], [[[5, [5, 31, 32]]], [[24, [24, 26, 40, 39]]], [[9, [9, 6, 11, 7]]], [[23, [23, 25, 15, 16]]], [[14, [14]]]]]",,,35.63800808759647,0,5,3.2,,,,,,(not found),
145,test_data/data_demand_random_50_batch_all1_equal_cluster/C201_0.5.dat,4,60,3,699.0,"[[[[0, [2, 10, 12, 13, 14, 31, 32, 17, 16, 15, 27, 33, 34, 48, 47, 49, 38, 20, 22, 21, 41, 42, 50, 46, 45, 44, 43]], [2, []], [10, []], [12, []], [13, []], [14, []], [31, []], [32, []], [17, []], [16, []], [15, []], [27, []], [33, []], [34, []], [48, []], [47, []], [49, []], [38, []], [20, []], [22, []], [21, []], [41, []], [42, []], [50, []], [46, []], [45, []], [44, []], [43, []]], [[0, [5, 6, 8, 7, 4, 3, 1, 18, 19, 37, 36, 35, 28, 29, 30, 11, 9, 24, 23, 25, 26, 40, 39]], [5, []], [6, []], [8, []], [7, []], [4, []], [3, []], [1, []], [18, []], [19, []], [37, []], [36, []], [35, []], [28, []], [29, []], [30, []], [11, []], [9, []], [24, []], [23, []], [25, []], [26, []], [40, []], [39, []]]], []]",,,0.0,0,0,0.0,,,,,,(not found),
146,test_data/data_demand_random_50_batch_all1_equal_cluster/C201_0.5.dat,4,60,4,584.0,"[[[[0, [14, 17, 15, 33, 34, 29, 28, 35, 36, 37, 12, 13, 16, 11, 10]], [14, []], [31, [31, 32, 27, 38]], [32, []], [17, []], [16, []], [15, []], [12, []], [13, []], [27, [48, 49, 47, 30]], [33, []], [34, []], [48, []], [47, []], [49, []], [38, []], [30, []], [29, []], [28, []], [35, []], [36, []], [37, []], [19, [19]], [11, []], [10, []]], [[0, [22, 20, 5, 25, 39, 40, 23, 26, 7, 41, 24, 42, 8, 6, 9, 4, 1, 2, 3]], [5, [46, 45, 44, 43]], [8, []], [24, [50, 21, 18]], [23, []], [25, []], [39, []], [40, []], [26, []], [7, []], [6, []], [9, []], [41, []], [42, []], [50, []], [46, []], [45, []], [44, []], [43, []], [21, []], [22, []], [20, []], [18, []], [4, []], [1, []], [2, []], [3, []]]], [[[31, [31, 32, 27, 38]]], [[5, [46, 45, 44, 43]]], [[24, [50, 21, 18]]], [[27, [48, 49, 47, 30]]], [[19, [19]]]]]",,,41.25026830938106,0,5,3.2,,,,,,(not found),
147,test_data/data_demand_random_50_batch_all1_equal_cluster/C201_0.5.dat,4,60,5,612.0,"[[[[0, [16, 17, 31, 39, 40, 26, 25, 8, 7, 6, 9, 23, 24, 32, 5, 15]], [14, [14, 12, 13, 20]], [12, []], [13, []], [15, []], [16, []], [17, []], [32, []], [31, []], [39, []], [40, []], [26, []], [25, []], [8, []], [7, []], [6, []], [9, []], [23, []], [24, []], [20, []], [5, []]], [[0, [27, 33, 34, 48, 47, 49, 38, 30, 29, 28, 35, 36, 37, 44, 45, 46, 50, 42, 41, 21, 22, 43, 1, 4, 3, 2]], [1, []], [2, []], [11, [11, 10, 18, 19]], [10, []], [27, []], [33, []], [34, []], [48, []], [47, []], [49, []], [38, []], [30, []], [29, []], [28, []], [35, []], [36, []], [37, []], [44, []], [45, []], [46, []], [50, []], [42, []], [41, []], [21, []], [22, []], [43, []], [18, []], [19, []], [4, []], [3, []]]], [[[14, [14, 12, 13, 20]]], [[11, [11, 10, 18, 19]]]]]",,,26.794649740112156,0,2,4.0,,,,,,(not found),
148,test_data/data_demand_random_50_batch_all1_equal_cluster/C201_0.5.dat,4,90,1,531.551832657201,"[[[[0, [3]], [5, [5, 6, 8, 7]], [9, [9, 11]], [8, []], [6, []], [7, []], [23, [23, 26, 25, 24]], [26, []], [39, [39, 40, 21, 22]], [40, []], [25, []], [24, []], [22, []], [50, [50, 45, 43, 46]], [46, []], [45, []], [43, []], [44, [44, 20, 18]], [21, []], [42, [42, 41]], [41, []], [20, []], [18, []], [3, []], [11, []]], [[0, [4, 2, 1]], [10, [10, 12, 13, 14]], [12, []], [14, [17, 16, 15]], [31, [31, 32, 37, 19]], [32, []], [17, []], [16, []], [15, [28, 30, 29, 38]], [13, [48, 49, 47, 36]], [27, [27, 33, 34, 35]], [28, []], [29, []], [33, []], [34, []], [48, []], [49, []], [47, []], [30, []], [38, []], [35, []], [36, []], [37, []], [19, []], [4, []], [2, []], [1, []]]], [[[5, [5, 6, 8, 7]]], [[10, [10, 12, 13, 14]]], [[9, [9, 11]]], [[14, [17, 16, 15]]], [[23, [23, 26, 25, 24]]], [[31, [31, 32, 37, 19]]], [[39, [39, 40, 21, 22]]], [[15, [28, 30, 29, 38]]], [[13, [48, 49, 47, 36]]], [[27, [27, 33, 34, 35]]], [[50, [50, 45, 43, 46]]], [[44, [44, 20, 18]]], [[42, [42, 41]]]]]",533.4071466898436,"[[[[0, [3, 4, 2, 1]], [5, [5, 7, 8, 6]], [9, [9]], [7, []], [8, []], [6, []], [23, [23, 26, 25, 24]], [26, []], [39, [39, 40, 21, 22]], [40, []], [25, []], [24, []], [22, []], [50, [50, 45, 43, 46]], [46, []], [45, []], [43, []], [44, [44, 20, 18]], [21, []], [42, [42, 41]], [41, []], [20, []], [18, []], [3, []], [4, []], [2, []], [1, []]], [[0, []], [11, [11]], [10, [10, 12, 14, 13]], [12, []], [14, [17, 16, 15]], [31, [31, 32, 37, 19]], [32, []], [17, []], [16, []], [15, [28, 30, 29, 38]], [13, []], [27, [27, 33, 34, 35]], [28, [48, 49, 47, 36]], [29, []], [33, []], [34, []], [48, []], [49, []], [47, []], [30, []], [38, []], [35, []], [36, []], [37, []], [19, []]]], [[[5, [5, 7, 8, 6]]], [[11, [11]], [9, [9]]], [[10, [10, 12, 14, 13]]], [[14, [17, 16, 15]]], [[23, [23, 26, 25, 24]]], [[31, [31, 32, 37, 19]]], [[39, [39, 40, 21, 22]]], [[15, [28, 30, 29, 38]]], [[27, [27, 33, 34, 35]]], [[28, [48, 49, 47, 36]]], [[50, [50, 45, 43, 46]]], [[44, [44, 20, 18]]], [[42, [42, 41]]]]]",47.83514619357421,0,13,3.5384615384615383,49.64335852578674,1,13,3.5384615384615383,,,
149,test_data/data_demand_random_50_batch_all1_equal_cluster/C201_0.5.dat,4,90,2,639.0,"[[[[0, [39, 40, 41, 42, 50, 46, 45, 3, 2, 1]], [5, [5, 7, 8, 6]], [6, []], [9, [9, 11, 12, 10]], [7, []], [23, [23, 18]], [26, [26, 25, 24]], [39, []], [40, []], [25, []], [8, []], [24, []], [41, []], [42, []], [50, []], [46, []], [45, []], [18, []], [3, []], [1, []], [2, []], [11, []], [12, []], [10, []]], [[0, [15, 16, 17, 32, 31, 14, 13, 27, 28, 29, 33, 4]], [15, []], [16, []], [17, []], [32, []], [31, []], [14, []], [13, []], [27, []], [28, []], [29, []], [47, [47, 34, 38, 35]], [33, []], [34, []], [48, [48, 49, 36, 30]], [49, []], [30, []], [38, []], [35, []], [36, []], [37, [37, 44, 43]], [44, []], [43, []], [22, [22, 21, 20, 19]], [21, []], [20, []], [19, []], [4, []]]], [[[5, [5, 7, 8, 6]]], [[9, [9, 11, 12, 10]]], [[23, [23, 18]]], [[26, [26, 25, 24]]], [[47, [47, 34, 38, 35]]], [[48, [48, 49, 36, 30]]], [[37, [37, 44, 43]]], [[22, [22, 21, 20, 19]]]]]",,,57.111397393623115,0,8,3.5,,,,,,(not found),
150,test_data/data_demand_random_50_batch_all1_equal_cluster/C201_0.5.dat,4,90,3,647.0,"[[[[0, [2, 11, 4, 3, 18, 1, 5, 8, 39, 40, 26, 25, 23, 9, 6, 7, 24, 41, 42, 22, 21, 20, 19, 28, 10]], [2, []], [11, []], [4, []], [3, []], [18, []], [1, []], [5, []], [8, []], [39, []], [40, []], [26, []], [25, []], [23, []], [9, []], [6, []], [7, []], [24, []], [41, []], [42, []], [22, []], [21, []], [20, []], [19, []], [28, []], [10, []]], [[0, [15, 16, 17, 32, 31, 14, 12, 13, 27, 29, 34, 33, 48, 47, 49, 30, 38, 35, 36, 37, 50, 46, 45, 44, 43]], [15, []], [16, []], [17, []], [32, []], [31, []], [14, []], [12, []], [13, []], [27, []], [29, []], [34, []], [33, []], [48, []], [47, []], [49, []], [30, []], [38, []], [35, []], [36, []], [37, []], [50, []], [46, []], [45, []], [44, []], [43, []]]], []]",,,0.0,0,0,0.0,,,,,,(not found),
151,test_data/data_demand_random_50_batch_all1_equal_cluster/C201_0.5.dat,4,90,4,518.4476332218627,"[[[[0, [1, 2]], [12, [12, 17, 16, 10]], [14, [14, 15, 13, 11]], [31, [31, 32, 29]], [32, []], [17, []], [16, []], [15, [48, 33, 35, 36]], [13, [27, 30, 34]], [27, [38, 49, 47, 28]], [30, []], [38, []], [49, []], [47, []], [48, []], [33, []], [34, []], [29, []], [28, []], [35, []], [36, []], [10, []], [11, []], [2, []], [1, []]], [[0, [6, 4, 3]], [5, [5, 9, 7, 8]], [6, []], [9, []], [7, []], [8, []], [23, [23, 26, 25, 24]], [26, []], [39, [39, 40, 21, 37]], [40, []], [25, []], [24, []], [20, [20, 45, 46, 22]], [21, []], [41, [41, 42, 19, 18]], [42, []], [22, []], [43, [43, 44, 50]], [44, []], [45, []], [46, []], [50, []], [37, []], [19, []], [18, []], [4, []], [3, []]]], [[[5, [5, 8, 9, 7]]], [[12, [12, 16, 10, 17]]], [[14, [14, 11, 13, 15]]], [[23, [23, 26, 25, 24]]], [[31, [31, 32, 29]]], [[39, [39, 40, 37, 21]]], [[15, [48, 33, 35, 36]]], [[13, [30, 27, 34]]], [[27, [38, 49, 47, 28]]], [[20, [20, 45, 46, 22]]], [[41, [41, 42, 19, 18]]], [[43, [43, 44, 50]]]]]",,,46.083564188880885,0,12,3.75,,,,,,(not found),
152,test_data/data_demand_random_50_batch_all1_equal_cluster/C201_0.5.dat,4,90,5,547.470308806397,"[[[[0, [9, 8, 7, 6, 3]], [5, [5, 10, 12]], [7, []], [8, []], [6, []], [9, []], [23, [23, 24, 25, 26]], [25, []], [39, [39, 40, 34, 33]], [40, []], [26, []], [24, []], [3, []], [34, []], [33, []], [48, [48, 30, 38]], [30, []], [38, []], [49, [49, 47, 29, 27]], [47, []], [29, []], [27, []], [12, []], [10, []]], [[0, [2, 4, 1]], [1, []], [11, [11]], [2, []], [4, []], [19, [19, 15, 21]], [18, [18, 22, 20, 17]], [20, []], [21, []], [22, []], [41, [41, 46, 42, 50]], [42, []], [50, []], [46, []], [45, [45, 36, 32, 31]], [43, [43, 44, 37, 35]], [44, []], [37, []], [36, []], [35, []], [28, [28, 13, 16, 14]], [13, []], [15, []], [16, []], [17, []], [32, []], [31, []], [14, []]]], [[[5, [5, 10, 12]]], [[11, [11]]], [[19, [19, 15, 21]]], [[23, [23, 24, 25, 26]]], [[18, [18, 22, 20, 17]]], [[39, [39, 40, 34, 33]]], [[41, [41, 46, 42, 50]]], [[45, [45, 36, 32, 31]]], [[43, [43, 44, 37, 35]]], [[28, [28, 13, 16, 14]]], [[48, [48, 30, 38]]], [[49, [49, 47, 29, 27]]]]]",,,54.35718247726157,0,12,3.5,,,,,,(not found),
153,test_data/data_demand_random_50_batch_all1_equal_cluster/C201_0.5.dat,4,120,1,562.6124969497314,"[[[[0, [1, 4, 2, 3]], [11, [11, 7, 9, 6]], [10, [10, 12, 13, 5]], [12, []], [13, []], [27, [27, 28, 19, 23]], [28, []], [19, [25, 24, 8]], [37, [37, 41, 42, 26]], [42, []], [41, []], [9, []], [24, []], [23, []], [26, []], [39, [39, 40]], [40, []], [25, []], [8, []], [7, []], [6, []], [5, []], [1, []], [2, []], [4, []], [3, []]], [[0, []], [14, [14, 15, 17, 16]], [15, []], [17, []], [31, [31, 32, 29, 34]], [32, []], [16, []], [29, []], [47, [47, 33, 38, 30]], [34, []], [33, []], [48, [48, 49, 36, 45]], [49, []], [38, []], [30, []], [35, [35, 21, 22, 20]], [36, []], [45, []], [46, [46, 50, 44, 43]], [50, []], [44, []], [43, []], [22, []], [21, []], [20, []], [18, [18]]]], [[[11, [11, 7, 9, 6]]], [[14, [14, 15, 17, 16]]], [[10, [10, 12, 13, 5]]], [[27, [27, 28, 19, 23]]], [[31, [31, 32, 29, 34]]], [[19, [25, 24, 8]]], [[37, [37, 41, 42, 26]]], [[47, [47, 33, 38, 30]]], [[48, [48, 49, 36, 45]]], [[35, [35, 21, 22, 20]]], [[39, [39, 40]]], [[46, [46, 50, 44, 43]]], [[18, [18]]]]]",,,52.850589548854295,0,13,3.5384615384615383,,,,,,(not found),
154,test_data/data_demand_random_50_batch_all1_equal_cluster/C201_0.5.dat,4,120,2,615.0,"[[[[0, [1]], [15, [15, 17, 16, 14]], [14, []], [31, [31, 33, 34, 32]], [32, []], [17, []], [16, [38, 29, 21, 19]], [47, [47, 48, 42, 37]], [48, [49, 30, 36, 18]], [33, []], [34, []], [29, []], [49, []], [38, []], [30, []], [36, []], [21, []], [42, []], [37, []], [19, []], [18, []], [1, []]], [[0, [26, 25, 22, 23, 24, 7, 2, 4, 3]], [5, [5, 6, 9, 8]], [6, []], [9, []], [8, []], [7, []], [26, []], [40, [40, 39, 46, 41]], [39, []], [25, []], [23, []], [24, []], [41, []], [22, []], [50, [50, 45, 44, 43]], [46, []], [45, []], [44, []], [43, []], [20, [20, 28, 27, 13]], [35, [35, 12, 10, 11]], [28, []], [27, []], [13, []], [12, []], [10, []], [11, []], [2, []], [4, []], [3, []]]], [[[15, [15, 17, 16, 14]]], [[5, [5, 6, 9, 8]]], [[31, [31, 33, 34, 32]]], [[40, [40, 39, 46, 41]]], [[16, [38, 29, 21, 19]]], [[47, [47, 48, 42, 37]]], [[48, [49, 30, 36, 18]]], [[50, [50, 45, 44, 43]]], [[20, [20, 28, 27, 13]]], [[35, [35, 12, 10, 11]]]]]",,,57.69313963284223,0,10,4.0,,,,,,(not found),
155,test_data/data_demand_random_50_batch_all1_equal_cluster/C201_0.5.dat,4,120,3,531.2490309931942,"[[[[0, [4, 3, 2]], [2, []], [11, [11, 10, 12, 13]], [10, []], [12, []], [14, [14, 15, 16, 17]], [31, [31, 27, 32, 29]], [32, []], [17, []], [16, []], [15, []], [13, []], [27, [34, 28, 33, 30]], [28, []], [29, []], [30, []], [47, [47, 48, 49, 38]], [33, []], [34, []], [48, []], [49, []], [38, []], [35, [35, 36, 19, 18]], [36, []], [19, []], [18, []], [4, []], [3, []]], [[0, [1]], [1, []], [5, [5, 6, 9, 8]], [6, []], [8, []], [23, [23, 26, 25, 24]], [9, []], [26, []], [40, [40, 39, 22, 7]], [39, []], [25, [42, 20, 21]], [7, []], [24, []], [22, []], [43, [43, 44, 45, 37]], [44, []], [37, []], [45, []], [50, [50, 46, 41]], [46, []], [42, []], [41, []], [21, []], [20, []]]], [[[5, [5, 6, 9, 8]]], [[11, [11, 10, 12, 13]]], [[14, [14, 15, 16, 17]]], [[23, [23, 26, 25, 24]]], [[31, [31, 27, 32, 29]]], [[40, [40, 39, 22, 7]]], [[27, [34, 28, 33, 30]]], [[25, [42, 20, 21]]], [[43, [43, 44, 45, 37]]], [[47, [47, 48, 49, 38]]], [[50, [50, 46, 41]]], [[35, [35, 36, 19, 18]]]]]",685.4199088637326,"[[[[0, [1, 3]], [1, []], [11, [11]], [15, [15, 16, 17, 2]], [16, []], [17, []], [32, [32, 31, 14, 13]], [31, []], [14, [43, 44]], [13, []], [27, [27, 29, 30, 33]], [29, []], [30, []], [48, [48, 34, 41, 38]], [33, []], [34, []], [47, [47, 49, 45, 37]], [49, []], [38, []], [43, []], [44, []], [45, []], [41, []], [37, []], [3, []], [2, []]], [[0, [4]], [12, [12, 8, 9, 7]], [10, [10, 5, 6]], [5, []], [6, []], [8, []], [9, []], [23, [23, 25, 26, 24]], [25, []], [39, [39, 40, 28, 35]], [40, []], [26, []], [7, []], [24, []], [28, []], [35, []], [36, [36, 22, 21, 20]], [22, []], [46, [46, 42, 50, 18]], [42, []], [50, []], [21, []], [20, []], [18, []], [19, [19]], [4, []]]], [[[12, [12, 8, 9, 7]]], [[10, [10, 5, 6]], [11, [11]]], [[15, [15, 16, 17, 2]]], [[23, [23, 25, 26, 24]]], [[32, [32, 31, 14, 13]]], [[39, [39, 40, 28, 35]]], [[14, [43, 44]]], [[27, [27, 29, 30, 33]]], [[48, [48, 34, 41, 38]]], [[47, [47, 49, 45, 37]]], [[36, [36, 22, 21, 20]]], [[46, [46, 42, 50, 18]]], [[19, [19]]]]]",50.8478562676364,0,12,3.8333333333333335,53.10658168050015,1,13,3.6153846153846154,,,
156,test_data/data_demand_random_50_batch_all1_equal_cluster/C201_0.5.dat,4,120,4,579.0,"[[[[0, [3, 1, 4]], [5, [5]], [12, [12, 10, 9, 11]], [10, []], [11, []], [9, []], [6, [8, 44, 43, 6]], [7, [7, 24, 22, 21]], [8, []], [40, [40, 41, 42, 39]], [39, []], [26, [26, 25, 23, 20]], [25, []], [23, []], [24, []], [41, []], [42, []], [50, [50, 46, 45, 18]], [22, []], [21, []], [46, []], [45, []], [44, []], [43, []], [20, []], [18, []], [4, []], [3, []], [1, []]], [[0, [16, 17, 31, 32, 33, 30, 38, 35, 36, 37, 13, 34, 27, 28, 29, 2]], [14, [14, 15, 19]], [15, []], [16, []], [17, []], [31, []], [32, []], [13, []], [27, []], [28, []], [29, []], [33, []], [48, [48, 49, 47]], [34, []], [47, []], [49, []], [30, []], [38, []], [35, []], [36, []], [37, []], [19, []], [2, []]]], [[[5, [5]]], [[14, [14, 15, 19]]], [[12, [12, 10, 9, 11]]], [[6, [8, 44, 43, 6]]], [[7, [7, 24, 22, 21]]], [[40, [40, 41, 42, 39]]], [[26, [26, 25, 23, 20]]], [[50, [50, 46, 45, 18]]], [[48, [48, 49, 47]]]]]",,,49.20771510844213,0,9,3.4444444444444446,,,,,,(not found),
157,test_data/data_demand_random_50_batch_all1_equal_cluster/C201_0.5.dat,4,120,5,620.6711259942039,"[[[[0, [2]], [2, []], [10, [10, 12, 13, 14]], [12, []], [13, []], [28, [28, 15, 16, 17]], [27, [27, 32, 31, 26]], [14, []], [15, []], [16, []], [17, []], [32, []], [31, []], [39, [39, 40, 8, 9]], [40, []], [26, []], [9, []], [8, []]], [[0, [1, 3, 4]], [11, [11]], [1, [6, 18, 19, 20]], [3, [25, 7]], [18, []], [4, []], [19, []], [33, [33, 34, 38, 30]], [34, []], [48, [48, 47, 49, 29]], [47, []], [49, []], [38, []], [30, []], [29, []], [35, [35, 36, 37, 45]], [36, []], [37, []], [45, []], [46, [46, 50, 44, 43]], [50, []], [44, []], [43, []], [20, []], [21, [21, 22, 24, 23]], [22, []], [42, [42, 41, 5]], [41, []], [24, []], [23, []], [25, []], [7, []], [6, []], [5, []]]], [[[10, [10, 12, 13, 14]]], [[11, [11]]], [[1, [6, 18, 19, 20]]], [[3, [25, 7]]], [[28, [28, 15, 16, 17]]], [[27, [27, 32, 31, 26]]], [[33, [33, 34, 38, 30]]], [[48, [48, 47, 49, 29]]], [[39, [39, 40, 8, 9]]], [[35, [35, 36, 37, 45]]], [[46, [46, 50, 44, 43]]], [[21, [21, 22, 24, 23]]], [[42, [42, 41, 5]]]]]",756.2531640716645,"[[[[0, [3, 4, 1]], [11, [11]], [3, []], [4, []], [2, [20, 2, 9]], [1, []], [19, [19, 18, 22, 21]], [18, []], [20, []], [43, [43, 36, 37, 41]], [22, []], [21, []], [42, [42, 44, 45, 46]], [41, []], [36, []], [37, []], [44, []], [45, []], [46, []], [50, [50, 6, 7, 8]], [9, []], [6, []], [23, [23, 5]], [7, []], [8, []], [24, [24, 26]], [26, []], [40, [40]], [5, []]], [[0, []], [10, [10, 12, 15, 13]], [12, []], [13, []], [15, [16, 17, 14, 25]], [16, []], [17, []], [32, [32, 31, 28, 35]], [31, []], [14, []], [28, []], [35, []], [30, [30, 33, 34, 38]], [33, []], [34, []], [48, [48, 47, 49, 29]], [47, []], [49, []], [38, []], [29, []], [27, [27]], [25, []], [39, [39]]]], [[[11, [11]]], [[10, [10, 12, 15, 13]]], [[15, [16, 17, 14, 25]]], [[2, [20, 2, 9]]], [[19, [19, 18, 22, 21]]], [[32, [32, 31, 28, 35]]], [[43, [43, 36, 37, 41]]], [[42, [42, 44, 45, 46]]], [[30, [30, 33, 34, 38]]], [[48, [48, 47, 49, 29]]], [[50, [50, 6, 7, 8]]], [[27, [27]]], [[39, [39]], [23, [23, 5]]], [[24, [24, 26]]], [[40, [40]]]]]",53.327797140277966,0,13,3.5384615384615383,53.93861402328556,1,15,3.1333333333333333,,,
158,test_data/data_demand_random_50_batch_all1_equal_cluster/C201_0.5.dat,8,60,1,512.6124969497314,"[[[[0, [3, 1]], [1, []], [5, [5, 8, 9, 7, 6]], [7, []], [8, []], [24, [24, 22, 21, 20, 18, 19, 26, 25]], [25, [40, 39, 23]], [40, []], [39, []], [26, []], [23, []], [6, []], [9, [41, 42, 50, 46, 45, 44, 43]], [41, []], [42, []], [50, []], [46, []], [45, []], [44, []], [43, []], [22, []], [21, []], [20, []], [18, []], [19, []], [3, []]], [[0, [4, 2]], [11, [11, 10, 13, 12]], [10, []], [12, []], [14, [14, 17, 16, 15]], [31, [31, 32, 27, 29, 30, 38, 33, 34]], [32, []], [17, []], [16, []], [15, []], [13, []], [27, [49, 47, 48, 28, 35, 36, 37]], [29, []], [30, []], [38, []], [49, []], [47, []], [48, []], [33, []], [34, []], [28, []], [35, []], [36, []], [37, []], [4, []], [2, []]]], [[[5, [5, 8, 9, 7, 6]]], [[11, [11, 10, 13, 12]]], [[14, [14, 17, 16, 15]]], [[24, [24, 22, 21, 20, 18, 19, 26, 25]]], [[31, [31, 32, 27, 29, 30, 38, 33, 34]]], [[25, [40, 39, 23]]], [[9, [41, 42, 50, 46, 45, 44, 43]]], [[27, [49, 47, 48, 28, 35, 36, 37]]]]]",,,38.26061725679033,0,8,5.75,,,,,,(not found),
159,test_data/data_demand_random_50_batch_all1_equal_cluster/C201_0.5.dat,8,60,2,520.6124969497314,"[[[[0, [4, 2]], [11, [11, 12]], [10, [10, 17, 15, 16, 13, 14]], [12, []], [14, []], [31, [31, 32, 30, 29, 28, 34, 33, 37]], [32, []], [17, []], [16, []], [15, []], [13, []], [27, [27, 38, 49, 48, 47, 36, 35, 19]], [30, []], [38, []], [49, []], [34, []], [33, []], [48, []], [47, []], [29, []], [28, []], [35, []], [36, []], [37, []], [19, []], [4, []], [2, []]], [[0, [3]], [5, [5, 1, 8, 6, 9, 7]], [7, []], [8, []], [9, []], [6, []], [24, [24, 26, 23, 18, 20, 21, 22, 25]], [25, [40, 39, 41, 42]], [40, []], [39, []], [26, []], [23, [50, 46, 45, 44, 43]], [1, []], [18, []], [20, []], [21, []], [22, []], [41, []], [42, []], [50, []], [46, []], [45, []], [44, []], [43, []], [3, []]]], [[[11, [11, 12]]], [[5, [5, 1, 8, 6, 9, 7]]], [[10, [10, 17, 15, 16, 13, 14]]], [[24, [24, 26, 23, 18, 20, 21, 22, 25]]], [[31, [31, 32, 30, 29, 28, 34, 33, 37]]], [[25, [40, 39, 41, 42]]], [[23, [50, 46, 45, 44, 43]]], [[27, [27, 38, 49, 48, 47, 36, 35, 19]]]]]",,,38.476137566027084,0,8,5.875,,,,,,(not found),
160,test_data/data_demand_random_50_batch_all1_equal_cluster/C201_0.5.dat,8,60,3,504.0,"[[[[0, [1]], [1, []], [10, [10, 11, 9, 6, 8, 5, 7]], [11, []], [9, []], [6, []], [8, []], [5, [20, 24, 23, 25, 26, 39, 21, 22]], [20, [50, 46, 45, 44, 43, 40, 41, 42]], [21, []], [22, []], [50, []], [46, []], [45, []], [44, []], [43, []], [42, []], [41, []], [24, []], [23, []], [7, []], [25, []], [26, []], [40, []], [39, []]], [[0, [4, 3, 2]], [2, []], [12, [12, 14, 16, 15, 13, 17]], [14, []], [31, [31, 32, 27, 33, 19]], [32, []], [17, []], [16, []], [15, []], [13, []], [27, [48, 47, 49, 28, 34, 38, 30, 29]], [33, []], [34, []], [48, []], [47, []], [49, []], [38, []], [30, []], [29, []], [28, [35, 36, 37, 18]], [35, []], [36, []], [37, []], [19, []], [18, []], [4, []], [3, []]]], [[[10, [10, 11, 9, 6, 8, 5, 7]]], [[12, [12, 14, 16, 15, 13, 17]]], [[5, [20, 24, 23, 25, 26, 39, 21, 22]]], [[31, [31, 32, 27, 33, 19]]], [[20, [50, 46, 45, 44, 43, 40, 41, 42]]], [[27, [48, 47, 49, 28, 34, 38, 30, 29]]], [[28, [35, 36, 37, 18]]]]]",544.8458171445384,"[[[[0, [3]], [10, [10]], [14, [14, 16, 17, 13, 15]], [15, []], [16, []], [17, []], [31, [31, 32, 27, 33, 34, 38, 30, 29]], [32, []], [13, []], [27, [48, 47, 49, 28, 35, 36, 37]], [33, []], [34, []], [48, []], [47, []], [49, []], [38, []], [30, []], [29, []], [28, [45, 44, 43]], [35, []], [36, []], [37, []], [45, []], [44, []], [43, []], [3, []]], [[0, [2, 1]], [12, [12, 6, 7, 8, 5, 9, 4]], [11, [11, 22, 21, 20, 18, 19]], [1, []], [5, []], [9, []], [6, []], [23, [40, 39, 41, 42, 46, 50, 23, 26]], [7, []], [8, []], [40, []], [39, []], [26, []], [25, [25, 24]], [24, []], [41, []], [42, []], [46, []], [50, []], [22, []], [21, []], [20, []], [18, []], [19, []], [4, []], [2, []]]], [[[12, [12, 6, 7, 8, 5, 9, 4]], [10, [10]]], [[14, [14, 16, 17, 13, 15]]], [[11, [11, 22, 21, 20, 18, 19]]], [[31, [31, 32, 27, 33, 34, 38, 30, 29]]], [[23, [40, 39, 41, 42, 46, 50, 23, 26]]], [[25, [25, 24]]], [[27, [48, 47, 49, 28, 35, 36, 37]]], [[28, [45, 44, 43]]]]]",39.289429424641156,0,7,6.571428571428571,41.28465098332166,1,8,5.875,,,
161,test_data/data_demand_random_50_batch_all1_equal_cluster/C201_0.5.dat,8,60,4,517.0,"[[[[0, [2, 4, 3, 1]], [2, []], [11, [11, 12]], [12, [14, 17, 16, 15, 13, 19]], [14, []], [31, [31, 32, 27, 29, 38, 34, 33, 30]], [32, []], [17, []], [16, []], [15, []], [13, []], [27, [49, 48, 47, 35, 36, 37]], [29, []], [38, []], [49, []], [34, []], [33, []], [48, []], [47, []], [30, []], [35, []], [36, []], [37, []], [19, []], [4, []], [3, []], [1, []]], [[0, []], [5, [5, 6, 8, 7, 9]], [10, [10]], [28, [28, 18, 20, 22, 21, 24, 23, 25]], [18, []], [20, [43, 44, 45, 46, 50, 42, 41, 26]], [43, []], [44, []], [45, []], [46, []], [50, []], [42, []], [22, []], [21, []], [41, []], [24, []], [23, []], [9, []], [6, []], [8, []], [7, []], [25, [40, 39]], [26, []], [40, []], [39, []]]], [[[11, [11, 12]]], [[5, [5, 6, 8, 7, 9]]], [[10, [10]]], [[12, [14, 17, 16, 15, 13, 19]]], [[28, [28, 18, 20, 22, 21, 24, 23, 25]]], [[31, [31, 32, 27, 29, 38, 34, 33, 30]]], [[20, [43, 44, 45, 46, 50, 42, 41, 26]]], [[25, [40, 39]]], [[27, [49, 48, 47, 35, 36, 37]]]]]",,,38.86329489784434,0,9,5.111111111111111,,,,,,(not found),
162,test_data/data_demand_random_50_batch_all1_equal_cluster/C201_0.5.dat,8,60,5,541.6124969497314,"[[[[0, [4, 2, 1]], [12, [12, 14, 17, 16, 15, 13, 22, 21]], [14, []], [31, [31, 32, 27, 33, 34, 38, 35, 36]], [32, []], [17, []], [16, []], [15, []], [13, []], [27, [48, 47, 49, 43, 45, 46, 50, 20]], [33, []], [34, []], [48, []], [47, []], [49, []], [38, []], [35, []], [36, []], [43, []], [45, []], [46, []], [50, []], [22, []], [21, []], [20, []], [18, [18]], [4, []], [2, []], [1, []]], [[0, [3]], [3, []], [10, [10, 11, 19, 7, 8, 9, 6, 5]], [11, []], [28, [28, 29, 30, 37, 24, 26, 25, 23]], [29, []], [30, []], [19, [44, 42, 41, 39, 40]], [37, []], [44, []], [42, []], [41, []], [24, []], [7, []], [8, []], [39, []], [40, []], [26, []], [25, []], [23, []], [9, []], [6, []], [5, []]]], [[[10, [10, 11, 19, 7, 8, 9, 6, 5]]], [[12, [12, 14, 17, 16, 15, 13, 22, 21]]], [[28, [28, 29, 30, 37, 24, 26, 25, 23]]], [[31, [31, 32, 27, 33, 34, 38, 35, 36]]], [[19, [44, 42, 41, 39, 40]]], [[27, [48, 47, 49, 43, 45, 46, 50, 20]]], [[18, [18]]]]]",,,40.588565776776086,0,7,6.571428571428571,,,,,,(not found),
163,test_data/data_demand_random_50_batch_all1_equal_cluster/C201_0.5.dat,8,90,1,496.0,"[[[[0, [4, 3, 1]], [5, [5, 9, 6, 7, 8]], [7, []], [8, []], [6, []], [9, []], [23, [23, 24, 20, 21, 22, 19, 26, 25]], [26, []], [39, [39, 40, 41, 42]], [40, []], [25, []], [24, [50, 46, 45, 44, 43, 37, 18]], [20, []], [21, []], [22, []], [41, []], [42, []], [50, []], [46, []], [45, []], [44, []], [43, []], [37, []], [19, []], [18, []], [4, []], [3, []], [1, []]], [[0, [2]], [2, []], [11, [11, 10]], [10, [14, 15, 17, 16, 13]], [14, []], [15, []], [17, []], [31, [31, 32, 29, 33, 34, 30, 38, 35]], [32, []], [16, []], [29, []], [33, []], [34, []], [48, [48, 47, 49, 36, 28, 27, 12]], [47, []], [49, []], [30, []], [38, []], [35, []], [36, []], [28, []], [27, []], [13, []], [12, []]]], [[[5, [5, 9, 6, 7, 8]]], [[11, [11, 10]]], [[10, [14, 15, 17, 16, 13]]], [[23, [23, 24, 20, 21, 22, 19, 26, 25]]], [[31, [31, 32, 29, 33, 34, 30, 38, 35]]], [[39, [39, 40, 41, 42]]], [[24, [50, 46, 45, 44, 43, 37, 18]]], [[48, [48, 47, 49, 36, 28, 27, 12]]]]]",560.0,"[[[[0, []], [5, [5, 6, 7, 8, 9]], [6, []], [7, [12]], [8, []], [9, []], [23, [23, 25, 26, 24, 22, 21, 20, 18]], [25, []], [39, [39, 40, 41, 42]], [40, []], [26, [43, 44, 37, 45, 46, 50, 19]], [24, []], [41, []], [42, []], [43, []], [44, []], [37, []], [45, []], [46, []], [50, []], [22, []], [21, []], [20, []], [18, []], [19, []], [12, []]], [[0, [4, 3, 1, 2]], [2, []], [11, [11, 10]], [10, [14, 15, 17, 16, 13]], [14, []], [15, []], [17, []], [32, [32, 31, 30, 38, 29, 33, 34, 36]], [31, []], [16, []], [30, []], [38, []], [29, []], [33, []], [34, []], [48, [48, 47, 49, 35, 28, 27]], [47, []], [49, []], [36, []], [35, []], [28, []], [27, []], [13, []], [4, []], [3, []], [1, []]]], [[[5, [5, 6, 7, 8, 9]]], [[11, [11, 10]], [7, [12]]], [[10, [14, 15, 17, 16, 13]]], [[23, [23, 25, 26, 24, 22, 21, 20, 18]]], [[32, [32, 31, 30, 38, 29, 33, 34, 36]]], [[39, [39, 40, 41, 42]]], [[26, [43, 44, 37, 45, 46, 50, 19]]], [[48, [48, 47, 49, 35, 28, 27]]]]]",44.05761513859376,0,8,5.75,50.96268172204868,1,8,5.75,,,
164,test_data/data_demand_random_50_batch_all1_equal_cluster/C201_0.5.dat,8,90,2,491.6124969497314,"[[[[0, [2]], [5, [5, 7, 8, 6, 9, 11]], [7, []], [8, []], [23, [23, 26, 25, 24, 22, 21, 20, 18]], [26, []], [39, [39, 40, 41, 42]], [40, [43, 44, 45, 46, 50, 19]], [25, []], [6, []], [9, []], [24, []], [41, []], [42, []], [22, []], [43, []], [44, []], [45, []], [46, []], [50, []], [21, []], [20, []], [18, []], [19, []], [11, []], [2, []]], [[0, [4, 3, 1]], [10, [10, 12]], [12, []], [14, [14, 17, 16, 15, 13]], [31, [31, 32, 27, 33, 34]], [32, []], [17, []], [16, []], [15, []], [13, []], [27, []], [33, []], [34, []], [48, [48, 47, 49, 28, 35, 36, 37]], [47, [38, 30, 29]], [49, []], [38, []], [30, []], [29, []], [28, []], [35, []], [36, []], [37, []], [4, []], [3, []], [1, []]]], [[[5, [5, 7, 8, 6, 9, 11]]], [[10, [10, 12]]], [[14, [14, 17, 16, 15, 13]]], [[23, [23, 26, 25, 24, 22, 21, 20, 18]]], [[31, [31, 32, 27, 33, 34]]], [[39, [39, 40, 41, 42]]], [[40, [43, 44, 45, 46, 50, 19]]], [[48, [48, 47, 49, 28, 35, 36, 37]]], [[47, [38, 30, 29]]]]]",,,50.044963991323854,0,9,5.111111111111111,,,,,,(not found),
165,test_data/data_demand_random_50_batch_all1_equal_cluster/C201_0.5.dat,8,90,3,496.6619037896906,"[[[[0, []], [10, [10]], [15, [15, 16, 17, 14, 12, 13]], [16, []], [17, []], [32, [32, 31, 27, 33, 34, 38, 30, 29]], [31, []], [14, []], [12, []], [13, []], [27, []], [33, []], [34, []], [48, [48, 47, 49, 28, 35, 36, 37, 19]], [47, []], [49, []], [38, []], [30, []], [29, []], [28, []], [35, []], [36, []], [37, []], [19, []], [18, [18]]], [[0, [2, 4, 3, 1]], [2, []], [5, [5, 9, 6, 7, 8, 11]], [9, []], [6, []], [7, []], [8, []], [39, [39, 40, 26, 25, 23, 24, 21, 22]], [40, []], [26, []], [25, []], [23, []], [24, []], [42, [42, 41, 50, 46, 45, 44, 43, 20]], [41, []], [21, []], [22, []], [50, []], [46, []], [45, []], [44, []], [43, []], [20, []], [4, []], [3, []], [11, []], [1, []]]], [[[5, [5, 9, 6, 7, 8, 11]]], [[10, [10]]], [[15, [15, 16, 17, 14, 12, 13]]], [[32, [32, 31, 27, 33, 34, 38, 30, 29]]], [[39, [39, 40, 26, 25, 23, 24, 21, 22]]], [[42, [42, 41, 50, 46, 45, 44, 43, 20]]], [[48, [48, 47, 49, 28, 35, 36, 37, 19]]], [[18, [18]]]]]",,,50.388787225719376,0,8,5.75,,,,,,(not found),
166,test_data/data_demand_random_50_batch_all1_equal_cluster/C201_0.5.dat,8,90,4,511.3238075793812,"[[[[0, [1, 3, 4, 2]], [1, []], [2, []], [4, [19, 21, 22, 20, 18]], [19, []], [27, [27, 29, 34, 33, 38, 30, 35, 28]], [28, []], [29, []], [34, []], [33, []], [48, [48, 47, 49, 36, 37, 43, 44, 45]], [47, []], [49, []], [38, []], [30, []], [35, []], [36, []], [37, []], [43, []], [44, []], [45, []], [46, [46, 50, 42, 41]], [50, []], [42, []], [41, []], [21, []], [22, []], [20, []], [18, []], [3, []]], [[0, []], [15, [15, 16, 17, 13, 14, 12, 6, 7]], [16, []], [17, []], [32, [32, 31, 25, 26, 9, 10, 5, 8]], [31, []], [14, []], [13, [40, 39, 23, 24, 11]], [12, []], [10, []], [11, []], [6, []], [25, []], [40, []], [39, []], [26, []], [23, []], [9, []], [24, []], [7, []], [8, []], [5, []]]], [[[15, [15, 16, 17, 13, 14, 12, 6, 7]]], [[4, [19, 21, 22, 20, 18]]], [[32, [32, 31, 25, 26, 9, 10, 5, 8]]], [[27, [27, 29, 34, 33, 38, 30, 35, 28]]], [[13, [40, 39, 23, 24, 11]]], [[48, [48, 47, 49, 36, 37, 43, 44, 45]]], [[46, [46, 50, 42, 41]]]]]",537.6568542494924,"[[[[0, []], [5, [5]], [11, [11, 13, 6, 9]], [27, [27, 17, 26, 25, 14, 15, 16]], [13, []], [14, []], [15, []], [16, []], [17, []], [32, [32, 31, 39, 40, 23, 24, 7, 8]], [31, []], [39, []], [40, []], [26, []], [25, []], [23, []], [24, []], [7, []], [8, []], [6, []], [9, []]], [[0, [4, 3, 1, 2]], [3, []], [1, []], [2, []], [10, [10, 12, 21, 19]], [12, []], [28, [28, 29, 30, 34, 33, 38, 35, 36]], [29, []], [30, []], [34, []], [33, []], [48, [48, 47, 49, 37, 43, 44, 45, 46]], [47, []], [49, []], [38, []], [35, []], [36, []], [37, []], [43, []], [44, []], [45, []], [46, []], [50, [50, 22, 20, 18, 42, 41]], [22, []], [21, []], [42, []], [41, []], [20, []], [18, []], [19, []], [4, []]]], [[[5, [5]]], [[10, [10, 12, 21, 19]], [11, [11, 13, 6, 9]]], [[27, [27, 17, 26, 25, 14, 15, 16]]], [[28, [28, 29, 30, 34, 33, 38, 35, 36]]], [[32, [32, 31, 39, 40, 23, 24, 7, 8]]], [[48, [48, 47, 49, 37, 43, 44, 45, 46]]], [[50, [50, 22, 20, 18, 42, 41]]]]]",54.66133996732809,0,7,6.571428571428571,51.81188432098246,1,7,6.571428571428571,,,
167,test_data/data_demand_random_50_batch_all1_equal_cluster/C201_0.5.dat,8,90,5,487.6124969497314,"[[[[0, [4, 1, 2]], [12, [12, 13]], [13, []], [14, [14, 17, 16, 15, 19]], [31, [31, 32, 27, 30, 28, 34, 29, 33]], [32, []], [17, []], [16, []], [15, []], [27, []], [33, []], [34, []], [48, [48, 47, 38, 35, 36, 37]], [47, []], [49, [49]], [38, []], [30, []], [29, []], [28, []], [35, []], [36, []], [37, []], [19, []], [4, []], [2, []], [1, []]], [[0, [3]], [5, [5, 11, 10, 7, 8, 9, 6]], [9, []], [6, []], [7, []], [23, [23, 18, 24, 22, 21, 20, 25, 26]], [8, []], [25, []], [39, [39]], [40, [40, 41, 42, 50, 46, 45, 44, 43]], [26, []], [24, []], [41, []], [42, []], [50, []], [46, []], [45, []], [44, []], [43, []], [22, []], [21, []], [20, []], [18, []], [3, []], [11, []], [10, []]]], [[[5, [5, 11, 10, 7, 8, 9, 6]]], [[12, [12, 13]]], [[14, [14, 17, 16, 15, 19]]], [[23, [23, 18, 24, 22, 21, 20, 25, 26]]], [[31, [31, 32, 27, 30, 28, 34, 29, 33]]], [[39, [39]]], [[40, [40, 41, 42, 50, 46, 45, 44, 43]]], [[48, [48, 47, 38, 35, 36, 37]]], [[49, [49]]]]]",585.0225835646885,"[[[[0, [4, 3]], [5, [5, 8, 6]], [8, []], [6, []], [25, [25, 26, 24, 22, 21, 20, 19, 18]], [39, [39, 40, 41, 42, 50, 46, 45, 43]], [40, []], [26, []], [24, []], [41, []], [42, []], [22, []], [21, []], [20, []], [50, []], [46, []], [45, []], [43, []], [44, [44, 37, 36]], [37, []], [36, []], [19, []], [18, []], [4, []], [3, []]], [[0, [1, 2]], [7, [7, 9, 11, 10, 12, 13, 16, 17]], [23, [23]], [9, []], [1, [27, 28, 33, 34, 30, 29, 31]], [2, []], [11, []], [10, []], [12, []], [13, []], [27, []], [28, []], [33, []], [34, []], [48, [48, 47, 49, 38, 35, 32, 15, 14]], [47, []], [49, []], [38, []], [35, []], [30, []], [29, []], [16, []], [17, []], [31, []], [32, []], [15, []], [14, []]]], [[[7, [7, 9, 11, 10, 12, 13, 16, 17]]], [[23, [23]], [5, [5, 8, 6]]], [[1, [27, 28, 33, 34, 30, 29, 31]]], [[25, [25, 26, 24, 22, 21, 20, 19, 18]]], [[39, [39, 40, 41, 42, 50, 46, 45, 43]]], [[44, [44, 37, 36]]], [[48, [48, 47, 49, 38, 35, 32, 15, 14]]]]]",51.844272091200075,0,9,5.111111111111111,52.60987484657479,1,7,6.571428571428571,,,
168,test_data/data_demand_random_50_batch_all1_equal_cluster/C201_0.5.dat,8,120,1,489.1760149812701,"[[[[0, [1, 2, 4]], [10, [10, 11]], [11, []], [1, [19, 12, 13, 15, 16, 17]], [2, []], [4, []], [19, []], [36, [36, 35, 28, 29, 30, 38, 34, 33]], [35, []], [28, []], [29, []], [30, []], [38, []], [49, [49, 47, 48, 27, 32, 31, 14]], [47, []], [48, []], [34, []], [33, []], [27, []], [12, []], [13, []], [15, []], [16, []], [17, []], [32, []], [31, []], [14, []]], [[0, [3]], [5, [5, 9, 6, 7, 8]], [9, []], [6, []], [7, []], [8, []], [25, [25, 26, 23, 24, 22, 21, 20, 18]], [39, [39, 40, 41, 42]], [40, []], [26, []], [23, []], [24, []], [41, []], [42, []], [50, [50, 46, 45, 37, 44, 43]], [46, []], [45, []], [37, []], [44, []], [43, []], [22, []], [21, []], [20, []], [18, []], [3, []]]], [[[5, [5, 9, 6, 7, 8]]], [[10, [10, 11]]], [[1, [19, 12, 13, 15, 16, 17]]], [[25, [25, 26, 23, 24, 22, 21, 20, 18]]], [[36, [36, 35, 28, 29, 30, 38, 34, 33]]], [[39, [39, 40, 41, 42]]], [[49, [49, 47, 48, 27, 32, 31, 14]]], [[50, [50, 46, 45, 37, 44, 43]]]]]",,,50.427882957606236,0,8,5.75,,,,,,(not found),
169,test_data/data_demand_random_50_batch_all1_equal_cluster/C201_0.5.dat,8,120,2,579.0,"[[[[0, [10, 11, 7, 8, 6, 1]], [14, [14, 12, 5]], [15, [15, 16, 17, 13, 9]], [16, []], [32, [32, 26, 31, 25, 23, 24, 27]], [17, []], [31, []], [13, []], [27, []], [12, []], [10, []], [11, []], [1, []], [6, []], [7, []], [8, []], [26, []], [40, [40, 39]], [39, []], [25, []], [23, []], [24, []], [9, []], [5, []]], [[0, [48, 47, 49, 30, 38, 35, 36, 37, 50, 46, 45, 44, 43, 22, 42, 41, 21, 20, 4, 19, 28, 2, 29, 33, 3, 34, 18]], [2, []], [4, []], [19, []], [28, []], [29, []], [33, []], [34, []], [48, []], [47, []], [49, []], [30, []], [38, []], [35, []], [36, []], [37, []], [50, []], [46, []], [45, []], [44, []], [43, []], [22, []], [42, []], [41, []], [21, []], [20, []], [18, []], [3, []]]], [[[14, [14, 12, 5]]], [[15, [15, 16, 17, 13, 9]]], [[32, [32, 26, 31, 25, 23, 24, 27]]], [[40, [40, 39]]]]]",,,48.53309438960066,0,4,4.25,,,,,,(not found),
170,test_data/data_demand_random_50_batch_all1_equal_cluster/C201_0.5.dat,8,120,3,494.7630546142402,"[[[[0, [2]], [10, [10, 13]], [13, []], [12, [12, 14, 17, 16, 15, 19]], [14, []], [31, [31, 32, 27, 33, 34]], [32, []], [17, []], [16, []], [15, []], [27, []], [33, []], [34, []], [48, [48, 47, 49, 28, 35, 36, 37]], [47, []], [49, [38, 30, 29]], [38, []], [30, []], [29, []], [28, []], [35, []], [36, []], [37, []], [19, []], [2, []]], [[0, [4, 3, 1]], [5, [5, 8, 7, 11, 6, 9]], [11, []], [3, []], [4, []], [18, [18, 20, 21, 22, 24, 25, 23, 26]], [20, []], [21, []], [22, []], [43, [43, 44, 45, 46, 42, 41, 39, 40]], [44, []], [45, []], [46, []], [50, [50]], [42, []], [41, []], [24, []], [23, []], [26, []], [39, []], [40, []], [25, []], [8, []], [7, []], [6, []], [9, []], [1, []]]], [[[5, [5, 8, 7, 11, 6, 9]]], [[10, [10, 13]]], [[12, [12, 14, 17, 16, 15, 19]]], [[18, [18, 20, 21, 22, 24, 25, 23, 26]]], [[31, [31, 32, 27, 33, 34]]], [[43, [43, 44, 45, 46, 42, 41, 39, 40]]], [[50, [50]]], [[48, [48, 47, 49, 28, 35, 36, 37]]], [[49, [38, 30, 29]]]]]",,,52.411634884252784,0,9,5.111111111111111,,,,,,(not found),
171,test_data/data_demand_random_50_batch_all1_equal_cluster/C201_0.5.dat,8,120,4,513.5410196624969,"[[[[0, []], [5, [5]], [9, [9, 6, 7, 8, 12, 13, 15]], [6, []], [7, []], [8, []], [23, [23, 25, 26, 24]], [25, []], [39, [39, 40, 32, 31, 28, 16, 17, 14]], [40, []], [26, []], [24, []], [28, []], [12, []], [13, []], [15, []], [16, []], [17, []], [32, []], [31, []], [14, []]], [[0, [1, 3, 2, 4]], [11, [11, 10]], [2, []], [4, []], [1, []], [3, []], [18, [18, 19, 20, 21, 22, 30, 29, 27]], [19, []], [20, []], [21, []], [22, []], [41, [41, 42, 50, 46, 45, 44, 43, 37]], [42, []], [50, []], [46, []], [45, []], [44, []], [43, []], [37, []], [36, [36, 35, 38, 33, 34]], [35, []], [30, []], [38, []], [49, [49, 47, 48]], [47, []], [48, []], [33, []], [34, []], [29, []], [27, []], [10, []]]], [[[5, [5]]], [[11, [11, 10]]], [[9, [9, 6, 7, 8, 12, 13, 15]]], [[23, [23, 25, 26, 24]]], [[18, [18, 19, 20, 21, 22, 30, 29, 27]]], [[39, [39, 40, 32, 31, 28, 16, 17, 14]]], [[41, [41, 42, 50, 46, 45, 44, 43, 37]]], [[36, [36, 35, 38, 33, 34]]], [[49, [49, 47, 48]]]]]",,,49.030511549355055,0,9,5.111111111111111,,,,,,(not found),
172,test_data/data_demand_random_50_batch_all1_equal_cluster/C201_0.5.dat,8,120,5,477.06888370749726,"[[[[0, [1]], [5, [5, 3, 6, 7, 8, 9]], [9, []], [6, []], [7, []], [8, []], [25, [25, 26, 24, 22, 21, 20, 18, 23]], [39, [39, 40, 41, 42, 11, 10]], [40, []], [26, [50, 46, 45, 44, 43]], [23, []], [24, []], [41, []], [42, []], [50, []], [46, []], [45, []], [44, []], [43, []], [22, []], [21, []], [20, []], [18, []], [3, []], [1, []], [11, []], [10, []]], [[0, [4, 2]], [15, [15, 16, 17, 14, 12, 13]], [16, []], [17, []], [32, [32, 31, 27, 33, 34, 19, 29]], [31, []], [14, []], [12, []], [13, []], [27, []], [33, []], [34, []], [48, [48, 49, 38, 30, 28, 35, 36, 37]], [47, [47]], [49, []], [38, []], [30, []], [29, []], [28, []], [35, []], [36, []], [37, []], [19, []], [4, []], [2, []]]], [[[5, [5, 3, 6, 7, 8, 9]]], [[15, [15, 16, 17, 14, 12, 13]]], [[25, [25, 26, 24, 22, 21, 20, 18, 23]]], [[32, [32, 31, 27, 33, 34, 19, 29]]], [[39, [39, 40, 41, 42, 11, 10]]], [[26, [50, 46, 45, 44, 43]]], [[48, [48, 49, 38, 30, 28, 35, 36, 37]]], [[47, [47]]]]]",,,56.15704049884805,0,8,5.875,,,,,,(not found),
173,test_data/data_demand_random_50_batch_all1_equal_random/C201_0.5.dat,4,60,1,640.0,"[[[[0, [24, 37, 48, 23, 50, 40, 21, 44, 4, 33, 16, 8, 2, 35, 36, 1, 49, 41, 12, 10, 17, 34, 42, 22]], [20, [20, 28, 26]], [28, []], [43, [43]], [26, []], [24, []], [37, []], [48, []], [23, []], [50, []], [40, []], [21, []], [44, []], [4, []], [33, []], [16, []], [8, []], [2, []], [35, []], [36, []], [1, []], [49, []], [41, []], [12, []], [10, []], [17, []], [34, []], [42, []], [22, []]], [[0, [5, 3, 15, 7, 19, 13, 6, 47, 25, 27, 39, 46, 30, 38, 32, 9, 18, 45, 29, 11, 31]], [5, []], [3, []], [15, []], [7, []], [19, []], [13, []], [6, []], [47, []], [25, []], [27, []], [39, []], [46, []], [30, []], [38, []], [14, [14]], [32, []], [9, []], [18, []], [45, []], [29, []], [11, []], [31, []]]], [[[14, [14]]], [[20, [20, 28, 26]]], [[43, [43]]]]]",,,27.296447745940483,0,3,1.6666666666666667,,,,,,(not found),
174,test_data/data_demand_random_50_batch_all1_equal_random/C201_0.5.dat,4,60,2,690.0,"[[[[0, [5, 43, 28, 33, 50, 40, 4, 44, 37, 21, 23, 48, 3, 15, 47, 39, 27, 2, 32, 26]], [38, [38, 14, 8, 16]], [14, []], [32, []], [2, []], [8, []], [16, []], [26, []], [5, []], [43, []], [28, []], [24, [24, 20, 30]], [33, []], [50, []], [40, []], [4, []], [44, []], [37, []], [21, []], [23, []], [48, []], [3, []], [15, []], [47, []], [39, []], [27, []], [20, []], [30, []]], [[0, [7, 25, 46, 31, 9, 18, 45, 29, 11, 22, 42, 1, 41, 12, 10, 17, 34, 13, 19]], [13, []], [19, []], [7, []], [6, [6, 36, 49, 35]], [25, []], [46, []], [31, []], [9, []], [18, []], [45, []], [29, []], [11, []], [22, []], [42, []], [1, []], [36, []], [49, []], [41, []], [12, []], [10, []], [17, []], [34, []], [35, []]]], [[[38, [38, 14, 8, 16]]], [[6, [6, 36, 49, 35]]], [[24, [24, 20, 30]]]]]",,,41.78003022360168,0,3,3.6666666666666665,,,,,,(not found),
175,test_data/data_demand_random_50_batch_all1_equal_random/C201_0.5.dat,4,60,3,605.3232749715158,"[[[[0, [18, 9, 32, 22, 42, 1, 41, 12, 10, 17, 34, 35, 2, 8, 16, 28, 36, 5]], [14, [14, 11, 29, 45]], [31, [31, 30]], [11, []], [29, []], [45, []], [18, []], [9, []], [32, []], [22, []], [42, [49]], [1, []], [36, []], [49, []], [41, []], [12, []], [10, []], [17, []], [34, []], [35, []], [2, []], [8, []], [16, []], [28, []], [5, []], [30, []]], [[0, [15, 27, 48, 23, 40, 50, 33, 4, 44, 21, 37, 24, 3, 39, 13, 26, 20]], [46, [46, 43, 19]], [39, [7, 6, 25, 47]], [13, []], [19, []], [7, []], [6, []], [25, []], [47, []], [15, []], [27, []], [3, []], [48, []], [23, []], [40, []], [50, []], [33, []], [4, []], [44, []], [21, []], [37, []], [24, []], [26, []], [43, []], [20, []], [38, [38]]]], [[[14, [14, 11, 29, 45]]], [[46, [46, 43, 19]]], [[31, [31, 30]]], [[39, [7, 6, 25, 47]]], [[38, [38]]], [[42, [49]]]]]",,,29.701212026899938,0,6,2.5,,,,,,(not found),
176,test_data/data_demand_random_50_batch_all1_equal_random/C201_0.5.dat,4,60,4,610.0,"[[[[0, [25, 3, 15, 19, 13, 39, 27, 46, 14, 22, 32, 9, 18, 45, 29, 11, 31]], [25, []], [47, [47, 7, 6]], [3, []], [15, []], [7, []], [19, []], [13, []], [6, []], [39, []], [27, []], [46, []], [14, []], [22, []], [32, []], [9, []], [18, []], [45, []], [29, []], [11, []], [31, []]], [[0, [38, 42, 1, 36, 49, 41, 12, 10, 17, 34, 35, 2, 8, 16, 44, 4, 33, 50, 40, 21, 23, 48, 37, 24, 26, 43, 20, 28, 30]], [38, []], [42, []], [1, []], [36, []], [49, []], [41, []], [12, []], [10, []], [17, []], [34, []], [35, []], [2, []], [8, []], [16, []], [44, []], [4, []], [33, []], [50, []], [40, []], [21, []], [23, []], [48, []], [37, []], [24, []], [26, []], [28, []], [43, []], [5, [5]], [20, []], [30, []]]], [[[5, [5]]], [[47, [47, 7, 6]]]]]",,,34.31320791582797,0,2,2.0,,,,,,(not found),
177,test_data/data_demand_random_50_batch_all1_equal_random/C201_0.5.dat,4,60,5,638.0,"[[[[0, [26, 16, 4, 33, 50, 40, 23, 48, 37, 21, 44, 24, 3, 7, 19, 13, 6, 47, 27, 39, 25]], [46, [46, 15, 5]], [5, []], [26, []], [16, []], [4, []], [33, []], [50, []], [40, []], [23, []], [48, []], [37, []], [21, []], [44, []], [24, []], [3, []], [15, []], [7, []], [19, []], [13, []], [6, []], [25, []], [47, []], [27, []], [39, []]], [[0, [28, 35, 34, 41, 12, 10, 17, 42, 22, 32, 29, 11, 2, 36, 31, 38, 1]], [20, [20, 8, 14, 9]], [43, [43, 30, 18]], [28, []], [8, []], [2, []], [35, [49, 45]], [34, []], [1, []], [49, []], [36, []], [41, []], [12, []], [10, []], [17, []], [42, []], [22, []], [32, []], [45, []], [9, []], [18, []], [29, []], [11, []], [31, []], [14, []], [38, []], [30, []]]], [[[20, [20, 8, 14, 9]]], [[43, [43, 30, 18]]], [[46, [46, 15, 5]]], [[35, [49, 45]]]]]",,,32.06814330053686,0,4,3.0,,,,,,(not found),
178,test_data/data_demand_random_50_batch_all1_equal_random/C201_0.5.dat,4,90,1,556.3689465895957,"[[[[0, [1]], [11, [11, 8, 2, 9]], [29, [29, 18, 16, 14]], [9, []], [18, []], [45, [45, 35, 32, 28]], [31, [31, 42, 36, 34]], [32, []], [22, [22, 17, 12, 10]], [42, []], [35, []], [17, []], [34, []], [36, []], [1, []], [49, [49, 41, 38]], [41, []], [12, []], [10, []], [2, []], [8, []], [16, []], [28, []], [38, []], [14, []]], [[0, [3, 4]], [15, [15, 7, 6, 13]], [6, []], [13, []], [19, [19, 24, 26]], [7, []], [3, []], [24, []], [48, [48, 40, 23, 33]], [23, []], [50, [50, 44, 37, 21]], [40, []], [33, []], [4, []], [44, []], [37, []], [21, []], [26, []], [43, [43, 20, 30, 5]], [5, [25, 27]], [20, []], [30, []], [27, []], [39, [39, 47, 46]], [47, []], [25, []], [46, []]]], [[[11, [11, 8, 2, 9]]], [[15, [15, 7, 6, 13]]], [[29, [29, 18, 16, 14]]], [[19, [19, 24, 26]]], [[45, [45, 35, 32, 28]]], [[31, [31, 42, 36, 34]]], [[22, [22, 17, 12, 10]]], [[48, [48, 40, 23, 33]]], [[50, [50, 44, 37, 21]]], [[49, [49, 41, 38]]], [[43, [43, 20, 30, 5]]], [[5, [25, 27]]], [[39, [39, 47, 46]]]]]",,,50.52254118138442,0,13,3.6153846153846154,,,,,,(not found),
179,test_data/data_demand_random_50_batch_all1_equal_random/C201_0.5.dat,4,90,2,612.8035085019828,"[[[[0, [22, 1, 2, 8, 12]], [31, [31, 18, 29, 11]], [45, [45, 9, 32]], [9, []], [18, []], [29, []], [11, []], [22, []], [32, []], [35, [35, 36, 41, 10]], [2, []], [8, []], [36, []], [1, []], [49, [49, 17, 28, 26]], [41, []], [12, []], [10, []], [17, []], [34, [34, 42, 30]], [42, []], [28, []], [26, []], [30, []]], [[0, [3, 4]], [5, [5, 7, 6]], [3, [15, 16, 14, 19]], [15, []], [27, [27, 13, 21, 23]], [7, []], [13, []], [19, []], [6, []], [47, [47, 25, 33, 24]], [39, [39, 48, 38]], [25, []], [46, [46, 44, 50, 40]], [43, [43, 37, 20]], [16, []], [4, []], [44, []], [33, []], [50, []], [40, []], [21, []], [23, []], [48, []], [37, []], [24, []], [20, []], [38, []], [14, []]]], [[[5, [5, 7, 6]]], [[3, [15, 16, 14, 19]]], [[27, [27, 13, 21, 23]]], [[31, [31, 18, 29, 11]]], [[45, [45, 9, 32]]], [[47, [47, 25, 33, 24]]], [[39, [39, 48, 38]]], [[46, [46, 44, 50, 40]]], [[35, [35, 36, 41, 10]]], [[43, [43, 37, 20]]], [[49, [49, 17, 28, 26]]], [[34, [34, 42, 30]]]]]",,,42.80421768006921,0,12,3.5833333333333335,,,,,,(not found),
180,test_data/data_demand_random_50_batch_all1_equal_random/C201_0.5.dat,4,90,3,563.7826031882822,"[[[[0, [1, 3]], [15, [15, 22, 9, 18]], [3, []], [25, [25, 11, 12, 17]], [46, [46, 28, 20, 10]], [20, []], [43, [43, 45, 29, 34]], [28, [42, 32, 49, 31]], [34, []], [17, []], [10, []], [12, []], [41, [41, 36]], [49, []], [36, []], [1, []], [42, []], [22, []], [32, []], [9, []], [18, []], [45, []], [29, []], [11, []], [31, []]], [[0, [2]], [6, [6, 13, 7, 8]], [13, []], [19, [19, 16, 23, 21]], [7, []], [47, [47, 39, 27, 38]], [39, []], [27, []], [38, [14, 24, 26, 5]], [14, []], [35, [35, 33, 40]], [2, []], [8, []], [16, []], [44, [44, 30, 4]], [4, []], [33, []], [50, [50, 48, 37]], [40, []], [23, []], [48, []], [21, []], [37, []], [24, []], [26, []], [5, []], [30, []]]], [[[15, [15, 22, 9, 18]]], [[6, [6, 13, 7, 8]]], [[25, [25, 11, 12, 17]]], [[19, [19, 16, 23, 21]]], [[46, [46, 28, 20, 10]]], [[47, [47, 39, 27, 38]]], [[43, [43, 45, 29, 34]]], [[28, [42, 32, 49, 31]]], [[38, [14, 24, 26, 5]]], [[35, [35, 33, 40]]], [[41, [41, 36]]], [[44, [44, 30, 4]]], [[50, [50, 48, 37]]]]]",,,48.03652501402005,0,13,3.6153846153846154,,,,,,(not found),
181,test_data/data_demand_random_50_batch_all1_equal_random/C201_0.5.dat,4,90,4,578.0,"[[[[0, [3, 2, 1]], [5, [5]], [14, [14, 15, 10, 17]], [30, [30, 27, 16, 25]], [27, [39, 8, 23, 12]], [39, []], [15, []], [25, []], [47, [47, 48, 36, 41]], [3, []], [48, []], [23, []], [40, [40, 50, 33, 34]], [50, []], [33, []], [16, []], [8, []], [2, []], [10, []], [12, []], [1, []], [36, []], [49, [49, 42, 38, 20]], [41, []], [17, []], [34, []], [42, []], [38, []], [20, []]], [[0, [4]], [13, [13, 6, 7, 9]], [7, []], [19, [19, 21, 11]], [6, []], [46, [46, 37, 26, 24]], [37, []], [21, []], [4, []], [44, [44, 28, 32, 22]], [24, []], [26, []], [43, [43, 35, 18, 29]], [28, []], [35, []], [32, []], [22, []], [9, []], [18, []], [45, [45, 31]], [29, []], [11, []], [31, []]]], [[[5, [5]]], [[13, [13, 6, 7, 9]]], [[14, [14, 15, 10, 17]]], [[19, [19, 21, 11]]], [[30, [30, 27, 16, 25]]], [[27, [39, 8, 23, 12]]], [[46, [46, 37, 26, 24]]], [[47, [47, 48, 36, 41]]], [[44, [44, 28, 32, 22]]], [[40, [40, 50, 33, 34]]], [[43, [43, 35, 18, 29]]], [[45, [45, 31]]], [[49, [49, 42, 38, 20]]]]]",,,46.78282962727168,0,13,3.5384615384615383,,,,,,(not found),
182,test_data/data_demand_random_50_batch_all1_equal_random/C201_0.5.dat,4,90,5,630.7424525763045,"[[[[0, [10, 1, 18, 9, 22, 14, 11, 5, 2, 17]], [20, [20, 26]], [42, [42, 36, 34, 12]], [34, []], [36, []], [1, [49, 41, 43, 32]], [49, []], [41, []], [12, []], [10, []], [17, []], [2, []], [5, []], [43, []], [26, []], [35, [35, 31, 29, 45]], [32, []], [22, []], [14, []], [31, []], [11, []], [29, []], [45, []], [18, []], [9, []]], [[0, [3, 4]], [13, [13, 7, 15, 6]], [19, [19, 28, 8, 16]], [7, []], [39, [39, 27, 25, 33]], [27, []], [15, []], [6, []], [47, [47, 44, 50, 40]], [25, []], [3, []], [30, [30, 23, 21, 24]], [38, [38]], [28, []], [8, []], [16, []], [4, []], [44, []], [33, []], [50, []], [40, []], [23, []], [48, [48, 37, 46]], [37, []], [21, []], [24, []], [46, []]]], [[[20, [20, 26]]], [[13, [13, 7, 15, 6]]], [[19, [19, 28, 8, 16]]], [[42, [42, 36, 34, 12]]], [[1, [49, 41, 43, 32]]], [[39, [39, 27, 25, 33]]], [[47, [47, 44, 50, 40]]], [[30, [30, 23, 21, 24]]], [[38, [38]]], [[35, [35, 31, 29, 45]]], [[48, [48, 37, 46]]]]]",,,45.821426261428776,0,11,3.4545454545454546,,,,,,(not found),
183,test_data/data_demand_random_50_batch_all1_equal_random/C201_0.5.dat,4,120,1,644.0,"[[[[0, [10, 12, 1, 3]], [22, [22, 9, 18, 17]], [14, [14, 15, 5]], [9, [34, 45, 29, 11]], [18, []], [45, []], [29, []], [11, []], [31, [31, 32, 38, 25]], [32, []], [42, [42, 35, 36]], [34, []], [17, []], [10, []], [12, []], [1, []], [36, []], [49, [49, 41, 39, 46]], [41, []], [35, []], [5, []], [3, []], [15, []], [25, []], [39, []], [46, []], [38, []]], [[0, [13, 19, 7, 6, 47, 27, 30, 20, 43, 28, 2, 8, 16, 33, 50, 40, 21, 44, 4, 23, 48, 37]], [13, []], [19, []], [7, []], [6, []], [47, []], [27, []], [30, []], [20, []], [43, []], [28, []], [2, []], [8, []], [16, []], [33, []], [50, []], [40, []], [21, []], [44, []], [4, []], [23, []], [48, []], [37, []], [24, [24, 26]], [26, []]]], [[[22, [22, 9, 18, 17]]], [[14, [14, 15, 5]]], [[24, [24, 26]]], [[9, [34, 45, 29, 11]]], [[31, [31, 32, 38, 25]]], [[42, [42, 35, 36]]], [[49, [49, 41, 39, 46]]]]]",678.6301869783294,"[[[[0, [9, 8, 2, 4]], [29, [29, 18, 11, 17]], [9, []], [18, []], [45, [45, 16, 21, 10]], [11, []], [17, []], [41, [41, 33, 40, 37]], [10, []], [2, []], [8, []], [16, []], [4, []], [33, []], [50, [50, 48, 44, 23]], [40, []], [21, []], [37, []], [48, []], [23, []], [44, []], [24, [24, 26, 20]], [26, []], [43, [43]], [20, []]], [[0, [3, 1, 6]], [13, [13, 19, 7, 14]], [19, []], [7, []], [6, []], [25, [25, 27, 15, 12]], [27, []], [3, []], [15, []], [47, [47, 35, 36, 34]], [39, [39, 49, 42, 22]], [46, [46, 28, 38, 32]], [38, []], [28, []], [35, []], [34, []], [12, []], [49, []], [36, []], [1, []], [42, []], [22, []], [32, []], [31, [31, 30, 5]], [14, []], [5, []], [30, []]]], [[[29, [29, 18, 11, 17]]], [[13, [13, 19, 7, 14]]], [[45, [45, 16, 21, 10]]], [[25, [25, 27, 15, 12]]], [[47, [47, 35, 36, 34]]], [[39, [39, 49, 42, 22]]], [[46, [46, 28, 38, 32]]], [[41, [41, 33, 40, 37]]], [[50, [50, 48, 44, 23]]], [[24, [24, 26, 20]]], [[43, [43]], [31, [31, 30, 5]]]]]",45.996384856129445,0,7,3.4285714285714284,51.131840072529506,1,11,3.909090909090909,,,
184,test_data/data_demand_random_50_batch_all1_equal_random/C201_0.5.dat,4,120,2,636.0,"[[[[0, [1, 2, 14, 12]], [29, [29, 10, 17, 20]], [18, [18, 9, 11, 22]], [9, []], [45, [45, 31, 36, 5]], [11, []], [31, [49, 35, 28, 30]], [14, []], [22, []], [32, [32, 41, 34, 42]], [35, []], [2, []], [10, []], [12, []], [36, []], [1, []], [49, []], [41, []], [17, []], [34, []], [42, []], [5, []], [43, [43, 38]], [28, []], [38, []], [20, []], [30, []]], [[0, [4, 33, 50, 40, 23, 48, 37, 21, 44, 8, 3, 7, 19, 13, 15, 24, 26, 27, 25, 16]], [46, [46, 39, 47, 6]], [39, []], [27, []], [47, []], [25, []], [6, []], [13, []], [19, []], [7, []], [15, []], [3, []], [24, []], [4, []], [33, []], [50, []], [40, []], [23, []], [48, []], [37, []], [21, []], [44, []], [8, []], [16, []], [26, []]]], [[[46, [46, 39, 47, 6]]], [[29, [29, 10, 17, 20]]], [[18, [18, 9, 11, 22]]], [[45, [45, 31, 36, 5]]], [[31, [49, 35, 28, 30]]], [[32, [32, 41, 34, 42]]], [[43, [43, 38]]]]]",,,40.997243999120926,0,7,3.7142857142857144,,,,,,(not found),
185,test_data/data_demand_random_50_batch_all1_equal_random/C201_0.5.dat,4,120,3,558.3238075793812,"[[[[0, [12, 10, 1, 2, 4]], [22, [22, 17, 8, 16]], [32, [32, 33, 20]], [42, [42, 35, 34, 41]], [35, []], [34, []], [17, []], [41, []], [49, [49, 36, 44, 23]], [1, []], [36, []], [12, []], [10, []], [2, []], [8, [40, 21, 37, 24]], [16, []], [44, []], [4, []], [33, []], [50, [50, 48, 26, 28]], [40, []], [21, []], [23, []], [48, []], [37, []], [24, []], [26, []], [28, []], [20, []]], [[0, [7, 3]], [13, [13, 19, 6, 15]], [19, []], [7, []], [6, []], [47, [47, 18, 25, 27]], [25, []], [15, []], [3, []], [27, []], [39, [39, 46, 11]], [46, []], [31, [31, 38, 9, 5]], [9, []], [18, []], [45, [45, 29, 30, 14]], [29, []], [11, []], [14, []], [38, []], [43, [43]], [5, []], [30, []]]], [[[22, [22, 17, 8, 16]]], [[13, [13, 19, 6, 15]]], [[32, [32, 33, 20]]], [[42, [42, 35, 34, 41]]], [[47, [47, 18, 25, 27]]], [[49, [49, 36, 44, 23]]], [[39, [39, 46, 11]]], [[31, [31, 38, 9, 5]]], [[8, [40, 21, 37, 24]]], [[45, [45, 29, 30, 14]]], [[50, [50, 48, 26, 28]]], [[43, [43]]]]]",,,50.25397405928948,0,12,3.5833333333333335,,,,,,(not found),
186,test_data/data_demand_random_50_batch_all1_equal_random/C201_0.5.dat,4,120,4,542.0,"[[[[0, [1]], [11, [11, 10, 9, 5]], [38, [38, 14, 18, 17]], [14, []], [31, [31, 29, 12]], [9, []], [18, []], [45, [45, 42, 22, 30]], [29, []], [22, [41, 32, 36, 26]], [32, []], [42, []], [1, []], [36, []], [49, [49, 34, 35]], [41, []], [12, []], [10, []], [17, []], [34, []], [35, []], [43, [43]], [26, []], [5, []], [30, []]], [[0, [3, 2, 4]], [13, [13, 7, 6, 15]], [19, [19, 24, 23, 25]], [7, []], [6, []], [15, []], [3, []], [47, [47, 40, 27, 21]], [25, []], [46, [46, 39, 37, 16]], [39, []], [27, []], [24, []], [37, []], [48, [48, 50, 8]], [23, []], [50, []], [40, []], [21, []], [44, [44, 33, 28, 20]], [4, []], [33, []], [16, []], [8, []], [2, []], [28, []], [20, []]]], [[[11, [11, 10, 9, 5]]], [[13, [13, 7, 6, 15]]], [[19, [19, 24, 23, 25]]], [[38, [38, 14, 18, 17]]], [[31, [31, 29, 12]]], [[47, [47, 40, 27, 21]]], [[46, [46, 39, 37, 16]]], [[45, [45, 42, 22, 30]]], [[22, [41, 32, 36, 26]]], [[48, [48, 50, 8]]], [[44, [44, 33, 28, 20]]], [[49, [49, 34, 35]]], [[43, [43]]]]]",643.1247837363769,"[[[[0, [1]], [11, [11, 9, 12, 10]], [38, [38, 14, 18, 17]], [14, []], [32, [32, 29, 34, 36]], [31, [31, 35]], [29, []], [18, []], [9, []], [45, [45, 42, 43, 41]], [22, [22, 20, 5]], [42, []], [34, []], [17, []], [10, []], [12, []], [41, []], [49, [49]], [1, []], [36, []], [35, []], [43, []], [5, []], [20, []]], [[0, [2, 4, 3]], [13, [13, 6, 15, 7]], [7, []], [19, [19, 24, 23, 27]], [6, []], [15, []], [27, []], [3, []], [47, [47, 25, 21, 8]], [25, []], [39, [39, 37, 16]], [46, [46, 30, 28, 33]], [24, []], [37, []], [48, [48, 50, 40, 26]], [23, []], [50, []], [40, []], [21, []], [44, [44]], [4, []], [33, []], [16, []], [8, []], [2, []], [28, []], [26, []], [30, []]]], [[[11, [11, 9, 12, 10]]], [[13, [13, 6, 15, 7]]], [[19, [19, 24, 23, 27]]], [[38, [38, 14, 18, 17]]], [[32, [32, 29, 34, 36]]], [[31, [31, 35]]], [[47, [47, 25, 21, 8]]], [[39, [39, 37, 16]]], [[46, [46, 30, 28, 33]]], [[45, [45, 42, 43, 41]]], [[48, [48, 50, 40, 26]]], [[44, [44]], [22, [22, 20, 5]]], [[49, [49]]]]]",47.800468805625265,0,13,3.5384615384615383,49.06871080226463,1,13,3.5384615384615383,,,
187,test_data/data_demand_random_50_batch_all1_equal_random/C201_0.5.dat,4,120,5,585.2210893875106,"[[[[0, [1, 2, 10, 8, 4]], [5, [5, 11, 9, 12]], [31, [31, 18, 16, 17]], [11, []], [45, [45, 29, 34, 33]], [18, []], [9, []], [29, []], [34, []], [17, []], [49, [49, 36, 41]], [1, []], [36, []], [41, []], [12, []], [10, []], [2, []], [8, []], [16, []], [40, [40, 50]], [50, []], [33, []], [4, []]], [[0, [3]], [13, [13, 6, 15, 7]], [7, []], [19, [19, 28, 24, 26]], [6, []], [15, []], [3, []], [47, [47, 30, 25, 21]], [25, []], [46, [46, 27, 38, 35]], [39, [39, 32, 42, 37]], [27, [14, 22, 23, 20]], [30, []], [38, []], [14, []], [32, []], [22, []], [42, []], [35, []], [28, []], [24, []], [37, []], [48, [48, 44, 43]], [23, []], [21, []], [44, []], [26, []], [43, []], [20, []]]], [[[5, [5, 11, 9, 12]]], [[13, [13, 6, 15, 7]]], [[19, [19, 28, 24, 26]]], [[31, [31, 18, 16, 17]]], [[45, [45, 29, 34, 33]]], [[47, [47, 30, 25, 21]]], [[46, [46, 27, 38, 35]]], [[39, [39, 32, 42, 37]]], [[27, [14, 22, 23, 20]]], [[48, [48, 44, 43]]], [[49, [49, 36, 41]]], [[40, [40, 50]]]]]",,,49.691281251285595,0,12,3.6666666666666665,,,,,,(not found),
188,test_data/data_demand_random_50_batch_all1_equal_random/C201_0.5.dat,8,60,1,554.0831891575846,"[[[[0, [4, 3]], [15, [15, 6, 7, 13]], [7, []], [6, [25, 27, 28, 19, 21, 23, 26, 20]], [13, []], [19, []], [25, []], [27, []], [20, []], [43, [43, 44, 33, 40, 37, 24]], [26, []], [28, []], [24, [50, 48, 47, 39, 46]], [44, []], [4, []], [33, []], [50, []], [40, []], [21, []], [37, []], [23, []], [48, []], [3, []], [47, []], [39, []], [46, []]], [[0, [1, 2]], [5, [5, 8, 10, 12, 16]], [16, []], [8, []], [2, []], [35, [35, 32, 49, 38, 30, 31, 29, 17]], [42, [42, 34, 41, 36, 45, 9, 11, 14]], [34, []], [17, []], [10, []], [12, []], [41, []], [49, []], [36, []], [1, []], [22, [22, 18]], [32, []], [9, []], [18, []], [45, []], [29, []], [11, []], [31, []], [14, []], [38, []], [30, []]]], [[[15, [15, 6, 7, 13]]], [[5, [5, 8, 10, 12, 16]]], [[6, [25, 27, 28, 19, 21, 23, 26, 20]]], [[35, [35, 32, 49, 38, 30, 31, 29, 17]]], [[42, [42, 34, 41, 36, 45, 9, 11, 14]]], [[22, [22, 18]]], [[43, [43, 44, 33, 40, 37, 24]]], [[24, [50, 48, 47, 39, 46]]]]]",,,43.13498588267195,0,8,5.75,,,,,,(not found),
189,test_data/data_demand_random_50_batch_all1_equal_random/C201_0.5.dat,8,60,2,616.0,"[[[[0, [19, 13, 7, 47, 39, 27, 48, 37, 21, 23, 40, 50, 33, 4, 44, 24, 26, 5, 43, 20, 38, 3]], [46, [46, 25, 6, 15]], [25, []], [6, []], [19, []], [13, []], [7, []], [3, []], [15, []], [47, []], [39, []], [27, []], [48, []], [37, []], [21, []], [23, []], [40, []], [50, []], [33, []], [4, []], [44, []], [24, []], [26, []], [5, []], [43, []], [20, []], [38, []]], [[0, [14, 11, 29, 31, 32, 22, 42, 17, 10, 12, 41, 1, 36, 34, 35, 2, 8, 16, 28]], [14, []], [11, []], [29, []], [45, [45, 18, 9, 30, 49]], [18, []], [9, []], [31, []], [32, []], [22, []], [42, []], [17, []], [10, []], [12, []], [41, []], [1, []], [49, []], [36, []], [34, []], [35, []], [2, []], [8, []], [16, []], [28, []], [30, []]]], [[[45, [45, 18, 9, 30, 49]]], [[46, [46, 25, 6, 15]]]]]",,,37.677577708416436,0,2,4.5,,,,,,(not found),
190,test_data/data_demand_random_50_batch_all1_equal_random/C201_0.5.dat,8,60,3,531.7099202643649,"[[[[0, [4]], [3, [3, 15, 13, 6, 5, 16, 7]], [15, []], [6, [19, 25, 27, 24, 21, 23, 26, 20]], [13, []], [19, []], [7, []], [47, [47, 46, 39, 37, 40, 33, 28]], [25, []], [46, []], [39, []], [27, []], [24, [48, 50, 43, 44]], [21, []], [37, []], [48, []], [23, []], [40, []], [50, []], [33, []], [44, []], [4, []], [16, []], [28, []], [26, []], [43, []], [5, []], [20, []]], [[0, [2, 1]], [14, [14, 9, 18, 11, 22, 12, 17]], [31, [31, 29, 32, 10, 8]], [9, []], [18, []], [45, [45, 42, 35, 34, 38, 41, 36]], [29, []], [11, []], [22, []], [32, []], [42, [49, 30]], [34, []], [17, []], [41, []], [49, []], [36, []], [1, []], [12, []], [10, []], [8, []], [2, []], [35, []], [38, []], [30, []]]], [[[14, [14, 9, 18, 11, 22, 12, 17]]], [[3, [3, 15, 13, 6, 5, 16, 7]]], [[6, [19, 25, 27, 24, 21, 23, 26, 20]]], [[31, [31, 29, 32, 10, 8]]], [[47, [47, 46, 39, 37, 40, 33, 28]]], [[45, [45, 42, 35, 34, 38, 41, 36]]], [[42, [49, 30]]], [[24, [48, 50, 43, 44]]]]]",,,42.537640844290856,0,8,5.875,,,,,,(not found),
191,test_data/data_demand_random_50_batch_all1_equal_random/C201_0.5.dat,8,60,4,548.7630546142402,"[[[[0, [2]], [22, [22, 1]], [32, [32, 31, 11, 9, 18, 12, 10]], [31, []], [11, []], [45, [45, 29, 36, 17, 8, 16, 5]], [9, []], [18, []], [29, []], [42, [42, 49, 41, 34, 35, 28]], [1, []], [36, []], [49, []], [41, []], [12, []], [10, []], [17, []], [34, []], [35, []], [2, []], [8, []], [16, []], [28, []], [5, []]], [[0, [3, 4]], [14, [14, 15, 7, 13, 6]], [3, [19, 25, 27, 24, 21, 23, 26, 20]], [15, []], [7, []], [13, []], [19, []], [6, []], [25, []], [47, [47, 39, 46, 37, 40, 33, 30, 38]], [27, []], [39, []], [46, []], [24, [48, 50, 44, 43]], [21, []], [37, []], [48, []], [23, []], [40, []], [50, []], [33, []], [4, []], [44, []], [26, []], [43, []], [20, []], [38, []], [30, []]]], [[[14, [14, 15, 7, 13, 6]]], [[22, [22, 1]]], [[32, [32, 31, 11, 9, 18, 12, 10]]], [[3, [19, 25, 27, 24, 21, 23, 26, 20]]], [[45, [45, 29, 36, 17, 8, 16, 5]]], [[47, [47, 39, 46, 37, 40, 33, 30, 38]]], [[42, [42, 49, 41, 34, 35, 28]]], [[24, [48, 50, 44, 43]]]]]",832.8245519633757,"[[[[0, [4, 3]], [20, [20, 6, 15, 16, 13, 7]], [15, [19, 27, 23, 28, 21, 24, 25, 30]], [7, []], [19, []], [13, []], [6, []], [47, [47, 48, 40, 37, 44, 33, 39]], [25, []], [39, []], [46, [46, 50]], [27, []], [3, []], [48, []], [23, []], [50, []], [40, []], [21, []], [37, []], [24, []], [44, []], [4, []], [33, []], [16, []], [28, []], [30, []]], [[0, []], [14, [14, 9, 18, 12, 10, 17, 11, 22]], [31, [31, 29, 8, 5]], [9, []], [18, []], [45, [45, 2, 1, 41, 35]], [29, []], [11, [34, 36, 49, 38, 32, 42, 26]], [22, []], [32, []], [42, []], [35, []], [34, []], [1, []], [36, []], [49, []], [41, []], [12, []], [10, []], [17, []], [2, []], [8, []], [38, []], [43, [43]], [26, []], [5, []]]], [[[14, [14, 9, 18, 12, 10, 17, 11, 22]]], [[20, [20, 6, 15, 16, 13, 7]]], [[15, [19, 27, 23, 28, 21, 24, 25, 30]]], [[31, [31, 29, 8, 5]]], [[45, [45, 2, 1, 41, 35]]], [[11, [34, 36, 49, 38, 32, 42, 26]]], [[47, [47, 48, 40, 37, 44, 33, 39]]], [[43, [43]], [46, [46, 50]]]]]",41.429458620251424,0,8,5.875,37.7366319779234,1,8,6.0,,,
192,test_data/data_demand_random_50_batch_all1_equal_random/C201_0.5.dat,8,60,5,521.6619037896905,"[[[[0, [4, 3]], [5, [5, 6, 7]], [3, []], [6, [19, 13, 15, 25, 21, 23, 24, 26]], [19, []], [13, []], [7, []], [15, []], [25, []], [46, [46, 47, 39, 27, 33, 37, 20, 30]], [47, []], [39, []], [27, [44, 50, 40, 48, 43, 38]], [21, []], [44, []], [4, []], [33, []], [50, []], [40, []], [23, []], [48, []], [37, []], [24, []], [26, []], [43, []], [20, []], [38, []], [30, []]], [[0, [1, 2]], [14, [14, 8, 16, 10, 12, 9, 11]], [2, []], [8, []], [16, []], [28, [28, 35, 34, 17, 22, 18, 29]], [35, [41, 49, 36, 42, 32, 31]], [34, []], [17, []], [10, []], [12, []], [41, []], [49, []], [36, []], [1, []], [42, []], [22, []], [32, []], [9, []], [18, []], [45, [45]], [29, []], [11, []], [31, []]]], [[[5, [5, 6, 7]]], [[14, [14, 8, 16, 10, 12, 9, 11]]], [[6, [19, 13, 15, 25, 21, 23, 24, 26]]], [[28, [28, 35, 34, 17, 22, 18, 29]]], [[35, [41, 49, 36, 42, 32, 31]]], [[46, [46, 47, 39, 27, 33, 37, 20, 30]]], [[27, [44, 50, 40, 48, 43, 38]]], [[45, [45]]]]]",,,38.19396885636619,0,8,5.75,,,,,,(not found),
193,test_data/data_demand_random_50_batch_all1_equal_random/C201_0.5.dat,8,90,1,540.0,"[[[[0, [2, 1]], [14, [14, 8, 12, 10, 11, 9]], [2, []], [8, []], [38, [38, 42, 36, 41, 17, 22, 29, 18]], [42, []], [1, []], [36, []], [49, [49, 34, 35, 32, 31]], [41, []], [12, []], [10, []], [17, []], [34, []], [35, []], [32, []], [22, []], [11, []], [29, []], [45, [45]], [18, []], [9, []], [31, []]], [[0, [4, 3]], [13, [13, 6, 7, 16, 5, 15]], [19, [19, 26, 25, 20]], [7, []], [6, [28, 21, 23, 24, 30, 33, 37, 27]], [15, []], [30, []], [20, []], [5, []], [43, [43, 40, 50, 44, 48, 47, 39, 46]], [26, []], [28, []], [16, []], [4, []], [40, []], [50, []], [33, []], [44, []], [21, []], [23, []], [48, []], [37, []], [24, []], [3, []], [25, []], [47, []], [27, []], [39, []], [46, []]]], [[[14, [14, 8, 12, 10, 11, 9]]], [[13, [13, 6, 7, 16, 5, 15]]], [[19, [19, 26, 25, 20]]], [[6, [28, 21, 23, 24, 30, 33, 37, 27]]], [[38, [38, 42, 36, 41, 17, 22, 29, 18]]], [[43, [43, 40, 50, 44, 48, 47, 39, 46]]], [[49, [49, 34, 35, 32, 31]]], [[45, [45]]]]]",,,49.16672195843105,0,8,5.75,,,,,,(not found),
194,test_data/data_demand_random_50_batch_all1_equal_random/C201_0.5.dat,8,90,2,510.49603788056424,"[[[[0, [1]], [9, [9, 18, 22, 12, 17, 8, 16, 11]], [18, []], [29, [29]], [45, [45, 31, 32, 2, 36, 10, 34, 42]], [11, []], [31, []], [32, []], [22, []], [42, [49, 41, 35, 28, 30]], [1, []], [36, []], [49, []], [41, []], [12, []], [10, []], [17, []], [34, []], [35, []], [2, []], [8, []], [16, []], [28, []], [30, []]], [[0, [3, 4]], [5, [5, 7, 6]], [3, []], [15, [15, 19, 13, 14, 20]], [7, []], [19, []], [13, []], [6, []], [47, [47, 46, 39, 27, 40, 50, 23, 26]], [25, [25, 21, 24, 44, 48, 37, 33]], [46, []], [39, []], [27, []], [48, []], [23, []], [37, []], [21, []], [40, []], [50, []], [33, []], [4, []], [44, []], [24, []], [26, []], [43, [43, 38]], [20, []], [38, []], [14, []]]], [[[5, [5, 7, 6]]], [[9, [9, 18, 22, 12, 17, 8, 16, 11]]], [[15, [15, 19, 13, 14, 20]]], [[29, [29]]], [[45, [45, 31, 32, 2, 36, 10, 34, 42]]], [[47, [47, 46, 39, 27, 40, 50, 23, 26]]], [[25, [25, 21, 24, 44, 48, 37, 33]]], [[42, [49, 41, 35, 28, 30]]], [[43, [43, 38]]]]]",,,43.566016449489574,0,9,5.222222222222222,,,,,,(not found),
195,test_data/data_demand_random_50_batch_all1_equal_random/C201_0.5.dat,8,90,3,530.313207915828,"[[[[0, [3, 1]], [5, [5, 15, 14, 10, 12, 11, 9]], [3, []], [15, []], [46, [46, 32, 35, 34, 17, 22, 29, 18]], [14, []], [32, []], [35, []], [34, []], [17, []], [10, []], [12, []], [41, [41, 49, 36, 42, 45, 31]], [49, []], [36, []], [1, []], [42, []], [22, []], [11, []], [29, []], [45, []], [18, []], [9, []], [31, []]], [[0, [2, 4]], [13, [13, 6, 7, 8, 16]], [19, [19, 25, 27, 30, 20, 28, 23]], [7, []], [6, []], [25, []], [47, [47, 38, 43, 44, 33, 40, 37, 39]], [39, []], [27, []], [30, []], [38, []], [20, []], [43, []], [28, []], [2, []], [8, []], [16, []], [44, []], [4, []], [33, []], [50, [50, 24, 26, 21, 48]], [40, []], [23, []], [48, []], [21, []], [37, []], [24, []], [26, []]]], [[[5, [5, 15, 14, 10, 12, 11, 9]]], [[13, [13, 6, 7, 8, 16]]], [[19, [19, 25, 27, 30, 20, 28, 23]]], [[46, [46, 32, 35, 34, 17, 22, 29, 18]]], [[47, [47, 38, 43, 44, 33, 40, 37, 39]]], [[50, [50, 24, 26, 21, 48]]], [[41, [41, 49, 36, 42, 45, 31]]]]]",,,53.04785340760792,0,7,6.571428571428571,,,,,,(not found),
196,test_data/data_demand_random_50_batch_all1_equal_random/C201_0.5.dat,8,90,4,540.3112887414927,"[[[[0, [1, 2, 4, 3]], [3, [12, 10, 8, 5]], [1, []], [49, [49, 36, 41, 34, 16, 23, 21, 24]], [36, []], [41, []], [12, []], [10, []], [17, [17, 28, 26]], [34, []], [35, [35, 33, 40, 37, 50, 48, 44]], [2, []], [8, []], [16, []], [4, []], [33, []], [50, []], [40, []], [23, []], [48, []], [37, []], [21, []], [44, []], [24, []], [28, []], [26, []], [5, []]], [[0, []], [13, [13, 14, 15, 9, 11, 7, 6]], [7, []], [19, [19, 27, 18, 29, 22, 20, 30, 25]], [6, []], [15, []], [27, []], [39, [39, 46, 47, 32, 31, 42, 38]], [47, []], [25, []], [46, []], [14, []], [32, []], [31, []], [9, []], [18, []], [45, [45, 43]], [29, []], [11, []], [22, []], [42, []], [38, []], [20, []], [43, []], [30, []]]], [[[13, [13, 14, 15, 9, 11, 7, 6]]], [[3, [12, 10, 8, 5]]], [[19, [19, 27, 18, 29, 22, 20, 30, 25]]], [[49, [49, 36, 41, 34, 16, 23, 21, 24]]], [[39, [39, 46, 47, 32, 31, 42, 38]]], [[17, [17, 28, 26]]], [[35, [35, 33, 40, 37, 50, 48, 44]]], [[45, [45, 43]]]]]",,,56.81430296221551,0,8,5.75,,,,,,(not found),
197,test_data/data_demand_random_50_batch_all1_equal_random/C201_0.5.dat,8,90,5,527.1655250605965,"[[[[0, [2, 12]], [20, [20, 8, 17, 1, 11, 9, 10, 18]], [8, []], [2, []], [17, []], [10, []], [12, []], [41, [41, 49, 36, 34, 38, 14, 22, 31]], [49, []], [1, []], [36, []], [34, []], [35, [35, 42, 32, 29, 45]], [42, []], [38, []], [14, []], [32, []], [22, []], [11, []], [29, []], [45, []], [18, []], [9, []], [31, []]], [[0, [4, 3]], [13, [13, 7, 6, 16, 5, 15]], [7, []], [19, [19, 28, 21, 23, 24, 25, 26, 27]], [6, []], [25, []], [47, [47, 39, 46, 33, 40, 37, 30]], [15, []], [3, []], [27, []], [39, []], [46, []], [43, [43, 50, 44, 48]], [28, []], [16, []], [33, []], [50, []], [40, []], [4, []], [44, []], [21, []], [23, []], [48, []], [37, []], [24, []], [26, []], [5, []], [30, []]]], [[[13, [13, 7, 6, 16, 5, 15]]], [[20, [20, 8, 17, 1, 11, 9, 10, 18]]], [[19, [19, 28, 21, 23, 24, 25, 26, 27]]], [[47, [47, 39, 46, 33, 40, 37, 30]]], [[41, [41, 49, 36, 34, 38, 14, 22, 31]]], [[35, [35, 42, 32, 29, 45]]], [[43, [43, 50, 44, 48]]]]]",614.5190310764958,"[[[[0, [1]], [13, [13, 7, 6, 15, 10, 12, 14]], [19, [19, 25, 24, 26]], [7, []], [6, []], [15, []], [39, [39, 47, 43, 34, 41, 36, 42, 38]], [25, []], [47, []], [46, [46, 49, 28, 17, 20, 30]], [24, []], [26, []], [43, []], [28, []], [17, []], [34, []], [10, []], [12, []], [41, []], [49, []], [36, []], [1, []], [42, []], [14, []], [38, []], [20, []], [30, []]], [[0, [3, 4, 2]], [5, [5, 16, 8, 11, 9]], [3, []], [27, [27, 23, 21, 22, 29, 18]], [23, []], [48, [48, 40, 50, 33, 37, 35, 32, 31]], [37, []], [21, []], [40, []], [50, []], [33, []], [4, []], [44, [44, 45]], [16, []], [8, []], [2, []], [35, []], [32, []], [22, []], [11, []], [29, []], [45, []], [18, []], [9, []], [31, []]]], [[[13, [13, 7, 6, 15, 10, 12, 14]]], [[5, [5, 16, 8, 11, 9]]], [[19, [19, 25, 24, 26]]], [[27, [27, 23, 21, 22, 29, 18]]], [[39, [39, 47, 43, 34, 41, 36, 42, 38]]], [[48, [48, 40, 50, 33, 37, 35, 32, 31]]], [[44, [44, 45]], [46, [46, 49, 28, 17, 20, 30]]]]]",49.15201658371052,0,7,6.571428571428571,52.06281828112627,1,7,6.571428571428571,,,
198,test_data/data_demand_random_50_batch_all1_equal_random/C201_0.5.dat,8,120,1,531.2490309931942,"[[[[0, [3]], [13, [13, 7, 6, 15, 5, 11, 9, 14]], [19, [19, 20, 26, 28, 22, 29, 18]], [7, []], [6, []], [15, []], [3, []], [20, []], [5, []], [43, [43, 35, 42, 45, 31, 32, 38, 30]], [26, []], [28, []], [35, []], [42, []], [22, []], [11, []], [29, []], [45, []], [18, []], [9, []], [31, []], [32, []], [14, []], [38, []], [30, []]], [[0, [1, 2, 4]], [1, []], [34, [34, 17, 10, 12, 8, 16, 33]], [17, []], [10, []], [12, []], [36, [36, 49, 41, 44, 37, 39, 25]], [49, []], [41, []], [2, []], [8, []], [16, []], [4, []], [44, []], [33, []], [50, [50, 48, 47, 46]], [40, [40, 23, 21, 24, 27]], [23, []], [48, []], [37, []], [21, []], [24, []], [27, []], [39, []], [47, []], [25, []], [46, []]]], [[[13, [13, 15, 6, 5, 11, 9, 7, 14]]], [[19, [19, 20, 26, 28, 22, 29, 18]]], [[34, [34, 33, 17, 10, 12, 8, 16]]], [[36, [36, 49, 41, 44, 37, 39, 25]]], [[43, [43, 42, 45, 31, 32, 38, 30, 35]]], [[50, [50, 48, 47, 46]]], [[40, [40, 23, 21, 24, 27]]]]]",,,66.02932163688547,0,7,6.571428571428571,,,,,,(not found),
199,test_data/data_demand_random_50_batch_all1_equal_random/C201_0.5.dat,8,120,2,500.0,"[[[[0, [4, 3]], [13, [13, 6, 7, 15]], [19, [19, 24, 23, 21, 16, 25, 20]], [7, []], [6, []], [15, []], [3, []], [25, []], [47, [47, 39, 46, 33, 40, 37, 28, 27]], [27, []], [39, []], [46, []], [24, []], [4, []], [33, []], [50, [50, 48, 44, 43, 26]], [40, []], [23, []], [48, []], [37, []], [21, []], [44, []], [16, []], [28, []], [26, []], [43, []], [20, []]], [[0, [2, 1]], [5, [5, 8, 11, 12, 10]], [8, []], [2, []], [35, [35, 34, 29, 18, 22, 9, 14, 17]], [34, []], [17, []], [10, []], [12, []], [41, [41, 49, 42, 45, 32, 31, 36]], [49, []], [36, []], [1, []], [42, []], [32, []], [22, []], [11, []], [29, []], [45, []], [18, []], [9, []], [31, []], [14, []], [38, [38, 30]], [30, []]]], [[[5, [5, 8, 11, 12, 10]]], [[13, [13, 6, 7, 15]]], [[19, [19, 24, 23, 21, 16, 25, 20]]], [[35, [35, 34, 29, 18, 22, 9, 14, 17]]], [[41, [41, 49, 42, 45, 32, 31, 36]]], [[47, [47, 39, 46, 33, 40, 37, 28, 27]]], [[38, [38, 30]]], [[50, [50, 48, 44, 43, 26]]]]]",,,52.660562564908474,0,8,5.75,,,,,,(not found),
200,test_data/data_demand_random_50_batch_all1_equal_random/C201_0.5.dat,8,120,3,535.6619037896905,"[[[[0, [3, 1, 2]], [3, []], [38, [38, 29, 17, 14]], [14, [10, 12, 22, 11, 18, 9, 31]], [2, []], [10, []], [12, []], [41, [41, 49, 34, 45, 42, 35, 36, 32]], [49, []], [36, []], [1, []], [17, []], [34, []], [35, []], [42, []], [22, []], [32, []], [11, []], [29, []], [45, []], [18, []], [9, []], [31, []]], [[0, [4]], [13, [13, 19, 7, 6, 15, 8, 16]], [19, []], [7, []], [6, []], [15, []], [47, [47, 33, 39, 20, 30, 28, 25, 27]], [25, []], [39, []], [27, []], [46, [46, 23, 21, 24, 26, 5]], [20, []], [43, [43, 44, 50, 40, 48, 37]], [28, []], [8, []], [16, []], [4, []], [44, []], [33, []], [50, []], [40, []], [23, []], [48, []], [37, []], [21, []], [24, []], [26, []], [5, []], [30, []]]], [[[13, [13, 19, 7, 6, 15, 8, 16]]], [[38, [38, 29, 17, 14]]], [[14, [10, 12, 22, 11, 18, 9, 31]]], [[47, [47, 33, 39, 20, 30, 28, 25, 27]]], [[46, [46, 23, 21, 24, 26, 5]]], [[41, [41, 49, 34, 45, 42, 35, 36, 32]]], [[43, [43, 44, 50, 40, 48, 37]]]]]",553.3286219142786,"[[[[0, [3, 2, 1, 4]], [15, [15, 10, 8, 16, 12]], [3, []], [38, [38, 28, 17, 23, 24, 26, 20, 21]], [28, []], [17, []], [41, [41, 40, 33, 30, 36, 37]], [49, [49, 44, 50, 48]], [36, []], [1, []], [12, []], [10, []], [2, []], [8, []], [16, []], [4, []], [44, []], [33, []], [50, []], [40, []], [23, []], [48, []], [37, []], [21, []], [24, []], [26, []], [20, []], [30, []]], [[0, []], [13, [13, 6, 7, 5, 11, 9, 14]], [7, []], [19, [19, 25, 27, 29, 18, 22]], [6, []], [25, [32, 31]], [47, [42, 47, 39, 35, 34, 43, 46, 45]], [39, []], [27, []], [46, []], [5, []], [43, []], [35, []], [34, []], [42, []], [22, []], [32, []], [9, []], [18, []], [45, []], [29, []], [11, []], [31, []], [14, []]]], [[[15, [15, 10, 8, 16, 12]]], [[13, [13, 6, 7, 5, 11, 9, 14]]], [[19, [19, 25, 27, 29, 18, 22]]], [[38, [38, 28, 17, 23, 24, 26, 20, 21]]], [[25, [32, 31]], [41, [41, 40, 33, 30, 36, 37]]], [[47, [42, 47, 39, 35, 34, 43, 46, 45]]], [[49, [49, 44, 50, 48]]]]]",39.322414292931946,0,7,6.571428571428571,59.84501992929669,1,7,6.571428571428571,,,
201,test_data/data_demand_random_50_batch_all1_equal_random/C201_0.5.dat,8,120,4,520.0,"[[[[0, [2, 1]], [5, [5]], [8, [8, 11, 9, 12, 10, 14]], [2, []], [42, [42, 22, 17, 29, 18, 34, 35, 32]], [11, []], [29, []], [45, [45, 31, 41, 36, 49]], [18, []], [9, []], [31, []], [22, []], [1, []], [36, []], [49, []], [41, []], [12, []], [10, []], [17, []], [34, []], [35, []], [32, []], [14, []]], [[0, [4]], [13, [13, 15, 19, 7, 6, 3]], [19, []], [7, []], [6, []], [39, [39, 46, 23, 33, 21, 24, 25, 27]], [27, []], [46, []], [25, []], [47, [47, 40, 50, 44, 37, 26, 28, 20]], [15, []], [3, []], [48, [48, 43, 30, 38, 16]], [23, []], [40, []], [50, []], [33, []], [16, []], [4, []], [44, []], [21, []], [37, []], [24, []], [26, []], [28, []], [43, []], [20, []], [38, []], [30, []]]], [[[5, [5]]], [[13, [13, 15, 19, 7, 6, 3]]], [[8, [8, 11, 9, 12, 10, 14]]], [[42, [42, 22, 17, 29, 18, 34, 35, 32]]], [[39, [39, 46, 23, 33, 21, 24, 25, 27]]], [[45, [45, 31, 41, 36, 49]]], [[47, [47, 40, 50, 44, 37, 26, 28, 20]]], [[48, [48, 43, 30, 38, 16]]]]]",641.4934125375851,"[[[[0, [3, 4, 2]], [6, [6, 15, 16, 8, 14, 5]], [15, []], [3, []], [27, [27, 24, 21, 23, 28, 22, 20, 26]], [46, [46, 37, 40, 33, 35, 32, 38, 30]], [20, []], [43, [43]], [5, []], [26, []], [24, []], [37, []], [21, []], [48, [48, 50, 44]], [23, []], [40, []], [50, []], [33, []], [4, []], [44, []], [28, []], [16, []], [8, []], [2, []], [35, []], [32, []], [22, []], [14, []], [38, []], [30, []]], [[0, []], [19, [19, 13, 7, 10, 12, 9, 11, 1]], [13, []], [7, []], [39, [39, 47, 25, 34, 17, 29, 18]], [25, []], [47, []], [34, []], [17, []], [10, []], [12, []], [41, [41, 49, 36, 42, 45, 31]], [49, []], [36, []], [1, []], [42, []], [29, []], [45, []], [18, []], [9, []], [11, []], [31, []]]], [[[19, [19, 13, 7, 10, 12, 9, 11, 1]]], [[6, [6, 15, 16, 8, 14, 5]]], [[27, [27, 24, 21, 23, 28, 22, 20, 26]]], [[46, [46, 37, 40, 33, 35, 32, 38, 30]]], [[43, [43]], [39, [39, 47, 25, 34, 17, 29, 18]]], [[48, [48, 50, 44]]], [[41, [41, 49, 36, 42, 45, 31]]]]]",49.96564824572261,0,8,5.875,52.30005862596516,1,7,6.714285714285714,,,
202,test_data/data_demand_random_50_batch_all1_equal_random/C201_0.5.dat,8,120,5,532.8058436014987,"[[[[0, [1, 2, 4]], [14, [14, 22, 12, 10, 16, 21, 8]], [22, []], [34, [34, 36, 17, 23, 24, 27]], [17, []], [1, []], [36, []], [49, [49, 41, 44, 40, 37, 39, 25, 33]], [41, []], [12, []], [10, []], [2, []], [8, []], [16, []], [33, []], [4, []], [44, []], [21, []], [40, []], [50, [50, 48, 47, 46]], [23, []], [48, []], [37, []], [24, []], [27, []], [39, []], [47, []], [25, []], [46, []]], [[0, [3]], [13, [13, 7, 6, 15, 5, 11, 9]], [19, [19, 20, 26, 28]], [7, []], [6, []], [15, []], [3, []], [20, []], [43, [43, 29, 18, 30]], [5, []], [26, []], [28, []], [35, [35, 42, 45, 31, 32, 38]], [42, []], [11, []], [29, []], [45, []], [18, []], [9, []], [31, []], [32, []], [38, []], [30, []]]], [[[14, [14, 22, 12, 10, 16, 21, 8]]], [[13, [13, 7, 6, 15, 5, 11, 9]]], [[19, [19, 20, 26, 28]]], [[34, [34, 36, 17, 23, 24, 27]]], [[49, [49, 41, 44, 40, 37, 39, 25, 33]]], [[43, [43, 29, 18, 30]]], [[35, [35, 42, 45, 31, 32, 38]]], [[50, [50, 48, 47, 46]]]]]",565.0,"[[[[0, [4, 2, 3]], [14, [14, 12, 10, 8, 16, 1]], [1, []], [12, []], [41, [41, 49, 36, 34, 33, 40, 23, 21]], [49, []], [36, []], [34, []], [10, []], [17, [17, 24, 25]], [2, []], [8, []], [16, []], [4, []], [44, [44, 50, 48, 37, 39, 47, 46]], [33, []], [50, []], [40, []], [23, []], [48, []], [21, []], [37, []], [24, []], [3, []], [39, []], [47, []], [25, []], [46, []]], [[0, []], [13, [13, 15, 6, 7, 5, 11]], [19, [19, 26, 9, 20]], [7, []], [6, [28, 22, 29, 18, 27, 31, 32, 35]], [15, []], [27, []], [38, [38, 42, 45, 30]], [20, []], [5, []], [26, []], [28, []], [42, []], [22, []], [11, []], [29, []], [45, []], [18, []], [9, []], [31, []], [32, []], [35, []], [43, [43]], [30, []]]], [[[14, [14, 12, 10, 8, 16, 1]]], [[13, [13, 15, 6, 7, 5, 11]]], [[19, [19, 26, 9, 20]]], [[6, [28, 22, 29, 18, 27, 31, 32, 35]]], [[41, [41, 49, 36, 34, 33, 40, 23, 21]]], [[38, [38, 42, 45, 30]], [17, [17, 24, 25]]], [[43, [43]]], [[44, [44, 50, 48, 37, 39, 47, 46]]]]]",57.1269761751953,0,8,5.75,55.93494088048714,1,8,5.875,,,
203,test_data/data_demand_random_50_batch_all1_equal_cluster/C201_1.5.dat,4,60,1,1083.6619037896905,"[[[[0, [13, 14, 9, 29, 30, 31, 28, 26, 27, 6, 22, 23, 42, 41, 40, 37, 38, 39, 48, 47, 46, 25, 4, 5, 24]], [12, [12, 15]], [15, []], [13, []], [14, []], [9, []], [4, []], [5, []], [29, []], [30, []], [31, []], [28, []], [26, []], [27, []], [6, []], [22, []], [23, []], [24, []], [42, []], [41, []], [40, []], [37, []], [38, []], [39, []], [48, []], [47, []], [46, []], [25, []]], [[0, [8, 7, 21, 20, 19, 17, 34, 32, 33, 18, 35, 36, 3, 1, 10, 11, 16]], [8, [44, 43, 45, 2]], [7, []], [2, []], [21, []], [20, []], [19, []], [17, []], [34, []], [32, []], [33, []], [18, [50, 49]], [35, []], [50, []], [49, []], [36, []], [3, []], [1, []], [10, []], [11, []], [16, []], [44, []], [43, []], [45, []]]], [[[12, [12, 15]]], [[8, [44, 43, 45, 2]]], [[18, [50, 49]]]]]",,,33.97264907336554,0,3,2.6666666666666665,,,,,,(not found),
204,test_data/data_demand_random_50_batch_all1_equal_cluster/C201_1.5.dat,4,60,2,1006.0,"[[[[0, [13, 8, 19, 17, 32, 33, 34, 35, 18, 20, 36, 23, 24, 22, 4, 14, 16, 7, 2]], [7, []], [1, [1, 11]], [13, []], [11, []], [2, []], [8, []], [19, []], [17, []], [32, []], [33, []], [34, []], [35, []], [18, []], [20, []], [36, []], [23, []], [24, []], [22, []], [4, []], [14, []], [16, [43, 44, 45]], [43, []], [44, []], [45, []]], [[0, [31, 28, 26, 29, 27, 25, 5, 6, 21, 50, 49, 42, 41, 40, 37, 38, 39, 46, 47, 48, 30, 3, 9, 10, 12, 15]], [9, []], [10, []], [12, []], [15, []], [31, []], [28, []], [26, []], [29, []], [27, []], [25, []], [5, []], [6, []], [21, []], [50, []], [49, []], [42, []], [41, []], [40, []], [37, []], [38, []], [39, []], [46, []], [47, []], [48, []], [30, []], [3, []]]], [[[1, [1, 11]]], [[16, [43, 44, 45]]]]]",,,35.70992026436488,0,2,2.5,,,,,,(not found),
205,test_data/data_demand_random_50_batch_all1_equal_cluster/C201_1.5.dat,4,60,3,816.6124969497314,"[[[[0, [8, 1]], [9, [9, 12, 15, 16]], [12, []], [15, []], [14, [14]], [22, [22, 13]], [32, [32, 33, 34, 35]], [33, []], [34, []], [35, []], [18, [18, 28, 31]], [8, []], [16, [45, 44, 43, 46]], [45, []], [44, []], [43, []], [13, [47, 48]], [28, []], [31, []], [46, []], [47, []], [48, []], [1, []]], [[0, [7, 4, 5, 6, 3]], [2, [2]], [5, []], [11, [11, 10]], [10, [24]], [17, [17, 26, 27, 30]], [7, []], [4, [29, 25, 36, 23]], [26, []], [27, []], [30, []], [29, []], [25, [39, 38, 37, 40]], [39, []], [6, []], [3, [41, 49, 50, 42]], [38, []], [37, []], [40, []], [41, []], [49, []], [50, []], [36, []], [42, []], [24, []], [23, []], [21, [21, 20, 19]], [20, []], [19, []]]], [[[2, [2]]], [[9, [9, 12, 15, 16]]], [[11, [11, 10]]], [[14, [14]]], [[10, [24]]], [[22, [22, 13]]], [[17, [17, 26, 27, 30]]], [[4, [29, 25, 36, 23]]], [[32, [32, 33, 34, 35]]], [[18, [18, 28, 31]]], [[25, [39, 38, 37, 40]]], [[3, [41, 49, 50, 42]]], [[16, [45, 44, 43, 46]]], [[21, [21, 20, 19]]], [[13, [47, 48]]]]]",,,38.811146157306766,0,15,2.8666666666666667,,,,,,(not found),
206,test_data/data_demand_random_50_batch_all1_equal_cluster/C201_1.5.dat,4,60,4,1051.0,"[[[[0, [11, 25, 26, 30, 29, 27, 31, 28, 12, 44, 45, 43, 14, 46, 47, 48, 39, 3]], [9, [9, 16, 10, 15]], [11, []], [10, []], [15, []], [25, []], [26, []], [30, []], [29, []], [27, []], [31, []], [28, []], [12, []], [16, []], [44, []], [45, []], [43, []], [14, []], [46, []], [47, []], [48, []], [39, []], [3, []]], [[0, [1, 13, 8, 19, 20, 34, 33, 32, 17, 24, 40, 41, 42, 36, 50, 49, 37, 38, 6, 5, 35, 7, 2, 4]], [1, []], [13, []], [2, []], [4, []], [7, []], [8, []], [19, []], [20, []], [18, [18, 21, 22, 23]], [35, []], [34, []], [33, []], [32, []], [17, []], [21, []], [22, []], [23, []], [24, []], [40, []], [41, []], [42, []], [36, []], [50, []], [49, []], [37, []], [38, []], [6, []], [5, []]]], [[[9, [9, 16, 10, 15]]], [[18, [18, 21, 22, 23]]]]]",,,31.385857742357313,0,2,4.0,,,,,,(not found),
207,test_data/data_demand_random_50_batch_all1_equal_cluster/C201_1.5.dat,4,60,5,1186.0,"[[[[0, [5, 9, 17, 19, 21, 23, 24, 22, 32, 33, 34, 35, 18, 20, 10, 12, 16, 43, 44, 45, 13, 8]], [5, []], [9, []], [17, []], [19, []], [21, []], [23, []], [24, []], [22, []], [32, []], [33, []], [34, []], [35, []], [18, []], [20, []], [10, []], [12, []], [16, []], [43, []], [44, []], [45, []], [13, []], [8, []]], [[0, [4, 11, 14, 3, 15, 2, 6, 29, 30, 31, 28, 25, 26, 27, 46, 47, 48, 39, 38, 37, 40, 41, 42, 49, 50, 36, 7, 1]], [4, []], [11, []], [14, []], [3, []], [15, []], [2, []], [6, []], [29, []], [30, []], [31, []], [28, []], [25, []], [26, []], [27, []], [46, []], [47, []], [48, []], [39, []], [38, []], [37, []], [40, []], [41, []], [42, []], [49, []], [50, []], [36, []], [7, []], [1, []]]], []]",,,0.0,0,0,0.0,,,,,,(not found),
208,test_data/data_demand_random_50_batch_all1_equal_cluster/C201_1.5.dat,4,90,1,751.0483493925201,"[[[[0, [4]], [10, [10]], [16, [16, 13, 9]], [12, [12, 22, 24, 11]], [13, []], [11, []], [9, []], [4, []], [22, []], [24, []], [23, [23, 30, 29]], [35, [35, 36, 42, 41]], [36, []], [50, [50, 49, 40, 37]], [49, []], [42, []], [41, []], [40, []], [37, []], [38, [38, 39, 48]], [39, []], [48, []], [30, []], [29, []]], [[0, [5, 6, 1, 7, 2, 8, 3]], [8, []], [7, []], [2, []], [5, []], [6, []], [1, []], [17, [17, 18, 21, 19]], [18, []], [21, [27, 26]], [19, []], [20, [20, 14, 15]], [34, [34, 32, 33, 28]], [32, []], [33, []], [45, [45, 44, 43, 31]], [44, []], [43, []], [14, []], [15, []], [28, []], [31, []], [47, [47, 46, 25]], [46, []], [27, []], [26, []], [25, []], [3, []]]], [[[10, [10]]], [[16, [16, 13, 9]]], [[12, [12, 22, 24, 11]]], [[17, [17, 18, 21, 19]]], [[21, [27, 26]]], [[20, [20, 14, 15]]], [[23, [23, 30, 29]]], [[34, [34, 32, 33, 28]]], [[35, [35, 36, 42, 41]]], [[45, [45, 44, 43, 31]]], [[50, [50, 49, 40, 37]]], [[47, [47, 46, 25]]], [[38, [38, 39, 48]]]]]",,,53.893006527648964,0,13,3.230769230769231,,,,,,(not found),
209,test_data/data_demand_random_50_batch_all1_equal_cluster/C201_1.5.dat,4,90,2,749.3573373083088,"[[[[0, [8]], [8, []], [9, [9, 11, 14, 16]], [11, []], [14, []], [16, []], [10, [10, 13, 22, 23]], [13, []], [25, [25, 28, 31, 30]], [28, []], [31, []], [30, []], [29, [29, 27, 26, 24]], [27, []], [26, []], [22, []], [23, []], [24, []], [42, [42, 36, 41, 40]], [36, []], [50, [50, 49, 37, 38]], [49, []], [41, []], [40, []], [37, []], [38, []], [39, [39, 46, 47, 48]], [46, []], [47, []], [48, []]], [[0, [2, 4, 5, 6, 1, 7, 3]], [1, []], [7, []], [3, []], [2, []], [4, []], [5, []], [6, []], [19, [19, 20, 21, 17]], [20, []], [21, []], [17, []], [32, [32, 33, 34, 35]], [33, []], [34, []], [35, []], [18, [18, 12, 15]], [45, [45, 44, 43]], [44, []], [43, []], [12, []], [15, []]]], [[[9, [9, 11, 14, 16]]], [[10, [10, 13, 22, 23]]], [[19, [19, 20, 21, 17]]], [[25, [25, 28, 31, 30]]], [[29, [29, 27, 26, 24]]], [[32, [32, 33, 34, 35]]], [[18, [18, 12, 15]]], [[42, [42, 36, 41, 40]]], [[50, [50, 49, 37, 38]]], [[45, [45, 44, 43]]], [[39, [39, 46, 47, 48]]]]]",,,52.87411064955771,0,11,3.8181818181818183,,,,,,(not found),
210,test_data/data_demand_random_50_batch_all1_equal_cluster/C201_1.5.dat,4,90,3,751.0483493925201,"[[[[0, [4, 2, 5, 3]], [2, []], [4, []], [9, [9]], [20, [20, 19, 21, 22]], [19, []], [21, []], [22, []], [25, [25, 31, 26, 27]], [31, []], [28, [28, 16]], [16, []], [45, [45, 44, 43, 48]], [44, []], [43, []], [26, []], [27, []], [46, [46, 47, 30, 29]], [47, []], [48, []], [30, []], [29, []], [5, []], [3, []]], [[0, [8, 1, 7, 6]], [8, []], [7, []], [1, []], [13, [13, 11, 15, 14]], [10, [10]], [11, []], [15, []], [14, []], [12, [12, 17, 18, 24]], [17, []], [18, []], [32, [32, 33, 34, 35]], [33, []], [34, []], [35, []], [23, [23, 41, 36, 38]], [41, []], [36, []], [50, [50, 49, 42, 37]], [49, []], [42, []], [24, []], [37, []], [40, [40, 39]], [38, []], [39, []], [6, []]]], [[[9, [9]]], [[13, [13, 11, 15, 14]]], [[10, [10]]], [[20, [20, 19, 21, 22]]], [[12, [12, 17, 18, 24]]], [[25, [25, 31, 26, 27]]], [[32, [32, 33, 34, 35]]], [[28, [28, 16]]], [[23, [23, 41, 36, 38]]], [[45, [45, 44, 43, 48]]], [[50, [50, 49, 42, 37]]], [[40, [40, 39]]], [[46, [46, 47, 30, 29]]]]]",,,52.921819755307844,0,13,3.230769230769231,,,,,,(not found),
211,test_data/data_demand_random_50_batch_all1_equal_cluster/C201_1.5.dat,4,90,4,746.3112887414927,"[[[[0, []], [16, [16, 18, 17, 19]], [18, []], [32, [32, 34, 35, 33]], [33, []], [34, []], [35, []], [17, []], [19, []], [20, [20, 24, 23, 21]], [37, [37, 40, 41, 49]], [40, []], [24, []], [41, []], [49, []], [50, [50, 36, 42, 22]], [36, []], [42, []], [23, []], [21, []], [22, []]], [[0, [1, 7, 3, 4, 8, 5, 6, 2]], [1, []], [5, []], [6, []], [8, [13, 15, 14]], [7, []], [2, []], [3, []], [4, []], [13, []], [11, [11, 12, 9, 10]], [12, []], [9, []], [10, []], [25, [25, 26, 29, 27]], [26, []], [29, []], [27, []], [39, [39, 38, 30, 31]], [38, []], [30, []], [48, [48, 47, 46, 28]], [47, []], [46, []], [31, []], [28, []], [15, []], [14, []], [43, [43, 44, 45]], [44, []], [45, []]]], [[[8, [13, 15, 14]]], [[11, [11, 12, 9, 10]]], [[16, [16, 18, 17, 19]]], [[25, [25, 26, 29, 27]]], [[32, [32, 34, 35, 33]]], [[20, [20, 24, 23, 21]]], [[39, [39, 38, 30, 31]]], [[48, [48, 47, 46, 28]]], [[37, [37, 40, 41, 49]]], [[50, [50, 36, 42, 22]]], [[43, [43, 44, 45]]]]]",803.0688837074972,"[[[[0, [1]], [11, [11, 13, 15, 10]], [13, []], [14, [14]], [15, []], [10, []], [9, [9, 18]], [18, []], [17, [17, 24, 21, 30]], [33, [33, 32, 34, 35]], [32, []], [34, []], [35, []], [24, []], [42, [42, 36, 41, 40]], [21, []], [36, []], [50, [50, 49, 37, 38]], [49, []], [41, []], [40, []], [37, []], [38, []], [39, [39, 48, 47, 46]], [48, []], [47, []], [46, []], [30, []], [29, [29]], [1, []]], [[0, [3, 2, 4, 7, 8]], [2, []], [7, []], [12, [12, 16, 6]], [5, [5]], [4, []], [22, [22, 20, 19, 23]], [6, [31, 27]], [26, [26, 28, 25]], [28, []], [31, []], [27, []], [25, []], [3, []], [20, []], [19, []], [23, []], [8, []], [16, []], [43, [43, 44, 45]], [44, []], [45, []]]], [[[11, [11, 13, 15, 10]]], [[12, [12, 16, 6]], [14, [14]]], [[5, [5]]], [[9, [9, 18]]], [[22, [22, 20, 19, 23]]], [[6, [31, 27]]], [[17, [17, 24, 21, 30]]], [[26, [26, 28, 25]]], [[33, [33, 32, 34, 35]]], [[42, [42, 36, 41, 40]]], [[43, [43, 44, 45]]], [[50, [50, 49, 37, 38]]], [[39, [39, 48, 47, 46]]], [[29, [29]]]]]",55.424335833344,0,11,3.8181818181818183,53.85420119922353,1,14,3.142857142857143,,,
212,test_data/data_demand_random_50_batch_all1_equal_cluster/C201_1.5.dat,4,90,5,746.3112887414927,"[[[[0, [5, 3]], [5, []], [3, []], [10, [10, 15, 9, 14]], [15, []], [9, []], [14, []], [16, [16, 12, 11, 19]], [12, []], [11, []], [19, []], [20, [20, 22, 31, 28]], [22, []], [37, [37, 38, 39]], [38, []], [39, []], [48, [48, 47, 46, 13]], [47, []], [46, []], [31, []], [28, []], [13, []], [43, [43, 44, 45]], [44, []], [45, []]], [[0, [6, 7, 1, 2]], [8, [8, 4]], [4, []], [6, []], [7, []], [1, []], [2, []], [30, [30, 29, 27, 26]], [29, []], [27, []], [26, []], [25, [25, 24, 23, 21]], [41, [41, 40, 42, 36]], [40, []], [24, []], [23, []], [42, []], [36, []], [49, [49, 50, 35, 18]], [50, []], [21, []], [18, []], [35, []], [34, [34, 33, 32, 17]], [33, []], [32, []], [17, []]]], [[[8, [8, 4]]], [[10, [10, 15, 9, 14]]], [[16, [16, 12, 11, 19]]], [[20, [20, 22, 31, 28]]], [[30, [30, 29, 27, 26]]], [[25, [25, 24, 23, 21]]], [[41, [41, 40, 42, 36]]], [[37, [37, 38, 39]]], [[48, [48, 47, 46, 13]]], [[49, [49, 50, 35, 18]]], [[34, [34, 33, 32, 17]]], [[43, [43, 44, 45]]]]]",862.5548037978614,"[[[[0, [6, 4, 3, 2, 1, 7]], [7, []], [6, []], [4, []], [3, []], [2, []], [15, [15, 16, 11, 13]], [16, []], [11, []], [13, []], [14, [14, 21, 20, 23]], [25, [25, 24, 31]], [1, []], [21, []], [20, []], [23, []], [24, []], [42, [42, 41, 40, 37]], [41, []], [40, []], [37, []], [38, [38, 39, 48, 47]], [39, []], [48, []], [47, []], [46, [46, 43, 44, 45]], [31, []], [43, []], [44, []], [45, []]], [[0, [5, 8]], [8, []], [9, [9, 10, 12, 19]], [10, []], [12, []], [28, [28, 27, 26, 30]], [27, []], [26, []], [30, []], [29, [29]], [5, [36, 22, 18]], [36, []], [19, []], [22, []], [49, [49, 50, 35, 33]], [50, []], [35, []], [33, []], [32, [32, 34, 17]], [34, []], [18, []], [17, []]]], [[[9, [9, 10, 12, 19]]], [[15, [15, 16, 11, 13]]], [[14, [14, 21, 20, 23]]], [[28, [28, 27, 26, 30]]], [[29, [29]], [25, [25, 24, 31]]], [[5, [36, 22, 18]]], [[42, [42, 41, 40, 37]]], [[38, [38, 39, 48, 47]]], [[49, [49, 50, 35, 33]]], [[46, [46, 43, 44, 45]]], [[32, [32, 34, 17]]]]]",57.06388514174983,0,12,3.6666666666666665,57.825429753398474,1,11,3.8181818181818183,,,
213,test_data/data_demand_random_50_batch_all1_equal_cluster/C201_1.5.dat,4,120,1,770.3455636907725,"[[[[0, [13, 16, 14, 1, 7, 8]], [13, []], [16, []], [14, []], [1, []], [7, []], [8, []], [18, [18, 22, 24, 23]], [35, [35, 34, 33, 32]], [34, []], [33, []], [32, []], [22, []], [37, [37, 38, 40, 42]], [38, []], [40, []], [24, []], [42, []], [49, [49, 41, 50, 36]], [41, []], [50, []], [36, []], [23, []], [21, [21, 20, 19, 17]], [20, []], [19, []], [17, []]], [[0, [3, 2, 5, 6, 4]], [3, []], [2, []], [5, []], [6, []], [4, []], [15, [15, 11, 12, 10]], [11, []], [12, []], [10, []], [9, [9]], [26, [26, 27, 29, 30]], [27, []], [29, []], [30, []], [25, [25, 31, 28]], [39, [39, 48, 47, 46]], [48, []], [47, []], [46, []], [31, []], [28, []], [43, [43, 44, 45]], [44, []], [45, []]]], [[[15, [15, 11, 12, 10]]], [[9, [9]]], [[18, [18, 22, 24, 23]]], [[26, [26, 27, 29, 30]]], [[25, [25, 31, 28]]], [[35, [35, 34, 33, 32]]], [[37, [37, 38, 40, 42]]], [[39, [39, 48, 47, 46]]], [[43, [43, 44, 45]]], [[49, [49, 41, 50, 36]]], [[21, [21, 20, 19, 17]]]]]",,,54.617981422583455,0,11,3.5454545454545454,,,,,,(not found),
214,test_data/data_demand_random_50_batch_all1_equal_cluster/C201_1.5.dat,4,120,2,756.7099202643649,"[[[[0, [1, 2, 7, 4, 5]], [1, []], [7, []], [2, []], [4, []], [5, []], [10, [10, 15, 14, 13]], [15, []], [14, []], [13, []], [25, [25, 26, 28, 31]], [26, []], [28, []], [31, []], [27, [27, 9, 21, 19]], [9, [8, 17, 12, 11]], [8, []], [21, []], [19, []], [17, []], [45, [45, 44, 43]], [44, []], [43, []], [12, []], [11, []]], [[0, [6]], [16, [16, 3]], [3, []], [6, []], [24, [24, 22, 20, 18]], [22, []], [20, []], [18, []], [32, [32, 33, 34, 36]], [33, []], [34, []], [35, [35, 23, 30, 29]], [23, []], [36, []], [50, [50, 42, 41]], [49, [49, 40, 37, 38]], [42, []], [41, []], [40, []], [37, []], [38, []], [39, [39, 46, 47, 48]], [46, []], [47, []], [48, []], [30, []], [29, []]]], [[[16, [16, 3]]], [[24, [24, 22, 20, 18]]], [[10, [10, 15, 14, 13]]], [[25, [25, 26, 28, 31]]], [[27, [27, 9, 21, 19]]], [[32, [32, 33, 34, 36]]], [[35, [35, 23, 30, 29]]], [[9, [8, 17, 12, 11]]], [[50, [50, 42, 41]]], [[49, [49, 40, 37, 38]]], [[45, [45, 44, 43]]], [[39, [39, 46, 47, 48]]]]]",,,57.59417711449188,0,12,3.6666666666666665,,,,,,(not found),
215,test_data/data_demand_random_50_batch_all1_equal_cluster/C201_1.5.dat,4,120,3,785.3573373083088,"[[[[0, [6, 2]], [6, []], [10, [10, 11, 13]], [11, []], [13, []], [2, [19]], [19, []], [20, [20, 17, 18, 14]], [17, []], [18, []], [32, [32, 33, 34, 35]], [33, []], [34, []], [35, []], [45, [45, 44, 43, 15]], [44, []], [43, []], [14, []], [15, []], [48, [48, 47, 9]], [47, []], [9, []]], [[0, [1, 5, 3, 7, 4, 8]], [1, []], [5, []], [3, []], [7, []], [16, [16, 12, 21, 22]], [12, []], [25, [25, 23, 24, 27]], [4, [26, 28, 31]], [8, []], [21, []], [22, []], [23, []], [42, [42, 36, 41, 40]], [36, []], [41, []], [50, [50, 49, 37, 38]], [49, []], [24, []], [40, []], [37, []], [38, []], [39, [39, 46, 30, 29]], [27, []], [26, []], [28, []], [31, []], [46, []], [30, []], [29, []]]], [[[10, [10, 11, 13]]], [[2, [19]]], [[16, [16, 12, 21, 22]]], [[20, [20, 17, 18, 14]]], [[25, [25, 23, 24, 27]]], [[4, [26, 28, 31]]], [[32, [32, 33, 34, 35]]], [[42, [42, 36, 41, 40]]], [[50, [50, 49, 37, 38]]], [[45, [45, 44, 43, 15]]], [[39, [39, 46, 30, 29]]], [[48, [48, 47, 9]]]]]",,,54.2035477123388,0,12,3.5,,,,,,(not found),
216,test_data/data_demand_random_50_batch_all1_equal_cluster/C201_1.5.dat,4,120,4,793.3455636907725,"[[[[0, [1, 12, 11]], [1, []], [15, [15, 14, 10, 16]], [14, []], [10, []], [12, []], [16, []], [11, []], [9, [9, 13]], [20, [20, 19, 17, 21]], [19, []], [17, []], [21, []], [38, [38, 29, 30, 31]], [29, []], [30, []], [48, [48, 47, 46, 28]], [47, []], [46, []], [31, []], [28, []], [13, []], [43, [43, 44, 45]], [44, []], [45, []]], [[0, [22, 6, 4, 5, 3, 8, 7, 2, 24, 23, 18]], [7, []], [8, []], [2, []], [3, []], [4, []], [5, []], [6, []], [22, []], [25, [25, 26, 27, 33]], [26, []], [27, []], [39, [39, 37, 40, 41]], [37, []], [40, []], [41, []], [24, []], [23, []], [50, [50, 42, 49, 36]], [42, []], [49, []], [36, []], [35, [35, 32, 34]], [33, []], [32, []], [34, []], [18, []]]], [[[15, [15, 14, 10, 16]]], [[9, [9, 13]]], [[25, [25, 26, 27, 33]]], [[20, [20, 19, 17, 21]]], [[38, [38, 29, 30, 31]]], [[39, [39, 37, 40, 41]]], [[50, [50, 42, 49, 36]]], [[48, [48, 47, 46, 28]]], [[35, [35, 32, 34]]], [[43, [43, 44, 45]]]]]",811.5034840343212,"[[[[0, [1, 2, 7, 5, 4, 3]], [4, []], [1, []], [2, []], [7, []], [10, [10, 13, 14, 16]], [16, []], [3, []], [5, []], [25, [25, 27, 28, 30]], [29, [29]], [27, []], [28, []], [31, [31, 26]], [38, [38]], [30, [48, 47, 46]], [48, []], [47, []], [46, []], [26, []], [13, []], [14, []], [43, [43, 44, 45]], [44, []], [45, []]], [[0, [6, 8]], [6, []], [15, [15, 11, 9]], [11, []], [12, [12]], [9, [17, 20, 22]], [8, []], [17, []], [20, []], [19, [19, 23, 24]], [23, []], [24, []], [22, []], [39, [39, 37, 40, 41]], [37, []], [40, []], [41, []], [42, [42, 49, 50, 36]], [49, []], [50, []], [36, []], [21, [21, 18]], [33, [33, 32, 34, 35]], [32, []], [34, []], [35, []], [18, []]]], [[[15, [15, 11, 9]]], [[10, [10, 13, 14, 16]]], [[12, [12]]], [[9, [17, 20, 22]]], [[25, [25, 27, 28, 30]]], [[29, [29]], [19, [19, 23, 24]]], [[31, [31, 26]]], [[39, [39, 37, 40, 41]]], [[38, [38]]], [[30, [48, 47, 46]]], [[42, [42, 49, 50, 36]]], [[21, [21, 18]]], [[33, [33, 32, 34, 35]]], [[43, [43, 44, 45]]]]]",57.49766909281513,0,10,3.6,57.03388236659312,1,14,3.0,,,
217,test_data/data_demand_random_50_batch_all1_equal_cluster/C201_1.5.dat,4,120,5,755.7308492477241,"[[[[0, [2, 1, 4, 3]], [4, []], [3, []], [14, [14, 9, 10, 12]], [9, []], [15, [15, 23, 24, 22]], [10, []], [12, []], [25, [25, 29, 26, 27]], [29, []], [26, []], [27, []], [28, [28, 36, 17, 6]], [6, []], [39, [39, 38, 37, 40]], [38, []], [37, []], [40, []], [23, []], [24, []], [41, [41, 42, 49, 50]], [42, []], [49, []], [50, []], [36, []], [22, []], [17, []], [2, []], [1, []]], [[0, [8, 5]], [7, [7, 11, 16]], [11, []], [16, []], [8, [19, 20]], [19, []], [20, []], [21, [21, 18, 13]], [18, []], [35, [35, 34, 33, 32]], [34, []], [33, []], [32, []], [45, [45, 44, 43, 31]], [44, []], [43, []], [13, []], [31, []], [46, [46, 47, 48, 30]], [47, []], [48, []], [30, []], [5, []]]], [[[7, [7, 11, 16]]], [[14, [14, 9, 10, 12]]], [[8, [19, 20]]], [[15, [15, 23, 24, 22]]], [[21, [21, 18, 13]]], [[25, [25, 29, 26, 27]]], [[35, [35, 34, 33, 32]]], [[28, [28, 36, 17, 6]]], [[39, [39, 38, 37, 40]]], [[45, [45, 44, 43, 31]]], [[41, [41, 42, 49, 50]]], [[46, [46, 47, 48, 30]]]]]",818.4863410447249,"[[[[0, [8]], [22, [22, 11, 12, 16]], [24, [24, 23, 18, 17]], [23, []], [18, []], [20, [20]], [8, []], [11, [35, 33, 32]], [12, []], [16, []], [43, [43, 34, 44, 45]], [44, []], [45, []], [35, []], [34, []], [33, []], [32, []], [17, []]], [[0, [1, 4, 5, 3, 6, 7, 2]], [7, []], [2, []], [5, []], [6, []], [15, [15, 9]], [14, [14, 10, 13]], [10, []], [13, []], [3, []], [1, []], [4, []], [25, [25, 28, 31, 27]], [28, []], [31, []], [27, []], [30, [30, 26, 36]], [29, [29, 21, 19]], [26, []], [9, []], [47, [47, 46, 39, 48]], [46, []], [48, []], [39, []], [38, [38, 37, 40, 41]], [37, []], [40, []], [41, []], [42, [42, 49, 50]], [49, []], [50, []], [36, []], [21, []], [19, []]]], [[[15, [15, 9]]], [[14, [14, 10, 13]]], [[22, [22, 11, 12, 16]]], [[24, [24, 23, 18, 17]]], [[25, [25, 28, 31, 27]]], [[30, [30, 26, 36]]], [[29, [29, 21, 19]], [20, [20]]], [[47, [47, 46, 39, 48]]], [[11, [35, 33, 32]]], [[43, [43, 34, 44, 45]]], [[38, [38, 37, 40, 41]]], [[42, [42, 49, 50]]]]]",54.020136749818974,0,12,3.6666666666666665,61.51778310790868,1,12,3.5,,,
218,test_data/data_demand_random_50_batch_all1_equal_cluster/C201_1.5.dat,8,60,1,771.1327459504216,"[[[[0, [8, 4]], [4, []], [12, [12]], [8, [23, 24, 22, 15, 16, 9]], [23, []], [24, []], [22, [29, 28, 26, 30, 31, 25]], [29, []], [28, []], [26, []], [30, []], [31, []], [15, []], [16, [44, 45, 43]], [44, []], [45, []], [43, []], [25, []], [9, []]], [[0, [7, 5, 3, 2, 6, 1]], [7, []], [2, []], [3, []], [6, []], [5, []], [13, [13, 11, 14, 19, 20, 17, 18, 10]], [11, []], [14, []], [10, []], [1, []], [19, []], [20, []], [17, [35, 33, 32, 34, 21, 27]], [35, []], [33, []], [32, []], [34, [36, 42, 41, 40, 37, 38, 39]], [18, []], [21, [50, 49, 48, 47, 46]], [36, []], [50, []], [49, []], [42, []], [41, []], [40, []], [37, []], [38, []], [39, []], [48, []], [47, []], [46, []], [27, []]]], [[[12, [12]]], [[8, [23, 24, 22, 15, 16, 9]]], [[13, [13, 11, 14, 19, 20, 17, 18, 10]]], [[22, [29, 28, 26, 30, 31, 25]]], [[17, [35, 33, 32, 34, 21, 27]]], [[34, [36, 42, 41, 40, 37, 38, 39]]], [[16, [44, 45, 43]]], [[21, [50, 49, 48, 47, 46]]]]]",,,40.8820282262949,0,8,5.25,,,,,,(not found),
219,test_data/data_demand_random_50_batch_all1_equal_cluster/C201_1.5.dat,8,60,2,856.770329614269,"[[[[0, [4, 8]], [8, []], [9, [9, 5, 13]], [13, []], [20, [20, 23, 21, 24, 17, 22]], [23, []], [21, []], [24, []], [5, []], [4, []], [17, [35, 33, 32, 34, 38, 40, 41, 37]], [35, []], [34, []], [33, []], [32, [42, 49, 50, 36, 39]], [37, []], [39, []], [38, []], [40, []], [41, []], [42, []], [49, []], [50, []], [36, []], [22, []]], [[0, [2, 7, 6, 3, 1]], [2, []], [18, [18, 19, 10, 15, 14, 11, 12, 16]], [19, []], [7, []], [6, []], [3, []], [1, [28, 26, 27, 31, 30, 29, 25]], [28, []], [26, []], [27, []], [31, []], [30, []], [29, []], [25, [46, 47, 48, 44, 43, 45]], [46, []], [47, []], [48, []], [10, []], [15, []], [14, []], [11, []], [12, []], [44, []], [43, []], [16, []], [45, []]]], [[[9, [9, 5, 13]]], [[18, [18, 19, 10, 15, 14, 11, 12, 16]]], [[20, [20, 23, 21, 24, 17, 22]]], [[1, [28, 26, 27, 31, 30, 29, 25]]], [[17, [35, 33, 32, 34, 38, 40, 41, 37]]], [[32, [42, 49, 50, 36, 39]]], [[25, [46, 47, 48, 44, 43, 45]]]]]",,,36.30748703664165,0,7,6.142857142857143,,,,,,(not found),
220,test_data/data_demand_random_50_batch_all1_equal_cluster/C201_1.5.dat,8,60,3,798.7099202643649,"[[[[0, [9, 6, 5]], [9, []], [6, []], [15, [15, 10, 11, 12, 16, 14, 13]], [10, []], [25, [25, 30, 27, 26, 29, 28, 31]], [30, []], [27, []], [26, []], [29, []], [11, []], [12, []], [16, [45, 44, 43, 46, 47, 48, 39]], [45, []], [44, []], [43, []], [14, []], [13, []], [28, []], [31, []], [46, []], [47, []], [48, []], [39, []], [5, []]], [[0, [2, 7, 1, 3, 8, 4]], [2, []], [7, []], [1, []], [3, []], [20, [20, 22, 19, 17, 18, 21, 24, 23]], [22, []], [19, []], [8, []], [17, []], [32, [32, 34, 33, 35, 36]], [34, []], [33, []], [35, []], [18, [42, 41, 40, 50, 49, 37, 38]], [21, []], [36, []], [50, []], [49, []], [42, []], [41, []], [40, []], [37, []], [24, []], [23, []], [38, []], [4, []]]], [[[15, [15, 10, 11, 12, 16, 14, 13]]], [[20, [20, 22, 19, 17, 18, 21, 24, 23]]], [[25, [25, 30, 27, 26, 29, 28, 31]]], [[32, [32, 34, 33, 35, 36]]], [[18, [42, 41, 40, 50, 49, 37, 38]]], [[16, [45, 44, 43, 46, 47, 48, 39]]]]]",,,46.56218594330096,0,6,6.833333333333333,,,,,,(not found),
221,test_data/data_demand_random_50_batch_all1_equal_cluster/C201_1.5.dat,8,60,4,778.7099202643649,"[[[[0, [6, 4, 2, 7, 1]], [15, [15, 9, 22, 19, 17, 23, 24, 21]], [9, []], [22, []], [19, []], [17, []], [32, [32, 33, 34, 35, 36]], [33, []], [34, []], [35, []], [21, [49, 50, 37, 38, 39, 42, 41, 40]], [23, []], [24, []], [49, []], [36, []], [50, []], [42, []], [41, []], [40, []], [37, []], [38, []], [39, []], [6, []], [4, []], [2, []], [7, []], [1, []]], [[0, [8, 5, 3]], [8, []], [20, [20, 11, 10, 12, 16, 14, 13, 18]], [18, []], [11, [27, 26, 25, 28, 31, 30, 29]], [27, []], [26, []], [25, []], [10, []], [12, []], [16, [44, 45, 43, 46, 47, 48]], [44, []], [45, []], [43, []], [14, []], [13, []], [28, []], [31, []], [46, []], [47, []], [48, []], [30, []], [29, []], [5, []], [3, []]]], [[[15, [15, 9, 22, 19, 17, 23, 24, 21]]], [[20, [20, 11, 10, 12, 16, 14, 13, 18]]], [[11, [27, 26, 25, 28, 31, 30, 29]]], [[32, [32, 33, 34, 35, 36]]], [[21, [49, 50, 37, 38, 39, 42, 41, 40]]], [[16, [44, 45, 43, 46, 47, 48]]]]]",,,45.46994130522557,0,6,7.0,,,,,,(not found),
222,test_data/data_demand_random_50_batch_all1_equal_cluster/C201_1.5.dat,8,60,5,781.6155281280883,"[[[[0, [7, 1, 4]], [4, []], [13, [13, 10, 12, 11, 16]], [10, [20, 19, 18]], [12, []], [11, []], [16, []], [20, []], [19, []], [18, [35, 34, 33, 32, 17, 22, 23, 24]], [35, []], [34, []], [33, []], [32, []], [17, []], [22, [49, 50, 36, 42, 41, 40, 38, 37]], [23, []], [24, []], [49, []], [50, []], [36, []], [42, []], [41, []], [40, []], [38, []], [37, []], [21, [21]], [7, []], [1, []]], [[0, [3, 8, 2, 6, 5]], [3, []], [8, []], [14, [14, 15, 9]], [15, []], [2, []], [9, [29, 30, 26, 31, 28, 25, 27]], [29, []], [30, []], [26, []], [31, []], [28, []], [25, []], [27, []], [5, []], [6, [39, 48, 47, 46, 43, 44, 45]], [39, []], [48, []], [47, []], [46, []], [43, []], [44, []], [45, []]]], [[[13, [13, 10, 12, 11, 16]]], [[14, [14, 15, 9]]], [[10, [20, 19, 18]]], [[9, [29, 30, 26, 31, 28, 25, 27]]], [[18, [35, 34, 33, 32, 17, 22, 23, 24]]], [[6, [39, 48, 47, 46, 43, 44, 45]]], [[22, [49, 50, 36, 42, 41, 40, 38, 37]]], [[21, [21]]]]]",,,39.087441029244026,0,8,5.25,,,,,,(not found),
223,test_data/data_demand_random_50_batch_all1_equal_cluster/C201_1.5.dat,8,90,1,741.3112887414927,"[[[[0, [3, 1]], [22, [22, 17, 18, 19, 20, 21, 23]], [17, []], [32, [32, 33, 34, 35, 36]], [33, []], [34, []], [35, []], [18, [42, 41, 24]], [19, []], [20, []], [21, []], [23, []], [36, []], [50, [50, 49, 40, 37, 38, 39]], [49, []], [42, []], [41, []], [24, []], [40, []], [37, []], [38, []], [39, []], [3, []], [1, []]], [[0, [7, 6, 5, 2, 4, 8]], [7, []], [4, []], [8, []], [6, []], [5, []], [2, []], [12, [12]], [10, [10, 16, 13, 9, 15, 14, 11]], [11, []], [16, []], [13, []], [9, []], [29, [29, 31, 30, 25, 27, 26, 28]], [31, []], [30, []], [25, []], [48, [48, 47, 46, 43, 44, 45]], [47, []], [46, []], [27, []], [26, []], [28, []], [15, []], [14, []], [43, []], [44, []], [45, []]]], [[[12, [12]]], [[10, [10, 16, 13, 9, 15, 14, 11]]], [[22, [22, 17, 18, 19, 20, 21, 23]]], [[29, [29, 31, 30, 25, 27, 26, 28]]], [[32, [32, 33, 34, 35, 36]]], [[18, [42, 41, 24]]], [[50, [50, 49, 40, 37, 38, 39]]], [[48, [48, 47, 46, 43, 44, 45]]]]]",,,54.40064920403136,0,8,5.25,,,,,,(not found),
224,test_data/data_demand_random_50_batch_all1_equal_cluster/C201_1.5.dat,8,90,2,744.3573373083088,"[[[[0, [2, 8, 7]], [8, []], [16, [16]], [7, []], [22, [22, 23, 24, 15]], [23, []], [24, []], [28, [28, 31, 30, 29]], [31, []], [30, []], [29, []], [15, []], [45, [45, 44, 43]], [44, []], [43, []], [2, []]], [[0, [1, 4, 3, 5, 6]], [1, []], [5, []], [6, []], [4, []], [3, []], [10, [10, 13, 14, 12, 11, 9]], [13, []], [14, []], [12, []], [11, []], [9, []], [17, [17, 18, 19, 20, 21, 27, 26, 25]], [18, []], [19, []], [32, [32, 33, 34, 35, 36]], [33, []], [34, []], [35, []], [20, [40, 37, 38]], [21, []], [36, []], [50, [50, 49, 42, 41, 39, 48, 47, 46]], [49, []], [42, []], [41, []], [40, []], [37, []], [38, []], [39, []], [48, []], [47, []], [46, []], [27, []], [26, []], [25, []]]], [[[10, [10, 13, 14, 12, 11, 9]]], [[16, [16]]], [[22, [22, 23, 24, 15]]], [[17, [17, 18, 19, 20, 21, 27, 26, 25]]], [[28, [28, 31, 30, 29]]], [[32, [32, 33, 34, 35, 36]]], [[20, [40, 37, 38]]], [[50, [50, 49, 42, 41, 39, 48, 47, 46]]], [[45, [45, 44, 43]]]]]",,,51.26330816601412,0,9,4.666666666666667,,,,,,(not found),
225,test_data/data_demand_random_50_batch_all1_equal_cluster/C201_1.5.dat,8,90,3,744.3573373083088,"[[[[0, [8]], [9, [9, 12]], [12, []], [20, [20, 16]], [21, [21, 22, 17, 18, 19]], [22, []], [17, []], [18, []], [32, [32, 33, 34, 35, 36]], [33, []], [34, []], [35, []], [36, []], [19, []], [8, []], [16, []], [43, [43, 44, 45]], [44, []], [45, []]], [[0, [7, 2, 4, 5, 1, 3, 6]], [7, []], [2, []], [4, []], [15, [15, 11, 13, 10, 14]], [11, []], [13, []], [10, []], [14, []], [6, []], [1, []], [3, []], [25, [25, 28, 31, 26, 27, 30, 29]], [28, []], [31, []], [26, []], [27, []], [30, []], [29, []], [38, [38, 37, 42, 41, 40, 39, 24, 23]], [37, []], [24, []], [23, []], [50, [50, 49, 46, 47, 48]], [49, []], [42, []], [41, []], [40, []], [39, []], [46, []], [47, []], [48, []], [5, []]]], [[[9, [9, 12]]], [[15, [15, 11, 13, 10, 14]]], [[20, [20, 16]]], [[21, [21, 22, 17, 18, 19]]], [[25, [25, 28, 31, 26, 27, 30, 29]]], [[32, [32, 33, 34, 35, 36]]], [[38, [38, 37, 42, 41, 40, 39, 24, 23]]], [[43, [43, 44, 45]]], [[50, [50, 49, 46, 47, 48]]]]]",,,51.563766291821985,0,9,4.666666666666667,,,,,,(not found),
226,test_data/data_demand_random_50_batch_all1_equal_cluster/C201_1.5.dat,8,90,4,741.3112887414927,"[[[[0, [2]], [12, [12, 16]], [16, []], [21, [21, 24, 23, 20, 19, 15]], [24, []], [23, []], [20, []], [19, []], [2, []], [25, [25, 28, 26, 27, 29, 30, 31, 14]], [28, []], [26, []], [27, []], [29, []], [30, []], [48, [48, 47, 46, 43, 44, 45]], [47, []], [46, []], [31, []], [15, []], [14, []], [43, []], [44, []], [45, []]], [[0, [7, 1, 8, 3, 5, 4, 6]], [7, []], [1, []], [8, []], [3, []], [9, [9, 13, 10]], [13, [11, 22, 17, 18]], [10, []], [11, []], [5, []], [4, []], [6, []], [22, []], [17, []], [18, []], [34, [34, 32, 33, 35, 36, 42, 40]], [32, []], [33, []], [35, []], [36, [41, 50, 49, 37, 38, 39]], [50, []], [49, []], [42, []], [41, []], [40, []], [37, []], [38, []], [39, []]]], [[[9, [9, 13, 10]]], [[12, [12, 16]]], [[13, [11, 22, 17, 18]]], [[21, [21, 24, 23, 20, 19, 15]]], [[25, [25, 28, 26, 27, 29, 30, 31, 14]]], [[34, [34, 32, 33, 35, 36, 42, 40]]], [[36, [41, 50, 49, 37, 38, 39]]], [[48, [48, 47, 46, 43, 44, 45]]]]]",,,50.34976472738658,0,8,5.25,,,,,,(not found),
227,test_data/data_demand_random_50_batch_all1_equal_cluster/C201_1.5.dat,8,90,5,744.3573373083088,"[[[[0, [3]], [22, [22, 21, 23, 24, 20, 19, 18, 17]], [21, []], [23, []], [24, []], [20, []], [19, []], [18, []], [17, []], [32, [32, 33, 34, 35, 27]], [33, []], [34, []], [35, [36, 41, 40, 39, 42]], [36, []], [50, [50, 49, 37, 38, 48, 47, 46]], [49, []], [42, []], [41, []], [40, []], [37, []], [38, []], [39, []], [48, []], [47, []], [46, []], [27, []], [3, []]], [[0, [2, 4, 1, 5, 7, 8, 6]], [6, []], [7, []], [8, []], [2, []], [4, []], [15, [15, 13, 10, 16, 14, 11, 12, 9]], [1, []], [5, []], [29, [29, 28, 31, 26, 30, 25]], [28, []], [31, []], [26, []], [30, []], [13, []], [10, []], [16, []], [45, [45, 44, 43]], [44, []], [43, []], [14, []], [11, []], [12, []], [25, []], [9, []]]], [[[15, [15, 13, 10, 16, 14, 11, 12, 9]]], [[22, [22, 21, 23, 24, 20, 19, 18, 17]]], [[29, [29, 28, 31, 26, 30, 25]]], [[32, [32, 33, 34, 35, 27]]], [[35, [36, 41, 40, 39, 42]]], [[45, [45, 44, 43]]], [[50, [50, 49, 37, 38, 48, 47, 46]]]]]",,,58.00685715407287,0,7,6.0,,,,,,(not found),
228,test_data/data_demand_random_50_batch_all1_equal_cluster/C201_1.5.dat,8,120,1,744.3573373083088,"[[[[0, [1, 7, 2]], [9, [9]], [2, []], [1, [22, 23, 24, 21, 20, 19, 17]], [7, []], [22, []], [23, []], [24, []], [21, []], [20, []], [19, []], [17, []], [18, [18]], [32, [32, 33, 34, 35, 36]], [33, []], [34, []], [35, [40, 37, 38, 39]], [36, []], [50, [50, 49, 42, 41, 46, 47, 48]], [49, []], [42, []], [41, []], [40, []], [37, []], [38, []], [39, []], [46, []], [47, []], [48, []]], [[0, [8, 6, 5, 4, 3]], [8, []], [16, [16, 10, 12, 15, 14, 11, 13]], [10, []], [12, []], [6, []], [26, [26, 30, 27, 29, 31, 25, 28]], [30, []], [27, []], [29, []], [31, []], [25, []], [15, []], [14, []], [11, []], [45, [45, 44, 43]], [44, []], [43, []], [13, []], [28, []], [4, []], [3, []], [5, []]]], [[[9, [9]]], [[16, [16, 10, 12, 15, 14, 11, 13]]], [[1, [22, 23, 24, 21, 20, 19, 17]]], [[18, [18]]], [[26, [26, 30, 27, 29, 31, 25, 28]]], [[32, [32, 33, 34, 35, 36]]], [[35, [40, 37, 38, 39]]], [[45, [45, 44, 43]]], [[50, [50, 49, 42, 41, 46, 47, 48]]]]]",,,49.43724166815342,0,9,4.666666666666667,,,,,,(not found),
229,test_data/data_demand_random_50_batch_all1_equal_cluster/C201_1.5.dat,8,120,2,744.3573373083088,"[[[[0, [5]], [23, [23, 22, 21, 17, 24, 18, 20, 19]], [24, []], [22, []], [21, []], [18, []], [20, []], [19, []], [17, []], [33, [33, 32, 34, 35, 36]], [32, []], [34, []], [35, [40, 37, 38, 39]], [36, []], [50, [50, 49, 42, 41, 46, 47, 48]], [49, []], [42, []], [41, []], [40, []], [37, []], [38, []], [39, []], [46, []], [47, []], [48, []], [5, []]], [[0, [8, 7, 6, 2, 3, 1]], [4, [4]], [7, []], [8, []], [9, [9, 11, 14, 13, 15, 10, 12, 16]], [11, []], [14, []], [6, []], [25, [25, 26, 27, 30, 29, 31, 28]], [26, []], [27, []], [30, []], [29, []], [31, []], [28, []], [13, []], [15, []], [10, []], [12, []], [16, []], [45, [45, 44, 43]], [44, []], [43, []], [2, []], [3, []], [1, []]]], [[[4, [4]]], [[9, [9, 11, 14, 13, 15, 10, 12, 16]]], [[23, [23, 22, 21, 17, 24, 18, 20, 19]]], [[25, [25, 26, 27, 30, 29, 31, 28]]], [[33, [33, 32, 34, 35, 36]]], [[35, [40, 37, 38, 39]]], [[45, [45, 44, 43]]], [[50, [50, 49, 42, 41, 46, 47, 48]]]]]",,,52.799264230447186,0,8,5.375,,,,,,(not found),
230,test_data/data_demand_random_50_batch_all1_equal_cluster/C201_1.5.dat,8,120,3,741.3112887414927,"[[[[0, [4, 6, 5]], [16, [16, 11, 10, 13, 15, 14]], [11, []], [10, []], [13, []], [4, []], [6, []], [25, [25, 26, 27, 29, 28, 31, 30]], [26, []], [27, []], [29, []], [5, []], [28, []], [31, []], [30, []], [38, [38, 39]], [39, []], [48, [48, 47, 46, 43, 44, 45]], [47, []], [46, []], [15, []], [14, []], [43, []], [44, []], [45, []]], [[0, [2, 7, 3, 1, 8]], [2, []], [12, [12, 9]], [9, []], [19, [19, 22, 20, 21, 17, 18, 23, 24]], [22, []], [20, []], [21, []], [7, []], [3, []], [1, []], [8, []], [17, []], [18, []], [34, [34, 32, 33, 35, 36, 42, 41, 40]], [32, []], [33, []], [35, []], [23, []], [50, [50, 49, 37]], [36, []], [49, []], [42, []], [41, []], [24, []], [40, []], [37, []]]], [[[12, [12, 9]]], [[16, [16, 11, 10, 13, 15, 14]]], [[19, [19, 22, 20, 21, 17, 18, 23, 24]]], [[25, [25, 26, 27, 29, 28, 31, 30]]], [[34, [34, 32, 33, 35, 36, 42, 41, 40]]], [[38, [38, 39]]], [[48, [48, 47, 46, 43, 44, 45]]], [[50, [50, 49, 37]]]]]",784.5299640861417,"[[[[0, [4, 2, 6]], [22, [22, 10, 15, 14]], [4, []], [2, []], [10, []], [25, [25, 26, 27, 30, 31]], [26, []], [27, []], [6, [28, 38, 39]], [38, []], [39, []], [30, [48, 47, 46, 43, 44, 45]], [48, []], [47, []], [46, []], [31, []], [28, []], [15, []], [14, []], [43, []], [44, []], [45, []]], [[0, [5, 7, 8, 1]], [5, []], [9, [9, 3, 12, 16, 11, 13]], [12, []], [16, []], [11, []], [13, []], [3, []], [7, []], [21, [21, 19, 23, 24, 20]], [20, []], [19, []], [8, []], [1, []], [29, [29, 36, 35, 32, 33, 34, 18, 17]], [37, [37, 40, 41, 42]], [23, []], [24, []], [40, []], [41, []], [42, [49, 50]], [49, []], [50, []], [36, []], [35, []], [32, []], [33, []], [34, []], [18, []], [17, []]]], [[[9, [9, 3, 12, 16, 11, 13]]], [[21, [21, 19, 23, 24, 20]]], [[22, [22, 10, 15, 14]]], [[25, [25, 26, 27, 30, 31]]], [[29, [29, 36, 35, 32, 33, 34, 18, 17]]], [[37, [37, 40, 41, 42]], [6, [28, 38, 39]]], [[30, [48, 47, 46, 43, 44, 45]]], [[42, [49, 50]]]]]",56.80115674436017,0,8,5.25,54.777938139385284,1,8,5.375,,,
231,test_data/data_demand_random_50_batch_all1_equal_cluster/C201_1.5.dat,8,120,4,757.3112887414927,"[[[[0, [8]], [12, [12, 16, 15, 14, 9]], [16, []], [22, [22, 24, 23]], [24, []], [23, [25, 27, 29, 31, 26, 28]], [8, []], [25, []], [27, []], [29, []], [31, []], [48, [48, 47, 46, 43, 45, 44]], [47, []], [46, []], [26, []], [28, []], [15, []], [14, []], [43, []], [45, []], [44, []], [9, []]], [[0, [6, 3, 4, 7, 5, 1, 2]], [7, []], [4, []], [6, []], [1, []], [5, []], [3, []], [13, [13, 10, 11, 19, 17, 18, 21]], [10, []], [11, []], [19, []], [20, [20, 30]], [17, []], [32, [32, 34, 33, 35, 36]], [34, []], [33, []], [35, []], [18, []], [21, [42, 41, 40, 50, 49, 37, 38, 39]], [36, []], [50, []], [49, []], [42, []], [41, []], [40, []], [37, []], [38, []], [39, []], [30, []], [2, []]]], [[[12, [12, 16, 15, 14, 9]]], [[13, [13, 10, 11, 19, 17, 18, 21]]], [[20, [20, 30]]], [[22, [22, 24, 23]]], [[23, [25, 27, 29, 31, 26, 28]]], [[32, [32, 34, 33, 35, 36]]], [[48, [48, 47, 46, 43, 45, 44]]], [[21, [42, 41, 40, 50, 49, 37, 38, 39]]]]]",785.5286750449475,"[[[[0, [8, 6, 4]], [8, []], [14, [14, 11, 16]], [11, []], [16, []], [22, [22, 15]], [6, [29, 26, 25, 23, 21, 31, 28]], [29, []], [26, []], [25, []], [4, []], [23, []], [21, []], [37, [37, 39, 43, 44, 45]], [39, []], [31, []], [28, []], [15, []], [43, []], [44, []], [45, []]], [[0, [2, 3, 1, 7, 5]], [2, []], [10, [10, 9, 12]], [9, []], [12, []], [13, [13, 19, 20, 18, 17]], [3, []], [1, []], [7, []], [19, []], [20, []], [18, []], [17, []], [34, [34, 32, 33, 35]], [32, []], [33, []], [35, [40, 41, 36, 42]], [40, []], [41, []], [50, [50, 49, 24, 27, 30]], [36, []], [49, []], [42, []], [24, []], [38, [38, 46, 47, 48]], [27, []], [46, []], [47, []], [48, []], [30, []], [5, []]]], [[[10, [10, 9, 12]], [14, [14, 11, 16]]], [[13, [13, 19, 20, 18, 17]]], [[22, [22, 15]]], [[6, [29, 26, 25, 23, 21, 31, 28]]], [[34, [34, 32, 33, 35]]], [[35, [40, 41, 36, 42]]], [[37, [37, 39, 43, 44, 45]]], [[50, [50, 49, 24, 27, 30]]], [[38, [38, 46, 47, 48]]]]]",50.123201700916624,0,8,5.25,54.17753041176353,1,9,4.666666666666667,,,
232,test_data/data_demand_random_50_batch_all1_equal_cluster/C201_1.5.dat,8,120,5,744.3573373083088,"[[[[0, [3]], [22, [22, 21, 23, 24, 20, 19, 18, 17]], [21, []], [23, []], [24, []], [20, []], [19, []], [18, []], [17, []], [32, [32, 33, 34, 35, 27]], [33, []], [34, []], [35, [36, 41, 40, 39, 42]], [36, []], [50, [50, 49, 37, 38, 48, 47, 46]], [49, []], [42, []], [41, []], [40, []], [37, []], [38, []], [39, []], [48, []], [47, []], [46, []], [27, []], [3, []]], [[0, [2, 4, 1, 5, 7, 8, 6]], [6, []], [7, []], [8, []], [2, []], [4, []], [15, [15, 13, 10, 16, 14, 11, 12, 9]], [1, []], [5, []], [29, [29, 28, 31, 26, 30, 25]], [28, []], [31, []], [26, []], [30, []], [13, []], [10, []], [16, []], [45, [45, 44, 43]], [44, []], [43, []], [14, []], [11, []], [12, []], [25, []], [9, []]]], [[[15, [15, 13, 10, 16, 14, 11, 12, 9]]], [[22, [22, 21, 23, 24, 20, 19, 18, 17]]], [[29, [29, 28, 31, 26, 30, 25]]], [[32, [32, 33, 34, 35, 27]]], [[35, [36, 41, 40, 39, 42]]], [[45, [45, 44, 43]]], [[50, [50, 49, 37, 38, 48, 47, 46]]]]]",,,58.00685715407287,0,7,6.0,,,,,,(not found),
233,test_data/data_demand_random_50_batch_all1_equal_random/C201_1.5.dat,4,60,1,798.1327459504216,"[[[[0, [3, 4, 2, 5, 1]], [3, []], [2, []], [4, []], [15, [15, 17, 18, 7]], [17, []], [18, []], [7, []], [5, []], [1, [31, 32, 26, 38]], [31, []], [32, []], [26, [28, 21, 34]], [38, [40, 39, 49, 47]], [36, [36, 42, 41, 16]], [28, []], [40, []], [39, []], [49, []], [21, []], [47, []], [42, []], [34, []], [41, []], [16, []], [50, [50, 29, 33]], [29, []], [33, []]], [[0, []], [9, [9, 6, 13, 10]], [6, []], [11, [11, 22, 19, 14]], [13, []], [22, []], [10, []], [19, [25, 27, 12]], [25, []], [14, []], [27, []], [12, []], [23, [23, 30, 20, 8]], [30, []], [20, []], [45, [45, 35, 24, 37]], [35, []], [43, [43, 48, 46, 44]], [8, []], [48, []], [24, []], [46, []], [37, []], [44, []]]], [[[9, [9, 6, 13, 10]]], [[15, [15, 17, 18, 7]]], [[11, [11, 22, 19, 14]]], [[19, [25, 27, 12]]], [[23, [23, 30, 20, 8]]], [[1, [31, 32, 26, 38]]], [[26, [28, 21, 34]]], [[38, [40, 39, 49, 47]]], [[36, [36, 42, 41, 16]]], [[45, [45, 35, 24, 37]]], [[43, [43, 48, 46, 44]]], [[50, [50, 29, 33]]]]]",,,38.42192983218833,0,12,3.75,,,,,,(not found),
234,test_data/data_demand_random_50_batch_all1_equal_random/C201_1.5.dat,4,60,2,1061.0,"[[[[0, [15, 32, 31, 1, 26, 38, 36, 6, 45, 22, 44, 37, 46, 24, 8, 43, 19, 10, 3]], [13, [13]], [50, [50, 48]], [3, []], [15, []], [32, []], [31, []], [1, []], [26, []], [38, []], [36, []], [6, []], [45, []], [22, []], [44, []], [37, []], [46, []], [24, []], [48, []], [8, []], [43, []], [19, []], [10, []]], [[0, [9, 20, 7, 17, 18, 23, 35, 12, 16, 41, 14, 27, 25, 34, 42, 39, 40, 28, 30, 29, 33, 11, 2, 4, 5]], [9, []], [20, []], [5, []], [7, []], [17, []], [18, []], [23, []], [35, [49, 47, 21]], [12, []], [16, []], [41, []], [14, []], [27, []], [25, []], [2, []], [4, []], [34, []], [42, []], [49, []], [47, []], [21, []], [39, []], [40, []], [28, []], [30, []], [29, []], [33, []], [11, []]]], [[[13, [13]]], [[35, [49, 47, 21]]], [[50, [50, 48]]]]]",,,37.3790339304107,0,3,2.0,,,,,,(not found),
235,test_data/data_demand_random_50_batch_all1_equal_random/C201_1.5.dat,4,60,3,747.1327459504216,"[[[[0, [4, 2, 3]], [4, []], [2, []], [20, [20, 6, 7, 17]], [6, [28]], [7, []], [17, []], [28, []], [30, [30, 23, 33]], [23, []], [35, [35, 29, 12, 16]], [33, []], [29, [41, 14, 27, 25]], [12, []], [16, []], [41, []], [14, []], [27, []], [3, []], [25, []], [50, [50, 22, 24, 48]], [22, []], [44, [44, 37, 43, 46]], [37, []], [43, []], [46, []], [24, []], [48, []]], [[0, [5]], [9, [9, 1]], [13, [13, 8, 10]], [8, []], [19, [19, 11, 15, 18]], [10, []], [11, []], [38, [38, 32, 31, 26]], [32, []], [31, []], [1, []], [5, []], [26, []], [36, [36, 39, 40, 21]], [15, [49, 47, 42, 34]], [39, []], [49, []], [18, []], [40, []], [21, []], [47, []], [42, []], [34, []], [45, [45]]]], [[[20, [20, 6, 7, 17]]], [[9, [9, 1]]], [[13, [13, 8, 10]]], [[19, [19, 11, 15, 18]]], [[6, [28]]], [[30, [30, 23, 33]]], [[38, [38, 32, 31, 26]]], [[35, [35, 29, 12, 16]]], [[29, [41, 14, 27, 25]]], [[36, [36, 39, 40, 21]]], [[15, [49, 47, 42, 34]]], [[50, [50, 22, 24, 48]]], [[45, [45]]], [[44, [44, 37, 43, 46]]]]]",,,35.28303716706615,0,14,3.2857142857142856,,,,,,(not found),
236,test_data/data_demand_random_50_batch_all1_equal_random/C201_1.5.dat,4,60,4,748.0,"[[[[0, [3]], [11, [11, 9, 12, 10]], [15, [15]], [20, [20, 16, 14, 8]], [9, []], [19, [25, 19, 27, 24]], [25, []], [3, []], [12, []], [16, []], [35, [35, 34, 41, 22]], [34, []], [41, []], [14, []], [27, []], [50, [50, 43, 48, 46]], [22, []], [43, []], [8, []], [24, []], [48, []], [46, []], [10, []], [37, [37, 44]], [44, []]], [[0, [4, 2, 5, 1]], [2, []], [4, []], [13, [13, 6, 7]], [6, []], [26, [26, 28, 17]], [5, []], [1, []], [32, [32, 31, 21, 23]], [31, []], [38, [38, 18]], [45, [45, 33, 29]], [33, [42, 40, 39, 30]], [29, []], [23, [47, 49, 36]], [42, []], [47, []], [21, []], [40, []], [49, []], [39, []], [18, []], [17, []], [7, []], [28, []], [30, []], [36, []]]], [[[11, [11, 9, 12, 10]]], [[13, [13, 6, 7]]], [[15, [15]]], [[20, [20, 16, 14, 8]]], [[26, [26, 28, 17]]], [[19, [25, 19, 27, 24]]], [[32, [32, 31, 21, 23]]], [[38, [38, 18]]], [[35, [35, 34, 41, 22]]], [[45, [45, 33, 29]]], [[33, [42, 40, 39, 30]]], [[23, [47, 49, 36]]], [[50, [50, 43, 48, 46]]], [[37, [37, 44]]]]]",,,35.972740232645535,0,14,3.2142857142857144,,,,,,(not found),
237,test_data/data_demand_random_50_batch_all1_equal_random/C201_1.5.dat,4,60,5,777.6155281280883,"[[[[0, [2, 4, 3]], [10, [10, 13, 11, 12]], [13, []], [20, [20, 8, 19, 14]], [11, []], [22, [22, 16, 27, 25]], [2, []], [4, []], [16, []], [12, []], [33, [33, 41, 42, 34]], [42, []], [34, []], [41, []], [14, []], [27, []], [3, []], [25, []], [50, [50, 43, 44, 37]], [19, []], [43, []], [44, []], [37, []], [46, [46, 48, 24]], [8, []], [24, []], [48, []]], [[0, [1, 5]], [5, []], [6, [6, 17, 18, 7]], [7, []], [17, []], [18, []], [30, [30, 9, 15]], [9, [31, 26, 38]], [35, [35, 23, 21, 28]], [45, [45, 29, 39, 40]], [29, []], [23, [47, 49, 36, 32]], [47, []], [21, []], [49, []], [39, []], [40, []], [28, []], [15, []], [36, []], [32, []], [31, []], [1, []], [26, []], [38, []]]], [[[10, [10, 13, 11, 12]]], [[6, [6, 17, 18, 7]]], [[20, [20, 8, 19, 14]]], [[22, [22, 16, 27, 25]]], [[30, [30, 9, 15]]], [[9, [31, 26, 38]]], [[33, [33, 41, 42, 34]]], [[35, [35, 23, 21, 28]]], [[45, [45, 29, 39, 40]]], [[23, [47, 49, 36, 32]]], [[50, [50, 43, 44, 37]]], [[46, [46, 48, 24]]]]]",,,36.61142402586533,0,12,3.75,,,,,,(not found),
238,test_data/data_demand_random_50_batch_all1_equal_random/C201_1.5.dat,4,90,1,738.6124969497314,"[[[[0, [4, 2, 3]], [2, []], [4, []], [3, []], [17, [17, 12, 7, 18]], [7, []], [18, []], [30, [30, 23, 16, 25]], [23, []], [35, [35, 33, 27, 14]], [33, []], [25, []], [12, [41, 11, 21]], [16, []], [41, []], [27, []], [14, []], [34, [34, 42, 39, 40]], [42, []], [47, [47, 49, 28, 29]], [40, []], [21, []], [49, []], [39, []], [28, []], [29, []], [11, []]], [[0, [5]], [8, [8, 1]], [15, [15, 6, 9]], [6, []], [5, []], [32, [32, 31, 26, 19]], [31, []], [1, []], [26, []], [38, [38, 36, 20, 22]], [36, []], [20, []], [45, [45, 24, 46, 10]], [9, []], [50, [50, 48, 37, 43]], [19, []], [22, []], [43, []], [46, []], [24, []], [48, []], [10, []], [37, []], [44, [44, 13]], [13, []]]], [[[8, [8, 1]]], [[15, [15, 6, 9]]], [[17, [17, 12, 7, 18]]], [[30, [30, 23, 16, 25]]], [[32, [32, 31, 26, 19]]], [[35, [35, 33, 27, 14]]], [[38, [38, 36, 20, 22]]], [[12, [41, 11, 21]]], [[45, [45, 24, 46, 10]]], [[50, [50, 48, 37, 43]]], [[34, [34, 42, 39, 40]]], [[44, [44, 13]]], [[47, [47, 49, 28, 29]]]]]",,,50.97438538205468,0,13,3.5384615384615383,,,,,,(not found),
239,test_data/data_demand_random_50_batch_all1_equal_random/C201_1.5.dat,4,90,2,758.3112887414927,"[[[[0, [1]], [17, [17, 18, 7, 9]], [18, []], [7, []], [28, [28, 15, 6]], [15, []], [6, []], [32, [32, 31, 26, 38]], [31, []], [1, []], [26, []], [38, []], [45, [45, 42, 23, 34]], [9, [47, 40, 21, 30]], [23, []], [34, []], [42, []], [47, []], [21, []], [49, [49, 39, 36]], [39, []], [40, []], [30, []], [36, []]], [[0, [4, 3]], [5, [5, 11, 13, 2]], [20, [20, 14, 22, 12]], [22, []], [11, []], [33, [33, 29, 19, 8]], [29, []], [35, [35, 10]], [12, []], [41, [41, 27, 16, 25]], [14, []], [27, []], [16, []], [25, []], [2, []], [4, []], [3, []], [50, [50, 43, 24, 37]], [19, []], [43, []], [8, []], [24, []], [48, [48, 46, 44]], [46, []], [10, []], [37, []], [44, []], [13, []]]], [[[5, [5, 11, 13, 2]]], [[17, [17, 18, 7, 9]]], [[20, [20, 14, 22, 12]]], [[28, [28, 15, 6]]], [[33, [33, 29, 19, 8]]], [[35, [35, 10]]], [[32, [32, 31, 26, 38]]], [[41, [41, 27, 16, 25]]], [[45, [45, 42, 23, 34]]], [[9, [47, 40, 21, 30]]], [[50, [50, 43, 24, 37]]], [[49, [49, 39, 36]]], [[48, [48, 46, 44]]]]]",,,50.72384116032828,0,13,3.6153846153846154,,,,,,(not found),
240,test_data/data_demand_random_50_batch_all1_equal_random/C201_1.5.dat,4,90,3,716.0688837074972,"[[[[0, [2, 4, 3]], [9, [9]], [13, [13, 8, 10]], [8, []], [10, []], [19, [19, 16, 12, 21]], [2, []], [25, [25, 27, 14, 28]], [27, []], [14, []], [4, []], [16, []], [3, []], [34, [34, 41, 42, 39]], [41, []], [12, []], [42, []], [47, [47, 49, 40, 23]], [21, [30, 29]], [49, []], [39, []], [40, []], [28, []], [30, []], [23, []], [29, []]], [[0, [1, 5]], [5, []], [18, [18, 17, 7, 11]], [17, []], [7, []], [15, [15, 6]], [1, []], [31, [31, 32, 22, 24]], [32, []], [38, [38, 26, 37]], [26, []], [36, [36, 20, 33]], [6, []], [20, []], [45, [45, 35, 44, 43]], [11, []], [33, []], [35, []], [50, [50, 46, 48]], [22, []], [44, []], [37, []], [43, []], [46, []], [24, []], [48, []]]], [[[18, [18, 17, 7, 11]]], [[9, [9]]], [[13, [13, 8, 10]]], [[15, [15, 6]]], [[19, [19, 16, 12, 21]]], [[25, [25, 27, 14, 28]]], [[31, [31, 32, 22, 24]]], [[34, [34, 41, 42, 39]]], [[38, [38, 26, 37]]], [[36, [36, 20, 33]]], [[45, [45, 35, 44, 43]]], [[50, [50, 46, 48]]], [[47, [47, 49, 40, 23]]], [[21, [30, 29]]]]]",,,49.147921618256895,0,14,3.2142857142857144,,,,,,(not found),
241,test_data/data_demand_random_50_batch_all1_equal_random/C201_1.5.dat,4,90,4,721.298221281347,"[[[[0, [4, 2, 3]], [2, []], [12, [12, 11, 8, 10]], [3, []], [22, [22, 19, 9, 14]], [10, []], [13, [13, 16]], [11, []], [9, []], [29, [29, 24, 34, 27]], [34, []], [4, []], [14, []], [27, []], [41, [41, 25, 37]], [16, []], [25, []], [50, [50, 43, 48, 46]], [19, []], [43, []], [8, []], [24, []], [48, []], [46, []], [37, []], [44, [44]]], [[0, [1]], [5, [5, 6]], [1, []], [6, []], [7, [7, 18, 17, 15]], [18, []], [17, []], [20, [20, 32, 31, 26]], [38, [38, 36, 28, 21]], [32, []], [31, []], [26, [42, 23]], [36, []], [15, []], [28, []], [39, [39, 49, 40, 30]], [49, []], [21, []], [40, []], [30, [45, 47, 35, 33]], [47, []], [42, []], [23, []], [35, []], [33, []], [45, []]]], [[[5, [5, 6]]], [[12, [12, 11, 8, 10]]], [[7, [7, 18, 17, 15]]], [[22, [22, 19, 9, 14]]], [[13, [13, 16]]], [[20, [20, 32, 31, 26]]], [[29, [29, 24, 34, 27]]], [[38, [38, 36, 28, 21]]], [[26, [42, 23]]], [[41, [41, 25, 37]]], [[50, [50, 43, 48, 46]]], [[39, [39, 49, 40, 30]]], [[30, [45, 47, 35, 33]]], [[44, [44]]]]]",,,47.68923545416731,0,14,3.2857142857142856,,,,,,(not found),
242,test_data/data_demand_random_50_batch_all1_equal_random/C201_1.5.dat,4,90,5,721.298221281347,"[[[[0, [4, 3, 2, 5]], [5, []], [11, [11, 10]], [10, [22, 14]], [22, []], [19, [19, 25, 27, 8]], [2, []], [4, []], [3, []], [27, []], [14, []], [25, []], [34, [34, 41, 16, 12]], [41, []], [16, []], [12, []], [50, [50, 43, 48, 24]], [43, []], [8, []], [48, []], [24, []], [46, [46, 37, 44, 13]], [37, []], [44, []], [13, []]], [[0, [1]], [9, [9, 6, 7]], [6, []], [7, []], [18, [18, 17, 15]], [17, []], [15, []], [1, []], [31, [31, 29, 33, 23]], [32, [32, 26, 20, 28]], [26, []], [36, [36, 39, 40, 30]], [20, []], [45, [45, 35, 42, 21]], [29, []], [35, []], [33, []], [23, []], [42, [47, 49, 38]], [47, []], [21, []], [49, []], [39, []], [40, []], [28, []], [30, []], [38, []]]], [[[11, [11, 10]]], [[9, [9, 6, 7]]], [[18, [18, 17, 15]]], [[10, [22, 14]]], [[19, [19, 25, 27, 8]]], [[31, [31, 29, 33, 23]]], [[32, [32, 26, 20, 28]]], [[34, [34, 41, 16, 12]]], [[36, [36, 39, 40, 30]]], [[45, [45, 35, 42, 21]]], [[42, [47, 49, 38]]], [[50, [50, 43, 48, 24]]], [[46, [46, 37, 44, 13]]]]]",,,47.920269440831326,0,13,3.4615384615384617,,,,,,(not found),
243,test_data/data_demand_random_50_batch_all1_equal_random/C201_1.5.dat,4,120,1,740.3016516106934,"[[[[0, [1, 5]], [1, []], [5, []], [18, [18, 17, 7, 15]], [17, []], [7, []], [15, []], [32, [32, 31, 26]], [31, []], [26, [38, 6, 16, 12]], [38, []], [6, []], [36, [36, 30, 28, 21]], [30, []], [28, []], [40, [40, 39, 49, 47]], [39, []], [49, []], [21, []], [47, []], [42, [42, 34, 41, 35]], [34, []], [41, []], [16, []], [12, []], [50, [50, 33]], [35, []], [33, []]], [[0, [4, 3, 2]], [23, [23, 9, 14, 8]], [9, []], [3, []], [25, [25, 27, 19, 10]], [2, []], [4, []], [14, []], [27, []], [19, []], [22, [22, 24, 13, 20]], [44, [44, 37, 43, 46]], [37, []], [43, []], [8, []], [24, []], [48, [48, 45, 29, 11]], [46, []], [10, []], [13, []], [20, []], [45, []], [29, []], [11, []]]], [[[18, [18, 17, 7, 15]]], [[23, [23, 9, 14, 8]]], [[25, [25, 27, 19, 10]]], [[32, [32, 31, 26]]], [[26, [38, 6, 16, 12]]], [[36, [36, 30, 28, 21]]], [[22, [22, 24, 13, 20]]], [[44, [44, 37, 43, 46]]], [[40, [40, 39, 49, 47]]], [[48, [48, 45, 29, 11]]], [[42, [42, 34, 41, 35]]], [[50, [50, 33]]]]]",829.4798583822836,"[[[[0, [5, 1]], [7, [7, 10, 13, 6]], [17, [17, 18, 8, 15]], [18, []], [15, []], [5, []], [1, []], [31, [31, 32, 24, 22]], [32, []], [26, [26, 38, 37, 36]], [38, []], [36, [46, 44, 20, 33]], [6, []], [20, []], [33, []], [22, []], [43, [43, 48]], [8, []], [48, []], [24, []], [46, []], [10, []], [37, []], [44, []], [13, []], [45, [45, 29]], [29, []]], [[0, [3]], [9, [9, 4, 12, 2]], [19, [19, 14, 21, 23]], [25, [25, 27, 11, 16]], [2, []], [4, []], [27, []], [14, []], [34, [34, 28, 30]], [3, []], [23, []], [28, []], [39, [39, 49, 40, 47]], [49, []], [21, []], [40, []], [42, [42, 50]], [47, []], [30, []], [50, []], [12, []], [16, []], [41, [41, 35]], [35, []], [11, []]]], [[[9, [9, 4, 12, 2]]], [[7, [7, 10, 13, 6]]], [[17, [17, 18, 8, 15]]], [[19, [19, 14, 21, 23]]], [[25, [25, 27, 11, 16]]], [[31, [31, 32, 24, 22]]], [[34, [34, 28, 30]]], [[26, [26, 38, 37, 36]]], [[36, [46, 44, 20, 33]]], [[39, [39, 49, 40, 47]]], [[43, [43, 48]], [42, [42, 50]]], [[45, [45, 29]]], [[41, [41, 35]]]]]",52.80490670897841,0,12,3.75,59.29514026700659,1,13,3.6153846153846154,,,
244,test_data/data_demand_random_50_batch_all1_equal_random/C201_1.5.dat,4,120,2,753.1327459504216,"[[[[0, [2, 4, 3]], [8, [8]], [13, [13, 10]], [10, []], [22, [22, 19, 16, 12]], [19, []], [2, []], [4, []], [16, []], [12, []], [29, [29, 27, 14, 25]], [25, []], [3, []], [27, []], [14, []], [41, [41, 34, 23, 24]], [34, [44, 37, 43]], [23, []], [35, [35, 50, 46, 48]], [50, []], [44, []], [37, []], [43, []], [46, []], [24, []], [48, []]], [[0, [5, 1]], [5, []], [1, []], [15, [15, 7, 17, 18]], [17, []], [18, []], [7, []], [26, [26, 32, 31, 20]], [20, []], [6, [6, 11, 9]], [38, [38, 36, 40, 21]], [32, []], [31, []], [36, []], [40, []], [21, []], [49, [49, 39, 28, 30]], [39, []], [28, []], [30, []], [47, [47, 42, 45, 33]], [42, []], [45, []], [9, []], [33, []], [11, []]]], [[[15, [15, 7, 17, 18]]], [[8, [8]]], [[13, [13, 10]]], [[22, [22, 19, 16, 12]]], [[29, [29, 27, 14, 25]]], [[26, [26, 32, 31, 20]]], [[6, [6, 11, 9]]], [[38, [38, 36, 40, 21]]], [[41, [41, 34, 23, 24]]], [[34, [44, 37, 43]]], [[35, [35, 50, 46, 48]]], [[49, [49, 39, 28, 30]]], [[47, [47, 42, 45, 33]]]]]",,,49.08239850486307,0,13,3.4615384615384617,,,,,,(not found),
245,test_data/data_demand_random_50_batch_all1_equal_random/C201_1.5.dat,4,120,3,725.1327459504216,"[[[[0, [4, 2, 3]], [2, []], [3, []], [4, []], [12, [12, 7, 11, 8]], [23, [23, 24, 18, 17]], [18, []], [17, []], [7, []], [36, [36, 22, 29, 19]], [45, [45, 43, 46]], [11, []], [22, []], [43, []], [8, []], [24, []], [48, [48, 44, 37, 33]], [46, []], [37, []], [44, []], [19, []], [29, []], [33, []]], [[0, [5, 1]], [9, [9]], [13, [13, 6, 10]], [10, []], [6, []], [20, [20, 21, 16, 15]], [26, [26, 28, 14, 27]], [5, []], [1, []], [32, [32, 31, 34, 25]], [31, []], [38, [38, 42, 41, 35]], [15, [40, 39, 30]], [30, []], [28, []], [40, []], [39, []], [49, [49, 47, 50]], [21, []], [47, []], [42, []], [34, []], [16, []], [41, []], [14, []], [27, []], [25, []], [50, []], [35, []]]], [[[9, [9]]], [[13, [13, 6, 10]]], [[12, [12, 7, 11, 8]]], [[20, [20, 21, 16, 15]]], [[23, [23, 24, 18, 17]]], [[26, [26, 28, 14, 27]]], [[32, [32, 31, 34, 25]]], [[36, [36, 22, 29, 19]]], [[38, [38, 42, 41, 35]]], [[15, [40, 39, 30]]], [[45, [45, 43, 46]]], [[49, [49, 47, 50]]], [[48, [48, 44, 37, 33]]]]]",,,42.10684906889269,0,13,3.4615384615384617,,,,,,(not found),
246,test_data/data_demand_random_50_batch_all1_equal_random/C201_1.5.dat,4,120,4,748.6468827043884,"[[[[0, [4]], [4, [12, 6, 9]], [10, [10, 11]], [13, [13, 21, 20, 15]], [20, [32, 31, 26, 33]], [36, [36, 38, 29, 28]], [6, []], [38, []], [32, []], [31, []], [26, []], [15, []], [40, [40, 42, 39, 49]], [28, []], [39, []], [49, []], [21, []], [47, [47, 50, 35]], [42, []], [12, []], [50, []], [35, []], [33, []], [29, []], [9, []], [11, []]], [[0, [3, 2, 5, 1]], [5, []], [1, []], [7, [7, 18, 17, 16]], [18, []], [17, []], [30, [30, 23, 14, 8]], [23, []], [34, [34]], [16, [41, 27, 24]], [41, []], [14, []], [27, []], [3, []], [25, [25, 19]], [2, []], [19, []], [43, [43, 46, 22]], [8, []], [24, []], [48, [48, 37, 44, 45]], [46, []], [37, []], [44, []], [22, []], [45, []]]], [[[7, [7, 18, 17, 16]]], [[4, [12, 6, 9]]], [[10, [10, 11]]], [[13, [13, 21, 20, 15]]], [[20, [32, 31, 26, 33]]], [[30, [30, 23, 14, 8]]], [[36, [36, 38, 29, 28]]], [[34, [34]]], [[16, [41, 27, 24]]], [[25, [25, 19]]], [[40, [40, 42, 39, 49]]], [[43, [43, 46, 22]]], [[47, [47, 50, 35]]], [[48, [48, 37, 44, 45]]]]]",1053.0,"[[[[0, [5, 7, 18, 17, 29, 23, 34, 12, 16, 41, 14, 27, 3, 25, 19, 37, 10, 24, 43, 22, 44, 13, 4]], [5, []], [7, []], [18, []], [17, []], [28, [28, 8, 2]], [29, []], [23, []], [34, []], [12, []], [16, []], [41, []], [14, []], [27, []], [4, []], [3, []], [25, []], [2, []], [19, []], [37, []], [10, []], [48, [48, 46]], [8, []], [24, []], [46, []], [43, []], [22, []], [44, []], [13, []]], [[0, [15, 38, 1, 32, 31, 26, 36, 40, 39, 49, 21, 42, 47, 30, 20, 45, 9, 33, 11]], [50, [50]], [35, [35, 6]], [15, []], [6, []], [38, []], [1, []], [32, []], [31, []], [26, []], [36, []], [40, []], [39, []], [49, []], [21, []], [42, []], [47, []], [30, []], [20, []], [45, []], [9, []], [33, []], [11, []]]], [[[50, [50]], [28, [28, 8, 2]]], [[35, [35, 6]]], [[48, [48, 46]]]]]",54.50923045596911,0,14,3.2142857142857144,63.91392777679423,1,3,2.6666666666666665,,,
247,test_data/data_demand_random_50_batch_all1_equal_random/C201_1.5.dat,4,120,5,713.8405220275511,"[[[[0, [5, 1]], [5, [7, 9]], [18, [18, 17, 15, 6]], [17, []], [7, []], [15, []], [6, []], [32, [32, 31, 20, 24]], [31, []], [1, []], [26, [26, 36, 38, 19]], [38, []], [36, []], [20, []], [45, [45, 43, 37, 46]], [9, []], [50, [50, 22, 44, 48]], [19, []], [43, []], [22, []], [44, []], [37, []], [46, []], [24, []], [48, []]], [[0, [2, 4, 3]], [10, [10, 13, 8, 12]], [8, []], [13, [23, 16, 21, 14]], [14, []], [27, [27, 25, 34, 28]], [4, []], [2, []], [3, []], [25, []], [35, [35, 41, 42, 39]], [23, []], [12, []], [16, []], [41, []], [34, []], [42, []], [47, [47, 49, 40, 30]], [21, []], [49, []], [39, []], [40, []], [28, []], [30, []], [29, [29, 33, 11]], [33, []], [11, []]]], [[[5, [7, 9]]], [[18, [18, 17, 15, 6]]], [[10, [10, 13, 8, 12]]], [[13, [23, 16, 21, 14]]], [[27, [27, 25, 34, 28]]], [[32, [32, 31, 20, 24]]], [[26, [26, 36, 38, 19]]], [[35, [35, 41, 42, 39]]], [[45, [45, 43, 37, 46]]], [[50, [50, 22, 44, 48]]], [[47, [47, 49, 40, 30]]], [[29, [29, 33, 11]]]]]",,,47.93697377782679,0,12,3.75,,,,,,(not found),
248,test_data/data_demand_random_50_batch_all1_equal_random/C201_1.5.dat,8,60,1,719.0,"[[[[0, [4, 2, 1]], [13, [13, 6]], [4, []], [2, []], [19, [19, 10, 20, 21, 23, 22]], [22, []], [10, []], [20, []], [38, [38, 32, 31, 26, 36, 30, 28, 34]], [32, []], [31, []], [1, []], [26, []], [36, []], [6, []], [30, [40, 39, 49, 47, 42, 45]], [28, []], [40, []], [39, []], [49, []], [21, []], [47, []], [42, []], [34, []], [23, []], [45, []]], [[0, [5, 3]], [5, []], [11, [11, 15, 18, 17, 7, 9, 12, 16]], [15, []], [18, []], [17, []], [7, []], [9, []], [33, [33, 29, 35, 37]], [29, []], [35, [41, 14, 27, 25, 8]], [12, []], [16, []], [41, []], [14, []], [27, []], [3, []], [25, []], [50, [50, 43, 48, 24, 46, 44]], [43, []], [8, []], [48, []], [24, []], [46, []], [37, []], [44, []]]], [[[13, [13, 6]]], [[11, [11, 15, 18, 17, 7, 9, 12, 16]]], [[19, [19, 10, 20, 21, 23, 22]]], [[33, [33, 29, 35, 37]]], [[38, [38, 32, 31, 26, 36, 30, 28, 34]]], [[35, [41, 14, 27, 25, 8]]], [[50, [50, 43, 48, 24, 46, 44]]], [[30, [40, 39, 49, 47, 42, 45]]]]]",,,35.771998626401235,0,8,5.625,,,,,,(not found),
249,test_data/data_demand_random_50_batch_all1_equal_random/C201_1.5.dat,8,60,2,745.6124969497314,"[[[[0, [5, 1]], [5, []], [20, [20]], [1, []], [32, [32, 31, 26, 6, 15, 7, 17]], [31, []], [26, []], [38, [38, 36, 18, 28, 21]], [6, []], [36, []], [15, [39, 30, 40, 42, 34, 41, 35]], [7, []], [17, []], [18, []], [39, []], [28, []], [30, [49, 47]], [40, []], [49, []], [21, []], [47, []], [42, []], [34, []], [41, []], [35, []]], [[0, [4, 3, 2]], [3, []], [4, []], [10, [10, 13]], [13, [19, 14, 16, 12, 9, 11]], [19, [25, 27]], [25, []], [2, []], [27, []], [14, []], [16, []], [12, []], [9, []], [45, [45, 33, 29, 23, 22, 8]], [11, []], [33, []], [29, []], [23, [50, 44, 37, 43, 46, 24, 48]], [50, []], [22, []], [44, []], [37, []], [43, []], [46, []], [8, []], [24, []], [48, []]]], [[[20, [20]]], [[10, [10, 13]]], [[13, [19, 14, 16, 12, 9, 11]]], [[19, [25, 27]]], [[32, [32, 31, 26, 6, 15, 7, 17]]], [[38, [38, 36, 18, 28, 21]]], [[15, [39, 30, 40, 42, 34, 41, 35]]], [[45, [45, 33, 29, 23, 22, 8]]], [[23, [50, 44, 37, 43, 46, 24, 48]]], [[30, [49, 47]]]]]",,,36.869391030621884,0,10,4.5,,,,,,(not found),
250,test_data/data_demand_random_50_batch_all1_equal_random/C201_1.5.dat,8,60,3,747.0831891575846,"[[[[0, [3, 8]], [9, [9]], [8, []], [10, [10, 13, 12, 11]], [13, []], [20, [20]], [32, [32, 31, 26, 30, 28, 21]], [31, []], [26, []], [38, [38, 36, 39, 42, 41, 35, 40]], [36, []], [40, []], [30, [49, 47, 25, 50]], [28, []], [39, []], [49, []], [21, []], [47, []], [42, []], [41, []], [12, []], [3, []], [25, []], [50, []], [35, []], [11, []]], [[0, [1, 5, 2]], [1, [6, 4]], [5, []], [6, [15, 7, 18, 17, 16, 14]], [15, []], [7, []], [18, []], [17, []], [29, [29, 23, 34, 27, 19, 24, 22, 33]], [23, []], [34, []], [16, []], [27, []], [14, []], [4, []], [2, []], [19, []], [46, [46, 48, 37, 43, 44, 45]], [48, []], [24, []], [37, []], [43, []], [22, []], [44, []], [45, []], [33, []]]], [[[9, [9]]], [[1, [4, 6]]], [[10, [10, 13, 12, 11]]], [[6, [15, 7, 16, 14, 18, 17]]], [[20, [20]]], [[29, [29, 23, 27, 19, 24, 34, 22, 33]]], [[32, [32, 31, 26, 30, 28, 21]]], [[38, [38, 36, 42, 39, 41, 35, 40]]], [[46, [48, 46, 45, 44, 37, 43]]], [[30, [49, 47, 25, 50]]]]]",,,38.76697366833404,0,10,4.5,,,,,,(not found),
251,test_data/data_demand_random_50_batch_all1_equal_random/C201_1.5.dat,8,60,4,778.6619037896905,"[[[[0, [18, 5, 1]], [15, [15, 7, 17, 8, 10]], [18, []], [7, []], [17, []], [36, [36, 30, 38, 26, 31, 32, 24, 37]], [30, []], [38, []], [26, []], [5, []], [1, []], [31, []], [32, [48, 46, 43, 44]], [48, []], [24, []], [8, []], [46, []], [43, []], [10, []], [37, []], [44, []]], [[0, [2, 4, 3]], [11, [11, 9, 6]], [6, [14]], [13, [13, 22, 19, 12, 16, 23, 20, 21]], [22, []], [19, []], [2, []], [4, []], [3, []], [12, []], [16, []], [23, []], [29, [29, 28, 34, 27, 25, 35, 33]], [9, []], [20, []], [45, [45, 40, 39, 49, 47, 42, 41, 50]], [28, []], [40, []], [39, []], [49, []], [21, []], [47, []], [42, []], [34, []], [41, []], [14, []], [27, []], [25, []], [50, []], [35, []], [33, []]]], [[[11, [11, 9, 6]]], [[6, [14]]], [[15, [15, 7, 17, 8, 10]]], [[13, [13, 22, 19, 12, 16, 23, 20, 21]]], [[29, [29, 28, 34, 27, 25, 35, 33]]], [[36, [36, 30, 38, 26, 31, 32, 24, 37]]], [[45, [45, 40, 39, 49, 47, 42, 41, 50]]], [[32, [48, 46, 43, 44]]]]]",,,33.72392950508115,0,8,5.5,,,,,,(not found),
252,test_data/data_demand_random_50_batch_all1_equal_random/C201_1.5.dat,8,60,5,1138.0,"[[[[0, [4, 10, 22, 19, 2, 25, 3, 12, 16, 27, 14, 41, 34, 42, 45, 33, 23, 47, 40, 21, 49, 39, 18, 17, 7, 28, 30, 38]], [4, []], [10, []], [22, []], [19, []], [2, []], [25, []], [3, []], [12, []], [16, []], [27, []], [14, []], [41, []], [34, []], [42, []], [45, []], [33, []], [23, []], [47, []], [40, []], [21, []], [49, []], [39, []], [18, []], [17, []], [7, []], [28, []], [30, []], [38, []]], [[0, [5, 9, 11, 15, 1, 32, 31, 26, 36, 6, 20, 29, 35, 50, 43, 8, 48, 24, 46, 37, 44, 13]], [5, []], [9, []], [11, []], [15, []], [1, []], [32, []], [31, []], [26, []], [36, []], [6, []], [20, []], [29, []], [35, []], [50, []], [43, []], [8, []], [48, []], [24, []], [46, []], [37, []], [44, []], [13, []]]], []]",,,0.0,0,0,0.0,,,,,,(not found),
253,test_data/data_demand_random_50_batch_all1_equal_random/C201_1.5.dat,8,90,1,731.6619037896905,"[[[[0, []], [7, [7, 16, 14, 12, 10, 8, 9]], [9, []], [20, [20, 23, 34, 27, 24, 29, 33, 19]], [29, []], [33, []], [35, [35, 37]], [23, []], [34, []], [42, [42, 25, 41]], [12, []], [16, []], [41, []], [14, []], [27, []], [25, []], [50, [50, 46, 48]], [19, []], [37, []], [10, []], [46, []], [8, []], [24, []], [48, []]], [[0, [5, 1, 4, 2, 3]], [4, []], [2, []], [3, []], [13, [13, 6, 15, 11]], [6, []], [26, [26, 22]], [5, []], [1, []], [31, [31, 32, 18, 21]], [32, []], [38, [28, 17, 38, 36, 39, 40, 30]], [36, []], [15, []], [28, []], [17, []], [18, []], [39, []], [49, [49, 47, 45, 43, 44]], [21, []], [40, []], [47, []], [30, []], [45, []], [11, []], [22, []], [44, []], [43, []]]], [[[13, [13, 6, 15, 11]]], [[7, [7, 16, 14, 12, 10, 8, 9]]], [[20, [20, 23, 34, 27, 24, 29, 33, 19]]], [[26, [26, 22]]], [[31, [31, 32, 18, 21]]], [[35, [35, 37]]], [[38, [28, 17, 38, 36, 39, 40, 30]]], [[42, [42, 25, 41]]], [[50, [50, 46, 48]]], [[49, [49, 47, 45, 43, 44]]]]]",820.0512483795333,"[[[[0, [4, 2, 3]], [2, [1]], [3, []], [4, []], [22, [22, 6, 13]], [19, [19]], [25, [25, 27, 23, 20, 24]], [27, []], [35, [35, 33, 29, 31, 32, 26, 38]], [23, []], [33, []], [29, []], [45, [45, 36]], [38, []], [31, []], [32, []], [1, []], [26, []], [36, []], [6, []], [20, []], [13, []], [24, []], [48, [48]]], [[0, [5]], [5, []], [11, [11, 9, 10, 8]], [9, []], [12, [12, 15, 7, 17, 18, 16, 14]], [14, []], [30, [30, 28, 21, 34]], [15, []], [7, []], [17, []], [18, []], [39, [39, 40, 44, 43, 46, 37]], [28, []], [40, []], [49, [49, 47, 42, 41, 50]], [21, []], [47, []], [42, []], [34, []], [41, []], [16, []], [50, []], [44, []], [43, []], [8, []], [46, []], [10, []], [37, []]]], [[[2, [1]]], [[11, [11, 9, 10, 8]]], [[22, [22, 6, 13]]], [[19, [19]], [12, [12, 15, 7, 17, 18, 16, 14]]], [[25, [25, 27, 23, 20, 24]]], [[30, [30, 28, 21, 34]]], [[35, [35, 33, 29, 31, 32, 26, 38]]], [[45, [45, 36]]], [[39, [39, 40, 44, 43, 46, 37]]], [[49, [49, 47, 42, 41, 50]]], [[48, [48]]]]]",48.77074827228734,0,10,4.5,53.416263047772595,1,11,4.181818181818182,,,
254,test_data/data_demand_random_50_batch_all1_equal_random/C201_1.5.dat,8,90,2,721.1760149812701,"[[[[0, [3, 2, 1, 5]], [1, []], [5, []], [18, [18, 17, 7, 6, 16, 14, 8]], [17, []], [7, []], [6, []], [20, [20]], [30, [30, 29, 23, 34, 27, 25, 22]], [29, []], [23, []], [42, [42, 41, 24]], [34, []], [16, []], [41, []], [14, []], [27, []], [3, []], [25, []], [2, [44, 37, 43, 46, 48]], [22, []], [44, []], [37, []], [43, []], [46, []], [8, []], [24, []], [48, []]], [[0, []], [9, [9]], [12, [12, 4, 11]], [4, []], [19, [19, 10, 13, 15, 21]], [10, []], [13, []], [26, [26, 32, 31, 38, 36, 28, 35, 33]], [32, []], [31, []], [38, []], [36, []], [15, []], [28, []], [40, [40, 39, 49, 47, 50, 45]], [39, []], [49, []], [21, []], [47, []], [50, []], [35, []], [33, []], [45, []], [11, []]]], [[[9, [9]]], [[18, [18, 17, 7, 6, 16, 14, 8]]], [[12, [12, 4, 11]]], [[19, [19, 10, 13, 15, 21]]], [[20, [20]]], [[30, [30, 29, 23, 34, 27, 25, 22]]], [[26, [26, 32, 31, 38, 36, 28, 35, 33]]], [[42, [42, 41, 24]]], [[40, [40, 39, 49, 47, 50, 45]]], [[2, [44, 37, 43, 46, 48]]]]]",822.0,"[[[[0, [3, 2, 4, 5]], [6, [6, 7, 10, 13]], [5, []], [7, []], [18, [18, 17, 14, 16, 12, 19]], [17, []], [33, [33, 25, 27, 34, 24, 37]], [16, []], [12, []], [3, []], [25, []], [2, []], [4, []], [27, []], [14, []], [41, [41]], [34, []], [50, [50, 43, 46, 48, 44]], [19, []], [43, []], [46, []], [24, []], [48, []], [10, []], [37, []], [44, []], [13, []]], [[0, [1]], [1, []], [11, [11, 21, 15, 8, 9]], [8, []], [22, [22, 23, 28, 26, 31, 32]], [29, [29, 20, 30]], [23, []], [35, [35]], [9, []], [20, []], [45, [45, 42, 39, 40, 36, 38]], [30, [49, 47]], [47, []], [42, []], [21, []], [49, []], [39, []], [40, []], [28, []], [15, []], [36, []], [26, []], [31, []], [32, []], [38, []]]], [[[11, [11, 21, 15, 8, 9]]], [[6, [6, 7, 10, 13]]], [[18, [18, 17, 14, 16, 12, 19]]], [[22, [22, 23, 28, 26, 31, 32]]], [[29, [29, 20, 30]]], [[35, [35]], [33, [33, 25, 27, 34, 24, 37]]], [[41, [41]]], [[45, [45, 42, 39, 40, 36, 38]]], [[30, [49, 47]]], [[50, [50, 43, 46, 48, 44]]]]]",53.00957982305982,0,10,4.6,44.714789094358316,1,10,4.5,,,
255,test_data/data_demand_random_50_batch_all1_equal_random/C201_1.5.dat,8,90,3,706.0483493925201,"[[[[0, [4, 2, 3]], [4, []], [3, []], [12, [12, 13, 10, 9]], [2, []], [22, [22, 8]], [13, []], [10, [24, 19, 27, 14, 16, 25, 21]], [24, []], [8, []], [19, [30, 28, 20]], [25, []], [27, []], [14, []], [41, [41, 42, 34, 36, 39, 40]], [16, []], [34, []], [42, []], [47, [47, 45, 49]], [21, []], [49, []], [39, []], [40, []], [28, []], [30, []], [36, []], [20, []], [45, []], [9, []]], [[0, [1, 5]], [6, [6]], [7, [7, 18, 17, 15]], [18, []], [17, []], [15, []], [26, [26]], [5, []], [1, [31, 32, 23, 33, 11]], [31, []], [32, []], [38, [38, 37, 35, 29]], [48, [48, 46, 50, 44, 43]], [46, []], [43, []], [37, []], [44, []], [50, []], [35, []], [23, []], [29, []], [33, []], [11, []]]], [[[6, [6]]], [[12, [12, 13, 10, 9]]], [[7, [7, 18, 17, 15]]], [[22, [22, 8]]], [[26, [26]]], [[10, [24, 19, 27, 14, 16, 25, 21]]], [[19, [30, 28, 20]]], [[1, [31, 32, 23, 33, 11]]], [[38, [38, 37, 35, 29]]], [[41, [41, 42, 34, 36, 39, 40]]], [[47, [47, 45, 49]]], [[48, [48, 46, 50, 44, 43]]]]]",,,51.88113859135879,0,12,3.75,,,,,,(not found),
256,test_data/data_demand_random_50_batch_all1_equal_random/C201_1.5.dat,8,90,4,707.05551275464,"[[[[0, [2, 4, 3]], [2, []], [4, []], [10, [10, 8, 12, 16, 9, 13]], [8, []], [13, []], [19, [19, 25, 22, 24, 14]], [9, []], [35, [35]], [12, []], [3, []], [25, [27, 41, 37]], [16, []], [41, []], [14, []], [27, []], [50, [50, 44, 43, 46, 48]], [22, []], [44, []], [37, []], [43, []], [46, []], [24, []], [48, []]], [[0, [1, 5]], [1, []], [5, []], [17, [17, 18, 15, 6, 7, 11]], [18, []], [7, []], [15, []], [20, [20, 21]], [26, [26, 31, 32, 34, 23, 29, 33]], [31, [38, 30, 28, 36]], [32, []], [38, []], [36, []], [6, []], [30, []], [28, []], [39, [39, 47, 42, 45, 40, 49]], [49, []], [40, []], [21, []], [47, []], [42, []], [34, []], [23, []], [29, []], [33, []], [11, []], [45, []]]], [[[10, [10, 8, 12, 16, 9, 13]]], [[17, [17, 18, 15, 6, 7, 11]]], [[20, [20, 21]]], [[19, [19, 25, 22, 24, 14]]], [[26, [26, 31, 32, 34, 23, 29, 33]]], [[31, [38, 30, 28, 36]]], [[35, [35]]], [[25, [27, 41, 37]]], [[39, [39, 47, 42, 45, 40, 49]]], [[50, [50, 44, 43, 46, 48]]]]]",744.6619037896905,"[[[[0, [3, 4, 2]], [8, [8, 9]], [9, [11, 13, 10, 12, 16, 14]], [11, []], [13, []], [10, []], [19, [19, 25, 23, 22]], [4, []], [2, []], [25, []], [3, []], [12, []], [23, []], [42, [42, 41, 37, 34, 27]], [34, []], [16, []], [41, []], [14, []], [27, []], [50, [50, 44, 43, 46, 24, 48]], [22, []], [44, []], [37, []], [43, []], [46, []], [24, []], [48, []]], [[0, [5, 1]], [5, []], [15, [15, 6, 18, 17, 7]], [6, []], [20, [20]], [18, []], [17, []], [7, []], [35, [35, 33, 29, 28, 21, 30, 26, 31]], [33, [38]], [29, []], [45, [45, 40, 39, 36, 32]], [28, []], [40, []], [39, []], [49, [49, 47]], [21, []], [47, []], [30, []], [36, []], [26, []], [1, []], [31, []], [32, []], [38, []]]], [[[8, [8, 9]]], [[15, [15, 6, 18, 17, 7]]], [[9, [11, 13, 10, 12, 16, 14]]], [[20, [20]]], [[19, [19, 25, 23, 22]]], [[35, [35, 33, 29, 28, 21, 30, 26, 31]]], [[33, [38]], [42, [42, 41, 37, 34, 27]]], [[45, [45, 40, 39, 36, 32]]], [[50, [50, 44, 43, 46, 24, 48]]], [[49, [49, 47]]]]]",51.03304275310158,0,10,4.5,47.06846514533556,1,10,4.5,,,
257,test_data/data_demand_random_50_batch_all1_equal_random/C201_1.5.dat,8,90,5,708.298221281347,"[[[[0, [5, 1]], [5, []], [1, []], [17, [17, 7, 18, 15, 6, 9]], [7, []], [18, []], [15, []], [26, [26, 30, 31, 32, 23, 33, 20]], [31, []], [32, []], [38, [38, 36, 42, 21, 28]], [36, []], [6, []], [30, []], [42, []], [47, [47, 49, 39, 40, 35, 45]], [21, []], [49, []], [39, []], [40, []], [28, []], [23, []], [35, []], [33, []], [9, []], [45, []], [20, []]], [[0, [2, 3, 4]], [2, []], [3, []], [4, []], [10, [10, 8, 13, 11, 14, 12, 16]], [8, []], [13, []], [11, []], [29, [29, 27, 19, 22, 24, 34, 25]], [34, []], [16, []], [27, []], [14, []], [41, [41, 37]], [25, []], [12, []], [50, [50, 43, 44, 46, 48]], [19, []], [43, []], [22, []], [44, []], [37, []], [46, []], [24, []], [48, []]]], [[[10, [10, 8, 13, 11, 14, 12, 16]]], [[17, [17, 7, 18, 15, 6, 9]]], [[29, [29, 27, 19, 22, 24, 34, 25]]], [[26, [26, 30, 31, 32, 23, 33, 20]]], [[38, [38, 36, 42, 21, 28]]], [[41, [41, 37]]], [[50, [50, 43, 44, 46, 48]]], [[47, [47, 49, 39, 40, 35, 45]]]]]",778.0972111545703,"[[[[0, [5, 1]], [5, []], [1, []], [17, [17, 7, 18, 15, 6, 9, 11]], [7, []], [18, []], [15, []], [26, [26, 31, 32, 21, 28, 30, 23, 29]], [31, []], [32, []], [38, [38, 36, 42, 39, 40, 35, 20]], [6, []], [36, []], [20, []], [9, []], [45, [45]], [42, []], [47, [47, 49]], [39, []], [49, []], [21, []], [40, []], [28, []], [30, []], [23, []], [35, []], [29, []], [11, []]], [[0, [3, 4]], [2, [2]], [3, []], [4, []], [10, [10, 13, 12, 14, 22, 19, 8, 16]], [22, []], [13, []], [33, [33, 25, 27, 34]], [25, []], [12, []], [16, []], [34, []], [41, [41]], [14, []], [27, []], [50, [50, 43, 44, 46, 48, 37, 24]], [19, []], [43, []], [44, []], [37, []], [46, []], [8, []], [24, []], [48, []]]], [[[17, [17, 7, 18, 15, 6, 9, 11]]], [[2, [2]]], [[10, [10, 13, 12, 14, 22, 19, 8, 16]]], [[33, [33, 25, 27, 34]]], [[26, [26, 31, 32, 21, 28, 30, 23, 29]]], [[38, [38, 36, 42, 39, 40, 35, 20]]], [[41, [41]]], [[50, [50, 43, 44, 46, 48, 37, 24]], [45, [45]]], [[47, [47, 49]]]]]",51.76064522887477,0,8,5.625,53.677265333367934,1,9,5.111111111111111,,,
258,test_data/data_demand_random_50_batch_all1_equal_random/C201_1.5.dat,8,120,1,720.298221281347,"[[[[0, [5]], [5, []], [17, [17, 18, 7, 12, 16, 14, 10, 15]], [18, []], [7, []], [15, []], [22, [22]], [35, [35, 37]], [12, [41, 27, 25, 19, 8, 24]], [16, []], [41, []], [14, []], [27, []], [25, []], [50, [50, 46, 44, 48, 43, 13]], [19, []], [43, []], [8, []], [24, []], [48, []], [46, []], [10, []], [37, []], [44, []], [13, []]], [[0, [1, 4, 2, 3]], [4, []], [2, []], [3, []], [9, [9, 11, 6]], [6, []], [32, [32, 31, 26, 33, 29, 23, 30, 20]], [31, []], [1, []], [26, []], [36, [36]], [20, []], [45, [45, 42, 34, 21, 28]], [11, []], [33, []], [29, []], [23, []], [34, [47, 49, 39, 40, 38]], [42, []], [47, []], [21, []], [49, []], [39, []], [40, []], [28, []], [30, []], [38, []]]], [[[9, [9, 11, 6]]], [[17, [17, 18, 7, 12, 16, 14, 10, 15]]], [[22, [22]]], [[32, [32, 31, 26, 33, 29, 23, 30, 20]]], [[36, [36]]], [[35, [35, 37]]], [[12, [41, 27, 25, 19, 8, 24]]], [[45, [45, 42, 34, 21, 28]]], [[50, [50, 46, 44, 48, 43, 13]]], [[34, [47, 49, 39, 40, 38]]]]]",798.6815416922694,"[[[[0, [5]], [10, [10, 9, 8, 1]], [1, []], [5, []], [26, [26, 25, 19, 24, 22]], [32, [32, 31]], [31, []], [38, [38, 37]], [9, []], [25, []], [50, [50, 43, 48, 46, 44, 45]], [19, []], [22, []], [43, []], [8, []], [24, []], [48, []], [46, []], [37, []], [44, []], [45, []]], [[0, [4, 2]], [2, []], [4, []], [11, [11, 7, 17, 18, 3, 13, 12, 6]], [7, []], [17, []], [18, []], [29, [29, 33, 35, 34, 14, 27, 21, 28]], [33, []], [35, []], [23, [23, 15]], [34, []], [41, [41, 42, 36, 20, 16]], [16, []], [14, []], [27, []], [3, []], [12, []], [42, [47, 49, 39, 40, 30]], [47, []], [21, []], [49, []], [39, []], [40, []], [28, []], [15, []], [30, []], [6, []], [36, []], [20, []], [13, []]]], [[[11, [11, 7, 17, 18, 3, 13, 12, 6]]], [[10, [10, 9, 8, 1]]], [[26, [26, 25, 19, 24, 22]]], [[32, [32, 31]]], [[29, [29, 33, 35, 34, 14, 27, 21, 28]]], [[23, [23, 15]]], [[38, [38, 37]], [41, [41, 42, 36, 20, 16]]], [[50, [50, 43, 48, 46, 44, 45]]], [[42, [47, 49, 39, 40, 30]]]]]",48.10079132871171,0,10,4.5,49.888404539831264,1,9,5.222222222222222,,,
259,test_data/data_demand_random_50_batch_all1_equal_random/C201_1.5.dat,8,120,2,716.298221281347,"[[[[0, [2, 4, 3]], [10, [10]], [2, []], [4, []], [22, [22, 11, 16, 14, 23, 19, 8, 12]], [11, []], [30, [30, 29, 33, 25, 24, 13]], [23, []], [29, []], [33, []], [12, []], [16, []], [41, [41, 27, 37]], [14, []], [27, []], [25, []], [3, []], [50, [50, 43, 48, 46, 44]], [19, []], [43, []], [8, []], [24, []], [48, []], [46, []], [37, []], [44, []], [13, []]], [[0, [1, 5]], [1, []], [5, []], [18, [18, 17, 7, 9, 15, 6]], [17, []], [7, []], [32, [32, 31, 26, 20, 34, 21, 28]], [31, []], [26, []], [38, [38, 36]], [20, []], [45, [45, 35, 42, 40, 39]], [9, []], [35, []], [34, []], [42, []], [47, [47, 49]], [21, []], [40, []], [49, []], [39, []], [28, []], [15, []], [36, []], [6, []]]], [[[10, [10]]], [[18, [18, 17, 7, 9, 15, 6]]], [[22, [22, 11, 16, 14, 23, 19, 8, 12]]], [[30, [30, 29, 33, 25, 24, 13]]], [[32, [32, 31, 26, 20, 34, 21, 28]]], [[38, [38, 36]]], [[41, [41, 27, 37]]], [[45, [45, 35, 42, 40, 39]]], [[50, [50, 43, 48, 46, 44]]], [[47, [47, 49]]]]]",747.6149944070315,"[[[[0, [1, 5]], [5, []], [7, [7, 17, 18, 15, 6]], [17, []], [18, []], [15, []], [31, [31, 32, 26, 21, 28, 30, 29]], [32, []], [1, []], [26, [38, 36, 20]], [36, []], [6, []], [20, []], [45, [45, 35, 42, 39, 40]], [29, []], [35, []], [50, [50, 47, 49]], [42, []], [47, []], [21, []], [49, []], [39, []], [40, []], [28, []], [30, []], [38, []]], [[0, [4, 2]], [4, []], [2, [3, 12, 11, 9, 8, 10, 13]], [12, []], [11, []], [9, []], [22, [22, 14, 19, 24, 16, 23]], [33, [33, 27, 25, 34]], [34, []], [23, []], [16, []], [41, [41, 43]], [27, []], [14, []], [3, []], [25, []], [19, []], [43, []], [8, [48, 46, 37, 44]], [24, []], [48, []], [46, []], [10, []], [37, []], [44, []], [13, []]]], [[[2, [3, 12, 11, 9, 8, 10, 13]]], [[7, [7, 17, 18, 15, 6]]], [[22, [22, 14, 19, 24, 16, 23]]], [[33, [33, 27, 25, 34]]], [[31, [31, 32, 26, 21, 28, 30, 29]]], [[26, [38, 36, 20]]], [[45, [45, 35, 42, 39, 40]], [41, [41, 43]]], [[50, [50, 47, 49]]], [[8, [48, 46, 37, 44]]]]]",49.9298215452595,0,10,4.5,56.14261458952247,1,9,5.111111111111111,,,
260,test_data/data_demand_random_50_batch_all1_equal_random/C201_1.5.dat,8,120,3,712.0512483795333,"[[[[0, [1, 5, 3]], [3, []], [13, [13, 6, 16, 12, 11]], [6, []], [20, [20]], [32, [32, 31, 26, 30, 28, 21, 34]], [31, []], [1, []], [5, []], [26, []], [38, [38, 36, 40, 39, 42, 41]], [36, []], [30, []], [28, []], [40, []], [39, []], [49, [49, 47, 50]], [21, []], [47, []], [42, []], [34, []], [41, []], [16, []], [12, []], [50, []], [11, []]], [[0, [4, 2]], [17, [17, 18, 7, 15, 14, 8, 10]], [18, []], [7, []], [15, []], [29, [29, 33, 23, 19]], [33, []], [23, []], [35, [35, 25, 27, 24, 37, 22]], [25, []], [27, []], [14, []], [4, []], [2, []], [19, []], [43, [43, 48, 46, 44, 45, 9]], [8, []], [48, []], [24, []], [46, []], [10, []], [37, []], [44, []], [22, []], [45, []], [9, []]]], [[[13, [13, 6, 16, 12, 11]]], [[17, [17, 18, 7, 15, 14, 8, 10]]], [[20, [20]]], [[29, [29, 33, 23, 19]]], [[32, [32, 31, 26, 30, 28, 21, 34]]], [[35, [35, 25, 27, 24, 37, 22]]], [[38, [38, 36, 40, 39, 42, 41]]], [[43, [43, 48, 46, 44, 45, 9]]], [[49, [49, 47, 50]]]]]",737.5301453593072,"[[[[0, [1]], [11, [11, 6, 12]], [13, [13]], [6, []], [20, [20]], [31, [31, 32, 26, 28, 33]], [1, []], [32, []], [26, []], [38, [38, 36, 30, 21, 42, 34]], [36, []], [28, []], [30, []], [40, [40, 39, 49, 47, 41, 50]], [39, []], [49, []], [21, []], [47, []], [42, []], [34, []], [41, []], [12, []], [50, []], [33, []]], [[0, [4, 2, 5]], [5, []], [7, [7, 8, 15, 16, 14]], [18, [18, 17, 9, 10, 3]], [17, []], [15, []], [9, []], [29, [29, 25, 27, 22, 23]], [25, []], [3, []], [16, []], [27, []], [14, []], [4, []], [2, []], [22, []], [44, [44, 43, 19, 46, 37, 24, 35]], [37, []], [10, []], [24, []], [48, [48, 45]], [8, []], [46, []], [43, []], [19, []], [35, []], [23, []], [45, []]]], [[[11, [11, 6, 12]]], [[7, [7, 8, 15, 16, 14]]], [[13, [13]], [18, [18, 17, 9, 10, 3]]], [[20, [20]]], [[29, [29, 25, 27, 22, 23]]], [[31, [31, 32, 26, 28, 33]]], [[38, [38, 36, 30, 21, 42, 34]]], [[40, [40, 39, 49, 47, 41, 50]]], [[44, [44, 43, 19, 46, 37, 24, 35]]], [[48, [48, 45]]]]]",44.68088545235028,0,9,5.0,50.27666103128259,1,10,4.6,,,
261,test_data/data_demand_random_50_batch_all1_equal_random/C201_1.5.dat,8,120,4,717.3112887414927,"[[[[0, [1]], [7, [7]], [18, [18, 17, 15, 6, 12]], [17, []], [15, []], [20, [20]], [6, []], [32, [32, 31, 26, 30, 28, 21, 23]], [31, []], [1, []], [26, []], [38, [38, 36, 40, 39, 42, 35]], [36, []], [30, []], [28, []], [40, []], [39, [45, 49, 47, 50]], [49, []], [21, []], [47, []], [42, []], [12, []], [50, []], [35, []], [23, []], [45, []]], [[0, [3, 5, 2, 4]], [5, []], [11, [11, 13, 9, 14, 8, 16, 10]], [9, []], [13, []], [10, []], [8, []], [19, [19, 33, 24, 34, 29, 22, 27, 25]], [2, []], [4, []], [3, []], [25, []], [27, []], [14, []], [41, [41, 37]], [16, []], [34, []], [29, []], [33, [43, 44, 46, 48]], [22, []], [43, []], [37, []], [44, []], [46, []], [24, []], [48, []]]], [[[7, [7]]], [[18, [18, 17, 15, 6, 12]]], [[11, [11, 13, 9, 14, 8, 16, 10]]], [[19, [19, 33, 24, 34, 29, 22, 27, 25]]], [[20, [20]]], [[32, [32, 31, 26, 30, 28, 21, 23]]], [[38, [38, 36, 40, 39, 42, 35]]], [[41, [41, 37]]], [[39, [45, 49, 47, 50]]], [[33, [43, 44, 46, 48]]]]]",784.2833347158128,"[[[[0, [2, 4, 3]], [7, [7, 17, 18, 15, 16, 12, 14]], [17, []], [18, []], [15, []], [29, [29, 23, 30, 28, 21, 34, 27, 33]], [2, []], [4, []], [16, []], [12, []], [23, [42, 41, 25, 35]], [30, []], [28, []], [40, [40, 39, 49, 47, 50]], [39, []], [49, []], [21, []], [47, []], [42, []], [34, []], [41, []], [14, []], [27, []], [3, []], [25, []], [50, []], [35, []], [33, []]], [[0, [1]], [11, [11, 9, 6, 13, 8, 10, 5]], [9, []], [6, []], [13, []], [20, [20, 26, 19]], [26, [31, 32, 22, 24]], [5, []], [1, []], [31, []], [32, []], [38, [38, 36]], [36, [43, 37, 45, 44, 46]], [45, []], [44, []], [22, []], [19, []], [43, []], [37, []], [10, []], [46, []], [8, []], [24, []], [48, [48]]]], [[[7, [7, 17, 18, 15, 16, 12, 14]]], [[11, [11, 9, 6, 13, 8, 10, 5]]], [[20, [20, 26, 19]]], [[29, [29, 23, 30, 28, 21, 34, 27, 33]]], [[26, [31, 32, 22, 24]]], [[23, [42, 41, 25, 35]], [38, [38, 36]]], [[36, [43, 37, 45, 44, 46]]], [[40, [40, 39, 49, 47, 50]]], [[48, [48]]]]]",50.993522191754245,0,10,4.5,46.98391265248302,1,9,5.111111111111111,,,
262,test_data/data_demand_random_50_batch_all1_equal_random/C201_1.5.dat,8,120,5,720.0512483795333,"[[[[0, [2, 3, 4]], [3, []], [4, []], [2, []], [16, [16, 12, 11, 9, 8, 10, 13]], [12, []], [23, [23, 20]], [19, [19, 29, 22, 24]], [11, []], [20, []], [45, [45, 44, 37, 46, 43]], [29, []], [9, []], [22, []], [44, []], [37, []], [8, []], [24, []], [48, [48]], [46, []], [43, []], [10, []], [13, []]], [[0, [5, 1]], [5, []], [18, [18, 7, 17, 15, 14, 6]], [7, []], [17, []], [15, []], [26, [26, 31, 32, 30, 28, 21, 34]], [1, []], [31, []], [32, []], [38, [38, 40, 39, 42, 41, 27, 25, 36]], [36, []], [6, []], [30, []], [28, []], [40, []], [39, []], [49, [49, 47, 50, 35, 33]], [21, []], [47, []], [42, []], [34, []], [41, []], [14, []], [27, []], [25, []], [50, []], [35, []], [33, []]]], [[[16, [16, 12, 11, 9, 8, 10, 13]]], [[18, [18, 7, 17, 15, 14, 6]]], [[23, [23, 20]]], [[26, [26, 31, 32, 30, 28, 21, 34]]], [[19, [19, 29, 22, 24]]], [[38, [38, 40, 39, 42, 41, 27, 25, 36]]], [[45, [45, 44, 37, 46, 43]]], [[48, [48]]], [[49, [49, 47, 50, 35, 33]]]]]",791.732770896712,"[[[[0, [5]], [5, []], [6, [6, 10, 8, 11, 13]], [7, [7, 18, 17]], [18, []], [17, []], [23, [23]], [30, [30, 21, 28, 33, 19, 22, 24]], [21, []], [28, []], [35, [35]], [33, []], [19, [44, 37, 46, 43, 45]], [22, []], [44, []], [37, []], [10, []], [48, [48]], [8, []], [24, []], [46, []], [43, []], [11, []], [13, []], [45, []]], [[0, [3, 2, 4, 1]], [3, []], [16, [16, 12, 9, 15, 14]], [12, []], [2, []], [4, []], [29, [29, 20, 31, 32, 26, 34, 27, 25]], [9, []], [20, []], [38, [38, 36]], [31, []], [32, []], [1, []], [26, []], [36, [40, 39, 42, 41, 49, 47, 50]], [15, []], [40, []], [39, []], [49, []], [47, []], [42, []], [34, []], [41, []], [14, []], [27, []], [25, []], [50, []]]], [[[16, [16, 12, 9, 15, 14]]], [[6, [6, 10, 8, 11, 13]]], [[7, [7, 18, 17]]], [[23, [23]]], [[30, [30, 21, 28, 33, 19, 22, 24]]], [[29, [29, 20, 31, 32, 26, 34, 27, 25]]], [[38, [38, 36]], [35, [35]]], [[36, [40, 39, 42, 41, 49, 47, 50]]], [[19, [44, 37, 46, 43, 45]]], [[48, [48]]]]]",52.57676446025444,0,9,5.0,51.27837195739603,1,10,4.5,,,
263,test_data/data_demand_random_50_batch_all1_equal_cluster/C201_1.dat,4,60,1,738.551832657201,"[[[[0, [1, 2, 3]], [1, []], [2, []], [11, [11, 14, 16, 15]], [10, [10, 13, 12, 9]], [9, []], [25, [25, 26, 31, 28]], [31, []], [28, []], [13, []], [12, [47, 46, 45, 27]], [14, []], [16, []], [47, []], [46, []], [45, []], [15, [48, 38, 30]], [26, []], [27, []], [48, []], [38, []], [30, []], [3, []]], [[0, [7, 5, 4]], [7, [8, 6]], [6, []], [5, []], [4, []], [8, [17, 18, 23, 24]], [20, [20, 19, 21, 22]], [19, []], [17, []], [32, [32, 33, 34, 35]], [33, []], [34, []], [35, []], [18, [41, 40, 37]], [21, [44, 43, 42, 50]], [22, [36, 39, 29, 49]], [37, []], [24, []], [23, []], [44, []], [36, []], [43, []], [42, []], [41, []], [40, []], [49, []], [50, []], [39, []], [29, []]]], [[[11, [11, 14, 16, 15]]], [[7, [8, 6]]], [[10, [10, 13, 12, 9]]], [[8, [17, 18, 23, 24]]], [[20, [20, 19, 21, 22]]], [[25, [25, 26, 31, 28]]], [[32, [32, 33, 34, 35]]], [[18, [41, 40, 37]]], [[12, [47, 46, 45, 27]]], [[21, [44, 43, 42, 50]]], [[22, [36, 39, 29, 49]]], [[15, [48, 38, 30]]]]]",,,39.87585614120486,0,12,3.6666666666666665,,,,,,(not found),
264,test_data/data_demand_random_50_batch_all1_equal_cluster/C201_1.dat,4,60,2,867.0,"[[[[0, [20, 18, 35, 34, 33, 32, 17, 47, 46, 45, 25, 5, 6, 4, 2, 7]], [4, []], [2, []], [5, []], [6, []], [7, []], [20, []], [18, []], [35, []], [34, []], [33, []], [32, []], [17, []], [47, []], [46, []], [45, []], [15, [15]], [25, []]], [[0, [14, 11, 12, 10, 9, 8, 19, 21, 23, 24, 40, 41, 42, 43, 36, 44, 22, 37, 38, 39, 30, 50, 49, 48, 31, 28, 26, 27, 29, 3, 1, 13]], [1, []], [13, []], [14, []], [16, [16]], [11, []], [12, []], [10, []], [9, []], [8, []], [19, []], [21, []], [23, []], [24, []], [40, []], [41, []], [42, []], [43, []], [36, []], [44, []], [22, []], [37, []], [38, []], [39, []], [30, []], [50, []], [49, []], [48, []], [31, []], [28, []], [26, []], [27, []], [29, []], [3, []]]], [[[15, [15]]], [[16, [16]]]]]",,,48.513428766347644,0,2,1.0,,,,,,(not found),
265,test_data/data_demand_random_50_batch_all1_equal_cluster/C201_1.dat,4,60,3,645.5581442964058,"[[[[0, [4, 3, 6, 5, 7]], [4, []], [3, []], [6, []], [7, []], [14, [14, 11, 10, 13]], [11, []], [10, [27, 26, 28, 29]], [25, [25, 12, 16, 15]], [27, []], [26, []], [28, []], [13, []], [12, []], [16, [47, 46, 45, 31]], [47, []], [46, []], [45, []], [15, [48, 49, 50, 30]], [31, []], [48, []], [49, []], [50, []], [30, []], [29, []], [5, []]], [[0, [8, 1, 2]], [1, []], [2, []], [9, [9]], [8, []], [20, [20, 22, 17, 18]], [22, []], [17, []], [18, [35, 34, 33, 32]], [35, []], [34, [41, 40]], [33, []], [32, [36, 44, 43, 42]], [19, [19, 21, 23, 24]], [21, [37, 38, 39]], [23, []], [36, []], [44, []], [43, []], [42, []], [41, []], [24, []], [40, []], [37, []], [38, []], [39, []]]], [[[9, [9]]], [[14, [14, 11, 10, 13]]], [[20, [20, 22, 17, 18]]], [[10, [27, 26, 28, 29]]], [[25, [25, 12, 16, 15]]], [[18, [35, 34, 33, 32]]], [[34, [41, 40]]], [[32, [36, 44, 43, 42]]], [[16, [47, 46, 45, 31]]], [[19, [19, 21, 23, 24]]], [[21, [37, 38, 39]]], [[15, [48, 49, 50, 30]]]]]",,,42.72743714403091,0,12,3.5,,,,,,(not found),
266,test_data/data_demand_random_50_batch_all1_equal_cluster/C201_1.dat,4,60,4,874.0,"[[[[0, [12, 14, 11, 16, 10, 13, 26, 48, 49, 50, 30, 39, 38, 37, 40, 41, 42, 43, 36, 44, 24, 23, 4, 1, 2, 7]], [12, []], [14, []], [11, []], [16, []], [10, []], [13, []], [9, [9]], [25, [25]], [26, []], [48, []], [49, []], [50, []], [30, []], [39, []], [38, []], [37, []], [40, []], [41, []], [42, []], [43, []], [36, []], [44, []], [24, []], [23, []], [22, [22, 21]], [21, []], [7, []], [4, []], [2, []], [1, []]], [[0, [5, 6, 8, 19, 20, 17, 32, 33, 34, 35, 18, 47, 46, 45, 15, 28, 31, 27, 29, 3]], [3, []], [5, []], [6, []], [8, []], [19, []], [20, []], [17, []], [32, []], [33, []], [34, []], [35, []], [18, []], [47, []], [46, []], [45, []], [15, []], [28, []], [31, []], [27, []], [29, []]]], [[[9, [9]]], [[25, [25]]], [[22, [22, 21]]]]]",,,40.10116003546709,0,3,1.3333333333333333,,,,,,(not found),
267,test_data/data_demand_random_50_batch_all1_equal_cluster/C201_1.dat,4,60,5,725.8465838016169,"[[[[0, [7, 5, 2, 1]], [7, []], [5, []], [12, [12, 16, 13, 9]], [16, []], [13, []], [11, [11, 10, 15, 23]], [10, [25, 29, 30, 31]], [9, [28, 26, 27, 24]], [28, []], [26, []], [27, []], [25, [50, 49, 48, 37]], [29, []], [30, []], [50, []], [49, []], [48, []], [31, []], [15, [38, 39]], [23, []], [24, []], [37, []], [38, []], [39, []], [2, []], [1, []]], [[0, [6, 8, 4, 3]], [4, []], [3, []], [6, []], [8, []], [20, [20, 22, 19, 17]], [22, []], [19, []], [17, []], [32, [32, 33, 34, 35]], [33, []], [34, [40, 41, 42, 43]], [35, []], [18, [18, 21, 14, 36]], [21, [44, 45, 46, 47]], [40, []], [41, []], [42, []], [43, []], [44, []], [36, []], [14, []], [45, []], [46, []], [47, []]]], [[[12, [12, 16, 13, 9]]], [[20, [20, 22, 19, 17]]], [[11, [11, 10, 15, 23]]], [[10, [25, 29, 30, 31]]], [[9, [28, 26, 27, 24]]], [[32, [32, 33, 34, 35]]], [[34, [40, 41, 42, 43]]], [[18, [18, 21, 14, 36]]], [[25, [50, 49, 48, 37]]], [[21, [44, 45, 46, 47]]], [[15, [38, 39]]]]]",,,41.73194869430542,0,11,3.8181818181818183,,,,,,(not found),
268,test_data/data_demand_random_50_batch_all1_equal_cluster/C201_1.dat,4,90,1,623.8933617176144,"[[[[0, [2, 4]], [11, [11, 10, 12, 9]], [10, []], [12, []], [9, []], [14, [14, 13, 22, 23]], [13, []], [2, []], [4, []], [22, []], [23, []], [24, [24, 29, 30, 31]], [36, [36, 44, 43, 42]], [44, []], [43, []], [42, []], [41, [41, 40, 37, 38]], [40, []], [37, []], [38, []], [39, [39, 50, 49, 48]], [50, []], [49, []], [48, []], [29, []], [30, []], [31, []], [28, [28, 26, 27, 25]], [26, []], [27, []], [25, []]], [[0, [1, 8, 7, 6, 5, 3]], [1, []], [19, [19, 20, 21]], [20, []], [21, [18, 17, 15, 16]], [34, [34, 32, 33, 35]], [32, []], [33, []], [35, []], [18, []], [17, []], [8, []], [7, []], [6, []], [5, []], [3, []], [15, []], [16, []], [45, [45, 46, 47]], [46, []], [47, []]]], [[[11, [11, 10, 12, 9]]], [[19, [19, 20, 21]]], [[14, [14, 13, 22, 23]]], [[21, [18, 17, 15, 16]]], [[24, [24, 29, 30, 31]]], [[34, [34, 32, 33, 35]]], [[36, [36, 44, 43, 42]]], [[41, [41, 40, 37, 38]]], [[39, [39, 50, 49, 48]]], [[45, [45, 46, 47]]], [[28, [28, 26, 27, 25]]]]]",,,58.18812658980551,0,11,3.8181818181818183,,,,,,(not found),
269,test_data/data_demand_random_50_batch_all1_equal_cluster/C201_1.dat,4,90,2,598.3238075793812,"[[[[0, [3, 6, 7, 1, 8, 5]], [7, []], [8, []], [1, []], [3, []], [15, [15, 22, 23]], [25, [25, 28, 26, 27]], [6, []], [22, []], [23, [36, 30, 24, 29]], [24, []], [36, []], [44, [44, 42, 41, 43]], [43, []], [42, []], [41, []], [40, [40, 37, 38, 39]], [37, []], [38, []], [39, []], [30, []], [50, [50, 49, 48, 31]], [49, []], [48, []], [31, []], [28, []], [26, []], [27, []], [29, []], [5, []]], [[0, [2]], [4, [4, 16, 12, 11]], [2, []], [21, [21, 20, 19, 18]], [20, []], [19, []], [18, []], [17, [17, 14, 10, 9]], [32, [32, 33, 34, 35]], [33, []], [34, []], [35, []], [47, [47, 46, 45, 13]], [46, []], [45, []], [16, []], [12, []], [11, []], [14, []], [10, []], [9, []], [13, []]]], [[[4, [4, 16, 12, 11]]], [[15, [15, 22, 23]]], [[21, [21, 20, 19, 18]]], [[17, [17, 14, 10, 9]]], [[25, [25, 28, 26, 27]]], [[32, [32, 33, 34, 35]]], [[23, [36, 30, 24, 29]]], [[44, [44, 42, 41, 43]]], [[40, [40, 37, 38, 39]]], [[47, [47, 46, 45, 13]]], [[50, [50, 49, 48, 31]]]]]",,,55.66657838811553,0,11,3.909090909090909,,,,,,(not found),
270,test_data/data_demand_random_50_batch_all1_equal_cluster/C201_1.dat,4,90,3,625.4422624758126,"[[[[0, [5, 6, 7, 2]], [7, []], [2, []], [5, []], [6, []], [19, [19, 20, 24, 23]], [20, []], [24, []], [23, []], [22, [22, 15, 16, 18]], [15, []], [16, []], [45, [45, 46, 47, 32]], [46, []], [47, []], [32, []], [33, [33, 34, 35, 17]], [34, []], [35, []], [18, []], [17, []]], [[0, [4, 3, 1, 8]], [4, []], [3, []], [1, []], [13, [13, 9, 14, 12]], [14, []], [12, []], [11, [11, 10, 21]], [10, []], [9, []], [26, [26, 25, 31, 28]], [25, []], [31, []], [30, [30, 29, 36, 27]], [29, []], [28, []], [27, []], [48, [48, 49, 50, 39]], [49, []], [50, []], [39, [37, 40, 41]], [38, [38, 42, 43, 44]], [37, []], [40, []], [41, []], [42, []], [43, []], [44, []], [36, []], [21, []], [8, []]]], [[[13, [13, 9, 14, 12]]], [[11, [11, 10, 21]]], [[19, [19, 20, 24, 23]]], [[22, [22, 15, 16, 18]]], [[26, [26, 25, 31, 28]]], [[30, [30, 29, 36, 27]]], [[45, [45, 46, 47, 32]]], [[48, [48, 49, 50, 39]]], [[39, [37, 40, 41]]], [[38, [38, 42, 43, 44]]], [[33, [33, 34, 35, 17]]]]]",,,57.290527437603785,0,11,3.8181818181818183,,,,,,(not found),
271,test_data/data_demand_random_50_batch_all1_equal_cluster/C201_1.dat,4,90,4,616.3553390593274,"[[[[0, [7, 8, 3, 1, 4, 2]], [2, []], [4, []], [7, []], [8, []], [19, [19, 20, 17, 18]], [20, []], [17, [27, 29, 31, 28]], [18, []], [32, [32, 33, 34, 35]], [33, []], [34, []], [35, []], [37, [37, 38, 39, 50]], [38, []], [39, []], [50, []], [48, [48, 49, 26, 30]], [49, []], [31, []], [28, []], [26, []], [27, []], [29, []], [30, []], [3, []], [1, []]], [[0, [9, 12, 11, 10, 13, 15, 5, 6]], [9, []], [12, []], [11, []], [10, []], [13, [23, 24, 21]], [15, []], [25, [25, 22]], [5, []], [6, []], [22, []], [23, []], [24, []], [40, [40, 41, 42, 43]], [41, []], [42, []], [43, []], [44, [44, 36, 14, 16]], [36, []], [21, []], [14, []], [16, []], [45, [45, 46, 47]], [46, []], [47, []]]], [[[19, [19, 20, 17, 18]]], [[13, [23, 24, 21]]], [[25, [25, 22]]], [[17, [27, 29, 31, 28]]], [[32, [32, 33, 34, 35]]], [[40, [40, 41, 42, 43]]], [[44, [44, 36, 14, 16]]], [[37, [37, 38, 39, 50]]], [[45, [45, 46, 47]]], [[48, [48, 49, 26, 30]]]]]",724.4089819266101,"[[[[0, [8, 7, 1, 4]], [8, []], [7, []], [1, []], [4, []], [21, [21, 19, 17, 18]], [19, []], [17, []], [18, []], [32, [32, 33, 34, 35]], [33, []], [34, []], [35, []], [20, [20, 30, 31]], [42, [42, 41, 40, 38]], [41, []], [40, []], [38, []], [39, [39, 50, 49, 48]], [30, []], [50, []], [49, []], [48, []], [31, []], [27, [27, 26, 25, 2]], [26, []], [25, []], [2, []]], [[0, [5, 6, 3]], [11, [11, 10, 9, 12]], [10, []], [9, []], [12, []], [14, [14, 13, 24, 23]], [13, []], [28, [28, 29, 15, 22]], [29, []], [5, []], [6, []], [22, []], [37, [37, 44, 43, 16]], [24, []], [23, []], [44, []], [43, []], [36, [36]], [3, []], [15, []], [16, []], [45, [45, 46, 47]], [46, []], [47, []]]], [[[11, [11, 10, 9, 12]]], [[21, [21, 19, 17, 18]]], [[14, [14, 13, 24, 23]]], [[28, [28, 29, 15, 22]]], [[32, [32, 33, 34, 35]]], [[37, [37, 44, 43, 16]]], [[36, [36]], [20, [20, 30, 31]]], [[42, [42, 41, 40, 38]]], [[45, [45, 46, 47]]], [[39, [39, 50, 49, 48]]], [[27, [27, 26, 25, 2]]]]]",55.283548277388185,0,10,3.6,59.991323135037504,1,11,3.909090909090909,,,
272,test_data/data_demand_random_50_batch_all1_equal_cluster/C201_1.dat,4,90,5,603.1718334966038,"[[[[0, [6, 1, 7]], [7, []], [13, [13, 9, 12, 10]], [9, []], [12, []], [10, []], [25, [25, 28, 26, 27]], [6, []], [22, [22, 23, 29, 24]], [24, []], [23, []], [44, [44, 36, 43, 40]], [36, []], [43, []], [42, [42, 41, 30]], [41, []], [40, []], [37, [37, 38, 39]], [38, []], [39, []], [30, []], [50, [50, 49, 48, 31]], [49, []], [48, []], [31, []], [28, []], [26, []], [27, []], [29, []], [1, []]], [[0, [8, 4, 2, 3, 5]], [3, []], [5, []], [4, []], [2, []], [8, []], [20, [20, 21, 19, 14]], [21, [17, 18, 16, 15]], [19, []], [17, []], [18, []], [34, [34, 35, 33, 32]], [35, []], [33, []], [32, []], [47, [47, 46, 45, 11]], [46, []], [45, []], [16, []], [14, []], [15, []], [11, []]]], [[[13, [13, 9, 12, 10]]], [[20, [20, 21, 19, 14]]], [[21, [17, 18, 16, 15]]], [[25, [25, 28, 26, 27]]], [[34, [34, 35, 33, 32]]], [[22, [22, 23, 29, 24]]], [[44, [44, 36, 43, 40]]], [[42, [42, 41, 30]]], [[37, [37, 38, 39]]], [[47, [47, 46, 45, 11]]], [[50, [50, 49, 48, 31]]]]]",,,57.197866988377775,0,11,3.8181818181818183,,,,,,(not found),
273,test_data/data_demand_random_50_batch_all1_equal_cluster/C201_1.dat,4,120,1,603.5410196624969,"[[[[0, [5, 6, 8, 7, 2, 4]], [7, []], [6, []], [5, []], [2, []], [4, []], [22, [22, 21, 20, 23]], [23, []], [21, []], [20, [19, 16, 18, 17]], [35, [35]], [34, [34, 33, 32]], [33, []], [32, []], [18, []], [17, []], [19, []], [8, []], [16, []], [45, [45, 46, 47]], [46, []], [47, []]], [[0, [3, 1]], [9, [9, 10, 13, 14]], [10, []], [13, []], [14, []], [11, [11, 12, 15]], [12, []], [15, []], [28, [28, 31, 30, 29]], [31, []], [30, []], [29, []], [41, [41, 44, 43, 36]], [43, []], [36, []], [44, []], [42, [42, 24, 27, 26]], [24, []], [40, [40, 37, 38, 39]], [37, []], [38, []], [39, []], [50, [50, 49, 48, 25]], [49, []], [48, []], [27, []], [26, []], [25, []], [3, []], [1, []]]], [[[9, [9, 10, 13, 14]]], [[11, [11, 12, 15]]], [[22, [22, 21, 20, 23]]], [[28, [28, 31, 30, 29]]], [[20, [19, 16, 18, 17]]], [[35, [35]]], [[34, [34, 33, 32]]], [[41, [41, 44, 43, 36]]], [[42, [42, 24, 27, 26]]], [[40, [40, 37, 38, 39]]], [[45, [45, 46, 47]]], [[50, [50, 49, 48, 25]]]]]",,,57.30241078732529,0,12,3.5,,,,,,(not found),
274,test_data/data_demand_random_50_batch_all1_equal_cluster/C201_1.dat,4,120,2,621.7630546142402,"[[[[0, [8, 2, 7, 4, 1]], [2, []], [8, [13, 16]], [7, []], [19, [19, 21, 20, 18]], [20, []], [21, []], [18, []], [17, [17, 23, 24]], [32, [32, 33, 34, 35]], [33, []], [34, []], [35, []], [23, []], [24, []], [4, []], [1, []], [13, []], [16, []], [45, [45, 46, 47]], [46, []], [47, []]], [[0, [3, 6, 5]], [6, []], [15, [15, 14, 12, 10]], [14, []], [12, []], [10, []], [11, [11, 9]], [9, [22, 29, 30, 27]], [22, []], [36, [36, 44, 43, 42]], [44, []], [43, []], [42, []], [41, [41, 40, 37, 38]], [40, []], [37, []], [38, []], [39, [39, 50, 49, 48]], [29, []], [30, []], [50, []], [49, []], [48, []], [27, []], [31, [31, 28, 26, 25]], [28, []], [26, []], [25, []], [5, []], [3, []]]], [[[8, [13, 16]]], [[15, [15, 14, 12, 10]]], [[19, [19, 21, 20, 18]]], [[11, [11, 9]]], [[9, [22, 29, 30, 27]]], [[17, [17, 23, 24]]], [[32, [32, 33, 34, 35]]], [[36, [36, 44, 43, 42]]], [[41, [41, 40, 37, 38]]], [[39, [39, 50, 49, 48]]], [[31, [31, 28, 26, 25]]], [[45, [45, 46, 47]]]]]",,,50.7766899762714,0,12,3.5,,,,,,(not found),
275,test_data/data_demand_random_50_batch_all1_equal_cluster/C201_1.dat,4,120,3,591.4756775996253,"[[[[0, [8, 3]], [12, [12, 11, 10, 13]], [11, []], [10, []], [13, []], [9, [9, 21, 17]], [8, []], [17, [24, 23, 30, 31]], [21, []], [24, []], [23, []], [36, [36, 44, 43, 42]], [44, []], [43, []], [42, []], [41, [41, 40, 37, 38]], [40, []], [37, []], [38, []], [39, [39, 50, 49, 48]], [30, []], [50, []], [49, []], [48, []], [31, [28, 26, 27, 29]], [28, []], [26, []], [27, []], [29, []], [3, []]], [[0, [1, 4, 2]], [1, [7, 5, 6]], [4, []], [2, []], [7, [16, 14, 15]], [5, []], [6, []], [22, [22, 19, 20, 18]], [19, []], [20, []], [18, []], [35, [35, 34, 33, 32]], [34, []], [33, []], [32, []], [47, [47, 46, 45, 25]], [46, []], [45, []], [16, []], [14, []], [15, []], [25, []]]], [[[12, [12, 11, 10, 13]]], [[1, [7, 5, 6]]], [[7, [16, 14, 15]]], [[9, [9, 21, 17]]], [[22, [22, 19, 20, 18]]], [[17, [24, 23, 30, 31]]], [[35, [35, 34, 33, 32]]], [[36, [36, 44, 43, 42]]], [[41, [41, 40, 37, 38]]], [[47, [47, 46, 45, 25]]], [[39, [39, 50, 49, 48]]], [[31, [28, 26, 27, 29]]]]]",,,50.11057532890403,0,12,3.75,,,,,,(not found),
276,test_data/data_demand_random_50_batch_all1_equal_cluster/C201_1.dat,4,120,4,594.6124969497314,"[[[[0, [7, 2, 8, 4, 5, 6, 1]], [5, []], [6, []], [4, []], [2, []], [7, []], [8, []], [17, [17, 18, 20, 21]], [18, []], [20, [30, 31, 28, 27]], [19, [19, 22, 23, 24]], [21, []], [22, []], [23, []], [24, []], [36, [36, 42, 41, 43]], [44, [44, 40, 37, 29]], [43, []], [42, []], [41, []], [40, []], [37, []], [38, [38, 39, 50, 49]], [39, []], [30, []], [50, []], [49, []], [48, [48, 26]], [31, []], [28, []], [26, []], [27, []], [29, []], [1, []]], [[0, [3]], [16, [16, 12, 11, 10]], [12, []], [11, []], [10, []], [9, [9, 14, 13, 15]], [32, [32, 33, 34, 35]], [33, []], [34, []], [35, []], [47, [47, 46, 45, 25]], [46, []], [45, []], [14, []], [13, []], [15, []], [25, []], [3, []]]], [[[16, [16, 12, 11, 10]]], [[9, [9, 14, 13, 15]]], [[17, [17, 18, 20, 21]]], [[20, [30, 31, 28, 27]]], [[19, [19, 22, 23, 24]]], [[32, [32, 33, 34, 35]]], [[36, [36, 42, 41, 43]]], [[44, [44, 40, 37, 29]]], [[47, [47, 46, 45, 25]]], [[38, [38, 39, 50, 49]]], [[48, [48, 26]]]]]",,,53.74359322138384,0,11,3.8181818181818183,,,,,,(not found),
277,test_data/data_demand_random_50_batch_all1_equal_cluster/C201_1.dat,4,120,5,621.3553390593274,"[[[[0, [2, 1, 5]], [1, []], [2, []], [10, [10, 12, 11, 14]], [12, []], [11, []], [14, []], [13, [13, 15, 24, 23]], [15, []], [26, [26, 27, 29, 30]], [27, []], [29, []], [30, []], [40, [40, 43, 44, 42]], [24, []], [23, []], [42, []], [43, []], [44, []], [36, [36, 41, 37]], [41, [38, 50, 49, 48]], [37, []], [38, []], [39, [39, 31, 28, 25]], [50, []], [49, []], [48, []], [31, []], [28, []], [25, []], [5, []]], [[0, [7, 8, 4, 3]], [4, [6]], [6, []], [7, []], [8, []], [21, [21, 20, 19, 17]], [20, [18, 22, 16, 9]], [19, []], [17, []], [32, [32, 33, 34, 35]], [33, []], [34, []], [35, []], [18, []], [22, []], [3, []], [45, [45, 47, 46]], [47, []], [46, []], [16, []], [9, []]]], [[[4, [6]]], [[10, [10, 12, 11, 14]]], [[13, [13, 15, 24, 23]]], [[21, [21, 20, 19, 17]]], [[20, [18, 22, 16, 9]]], [[26, [26, 27, 29, 30]]], [[32, [32, 33, 34, 35]]], [[40, [40, 43, 44, 42]]], [[36, [36, 41, 37]]], [[41, [38, 50, 49, 48]]], [[39, [39, 31, 28, 25]]], [[45, [45, 47, 46]]]]]",663.6864061035866,"[[[[0, [4, 3, 1]], [3, []], [1, []], [10, [10, 14, 13]], [14, []], [13, []], [4, []], [23, [23, 24, 31]], [24, []], [36, [36, 44, 43, 30]], [44, []], [43, []], [42, [42, 41, 40, 28]], [41, []], [40, []], [37, [38, 39, 37]], [38, []], [39, [45, 46, 47]], [30, []], [31, []], [28, []], [45, []], [46, []], [47, []]], [[0, [7, 8, 5, 2]], [5, []], [2, []], [22, [22, 19, 6, 15]], [21, [21, 20, 18, 16]], [20, [26]], [19, [17, 27, 25, 11]], [32, [32, 33, 35, 34]], [33, []], [34, []], [35, []], [18, []], [17, []], [8, []], [7, []], [6, []], [26, []], [27, []], [48, [48, 49, 50]], [49, []], [50, []], [29, [29, 12, 9]], [25, []], [15, []], [11, []], [16, []], [12, []], [9, []]]], [[[22, [22, 19, 6, 15]]], [[10, [10, 14, 13]]], [[21, [21, 20, 18, 16]]], [[20, [26]], [23, [23, 24, 31]]], [[19, [17, 27, 25, 11]]], [[32, [32, 33, 35, 34]]], [[36, [36, 44, 43, 30]]], [[42, [42, 41, 40, 28]]], [[37, [38, 39, 37]]], [[39, [45, 46, 47]]], [[48, [48, 49, 50]]], [[29, [29, 12, 9]]]]]",55.29721239830802,0,12,3.5833333333333335,59.224313035201455,1,12,3.5833333333333335,,,
278,test_data/data_demand_random_50_batch_all1_equal_cluster/C201_1.dat,8,60,1,677.9072480941475,"[[[[0, [5, 6, 2]], [2, []], [14, [14, 15, 13, 11, 12]], [12, []], [15, [22, 23, 21]], [13, []], [11, [28, 31, 27, 26, 25, 19, 10, 16]], [28, []], [31, []], [27, []], [26, []], [25, []], [5, []], [6, []], [22, [41, 42, 45, 46, 47]], [23, []], [41, []], [42, []], [21, []], [19, []], [10, []], [16, []], [45, []], [46, []], [47, []]], [[0, [4, 1, 3, 8, 7]], [4, []], [1, []], [8, []], [7, []], [9, [9, 20, 18, 17, 24]], [20, []], [18, []], [17, []], [32, [32, 33, 34, 35, 36, 44, 43, 40]], [33, []], [34, [37, 38, 39, 48, 49, 50, 30, 29]], [35, []], [36, []], [44, []], [43, []], [24, []], [40, []], [37, []], [38, []], [39, []], [48, []], [49, []], [50, []], [30, []], [29, []], [3, []]]], [[[9, [9, 20, 18, 17, 24]]], [[14, [14, 15, 13, 11, 12]]], [[15, [22, 23, 21]]], [[11, [28, 31, 27, 26, 25, 19, 10, 16]]], [[32, [32, 33, 34, 35, 36, 44, 43, 40]]], [[34, [37, 38, 39, 48, 49, 50, 30, 29]]], [[22, [41, 42, 45, 46, 47]]]]]",,,43.385902859583155,0,7,6.0,,,,,,(not found),
279,test_data/data_demand_random_50_batch_all1_equal_cluster/C201_1.dat,8,60,2,834.0,"[[[[0, [20, 17, 32, 33, 34, 18, 35, 36, 44, 43, 42, 41, 24, 40, 37, 38, 39, 27, 26, 25, 8, 1, 3, 2]], [9, [9]], [8, []], [19, [19]], [20, []], [17, []], [32, []], [33, []], [34, []], [18, []], [35, []], [36, []], [44, []], [43, []], [42, []], [41, []], [24, []], [40, []], [37, []], [38, []], [39, []], [27, []], [26, []], [25, []], [3, []], [2, []], [1, []]], [[0, [21, 23, 22, 13, 10, 11, 14, 12, 16, 46, 47, 45, 15, 28, 31, 48, 49, 50, 30, 29, 5, 6, 4, 7]], [7, []], [21, []], [23, []], [22, []], [6, []], [4, []], [13, []], [10, []], [11, []], [14, []], [12, []], [16, []], [46, []], [47, []], [45, []], [15, []], [28, []], [31, []], [48, []], [49, []], [50, []], [30, []], [29, []], [5, []]]], [[[9, [9]]], [[19, [19]]]]]",,,27.53338422850922,0,2,1.0,,,,,,(not found),
280,test_data/data_demand_random_50_batch_all1_equal_cluster/C201_1.dat,8,60,3,608.298221281347,"[[[[0, [7, 6]], [7, []], [6, []], [13, [13, 11, 10, 9, 12, 15, 14, 16]], [16, []], [11, []], [10, []], [9, []], [12, [26, 27, 29, 30, 31, 28, 25]], [26, []], [27, []], [25, [50, 49, 48, 45, 46, 47]], [29, []], [30, []], [50, []], [49, []], [48, []], [31, []], [28, []], [15, []], [14, []], [45, []], [46, []], [47, []]], [[0, [3, 4, 5, 8, 2, 1]], [3, []], [4, []], [5, []], [8, []], [19, [19, 20, 21, 23, 22, 17, 18, 24]], [20, []], [21, []], [23, []], [22, []], [17, []], [18, [33, 32, 34, 35, 36]], [33, []], [32, [44, 43, 42, 41, 40, 37, 38, 39]], [34, []], [35, []], [36, []], [44, []], [43, []], [42, []], [41, []], [40, []], [24, []], [37, []], [38, []], [39, []], [2, []], [1, []]]], [[[13, [13, 11, 10, 9, 12, 15, 14, 16]]], [[19, [19, 20, 21, 23, 22, 17, 18, 24]]], [[12, [26, 27, 29, 30, 31, 28, 25]]], [[18, [33, 32, 34, 35, 36]]], [[32, [44, 43, 42, 41, 40, 37, 38, 39]]], [[25, [50, 49, 48, 45, 46, 47]]]]]",,,41.666199680998766,0,6,7.0,,,,,,(not found),
281,test_data/data_demand_random_50_batch_all1_equal_cluster/C201_1.dat,8,60,4,656.298221281347,"[[[[0, [4, 6, 2, 1, 8, 7, 3, 5]], [8, []], [7, []], [10, [10, 15, 13, 14]], [15, []], [3, []], [4, []], [5, []], [6, [29, 30, 27, 26, 28, 31, 25]], [29, []], [30, []], [27, []], [26, []], [28, []], [31, []], [25, [48, 49, 50, 39, 45, 46, 47]], [48, []], [49, []], [50, []], [39, []], [2, []], [1, []], [13, []], [14, []], [45, []], [46, []], [47, []]], [[0, []], [9, [9, 11, 12, 16]], [11, [19, 21, 22, 23, 24, 20, 18, 17]], [12, []], [16, []], [19, [35, 34, 33, 32]], [21, []], [22, [42, 41, 40, 37, 38, 43, 44, 36]], [23, []], [24, []], [43, []], [44, []], [36, []], [42, []], [41, []], [40, []], [37, []], [38, []], [20, []], [18, []], [35, []], [34, []], [33, []], [32, []], [17, []]]], [[[9, [9, 11, 12, 16]]], [[11, [19, 21, 22, 23, 24, 20, 18, 17]]], [[10, [10, 15, 13, 14]]], [[6, [29, 30, 27, 26, 28, 31, 25]]], [[19, [35, 34, 33, 32]]], [[22, [42, 41, 40, 37, 38, 43, 44, 36]]], [[25, [48, 49, 50, 39, 45, 46, 47]]]]]",,,38.11327887674399,0,7,6.0,,,,,,(not found),
282,test_data/data_demand_random_50_batch_all1_equal_cluster/C201_1.dat,8,60,5,656.298221281347,"[[[[0, [8]], [9, [9, 19, 17, 18, 24, 23]], [8, []], [19, []], [17, []], [18, []], [32, [32, 33, 34, 35, 22, 21, 20]], [33, []], [34, []], [35, []], [24, []], [23, []], [22, [38, 37, 40, 41, 42, 43, 44, 36]], [38, []], [37, []], [40, []], [41, []], [42, []], [43, []], [44, []], [36, []], [21, []], [20, []]], [[0, [7, 6, 5, 4, 2, 1, 3]], [7, []], [13, [13, 12, 16, 10, 15, 14, 11]], [11, []], [12, []], [16, []], [10, []], [15, []], [3, []], [6, []], [5, [29, 30, 31, 28, 25, 26, 27]], [29, []], [30, []], [31, []], [28, []], [25, [48, 49, 50, 39, 45, 46, 47]], [26, []], [27, []], [48, []], [49, []], [50, []], [39, []], [4, []], [2, []], [1, []], [14, []], [45, []], [46, []], [47, []]]], [[[9, [9, 19, 17, 18, 24, 23]]], [[13, [13, 12, 16, 10, 15, 14, 11]]], [[5, [29, 30, 31, 28, 25, 26, 27]]], [[32, [32, 33, 34, 35, 22, 21, 20]]], [[22, [38, 37, 40, 41, 42, 43, 44, 36]]], [[25, [48, 49, 50, 39, 45, 46, 47]]]]]",,,41.263997793417325,0,6,7.0,,,,,,(not found),
283,test_data/data_demand_random_50_batch_all1_equal_cluster/C201_1.dat,8,90,1,590.0788655293195,"[[[[0, [8]], [13, [13, 14, 15, 10, 12, 16, 9]], [14, []], [15, []], [9, []], [20, [20, 18, 17, 19, 11]], [18, []], [35, [35, 34, 33, 32]], [34, []], [33, []], [32, []], [17, []], [19, []], [8, []], [10, []], [11, []], [12, []], [16, []], [45, [45, 46, 47]], [46, []], [47, []]], [[0, [7, 2, 6, 1, 5, 3, 4]], [5, []], [3, []], [4, []], [6, []], [2, []], [7, []], [22, [22, 23, 24, 21, 30, 29, 31, 28]], [23, []], [24, []], [21, []], [36, [36, 44, 43, 42, 41, 40, 37, 38]], [44, []], [43, []], [42, []], [41, []], [40, []], [37, []], [38, []], [39, [39, 50, 49, 48, 26, 27, 25]], [30, []], [29, []], [50, []], [49, []], [48, []], [31, []], [28, []], [26, []], [27, []], [25, []], [1, []]]], [[[13, [13, 14, 15, 10, 12, 16, 9]]], [[22, [22, 23, 24, 21, 30, 29, 31, 28]]], [[20, [20, 18, 17, 19, 11]]], [[35, [35, 34, 33, 32]]], [[36, [36, 44, 43, 42, 41, 40, 37, 38]]], [[39, [39, 50, 49, 48, 26, 27, 25]]], [[45, [45, 46, 47]]]]]",605.8062484748657,"[[[[0, [6, 5, 7]], [7, []], [15, [15, 3]], [3, []], [6, []], [22, [22, 24, 21, 23, 30, 29, 27, 31]], [24, []], [21, []], [23, []], [36, [36, 44, 43, 42, 41, 40, 37, 38]], [44, []], [43, []], [42, []], [41, []], [40, []], [37, []], [38, []], [39, [39, 48, 49, 50, 26, 25, 28]], [48, []], [49, []], [50, []], [30, []], [29, []], [27, []], [31, []], [28, []], [26, []], [25, []], [5, []]], [[0, [1, 2, 4, 8]], [1, []], [2, []], [4, []], [9, [9, 11, 12, 10]], [12, [19, 20, 18]], [11, []], [10, []], [19, []], [20, []], [35, [35, 34, 32, 33, 17, 13, 14, 16]], [34, []], [32, []], [33, []], [18, []], [17, []], [8, []], [13, []], [14, []], [16, []], [45, [45, 46, 47]], [46, []], [47, []]]], [[[9, [9, 11, 12, 10]], [15, [15, 3]]], [[12, [19, 20, 18]]], [[22, [22, 24, 21, 23, 30, 29, 27, 31]]], [[35, [35, 34, 32, 33, 17, 13, 14, 16]]], [[36, [36, 44, 43, 42, 41, 40, 37, 38]]], [[45, [45, 46, 47]]], [[39, [39, 48, 49, 50, 26, 25, 28]]]]]",55.703273171322635,0,7,6.0,56.90240057307112,1,7,6.142857142857143,,,
284,test_data/data_demand_random_50_batch_all1_equal_cluster/C201_1.dat,8,90,2,598.0788655293195,"[[[[0, [3, 4, 8]], [4, []], [3, []], [15, [15, 13, 12, 14, 11, 10]], [14, []], [13, []], [12, [19, 17, 18, 20, 16]], [11, []], [10, []], [8, []], [19, []], [17, []], [32, [32, 33, 34, 35]], [33, []], [34, []], [35, []], [18, []], [20, []], [16, []], [45, [45, 46, 47]], [46, []], [47, []]], [[0, [7, 6, 2, 1, 5]], [2, []], [1, []], [9, [9]], [7, []], [6, []], [5, []], [21, [21, 22, 23, 24, 30, 29, 27, 31]], [22, []], [23, []], [24, []], [36, [36, 44, 43, 42, 41, 40, 37, 38]], [44, []], [43, []], [42, []], [41, []], [40, []], [37, []], [38, []], [39, [39, 48, 49, 50, 28, 26, 25]], [48, []], [49, []], [50, []], [30, []], [29, []], [27, []], [31, []], [28, []], [26, []], [25, []]]], [[[9, [9]]], [[15, [15, 13, 12, 14, 11, 10]]], [[12, [19, 17, 18, 20, 16]]], [[21, [21, 22, 23, 24, 30, 29, 27, 31]]], [[32, [32, 33, 34, 35]]], [[36, [36, 44, 43, 42, 41, 40, 37, 38]]], [[39, [39, 48, 49, 50, 28, 26, 25]]], [[45, [45, 46, 47]]]]]",684.6097569768485,"[[[[0, [3, 2]], [2, []], [15, [15, 11, 12]], [11, []], [12, []], [8, [20, 19, 17, 18, 8]], [20, []], [19, []], [17, []], [18, []], [32, [32, 33, 34, 35, 21]], [33, []], [34, []], [35, []], [21, []], [36, [36, 42, 41, 40, 37, 38, 43, 44]], [43, []], [44, []], [42, []], [41, []], [40, []], [37, []], [38, []], [39, [39, 48, 49, 50]], [48, []], [49, []], [50, []], [3, []]], [[0, [1, 7, 6, 4, 5]], [9, [9]], [1, []], [7, []], [13, [13, 22, 24, 23, 14, 10, 16]], [22, []], [24, []], [23, []], [6, []], [4, []], [5, []], [25, [25, 26, 27, 29, 30, 31, 28]], [26, []], [27, []], [29, []], [30, []], [31, []], [28, []], [14, []], [10, []], [16, []], [45, [45, 46, 47]], [46, []], [47, []]]], [[[15, [15, 11, 12]], [9, [9]]], [[8, [20, 19, 17, 18, 8]]], [[13, [13, 22, 24, 23, 14, 10, 16]]], [[25, [25, 26, 27, 29, 30, 31, 28]]], [[32, [32, 33, 34, 35, 21]]], [[36, [36, 42, 41, 40, 37, 38, 43, 44]]], [[45, [45, 46, 47]]], [[39, [39, 48, 49, 50]]]]]",51.66611573756146,0,8,5.25,52.31580007656495,1,8,5.375,,,
285,test_data/data_demand_random_50_batch_all1_equal_cluster/C201_1.dat,8,90,3,602.0788655293195,"[[[[0, [1, 5]], [5, []], [14, [14, 15, 10, 13]], [15, []], [10, []], [13, []], [1, [31, 30, 29, 25, 22, 24, 23]], [22, []], [24, []], [23, []], [36, [36, 44, 43, 42, 41, 40, 37, 38]], [44, []], [43, []], [42, []], [41, []], [40, []], [37, []], [38, []], [39, [39, 27, 26, 28, 48, 49, 50]], [27, []], [26, []], [28, []], [31, []], [48, []], [49, []], [50, []], [30, []], [29, []], [25, []]], [[0, [4, 2, 7, 8, 3, 6]], [3, []], [6, []], [4, []], [2, []], [7, []], [8, []], [17, [17, 18, 20, 19, 21, 9, 12, 11]], [18, []], [20, []], [19, []], [21, []], [35, [35, 34, 33, 32, 16]], [34, []], [33, []], [32, []], [9, []], [12, []], [11, []], [16, []], [45, [45, 46, 47]], [46, []], [47, []]]], [[[14, [14, 15, 10, 13]]], [[17, [17, 18, 20, 19, 21, 9, 12, 11]]], [[35, [35, 34, 33, 32, 16]]], [[1, [31, 30, 29, 25, 22, 24, 23]]], [[36, [36, 44, 43, 42, 41, 40, 37, 38]]], [[39, [39, 27, 26, 28, 48, 49, 50]]], [[45, [45, 46, 47]]]]]",,,51.627729595930184,0,7,6.0,,,,,,(not found),
286,test_data/data_demand_random_50_batch_all1_equal_cluster/C201_1.dat,8,90,4,588.298221281347,"[[[[0, []], [13, [13, 11, 12, 14, 15, 9]], [11, []], [12, []], [14, []], [15, []], [25, [25, 28, 27, 26, 24, 23, 29]], [24, []], [23, []], [36, [36]], [44, [44, 43, 42, 41, 40, 37, 38]], [43, []], [42, []], [41, []], [40, []], [37, []], [38, []], [39, [39, 30, 31, 50, 49, 48]], [30, []], [29, []], [50, []], [49, []], [48, []], [31, []], [28, []], [27, []], [26, []], [9, []]], [[0, [7, 4, 5, 1, 3, 2, 6]], [1, []], [4, []], [5, []], [3, []], [2, []], [7, []], [6, []], [22, [22, 20, 21, 19, 17, 18, 10, 16]], [20, []], [21, []], [8, [35, 34, 33, 32, 8]], [19, []], [17, []], [18, []], [35, []], [34, []], [33, []], [32, []], [47, [47, 46, 45]], [46, []], [45, []], [16, []], [10, []]]], [[[13, [13, 11, 12, 14, 15, 9]]], [[22, [22, 20, 21, 19, 17, 18, 10, 16]]], [[25, [25, 28, 27, 26, 24, 23, 29]]], [[8, [35, 34, 33, 32, 8]]], [[36, [36]]], [[44, [44, 43, 42, 41, 40, 37, 38]]], [[39, [39, 30, 31, 50, 49, 48]]], [[47, [47, 46, 45]]]]]",590.0788655293195,"[[[[0, [4, 2, 5, 6, 1, 7, 8]], [5, []], [6, []], [4, []], [2, []], [1, []], [7, []], [8, []], [20, [20, 18, 22, 23, 24]], [18, []], [22, [29, 30, 27]], [24, []], [23, []], [36, [36, 44, 43, 42, 41, 40, 37, 38]], [44, []], [43, []], [42, []], [41, []], [40, []], [37, []], [38, []], [39, [39, 50, 49, 48, 31, 28, 26, 25]], [29, []], [30, []], [50, []], [49, []], [48, []], [31, []], [28, []], [27, []], [26, []], [25, []]], [[0, [3]], [3, []], [15, [15]], [21, [21, 14, 16]], [19, [19, 17, 9, 12, 11, 10, 13]], [35, [35, 34, 33, 32]], [34, []], [33, []], [32, []], [17, []], [9, []], [12, []], [11, []], [10, []], [13, []], [14, []], [16, []], [45, [45, 46, 47]], [46, []], [47, []]]], [[[15, [15]]], [[20, [20, 18, 22, 23, 24]], [21, [21, 14, 16]]], [[19, [19, 17, 9, 12, 11, 10, 13]]], [[22, [29, 30, 27]]], [[35, [35, 34, 33, 32]]], [[36, [36, 44, 43, 42, 41, 40, 37, 38]]], [[45, [45, 46, 47]]], [[39, [39, 50, 49, 48, 31, 28, 26, 25]]]]]",55.97529663171578,0,8,5.375,57.93511988175499,1,8,5.25,,,
287,test_data/data_demand_random_50_batch_all1_equal_cluster/C201_1.dat,8,90,5,590.0788655293195,"[[[[0, [8, 7, 2]], [2, []], [15, [15, 14, 13, 10, 11]], [14, []], [13, []], [10, []], [11, []], [8, [19, 30, 31, 26, 25, 29, 28, 27]], [19, []], [7, []], [36, [36, 44, 43, 42, 41, 40, 37, 38]], [44, []], [43, []], [42, []], [41, []], [40, []], [37, []], [38, []], [39, [39, 50, 49, 48]], [29, []], [30, []], [50, []], [49, []], [48, []], [31, []], [28, []], [27, []], [26, []], [25, []]], [[0, [4, 1, 5, 6, 3]], [3, []], [4, []], [1, []], [5, []], [6, []], [24, [24, 23, 22, 21, 20, 18, 17, 9]], [23, []], [22, []], [21, []], [20, []], [34, [34, 32, 33, 35, 16, 12]], [32, []], [33, []], [35, []], [18, []], [17, []], [9, []], [12, []], [16, []], [45, [45, 46, 47]], [46, []], [47, []]]], [[[15, [15, 14, 13, 10, 11]]], [[24, [24, 23, 22, 21, 20, 18, 17, 9]]], [[8, [19, 30, 31, 26, 25, 29, 28, 27]]], [[34, [34, 32, 33, 35, 16, 12]]], [[36, [36, 44, 43, 42, 41, 40, 37, 38]]], [[45, [45, 46, 47]]], [[39, [39, 50, 49, 48]]]]]",,,57.18488303117894,0,7,6.0,,,,,,(not found),
288,test_data/data_demand_random_50_batch_all1_equal_cluster/C201_1.dat,8,120,1,590.0788655293195,"[[[[0, [6, 5, 3]], [10, [10, 9, 12, 11, 15]], [11, []], [9, []], [12, []], [15, []], [6, [28, 27, 26, 25, 22, 24, 23]], [22, []], [24, []], [23, []], [36, [36, 44, 43, 42, 41, 40, 37, 38]], [44, []], [43, []], [42, []], [41, []], [40, []], [37, []], [38, []], [39, [39, 29, 30, 31, 50, 49, 48]], [29, []], [30, []], [50, []], [49, []], [48, []], [31, []], [28, []], [27, []], [26, []], [25, []], [5, []], [3, []]], [[0, [8, 1, 7, 2, 4]], [8, []], [2, []], [4, []], [1, []], [7, [21, 20, 17, 18, 19, 13, 14]], [21, []], [20, []], [17, []], [32, [32, 33, 34, 35, 16]], [33, []], [34, []], [35, []], [18, []], [19, []], [13, []], [14, []], [16, []], [45, [45, 46, 47]], [46, []], [47, []]]], [[[10, [10, 9, 12, 11, 15]]], [[7, [21, 20, 17, 18, 19, 13, 14]]], [[32, [32, 33, 34, 35, 16]]], [[6, [28, 27, 26, 25, 22, 24, 23]]], [[36, [36, 44, 43, 42, 41, 40, 37, 38]]], [[39, [39, 29, 30, 31, 50, 49, 48]]], [[45, [45, 46, 47]]]]]",719.0015475291684,"[[[[0, [3, 8, 2, 5, 4, 7]], [5, []], [4, []], [3, []], [2, []], [8, []], [22, [22, 24, 13, 20, 23, 18, 19, 17]], [20, []], [19, []], [17, []], [18, []], [32, [32, 33, 34, 35, 21]], [33, []], [34, []], [35, []], [23, [41, 40, 45, 46, 47]], [24, []], [41, []], [40, []], [21, []], [7, []], [13, []], [45, []], [46, []], [47, []]], [[0, [1, 6]], [1, []], [15, [15, 14, 16, 12, 11, 10, 9]], [14, []], [16, []], [12, []], [11, []], [10, []], [9, []], [25, [25, 26, 27, 28, 31, 30, 29]], [26, []], [27, []], [28, []], [31, []], [30, [36]], [29, []], [6, []], [42, [42, 44, 37, 38, 39, 48, 49, 50]], [36, []], [44, []], [43, [43]], [37, []], [38, []], [39, []], [48, []], [49, []], [50, []]]], [[[22, [22, 24, 13, 20, 23, 18, 19, 17]]], [[15, [15, 14, 16, 12, 11, 10, 9]]], [[25, [25, 26, 27, 28, 31, 30, 29]]], [[32, [32, 33, 34, 35, 21]]], [[30, [36]]], [[42, [42, 44, 37, 38, 39, 48, 49, 50]]], [[43, [43]], [23, [41, 40, 45, 46, 47]]]]]",51.40447223924835,0,7,6.0,59.9616723970576,1,7,6.0,,,
289,test_data/data_demand_random_50_batch_all1_equal_cluster/C201_1.dat,8,120,2,590.0788655293195,"[[[[0, [8]], [14, [14, 10, 12, 11, 16, 9]], [10, []], [8, [19, 20, 18, 17]], [19, []], [20, []], [18, []], [33, [33, 32, 34, 35]], [32, []], [34, []], [35, []], [17, []], [12, []], [11, []], [16, []], [45, [45, 47, 46]], [47, []], [46, []], [9, []]], [[0, [2, 6, 5, 1, 4, 7, 3]], [1, []], [2, []], [4, []], [6, []], [5, []], [15, [15, 13]], [13, []], [7, [26, 27, 29, 25, 21, 22, 24, 23]], [21, []], [22, []], [24, []], [23, []], [36, [36, 44, 43, 42, 41, 40, 37, 38]], [44, []], [43, []], [42, []], [41, []], [40, []], [37, []], [38, []], [39, [39, 30, 31, 28, 50, 49, 48]], [30, []], [50, []], [49, []], [48, []], [31, []], [28, []], [26, []], [27, []], [29, []], [25, []], [3, []]]], [[[14, [14, 10, 12, 11, 16, 9]]], [[15, [15, 13]]], [[8, [19, 20, 18, 17]]], [[7, [26, 27, 29, 25, 21, 22, 24, 23]]], [[33, [33, 32, 34, 35]]], [[36, [36, 44, 43, 42, 41, 40, 37, 38]]], [[39, [39, 30, 31, 28, 50, 49, 48]]], [[45, [45, 47, 46]]]]]",,,50.7574145441178,0,8,5.25,,,,,,(not found),
290,test_data/data_demand_random_50_batch_all1_equal_cluster/C201_1.dat,8,120,3,590.0788655293195,"[[[[0, [1, 6, 2, 7]], [1, []], [6, []], [2, []], [7, []], [19, [19, 21, 20, 17, 16, 13, 12, 14]], [21, []], [20, []], [17, []], [35, [35, 33, 32, 34, 9, 10, 15, 11]], [33, []], [32, []], [34, []], [47, [47, 46, 45]], [46, []], [45, []], [16, []], [14, []], [15, []], [13, []], [11, []], [12, []], [10, []], [9, []]], [[0, [8, 3, 5, 4]], [8, []], [3, []], [5, []], [4, []], [18, [18, 22, 24, 23, 28, 31, 26, 27]], [22, []], [24, []], [23, []], [36, [36, 44, 43, 42, 41, 40, 37, 38]], [44, []], [43, []], [42, []], [41, []], [40, []], [37, []], [38, []], [39, [39, 50, 49, 48, 29, 25, 30]], [30, []], [50, []], [49, []], [48, []], [31, []], [28, []], [26, []], [27, []], [29, []], [25, []]]], [[[19, [19, 21, 20, 17, 16, 13, 12, 14]]], [[18, [18, 22, 24, 23, 28, 31, 26, 27]]], [[35, [35, 33, 32, 34, 9, 10, 15, 11]]], [[36, [36, 44, 43, 42, 41, 40, 37, 38]]], [[39, [39, 50, 49, 48, 29, 25, 30]]], [[47, [47, 46, 45]]]]]",,,56.8607368675549,0,6,7.0,,,,,,(not found),
291,test_data/data_demand_random_50_batch_all1_equal_cluster/C201_1.dat,8,120,4,589.5362826409555,"[[[[0, [5, 6, 4, 3, 8, 2, 7]], [5, []], [6, []], [4, []], [3, []], [2, []], [7, []], [20, [20, 19, 21, 18, 17, 23, 24, 22]], [19, []], [21, []], [18, []], [17, []], [32, [32, 33, 34, 35, 43, 44, 36, 42]], [33, []], [34, []], [35, []], [23, []], [43, []], [44, []], [36, []], [42, []], [41, [41, 40, 37]], [40, []], [24, []], [37, []], [22, []], [8, []]], [[0, [1]], [1, []], [9, [9, 12, 16, 11, 10, 14, 15, 13]], [12, []], [16, []], [11, []], [10, []], [14, []], [15, []], [25, [25, 28, 31, 30, 29, 27, 26]], [28, []], [31, []], [30, []], [29, []], [38, [38, 39]], [39, []], [50, [50, 49, 48, 45, 46, 47]], [49, []], [48, []], [27, []], [26, []], [13, []], [45, []], [46, []], [47, []]]], [[[9, [9, 12, 16, 11, 10, 14, 15, 13]]], [[20, [20, 19, 21, 18, 17, 23, 24, 22]]], [[25, [25, 28, 31, 30, 29, 27, 26]]], [[32, [32, 33, 34, 35, 43, 44, 36, 42]]], [[38, [38, 39]]], [[50, [50, 49, 48, 45, 46, 47]]], [[41, [41, 40, 37]]]]]",,,55.67613790058059,0,7,6.0,,,,,,(not found),
292,test_data/data_demand_random_50_batch_all1_equal_cluster/C201_1.dat,8,120,5,590.0788655293195,"[[[[0, [3, 2, 7]], [7, []], [3, [8]], [2, []], [8, []], [19, [19, 20, 21, 17, 18, 10, 11, 14]], [20, []], [21, []], [17, []], [32, [32, 33, 34, 35, 13, 16]], [33, []], [34, []], [35, []], [18, []], [10, []], [11, []], [13, []], [14, []], [16, []], [45, [45, 46, 47]], [46, []], [47, []]], [[0, [5, 4, 6, 1]], [4, []], [5, []], [9, [9, 12]], [12, []], [15, [15, 22, 23, 24]], [6, [28, 26, 27, 25]], [22, []], [23, []], [24, []], [36, [36, 44, 43, 42, 41, 40, 37, 38]], [44, []], [43, []], [42, []], [41, []], [40, []], [37, []], [38, []], [39, [39, 29, 30, 31, 50, 49, 48]], [29, []], [30, []], [50, []], [49, []], [48, []], [31, []], [28, []], [26, []], [27, []], [25, []], [1, []]]], [[[3, [8]]], [[19, [19, 20, 21, 17, 18, 10, 11, 14]]], [[9, [9, 12]]], [[15, [15, 22, 23, 24]]], [[6, [28, 26, 27, 25]]], [[32, [32, 33, 34, 35, 13, 16]]], [[36, [36, 44, 43, 42, 41, 40, 37, 38]]], [[39, [39, 29, 30, 31, 50, 49, 48]]], [[45, [45, 46, 47]]]]]",653.7099202643649,"[[[[0, [7, 3, 5, 1]], [5, [8]], [1, []], [7, []], [8, []], [20, [20, 19, 17, 18, 21, 27, 28, 26]], [19, []], [17, []], [18, []], [32, [32, 33, 34, 35, 31]], [33, []], [34, [37, 38, 39]], [35, []], [21, []], [37, []], [38, []], [39, []], [27, []], [26, []], [28, []], [31, []], [48, [48, 49, 50, 30, 29, 25]], [49, []], [50, []], [30, []], [29, []], [25, []], [3, []]], [[0, [6, 2, 4]], [16, [16, 12, 9, 13, 11, 10, 24, 23]], [12, []], [9, []], [13, []], [11, []], [10, []], [2, []], [4, []], [6, []], [36, [36, 40, 22, 15, 14]], [44, [44, 42, 43, 45, 46, 47, 41]], [43, []], [42, []], [41, []], [40, []], [24, []], [23, []], [22, []], [15, []], [14, []], [45, []], [46, []], [47, []]]], [[[16, [16, 12, 9, 13, 11, 10, 24, 23]]], [[5, [8]]], [[20, [20, 19, 17, 18, 21, 27, 28, 26]]], [[32, [32, 33, 34, 35, 31]]], [[34, [37, 38, 39]], [36, [36, 40, 22, 15, 14]]], [[44, [44, 42, 43, 45, 46, 47, 41]]], [[48, [48, 49, 50, 30, 29, 25]]]]]",48.23059920464973,0,9,4.777777777777778,65.43279872354653,1,7,6.142857142857143,,,
293,test_data/data_demand_random_50_batch_all1_equal_random/C201_1.dat,4,60,1,859.0,"[[[[0, [25, 40, 34, 30, 20, 42, 15, 21, 9, 44, 50, 19, 8, 23, 26, 33, 45, 31, 48, 22, 29]], [18, [18, 12, 11, 10]], [12, []], [11, []], [25, []], [10, []], [40, []], [34, []], [30, []], [20, []], [42, []], [15, []], [21, []], [9, []], [44, []], [50, []], [19, []], [8, []], [23, []], [26, []], [33, []], [45, []], [31, []], [48, []], [22, []], [29, []]], [[0, [2, 3, 6, 5, 28, 1, 46, 32, 27, 49, 7, 16, 13, 39, 47, 14, 43, 17, 35, 4, 37, 24, 41, 38, 36]], [2, []], [3, []], [6, []], [5, []], [28, []], [1, []], [46, []], [32, []], [27, []], [49, []], [7, []], [16, []], [13, []], [39, []], [47, []], [14, []], [43, []], [17, []], [35, []], [4, []], [37, []], [24, []], [41, []], [38, []], [36, []]]], [[[18, [18, 12, 11, 10]]]]]",,,37.36308338453881,0,1,4.0,,,,,,(not found),
294,test_data/data_demand_random_50_batch_all1_equal_random/C201_1.dat,4,60,2,883.0,"[[[[0, [11, 12, 20, 36, 24, 37, 35, 4, 17, 43, 14, 47, 39, 13, 16, 7, 49, 27, 32, 38, 41]], [29, [29, 25, 18, 10]], [18, []], [10, []], [11, []], [12, []], [25, []], [20, []], [36, []], [24, []], [37, []], [35, []], [4, []], [17, []], [43, []], [14, []], [47, []], [39, []], [13, []], [16, []], [7, []], [49, []], [27, []], [32, []], [38, []], [41, []]], [[0, [1, 9, 3, 5, 6, 28, 40, 31, 45, 33, 26, 23, 8, 19, 50, 44, 21, 15, 42, 34, 46, 30, 2]], [1, []], [2, []], [9, []], [3, []], [5, []], [6, []], [28, []], [48, [48, 22]], [40, []], [22, []], [31, []], [45, []], [33, []], [26, []], [23, []], [8, []], [19, []], [50, []], [44, []], [21, []], [15, []], [42, []], [34, []], [46, []], [30, []]]], [[[29, [29, 25, 18, 10]]], [[48, [48, 22]]]]]",,,30.083537530096976,0,2,3.0,,,,,,(not found),
295,test_data/data_demand_random_50_batch_all1_equal_random/C201_1.dat,4,60,3,729.02775637732,"[[[[0, [3, 1, 2, 4]], [1, []], [2, [6, 5]], [3, []], [6, []], [5, []], [18, [18, 20, 14]], [20, [38, 32, 13, 16]], [36, [36, 41, 7, 17]], [41, [43, 35, 46, 24]], [38, []], [32, [47, 39, 49, 27]], [14, []], [47, []], [39, []], [13, []], [16, []], [7, []], [49, []], [27, []], [43, []], [17, []], [35, []], [4, []], [46, []], [24, []]], [[0, [11, 10, 12, 8, 9]], [11, []], [29, [29, 25, 31, 22]], [10, [26, 23, 19, 15]], [12, []], [25, []], [31, []], [22, []], [45, [45, 48, 40, 28]], [48, []], [40, []], [28, [50, 44, 21, 33]], [33, []], [26, []], [23, []], [8, []], [19, []], [50, []], [44, []], [9, []], [21, []], [15, []], [37, [37, 30, 42, 34]], [42, []], [34, []], [30, []]]], [[[2, [6, 5]]], [[29, [29, 25, 31, 22]]], [[18, [18, 20, 14]]], [[10, [26, 23, 19, 15]]], [[20, [38, 32, 13, 16]]], [[36, [36, 41, 7, 17]]], [[41, [43, 35, 46, 24]]], [[45, [45, 48, 40, 28]]], [[32, [47, 39, 49, 27]]], [[28, [50, 44, 21, 33]]], [[37, [37, 30, 42, 34]]]]]",,,36.82072129648385,0,11,3.727272727272727,,,,,,(not found),
296,test_data/data_demand_random_50_batch_all1_equal_random/C201_1.dat,4,60,4,863.0,"[[[[0, [3, 20, 36, 24, 41, 15, 21, 9, 44, 50, 19, 8, 26, 33, 40, 48, 25, 31, 45, 29, 2, 6]], [2, []], [3, []], [28, [28, 5, 23]], [20, []], [36, []], [24, []], [41, []], [15, []], [21, []], [9, []], [44, []], [50, []], [19, []], [8, []], [23, []], [5, []], [26, []], [33, []], [6, []], [40, []], [48, []], [25, []], [31, []], [45, []], [29, []]], [[0, [1, 18, 10, 12, 11, 4, 35, 17, 43, 37, 38, 32, 14, 47, 39, 13, 16, 7, 49, 27, 42, 34, 46, 22, 30]], [1, []], [22, []], [18, []], [10, []], [12, []], [11, []], [4, []], [35, []], [17, []], [43, []], [37, []], [38, []], [32, []], [14, []], [47, []], [39, []], [13, []], [16, []], [7, []], [49, []], [27, []], [42, []], [34, []], [46, []], [30, []]]], [[[28, [28, 5, 23]]]]]",,,50.59644256269407,0,1,3.0,,,,,,(not found),
297,test_data/data_demand_random_50_batch_all1_equal_random/C201_1.dat,4,60,5,772.7099202643649,"[[[[0, [3, 2, 4]], [2, [6, 5, 14, 7]], [3, []], [5, []], [6, []], [31, [31, 22, 25, 18]], [25, []], [18, []], [22, []], [45, [45, 30, 38, 41]], [30, []], [46, [46, 47, 39, 24]], [20, [20, 17, 21]], [14, []], [47, []], [39, []], [21, []], [7, []], [38, []], [41, []], [24, []], [37, [37, 43, 35]], [43, []], [17, []], [4, []], [35, []]], [[0, [1]], [10, [10, 11, 12, 13]], [11, []], [12, []], [28, [28, 34, 16]], [36, [36, 42, 15, 9]], [34, []], [1, [44, 50, 33, 40]], [42, [49, 27, 19, 8]], [13, []], [16, []], [49, []], [27, []], [32, [32, 23, 26, 29]], [15, []], [9, []], [44, []], [50, []], [19, []], [8, []], [23, []], [26, []], [33, []], [40, []], [48, [48]], [29, []]]], [[[2, [6, 5, 14, 7]]], [[10, [10, 11, 12, 13]]], [[31, [31, 22, 25, 18]]], [[28, [28, 34, 16]]], [[36, [36, 42, 15, 9]]], [[45, [45, 30, 38, 41]]], [[46, [46, 47, 39, 24]]], [[20, [20, 17, 21]]], [[1, [44, 50, 33, 40]]], [[42, [49, 27, 19, 8]]], [[37, [37, 43, 35]]], [[32, [32, 23, 26, 29]]], [[48, [48]]]]]",,,37.80830493682972,0,13,3.5384615384615383,,,,,,(not found),
298,test_data/data_demand_random_50_batch_all1_equal_random/C201_1.dat,4,90,1,634.7308492477241,"[[[[0, [5, 3, 2, 1]], [1, []], [2, [6, 9, 10, 8]], [9, []], [21, [21, 22]], [20, [20, 30, 25, 31]], [29, [29, 40, 34]], [22, []], [10, []], [25, []], [31, []], [45, [45, 48, 28, 42]], [48, []], [40, []], [28, [23, 26, 33, 19]], [26, []], [33, []], [6, []], [5, []], [23, []], [8, []], [19, []], [50, [50, 44, 46]], [3, []], [44, []], [42, []], [34, []], [46, []], [30, []]], [[0, [11, 7, 4]], [18, [18, 17, 16, 12]], [12, []], [11, []], [4, []], [35, [35, 14, 13, 15]], [17, []], [43, [43, 49, 47, 39]], [14, []], [47, []], [39, []], [13, []], [16, []], [7, []], [49, []], [27, [27, 32, 37]], [15, []], [32, []], [38, [38, 24, 41, 36]], [37, []], [24, []], [41, []], [36, []]]], [[[2, [6, 9, 10, 8]]], [[18, [18, 17, 16, 12]]], [[21, [21, 22]]], [[20, [20, 30, 25, 31]]], [[29, [29, 40, 34]]], [[35, [35, 14, 13, 15]]], [[43, [43, 49, 47, 39]]], [[45, [45, 48, 28, 42]]], [[28, [23, 26, 33, 19]]], [[27, [27, 32, 37]]], [[50, [50, 44, 46]]], [[38, [38, 24, 41, 36]]]]]",,,46.26270435337991,0,12,3.5833333333333335,,,,,,(not found),
299,test_data/data_demand_random_50_batch_all1_equal_random/C201_1.dat,4,90,2,647.0,"[[[[0, [4, 2]], [2, []], [15, [15, 9, 17, 7]], [9, []], [21, [21, 14]], [20, [20, 24, 27, 32]], [36, [36, 35, 39, 41]], [24, [37, 16, 13]], [4, []], [35, [43, 49, 47, 38]], [17, []], [43, []], [37, []], [32, []], [49, []], [7, []], [16, []], [13, []], [39, []], [14, []], [47, []], [27, []], [38, []], [41, []]], [[0, [3, 1]], [3, []], [12, [12, 11, 10, 18]], [11, []], [25, [25, 31, 22, 29]], [10, []], [18, []], [31, []], [45, [45, 40, 28, 30]], [40, []], [48, [48, 46]], [22, []], [29, []], [46, []], [34, [34, 42, 44, 19]], [42, []], [44, []], [50, [50, 8, 5, 6]], [19, []], [8, []], [23, [23, 26, 33]], [5, []], [6, []], [26, []], [33, []], [28, []], [1, []], [30, []]]], [[[15, [15, 9, 17, 7]]], [[12, [12, 11, 10, 18]]], [[21, [21, 14]]], [[25, [25, 31, 22, 29]]], [[20, [20, 24, 27, 32]]], [[36, [36, 35, 39, 41]]], [[24, [37, 16, 13]]], [[45, [45, 40, 28, 30]]], [[48, [48, 46]]], [[35, [43, 49, 47, 38]]], [[34, [34, 42, 44, 19]]], [[50, [50, 8, 5, 6]]], [[23, [23, 26, 33]]]]]",,,48.3910759008342,0,13,3.5384615384615383,,,,,,(not found),
300,test_data/data_demand_random_50_batch_all1_equal_random/C201_1.dat,4,90,3,627.3573373083088,"[[[[0, [1]], [1, [4]], [12, [12, 11, 10, 18]], [11, []], [10, []], [31, [31, 25, 22, 29]], [25, []], [40, [40, 17, 20, 24]], [18, []], [29, []], [48, [48, 45, 35, 38]], [22, []], [45, []], [20, []], [24, []], [4, []], [35, []], [17, []], [43, [43, 37, 41, 36]], [37, []], [38, []], [41, []], [36, []]], [[0, [2, 3]], [2, []], [3, []], [6, [6, 5, 9, 7]], [5, []], [9, []], [7, [15, 13, 16, 14]], [16, []], [13, []], [32, [32, 27, 23, 26]], [15, []], [27, []], [14, []], [47, [47, 39, 49, 44]], [39, []], [49, []], [21, [21, 28, 19, 8]], [44, []], [50, [50, 33, 42, 34]], [19, []], [8, []], [23, []], [26, []], [33, []], [28, []], [42, []], [34, []], [46, [46, 30]], [30, []]]], [[[1, [4]]], [[6, [6, 5, 9, 7]]], [[12, [12, 11, 10, 18]]], [[7, [15, 13, 16, 14]]], [[31, [31, 25, 22, 29]]], [[32, [32, 27, 23, 26]]], [[40, [40, 17, 20, 24]]], [[48, [48, 45, 35, 38]]], [[47, [47, 39, 49, 44]]], [[21, [21, 28, 19, 8]]], [[50, [50, 33, 42, 34]]], [[43, [43, 37, 41, 36]]], [[46, [46, 30]]]]]",,,53.705279878171154,0,13,3.6153846153846154,,,,,,(not found),
301,test_data/data_demand_random_50_batch_all1_equal_random/C201_1.dat,4,90,4,661.4894548727682,"[[[[0, []], [10, [10, 6, 5, 12]], [12, []], [11, [11, 23, 20, 18]], [29, [29, 25, 22, 26]], [18, []], [25, []], [22, []], [48, [48, 42, 36, 41]], [45, [45, 31, 40, 33]], [31, []], [40, []], [28, [28, 19, 50, 8]], [33, []], [6, []], [5, []], [26, []], [23, []], [8, []], [19, []], [50, []], [42, []], [20, []], [36, []], [41, []]], [[0, [1, 3, 2, 4]], [3, []], [2, []], [1, []], [24, [24]], [4, []], [17, [17, 27, 16]], [35, [35, 15, 14, 9]], [43, [43, 37, 38, 32]], [37, []], [38, []], [32, []], [15, []], [27, []], [14, []], [47, [47, 39, 13, 7]], [39, []], [13, []], [16, []], [49, [49, 21, 30]], [7, []], [21, []], [9, []], [44, [44, 34, 46]], [34, []], [46, []], [30, []]]], [[[10, [10, 6, 5, 12]]], [[24, [24]]], [[11, [11, 23, 20, 18]]], [[29, [29, 25, 22, 26]]], [[17, [17, 27, 16]]], [[35, [35, 15, 14, 9]]], [[43, [43, 37, 38, 32]]], [[48, [48, 42, 36, 41]]], [[45, [45, 31, 40, 33]]], [[28, [28, 19, 50, 8]]], [[47, [47, 39, 13, 7]]], [[49, [49, 21, 30]]], [[44, [44, 34, 46]]]]]",,,52.00185607003292,0,13,3.5384615384615383,,,,,,(not found),
302,test_data/data_demand_random_50_batch_all1_equal_random/C201_1.dat,4,90,5,824.0,"[[[[0, [12, 36, 38, 37, 35, 4, 24, 41, 32, 7, 16, 39, 20, 30, 15]], [11, [11, 17, 13, 14]], [12, []], [36, []], [38, []], [37, []], [43, [43, 27, 49, 47]], [17, []], [35, []], [4, []], [24, []], [41, []], [32, []], [49, []], [7, []], [16, []], [13, []], [39, []], [47, []], [14, []], [27, []], [15, []], [20, []], [30, []]], [[0, [2, 23, 9, 21, 50, 33, 28, 31, 25, 10, 18, 48, 22, 29, 6, 26, 19, 8, 5, 1, 3]], [46, [46, 34, 40, 45]], [1, []], [34, []], [2, []], [42, [42, 44]], [44, []], [19, []], [8, []], [23, []], [26, []], [9, []], [21, []], [3, []], [50, []], [5, []], [6, []], [33, []], [28, []], [40, []], [45, []], [31, []], [25, []], [10, []], [18, []], [48, []], [22, []], [29, []]]], [[[11, [11, 17, 13, 14]]], [[46, [46, 34, 40, 45]]], [[43, [43, 27, 49, 47]]], [[42, [42, 44]]]]]",,,45.78012591446444,0,4,3.5,,,,,,(not found),
303,test_data/data_demand_random_50_batch_all1_equal_random/C201_1.dat,4,120,1,632.151858499966,"[[[[0, []], [4, [4]], [11, [11, 12, 18, 22]], [12, []], [25, [25, 31, 23, 10]], [31, []], [22, []], [45, [45, 40, 44, 34]], [40, []], [48, [48, 28, 33]], [10, []], [18, []], [29, [29, 26, 19, 8]], [28, []], [33, []], [26, []], [50, [50, 42, 30]], [19, []], [8, []], [23, []], [44, []], [42, []], [34, []], [46, [46]], [30, []]], [[0, [1, 2]], [1, []], [2, []], [6, [6, 5, 3]], [5, []], [3, [16, 7, 15, 17]], [9, [9, 21, 14, 13]], [21, []], [15, []], [36, [36, 27, 32, 20]], [20, []], [38, [38, 43, 35, 24]], [32, []], [14, []], [47, [47, 39, 49, 37]], [39, []], [13, []], [16, []], [7, []], [49, []], [27, []], [43, []], [17, []], [35, []], [37, []], [24, []], [41, [41]]]], [[[4, [4]]], [[6, [6, 5, 3]]], [[3, [16, 7, 15, 17]]], [[9, [9, 21, 14, 13]]], [[11, [11, 12, 18, 22]]], [[25, [25, 31, 23, 10]]], [[36, [36, 27, 32, 20]]], [[45, [45, 40, 44, 34]]], [[38, [38, 43, 35, 24]]], [[48, [48, 28, 33]]], [[47, [47, 39, 49, 37]]], [[29, [29, 26, 19, 8]]], [[41, [41]]], [[50, [50, 42, 30]]], [[46, [46]]]]]",739.9930165304626,"[[[[0, [2, 3]], [2, [5, 8, 13, 6]], [6, []], [23, [23, 9, 7, 16]], [5, []], [8, []], [3, []], [9, []], [21, [21, 27, 19, 31]], [7, []], [16, []], [13, []], [27, []], [32, [32, 38, 40, 30]], [38, []], [48, [48, 33, 45, 18]], [18, []], [22, [22, 28, 26]], [45, []], [31, []], [40, []], [28, []], [33, []], [26, []], [50, [50, 44, 42]], [19, []], [44, []], [42, []], [30, []]], [[0, [4]], [4, []], [11, [11, 10, 12, 17]], [10, [15, 25, 14]], [25, []], [12, []], [29, [29, 24, 34]], [24, []], [37, [37, 35, 43, 39]], [35, []], [17, []], [43, []], [14, []], [47, [47, 41, 36, 46]], [39, []], [49, [49]], [15, [20, 1]], [41, []], [36, []], [20, []], [46, []], [34, []], [1, []]]], [[[2, [5, 8, 13, 6]]], [[11, [11, 10, 12, 17]]], [[23, [23, 9, 7, 16]]], [[10, [15, 25, 14]]], [[29, [29, 24, 34]]], [[21, [21, 27, 19, 31]]], [[37, [37, 35, 43, 39]]], [[32, [32, 38, 40, 30]]], [[48, [48, 33, 45, 18]]], [[22, [22, 28, 26]]], [[47, [47, 41, 36, 46]]], [[49, [49]], [50, [50, 44, 42]]], [[15, [20, 1]]]]]",49.45011150718809,0,15,3.2,54.04205126624591,1,13,3.6153846153846154,,,
304,test_data/data_demand_random_50_batch_all1_equal_random/C201_1.dat,4,120,2,648.044999226338,"[[[[0, [3]], [10, [10, 12, 9, 11]], [11, []], [12, []], [25, [25, 26, 21, 16]], [31, [31, 33, 13, 7]], [40, [40, 28, 14, 15]], [28, []], [26, []], [33, []], [3, []], [50, [50, 44, 27]], [44, []], [9, []], [21, [49, 39, 47]], [16, []], [7, []], [49, []], [13, []], [14, []], [39, []], [47, []], [27, []], [15, []], [42, [42, 34, 46, 30]], [34, []], [46, []], [30, []]], [[0, [5, 6, 2, 1, 4]], [2, []], [1, [8, 18]], [20, [20, 19, 23, 17]], [19, []], [8, []], [23, []], [5, []], [6, []], [45, [45, 29, 22, 32]], [22, []], [48, [48, 36, 35, 41]], [18, []], [29, []], [36, []], [41, []], [4, []], [35, []], [17, []], [43, [43, 37, 38, 24]], [37, []], [38, []], [32, []], [24, []]]], [[[10, [10, 12, 9, 11]]], [[1, [8, 18]]], [[20, [20, 19, 23, 17]]], [[25, [25, 26, 21, 16]]], [[31, [31, 33, 13, 7]]], [[40, [40, 28, 14, 15]]], [[45, [45, 29, 22, 32]]], [[48, [48, 36, 35, 41]]], [[50, [50, 44, 27]]], [[21, [49, 39, 47]]], [[42, [42, 34, 46, 30]]], [[43, [43, 37, 38, 24]]]]]",,,46.692619582798564,0,12,3.6666666666666665,,,,,,(not found),
305,test_data/data_demand_random_50_batch_all1_equal_random/C201_1.dat,4,120,3,647.0483493925201,"[[[[0, [4]], [11, [11, 12, 10, 1]], [12, []], [10, []], [25, [25, 17, 22]], [36, [36, 24, 37, 35]], [24, []], [4, []], [35, []], [17, []], [43, [43, 42, 15, 40]], [37, []], [38, [38, 34, 31, 29]], [41, [41, 18, 45, 48]], [15, []], [42, []], [34, []], [1, []], [40, []], [31, []], [45, []], [22, []], [48, []], [18, []], [29, []]], [[0, [3]], [2, [2, 8, 5, 6]], [8, []], [5, []], [3, [21, 14, 13, 20]], [6, []], [26, [26, 23, 28, 19]], [23, []], [28, []], [33, [33, 9, 16, 7]], [19, []], [50, [50, 44, 39, 47]], [44, []], [9, []], [21, []], [7, []], [16, []], [39, []], [47, []], [14, []], [13, []], [49, [49, 27, 32, 30]], [27, []], [32, []], [46, [46]], [30, []], [20, []]]], [[[11, [11, 12, 10, 1]]], [[2, [2, 8, 5, 6]]], [[3, [21, 14, 13, 20]]], [[25, [25, 17, 22]]], [[26, [26, 23, 28, 19]]], [[36, [36, 24, 37, 35]]], [[33, [33, 9, 16, 7]]], [[50, [50, 44, 39, 47]]], [[43, [43, 42, 15, 40]]], [[38, [38, 34, 31, 29]]], [[41, [41, 18, 45, 48]]], [[49, [49, 27, 32, 30]]], [[46, [46]]]]]",,,51.73216310511819,0,13,3.6923076923076925,,,,,,(not found),
306,test_data/data_demand_random_50_batch_all1_equal_random/C201_1.dat,4,120,4,666.5529453572468,"[[[[0, [4]], [10, [10, 11, 12]], [11, [16]], [12, []], [25, [25, 22, 7, 15]], [22, [36, 24, 35, 27]], [36, []], [24, []], [4, []], [35, []], [17, [17, 14, 13]], [43, [43, 37, 38, 34]], [37, []], [38, [41, 32, 39, 30]], [41, []], [32, []], [14, []], [47, [47, 49]], [39, []], [13, []], [16, []], [7, []], [49, []], [27, []], [15, []], [34, []], [30, []]], [[0, [3, 6, 2]], [1, [1, 9]], [3, []], [6, []], [2, []], [31, [31, 21, 20]], [40, [40, 29]], [45, [45, 28, 18]], [29, [48, 33, 26]], [18, [8, 5, 23, 19]], [48, []], [28, []], [33, []], [26, []], [5, []], [23, []], [8, []], [19, []], [50, [50, 44, 42, 46]], [44, []], [9, []], [21, []], [42, []], [20, []], [46, []]]], [[[10, [10, 11, 12]]], [[1, [1, 9]]], [[11, [16]]], [[25, [25, 22, 7, 15]]], [[22, [36, 24, 35, 27]]], [[31, [31, 21, 20]]], [[40, [40, 29]]], [[45, [45, 28, 18]]], [[29, [48, 33, 26]]], [[18, [8, 5, 23, 19]]], [[17, [17, 14, 13]]], [[43, [43, 37, 38, 34]]], [[38, [41, 32, 39, 30]]], [[50, [50, 44, 42, 46]]], [[47, [47, 49]]]]]",,,48.13347157085161,0,15,3.066666666666667,,,,,,(not found),
307,test_data/data_demand_random_50_batch_all1_equal_random/C201_1.dat,4,120,5,630.4108518139674,"[[[[0, []], [11, [11, 12, 6, 10]], [12, [16, 13, 15]], [22, [22, 8, 7, 9]], [18, [18, 25, 19, 26]], [10, []], [25, []], [31, [31, 33, 23]], [6, []], [33, []], [26, []], [23, []], [8, []], [19, []], [50, [50, 44, 21, 14]], [44, []], [9, []], [21, []], [7, []], [16, []], [13, []], [39, [39, 47, 27, 34]], [14, []], [47, []], [27, []], [49, [49, 42, 46, 30]], [15, []], [42, []], [34, []], [46, []], [30, []]], [[0, [2, 4, 3]], [1, [1, 5]], [2, []], [5, []], [3, []], [28, [28, 20, 24, 32]], [29, [29, 41, 38, 40]], [45, [45, 36, 37, 35]], [40, []], [48, [48, 43, 17]], [20, []], [36, []], [41, []], [38, []], [32, []], [37, []], [35, []], [4, []], [17, []], [43, []], [24, []]]], [[[11, [11, 12, 6, 10]]], [[1, [1, 5]]], [[12, [16, 13, 15]]], [[22, [22, 8, 7, 9]]], [[18, [18, 25, 19, 26]]], [[28, [28, 20, 24, 32]]], [[31, [31, 33, 23]]], [[29, [29, 41, 38, 40]]], [[45, [45, 36, 37, 35]]], [[48, [48, 43, 17]]], [[50, [50, 44, 21, 14]]], [[39, [39, 47, 27, 34]]], [[49, [49, 42, 46, 30]]]]]",,,48.96466797084707,0,13,3.6153846153846154,,,,,,(not found),
308,test_data/data_demand_random_50_batch_all1_equal_random/C201_1.dat,8,60,1,613.6815416922694,"[[[[0, [11, 12, 8, 9]], [11, []], [12, []], [18, [18, 10, 22, 23, 19, 25, 31, 26]], [10, []], [25, []], [31, []], [29, [29, 28, 33, 40, 34, 30, 21]], [22, []], [40, []], [48, [48, 50, 44, 45, 42, 46]], [45, []], [28, []], [33, []], [26, []], [23, []], [8, []], [19, []], [50, []], [44, []], [9, []], [21, []], [42, []], [34, []], [46, []], [30, []]], [[0, [4, 3, 6, 5, 2, 1]], [3, []], [6, []], [5, []], [2, []], [1, []], [20, [20, 24, 27, 17, 35, 37, 32, 15]], [41, [41, 36, 38]], [24, []], [4, []], [35, []], [17, [47, 49, 43, 39, 14, 13, 16, 7]], [43, []], [37, []], [38, []], [32, []], [14, []], [47, []], [39, []], [13, []], [16, []], [7, []], [49, []], [27, []], [15, []], [36, []]]], [[[18, [18, 10, 22, 23, 19, 25, 31, 26]]], [[20, [20, 24, 27, 17, 35, 37, 32, 15]]], [[29, [29, 28, 33, 40, 34, 30, 21]]], [[41, [41, 36, 38]]], [[48, [48, 50, 44, 45, 42, 46]]], [[17, [47, 49, 43, 39, 14, 13, 16, 7]]]]]",,,34.6990952401482,0,6,6.666666666666667,,,,,,(not found),
309,test_data/data_demand_random_50_batch_all1_equal_random/C201_1.dat,8,60,2,647.770329614269,"[[[[0, [4, 5, 6, 2]], [5, []], [6, []], [2, []], [30, [30, 34, 15]], [20, [20, 24, 17, 14, 13, 16, 7]], [36, [36, 41, 35]], [41, []], [24, []], [4, [47, 43, 37, 38, 32, 39]], [35, []], [17, []], [43, []], [37, []], [38, []], [32, [49, 27, 42, 46]], [14, []], [47, []], [39, []], [13, []], [16, []], [7, []], [49, []], [27, []], [15, []], [42, []], [34, []], [46, []]], [[0, [3, 9, 8, 26, 19, 21, 1]], [29, [29, 31, 12, 10, 18, 22, 11]], [31, [25]], [25, []], [11, []], [12, []], [10, []], [18, []], [48, [48, 45, 50, 44, 40, 33, 23, 28]], [22, []], [45, []], [40, []], [28, []], [33, []], [26, []], [23, []], [8, []], [19, []], [3, []], [50, []], [44, []], [9, []], [21, []], [1, []]]], [[[29, [29, 31, 12, 10, 18, 22, 11]]], [[31, [25]]], [[30, [30, 34, 15]]], [[20, [20, 24, 17, 14, 13, 16, 7]]], [[36, [36, 41, 35]]], [[48, [48, 45, 50, 44, 40, 33, 23, 28]]], [[4, [47, 43, 37, 38, 32, 39]]], [[32, [49, 27, 42, 46]]]]]",664.6619037896905,"[[[[0, [12, 4, 2, 1]], [12, []], [10, [10, 20, 13, 16, 17, 14]], [30, [30]], [20, [36, 24, 35, 37, 32, 27, 34]], [36, []], [24, []], [4, []], [35, []], [17, [43, 39, 47, 7, 38, 41, 49]], [43, []], [37, []], [38, []], [41, []], [32, []], [27, []], [39, []], [47, []], [14, []], [13, []], [16, []], [7, []], [49, []], [42, [42]], [2, []], [1, []], [34, []]], [[0, [5, 6, 3]], [3, []], [5, []], [6, []], [22, [22, 23, 8, 9, 11, 18, 15]], [29, [29, 25, 31, 28, 26, 19, 21]], [11, []], [25, []], [31, []], [45, [45, 40, 33, 48, 50, 44, 46]], [18, []], [48, []], [40, []], [28, []], [33, []], [26, []], [23, []], [8, []], [19, []], [50, []], [44, []], [9, []], [21, []], [15, []], [46, []]]], [[[10, [10, 20, 13, 16, 17, 14]]], [[22, [22, 23, 8, 9, 11, 18, 15]]], [[29, [29, 25, 31, 28, 26, 19, 21]], [30, [30]]], [[20, [36, 24, 35, 37, 32, 27, 34]]], [[45, [45, 40, 33, 48, 50, 44, 46]]], [[17, [43, 39, 47, 7, 38, 41, 49]]], [[42, [42]]]]]",33.67608235339716,0,8,4.875,38.76897677509652,1,7,6.142857142857143,,,
310,test_data/data_demand_random_50_batch_all1_equal_random/C201_1.dat,8,60,3,608.7630546142402,"[[[[0, [1, 2, 4, 3]], [2, [5, 6]], [6, []], [5, []], [3, []], [1, [17, 14, 13, 16, 7, 15]], [36, [36, 24, 35, 37, 32, 27, 20]], [41, [41]], [24, []], [4, []], [35, []], [17, [43, 38, 47, 39, 49]], [43, []], [37, []], [38, []], [32, []], [14, []], [47, []], [39, []], [13, []], [16, []], [7, []], [49, []], [27, []], [15, []], [20, []]], [[0, [11, 12, 10, 8, 9]], [11, []], [12, []], [10, [25, 18, 26, 23, 19, 21, 22]], [25, []], [29, [29, 31, 28, 34, 30, 40, 33]], [18, []], [31, []], [22, []], [45, [45, 50, 44, 42, 48]], [48, []], [40, []], [28, []], [33, []], [26, []], [23, []], [8, []], [19, []], [50, []], [44, []], [9, []], [21, []], [42, []], [34, []], [46, [46]], [30, []]]], [[[2, [5, 6]]], [[1, [17, 14, 13, 16, 7, 15]]], [[10, [25, 18, 26, 23, 19, 21, 22]]], [[36, [36, 24, 35, 37, 32, 27, 20]]], [[29, [29, 31, 28, 34, 30, 40, 33]]], [[41, [41]]], [[45, [45, 50, 44, 42, 48]]], [[17, [43, 38, 47, 39, 49]]], [[46, [46]]]]]",,,34.89016395880633,0,9,4.555555555555555,,,,,,(not found),
311,test_data/data_demand_random_50_batch_all1_equal_random/C201_1.dat,8,60,4,634.298221281347,"[[[[0, [6, 8, 9]], [10, [10, 12, 11]], [11, []], [29, [29, 25, 31, 22, 18, 26, 23, 19]], [12, []], [25, []], [31, []], [45, [45, 48, 40, 33, 44, 21, 15]], [22, []], [18, []], [48, []], [40, [50, 42, 34, 46, 30]], [6, []], [33, []], [26, []], [23, []], [8, []], [19, []], [50, []], [44, []], [9, []], [21, []], [15, []], [42, []], [34, []], [46, []], [30, []]], [[0, [1, 2, 3, 4]], [1, []], [2, [5]], [5, []], [3, []], [28, [28, 20, 24, 17, 14, 13, 16, 7]], [20, [27, 32, 36]], [36, []], [24, []], [37, [37, 35, 43, 39, 47, 49, 38, 41]], [17, []], [35, []], [4, []], [43, []], [14, []], [47, []], [39, []], [13, []], [16, []], [7, []], [49, []], [27, []], [32, []], [38, []], [41, []]]], [[[2, [5]]], [[10, [10, 12, 11]]], [[29, [29, 25, 31, 22, 18, 26, 23, 19]]], [[28, [28, 20, 24, 17, 14, 13, 16, 7]]], [[20, [27, 32, 36]]], [[37, [37, 35, 43, 39, 47, 49, 38, 41]]], [[45, [45, 48, 40, 33, 44, 21, 15]]], [[40, [50, 42, 34, 46, 30]]]]]",,,38.72179198926563,0,8,5.375,,,,,,(not found),
312,test_data/data_demand_random_50_batch_all1_equal_random/C201_1.dat,8,60,5,635.6619037896905,"[[[[0, [9]], [9, []], [20, [20, 15, 21, 27, 7, 4, 14, 13]], [36, [36, 34, 24, 35, 17, 16]], [24, []], [4, []], [35, []], [17, [43, 37, 38, 41, 32, 39]], [43, []], [37, []], [38, []], [41, []], [32, [47, 49]], [27, []], [14, []], [47, []], [39, []], [16, []], [13, []], [49, []], [7, []], [21, []], [15, []], [34, []]], [[0, [1, 3, 2]], [1, [5, 6]], [3, []], [5, []], [6, []], [18, [18, 11, 12, 10, 23, 8]], [22, [22, 29, 25, 31, 28, 26, 19, 30]], [29, []], [11, []], [12, []], [25, []], [10, []], [31, []], [48, [48, 40, 45, 50, 44, 33, 46, 42]], [40, []], [45, []], [28, []], [33, []], [26, []], [23, []], [8, []], [19, []], [50, []], [44, []], [42, []], [2, []], [46, []], [30, []]]], [[[20, [20, 15, 21, 27, 7, 4, 14, 13]]], [[1, [5, 6]]], [[18, [18, 11, 12, 10, 23, 8]]], [[22, [22, 29, 25, 31, 28, 26, 19, 30]]], [[36, [36, 34, 24, 35, 17, 16]]], [[17, [43, 37, 38, 41, 32, 39]]], [[48, [48, 40, 45, 50, 44, 33, 46, 42]]], [[32, [47, 49]]]]]",,,35.77563955456351,0,8,5.75,,,,,,(not found),
313,test_data/data_demand_random_50_batch_all1_equal_random/C201_1.dat,8,90,1,626.3553390593274,"[[[[0, [1, 2, 3]], [1, []], [2, []], [3, []], [9, [9, 16, 7, 8, 15, 13, 14]], [16, []], [7, []], [21, [21, 23, 19, 26, 27, 32]], [28, [28, 33, 34, 39, 38, 41]], [33, []], [26, []], [23, []], [8, []], [19, []], [50, [50, 44, 42, 46, 49, 47]], [44, []], [42, []], [46, []], [34, []], [15, []], [27, []], [49, []], [13, []], [39, []], [47, []], [14, []], [32, []], [38, []], [41, []]], [[0, [4]], [5, [5, 6, 11]], [6, []], [18, [18, 12, 10, 22, 20, 17]], [11, []], [12, []], [25, [25, 31, 29, 30, 36, 35, 37, 24]], [10, []], [31, []], [22, []], [48, [48, 40, 45, 43]], [40, []], [45, []], [29, []], [30, []], [20, []], [36, []], [4, []], [35, []], [17, []], [43, []], [37, []], [24, []]]], [[[5, [5, 6, 11]]], [[9, [9, 16, 7, 8, 15, 13, 14]]], [[18, [18, 12, 10, 22, 20, 17]]], [[21, [21, 23, 19, 26, 27, 32]]], [[25, [25, 31, 29, 30, 36, 35, 37, 24]]], [[28, [28, 33, 34, 39, 38, 41]]], [[48, [48, 40, 45, 43]]], [[50, [50, 44, 42, 46, 49, 47]]]]]",,,58.12005372420725,0,8,5.75,,,,,,(not found),
314,test_data/data_demand_random_50_batch_all1_equal_random/C201_1.dat,8,90,2,597.0788655293195,"[[[[0, [4, 3, 1, 2]], [1, []], [2, []], [3, []], [9, [9, 15, 14, 13, 16, 7, 17]], [21, [21, 20]], [15, []], [20, []], [36, [36, 41, 38, 39, 32, 27, 37, 24]], [41, []], [38, []], [32, []], [14, [43, 47, 49, 35]], [47, []], [39, []], [13, []], [16, []], [7, []], [49, []], [27, []], [43, []], [17, []], [35, []], [4, []], [37, []], [24, []]], [[0, []], [12, [12, 11, 10]], [11, []], [29, [29, 18, 22, 6]], [10, []], [25, [25, 31, 23, 8]], [31, []], [18, []], [48, [48, 45, 40, 19, 28, 30, 26]], [22, []], [45, []], [40, []], [28, []], [26, []], [33, [33, 5, 50, 44, 42, 34, 46]], [6, []], [5, []], [23, []], [8, []], [19, []], [50, []], [44, []], [42, []], [34, []], [46, []], [30, []]]], [[[9, [9, 15, 14, 13, 16, 7, 17]]], [[12, [12, 11, 10]]], [[21, [21, 20]]], [[29, [29, 18, 22, 6]]], [[25, [25, 31, 23, 8]]], [[36, [36, 41, 38, 39, 32, 27, 37, 24]]], [[14, [43, 47, 49, 35]]], [[48, [48, 45, 40, 19, 28, 30, 26]]], [[33, [33, 5, 50, 44, 42, 34, 46]]]]]",643.0483493925201,"[[[[0, [1]], [1, []], [6, [6]], [22, [22, 10, 23, 19, 8, 11, 12, 18]], [10, []], [11, []], [12, []], [25, [25, 31, 29, 28, 33, 26, 30, 34]], [31, []], [18, []], [29, []], [48, [48, 45, 40, 50, 44, 42, 46, 20]], [45, []], [40, []], [28, []], [33, []], [26, []], [23, []], [8, []], [19, []], [50, []], [44, []], [42, []], [34, []], [46, []], [30, []], [20, []], [38, [38]]], [[0, [3, 2]], [2, []], [3, []], [5, [5, 9, 7, 4]], [9, [16, 14, 21, 15]], [21, []], [41, [41, 39, 27, 35, 36, 32, 37, 24]], [15, []], [27, []], [14, []], [47, [47, 13, 49, 17, 43]], [39, []], [13, []], [16, []], [7, []], [49, []], [32, []], [37, []], [4, []], [35, []], [17, []], [43, []], [24, []], [36, []]]], [[[6, [6]], [5, [5, 9, 7, 4]]], [[22, [22, 10, 23, 19, 8, 11, 12, 18]]], [[9, [16, 14, 21, 15]]], [[25, [25, 31, 29, 28, 33, 26, 30, 34]]], [[41, [41, 39, 27, 35, 36, 32, 37, 24]]], [[48, [48, 45, 40, 50, 44, 42, 46, 20]]], [[47, [47, 13, 49, 17, 43]]], [[38, [38]]]]]",53.21092308060507,0,9,5.111111111111111,53.79193371742769,1,8,5.875,,,
315,test_data/data_demand_random_50_batch_all1_equal_random/C201_1.dat,8,90,3,625.0483493925201,"[[[[0, [4]], [11, [11, 12, 10]], [12, []], [25, [25, 17, 7, 16, 13, 14]], [10, []], [29, [35, 27, 29, 24, 37, 32, 36]], [24, []], [37, []], [4, []], [35, []], [17, []], [43, [43, 49, 39, 47, 38, 41]], [27, []], [49, []], [7, []], [16, []], [13, []], [39, []], [47, []], [14, []], [32, []], [38, []], [41, []], [36, []]], [[0, [2]], [1, [1, 3]], [2, [9, 8, 5, 6]], [9, []], [3, []], [23, [23, 19, 18, 21, 15, 20]], [19, []], [8, []], [5, []], [6, []], [22, [22, 31, 30, 28, 26]], [31, []], [40, [40, 33, 44, 42]], [18, []], [48, [48, 45, 46, 34, 50]], [45, []], [30, []], [46, []], [34, []], [42, []], [28, []], [33, []], [26, []], [50, []], [44, []], [21, []], [15, []], [20, []]]], [[[1, [1, 3]]], [[2, [9, 8, 5, 6]]], [[11, [11, 12, 10]]], [[23, [23, 19, 18, 21, 15, 20]]], [[25, [25, 17, 7, 16, 13, 14]]], [[22, [22, 31, 30, 28, 26]]], [[29, [35, 27, 29, 24, 37, 32, 36]]], [[40, [40, 33, 44, 42]]], [[48, [48, 45, 46, 34, 50]]], [[43, [43, 49, 39, 47, 38, 41]]]]]",,,46.71226096617355,0,10,4.8,,,,,,(not found),
316,test_data/data_demand_random_50_batch_all1_equal_random/C201_1.dat,8,90,4,587.3284080001688,"[[[[0, []], [11, [11, 12, 6, 5, 8, 10]], [10, []], [12, []], [25, [25, 26, 23, 19, 20, 22, 18]], [28, [28, 33, 34, 30, 29]], [26, []], [33, []], [6, []], [5, []], [23, []], [8, []], [19, []], [50, [50, 44, 42, 46, 45, 48, 40, 31]], [44, []], [42, []], [34, []], [46, []], [20, []], [30, []], [45, []], [40, []], [31, []], [18, []], [48, []], [22, []], [29, []]], [[0, [3]], [1, [1, 2, 9, 4, 7]], [2, []], [3, []], [9, []], [21, [21, 15, 17]], [15, []], [4, []], [35, [35, 24, 14, 13, 16, 27]], [17, []], [43, [43, 37, 41, 38, 32, 39, 36]], [37, []], [24, []], [41, []], [38, []], [32, []], [14, []], [47, [47, 49]], [39, []], [13, []], [16, []], [7, []], [49, []], [27, []], [36, []]]], [[[11, [11, 12, 6, 5, 8, 10]]], [[1, [1, 2, 9, 4, 7]]], [[21, [21, 15, 17]]], [[25, [25, 26, 23, 19, 20, 22, 18]]], [[35, [35, 24, 14, 13, 16, 27]]], [[28, [28, 33, 34, 30, 29]]], [[43, [43, 37, 41, 38, 32, 39, 36]]], [[50, [50, 44, 42, 46, 45, 48, 40, 31]]], [[47, [47, 49]]]]]",677.313207915828,"[[[[0, []], [11, [11, 9, 7, 14, 10, 16, 12, 18]], [18, []], [22, [22, 21, 13, 15]], [29, [29, 25, 31, 27, 30]], [10, []], [12, []], [25, []], [31, []], [48, [48, 45, 33, 44, 50, 47]], [45, [39, 42, 49]], [33, []], [50, []], [44, []], [9, []], [21, []], [49, []], [7, []], [16, []], [13, []], [39, []], [14, []], [47, []], [27, []], [15, []], [42, []], [30, []]], [[0, [3, 4, 1]], [1, []], [2, [2, 5, 6, 8]], [3, []], [5, []], [6, []], [8, []], [19, [19, 23, 26, 24, 17, 20]], [23, []], [26, []], [28, [28, 32]], [40, [40, 37, 35, 38, 41, 36]], [32, []], [24, []], [37, []], [17, []], [4, []], [35, []], [43, [43, 34, 46]], [38, []], [41, []], [36, []], [46, []], [34, []], [20, []]]], [[[2, [2, 5, 6, 8]]], [[19, [19, 23, 26, 24, 17, 20]]], [[11, [11, 9, 7, 14, 10, 16, 12, 18]]], [[22, [22, 21, 13, 15]]], [[29, [29, 25, 31, 27, 30]], [28, [28, 32]]], [[40, [40, 37, 35, 38, 41, 36]]], [[48, [48, 45, 33, 44, 50, 47]]], [[45, [39, 42, 49]]], [[43, [43, 34, 46]]]]]",58.7635565409316,0,9,5.444444444444445,49.7493459117874,1,9,5.222222222222222,,,
317,test_data/data_demand_random_50_batch_all1_equal_random/C201_1.dat,8,90,5,614.0483493925201,"[[[[0, [3, 2, 4, 1]], [2, []], [3, []], [5, [5, 6]], [6, []], [1, [17, 14, 13, 16, 7]], [17, [35, 37, 24, 27, 32, 36]], [35, []], [4, []], [43, [43, 47, 39, 49, 38, 41]], [37, []], [24, []], [14, []], [47, []], [39, []], [13, []], [16, []], [7, []], [49, []], [27, []], [32, []], [38, []], [41, []], [36, []]], [[0, []], [11, [11, 12, 10, 18]], [12, []], [25, [25, 8, 20, 15, 21, 9]], [10, []], [18, []], [30, [30, 34, 19, 23, 26, 28, 31, 22]], [20, []], [46, [46, 42, 44, 29]], [34, []], [42, []], [15, [50, 33, 40, 45, 48]], [21, []], [9, []], [44, []], [50, []], [19, []], [8, []], [23, []], [26, []], [33, []], [28, []], [40, []], [45, []], [31, []], [48, []], [22, []], [29, []]]], [[[11, [11, 12, 10, 18]]], [[5, [5, 6]]], [[25, [25, 8, 20, 15, 21, 9]]], [[1, [17, 14, 13, 16, 7]]], [[30, [30, 34, 19, 23, 26, 28, 31, 22]]], [[17, [35, 37, 24, 27, 32, 36]]], [[46, [46, 42, 44, 29]]], [[15, [50, 33, 40, 45, 48]]], [[43, [43, 47, 39, 49, 38, 41]]]]]",687.6155281280883,"[[[[0, [2, 3]], [2, []], [18, [18, 10, 15, 12, 11, 16, 13]], [10, []], [12, []], [11, []], [25, [25, 31, 27, 7, 9]], [31, []], [46, [46]], [42, [42, 49, 21, 19, 22, 29]], [15, []], [27, []], [16, []], [13, []], [49, []], [7, []], [21, []], [9, []], [44, [44, 50, 33, 40, 45]], [19, []], [50, []], [3, []], [33, []], [40, []], [48, [48]], [22, []], [45, []], [29, []]], [[0, []], [5, [5, 6, 8, 17, 14, 4, 1]], [6, []], [26, [26, 23, 28, 24, 32, 20, 30]], [23, []], [8, []], [28, []], [34, [34, 36, 35, 43, 37, 38, 41]], [20, []], [36, []], [41, []], [24, []], [4, []], [35, []], [17, []], [43, []], [37, []], [38, []], [32, []], [47, [47, 39]], [39, []], [14, []], [1, []], [30, []]]], [[[18, [18, 10, 15, 12, 11, 16, 13]]], [[5, [5, 6, 8, 17, 14, 4, 1]]], [[26, [26, 23, 28, 24, 32, 20, 30]]], [[25, [25, 31, 27, 7, 9]]], [[46, [46]], [34, [34, 36, 35, 43, 37, 38, 41]]], [[42, [42, 49, 21, 19, 22, 29]]], [[47, [47, 39]]], [[44, [44, 50, 33, 40, 45]]], [[48, [48]]]]]",48.01386130542493,0,9,5.111111111111111,57.18817038181718,1,9,5.333333333333333,,,
318,test_data/data_demand_random_50_batch_all1_equal_random/C201_1.dat,8,120,1,612.3573373083088,"[[[[0, [2]], [18, [18, 10, 11, 12]], [11, []], [12, []], [25, [25, 29, 30, 26, 22, 20, 31]], [10, []], [29, [33, 28, 34, 40, 36]], [22, []], [31, []], [40, []], [48, [48, 45, 46, 42, 44, 50]], [45, []], [30, []], [46, []], [42, []], [44, []], [50, []], [26, []], [33, []], [28, []], [2, []], [34, []], [20, []], [36, []]], [[0, [3, 1, 4]], [1, []], [5, [5, 6, 8, 9, 15, 14, 13]], [6, []], [23, [23, 19, 21]], [8, []], [19, []], [3, []], [9, []], [21, []], [15, [38, 37, 35, 24, 27, 16, 7, 17]], [27, []], [14, []], [47, [47, 39, 49, 32, 43, 41]], [39, []], [13, []], [16, []], [7, []], [49, []], [32, []], [41, []], [38, []], [37, []], [43, []], [17, []], [35, []], [4, []], [24, []]]], [[[5, [5, 6, 8, 9, 15, 14, 13]]], [[18, [18, 10, 11, 12]]], [[23, [23, 19, 21]]], [[25, [25, 29, 30, 26, 22, 20, 31]]], [[29, [33, 28, 34, 40, 36]]], [[15, [38, 37, 35, 24, 27, 16, 7, 17]]], [[47, [47, 39, 49, 32, 43, 41]]], [[48, [48, 45, 46, 42, 44, 50]]]]]",,,55.156646504719106,0,8,5.75,,,,,,(not found),
319,test_data/data_demand_random_50_batch_all1_equal_random/C201_1.dat,8,120,2,602.6619037896905,"[[[[0, [1, 2]], [1, []], [2, []], [15, [15, 9, 7, 16, 13, 17, 4, 14]], [9, []], [36, [36, 21, 32, 27, 24]], [21, []], [7, []], [16, []], [13, []], [14, []], [47, [47, 39, 49, 35, 43, 38, 41, 37]], [39, []], [49, []], [27, []], [32, []], [38, []], [41, []], [4, []], [35, []], [17, []], [43, []], [37, []], [24, []]], [[0, [3]], [11, [11, 10, 12]], [10, []], [12, [19, 8, 5, 6, 18]], [25, [25, 22, 20, 23, 26]], [22, []], [20, [30, 40, 28, 31, 33, 29]], [30, []], [46, [46, 34, 44, 45, 42]], [34, []], [42, []], [44, []], [3, []], [50, [50, 48]], [19, []], [8, []], [23, []], [5, []], [6, []], [26, []], [33, []], [28, []], [40, []], [45, []], [31, []], [48, []], [18, []], [29, []]]], [[[15, [15, 9, 7, 16, 13, 17, 4, 14]]], [[11, [11, 10, 12]]], [[12, [19, 8, 5, 6, 18]]], [[25, [25, 22, 20, 23, 26]]], [[36, [36, 21, 32, 27, 24]]], [[20, [30, 40, 28, 31, 33, 29]]], [[46, [46, 34, 44, 45, 42]]], [[47, [47, 39, 49, 35, 43, 38, 41, 37]]], [[50, [50, 48]]]]]",,,50.80687287631839,0,9,5.222222222222222,,,,,,(not found),
320,test_data/data_demand_random_50_batch_all1_equal_random/C201_1.dat,8,120,3,624.3132079158279,"[[[[0, [4, 1, 3, 2]], [2, []], [3, []], [5, [5, 6]], [6, []], [34, [34, 30, 20, 17, 24]], [1, []], [40, [40, 31, 42, 36, 41, 35, 43, 37]], [31, []], [48, [48, 45, 46]], [45, []], [30, []], [46, []], [42, []], [20, []], [36, []], [41, []], [4, []], [35, []], [17, []], [43, []], [37, []], [24, []]], [[0, []], [11, [11, 15, 7, 16, 13, 14]], [12, [12, 10, 18, 22, 19, 21]], [25, [25, 23, 8, 9]], [10, []], [18, []], [22, []], [29, [29, 33, 28, 26, 27, 32]], [28, []], [33, []], [26, []], [23, []], [8, []], [19, []], [50, [50, 44, 49, 39, 47, 38]], [44, []], [9, []], [21, []], [15, []], [27, []], [49, []], [7, []], [16, []], [13, []], [39, []], [47, []], [14, []], [32, []], [38, []]]], [[[5, [5, 6]]], [[11, [11, 15, 7, 16, 13, 14]]], [[12, [12, 10, 18, 22, 19, 21]]], [[25, [25, 23, 8, 9]]], [[34, [34, 30, 20, 17, 24]]], [[29, [29, 33, 28, 26, 27, 32]]], [[40, [40, 31, 42, 36, 41, 35, 43, 37]]], [[48, [48, 45, 46]]], [[50, [50, 44, 49, 39, 47, 38]]]]]",652.3132079158279,"[[[[0, [3]], [3, []], [8, [8, 5, 6, 9, 15, 7, 16, 13]], [5, []], [6, []], [28, [28, 26, 23, 19, 21, 27, 14, 20]], [40, [40]], [33, [33, 44, 39, 32, 30]], [26, []], [23, []], [19, []], [50, [50, 49, 47]], [44, []], [9, []], [21, []], [15, []], [27, []], [49, []], [7, []], [16, []], [13, []], [39, []], [47, []], [14, []], [32, []], [20, []], [30, []]], [[0, [1, 2]], [1, []], [2, []], [18, [18, 10, 11, 12, 17, 4]], [10, []], [11, []], [12, []], [25, [25, 31]], [31, []], [29, [29, 22, 36, 37, 35, 24, 34]], [22, []], [45, [45]], [48, [48, 41, 38, 43, 42, 46]], [36, []], [41, []], [38, []], [37, []], [43, []], [17, []], [35, []], [4, []], [24, []], [42, []], [34, []], [46, []]]], [[[8, [8, 5, 6, 9, 15, 7, 16, 13]]], [[18, [18, 10, 11, 12, 17, 4]]], [[28, [28, 26, 23, 19, 21, 27, 14, 20]]], [[25, [25, 31]]], [[40, [40]]], [[29, [29, 22, 36, 37, 35, 24, 34]]], [[45, [45]], [33, [33, 44, 39, 32, 30]]], [[48, [48, 41, 38, 43, 42, 46]]], [[50, [50, 49, 47]]]]]",52.84093848168548,0,9,5.111111111111111,53.25212983717027,1,9,5.222222222222222,,,
321,test_data/data_demand_random_50_batch_all1_equal_random/C201_1.dat,8,120,4,583.3606797749978,"[[[[0, []], [11, [11, 12, 10, 18, 6, 5, 8]], [12, []], [10, []], [18, []], [31, [31, 26, 23, 19, 30, 29, 25, 22]], [25, []], [40, [40, 28, 33, 34]], [28, []], [26, []], [33, []], [6, []], [5, []], [23, []], [8, []], [19, []], [50, [50, 44, 42, 46, 45, 48]], [44, []], [42, []], [34, []], [46, []], [30, []], [45, []], [22, []], [48, []], [29, []]], [[0, []], [1, [1, 9, 2, 3, 4, 7, 13]], [2, []], [3, []], [9, []], [21, [21, 15, 17, 14, 16, 20]], [15, []], [24, [24, 37, 35, 36, 32, 27]], [37, []], [4, []], [35, []], [17, []], [43, [43, 38, 41, 47, 39, 49]], [27, []], [49, []], [7, []], [16, []], [13, []], [39, []], [47, []], [14, []], [32, []], [38, []], [41, []], [36, []], [20, []]]], [[[1, [1, 9, 2, 3, 4, 7, 13]]], [[11, [11, 12, 10, 18, 6, 5, 8]]], [[21, [21, 15, 17, 14, 16, 20]]], [[31, [31, 26, 23, 19, 30, 29, 25, 22]]], [[24, [24, 37, 35, 36, 32, 27]]], [[40, [40, 28, 33, 34]]], [[43, [43, 38, 41, 47, 39, 49]]], [[50, [50, 44, 42, 46, 45, 48]]]]]",702.3553390593274,"[[[[0, [3, 1, 2]], [1, []], [2, []], [6, [6, 5, 9, 8]], [5, []], [3, []], [8, []], [23, [23, 21, 26, 19, 32, 20, 30, 31]], [26, []], [19, []], [44, [44, 45, 40, 25, 22, 29]], [50, [50, 48, 36, 46, 42]], [9, []], [21, []], [32, []], [36, []], [20, []], [42, []], [46, []], [30, []], [45, []], [40, []], [31, []], [25, []], [48, []], [22, []], [29, []]], [[0, [4]], [11, [11, 7, 12, 10]], [12, []], [10, []], [18, [18, 27, 15, 24, 16, 14, 13, 17]], [33, [33, 28, 34]], [28, []], [34, []], [27, []], [15, []], [7, []], [16, []], [14, []], [47, [47, 49, 43, 39, 38, 41, 35, 37]], [39, []], [13, []], [49, []], [38, []], [41, []], [4, []], [35, []], [17, []], [43, []], [37, []], [24, []]]], [[[11, [11, 7, 12, 10]], [6, [6, 5, 9, 8]]], [[18, [18, 27, 15, 24, 16, 14, 13, 17]]], [[23, [23, 21, 26, 19, 32, 20, 30, 31]]], [[33, [33, 28, 34]]], [[44, [44, 45, 40, 25, 22, 29]]], [[50, [50, 48, 36, 46, 42]]], [[47, [47, 49, 43, 39, 38, 41, 35, 37]]]]]",49.99003674298031,0,8,6.25,72.39363042984654,1,7,6.571428571428571,,,
322,test_data/data_demand_random_50_batch_all1_equal_random/C201_1.dat,8,120,5,593.0,"[[[[0, [2]], [2, []], [12, [12, 10, 18, 6, 8, 11]], [11, []], [25, [25, 31, 29, 28, 26, 23, 19, 22]], [31, []], [10, []], [18, []], [29, []], [45, [45, 48, 40, 33, 44, 42, 46]], [22, []], [48, []], [40, []], [28, []], [6, []], [33, []], [26, []], [23, []], [8, []], [19, []], [50, [50, 34]], [44, []], [42, []], [34, []], [46, []]], [[0, [3, 4, 1]], [1, []], [5, [5, 9]], [3, []], [9, []], [21, [21, 15, 17, 7, 16, 13, 14]], [15, []], [24, [24, 27, 37, 30, 20]], [37, []], [4, []], [35, [35, 43, 39, 38, 41, 36]], [17, []], [43, []], [27, []], [49, [49, 47, 32]], [7, []], [16, []], [13, []], [39, []], [47, []], [14, []], [32, []], [38, []], [41, []], [36, []], [20, []], [30, []]]], [[[5, [5, 9]]], [[12, [12, 10, 18, 6, 8, 11]]], [[21, [21, 15, 17, 7, 16, 13, 14]]], [[25, [25, 31, 29, 28, 26, 23, 19, 22]]], [[24, [24, 27, 37, 30, 20]]], [[45, [45, 48, 40, 33, 44, 42, 46]]], [[35, [35, 43, 39, 38, 41, 36]]], [[49, [49, 47, 32]]], [[50, [50, 34]]]]]",731.8985274552516,"[[[[0, [4]], [10, [10, 12]], [12, []], [18, [22, 14, 13, 16, 7, 18]], [22, []], [36, [36]], [41, [41, 27, 21, 15, 32, 17, 24]], [27, []], [14, []], [47, [47, 39, 38, 37, 43, 35]], [39, []], [13, []], [16, []], [49, [49]], [7, []], [21, []], [15, []], [32, []], [38, []], [37, []], [43, []], [17, []], [35, []], [4, []], [24, []]], [[0, [3, 2, 1]], [1, []], [2, []], [3, []], [5, [5, 6, 11, 8, 9]], [6, []], [29, [29, 26, 23, 19, 20, 31]], [25, [25, 28, 33, 34, 30]], [11, []], [48, [48, 40, 45, 50, 44, 42, 46]], [31, []], [40, []], [45, []], [28, []], [33, []], [26, []], [23, []], [8, []], [19, []], [50, []], [44, []], [9, []], [42, []], [34, []], [46, []], [20, []], [30, []]]], [[[10, [10, 12]]], [[5, [5, 6, 11, 8, 9]]], [[18, [22, 14, 13, 16, 7, 18]]], [[29, [29, 26, 23, 19, 20, 31]]], [[25, [25, 28, 33, 34, 30]]], [[36, [36]]], [[41, [41, 27, 21, 15, 32, 17, 24]]], [[47, [47, 39, 38, 37, 43, 35]]], [[49, [49]], [48, [48, 40, 45, 50, 44, 42, 46]]]]]",58.3980661478313,0,9,5.111111111111111,53.588739342603255,1,9,5.111111111111111,,,
323,test_data/data_demand_random_50_batch_all1_equal_cluster/C201_2.5.dat,4,60,1,1425.6619037896908,"[[[[0, [3, 8, 11, 24, 23, 10, 26, 25, 27, 14, 44, 41, 38, 36, 40, 45, 46, 2]], [7, [7, 12]], [12, [9]], [9, []], [3, [49, 50, 39, 37]], [2, []], [8, []], [11, []], [24, []], [23, []], [10, []], [26, []], [25, []], [27, []], [14, []], [44, []], [41, []], [38, []], [36, []], [40, []], [45, []], [46, []], [49, []], [50, []], [39, []], [37, []]], [[0, [4, 6, 13, 16, 20, 19, 22, 21, 28, 30, 31, 32, 33, 18, 17, 29, 34, 35]], [4, [5, 1]], [6, []], [5, []], [1, []], [13, [48, 47, 43, 42]], [16, []], [20, []], [19, []], [22, []], [21, []], [28, []], [43, []], [42, []], [30, []], [31, []], [32, []], [33, []], [18, []], [17, []], [15, [15]], [29, []], [34, []], [35, []], [48, []], [47, []]]], [[[4, [5, 1]]], [[7, [7, 12]]], [[13, [48, 47, 43, 42]]], [[12, [9]]], [[15, [15]]], [[3, [49, 50, 39, 37]]]]]",,,31.224403520607137,0,6,2.3333333333333335,,,,,,(not found),
324,test_data/data_demand_random_50_batch_all1_equal_cluster/C201_2.5.dat,4,60,2,974.2982212813471,"[[[[0, [6, 2, 5]], [18, [18, 21, 20, 22]], [21, []], [20, []], [22, [19, 17, 15, 16]], [19, []], [17, [13]], [15, [31, 33, 34, 32]], [31, []], [33, []], [34, []], [32, []], [6, [30, 35]], [2, []], [5, [44, 43, 42, 29]], [44, []], [43, []], [42, []], [29, [48, 47]], [30, []], [35, []], [48, []], [47, []], [16, []], [13, []]], [[0, [3, 4, 1]], [12, [12, 7, 9]], [7, []], [9, []], [8, [8, 11, 10, 14]], [11, []], [14, []], [10, [25, 27, 26, 24]], [25, []], [27, []], [26, []], [24, []], [23, [23, 28]], [3, [38, 36]], [4, []], [28, [40, 41, 39, 37]], [38, []], [36, [45, 46, 49, 50]], [40, []], [41, []], [45, []], [46, []], [49, []], [50, []], [39, []], [37, []], [1, []]]], [[[12, [12, 7, 9]]], [[8, [8, 11, 10, 14]]], [[18, [18, 21, 20, 22]]], [[22, [19, 17, 15, 16]]], [[10, [25, 27, 26, 24]]], [[17, [13]]], [[15, [31, 33, 34, 32]]], [[6, [30, 35]]], [[23, [23, 28]]], [[3, [38, 36]]], [[28, [40, 41, 39, 37]]], [[5, [44, 43, 42, 29]]], [[36, [45, 46, 49, 50]]], [[29, [48, 47]]]]]",,,40.9776067307685,0,14,3.142857142857143,,,,,,(not found),
325,test_data/data_demand_random_50_batch_all1_equal_cluster/C201_2.5.dat,4,60,3,962.2982212813471,"[[[[0, [6, 1]], [1, []], [16, [16, 15]], [15, []], [13, [13, 18, 19, 20]], [18, []], [19, []], [20, [21, 22, 17]], [21, []], [22, []], [17, [33, 34, 31, 32]], [33, []], [34, []], [31, []], [32, []], [28, [28, 41, 38, 37]], [6, [44, 36, 39, 46]], [44, []], [41, []], [38, []], [37, []], [36, [50, 49, 45, 40]], [39, []], [50, []], [49, []], [46, []], [45, []], [40, []]], [[0, [11, 2, 4, 3, 5]], [11, []], [9, [9, 14]], [14, []], [7, [7, 8, 12, 10]], [2, []], [8, []], [12, [27, 24, 26, 25]], [27, []], [24, []], [26, []], [25, []], [23, [23, 29, 30, 35]], [10, []], [4, [43, 42]], [5, []], [43, []], [42, []], [29, [48, 47]], [30, []], [48, []], [35, []], [47, []], [3, []]]], [[[9, [9, 14]]], [[7, [7, 8, 12, 10]]], [[16, [16, 15]]], [[13, [13, 18, 19, 20]]], [[20, [21, 22, 17]]], [[12, [27, 24, 26, 25]]], [[23, [23, 29, 30, 35]]], [[17, [33, 34, 31, 32]]], [[4, [43, 42]]], [[28, [28, 41, 38, 37]]], [[6, [44, 36, 39, 46]]], [[29, [48, 47]]], [[36, [50, 49, 45, 40]]]]]",,,39.851460809346236,0,13,3.3076923076923075,,,,,,(not found),
326,test_data/data_demand_random_50_batch_all1_equal_cluster/C201_2.5.dat,4,60,4,1103.0,"[[[[0, [11, 8, 27, 26, 24, 25, 1, 5, 6, 2]], [7, [7, 12, 9, 14]], [14, []], [2, []], [28, [28]], [1, []], [11, []], [8, [37, 38, 40, 36]], [10, [10]], [27, []], [26, []], [24, [45, 23]], [25, []], [12, []], [9, []], [23, [46, 41, 39]], [5, []], [6, [49, 50]], [46, []], [45, []], [49, []], [41, []], [50, []], [39, []], [37, []], [38, []], [40, []], [36, []]], [[0, [15, 16, 18, 20, 21, 22, 30, 31, 33, 32, 29, 17, 19, 4, 3]], [17, []], [15, []], [16, []], [18, []], [20, []], [21, []], [22, []], [19, []], [30, []], [31, []], [33, []], [32, []], [29, [43, 42, 44, 13]], [42, []], [44, []], [43, []], [13, [47, 48, 35, 34]], [47, []], [48, []], [35, []], [34, []], [4, []], [3, []]]], [[[7, [7, 12, 9, 14]]], [[28, [28]]], [[8, [37, 38, 40, 36]]], [[10, [10]]], [[29, [43, 42, 44, 13]]], [[24, [45, 23]]], [[23, [46, 41, 39]]], [[13, [47, 48, 35, 34]]], [[6, [49, 50]]]]]",,,38.711705352195025,0,9,2.7777777777777777,,,,,,(not found),
327,test_data/data_demand_random_50_batch_all1_equal_cluster/C201_2.5.dat,4,60,5,1500.0,"[[[[0, [7, 22, 20, 21, 19, 18, 3, 2, 15, 16, 31, 30, 32, 33, 6, 44, 43, 42, 29, 34, 35, 48, 47, 28]], [7, []], [22, []], [20, []], [21, []], [19, []], [18, []], [3, []], [2, []], [15, []], [16, []], [31, []], [30, []], [32, []], [33, []], [6, []], [44, []], [43, []], [42, []], [29, []], [34, []], [35, []], [48, []], [47, []], [28, []]], [[0, [1, 12, 10, 13, 17, 24, 26, 25, 27, 23, 8, 9, 11, 14, 4, 38, 36, 37, 39, 50, 49, 46, 45, 41, 40, 5]], [1, []], [12, []], [10, []], [13, []], [17, []], [24, []], [26, []], [25, []], [27, []], [23, []], [8, []], [9, []], [11, []], [14, []], [4, []], [38, []], [36, []], [37, []], [39, []], [50, []], [49, []], [46, []], [45, []], [41, []], [40, []], [5, []]]], []]",,,0.0,0,0,0.0,,,,,,(not found),
328,test_data/data_demand_random_50_batch_all1_equal_cluster/C201_2.5.dat,4,90,1,931.0788655293195,"[[[[0, [2]], [12, [12, 11]], [11, []], [14, [14, 15]], [2, []], [15, []], [22, [22]], [24, [24, 26, 27]], [26, []], [27, [25, 23]], [25, []], [23, []], [36, [36, 38, 39, 37]], [38, []], [39, []], [37, []], [43, [43, 44, 45, 46]], [44, []], [45, []], [46, []], [50, [50, 49, 41, 40]], [49, []], [41, []], [40, []]], [[0, [5, 3, 4, 1, 6]], [4, []], [1, []], [6, []], [5, []], [10, [10, 8, 7]], [8, []], [7, []], [9, [9, 13, 17, 16]], [3, []], [13, []], [17, []], [16, []], [21, [21, 20, 19, 18]], [20, []], [19, []], [18, []], [28, [28, 31, 30, 32]], [30, []], [32, []], [31, []], [35, [35, 34, 33, 29]], [34, []], [42, [42]], [33, []], [47, [47, 48]], [48, []], [29, []]]], [[[10, [10, 8, 7]]], [[12, [12, 11]]], [[14, [14, 15]]], [[9, [9, 13, 17, 16]]], [[21, [21, 20, 19, 18]]], [[22, [22]]], [[24, [24, 26, 27]]], [[28, [28, 31, 30, 32]]], [[27, [25, 23]]], [[35, [35, 34, 33, 29]]], [[36, [36, 38, 39, 37]]], [[42, [42]]], [[43, [43, 44, 45, 46]]], [[50, [50, 49, 41, 40]]], [[47, [47, 48]]]]]",,,55.10036295653029,0,15,2.933333333333333,,,,,,(not found),
329,test_data/data_demand_random_50_batch_all1_equal_cluster/C201_2.5.dat,4,90,2,931.0788655293195,"[[[[0, [3]], [3, []], [9, [9, 11, 14, 13]], [11, []], [14, []], [13, []], [17, [17, 19, 20, 22]], [19, []], [20, []], [22, []], [21, [21, 18, 16, 15]], [18, []], [16, []], [15, []], [36, [36, 37, 39, 38]], [37, []], [39, []], [38, []], [44, [44, 42, 33, 35]], [42, []], [33, []], [35, []], [48, [48, 47]], [47, []]], [[0, [8, 10, 1, 2, 5, 6, 4]], [7, [7, 12]], [8, []], [10, []], [1, []], [2, []], [5, []], [6, []], [4, []], [12, []], [27, [27, 26, 25, 24]], [26, []], [25, []], [24, []], [23, [23, 29, 28, 30]], [29, []], [28, []], [30, []], [34, [34, 31, 32, 40]], [31, []], [32, []], [43, [43, 41, 45, 46]], [40, []], [41, []], [45, []], [46, []], [50, [50, 49]], [49, []]]], [[[9, [9, 11, 14, 13]]], [[7, [7, 12]]], [[17, [17, 19, 20, 22]]], [[21, [21, 18, 16, 15]]], [[27, [27, 26, 25, 24]]], [[23, [23, 29, 28, 30]]], [[34, [34, 31, 32, 40]]], [[36, [36, 37, 39, 38]]], [[44, [44, 42, 33, 35]]], [[43, [43, 41, 45, 46]]], [[50, [50, 49]]], [[48, [48, 47]]]]]",,,56.24142343802942,0,12,3.5,,,,,,(not found),
330,test_data/data_demand_random_50_batch_all1_equal_cluster/C201_2.5.dat,4,90,3,931.0788655293195,"[[[[0, [6, 4, 3, 2, 5]], [3, []], [6, []], [4, []], [14, [14, 16, 13, 7]], [16, []], [13, []], [2, []], [5, []], [7, []], [24, [24, 25, 27, 26]], [25, []], [27, []], [26, []], [10, [10, 9]], [9, []], [23, [23, 34, 35, 30]], [36, [36, 39, 37, 40]], [39, []], [37, []], [40, []], [43, [43, 42, 28]], [42, []], [34, []], [35, []], [47, [47, 48]], [48, []], [30, []], [28, []]], [[0, [1]], [12, [12, 11, 8, 17]], [11, []], [8, []], [18, [18, 21, 20, 22]], [21, []], [20, []], [22, []], [19, [19, 15]], [17, []], [15, []], [33, [33, 32, 31, 29]], [32, []], [31, []], [29, []], [41, [41, 44, 45, 46]], [44, []], [45, []], [46, []], [50, [50, 49, 38]], [49, []], [38, []], [1, []]]], [[[12, [12, 11, 8, 17]]], [[14, [14, 16, 13, 7]]], [[18, [18, 21, 20, 22]]], [[19, [19, 15]]], [[24, [24, 25, 27, 26]]], [[10, [10, 9]]], [[23, [23, 34, 35, 30]]], [[33, [33, 32, 31, 29]]], [[36, [36, 39, 37, 40]]], [[43, [43, 42, 28]]], [[41, [41, 44, 45, 46]]], [[47, [47, 48]]], [[50, [50, 49, 38]]]]]",,,55.323459409113056,0,13,3.3846153846153846,,,,,,(not found),
331,test_data/data_demand_random_50_batch_all1_equal_cluster/C201_2.5.dat,4,90,4,931.0788655293195,"[[[[0, [5]], [9, [9]], [11, [11, 13, 15]], [5, []], [13, []], [15, []], [16, [16]], [27, [27, 25, 24, 26]], [25, []], [24, []], [26, []], [23, [23, 33, 35]], [38, [38]], [44, [44, 43, 42]], [43, []], [42, []], [33, []], [35, []], [48, [48, 47]], [47, []]], [[0, [1, 6, 3, 4, 2]], [6, []], [3, []], [4, []], [2, []], [1, []], [7, [7, 8, 10]], [8, []], [10, []], [12, [12, 14, 17]], [14, []], [17, []], [20, [20, 19, 22, 21]], [19, []], [22, []], [21, []], [18, [18]], [29, [29, 28, 34, 30]], [28, []], [34, []], [30, []], [31, [31, 32, 41, 40]], [32, []], [46, [46, 45, 37, 39]], [45, []], [41, []], [40, []], [37, []], [39, []], [50, [50, 49, 36]], [49, []], [36, []]]], [[[7, [7, 8, 10]]], [[9, [9]]], [[11, [11, 13, 15]]], [[12, [12, 14, 17]]], [[16, [16]]], [[20, [20, 19, 22, 21]]], [[18, [18]]], [[27, [27, 25, 24, 26]]], [[23, [23, 33, 35]]], [[29, [29, 28, 34, 30]]], [[31, [31, 32, 41, 40]]], [[38, [38]]], [[44, [44, 43, 42]]], [[46, [46, 45, 37, 39]]], [[50, [50, 49, 36]]], [[48, [48, 47]]]]]",,,54.67715791060972,0,16,2.75,,,,,,(not found),
332,test_data/data_demand_random_50_batch_all1_equal_cluster/C201_2.5.dat,4,90,5,931.0788655293195,"[[[[0, [5, 1, 2]], [2, []], [5, []], [1, []], [9, [9]], [14, [14, 16, 17, 13]], [16, []], [17, []], [13, []], [27, [27, 25, 26, 24]], [25, []], [26, []], [24, []], [23, [23, 10, 15]], [10, []], [36, [36, 39, 37, 38]], [39, []], [37, []], [38, []], [42, [42, 28, 35, 29]], [28, []], [35, []], [47, [47, 48]], [48, []], [29, []], [15, []]], [[0, [3, 4, 6]], [4, []], [6, []], [8, [8, 11, 12]], [11, []], [12, []], [3, []], [7, [7]], [18, [18, 20, 19, 21]], [20, []], [19, []], [21, []], [22, [22]], [33, [33, 30, 32, 31]], [30, []], [32, []], [31, []], [34, [34, 41, 40]], [43, [43, 44, 45, 46]], [44, []], [41, []], [45, []], [46, []], [50, [50, 49]], [49, []], [40, []]]], [[[8, [8, 11, 12]]], [[7, [7]]], [[9, [9]]], [[14, [14, 16, 17, 13]]], [[18, [18, 20, 19, 21]]], [[22, [22]]], [[27, [27, 25, 26, 24]]], [[23, [23, 10, 15]]], [[33, [33, 30, 32, 31]]], [[34, [34, 41, 40]]], [[36, [36, 39, 37, 38]]], [[42, [42, 28, 35, 29]]], [[43, [43, 44, 45, 46]]], [[47, [47, 48]]], [[50, [50, 49]]]]]",,,53.286089753297844,0,15,2.933333333333333,,,,,,(not found),
333,test_data/data_demand_random_50_batch_all1_equal_cluster/C201_2.5.dat,4,120,1,931.0788655293195,"[[[[0, [2, 3]], [3, []], [12, [12]], [7, [7, 8, 10]], [8, []], [10, []], [2, []], [13, [13, 15]], [15, []], [18, [18, 20, 22]], [20, []], [22, []], [27, [27, 26, 25]], [26, []], [25, []], [28, [28, 30, 29, 41]], [30, []], [29, []], [43, [43, 44, 45, 46]], [44, []], [41, []], [45, []], [46, []], [50, [50, 49, 36]], [49, []], [36, []]], [[0, [5, 1, 4, 6]], [1, []], [5, []], [4, []], [6, []], [9, [9, 11, 14, 16]], [11, []], [14, []], [16, []], [21, [21, 19, 17]], [19, []], [17, []], [23, [23, 24, 32, 31]], [24, []], [37, [37, 39, 38, 40]], [39, []], [38, []], [40, []], [42, [42, 33, 34, 35]], [32, []], [31, []], [33, []], [34, []], [35, []], [48, [48, 47]], [47, []]]], [[[9, [9, 11, 14, 16]]], [[12, [12]]], [[7, [7, 8, 10]]], [[13, [13, 15]]], [[18, [18, 20, 22]]], [[21, [21, 19, 17]]], [[27, [27, 26, 25]]], [[23, [23, 24, 32, 31]]], [[28, [28, 30, 29, 41]]], [[37, [37, 39, 38, 40]]], [[42, [42, 33, 34, 35]]], [[43, [43, 44, 45, 46]]], [[50, [50, 49, 36]]], [[48, [48, 47]]]]]",,,52.104266838540696,0,14,3.142857142857143,,,,,,(not found),
334,test_data/data_demand_random_50_batch_all1_equal_cluster/C201_2.5.dat,4,120,2,931.0788655293195,"[[[[0, [4, 6, 5, 2, 1, 3]], [6, []], [3, []], [4, []], [5, []], [10, [10, 9, 11, 12]], [9, []], [11, []], [2, []], [1, []], [12, []], [24, [24, 25, 26, 27]], [25, []], [26, []], [27, []], [17, [17, 15, 16, 13]], [15, []], [28, [28, 32, 31, 33]], [16, []], [13, []], [43, [43, 42, 34, 35]], [42, []], [32, []], [31, []], [33, []], [34, []], [35, []], [47, [47, 48, 30, 29]], [48, []], [30, []], [29, []]], [[0, []], [8, [8, 14]], [7, [7]], [21, [21, 20, 22, 18]], [20, []], [22, []], [18, []], [19, [19, 23]], [14, []], [23, []], [39, [39, 40, 41, 36]], [40, []], [41, []], [36, []], [38, [38, 46, 45, 44]], [46, []], [45, []], [44, []], [50, [50, 49, 37]], [49, []], [37, []]]], [[[8, [8, 14]]], [[7, [7]]], [[10, [10, 9, 11, 12]]], [[21, [21, 20, 22, 18]]], [[19, [19, 23]]], [[24, [24, 25, 26, 27]]], [[17, [17, 15, 16, 13]]], [[28, [28, 32, 31, 33]]], [[39, [39, 40, 41, 36]]], [[38, [38, 46, 45, 44]]], [[43, [43, 42, 34, 35]]], [[47, [47, 48, 30, 29]]], [[50, [50, 49, 37]]]]]",,,52.98029205293242,0,13,3.3846153846153846,,,,,,(not found),
335,test_data/data_demand_random_50_batch_all1_equal_cluster/C201_2.5.dat,4,120,3,931.0788655293195,"[[[[0, [14, 10, 7, 1]], [14, []], [22, [22, 21, 20, 19]], [21, []], [20, []], [19, []], [18, [18, 27, 26, 25]], [27, []], [26, []], [25, []], [24, [24]], [10, []], [7, []], [36, [36, 39, 37, 38]], [39, []], [37, []], [38, []], [46, [46, 45, 44, 41]], [45, []], [44, []], [41, []], [50, [50, 49, 40]], [49, []], [40, []], [1, []]], [[0, [6, 4, 2, 5, 3]], [6, []], [4, []], [15, [15, 17, 16, 8]], [17, []], [16, []], [2, []], [5, []], [8, []], [23, [23, 9, 12, 11]], [9, []], [12, []], [11, []], [29, [29, 13]], [13, []], [28, [28, 31, 32, 33]], [31, []], [43, [43, 42, 34, 35]], [42, []], [32, []], [33, []], [34, []], [35, []], [47, [47, 48, 30]], [48, []], [30, []], [3, []]]], [[[15, [15, 17, 16, 8]]], [[22, [22, 21, 20, 19]]], [[18, [18, 27, 26, 25]]], [[23, [23, 9, 12, 11]]], [[24, [24]]], [[29, [29, 13]]], [[28, [28, 31, 32, 33]]], [[36, [36, 39, 37, 38]]], [[43, [43, 42, 34, 35]]], [[46, [46, 45, 44, 41]]], [[50, [50, 49, 40]]], [[47, [47, 48, 30]]]]]",,,55.962421462134365,0,12,3.4166666666666665,,,,,,(not found),
336,test_data/data_demand_random_50_batch_all1_equal_cluster/C201_2.5.dat,4,120,4,939.0788655293195,"[[[[0, []], [8, [8, 15, 16, 5]], [2, [2, 6, 17, 13]], [15, []], [16, []], [17, []], [18, [18, 19, 20, 21]], [19, []], [20, []], [21, []], [22, [22]], [13, []], [5, []], [6, []], [28, [28, 37, 39, 29]], [29, []], [43, [43, 44, 46]], [44, []], [37, []], [39, []], [50, [50, 49, 45, 41]], [49, []], [46, []], [45, []], [41, []]], [[0, [4, 3, 12, 1]], [1, []], [7, [7]], [4, []], [3, []], [14, [14, 11, 10, 9]], [11, []], [27, [27, 26, 24, 25]], [26, []], [25, []], [24, []], [10, []], [9, []], [12, []], [23, [23, 31, 30]], [38, [38, 40]], [40, []], [36, [36, 32, 33]], [42, [42, 34, 35]], [31, []], [30, []], [32, []], [33, []], [34, []], [35, []], [48, [48, 47]], [47, []]]], [[[8, [8, 15, 16, 5]]], [[7, [7]]], [[2, [2, 6, 17, 13]]], [[14, [14, 11, 10, 9]]], [[18, [18, 19, 20, 21]]], [[22, [22]]], [[27, [27, 26, 24, 25]]], [[23, [23, 31, 30]]], [[28, [28, 37, 39, 29]]], [[38, [38, 40]]], [[36, [36, 32, 33]]], [[42, [42, 34, 35]]], [[43, [43, 44, 46]]], [[50, [50, 49, 45, 41]]], [[48, [48, 47]]]]]",962.9404674156901,"[[[[0, [5, 4, 3]], [3, []], [4, []], [5, []], [6, [6]], [12, [12, 9]], [9, []], [17, [17, 11, 13]], [21, [21, 19]], [20, [20, 22]], [22, []], [18, [18, 23]], [19, []], [13, []], [11, [33]], [23, []], [37, [37, 39, 36]], [39, []], [36, []], [44, [44, 43, 34, 35]], [43, []], [33, []], [34, []], [35, []], [48, [48, 47, 28]], [47, []], [28, []]], [[0, [1, 2, 10, 8]], [15, [15, 16, 14]], [16, []], [14, []], [10, []], [2, []], [8, []], [24, [24]], [25, [25, 27, 26, 7]], [27, []], [26, []], [7, []], [1, []], [29, [29, 30, 31, 32]], [32, []], [30, []], [31, []], [42, [42, 38, 46, 45]], [38, []], [50, [50, 49, 41, 40]], [49, []], [46, []], [45, []], [41, []], [40, []]]], [[[6, [6]]], [[15, [15, 16, 14]]], [[12, [12, 9]]], [[17, [17, 11, 13]]], [[21, [21, 19]]], [[20, [20, 22]]], [[18, [18, 23]], [24, [24]]], [[25, [25, 27, 26, 7]]], [[11, [33]]], [[29, [29, 30, 31, 32]]], [[37, [37, 39, 36]]], [[44, [44, 43, 34, 35]]], [[42, [42, 38, 46, 45]]], [[50, [50, 49, 41, 40]]], [[48, [48, 47, 28]]]]]",50.06928236629068,0,15,3.066666666666667,56.83544629491693,1,15,2.8666666666666667,,,
337,test_data/data_demand_random_50_batch_all1_equal_cluster/C201_2.5.dat,4,120,5,931.0788655293195,"[[[[0, [4, 6, 3, 5, 1]], [9, [9, 10]], [7, [7, 13]], [13, []], [4, []], [6, []], [1, []], [10, []], [11, [11, 12]], [26, [26, 24, 27, 25]], [24, []], [27, []], [12, []], [25, []], [23, [23]], [3, []], [5, []], [44, [44, 45, 46, 39]], [45, []], [46, []], [39, []], [50, [50, 49, 41, 40]], [49, []], [41, []], [40, []]], [[0, [2]], [2, []], [8, [8, 14, 17, 15]], [14, []], [17, []], [19, [19, 21, 20, 22]], [21, []], [20, []], [22, []], [18, [18, 16]], [15, []], [16, []], [31, [31, 30, 34, 33]], [30, []], [34, []], [33, []], [29, [29, 36, 37, 38]], [36, []], [37, []], [38, []], [43, [43, 42, 32, 35]], [42, []], [32, []], [35, []], [48, [48, 47, 28]], [47, []], [28, []]]], [[[9, [9, 10]]], [[7, [7, 13]]], [[8, [8, 14, 17, 15]]], [[11, [11, 12]]], [[19, [19, 21, 20, 22]]], [[18, [18, 16]]], [[26, [26, 24, 27, 25]]], [[23, [23]]], [[31, [31, 30, 34, 33]]], [[29, [29, 36, 37, 38]]], [[43, [43, 42, 32, 35]]], [[44, [44, 45, 46, 39]]], [[50, [50, 49, 41, 40]]], [[48, [48, 47, 28]]]]]",970.3354529693202,"[[[[0, []], [16, [16, 22, 21, 12]], [20, [20]], [22, [27, 26, 25]], [21, []], [27, []], [26, []], [25, []], [24, [24, 23]], [12, []], [23, []], [36, [36, 37, 38]], [37, [44]], [38, []], [44, []], [41, [41, 39, 46, 45]], [39, []], [50, [50, 49, 40]], [49, []], [46, []], [45, []], [40, []]], [[0, [3, 2, 1, 4, 6, 5]], [9, [9, 8, 10, 7]], [8, []], [10, []], [7, []], [11, [11, 13, 17, 15]], [3, [14]], [14, []], [15, []], [18, [18, 19]], [19, []], [13, []], [17, []], [2, []], [1, []], [4, []], [29, [29, 30, 34, 33]], [30, []], [34, []], [33, []], [31, [31, 32, 35, 28]], [32, []], [6, []], [5, []], [43, [43, 42]], [42, []], [35, []], [48, [48, 47]], [47, []], [28, []]]], [[[16, [16, 22, 21, 12]]], [[9, [9, 8, 10, 7]]], [[11, [11, 13, 17, 15]]], [[3, [14]]], [[18, [18, 19]]], [[20, [20]]], [[22, [27, 26, 25]]], [[24, [24, 23]]], [[29, [29, 30, 34, 33]]], [[31, [31, 32, 35, 28]]], [[36, [36, 37, 38]]], [[37, [44]], [43, [43, 42]]], [[41, [41, 39, 46, 45]]], [[50, [50, 49, 40]]], [[48, [48, 47]]]]]",53.34368263051459,0,14,3.142857142857143,55.85460400796591,1,15,2.933333333333333,,,
338,test_data/data_demand_random_50_batch_all1_equal_cluster/C201_2.5.dat,8,60,1,969.02775637732,"[[[[0, [3, 5, 6, 2]], [20, [20, 21, 22, 19, 17, 15, 18, 14]], [21, []], [22, []], [19, []], [18, []], [17, []], [15, []], [6, []], [3, []], [14, []], [2, []], [28, [28, 31, 32, 33]], [31, []], [32, []], [33, []], [5, [44, 43, 42, 35, 29, 30, 34]], [44, []], [43, []], [42, []], [29, [48, 47]], [30, []], [34, []], [35, []], [48, []], [47, []]], [[0, [4, 1]], [9, [9, 11]], [7, [7]], [4, [16, 13, 12, 8, 10]], [1, []], [16, []], [13, []], [12, [25, 26, 24, 23, 27]], [8, []], [10, []], [27, []], [26, []], [24, []], [23, []], [36, [36, 37, 38, 39, 41]], [41, []], [37, []], [38, []], [25, []], [11, [50, 49, 46, 45, 40]], [39, []], [50, []], [49, []], [46, []], [45, []], [40, []]]], [[[9, [9, 11]]], [[20, [20, 21, 22, 19, 17, 15, 18, 14]]], [[7, [7]]], [[4, [16, 13, 12, 8, 10]]], [[12, [25, 26, 24, 23, 27]]], [[28, [28, 31, 32, 33]]], [[36, [36, 37, 38, 39, 41]]], [[5, [44, 43, 42, 35, 29, 30, 34]]], [[11, [50, 49, 46, 45, 40]]], [[29, [48, 47]]]]]",,,41.44033651269975,0,10,4.4,,,,,,(not found),
339,test_data/data_demand_random_50_batch_all1_equal_cluster/C201_2.5.dat,8,60,2,983.6155281280883,"[[[[0, [4, 3]], [4, []], [7, [7, 16, 13, 15, 10, 14]], [11, [11, 8]], [8, []], [16, []], [13, []], [15, []], [10, []], [24, [24, 26, 25, 23, 28, 30, 32, 31]], [26, []], [25, []], [23, []], [14, []], [28, [42, 29, 34, 35, 33]], [30, []], [31, []], [33, []], [32, []], [42, []], [29, [47, 48]], [34, []], [47, []], [35, []], [48, []], [3, []]], [[0, [2, 5, 6, 1]], [2, []], [17, [17, 20, 21, 22, 19, 18, 12, 9]], [20, []], [21, []], [22, []], [19, []], [18, [27]], [27, []], [12, []], [9, []], [5, []], [6, [43, 44, 38, 36, 37, 39, 46, 45]], [43, []], [44, []], [38, []], [36, [50, 49, 41, 40]], [37, []], [39, []], [50, []], [49, []], [46, []], [45, []], [41, []], [40, []], [1, []]]], [[[7, [7, 16, 13, 15, 10, 14]]], [[17, [17, 20, 21, 22, 19, 18, 12, 9]]], [[11, [11, 8]]], [[18, [27]]], [[24, [24, 26, 25, 23, 28, 30, 32, 31]]], [[6, [43, 44, 38, 36, 37, 39, 46, 45]]], [[28, [42, 29, 34, 35, 33]]], [[29, [47, 48]]], [[36, [50, 49, 41, 40]]]]]",,,40.79489477352552,0,9,4.888888888888889,,,,,,(not found),
340,test_data/data_demand_random_50_batch_all1_equal_cluster/C201_2.5.dat,8,60,3,977.0831891575846,"[[[[0, [1, 3, 6]], [22, [22, 21, 18, 19, 17, 15, 7, 16]], [21, []], [18, []], [19, []], [17, []], [15, []], [7, []], [1, []], [16, []], [28, [28, 13, 14]], [13, []], [14, []], [3, []], [6, [44, 41, 36, 38, 39, 45, 46, 40]], [44, []], [45, []], [46, []], [41, []], [40, []], [36, [49, 50, 37]], [38, []], [49, []], [50, []], [39, []], [37, []]], [[0, [10, 8, 2, 4, 5]], [10, []], [8, []], [20, [20, 9, 11, 12]], [2, []], [9, []], [11, []], [12, [27, 25, 26, 24, 23]], [27, []], [25, []], [26, []], [24, [29, 30, 31]], [23, []], [4, []], [5, [43, 42, 32, 33, 34, 35]], [43, []], [42, []], [29, [48, 47]], [30, []], [31, []], [32, []], [33, []], [34, []], [35, []], [48, []], [47, []]]], [[[22, [22, 21, 18, 19, 17, 15, 7, 16]]], [[20, [20, 9, 11, 12]]], [[12, [27, 25, 26, 24, 23]]], [[28, [28, 13, 14]]], [[24, [29, 30, 31]]], [[5, [43, 42, 32, 33, 34, 35]]], [[6, [44, 41, 36, 38, 39, 45, 46, 40]]], [[29, [48, 47]]], [[36, [49, 50, 37]]]]]",,,47.53579805103172,0,9,4.666666666666667,,,,,,(not found),
341,test_data/data_demand_random_50_batch_all1_equal_cluster/C201_2.5.dat,8,60,4,1024.323807579381,"[[[[0, [6]], [7, [7, 12, 10]], [14, [14]], [20, [20]], [23, [23, 25, 27, 26, 24]], [25, []], [27, []], [26, []], [24, [28, 30, 31, 36, 32]], [12, []], [10, []], [36, []], [28, [47, 48, 42, 43, 44]], [47, []], [48, []], [30, []], [31, []], [32, []], [42, []], [43, []], [44, []], [6, []]], [[0, [5, 2, 1, 4]], [3, [3, 8, 9, 11]], [5, []], [2, []], [22, [22, 21, 19, 16, 13, 18, 17, 15]], [21, []], [19, []], [16, []], [13, []], [18, []], [17, []], [15, [34, 33, 35, 29]], [34, []], [33, []], [35, []], [29, [39, 37, 38, 41]], [1, []], [8, []], [9, []], [11, [50, 49, 46, 45, 40]], [39, []], [37, []], [38, []], [50, []], [49, []], [46, []], [45, []], [41, []], [40, []], [4, []]]], [[[7, [7, 12, 10]]], [[3, [3, 8, 9, 11]]], [[14, [14]]], [[20, [20]]], [[22, [22, 21, 19, 16, 13, 18, 17, 15]]], [[23, [23, 25, 27, 26, 24]]], [[24, [28, 30, 31, 36, 32]]], [[15, [34, 33, 35, 29]]], [[29, [39, 37, 38, 41]]], [[11, [50, 49, 46, 45, 40]]], [[28, [47, 48, 42, 43, 44]]]]]",,,40.120584535038546,0,11,4.090909090909091,,,,,,(not found),
342,test_data/data_demand_random_50_batch_all1_equal_cluster/C201_2.5.dat,8,60,5,962.2982212813471,"[[[[0, [19, 3, 4]], [19, []], [18, [18, 20, 21, 22, 17, 15]], [20, []], [21, []], [22, []], [17, []], [28, [28, 33, 31, 32, 34, 35, 29, 30]], [33, []], [31, []], [32, []], [34, []], [35, []], [15, [43, 42]], [43, []], [42, []], [29, [48, 47]], [48, []], [47, []], [30, []], [4, []], [3, []]], [[0, [2, 6, 5, 1]], [5, []], [9, [9, 7, 16, 10, 12, 11, 8, 13]], [7, []], [13, []], [2, []], [16, []], [10, []], [23, [23, 24, 25, 26, 27, 14]], [24, []], [25, []], [26, []], [27, []], [12, []], [11, []], [8, []], [14, []], [6, [44, 41, 36, 39, 46, 38, 37, 45]], [44, []], [41, []], [38, []], [37, []], [36, [50, 49, 40]], [39, []], [50, []], [49, []], [46, []], [45, []], [40, []], [1, []]]], [[[9, [9, 7, 16, 10, 12, 11, 8, 13]]], [[18, [18, 20, 21, 22, 17, 15]]], [[23, [23, 24, 25, 26, 27, 14]]], [[28, [28, 33, 31, 32, 34, 35, 29, 30]]], [[15, [43, 42]]], [[6, [44, 41, 36, 39, 46, 38, 37, 45]]], [[29, [48, 47]]], [[36, [50, 49, 40]]]]]",,,43.20401132663509,0,8,5.375,,,,,,(not found),
343,test_data/data_demand_random_50_batch_all1_equal_cluster/C201_2.5.dat,8,90,1,931.0788655293195,"[[[[0, [3, 6, 2]], [3, []], [6, []], [2, []], [14, [14, 9, 12, 11, 10, 8, 13, 16]], [9, []], [12, []], [11, []], [27, [27, 26, 25, 24, 23, 15]], [26, []], [25, []], [24, []], [10, []], [23, []], [8, []], [13, []], [16, []], [15, []], [44, [44, 45, 46, 38, 37, 39, 41]], [45, []], [46, []], [38, []], [37, []], [39, []], [50, [50, 49]], [49, []], [41, []]], [[0, [1, 5, 4]], [7, [7, 17]], [17, []], [22, [22, 21, 19, 20, 18]], [21, []], [19, []], [20, []], [18, []], [1, []], [5, []], [31, [31, 30, 29]], [30, []], [29, [36, 40, 32, 33, 34]], [4, []], [36, []], [40, []], [43, [43, 42, 35, 28]], [42, []], [32, []], [33, []], [34, []], [35, []], [48, [48, 47]], [47, []], [28, []]]], [[[7, [7, 17]]], [[14, [14, 9, 12, 11, 10, 8, 13, 16]]], [[22, [22, 21, 19, 20, 18]]], [[27, [27, 26, 25, 24, 23, 15]]], [[31, [31, 30, 29]]], [[29, [36, 40, 32, 33, 34]]], [[43, [43, 42, 35, 28]]], [[44, [44, 45, 46, 38, 37, 39, 41]]], [[50, [50, 49]]], [[48, [48, 47]]]]]",,,56.88714040483202,0,10,4.4,,,,,,(not found),
344,test_data/data_demand_random_50_batch_all1_equal_cluster/C201_2.5.dat,8,90,2,931.0788655293195,"[[[[0, [2, 3, 6, 1]], [2, []], [3, []], [6, []], [1, []], [17, [17, 15, 14, 7, 9, 12, 8, 11]], [15, []], [14, []], [7, []], [9, []], [27, [27]], [12, [28, 29, 30, 31, 34, 33, 32]], [8, []], [11, []], [28, []], [29, []], [30, []], [31, []], [34, []], [33, []], [32, []], [43, [43, 42, 35, 16]], [42, []], [35, []], [48, [48, 47]], [47, []], [16, []]], [[0, [5, 4]], [4, []], [5, []], [13, [13, 18, 19, 20, 21, 22, 10]], [18, []], [19, []], [20, []], [21, []], [22, []], [26, [26, 25, 24, 23]], [25, []], [24, []], [10, []], [23, []], [36, [36]], [44, [44, 45, 46, 38, 37, 39, 41]], [45, []], [46, []], [38, []], [37, []], [39, []], [50, [50, 49, 40]], [49, []], [41, []], [40, []]]], [[[17, [17, 15, 14, 7, 9, 12, 8, 11]]], [[13, [13, 18, 19, 20, 21, 22, 10]]], [[26, [26, 25, 24, 23]]], [[27, [27]]], [[12, [28, 29, 30, 31, 34, 33, 32]]], [[36, [36]]], [[44, [44, 45, 46, 38, 37, 39, 41]]], [[43, [43, 42, 35, 16]]], [[50, [50, 49, 40]]], [[48, [48, 47]]]]]",1002.2146120575119,"[[[[0, [4, 9, 8, 11]], [7, [7, 16]], [21, [21, 20, 22]], [20, []], [22, []], [9, []], [8, []], [11, []], [4, []], [28, [28, 29, 30, 31, 34, 33, 32, 35]], [29, []], [30, []], [31, []], [34, []], [33, []], [32, []], [42, [42, 48, 47]], [35, []], [48, []], [47, []], [16, []]], [[0, [5, 6]], [6, [1, 2, 3]], [1, []], [2, []], [3, []], [5, []], [17, [17, 15, 14, 13, 12, 10]], [19, [19, 18]], [18, []], [15, []], [14, []], [13, []], [26, [26, 27, 25, 24, 23]], [27, []], [12, []], [25, []], [24, []], [10, []], [23, []], [36, [36, 43, 44, 45, 46, 38, 37, 39]], [43, []], [44, []], [45, []], [46, []], [38, []], [37, []], [39, []], [50, [50, 49, 41, 40]], [49, []], [41, []], [40, []]]], [[[6, [1, 2, 3]]], [[17, [17, 15, 14, 13, 12, 10]]], [[19, [19, 18]], [7, [7, 16]]], [[21, [21, 20, 22]]], [[26, [26, 27, 25, 24, 23]]], [[28, [28, 29, 30, 31, 34, 33, 32, 35]]], [[36, [36, 43, 44, 45, 46, 38, 37, 39]]], [[42, [42, 48, 47]]], [[50, [50, 49, 41, 40]]]]]",57.14174253836847,0,10,4.4,56.175162011130446,1,9,4.888888888888889,,,
345,test_data/data_demand_random_50_batch_all1_equal_cluster/C201_2.5.dat,8,90,3,931.0788655293195,"[[[[0, [3]], [7, [7, 13, 15, 17]], [13, []], [15, []], [17, []], [22, [22, 21, 20, 19, 18]], [21, []], [20, []], [19, []], [18, []], [3, []], [30, [30, 31, 34, 29]], [31, []], [34, []], [29, []], [36, [36, 40]], [40, []], [43, [43, 42, 32, 33, 35]], [42, []], [32, []], [33, []], [35, []], [48, [48, 47]], [47, []]], [[0, [1, 4, 6, 5]], [2, [2]], [10, [10, 9, 12, 11, 8]], [9, []], [12, []], [11, []], [1, []], [8, []], [14, [14, 16]], [16, []], [27, [27, 26, 25, 24]], [26, []], [25, []], [24, [23, 28]], [23, []], [4, []], [6, []], [28, []], [44, [44, 45, 46, 38, 37, 39, 41]], [45, []], [46, []], [38, []], [37, []], [39, []], [50, [50, 49]], [49, []], [41, []], [5, []]]], [[[7, [7, 13, 15, 17]]], [[2, [2]]], [[10, [10, 9, 12, 11, 8]]], [[14, [14, 16]]], [[22, [22, 21, 20, 19, 18]]], [[27, [27, 26, 25, 24]]], [[24, [23, 28]]], [[30, [30, 31, 34, 29]]], [[36, [36, 40]]], [[43, [43, 42, 32, 33, 35]]], [[44, [44, 45, 46, 38, 37, 39, 41]]], [[50, [50, 49]]], [[48, [48, 47]]]]]",,,52.26337125476285,0,13,3.4615384615384617,,,,,,(not found),
346,test_data/data_demand_random_50_batch_all1_equal_cluster/C201_2.5.dat,8,90,4,931.0788655293195,"[[[[0, [5, 1]], [16, [16, 12, 11, 8, 14]], [14, []], [25, [25, 24, 27, 23, 26]], [26, []], [24, []], [27, []], [12, []], [11, []], [8, []], [23, []], [36, [36, 40, 39]], [39, []], [40, []], [43, [43, 44, 45, 46, 38, 37]], [44, []], [45, []], [46, []], [50, [50, 49]], [49, []], [38, []], [37, []], [5, []], [1, []]], [[0, [4, 6, 3, 2]], [7, [7, 10, 9]], [10, [17, 15, 13]], [9, []], [4, []], [6, []], [19, [19, 20, 22, 21, 18]], [20, []], [22, []], [21, []], [18, []], [17, []], [15, []], [13, []], [3, []], [41, [41, 33, 31, 30, 34, 35, 29, 32]], [29, []], [42, [42]], [32, []], [33, []], [31, []], [30, []], [34, []], [35, []], [48, [48, 47, 28]], [47, []], [28, []], [2, []]]], [[[7, [7, 10, 9]]], [[10, [17, 15, 13]]], [[16, [16, 12, 11, 8, 14]]], [[19, [19, 20, 22, 21, 18]]], [[25, [25, 24, 27, 23, 26]]], [[41, [41, 33, 31, 30, 34, 35, 29, 32]]], [[36, [36, 40, 39]]], [[42, [42]]], [[43, [43, 44, 45, 46, 38, 37]]], [[50, [50, 49]]], [[48, [48, 47, 28]]]]]",,,56.48589197376209,0,11,4.0,,,,,,(not found),
347,test_data/data_demand_random_50_batch_all1_equal_cluster/C201_2.5.dat,8,90,5,936.293765408777,"[[[[0, [1]], [10, [10, 3, 9, 12, 11, 7]], [3, []], [9, []], [12, []], [1, []], [11, []], [7, []], [27, [27, 26, 25, 24, 23, 18, 13]], [26, []], [25, []], [24, []], [23, []], [18, []], [42, [42, 43, 32, 33, 34, 35]], [43, []], [32, []], [33, []], [34, []], [35, []], [48, [48, 47]], [47, []], [13, []]], [[0, [5, 2, 4, 6]], [5, []], [2, []], [4, []], [17, [17, 8, 14, 15, 16]], [8, []], [14, []], [15, []], [16, []], [21, [21, 20, 22, 19]], [20, []], [22, []], [19, []], [30, [30, 31, 28, 29]], [31, []], [28, [36, 37, 38, 40]], [29, []], [6, []], [36, []], [37, []], [38, []], [40, []], [41, [41, 44, 45, 46, 39]], [44, []], [45, []], [46, []], [49, [49, 50]], [50, []], [39, []]]], [[[10, [10, 3, 9, 12, 11, 7]]], [[17, [17, 8, 14, 15, 16]]], [[21, [21, 20, 22, 19]]], [[27, [27, 26, 25, 24, 23, 18, 13]]], [[30, [30, 31, 28, 29]]], [[28, [36, 37, 38, 40]]], [[41, [41, 44, 45, 46, 39]]], [[42, [42, 43, 32, 33, 34, 35]]], [[49, [49, 50]]], [[48, [48, 47]]]]]",,,58.51925774898979,0,10,4.5,,,,,,(not found),
348,test_data/data_demand_random_50_batch_all1_equal_cluster/C201_2.5.dat,8,120,1,931.0788655293195,"[[[[0, [1]], [1, []], [7, [7, 8, 10, 12, 14, 16]], [8, []], [10, []], [12, []], [14, []], [16, []], [19, [19, 18, 21, 20, 22]], [18, []], [21, []], [20, []], [22, []], [30, [30, 32, 28, 29, 34, 31, 33, 35]], [32, []], [28, []], [29, []], [34, []], [31, []], [43, [43, 42]], [42, []], [33, []], [35, []], [48, [48, 47]], [47, []]], [[0, [6, 4, 5, 3, 2]], [6, []], [11, [11]], [9, [9, 13, 15, 17]], [4, []], [5, []], [3, []], [2, []], [13, []], [15, []], [17, []], [27, [27, 26, 25, 24, 23]], [26, []], [25, []], [24, []], [23, []], [36, [36, 39, 38]], [39, []], [38, []], [40, [40, 44, 41, 45, 46]], [44, []], [41, []], [45, []], [46, []], [50, [50, 49, 37]], [49, []], [37, []]]], [[[11, [11]]], [[7, [7, 8, 10, 12, 14, 16]]], [[9, [9, 13, 15, 17]]], [[19, [19, 18, 21, 20, 22]]], [[27, [27, 26, 25, 24, 23]]], [[30, [30, 32, 28, 29, 34, 31, 33, 35]]], [[36, [36, 39, 38]]], [[40, [40, 44, 41, 45, 46]]], [[43, [43, 42]]], [[50, [50, 49, 37]]], [[48, [48, 47]]]]]",936.293765408777,"[[[[0, [4, 2, 1, 3, 5, 6]], [9, [9, 12, 11, 7, 10]], [12, []], [11, []], [4, []], [2, []], [7, []], [1, []], [3, []], [5, []], [6, []], [18, [18]], [10, [27, 26, 25, 24, 23]], [27, []], [26, []], [25, []], [24, []], [23, []], [39, [39, 40]], [40, []], [43, [43, 44, 41, 45, 46, 38]], [44, []], [41, []], [45, []], [46, []], [49, [49, 50, 37, 36]], [50, []], [38, []], [37, []], [36, []]], [[0, []], [8, [8, 14, 13, 16, 17, 15]], [14, []], [13, []], [16, []], [20, [20, 21, 22, 19]], [21, []], [17, []], [15, []], [22, []], [19, []], [28, [28, 34, 31, 32, 30, 29, 33, 35]], [34, []], [31, []], [32, []], [30, []], [29, []], [42, [42]], [33, []], [35, []], [48, [48, 47]], [47, []]]], [[[9, [9, 12, 11, 7, 10]]], [[8, [8, 14, 13, 16, 17, 15]]], [[20, [20, 21, 22, 19]]], [[18, [18]]], [[10, [27, 26, 25, 24, 23]]], [[28, [28, 34, 31, 32, 30, 29, 33, 35]]], [[39, [39, 40]]], [[43, [43, 44, 41, 45, 46, 38]], [42, [42]]], [[49, [49, 50, 37, 36]]], [[48, [48, 47]]]]]",55.81728086014703,0,11,4.0,54.70885948702333,1,10,4.4,,,
349,test_data/data_demand_random_50_batch_all1_equal_cluster/C201_2.5.dat,8,120,2,931.0788655293195,"[[[[0, [3, 4, 5, 1, 2]], [2, []], [10, [10, 9, 14]], [9, []], [1, []], [13, [13, 16]], [3, []], [4, []], [16, []], [22, [22, 20, 21, 19]], [20, []], [21, []], [19, []], [30, [30, 31, 34, 29, 32, 33, 35, 28]], [31, []], [34, []], [29, []], [5, []], [44, [44, 43, 42]], [43, []], [42, []], [32, []], [33, []], [35, []], [48, [48, 47]], [47, []], [28, []], [14, []]], [[0, [6]], [18, [18, 17, 12, 11, 8, 15, 7]], [17, []], [27, [27, 25, 24, 23, 26]], [26, []], [25, []], [24, []], [23, []], [12, []], [11, []], [8, []], [7, []], [15, []], [6, []], [36, [36, 45, 46, 41, 40, 37, 39, 38]], [37, []], [39, []], [38, []], [45, []], [46, []], [50, [50, 49]], [49, []], [41, []], [40, []]]], [[[10, [10, 9, 14]]], [[13, [13, 16]]], [[18, [18, 17, 12, 11, 8, 15, 7]]], [[22, [22, 20, 21, 19]]], [[27, [27, 25, 24, 23, 26]]], [[36, [36, 45, 46, 41, 40, 37, 39, 38]]], [[30, [30, 31, 34, 29, 32, 33, 35, 28]]], [[44, [44, 43, 42]]], [[50, [50, 49]]], [[48, [48, 47]]]]]",1049.9028013848217,"[[[[0, [1, 14]], [19, [19, 18, 22, 20, 21, 17, 11, 12]], [18, []], [22, []], [20, []], [21, []], [17, []], [34, [34]], [36, [36, 23, 29, 30, 31, 32, 33]], [11, []], [12, []], [23, []], [29, []], [30, []], [31, []], [42, [42, 35, 28, 48, 47]], [32, []], [33, []], [35, []], [48, []], [47, []], [28, []], [14, []], [1, []]], [[0, [6, 2, 4, 5]], [9, [9, 10, 3, 8, 7]], [10, []], [3, []], [6, []], [27, [27, 26, 25, 24, 16, 15, 13]], [26, []], [25, []], [24, []], [8, []], [7, []], [16, []], [15, []], [13, []], [2, []], [4, []], [5, []], [37, [37, 39, 38, 43, 44, 41, 46, 45]], [39, []], [38, []], [43, []], [44, []], [41, []], [50, [50, 49, 40]], [49, []], [46, []], [45, []], [40, []]]], [[[19, [19, 18, 22, 20, 21, 17, 11, 12]]], [[9, [9, 10, 3, 8, 7]]], [[27, [27, 26, 25, 24, 16, 15, 13]]], [[37, [37, 39, 38, 43, 44, 41, 46, 45]]], [[34, [34]]], [[36, [36, 23, 29, 30, 31, 32, 33]]], [[50, [50, 49, 40]], [42, [42, 35, 28, 48, 47]]]]]",55.50113027270928,0,10,4.4,63.289342820698664,1,7,6.285714285714286,,,
350,test_data/data_demand_random_50_batch_all1_equal_cluster/C201_2.5.dat,8,120,3,931.0788655293195,"[[[[0, [4, 6, 2, 3]], [2, []], [3, []], [9, [9]], [8, [8, 12, 7]], [4, [16, 15, 14, 13]], [12, []], [7, []], [16, []], [15, []], [6, []], [14, []], [13, []], [32, [32, 31, 30, 29]], [31, []], [30, []], [29, []], [40, [40, 41, 33, 34]], [41, []], [44, [44, 43, 42, 35, 28]], [43, []], [42, []], [33, []], [34, []], [35, []], [48, [48, 47]], [47, []], [28, []]], [[0, [1, 5]], [10, [10, 17, 11]], [17, []], [18, [18, 20, 22, 21, 19]], [20, []], [22, []], [21, [27, 26, 24, 25, 23]], [19, []], [27, []], [26, []], [24, []], [25, []], [11, []], [23, []], [38, [38, 45, 46, 37, 39, 36]], [45, []], [46, []], [37, []], [39, []], [50, [50, 49]], [49, []], [36, []], [5, []], [1, []]]], [[[9, [9]]], [[8, [8, 12, 7]]], [[4, [16, 15, 14, 13]]], [[10, [10, 17, 11]]], [[18, [18, 20, 22, 21, 19]]], [[21, [27, 26, 24, 25, 23]]], [[32, [32, 31, 30, 29]]], [[40, [40, 41, 33, 34]]], [[38, [38, 45, 46, 37, 39, 36]]], [[44, [44, 43, 42, 35, 28]]], [[50, [50, 49]]], [[48, [48, 47]]]]]",1048.5428902207002,"[[[[0, [8]], [17, [17, 5]], [20, [20, 22, 21, 19, 18, 16, 15]], [22, []], [21, []], [19, []], [18, []], [16, []], [15, []], [13, [13, 7, 11, 23, 24]], [7, []], [5, []], [23, []], [24, []], [11, []], [8, []], [38, [38, 43, 44, 40, 41, 45, 46, 39]], [43, []], [44, []], [40, []], [41, []], [45, []], [46, []], [49, [49, 50, 37, 36]], [50, []], [39, []], [37, []], [36, []]], [[0, [1, 4, 6, 2, 3]], [9, [9]], [1, []], [12, [12, 14, 10]], [4, []], [14, []], [6, []], [10, []], [25, [25, 27, 26, 29, 30, 32, 31, 33]], [27, []], [26, []], [2, []], [3, []], [29, []], [30, []], [32, []], [31, []], [33, []], [42, [42, 34, 35, 28]], [34, []], [35, []], [48, [48, 47]], [47, []], [28, []]]], [[[17, [17, 5]]], [[9, [9]]], [[12, [12, 14, 10]]], [[20, [20, 22, 21, 19, 18, 16, 15]]], [[13, [13, 7, 11, 23, 24]]], [[25, [25, 27, 26, 29, 30, 32, 31, 33]]], [[38, [38, 43, 44, 40, 41, 45, 46, 39]]], [[49, [49, 50, 37, 36]], [42, [42, 34, 35, 28]]], [[48, [48, 47]]]]]",56.06680564452758,0,12,3.6666666666666665,55.2303606098963,1,9,4.888888888888889,,,
351,test_data/data_demand_random_50_batch_all1_equal_cluster/C201_2.5.dat,8,120,4,931.0788655293195,"[[[[0, [5, 1]], [16, [16, 12, 11, 8, 14]], [14, []], [25, [25, 24, 27, 23, 26]], [26, []], [24, []], [27, []], [12, []], [11, []], [8, []], [23, []], [36, [36, 40, 39]], [39, []], [40, []], [43, [43, 44, 45, 46, 38, 37]], [44, []], [45, []], [46, []], [50, [50, 49]], [49, []], [38, []], [37, []], [5, []], [1, []]], [[0, [4, 6, 3, 2]], [7, [7, 10, 9]], [10, [17, 15, 13]], [9, []], [4, []], [6, []], [19, [19, 20, 22, 21, 18]], [20, []], [22, []], [21, []], [18, []], [17, []], [15, []], [13, []], [3, []], [41, [41, 33, 31, 30, 34, 35, 29, 32]], [29, []], [42, [42]], [32, []], [33, []], [31, []], [30, []], [34, []], [35, []], [48, [48, 47, 28]], [47, []], [28, []], [2, []]]], [[[7, [7, 10, 9]]], [[10, [17, 15, 13]]], [[16, [16, 12, 11, 8, 14]]], [[19, [19, 20, 22, 21, 18]]], [[25, [25, 24, 27, 23, 26]]], [[41, [41, 33, 31, 30, 34, 35, 29, 32]]], [[36, [36, 40, 39]]], [[42, [42]]], [[43, [43, 44, 45, 46, 38, 37]]], [[50, [50, 49]]], [[48, [48, 47, 28]]]]]",,,56.48589197376209,0,11,4.0,,,,,,(not found),
352,test_data/data_demand_random_50_batch_all1_equal_cluster/C201_2.5.dat,8,120,5,936.293765408777,"[[[[0, [3, 2]], [2, []], [3, []], [7, [7, 9, 11, 13, 14, 17]], [9, []], [11, []], [13, []], [14, []], [17, []], [24, [24, 26, 25, 27, 23]], [26, []], [25, []], [27, []], [23, [31, 36, 38, 40]], [36, []], [38, []], [40, []], [31, []], [48, [48, 47]], [47, []]], [[0, [4, 6, 5, 1]], [5, []], [1, []], [4, [8, 10, 12]], [6, []], [8, []], [10, []], [12, []], [15, [16, 20, 21, 22, 15, 18, 19]], [18, []], [16, []], [19, []], [20, []], [21, []], [22, []], [28, [28, 30, 32, 34, 35, 33, 29]], [30, []], [32, []], [34, []], [35, []], [33, []], [29, []], [42, [42, 43, 44, 45, 46, 41]], [43, []], [44, []], [41, []], [45, []], [46, []], [49, [49, 50, 39, 37]], [50, []], [39, []], [37, []]]], [[[4, [8, 10, 12]]], [[7, [7, 9, 11, 13, 14, 17]]], [[15, [16, 20, 21, 22, 15, 18, 19]]], [[28, [28, 30, 32, 34, 35, 33, 29]]], [[24, [24, 26, 25, 27, 23]]], [[23, [31, 36, 38, 40]]], [[42, [42, 43, 44, 45, 46, 41]]], [[49, [49, 50, 39, 37]]], [[48, [48, 47]]]]]",976.293765408777,"[[[[0, [5, 3, 1, 6]], [1, []], [12, [12]], [11, [11]], [3, []], [18, [18, 22, 21, 20, 19, 16, 15]], [16, []], [22, []], [21, []], [20, []], [19, []], [34, [34, 30, 31, 32, 35, 29, 33, 28]], [30, []], [31, []], [32, []], [33, []], [35, []], [29, []], [5, []], [6, []], [44, [44]], [42, [42, 48, 47]], [48, []], [47, []], [28, []], [15, []]], [[0, []], [4, [4, 10, 2, 9]], [13, [13, 14, 17, 8]], [8, []], [17, []], [24, [24, 7, 25, 27, 26, 23]], [25, []], [26, []], [27, []], [14, []], [2, []], [41, [41, 40, 38]], [38, []], [40, [43, 45, 46, 39, 37]], [43, []], [45, []], [46, []], [49, [49, 50, 36]], [50, []], [39, []], [37, []], [36, []], [23, []], [9, []], [10, []], [7, []]]], [[[4, [4, 10, 2, 9]]], [[12, [12]]], [[11, [11]]], [[13, [13, 14, 17, 8]]], [[24, [24, 7, 25, 27, 26, 23]]], [[18, [18, 22, 21, 20, 19, 16, 15]]], [[34, [34, 30, 31, 32, 35, 29, 33, 28]]], [[41, [41, 40, 38]]], [[40, [43, 45, 46, 39, 37]], [44, [44]]], [[49, [49, 50, 36]]], [[42, [42, 48, 47]]]]]",50.14836468997669,0,9,4.888888888888889,53.90516450254536,1,11,4.181818181818182,,,
353,test_data/data_demand_random_50_batch_all1_equal_random/C201_2.5.dat,4,60,1,1513.0,"[[[[0, [7, 10, 13, 1, 12, 22, 31, 5, 34, 17, 29, 40, 6, 45, 41, 26, 36, 32, 48, 44, 43, 49, 33]], [47, [47, 42]], [42, []], [7, []], [10, []], [13, []], [1, []], [12, []], [22, []], [31, []], [5, []], [34, []], [17, []], [29, []], [40, []], [6, []], [45, []], [41, []], [26, []], [36, []], [32, []], [48, []], [44, []], [43, []], [49, []], [33, []]], [[0, [8, 24, 21, 28, 19, 20, 37, 9, 11, 46, 18, 39, 50, 23, 35, 30, 14, 38, 27, 25, 3, 2, 4]], [2, []], [25, []], [8, []], [4, []], [16, [16, 15]], [15, []], [24, []], [21, []], [28, []], [19, []], [20, []], [37, []], [9, []], [11, []], [46, []], [18, []], [39, []], [50, []], [23, []], [35, []], [30, []], [14, []], [38, []], [27, []], [3, []]]], [[[16, [16, 15]]], [[47, [47, 42]]]]]",,,26.661903789690598,0,2,2.0,,,,,,(not found),
354,test_data/data_demand_random_50_batch_all1_equal_random/C201_2.5.dat,4,60,2,1406.0,"[[[[0, [24, 21, 28, 5, 31, 36, 12, 32, 33, 34, 17, 40, 45, 41, 26, 43, 44, 6, 2, 15]], [24, []], [21, []], [28, []], [5, []], [42, [42, 49, 48, 22]], [2, []], [49, []], [48, []], [31, []], [36, []], [12, []], [32, []], [33, []], [34, []], [15, []], [17, []], [40, []], [6, []], [45, []], [41, []], [26, []], [22, []], [43, []], [44, []]], [[0, [1, 7, 10, 16, 27, 38, 25, 23, 35, 30, 8, 4, 14, 37, 9, 11, 46, 20, 3, 18, 39]], [1, [13, 19]], [7, []], [10, []], [13, []], [29, [29]], [16, []], [27, []], [38, []], [25, []], [23, []], [35, []], [30, []], [8, []], [4, []], [14, []], [19, []], [37, []], [9, []], [11, []], [46, []], [20, []], [3, []], [18, []], [39, [50, 47]], [50, []], [47, []]]], [[[1, [13, 19]]], [[42, [42, 49, 48, 22]]], [[29, [29]]], [[39, [50, 47]]]]]",,,38.704583408125785,0,4,2.25,,,,,,(not found),
355,test_data/data_demand_random_50_batch_all1_equal_random/C201_2.5.dat,4,60,3,1684.0,"[[[[0, [2, 6, 10, 13, 5, 27, 4, 8, 28, 25, 11, 9, 37, 46, 3, 50, 23, 35, 30, 14, 38, 39, 47]], [2, []], [6, []], [10, []], [13, []], [5, []], [27, []], [4, []], [8, []], [28, []], [25, []], [11, []], [9, []], [37, []], [46, []], [3, []], [50, []], [23, []], [35, []], [30, []], [14, []], [38, []], [39, []], [47, []]], [[0, [7, 19, 20, 18, 12, 1, 16, 24, 21, 17, 15, 34, 42, 29, 40, 45, 41, 26, 36, 31, 43, 22, 44, 48, 32, 49, 33]], [7, []], [19, []], [20, []], [18, []], [12, []], [1, []], [16, []], [24, []], [21, []], [17, []], [15, []], [34, []], [42, []], [29, []], [40, []], [45, []], [41, []], [26, []], [36, []], [31, []], [43, []], [22, []], [44, []], [48, []], [32, []], [49, []], [33, []]]], []]",,,0.0,0,0,0.0,,,,,,(not found),
356,test_data/data_demand_random_50_batch_all1_equal_random/C201_2.5.dat,4,60,4,1396.0,"[[[[0, [21, 17, 13, 26, 7, 31, 36, 32, 44, 22, 43, 48, 49, 41, 45, 40, 1]], [33, [33, 12, 6, 10]], [29, [29, 15]], [21, []], [6, []], [17, []], [13, []], [26, []], [7, []], [12, []], [31, []], [36, []], [1, []], [32, []], [44, []], [22, []], [43, []], [48, []], [49, []], [10, []], [41, []], [45, []], [40, []], [15, []]], [[0, [18, 30, 4, 14, 35, 8, 38, 25, 23, 27, 9, 37, 11, 46, 20, 3, 5, 34, 2]], [19, [19, 16, 24]], [18, []], [2, []], [24, [28]], [28, []], [30, []], [4, []], [14, []], [35, []], [8, []], [38, []], [25, []], [23, []], [27, []], [9, []], [37, []], [11, []], [46, []], [20, []], [3, [50, 39, 47, 42]], [50, []], [39, []], [5, []], [34, []], [16, []], [42, []], [47, []]]], [[[19, [19, 16, 24]]], [[24, [28]]], [[33, [33, 12, 6, 10]]], [[29, [29, 15]]], [[3, [50, 39, 47, 42]]]]]",,,36.58548307140576,0,5,2.8,,,,,,(not found),
357,test_data/data_demand_random_50_batch_all1_equal_random/C201_2.5.dat,4,60,5,1057.9072480941475,"[[[[0, [3, 1, 7]], [7, []], [12, [12, 6, 13]], [19, [19, 21, 17]], [21, []], [6, []], [29, [29, 27, 26]], [34, [34, 9, 11, 10]], [27, []], [3, []], [9, []], [37, [37, 38, 39]], [11, [46, 40, 45, 41]], [46, []], [38, []], [39, [50, 28, 42]], [50, []], [28, []], [40, []], [45, []], [41, []], [10, []], [17, []], [13, []], [26, []], [1, []], [42, []]], [[0, [2, 4]], [15, [15, 5, 16, 8]], [5, []], [18, [18, 20]], [20, [23, 14]], [16, []], [33, [33, 24, 30, 25]], [2, []], [24, [32, 35, 36, 31]], [23, []], [25, []], [35, []], [30, []], [4, []], [14, []], [8, []], [47, [47, 22]], [32, []], [48, [48, 44, 43, 49]], [22, []], [44, []], [43, []], [36, []], [31, []], [49, []]]], [[[12, [12, 6, 13]]], [[15, [15, 5, 16, 8]]], [[18, [18, 20]]], [[19, [19, 21, 17]]], [[20, [23, 14]]], [[29, [29, 27, 26]]], [[33, [33, 24, 30, 25]]], [[34, [34, 9, 11, 10]]], [[24, [32, 35, 36, 31]]], [[37, [37, 38, 39]]], [[11, [46, 40, 45, 41]]], [[39, [50, 28, 42]]], [[47, [47, 22]]], [[48, [48, 44, 43, 49]]]]]",,,39.94294523663214,0,14,3.2142857142857144,,,,,,(not found),
358,test_data/data_demand_random_50_batch_all1_equal_random/C201_2.5.dat,4,90,1,1041.730849247724,"[[[[0, [1]], [7, [7, 10, 12, 5]], [10, []], [12, []], [5, []], [16, [16, 13, 17]], [29, [29]], [33, [33, 26, 28, 24]], [13, []], [26, []], [17, []], [28, []], [39, [39, 34, 36, 31]], [24, []], [34, []], [36, []], [31, []], [43, [43, 22, 32]], [22, []], [44, [44, 48, 49, 47]], [48, []], [32, []], [49, []], [1, []], [47, []]], [[0, [3, 4]], [2, [2]], [25, [25, 18, 19, 14]], [3, []], [18, []], [19, []], [4, []], [14, []], [30, [30, 27, 20, 9]], [27, []], [20, []], [37, [37, 11, 8, 6]], [9, []], [11, []], [46, [46, 38, 15]], [38, []], [8, []], [35, [35, 23, 50, 21]], [23, []], [50, []], [21, []], [41, [41, 45, 40, 42]], [45, []], [6, []], [40, []], [15, []], [42, []]]], [[[2, [2]]], [[7, [7, 10, 12, 5]]], [[16, [16, 13, 17]]], [[25, [25, 18, 19, 14]]], [[29, [29]]], [[33, [33, 26, 28, 24]]], [[30, [30, 27, 20, 9]]], [[37, [37, 11, 8, 6]]], [[39, [39, 34, 36, 31]]], [[46, [46, 38, 15]]], [[35, [35, 23, 50, 21]]], [[43, [43, 22, 32]]], [[44, [44, 48, 49, 47]]], [[41, [41, 45, 40, 42]]]]]",,,56.3182570489432,0,14,3.357142857142857,,,,,,(not found),
359,test_data/data_demand_random_50_batch_all1_equal_random/C201_2.5.dat,4,90,2,1006.8035085019827,"[[[[0, [1]], [7, [7]], [10, [10, 6, 12]], [6, []], [1, []], [18, [18, 15, 13]], [25, [25, 23]], [23, []], [26, [26, 17, 29]], [29, []], [36, [36, 32, 31]], [12, []], [32, []], [31, []], [42, [42, 5, 34, 40]], [5, []], [34, []], [15, []], [40, []], [45, [45, 41, 33, 22]], [41, []], [17, []], [13, []], [33, []], [49, [49, 48, 43, 44]], [48, []], [43, []], [22, []], [44, []]], [[0, [3]], [2, [2]], [9, [9, 4, 8, 11]], [3, []], [19, [19, 14, 16]], [14, []], [4, []], [16, []], [28, [28, 21, 24]], [21, []], [24, [20, 27]], [8, []], [30, [30, 35]], [35, []], [27, []], [20, []], [11, []], [37, [37, 46, 38, 39]], [46, []], [38, []], [39, []], [50, [50, 47]], [47, []]]], [[[7, [7]]], [[2, [2]]], [[9, [9, 4, 8, 11]]], [[10, [10, 6, 12]]], [[19, [19, 14, 16]]], [[18, [18, 15, 13]]], [[25, [25, 23]]], [[26, [26, 17, 29]]], [[28, [28, 21, 24]]], [[24, [20, 27]]], [[36, [36, 32, 31]]], [[30, [30, 35]]], [[42, [42, 5, 34, 40]]], [[37, [37, 46, 38, 39]]], [[45, [45, 41, 33, 22]]], [[49, [49, 48, 43, 44]]], [[50, [50, 47]]]]]",,,53.85336902581045,0,17,2.823529411764706,,,,,,(not found),
360,test_data/data_demand_random_50_batch_all1_equal_random/C201_2.5.dat,4,90,3,1018.3882694814033,"[[[[0, [4, 7, 2]], [9, [9, 11, 5, 6]], [11, []], [4, []], [14, [14, 10]], [19, [19, 21]], [2, []], [5, []], [6, []], [21, []], [28, [28, 29, 32, 31]], [29, []], [32, []], [40, [40, 45, 41, 26]], [45, []], [41, []], [10, []], [7, []], [26, []], [36, [36, 43, 44]], [31, []], [43, []], [44, []], [48, [48, 49, 33]], [49, []], [33, []]], [[0, [12, 1, 3]], [3, []], [22, [22, 13, 17, 25]], [12, []], [1, []], [13, []], [17, []], [23, [23, 20, 8, 15]], [25, []], [35, [35, 30, 16, 24]], [8, []], [30, []], [38, [38, 27, 34, 42]], [27, []], [20, [46, 37, 18]], [46, []], [37, []], [18, []], [47, [47, 39, 50]], [39, []], [50, []], [24, []], [15, []], [34, []], [16, []], [42, []]]], [[[9, [9, 11, 5, 6]]], [[22, [22, 13, 17, 25]]], [[14, [14, 10]]], [[19, [19, 21]]], [[23, [23, 20, 8, 15]]], [[28, [28, 29, 32, 31]]], [[35, [35, 30, 16, 24]]], [[38, [38, 27, 34, 42]]], [[40, [40, 45, 41, 26]]], [[20, [46, 37, 18]]], [[47, [47, 39, 50]]], [[36, [36, 43, 44]]], [[48, [48, 49, 33]]]]]",,,56.673165253320185,0,13,3.3846153846153846,,,,,,(not found),
361,test_data/data_demand_random_50_batch_all1_equal_random/C201_2.5.dat,4,90,4,1106.04834939252,"[[[[0, [3, 2]], [4, [4]], [3, [12, 5, 10]], [16, [16, 6]], [6, []], [12, []], [24, [24, 17]], [2, []], [5, []], [33, [33, 29, 18]], [10, []], [17, []], [29, []], [31, [31, 22, 25]], [44, [44, 43, 34]], [22, []], [43, []], [34, [38, 46, 42, 47]], [25, []], [38, []], [46, []], [18, []], [47, []], [42, []]], [[0, [1]], [13, [13, 15, 8, 11]], [15, []], [8, []], [19, [19, 27, 9, 20]], [27, []], [11, []], [9, []], [37, [37, 35, 23]], [20, []], [23, []], [35, [30, 14, 39, 7]], [30, []], [14, []], [39, []], [50, [50, 28, 21]], [28, []], [21, []], [40, [40, 45, 41]], [45, []], [41, []], [7, []], [26, [26, 36, 32]], [36, []], [32, []], [48, [48, 49]], [49, []], [1, []]]], [[[4, [4]]], [[13, [13, 15, 8, 11]]], [[3, [12, 5, 10]]], [[16, [16, 6]]], [[19, [19, 27, 9, 20]]], [[24, [24, 17]]], [[33, [33, 29, 18]]], [[31, [31, 22, 25]]], [[37, [37, 35, 23]]], [[35, [30, 14, 39, 7]]], [[44, [44, 43, 34]]], [[34, [38, 46, 42, 47]]], [[50, [50, 28, 21]]], [[40, [40, 45, 41]]], [[26, [26, 36, 32]]], [[48, [48, 49]]]]]",,,51.02812878084869,0,16,2.9375,,,,,,(not found),
362,test_data/data_demand_random_50_batch_all1_equal_random/C201_2.5.dat,4,90,5,1012.7308492477241,"[[[[0, [3]], [12, [12, 5]], [9, [9, 16, 15]], [20, [20, 19, 18]], [18, [11, 24, 22, 25]], [3, []], [19, []], [5, []], [16, []], [15, []], [24, []], [25, []], [30, [30, 35, 23, 33]], [35, []], [23, []], [46, [46, 44, 37]], [11, []], [37, []], [44, []], [22, []], [43, [43, 48, 49]], [48, []], [49, []], [33, []]], [[0, [2, 4, 1]], [14, [14, 8, 13, 7]], [4, []], [8, []], [2, []], [21, [21]], [28, [28, 17, 10, 6]], [17, []], [26, [26, 29]], [32, [32, 31, 34, 36]], [36, []], [31, []], [1, []], [29, []], [13, []], [7, []], [10, []], [41, [41, 45, 40, 42]], [45, []], [6, []], [40, []], [50, [50, 39, 38, 27]], [39, []], [38, []], [27, []], [47, [47]], [34, []], [42, []]]], [[[12, [12, 5]]], [[9, [9, 16, 15]]], [[14, [14, 8, 13, 7]]], [[20, [20, 19, 18]]], [[18, [11, 24, 22, 25]]], [[21, [21]]], [[28, [28, 17, 10, 6]]], [[26, [26, 29]]], [[32, [32, 31, 34, 36]]], [[30, [30, 35, 23, 33]]], [[41, [41, 45, 40, 42]]], [[46, [46, 44, 37]]], [[43, [43, 48, 49]]], [[50, [50, 39, 38, 27]]], [[47, [47]]]]]",,,57.38323655644307,0,15,3.066666666666667,,,,,,(not found),
363,test_data/data_demand_random_50_batch_all1_equal_random/C201_2.5.dat,4,120,1,1012.7308492477241,"[[[[0, [4, 3, 2, 1]], [6, [6, 7, 5]], [7, []], [1, []], [14, [14]], [4, []], [3, []], [2, []], [5, []], [24, [24, 8, 11, 12]], [8, []], [30, [30, 27, 20, 22]], [27, []], [20, []], [11, []], [37, [37]], [46, [46, 43, 44]], [47, [47, 49, 48]], [49, []], [12, []], [48, []], [43, []], [22, []], [44, []]], [[0, [13]], [9, [9, 19, 18]], [19, []], [18, []], [15, [15, 25, 23, 21]], [13, []], [17, [17, 29, 26, 28]], [29, []], [26, []], [36, [36, 31, 32, 33]], [31, []], [32, []], [33, []], [34, [34, 39, 35, 38]], [39, []], [35, []], [38, []], [25, []], [23, []], [50, [50, 10, 16]], [28, []], [21, []], [10, []], [41, [41, 45, 40, 42]], [45, []], [40, []], [16, []], [42, []]]], [[[6, [6, 7, 5]]], [[14, [14]]], [[9, [9, 19, 18]]], [[15, [15, 25, 23, 21]]], [[24, [24, 8, 11, 12]]], [[17, [17, 29, 26, 28]]], [[30, [30, 27, 20, 22]]], [[36, [36, 31, 32, 33]]], [[34, [34, 39, 35, 38]]], [[37, [37]]], [[46, [46, 43, 44]]], [[47, [47, 49, 48]]], [[50, [50, 10, 16]]], [[41, [41, 45, 40, 42]]]]]",,,56.41717410458166,0,14,3.2142857142857144,,,,,,(not found),
364,test_data/data_demand_random_50_batch_all1_equal_random/C201_2.5.dat,4,120,2,1052.730849247724,"[[[[0, [2, 3, 4, 1]], [15, [15, 20, 14, 12]], [24, [24, 18, 19]], [2, []], [18, []], [20, []], [19, []], [3, []], [14, []], [30, [30, 27, 11, 9]], [4, []], [27, []], [11, [37, 22]], [37, []], [9, []], [46, [46, 43, 31, 32]], [47, [47, 44, 48, 49]], [12, []], [32, []], [22, []], [44, []], [43, []], [48, []], [31, []], [1, []], [49, []]], [[0, [7, 8, 5]], [6, [6, 10, 16, 13]], [21, [21, 25, 17, 23]], [25, []], [8, []], [16, []], [5, []], [33, [33, 26, 28, 29]], [36, [36]], [7, []], [26, []], [10, []], [45, [45, 41, 40, 38]], [41, []], [17, []], [13, []], [29, []], [40, []], [28, []], [50, [50, 39, 35, 34]], [39, []], [35, []], [23, []], [38, []], [34, []], [42, [42]]]], [[[15, [15, 20, 14, 12]]], [[6, [6, 10, 16, 13]]], [[24, [24, 18, 19]]], [[21, [21, 25, 17, 23]]], [[30, [30, 27, 11, 9]]], [[33, [33, 26, 28, 29]]], [[36, [36]]], [[11, [37, 22]]], [[46, [46, 43, 31, 32]]], [[45, [45, 41, 40, 38]]], [[47, [47, 44, 48, 49]]], [[50, [50, 39, 35, 34]]], [[42, [42]]]]]",1038.1327459504216,"[[[[0, [3]], [3, []], [16, [16]], [7, [7, 6, 13, 10]], [21, [21, 12]], [6, []], [13, []], [10, []], [17, [17, 26, 29]], [26, []], [29, [9]], [36, [36, 32, 33, 37]], [12, []], [32, []], [33, []], [37, []], [9, []], [46, [46, 38, 35, 39]], [47, [47, 50, 34, 42]], [38, []], [35, []], [50, []], [39, []], [34, []], [42, []]], [[0, [4, 2, 1]], [4, []], [2, []], [19, [19, 20, 18, 11]], [11, []], [20, []], [18, []], [24, [24, 8, 14, 5]], [28, [28]], [8, []], [14, []], [30, [30, 25, 23, 31]], [23, []], [25, []], [27, [27, 15, 22]], [5, []], [15, []], [41, [41, 45, 40]], [45, []], [40, []], [49, [49, 48, 43, 44]], [1, []], [31, []], [48, []], [43, []], [22, []], [44, []]]], [[[16, [16]]], [[7, [7, 6, 13, 10]]], [[19, [19, 20, 18, 11]]], [[24, [24, 8, 14, 5]]], [[21, [21, 12]]], [[17, [17, 26, 29]], [28, [28]]], [[29, [9]]], [[30, [30, 25, 23, 31]]], [[36, [36, 32, 33, 37]]], [[27, [27, 15, 22]]], [[46, [46, 38, 35, 39]]], [[41, [41, 45, 40]]], [[49, [49, 48, 43, 44]]], [[47, [47, 50, 34, 42]]]]]",51.28331117752847,0,13,3.3076923076923075,54.26156246976337,1,14,3.2857142857142856,,,
365,test_data/data_demand_random_50_batch_all1_equal_random/C201_2.5.dat,4,120,3,1035.0,"[[[[0, []], [5, [5, 9, 11, 8]], [9, []], [20, [20, 14, 13, 12]], [11, []], [19, [19]], [27, [27, 25, 23]], [32, [32, 31, 28, 30]], [31, []], [36, [36, 35]], [42, [42, 39, 38]], [39, []], [38, []], [8, []], [14, []], [30, []], [25, []], [23, []], [35, []], [50, [50, 40, 45, 41]], [28, []], [40, []], [45, []], [41, []], [13, []], [12, []]], [[0, [3, 4, 1]], [3, [2]], [4, []], [1, [15]], [15, []], [10, [10, 6, 7]], [21, [21, 17, 18, 22]], [6, []], [7, []], [26, [26]], [17, [29, 24]], [29, []], [24, []], [34, [34, 16, 37, 33]], [16, []], [2, []], [37, []], [46, [46, 44, 43]], [18, []], [47, [47, 49, 48]], [49, []], [48, []], [43, []], [22, []], [44, []], [33, []]]], [[[5, [5, 9, 11, 8]]], [[3, [2]]], [[1, [15]]], [[10, [10, 6, 7]]], [[20, [20, 14, 13, 12]]], [[21, [21, 17, 18, 22]]], [[19, [19]]], [[27, [27, 25, 23]]], [[26, [26]]], [[17, [29, 24]]], [[32, [32, 31, 28, 30]]], [[34, [34, 16, 37, 33]]], [[36, [36, 35]]], [[42, [42, 39, 38]]], [[46, [46, 44, 43]]], [[50, [50, 40, 45, 41]]], [[47, [47, 49, 48]]]]]",,,45.89910880423068,0,17,2.764705882352941,,,,,,(not found),
366,test_data/data_demand_random_50_batch_all1_equal_random/C201_2.5.dat,4,120,4,1035.5286750449475,"[[[[0, [2]], [6, [6]], [9, [9, 11, 5, 12]], [11, []], [20, [20]], [5, []], [27, [27, 18, 17]], [18, []], [2, []], [33, [33, 32, 31, 22]], [32, []], [31, [36, 34, 29]], [36, []], [42, [42]], [34, []], [40, [40, 45, 41]], [45, []], [41, []], [17, []], [29, []], [49, [49, 48, 43, 44]], [12, []], [48, []], [43, []], [22, []], [44, []]], [[0, [3, 4, 1]], [3, []], [1, []], [7, [7, 10, 8]], [10, []], [14, [14, 16, 15, 13]], [4, []], [13, []], [26, [26, 21, 28]], [21, [25, 30, 19]], [28, []], [16, []], [15, [37, 24, 35, 23]], [24, []], [38, [38]], [25, []], [30, []], [8, []], [35, []], [23, []], [50, [50, 39, 47, 46]], [39, []], [47, []], [19, []], [37, []], [46, []]]], [[[6, [6]]], [[7, [7, 10, 8]]], [[9, [9, 11, 5, 12]]], [[14, [14, 16, 15, 13]]], [[20, [20]]], [[27, [27, 18, 17]]], [[26, [26, 21, 28]]], [[33, [33, 32, 31, 22]]], [[21, [25, 30, 19]]], [[31, [36, 34, 29]]], [[15, [37, 24, 35, 23]]], [[42, [42]]], [[38, [38]]], [[40, [40, 45, 41]]], [[49, [49, 48, 43, 44]]], [[50, [50, 39, 47, 46]]]]]",,,53.63663594244439,0,16,2.875,,,,,,(not found),
367,test_data/data_demand_random_50_batch_all1_equal_random/C201_2.5.dat,4,120,5,1004.7099202643649,"[[[[0, [4, 2, 3]], [4, []], [20, [20, 11, 8, 16]], [11, []], [3, []], [27, [27, 28, 25, 14]], [28, []], [25, []], [8, []], [14, []], [30, [30, 35, 23, 19]], [35, []], [23, []], [38, [38, 34, 18]], [46, [46, 37, 39]], [37, []], [19, []], [18, []], [39, []], [50, [50, 47]], [34, []], [16, []], [2, []], [47, []]], [[0, [1]], [1, []], [9, [9, 7, 10, 6]], [5, [5, 15, 12, 13]], [6, []], [17, [17, 21, 24]], [7, []], [13, []], [21, []], [24, []], [29, [29, 31, 26, 33]], [15, []], [33, [32, 36, 22]], [32, []], [36, []], [31, []], [22, []], [44, [44, 43, 42, 40]], [43, []], [48, [48, 49, 41, 45]], [12, []], [49, []], [26, []], [10, []], [41, []], [45, []], [40, []], [42, []]]], [[[9, [9, 7, 10, 6]]], [[5, [5, 15, 12, 13]]], [[20, [20, 11, 8, 16]]], [[17, [17, 21, 24]]], [[27, [27, 28, 25, 14]]], [[29, [29, 31, 26, 33]]], [[30, [30, 35, 23, 19]]], [[33, [32, 36, 22]]], [[38, [38, 34, 18]]], [[44, [44, 43, 42, 40]]], [[46, [46, 37, 39]]], [[48, [48, 49, 41, 45]]], [[50, [50, 47]]]]]",,,52.446666291108876,0,13,3.5384615384615383,,,,,,(not found),
368,test_data/data_demand_random_50_batch_all1_equal_random/C201_2.5.dat,8,60,1,1040.2982212813472,"[[[[0, [5, 6, 17, 7, 10]], [7, []], [10, []], [6, []], [17, []], [5, []], [24, [24, 28, 23, 29, 26, 31, 22, 32]], [28, []], [23, []], [34, [34, 42, 40, 15]], [42, []], [15, []], [29, [45, 41, 36, 43, 44]], [40, []], [45, []], [41, []], [26, []], [36, []], [31, []], [43, []], [44, []], [22, []], [48, [48, 49, 33]], [32, []], [49, []], [33, []]], [[0, [2, 4, 3, 1]], [2, []], [4, []], [1, []], [12, [12, 13, 16, 14, 8, 11]], [13, []], [16, [21, 18, 19, 20]], [21, []], [18, []], [19, []], [20, [27, 25]], [3, [30, 35, 9, 37]], [27, []], [25, []], [14, []], [30, []], [8, []], [35, []], [11, []], [9, []], [37, [46, 50, 47, 38, 39]], [46, []], [38, []], [39, []], [50, []], [47, []]]], [[[12, [12, 13, 16, 14, 8, 11]]], [[16, [21, 18, 19, 20]]], [[24, [24, 28, 23, 29, 26, 31, 22, 32]]], [[20, [27, 25]]], [[3, [30, 35, 9, 37]]], [[34, [34, 42, 40, 15]]], [[29, [45, 41, 36, 43, 44]]], [[37, [46, 50, 47, 38, 39]]], [[48, [48, 49, 33]]]]]",,,41.984228475657794,0,9,4.555555555555555,,,,,,(not found),
369,test_data/data_demand_random_50_batch_all1_equal_random/C201_2.5.dat,8,60,2,1041.6155281280883,"[[[[0, [15, 2]], [5, [5, 7, 13, 10, 6, 14, 8, 12]], [15, []], [2, []], [29, [29, 21, 24, 27, 25, 23, 28, 17]], [7, []], [13, []], [10, []], [6, []], [21, []], [24, []], [34, [34, 26, 32]], [27, [38, 30, 35, 39, 40, 41, 36]], [25, []], [38, []], [14, []], [30, []], [8, []], [35, []], [23, []], [39, [50, 45, 49, 33]], [50, []], [28, []], [40, []], [45, []], [41, []], [17, []], [26, []], [36, []], [12, []], [32, []], [49, []], [33, []]], [[0, [4, 3, 1]], [19, [19, 20, 16, 18, 11, 9]], [16, []], [4, []], [18, []], [3, []], [11, []], [9, []], [37, [37, 42, 22, 31]], [20, [46]], [46, []], [47, [47, 48, 44, 43]], [42, []], [1, []], [31, []], [48, []], [43, []], [22, []], [44, []]]], [[[5, [5, 7, 13, 10, 6, 14, 8, 12]]], [[19, [19, 20, 16, 18, 11, 9]]], [[29, [29, 21, 24, 27, 25, 23, 28, 17]]], [[37, [37, 42, 22, 31]]], [[34, [34, 26, 32]]], [[27, [38, 30, 35, 39, 40, 41, 36]]], [[20, [46]]], [[47, [47, 48, 44, 43]]], [[39, [50, 45, 49, 33]]]]]",,,38.89125792565885,0,9,5.0,,,,,,(not found),
370,test_data/data_demand_random_50_batch_all1_equal_random/C201_2.5.dat,8,60,3,1045.8035085019828,"[[[[0, [9, 1]], [9, []], [1, []], [18, [18, 28, 21, 24, 5, 11, 8, 14]], [28, []], [21, []], [24, []], [34, [34, 20, 19, 25, 23, 27]], [5, []], [20, []], [19, []], [37, [37, 46, 35, 30, 38, 39]], [11, []], [46, []], [25, []], [23, []], [35, []], [8, []], [30, []], [14, []], [38, []], [39, [50, 47]], [50, []], [27, []], [47, []]], [[0, [3, 4]], [3, []], [4, []], [2, [7, 6, 2, 10]], [7, []], [6, []], [15, [15, 16, 12, 17, 13]], [16, []], [12, []], [13, []], [29, [29]], [33, [33, 22, 32, 31, 26]], [22, []], [42, [42, 36]], [32, []], [31, []], [36, [40, 45, 41, 43, 44]], [26, []], [17, []], [40, []], [45, []], [41, []], [10, []], [49, [49, 48]], [48, []], [43, []], [44, []]]], [[[2, [7, 6, 2, 10]]], [[15, [15, 16, 12, 17, 13]]], [[18, [18, 28, 21, 24, 5, 11, 8, 14]]], [[29, [29]]], [[33, [33, 22, 32, 31, 26]]], [[34, [34, 20, 19, 25, 23, 27]]], [[42, [42, 36]]], [[36, [40, 45, 41, 43, 44]]], [[37, [37, 46, 35, 30, 38, 39]]], [[49, [49, 48]]], [[39, [50, 47]]]]]",,,36.484162188130206,0,11,4.181818181818182,,,,,,(not found),
371,test_data/data_demand_random_50_batch_all1_equal_random/C201_2.5.dat,8,60,4,1041.0831891575845,"[[[[0, [9, 7, 1]], [9, []], [29, [29, 26, 13, 12, 19]], [7, []], [26, []], [13, []], [31, [31, 36, 32, 33, 37, 22]], [1, []], [36, []], [12, []], [32, []], [33, []], [19, [46, 44, 43]], [46, []], [37, []], [44, []], [22, []], [43, []], [48, [48, 49]], [49, []]], [[0, [4, 3, 2]], [20, [20, 11, 18, 16, 5, 14, 15]], [11, []], [18, []], [3, []], [2, [21, 24, 23, 25, 28, 17]], [21, []], [24, []], [34, [34, 27, 30, 8, 6, 10]], [16, []], [5, []], [15, []], [27, [35, 38, 39, 40, 42]], [4, []], [14, []], [30, []], [8, []], [35, []], [23, []], [25, []], [38, []], [39, [50, 47, 45, 41]], [50, []], [28, []], [40, []], [6, []], [45, []], [41, []], [10, []], [17, []], [42, []], [47, []]]], [[[20, [20, 11, 18, 16, 5, 14, 15]]], [[2, [21, 24, 23, 25, 28, 17]]], [[29, [29, 26, 13, 12, 19]]], [[31, [31, 36, 32, 33, 37, 22]]], [[34, [34, 27, 30, 8, 6, 10]]], [[27, [35, 38, 39, 40, 42]]], [[19, [46, 44, 43]]], [[39, [50, 47, 45, 41]]], [[48, [48, 49]]]]]",,,41.17849748766661,0,9,4.888888888888889,,,,,,(not found),
372,test_data/data_demand_random_50_batch_all1_equal_random/C201_2.5.dat,8,60,5,1028.3132079158281,"[[[[0, [2]], [5, [5, 7]], [7, []], [15, [15, 14, 8, 11, 13]], [2, []], [13, []], [29, [29, 26, 17, 21, 28, 24, 23, 25]], [26, []], [17, []], [21, []], [28, []], [24, [30, 35, 27, 20, 9]], [14, []], [30, []], [8, []], [35, []], [23, []], [25, []], [27, []], [20, []], [11, []], [9, []], [37, [37, 46, 38, 39, 50, 47]], [46, []], [38, []], [39, []], [50, []], [47, []]], [[0, [1, 4, 3]], [4, []], [18, [18, 19, 10, 6, 16, 12]], [19, []], [3, [22]], [22, []], [31, [31]], [33, [33]], [32, [32, 36, 34]], [1, []], [36, []], [34, []], [12, [43, 44]], [43, []], [44, []], [48, [48, 49, 41, 45, 40, 42]], [49, []], [10, []], [41, []], [45, []], [6, []], [40, []], [16, []], [42, []]]], [[[5, [5, 7]]], [[15, [15, 14, 8, 11, 13]]], [[18, [18, 19, 10, 6, 16, 12]]], [[3, [22]]], [[29, [29, 26, 17, 21, 28, 24, 23, 25]]], [[31, [31]]], [[33, [33]]], [[32, [32, 36, 34]]], [[24, [30, 35, 27, 20, 9]]], [[12, [43, 44]]], [[48, [48, 49, 41, 45, 40, 42]]], [[37, [37, 46, 38, 39, 50, 47]]]]]",,,39.48956466668684,0,12,3.8333333333333335,,,,,,(not found),
373,test_data/data_demand_random_50_batch_all1_equal_random/C201_2.5.dat,8,90,1,1004.7099202643649,"[[[[0, [1, 2]], [6, [6, 7]], [7, []], [2, []], [19, [19, 16, 13, 10, 12]], [16, []], [13, []], [10, []], [1, []], [12, []], [33, [33, 29, 17, 22]], [29, []], [34, [34, 36, 31, 32, 26]], [36, []], [31, []], [32, []], [44, [44, 43]], [22, []], [43, []], [48, [48, 49, 41, 45, 40, 42]], [49, []], [26, []], [17, []], [41, []], [45, []], [40, []], [42, []]], [[0, [4]], [14, [14, 5, 3, 15, 11, 9, 8]], [4, []], [15, []], [5, []], [3, []], [28, [28, 21, 27, 20, 18, 23, 24, 25]], [21, []], [24, []], [25, []], [30, [30, 35, 37]], [8, []], [35, []], [27, []], [20, []], [46, [46, 38]], [11, []], [9, []], [37, []], [18, []], [38, []], [23, [50, 39, 47]], [50, []], [39, []], [47, []]]], [[[14, [14, 5, 3, 15, 11, 9, 8]]], [[6, [6, 7]]], [[19, [19, 16, 13, 10, 12]]], [[28, [28, 21, 27, 20, 18, 23, 24, 25]]], [[33, [33, 29, 17, 22]]], [[34, [34, 36, 31, 32, 26]]], [[30, [30, 35, 37]]], [[46, [46, 38]]], [[44, [44, 43]]], [[48, [48, 49, 41, 45, 40, 42]]], [[23, [50, 39, 47]]]]]",1072.142135623731,"[[[[0, []], [13, [13, 9, 12, 16]], [12, []], [24, [24, 21]], [21, []], [16, []], [32, [32, 22, 33, 19, 20, 11]], [22, []], [33, []], [19, []], [20, []], [9, []], [37, [37, 46, 36, 31]], [11, []], [46, []], [49, [49, 48, 43, 44]], [36, []], [31, []], [48, []], [43, []], [44, []]], [[0, [1, 2, 4]], [4, []], [8, [8, 7, 5]], [15, [15, 10, 14, 6]], [7, []], [1, []], [2, []], [5, []], [26, [26, 17, 3, 29, 25, 23, 27, 18]], [10, []], [17, []], [29, []], [25, []], [23, []], [35, [35, 30]], [30, []], [14, []], [27, [38, 39, 28, 34]], [38, []], [39, []], [18, []], [3, []], [50, [50, 40, 41, 45, 42, 47]], [28, []], [6, []], [40, []], [41, []], [45, []], [34, []], [42, []], [47, []]]], [[[8, [8, 7, 5]]], [[15, [15, 10, 14, 6]], [13, [13, 9, 12, 16]]], [[26, [26, 17, 3, 29, 25, 23, 27, 18]]], [[24, [24, 21]]], [[32, [32, 22, 33, 19, 20, 11]]], [[35, [35, 30]]], [[27, [38, 39, 28, 34]]], [[37, [37, 46, 36, 31]]], [[49, [49, 48, 43, 44]]], [[50, [50, 40, 41, 45, 42, 47]]]]]",56.73904661593632,0,11,4.2727272727272725,55.369046332208406,1,10,4.7,,,
374,test_data/data_demand_random_50_batch_all1_equal_random/C201_2.5.dat,8,90,2,1015.8035085019827,"[[[[0, [2, 3, 4]], [4, []], [9, [9, 5, 11]], [2, []], [19, [19, 25, 21, 18]], [25, [27, 20]], [21, []], [5, []], [27, []], [20, []], [37, [37, 33]], [11, []], [46, [46]], [3, []], [18, [47, 49, 48, 43, 44]], [47, []], [33, []], [49, []], [48, []], [43, []], [44, []]], [[0, [1]], [15, [15, 7, 6, 13, 12, 16, 14, 8]], [7, []], [6, []], [13, []], [24, [24, 10]], [26, [26, 23, 17, 29, 22, 28]], [22, []], [1, []], [32, [32, 31, 30]], [31, []], [12, []], [36, [36, 34, 39, 38, 35]], [16, []], [34, []], [39, []], [38, []], [14, []], [30, []], [8, []], [35, []], [23, []], [50, [50, 40, 45, 41, 42]], [28, []], [40, []], [45, []], [41, []], [10, []], [17, []], [29, []], [42, []]]], [[[9, [9, 5, 11]]], [[15, [15, 7, 6, 13, 12, 16, 14, 8]]], [[19, [19, 25, 21, 18]]], [[24, [24, 10]]], [[25, [27, 20]]], [[26, [26, 23, 17, 29, 22, 28]]], [[32, [32, 31, 30]]], [[37, [37, 33]]], [[36, [36, 34, 39, 38, 35]]], [[46, [46]]], [[18, [47, 49, 48, 43, 44]]], [[50, [50, 40, 45, 41, 42]]]]]",1073.1389716350664,"[[[[0, []], [11, [11, 10, 7, 6]], [10, [13, 15, 16]], [7, []], [6, []], [13, []], [28, [28, 21, 24, 29, 26, 17, 18, 20]], [21, []], [24, []], [29, []], [26, []], [17, []], [15, []], [34, [34]], [16, []], [18, [46, 37, 39, 42, 33]], [20, []], [46, []], [37, []], [50, [50, 47, 49]], [39, []], [47, []], [42, []], [49, []], [33, []]], [[0, [3, 2, 4]], [3, []], [5, [5, 9, 14, 8]], [1, [1, 12]], [12, []], [9, []], [19, [19, 27, 23, 25, 22]], [2, []], [27, []], [23, []], [25, []], [14, []], [4, []], [30, [30]], [8, []], [38, [38, 35, 40, 41, 36, 31, 32]], [35, []], [40, []], [45, [45, 43, 44]], [41, []], [36, [48]], [31, []], [43, []], [22, []], [44, []], [48, []], [32, []]]], [[[11, [11, 10, 7, 6]]], [[5, [5, 9, 14, 8]]], [[1, [1, 12]]], [[10, [13, 15, 16]]], [[19, [19, 27, 23, 25, 22]]], [[28, [28, 21, 24, 29, 26, 17, 18, 20]]], [[30, [30]]], [[34, [34]], [38, [38, 35, 40, 41, 36, 31, 32]]], [[18, [46, 37, 39, 42, 33]]], [[45, [45, 43, 44]]], [[36, [48]]], [[50, [50, 47, 49]]]]]",48.96332585168213,0,12,3.8333333333333335,55.31554652249516,1,12,3.9166666666666665,,,
375,test_data/data_demand_random_50_batch_all1_equal_random/C201_2.5.dat,8,90,3,1026.151252527933,"[[[[0, [2]], [5, [5, 3, 6]], [6, []], [7, [7, 11, 8]], [2, []], [11, []], [20, [20, 18, 19, 23, 14, 25]], [18, []], [19, []], [25, []], [8, [27, 16, 30]], [14, []], [30, []], [35, [35, 34, 36, 31, 32, 33]], [23, []], [3, []], [27, []], [34, []], [16, []], [36, []], [31, []], [43, [43, 44, 48, 49, 47, 42]], [44, []], [48, []], [32, []], [49, []], [33, []], [47, []], [42, []]], [[0, [4, 1]], [4, []], [9, [9]], [1, []], [22, [22, 12, 13, 10, 17, 15]], [12, []], [26, [26, 29, 28, 24, 21]], [13, []], [29, []], [10, []], [17, []], [28, []], [24, []], [15, []], [21, []], [41, [41]], [45, [45, 40, 39, 38, 46, 37]], [40, []], [50, [50]], [39, []], [38, []], [46, []], [37, []]]], [[[5, [5, 3, 6]]], [[9, [9]]], [[7, [7, 11, 8]]], [[20, [20, 18, 19, 23, 14, 25]]], [[22, [22, 12, 13, 10, 17, 15]]], [[8, [27, 16, 30]]], [[26, [26, 29, 28, 24, 21]]], [[35, [35, 34, 36, 31, 32, 33]]], [[41, [41]]], [[45, [45, 40, 39, 38, 46, 37]]], [[43, [43, 44, 48, 49, 47, 42]]], [[50, [50]]]]]",1083.39696961967,"[[[[0, [2, 1]], [1, []], [2, []], [5, [5, 12, 11, 9, 7, 10]], [12, []], [11, []], [9, []], [20, [20, 21]], [21, [29, 22, 26, 13]], [29, []], [33, [33, 36]], [22, [41, 40, 32, 31]], [36, []], [26, []], [7, []], [10, []], [41, []], [45, [45, 49, 48, 43, 44]], [40, []], [13, []], [49, []], [32, []], [31, []], [48, []], [43, []], [44, []]], [[0, [4, 3]], [6, [6]], [24, [24, 17, 16, 15, 8, 14]], [17, []], [16, []], [15, []], [8, []], [14, []], [30, [30, 27, 18, 25, 23, 28, 19]], [4, []], [27, []], [18, []], [3, []], [38, [38, 35, 39, 34, 42]], [25, []], [35, []], [23, []], [28, []], [50, [50, 47, 46, 37]], [39, []], [34, []], [42, []], [47, []], [19, []], [46, []], [37, []]]], [[[6, [6]], [5, [5, 12, 11, 9, 7, 10]]], [[20, [20, 21]]], [[24, [24, 17, 16, 15, 8, 14]]], [[21, [29, 22, 26, 13]]], [[30, [30, 27, 18, 25, 23, 28, 19]]], [[33, [33, 36]]], [[38, [38, 35, 39, 34, 42]]], [[22, [41, 40, 32, 31]]], [[50, [50, 47, 46, 37]]], [[45, [45, 49, 48, 43, 44]]]]]",63.99083060841711,0,12,3.9166666666666665,59.666864804795445,1,10,4.6,,,
376,test_data/data_demand_random_50_batch_all1_equal_random/C201_2.5.dat,8,90,4,1016.7308492477241,"[[[[0, [2, 3]], [6, [6, 9, 5, 11, 12]], [9, []], [19, [19]], [5, []], [2, []], [27, [27, 20, 18, 22]], [3, []], [20, []], [11, []], [37, [37]], [18, [39, 34, 36, 31, 32, 33]], [39, []], [34, []], [36, []], [31, []], [12, []], [32, []], [22, []], [44, [44, 43, 48, 49, 47]], [43, []], [48, []], [49, []], [33, []], [47, []]], [[0, [1, 4]], [8, [8]], [1, [15, 7, 13, 14, 10, 16]], [15, []], [7, []], [29, [29, 26, 17, 23, 25, 28, 21, 24]], [13, []], [26, []], [17, []], [21, []], [24, []], [23, []], [35, [35, 30]], [30, []], [14, []], [4, []], [46, [46, 38, 40, 41, 42]], [38, []], [25, []], [50, [50, 45]], [28, []], [40, []], [10, []], [41, []], [45, []], [16, []], [42, []]]], [[[6, [6, 9, 5, 11, 12]]], [[8, [8]]], [[1, [15, 7, 13, 14, 10, 16]]], [[19, [19]]], [[27, [27, 20, 18, 22]]], [[29, [29, 26, 17, 23, 25, 28, 21, 24]]], [[35, [35, 30]]], [[37, [37]]], [[18, [39, 34, 36, 31, 32, 33]]], [[46, [46, 38, 40, 41, 42]]], [[50, [50, 45]]], [[44, [44, 43, 48, 49, 47]]]]]",,,53.988009438522255,0,12,3.8333333333333335,,,,,,(not found),
377,test_data/data_demand_random_50_batch_all1_equal_random/C201_2.5.dat,8,90,5,1017.3112887414927,"[[[[0, [2, 4]], [13, [13, 10, 6, 14, 8]], [10, []], [6, []], [14, []], [2, []], [4, []], [8, []], [30, [30, 28, 21, 17]], [35, [35, 33]], [28, [26, 22, 40]], [21, []], [40, []], [45, [45, 41, 36, 31, 32]], [41, []], [17, []], [26, []], [36, []], [31, []], [43, [43, 44, 48, 49]], [22, []], [44, []], [48, []], [32, []], [49, []], [33, []]], [[0, [3, 1]], [1, []], [7, [7, 12, 5, 15, 16, 11, 9]], [12, []], [19, [19, 24]], [5, [29, 27, 20, 18, 25, 23]], [24, []], [29, []], [15, []], [16, []], [27, []], [37, [37, 42]], [11, []], [9, []], [46, [46, 39, 38, 34]], [20, []], [3, []], [18, []], [47, [47, 50]], [39, []], [50, []], [25, []], [23, []], [38, []], [34, []], [42, []]]], [[[13, [13, 10, 6, 14, 8]]], [[7, [7, 12, 5, 15, 16, 11, 9]]], [[19, [19, 24]]], [[5, [29, 27, 20, 18, 25, 23]]], [[30, [30, 28, 21, 17]]], [[35, [35, 33]]], [[28, [26, 22, 40]]], [[37, [37, 42]]], [[45, [45, 41, 36, 31, 32]]], [[46, [46, 39, 38, 34]]], [[47, [47, 50]]], [[43, [43, 44, 48, 49]]]]]",1078.6619037896908,"[[[[0, []], [7, [7, 10, 13, 15, 14, 8, 16, 6]], [15, []], [29, [29, 17, 26, 28, 25, 23, 27, 18]], [10, []], [17, []], [13, []], [26, []], [28, []], [25, []], [14, []], [30, [30, 35, 38, 42, 40, 41, 21]], [8, []], [35, []], [23, []], [38, []], [27, []], [18, []], [47, [47, 45, 50, 39]], [42, []], [16, []], [40, []], [6, []], [45, []], [41, []], [21, []], [50, []], [39, []]], [[0, [3, 2, 4, 1]], [4, []], [11, [11, 5, 12]], [3, []], [2, [9, 20]], [9, []], [19, [19, 24, 22]], [24, []], [1, []], [31, [31]], [5, [34, 36, 32, 33, 37]], [34, []], [36, []], [12, []], [32, []], [22, []], [44, [44, 43]], [43, []], [48, [48, 49, 46]], [49, []], [33, []], [20, []], [46, []], [37, []]]], [[[11, [11, 5, 12]]], [[7, [7, 10, 13, 15, 14, 8, 16, 6]]], [[2, [9, 20]]], [[19, [19, 24, 22]]], [[29, [29, 17, 26, 28, 25, 23, 27, 18]]], [[31, [31]]], [[5, [34, 36, 32, 33, 37]]], [[30, [30, 35, 38, 42, 40, 41, 21]]], [[44, [44, 43]]], [[47, [47, 45, 50, 39]], [48, [48, 49, 46]]]]]",57.817225560912725,0,12,3.8333333333333335,51.83014792831221,1,10,4.6,,,
378,test_data/data_demand_random_50_batch_all1_equal_random/C201_2.5.dat,8,120,1,1035.5286750449475,"[[[[0, [2]], [2, [12, 7, 8, 11]], [12, []], [7, []], [25, [25]], [27, [27, 17, 23, 18, 20, 19]], [17, []], [36, [36, 31]], [31, []], [42, [42, 38, 30, 35, 39, 37]], [38, []], [8, []], [30, []], [35, []], [23, []], [50, [50, 47, 46]], [39, []], [47, []], [18, []], [37, []], [11, []], [46, []], [20, []], [19, []]], [[0, [3, 4, 1]], [9, [9, 14, 6, 5, 15, 16, 13, 10]], [3, []], [4, []], [14, []], [6, []], [28, [28, 21, 24, 29, 26, 33, 32, 22]], [21, []], [24, []], [5, []], [15, []], [16, []], [34, [34]], [29, []], [26, []], [13, []], [40, [40, 45, 41, 43, 44]], [45, []], [41, []], [10, []], [33, []], [1, []], [49, [49, 48]], [32, []], [48, []], [43, []], [22, []], [44, []]]], [[[2, [12, 7, 8, 11]]], [[9, [9, 14, 6, 5, 15, 16, 13, 10]]], [[25, [25]]], [[27, [27, 17, 23, 18, 20, 19]]], [[28, [28, 21, 24, 29, 26, 33, 32, 22]]], [[34, [34]]], [[36, [36, 31]]], [[42, [42, 38, 30, 35, 39, 37]]], [[40, [40, 45, 41, 43, 44]]], [[49, [49, 48]]], [[50, [50, 47, 46]]]]]",1180.443663923948,"[[[[0, [1, 2, 3]], [5, [5, 15, 8, 9]], [1, [11, 18]], [15, []], [2, []], [8, []], [27, [27, 30, 20, 19, 22]], [30, []], [3, []], [18, []], [20, []], [37, [37, 32, 33]], [9, []], [11, []], [46, [46]], [19, [47, 44, 43, 48]], [47, []], [22, []], [44, []], [43, []], [48, []], [32, []], [33, []]], [[0, []], [12, [12, 7, 4]], [7, []], [14, [14, 6, 16, 10, 17, 13]], [4, []], [24, [24, 23, 21, 28, 29, 25, 26]], [23, []], [21, []], [28, []], [29, [31, 36]], [16, [34, 39, 38, 35, 41, 40]], [34, []], [39, []], [38, []], [35, []], [25, []], [50, [50, 45, 42, 49]], [6, []], [10, []], [41, []], [45, []], [40, []], [17, []], [13, []], [26, []], [36, []], [31, []], [49, []], [42, []]]], [[[12, [12, 7, 4]]], [[14, [14, 6, 16, 10, 17, 13]]], [[5, [5, 15, 8, 9]]], [[1, [11, 18]]], [[24, [24, 23, 21, 28, 29, 25, 26]]], [[27, [27, 30, 20, 19, 22]]], [[37, [37, 32, 33]], [29, [31, 36]]], [[16, [34, 39, 38, 35, 41, 40]]], [[46, [46]]], [[50, [50, 45, 42, 49]]], [[19, [47, 44, 43, 48]]]]]",47.44052778595213,0,11,4.181818181818182,49.401949072806985,1,11,4.2727272727272725,,,
379,test_data/data_demand_random_50_batch_all1_equal_random/C201_2.5.dat,8,120,2,1012.7308492477241,"[[[[0, [4, 1]], [4, []], [10, [10, 6, 12]], [6, []], [12, [14, 8, 11]], [1, []], [23, [23, 27, 24, 25, 22]], [27, []], [24, []], [30, [30, 35, 37, 33]], [14, []], [8, []], [35, []], [25, []], [46, [46, 44, 43]], [11, []], [37, []], [44, [48, 49]], [22, []], [43, []], [48, []], [49, []], [33, []]], [[0, [2, 3]], [2, []], [15, [15, 5, 9, 13, 7, 16]], [5, []], [19, [19, 20, 18]], [9, [29, 17, 26, 21, 28]], [20, []], [3, []], [18, []], [32, [32, 31, 36]], [31, []], [36, []], [29, [40, 41, 38, 39, 34]], [40, []], [13, []], [17, []], [26, []], [7, []], [41, []], [45, [45]], [21, []], [28, []], [50, [50, 42, 47]], [38, []], [39, []], [34, []], [16, []], [42, []], [47, []]]], [[[15, [15, 5, 9, 13, 7, 16]]], [[10, [10, 6, 12]]], [[12, [14, 8, 11]]], [[23, [23, 27, 24, 25, 22]]], [[19, [19, 20, 18]]], [[9, [29, 17, 26, 21, 28]]], [[32, [32, 31, 36]]], [[30, [30, 35, 37, 33]]], [[29, [40, 41, 38, 39, 34]]], [[45, [45]]], [[46, [46, 44, 43]]], [[50, [50, 42, 47]]], [[44, [48, 49]]]]]",1028.6619037896908,"[[[[0, []], [7, [7, 13, 10, 6]], [6, []], [29, [29, 28, 26, 17, 19]], [28, []], [33, [33, 32]], [32, []], [31, [31, 36]], [36, [41, 40, 39, 38, 37]], [26, []], [13, []], [17, []], [10, []], [41, []], [45, [45]], [40, []], [50, [50, 46]], [39, []], [38, []], [46, []], [37, []], [19, []]], [[0, [4, 3, 1]], [9, [9, 11, 2, 12]], [11, []], [2, []], [18, [18, 21, 24, 22]], [20, [20, 5, 16, 8, 14, 15]], [5, []], [16, []], [24, []], [21, []], [15, []], [34, [34, 35, 30, 25, 23, 27]], [25, []], [23, []], [35, []], [8, []], [30, []], [14, []], [4, []], [27, []], [3, []], [47, [47, 48, 44, 43, 49, 42]], [48, []], [22, []], [44, []], [43, []], [12, []], [49, []], [1, []], [42, []]]], [[[7, [7, 13, 10, 6]]], [[9, [9, 11, 2, 12]]], [[18, [18, 21, 24, 22]]], [[20, [20, 5, 16, 8, 14, 15]]], [[29, [29, 28, 26, 17, 19]]], [[33, [33, 32]]], [[34, [34, 35, 30, 25, 23, 27]]], [[31, [31, 36]]], [[36, [41, 40, 39, 38, 37]]], [[45, [45]]], [[47, [47, 48, 44, 43, 49, 42]], [50, [50, 46]]]]]",57.242177874406885,0,13,3.5384615384615383,50.654736513637395,1,11,4.2727272727272725,,,
380,test_data/data_demand_random_50_batch_all1_equal_random/C201_2.5.dat,8,120,3,1035.5286750449475,"[[[[0, [1, 4, 3]], [1, []], [3, []], [4, []], [18, [18, 14, 15, 6, 16, 13, 10, 7]], [14, []], [15, []], [28, [28, 21, 29, 24, 17, 26]], [6, []], [21, []], [29, []], [24, []], [34, [34, 40]], [16, []], [13, []], [17, []], [40, [45, 41, 36, 31, 42]], [45, []], [41, []], [10, []], [7, []], [26, []], [36, []], [31, []], [43, [43, 44, 48, 49]], [44, []], [48, []], [49, []], [42, []]], [[0, [2]], [5, [5, 12, 9, 11, 8]], [12, []], [9, []], [11, []], [22, [22, 32, 30, 23, 25, 20, 27, 19]], [32, []], [33, [33]], [2, []], [27, []], [8, []], [30, []], [35, [35, 38, 39]], [23, []], [25, []], [38, []], [50, [50, 47, 46, 37]], [39, []], [20, []], [46, []], [37, []], [19, []], [47, []]]], [[[5, [5, 12, 9, 11, 8]]], [[18, [18, 14, 15, 6, 16, 13, 10, 7]]], [[28, [28, 21, 29, 24, 17, 26]]], [[22, [22, 32, 30, 23, 25, 20, 27, 19]]], [[33, [33]]], [[35, [35, 38, 39]]], [[34, [34, 40]]], [[40, [45, 41, 36, 31, 42]]], [[50, [50, 47, 46, 37]]], [[43, [43, 44, 48, 49]]]]]",1043.5286750449475,"[[[[0, [4, 3]], [8, [8, 14, 7, 10, 6, 13]], [18, [18, 22]], [14, []], [4, []], [3, []], [33, [33, 32, 31, 36, 29, 26, 17]], [32, []], [22, []], [31, []], [36, []], [29, []], [26, []], [7, []], [41, [41, 40, 45]], [10, []], [45, []], [6, []], [40, []], [17, []], [13, [49, 48, 43, 44]], [49, []], [48, []], [43, []], [44, []]], [[0, [2, 1]], [1, []], [12, [12, 15, 16, 5, 11, 9]], [2, []], [15, []], [16, []], [5, []], [21, [21, 24]], [24, [28, 20, 19, 25, 23, 27]], [28, []], [20, []], [19, []], [42, [42, 34, 39, 38, 30, 35, 37]], [34, []], [39, []], [38, []], [25, []], [30, []], [35, []], [23, []], [50, [50, 46, 47]], [27, []], [46, []], [11, []], [9, []], [37, []], [47, []]]], [[[8, [8, 14, 7, 10, 6, 13]]], [[12, [12, 15, 16, 5, 11, 9]]], [[18, [18, 22]]], [[21, [21, 24]]], [[24, [28, 20, 19, 25, 23, 27]]], [[42, [42, 34, 39, 38, 30, 35, 37]]], [[33, [33, 32, 31, 36, 29, 26, 17]]], [[41, [41, 40, 45]]], [[50, [50, 46, 47]], [13, [49, 48, 43, 44]]]]]",51.251548066119554,0,10,4.6,52.29398338562134,1,9,5.111111111111111,,,
381,test_data/data_demand_random_50_batch_all1_equal_random/C201_2.5.dat,8,120,4,1016.7308492477241,"[[[[0, [2, 3]], [6, [6, 9, 5, 11, 12]], [9, []], [19, [19]], [5, []], [2, []], [27, [27, 20, 18, 22]], [3, []], [20, []], [11, []], [37, [37]], [18, [39, 34, 36, 31, 32, 33]], [39, []], [34, []], [36, []], [31, []], [12, []], [32, []], [22, []], [44, [44, 43, 48, 49, 47]], [43, []], [48, []], [49, []], [33, []], [47, []]], [[0, [1, 4]], [8, [8]], [1, [15, 7, 13, 14, 10, 16]], [15, []], [7, []], [29, [29, 26, 17, 23, 25, 28, 21, 24]], [13, []], [26, []], [17, []], [21, []], [24, []], [23, []], [35, [35, 30]], [30, []], [14, []], [4, []], [46, [46, 38, 40, 41, 42]], [38, []], [25, []], [50, [50, 45]], [28, []], [40, []], [10, []], [41, []], [45, []], [16, []], [42, []]]], [[[6, [6, 9, 5, 11, 12]]], [[8, [8]]], [[1, [15, 7, 13, 14, 10, 16]]], [[19, [19]]], [[27, [27, 20, 18, 22]]], [[29, [29, 26, 17, 23, 25, 28, 21, 24]]], [[35, [35, 30]]], [[37, [37]]], [[18, [39, 34, 36, 31, 32, 33]]], [[46, [46, 38, 40, 41, 42]]], [[50, [50, 45]]], [[44, [44, 43, 48, 49, 47]]]]]",1016.7308492477241,"[[[[0, [3]], [7, [7, 14, 8, 12]], [19, [19, 23, 25, 24, 22]], [18, [18, 20, 27]], [20, []], [3, []], [27, []], [30, [30, 35, 34, 36, 31, 32, 33]], [14, []], [8, []], [35, []], [23, []], [25, []], [24, []], [34, []], [36, []], [31, []], [48, [48, 43, 44, 49, 47]], [43, []], [44, []], [22, []], [32, []], [12, []], [49, []], [33, []], [47, []]], [[0, [4, 2, 1]], [4, []], [6, [6, 9, 11, 10]], [13, [13, 5, 15, 16]], [5, []], [15, []], [16, []], [2, []], [1, []], [26, [26, 29, 17, 28, 21]], [29, []], [17, []], [9, []], [37, [37]], [11, []], [46, [46, 38, 39, 41, 45, 40, 42]], [38, []], [39, []], [50, [50]], [28, []], [21, []], [10, []], [41, []], [45, []], [40, []], [42, []]]], [[[6, [6, 9, 11, 10]]], [[13, [13, 5, 15, 16]], [7, [7, 14, 8, 12]]], [[19, [19, 23, 25, 24, 22]]], [[26, [26, 29, 17, 28, 21]]], [[18, [18, 20, 27]]], [[37, [37]]], [[30, [30, 35, 34, 36, 31, 32, 33]]], [[46, [46, 38, 39, 41, 45, 40, 42]]], [[48, [48, 43, 44, 49, 47]]], [[50, [50]]]]]",53.988009438522255,0,12,3.8333333333333335,57.8143489012362,1,10,4.6,,,
382,test_data/data_demand_random_50_batch_all1_equal_random/C201_2.5.dat,8,120,5,1035.5286750449475,"[[[[0, [4, 3, 1, 2]], [2, []], [9, [9, 8, 14]], [8, []], [4, [18, 5, 6, 7, 12]], [14, []], [18, []], [3, []], [33, [33, 32, 31]], [32, []], [31, []], [29, [29, 36, 34, 26, 22]], [36, []], [5, []], [42, [42, 40]], [34, []], [40, [45, 41, 43, 44]], [6, []], [45, []], [41, []], [7, []], [26, []], [1, [49, 48]], [49, []], [12, []], [48, []], [43, []], [22, []], [44, []]], [[0, []], [10, [10, 16, 15, 13, 11]], [16, []], [15, []], [24, [24, 28, 17, 21, 23, 27, 25, 19]], [28, []], [17, []], [13, []], [21, []], [23, []], [27, []], [38, [38, 35, 30, 39, 37, 20]], [25, []], [35, []], [30, []], [50, [50, 47, 46]], [39, []], [47, []], [19, []], [37, []], [11, []], [46, []], [20, []]]], [[[9, [9, 8, 14]]], [[10, [10, 16, 15, 13, 11]]], [[4, [18, 5, 6, 7, 12]]], [[24, [24, 28, 17, 21, 23, 27, 25, 19]]], [[33, [33, 32, 31]]], [[29, [29, 36, 34, 26, 22]]], [[38, [38, 35, 30, 39, 37, 20]]], [[42, [42, 40]]], [[40, [45, 41, 43, 44]]], [[50, [50, 47, 46]]], [[1, [49, 48]]]]]",1136.5228703592784,"[[[[0, [1]], [13, [13, 7, 15, 6, 16, 10, 11]], [7, []], [15, []], [16, []], [17, [17, 22, 19]], [6, []], [22, []], [32, [32]], [33, [33, 36, 31, 29, 26, 34]], [29, []], [36, []], [31, []], [1, []], [26, []], [10, []], [41, [41, 45, 40]], [45, []], [40, []], [34, [47, 37, 46]], [47, []], [37, []], [11, []], [46, []], [19, []]], [[0, [3, 2, 4]], [2, []], [12, [12, 9, 5]], [9, [8, 14]], [20, [20, 18, 24, 21]], [18, [27, 25, 23, 28]], [3, []], [5, []], [24, []], [27, []], [8, []], [30, [30]], [14, []], [4, []], [38, [38, 35, 39, 42]], [25, []], [35, []], [23, []], [28, []], [21, []], [50, [50, 49, 48, 43, 44]], [39, []], [42, []], [49, []], [48, []], [43, []], [44, []]]], [[[12, [12, 9, 5]]], [[13, [13, 7, 15, 6, 16, 10, 11]]], [[9, [8, 14]]], [[17, [17, 22, 19]]], [[20, [20, 18, 24, 21]]], [[18, [27, 25, 23, 28]]], [[32, [32]]], [[30, [30]], [33, [33, 36, 31, 29, 26, 34]]], [[38, [38, 35, 39, 42]]], [[50, [50, 49, 48, 43, 44]]], [[41, [41, 45, 40]]], [[34, [47, 37, 46]]]]]",51.79566148626684,0,11,4.181818181818182,56.44910610162231,1,12,3.8333333333333335,,,
383,test_data/data_demand_random_50_batch_all1_equal_cluster/C201_2.dat,4,60,1,1346.0,"[[[[0, [7, 30, 28, 27, 26, 10, 38, 41, 40, 39, 9, 29, 42, 44, 43, 49, 48, 4, 5]], [7, []], [33, [33, 34]], [34, []], [30, []], [28, []], [27, []], [26, []], [10, []], [38, []], [41, []], [40, []], [39, []], [9, []], [29, []], [42, []], [44, []], [43, []], [49, []], [48, []], [4, []], [5, []]], [[0, [12, 11, 8, 1, 15, 14, 18, 19, 16, 17, 22, 23, 24, 31, 32, 20, 35, 36, 37, 50, 25, 45, 46, 47, 3, 13, 21, 2, 6]], [3, []], [13, []], [12, []], [11, []], [8, []], [1, []], [15, []], [2, []], [14, []], [18, []], [19, []], [16, []], [17, []], [22, []], [23, []], [24, []], [21, []], [31, []], [32, []], [20, []], [35, []], [36, []], [37, []], [50, []], [25, []], [45, []], [46, []], [47, []], [6, []]]], [[[33, [33, 34]]]]]",,,53.81449618829485,0,1,2.0,,,,,,(not found),
384,test_data/data_demand_random_50_batch_all1_equal_cluster/C201_2.dat,4,60,2,1238.0,"[[[[0, [1, 10, 7, 26, 30, 28, 29, 27, 12, 38, 41, 40, 39, 11, 42, 43, 44, 49, 48, 47, 2, 6, 4]], [2, []], [1, []], [8, [8, 13, 9]], [10, []], [7, []], [26, []], [30, []], [28, []], [29, []], [27, []], [13, []], [9, []], [12, []], [38, []], [41, []], [40, []], [39, []], [11, []], [42, []], [43, []], [44, []], [49, []], [48, []], [47, []], [6, []], [4, []]], [[0, [14, 21, 22, 24, 23, 20, 19, 31, 32, 33, 34, 15, 35, 36, 37, 50, 25, 45, 46, 5, 3]], [18, [18, 16, 17]], [14, []], [16, []], [17, []], [21, []], [22, []], [24, []], [23, []], [20, []], [19, []], [31, []], [32, []], [33, []], [34, []], [15, []], [35, []], [36, []], [37, []], [50, []], [25, []], [45, []], [46, []], [5, []], [3, []]]], [[[8, [8, 13, 9]]], [[18, [18, 16, 17]]]]]",,,31.685691307668403,0,2,3.0,,,,,,(not found),
385,test_data/data_demand_random_50_batch_all1_equal_cluster/C201_2.dat,4,60,3,1461.0,"[[[[0, [6, 13, 11, 4, 17, 16, 31, 32, 33, 34, 35, 36, 37, 21, 50, 25, 24, 45, 46, 47, 48, 30]], [6, []], [13, []], [11, []], [4, []], [17, []], [16, []], [31, []], [32, []], [33, []], [34, []], [35, []], [36, []], [37, []], [21, []], [50, []], [25, []], [24, []], [45, []], [46, []], [47, []], [48, []], [30, []]], [[0, [5, 3, 1, 2, 9, 12, 8, 14, 15, 19, 22, 23, 20, 18, 7, 10, 38, 40, 41, 39, 27, 28, 26, 29, 42, 43, 44, 49]], [5, []], [3, []], [1, []], [2, []], [9, []], [12, []], [8, []], [14, []], [15, []], [19, []], [22, []], [23, []], [20, []], [18, []], [7, []], [10, []], [38, []], [40, []], [41, []], [39, []], [27, []], [28, []], [26, []], [29, []], [42, []], [43, []], [44, []], [49, []]]], []]",,,0.0,0,0,0.0,,,,,,(not found),
386,test_data/data_demand_random_50_batch_all1_equal_cluster/C201_2.dat,4,60,4,1266.0,"[[[[0, [11, 1, 2, 3, 26, 27, 28, 30, 29, 8, 10, 12, 9, 39, 40, 41, 38, 42, 43, 44, 49, 48, 4, 5]], [7, [7]], [11, []], [4, []], [5, []], [1, []], [2, []], [3, []], [26, []], [27, []], [28, []], [30, []], [29, []], [8, []], [10, []], [12, []], [9, []], [39, []], [40, []], [41, []], [38, []], [13, [13]], [42, []], [43, []], [44, []], [49, []], [48, []]], [[0, [16, 15, 14, 20, 23, 24, 19, 31, 32, 33, 34, 35, 37, 36, 21, 22, 50, 25, 45, 46, 47, 18, 6]], [18, []], [16, []], [15, []], [14, []], [17, [17]], [20, []], [23, []], [24, []], [19, []], [31, []], [32, []], [33, []], [34, []], [35, []], [37, []], [36, []], [21, []], [22, []], [50, []], [25, []], [45, []], [46, []], [47, []], [6, []]]], [[[7, [7]]], [[13, [13]]], [[17, [17]]]]]",,,35.480480547093514,0,3,1.0,,,,,,(not found),
387,test_data/data_demand_random_50_batch_all1_equal_cluster/C201_2.dat,4,60,5,869.3238075793812,"[[[[0, [11, 8, 4, 6]], [14, [14, 16]], [16, []], [15, [15, 30, 28]], [4, [27, 26]], [6, []], [30, []], [28, []], [27, []], [26, []], [11, [29, 13]], [8, [38, 41]], [38, [40, 39, 43, 44]], [41, []], [40, []], [39, []], [13, [42, 49, 48]], [29, []], [42, []], [43, []], [44, []], [49, []], [48, []]], [[0, [2, 5, 3, 1]], [7, [7, 9, 12, 10]], [9, []], [12, []], [2, []], [10, []], [5, []], [21, [21, 22, 23, 19]], [22, []], [23, []], [31, [31, 32, 33, 34]], [32, []], [33, [35, 36, 37, 25]], [34, []], [19, []], [18, [18, 24, 17, 20]], [17, []], [20, [50, 45, 46, 47]], [35, []], [36, []], [37, []], [50, []], [25, []], [24, []], [45, []], [46, []], [47, []], [3, []], [1, []]]], [[[14, [14, 16]]], [[7, [7, 9, 12, 10]]], [[21, [21, 22, 23, 19]]], [[15, [15, 30, 28]]], [[4, [27, 26]]], [[31, [31, 32, 33, 34]]], [[33, [35, 36, 37, 25]]], [[11, [29, 13]]], [[8, [38, 41]]], [[38, [40, 39, 43, 44]]], [[18, [18, 24, 17, 20]]], [[13, [42, 49, 48]]], [[20, [50, 45, 46, 47]]]]]",,,38.363845876069924,0,13,3.230769230769231,,,,,,(not found),
388,test_data/data_demand_random_50_batch_all1_equal_cluster/C201_2.dat,4,90,1,830.0483493925201,"[[[[0, [2, 6]], [18, [18, 19, 14, 16]], [19, []], [14, []], [16, []], [15, [15, 13, 12, 11]], [2, []], [6, []], [28, [28, 26, 27, 29]], [26, []], [27, []], [13, []], [12, []], [41, [41, 40, 39, 38]], [40, []], [39, []], [38, []], [11, []], [29, []], [42, [42, 43, 49, 44]], [43, []], [44, []], [49, []], [48, [48, 30]], [30, []]], [[0, [3, 4, 5, 1]], [3, []], [4, []], [5, []], [8, [8, 10, 9, 17]], [10, []], [9, []], [7, [7]], [17, []], [20, [20, 22, 24, 23]], [22, []], [24, []], [23, []], [21, [21, 25]], [32, [32, 33, 31, 34]], [33, []], [31, []], [34, []], [35, [35, 36, 37]], [36, []], [37, []], [50, [50, 45, 46, 47]], [25, []], [45, []], [46, []], [47, []], [1, []]]], [[[18, [18, 19, 14, 16]]], [[8, [8, 10, 9, 17]]], [[7, [7]]], [[15, [15, 13, 12, 11]]], [[20, [20, 22, 24, 23]]], [[21, [21, 25]]], [[28, [28, 26, 27, 29]]], [[32, [32, 33, 31, 34]]], [[35, [35, 36, 37]]], [[41, [41, 40, 39, 38]]], [[50, [50, 45, 46, 47]]], [[42, [42, 43, 49, 44]]], [[48, [48, 30]]]]]",,,52.72874563841506,0,13,3.3846153846153846,,,,,,(not found),
389,test_data/data_demand_random_50_batch_all1_equal_cluster/C201_2.dat,4,90,2,830.0483493925201,"[[[[0, [4]], [4, []], [14, [14, 16, 17, 19]], [16, []], [17, []], [19, []], [30, [30, 28, 27, 29]], [28, []], [27, []], [29, []], [26, [26, 13, 12]], [13, []], [12, []], [41, [41, 40, 39, 38]], [40, []], [39, []], [38, []], [42, [42, 43, 44, 49]], [43, []], [44, []], [49, []], [48, [48]]], [[0, [1, 3, 5, 2, 6]], [2, []], [1, []], [7, [7, 10, 8, 9]], [10, []], [9, [18, 11]], [11, []], [8, []], [6, []], [15, [15, 22, 23, 24]], [20, [20, 25, 21]], [22, []], [21, []], [18, []], [31, [31, 32, 33, 34]], [32, []], [33, []], [34, []], [35, [35, 36, 37]], [36, []], [37, []], [23, []], [24, []], [25, []], [50, [50, 45, 46, 47]], [45, []], [46, []], [47, []], [5, []], [3, []]]], [[[7, [7, 10, 8, 9]]], [[14, [14, 16, 17, 19]]], [[9, [18, 11]]], [[15, [15, 22, 23, 24]]], [[20, [20, 25, 21]]], [[30, [30, 28, 27, 29]]], [[26, [26, 13, 12]]], [[31, [31, 32, 33, 34]]], [[35, [35, 36, 37]]], [[41, [41, 40, 39, 38]]], [[50, [50, 45, 46, 47]]], [[42, [42, 43, 44, 49]]], [[48, [48]]]]]",,,52.099549640995,0,13,3.3846153846153846,,,,,,(not found),
390,test_data/data_demand_random_50_batch_all1_equal_cluster/C201_2.dat,4,90,3,867.05551275464,"[[[[0, []], [13, [13]], [9, [9]], [15, [15, 17, 18]], [17, [19, 11, 8]], [18, []], [19, []], [21, [21, 20, 24]], [20, [29, 26, 27, 28]], [24, []], [29, []], [26, []], [27, []], [28, []], [43, [43, 44, 42, 38]], [44, []], [42, []], [11, []], [8, []], [38, []], [39, [39, 40, 41]], [40, []], [41, []]], [[0, [6, 1, 3, 4, 5]], [6, [2]], [4, [12, 7, 10]], [2, []], [1, []], [3, []], [12, []], [7, []], [10, []], [14, [14, 16, 22, 23]], [16, []], [22, []], [23, []], [32, [32, 33, 31, 34]], [33, []], [31, []], [34, []], [37, [37, 35, 36, 25]], [35, []], [36, []], [50, [50, 45, 46, 47]], [25, []], [45, []], [46, []], [47, []], [49, [49, 48, 30]], [48, []], [30, []], [5, []]]], [[[13, [13]]], [[6, [2]]], [[4, [12, 7, 10]]], [[14, [14, 16, 22, 23]]], [[9, [9]]], [[15, [15, 17, 18]]], [[17, [19, 11, 8]]], [[21, [21, 20, 24]]], [[20, [29, 26, 27, 28]]], [[32, [32, 33, 31, 34]]], [[37, [37, 35, 36, 25]]], [[43, [43, 44, 42, 38]]], [[50, [50, 45, 46, 47]]], [[39, [39, 40, 41]]], [[49, [49, 48, 30]]]]]",,,51.50883507755705,0,15,3.0,,,,,,(not found),
391,test_data/data_demand_random_50_batch_all1_equal_cluster/C201_2.dat,4,90,4,830.0483493925201,"[[[[0, [9, 10, 12, 5]], [16, [16, 18, 19, 13]], [18, []], [19, []], [14, [14]], [13, []], [27, [27, 28, 30, 11]], [30, []], [28, []], [26, [26, 29]], [9, []], [10, []], [41, [41, 39, 38, 40]], [40, []], [39, []], [38, []], [12, []], [11, []], [29, []], [42, [42, 43, 44, 49]], [43, []], [44, []], [49, []], [48, [48]], [5, []]], [[0, [4, 6, 1, 3, 2]], [7, [7, 8]], [8, []], [4, []], [1, []], [3, []], [6, []], [15, [15, 21, 24, 22]], [21, []], [24, []], [22, []], [20, [20, 17, 23, 25]], [17, []], [32, [32, 31, 33, 34]], [31, []], [33, []], [34, []], [35, [35, 37, 36]], [37, []], [36, []], [23, []], [50, [50, 45, 46, 47]], [25, []], [45, []], [46, []], [47, []], [2, []]]], [[[7, [7, 8]]], [[16, [16, 18, 19, 13]]], [[14, [14]]], [[15, [15, 21, 24, 22]]], [[20, [20, 17, 23, 25]]], [[27, [27, 28, 30, 11]]], [[26, [26, 29]]], [[32, [32, 31, 33, 34]]], [[35, [35, 37, 36]]], [[41, [41, 39, 38, 40]]], [[50, [50, 45, 46, 47]]], [[42, [42, 43, 44, 49]]], [[48, [48]]]]]",,,52.12120203737325,0,13,3.1538461538461537,,,,,,(not found),
392,test_data/data_demand_random_50_batch_all1_equal_cluster/C201_2.dat,4,90,5,838.7468752336908,"[[[[0, [5]], [13, [13]], [18, [18, 16, 17]], [16, []], [17, []], [12, [12, 8]], [26, [26, 30, 28, 27]], [30, []], [28, []], [27, []], [8, []], [41, [41, 40, 39]], [40, []], [39, []], [38, [38, 29]], [29, []], [42, [42, 43, 44, 49]], [43, []], [44, []], [49, []], [48, [48]], [5, []]], [[0, [6, 3, 1, 4, 2]], [6, []], [3, []], [11, [11, 7, 9, 10]], [10, []], [7, []], [9, []], [1, []], [4, []], [2, []], [15, [15, 14]], [14, []], [20, [20, 23]], [23, []], [21, [21, 25, 22, 19]], [19, []], [31, [31, 32, 33, 34]], [32, []], [33, []], [34, []], [35, [35, 36, 37, 24]], [22, []], [36, []], [37, []], [50, [50, 45, 46, 47]], [25, []], [24, []], [45, []], [46, []], [47, []]]], [[[11, [11, 7, 9, 10]]], [[13, [13]]], [[18, [18, 16, 17]]], [[15, [15, 14]]], [[12, [12, 8]]], [[20, [20, 23]]], [[21, [21, 25, 22, 19]]], [[26, [26, 30, 28, 27]]], [[31, [31, 32, 33, 34]]], [[35, [35, 36, 37, 24]]], [[41, [41, 40, 39]]], [[38, [38, 29]]], [[50, [50, 45, 46, 47]]], [[42, [42, 43, 44, 49]]], [[48, [48]]]]]",952.7630546142402,"[[[[0, [13, 11, 7]], [16, [16, 17, 10, 19]], [17, []], [18, [18]], [10, [22, 25, 24]], [13, []], [11, []], [7, []], [31, [31, 32, 33, 34]], [32, []], [33, []], [34, []], [19, []], [22, []], [36, [36, 35, 37, 42]], [35, []], [37, []], [50, [50, 43, 44, 49]], [25, []], [24, []], [42, []], [43, []], [44, []], [49, []], [48, [48]]], [[0, [2, 5, 1, 4, 6, 3]], [5, []], [12, [12, 9, 8]], [9, []], [1, []], [2, []], [15, [15, 14]], [4, []], [14, []], [20, [20, 23, 21]], [23, []], [21, []], [26, [26]], [30, [30, 28, 27, 29]], [28, []], [27, []], [8, []], [41, [41, 40, 39, 38]], [40, []], [39, []], [38, []], [29, []], [45, [45, 46, 47]], [46, []], [47, []], [6, []], [3, []]]], [[[12, [12, 9, 8]]], [[16, [16, 17, 10, 19]]], [[18, [18]], [15, [15, 14]]], [[10, [22, 25, 24]]], [[20, [20, 23, 21]]], [[26, [26]]], [[30, [30, 28, 27, 29]]], [[31, [31, 32, 33, 34]]], [[41, [41, 40, 39, 38]]], [[36, [36, 35, 37, 42]]], [[50, [50, 43, 44, 49]]], [[45, [45, 46, 47]]], [[48, [48]]]]]",52.3508215855931,0,15,2.933333333333333,55.02624766202618,1,13,3.1538461538461537,,,
393,test_data/data_demand_random_50_batch_all1_equal_cluster/C201_2.dat,4,120,1,830.0483493925201,"[[[[0, [2]], [2, []], [19, [19, 14, 17, 15]], [18, [18, 22, 25, 20]], [14, []], [17, []], [15, []], [20, []], [31, [31, 32, 33, 34]], [32, []], [33, []], [34, []], [22, []], [35, [35, 36, 37, 24]], [36, []], [37, []], [50, [50, 45, 46, 47]], [25, []], [24, []], [45, []], [46, []], [47, []]], [[0, [3, 6, 4, 1, 5]], [3, []], [5, []], [6, []], [4, []], [13, [13, 11, 10, 12]], [11, []], [10, []], [7, [7]], [8, [8, 16, 9]], [16, []], [21, [21, 23]], [23, []], [26, [26, 27]], [27, []], [30, [30, 28, 29]], [28, []], [12, []], [41, [41, 40, 39, 38]], [40, []], [39, []], [38, []], [9, []], [29, []], [42, [42, 43, 44, 49]], [43, []], [44, []], [49, []], [48, [48]], [1, []]]], [[[13, [13, 11, 10, 12]]], [[7, [7]]], [[8, [8, 16, 9]]], [[19, [19, 14, 17, 15]]], [[18, [18, 22, 25, 20]]], [[21, [21, 23]]], [[26, [26, 27]]], [[30, [30, 28, 29]]], [[31, [31, 32, 33, 34]]], [[35, [35, 36, 37, 24]]], [[41, [41, 40, 39, 38]]], [[50, [50, 45, 46, 47]]], [[42, [42, 43, 44, 49]]], [[48, [48]]]]]",836.0,"[[[[0, [4]], [7, [7]], [4, []], [15, [15, 18, 16, 14]], [19, [19]], [14, []], [18, []], [16, []], [20, [20, 22, 25]], [32, [32, 33, 31, 34]], [33, []], [31, []], [34, []], [22, []], [35, [35, 36, 37, 24]], [36, []], [37, []], [50, [50, 45, 46, 47]], [25, []], [24, []], [45, []], [46, []], [47, []]], [[0, [2, 5, 1, 3, 6]], [3, []], [2, []], [6, []], [13, [13, 11, 10]], [11, []], [10, []], [8, [8]], [17, [17, 12, 9]], [23, [23, 21]], [21, []], [5, [26, 27]], [26, []], [27, []], [30, [30, 28, 29]], [28, []], [12, []], [41, [41, 40, 39, 38]], [40, []], [39, []], [38, []], [9, []], [29, []], [42, [42, 43, 48, 44]], [43, []], [44, []], [49, [49]], [48, []], [1, []]]], [[[7, [7]]], [[13, [13, 11, 10]]], [[15, [15, 18, 16, 14]]], [[8, [8]]], [[17, [17, 12, 9]], [19, [19]]], [[23, [23, 21]]], [[20, [20, 22, 25]]], [[5, [26, 27]]], [[30, [30, 28, 29]]], [[32, [32, 33, 31, 34]]], [[35, [35, 36, 37, 24]]], [[41, [41, 40, 39, 38]]], [[50, [50, 45, 46, 47]]], [[42, [42, 43, 48, 44]]], [[49, [49]]]]]",53.12488095531445,0,14,3.142857142857143,54.480043308834,1,15,2.933333333333333,,,
394,test_data/data_demand_random_50_batch_all1_equal_cluster/C201_2.dat,4,120,2,830.0483493925201,"[[[[0, [2, 3, 6]], [6, []], [2, []], [14, [14, 15, 8, 11]], [15, []], [3, []], [11, []], [8, []], [26, [26, 30, 28, 27]], [30, []], [28, []], [27, []], [29, [29, 13, 12]], [13, []], [12, []], [41, [41, 40, 39, 38]], [40, []], [39, []], [38, []], [42, [42, 43, 44, 49]], [43, []], [44, []], [49, []], [48, [48]]], [[0, [5, 4, 1]], [4, []], [1, []], [5, []], [10, [10, 7, 9]], [7, []], [9, []], [21, [21, 22, 23, 25]], [20, [20, 19, 17, 16]], [19, []], [17, []], [16, []], [18, [18, 24]], [31, [31, 32, 33, 34]], [32, []], [33, []], [34, []], [35, [35, 36, 37]], [36, []], [37, []], [22, []], [23, []], [50, [50, 45, 46, 47]], [25, []], [24, []], [45, []], [46, []], [47, []]]], [[[10, [10, 7, 9]]], [[14, [14, 15, 8, 11]]], [[21, [21, 22, 23, 25]]], [[20, [20, 19, 17, 16]]], [[18, [18, 24]]], [[26, [26, 30, 28, 27]]], [[29, [29, 13, 12]]], [[31, [31, 32, 33, 34]]], [[35, [35, 36, 37]]], [[41, [41, 40, 39, 38]]], [[50, [50, 45, 46, 47]]], [[42, [42, 43, 44, 49]]], [[48, [48]]]]]",,,54.76182435816139,0,13,3.3846153846153846,,,,,,(not found),
395,test_data/data_demand_random_50_batch_all1_equal_cluster/C201_2.dat,4,120,3,830.0483493925201,"[[[[0, [12, 4, 3, 1]], [4, []], [12, []], [3, []], [15, [15, 14, 13, 9]], [14, []], [29, [29, 28, 30, 27]], [28, []], [30, []], [27, []], [26, [26, 11]], [13, []], [9, []], [41, [41, 40, 39, 38]], [40, []], [39, []], [38, []], [11, []], [42, [42, 43, 44, 49]], [43, []], [44, []], [49, []], [48, [48]], [1, []]], [[0, [5, 2, 6]], [5, []], [2, []], [6, []], [8, [8, 7, 10]], [7, []], [10, [18]], [18, []], [17, [17, 20, 21, 16]], [20, []], [21, []], [16, []], [19, [19, 22, 23, 25]], [31, [31, 32, 33, 34]], [32, []], [33, []], [34, []], [22, []], [23, []], [35, [35, 36, 37, 24]], [36, []], [37, []], [50, [50, 45, 46, 47]], [25, []], [24, []], [45, []], [46, []], [47, []]]], [[[8, [8, 7, 10]]], [[15, [15, 14, 13, 9]]], [[10, [18]]], [[17, [17, 20, 21, 16]]], [[19, [19, 22, 23, 25]]], [[29, [29, 28, 30, 27]]], [[26, [26, 11]]], [[31, [31, 32, 33, 34]]], [[35, [35, 36, 37, 24]]], [[41, [41, 40, 39, 38]]], [[50, [50, 45, 46, 47]]], [[42, [42, 43, 44, 49]]], [[48, [48]]]]]",941.8956687101119,"[[[[0, [5, 3, 2]], [7, [7]], [12, [12, 11, 8]], [11, []], [8, []], [3, []], [2, []], [14, [14, 17, 16, 13]], [17, []], [16, []], [27, [27, 29, 28, 30]], [29, []], [28, []], [30, []], [26, [26, 10]], [13, []], [10, []], [41, [41, 40, 39, 38]], [40, []], [39, []], [38, []], [49, [49, 44, 43, 42]], [44, []], [43, []], [42, []], [48, [48]], [5, []]], [[0, [6, 4, 1]], [4, []], [6, []], [1, []], [9, [9, 15, 18, 19]], [15, []], [23, [23, 20, 21, 22]], [20, []], [21, []], [18, []], [31, [31, 32, 33, 34]], [32, []], [33, []], [34, []], [19, []], [22, []], [36, [36, 35, 37, 25]], [35, []], [37, []], [50, [50, 24]], [25, []], [24, []], [45, [45, 46, 47]], [46, []], [47, []]]], [[[7, [7]]], [[9, [9, 15, 18, 19]]], [[12, [12, 11, 8]]], [[14, [14, 17, 16, 13]]], [[23, [23, 20, 21, 22]]], [[27, [27, 29, 28, 30]]], [[26, [26, 10]]], [[31, [31, 32, 33, 34]]], [[36, [36, 35, 37, 25]]], [[41, [41, 40, 39, 38]]], [[50, [50, 24]]], [[49, [49, 44, 43, 42]]], [[48, [48]], [45, [45, 46, 47]]]]]",53.881149512366974,0,13,3.3076923076923075,57.08914191479015,1,13,3.3846153846153846,,,
396,test_data/data_demand_random_50_batch_all1_equal_cluster/C201_2.dat,4,120,4,850.0483493925201,"[[[[0, [5, 4]], [4, []], [13, [13, 8]], [8, []], [29, [29, 28, 27, 26]], [30, [30]], [41, [41, 39, 38, 40]], [40, []], [39, []], [38, []], [42, [42, 49, 48, 44]], [48, []], [49, []], [44, []], [43, [43]], [28, []], [27, []], [26, []], [5, []]], [[0, [2, 3, 6, 1]], [3, []], [6, []], [1, []], [12, [12, 7, 10]], [7, []], [10, []], [9, [9, 11, 15]], [11, []], [15, []], [2, []], [20, [20, 18, 22, 19]], [19, []], [17, [17, 16, 14]], [16, []], [14, []], [18, []], [32, [32, 31, 33, 34]], [31, [37, 35, 36]], [33, []], [34, []], [22, []], [23, [23, 24, 25, 21]], [24, []], [25, []], [37, []], [35, []], [36, []], [50, [50, 45, 46, 47]], [21, []], [45, []], [46, []], [47, []]]], [[[12, [12, 7, 10]]], [[13, [13, 8]]], [[9, [9, 11, 15]]], [[20, [20, 18, 22, 19]]], [[17, [17, 16, 14]]], [[29, [29, 28, 27, 26]]], [[30, [30]]], [[32, [32, 31, 33, 34]]], [[31, [37, 35, 36]]], [[23, [23, 24, 25, 21]]], [[41, [41, 39, 38, 40]]], [[50, [50, 45, 46, 47]]], [[42, [42, 49, 48, 44]]], [[43, [43]]]]]",1005.772795366136,"[[[[0, [6, 1, 3]], [3, []], [7, [7, 16, 15, 14]], [16, []], [15, []], [6, []], [21, [21, 18, 19, 9]], [14, []], [18, []], [19, []], [34, [34, 33, 32, 31]], [33, []], [32, []], [31, []], [41, [41, 40, 39, 38]], [40, []], [39, []], [38, []], [9, []], [13, [13]], [42, [42, 44, 49, 48]], [44, []], [49, []], [48, []], [1, []]], [[0, [2, 4, 5]], [2, []], [11, [11, 12, 10]], [4, []], [12, []], [10, []], [8, [8, 17]], [17, []], [22, [22, 20, 25, 23]], [20, []], [25, []], [23, []], [5, [27, 29, 28, 24]], [26, [26, 30, 36]], [30, []], [27, []], [29, []], [28, []], [43, [43]], [47, [47, 46, 45]], [46, []], [45, []], [24, []], [50, [50, 37, 35]], [37, []], [36, []], [35, []]]], [[[7, [7, 16, 15, 14]]], [[11, [11, 12, 10]]], [[8, [8, 17]]], [[22, [22, 20, 25, 23]]], [[21, [21, 18, 19, 9]]], [[34, [34, 33, 32, 31]]], [[5, [27, 29, 28, 24]]], [[26, [26, 30, 36]]], [[41, [41, 40, 39, 38]]], [[43, [43]]], [[47, [47, 46, 45]]], [[50, [50, 37, 35]], [13, [13]]], [[42, [42, 44, 49, 48]]]]]",57.976700139093865,0,14,3.142857142857143,57.17722500485943,1,13,3.3846153846153846,,,
397,test_data/data_demand_random_50_batch_all1_equal_cluster/C201_2.dat,4,120,5,850.0483493925201,"[[[[0, [2, 1]], [8, [8]], [15, [15, 19, 18]], [19, []], [18, []], [16, [16, 17, 14, 20]], [17, []], [14, []], [20, []], [2, []], [26, [26, 29, 27, 30]], [41, [41, 40, 39, 38]], [40, []], [39, []], [38, []], [29, [28, 42, 43, 44]], [27, []], [28, []], [42, []], [43, []], [44, []], [49, [49, 48]], [48, []], [30, []], [1, []]], [[0, [4, 5, 3]], [4, [6]], [12, [12, 13, 11, 10]], [6, []], [13, []], [11, []], [10, []], [9, [9, 7]], [7, []], [21, [21, 23, 25, 22]], [31, [31, 32, 33, 34]], [32, []], [33, []], [34, []], [35, [35, 36, 37, 24]], [25, []], [36, []], [37, []], [50, [50, 45, 46, 47]], [22, []], [23, []], [24, []], [45, []], [46, []], [47, []], [5, []], [3, []]]], [[[4, [6]]], [[12, [12, 13, 11, 10]]], [[9, [9, 7]]], [[8, [8]]], [[15, [15, 19, 18]]], [[16, [16, 17, 14, 20]]], [[21, [21, 23, 25, 22]]], [[26, [26, 29, 27, 30]]], [[31, [31, 32, 33, 34]]], [[35, [35, 36, 37, 24]]], [[41, [41, 40, 39, 38]]], [[50, [50, 45, 46, 47]]], [[29, [28, 42, 43, 44]]], [[49, [49, 48]]]]]",,,51.11399681282276,0,14,3.2142857142857144,,,,,,(not found),
398,test_data/data_demand_random_50_batch_all1_equal_cluster/C201_2.dat,8,60,1,905.3238075793812,"[[[[0, [2, 5, 1]], [17, [17, 14, 15, 18, 20, 25]], [16, [16]], [2, []], [14, []], [15, []], [31, [31, 33, 34, 32, 35, 36, 37, 30]], [33, []], [34, []], [32, []], [18, []], [20, [50, 45, 46, 47, 49, 48]], [35, []], [36, []], [37, []], [50, []], [25, []], [45, []], [46, []], [47, []], [49, []], [48, []], [30, []], [5, []], [1, []]], [[0, [6, 3, 4]], [4, []], [6, []], [19, [19, 11, 7, 9, 8, 13, 12, 10]], [7, []], [9, []], [8, []], [11, []], [3, []], [21, [21, 22, 23, 24, 28, 27, 26, 29]], [22, []], [23, []], [24, []], [28, []], [27, []], [26, [44, 43, 42, 39, 40, 41, 38]], [44, []], [43, []], [42, []], [29, []], [13, []], [12, []], [39, []], [40, []], [41, []], [38, []], [10, []]]], [[[17, [17, 14, 15, 18, 20, 25]]], [[19, [19, 11, 7, 9, 8, 13, 12, 10]]], [[16, [16]]], [[21, [21, 22, 23, 24, 28, 27, 26, 29]]], [[31, [31, 33, 34, 32, 35, 36, 37, 30]]], [[26, [44, 43, 42, 39, 40, 41, 38]]], [[20, [50, 45, 46, 47, 49, 48]]]]]",,,44.383765832788924,0,7,6.285714285714286,,,,,,(not found),
399,test_data/data_demand_random_50_batch_all1_equal_cluster/C201_2.dat,8,60,2,901.7099202643649,"[[[[0, [4]], [4, []], [9, [9]], [12, [12]], [14, [14, 15, 16, 17, 19, 11, 8]], [15, []], [16, []], [20, [20, 22, 23, 24, 13]], [22, []], [23, []], [24, []], [17, []], [19, []], [11, []], [8, []], [38, [38, 40, 41, 39, 29]], [40, []], [41, []], [39, []], [13, [42, 43, 44, 49, 48, 47, 46]], [29, []], [42, []], [43, []], [44, []], [49, []], [48, []], [47, []], [46, []]], [[0, [2, 3, 5, 6, 1]], [10, [10, 7, 18]], [2, []], [7, []], [3, []], [26, [26, 28, 27, 30, 21, 25]], [28, []], [27, []], [30, []], [5, []], [21, []], [6, []], [18, []], [31, [31, 32, 33, 34, 35, 36, 37]], [32, []], [33, [50, 45]], [34, []], [35, []], [36, []], [37, []], [50, []], [25, []], [45, []], [1, []]]], [[[9, [9]]], [[12, [12]]], [[14, [14, 15, 16, 17, 19, 11, 8]]], [[10, [10, 7, 18]]], [[20, [20, 22, 23, 24, 13]]], [[26, [26, 28, 27, 30, 21, 25]]], [[31, [31, 32, 33, 34, 35, 36, 37]]], [[38, [38, 40, 41, 39, 29]]], [[33, [50, 45]]], [[13, [42, 43, 44, 49, 48, 47, 46]]]]]",,,44.33450716874811,0,10,4.4,,,,,,(not found),
400,test_data/data_demand_random_50_batch_all1_equal_cluster/C201_2.dat,8,60,3,873.7099202643649,"[[[[0, [17, 19, 18, 5, 1]], [15, [15, 23, 21]], [23, []], [21, []], [17, []], [19, []], [18, [34, 33, 31, 32, 20, 25, 24, 30]], [34, []], [33, []], [31, []], [32, []], [20, [35, 36, 37, 50, 45, 46]], [35, []], [36, []], [37, []], [50, []], [25, []], [24, []], [45, []], [46, []], [30, []], [5, []], [1, []]], [[0, [3, 4, 6, 2, 9, 10, 7]], [3, []], [4, []], [6, []], [2, []], [9, []], [10, []], [7, []], [16, [16, 14, 22, 13, 11, 8, 12]], [14, []], [22, []], [26, [26, 27, 29, 28]], [28, []], [27, []], [29, []], [13, []], [8, []], [38, [38, 40, 41, 39, 42]], [40, []], [41, []], [39, []], [12, []], [11, [43, 44, 49, 48, 47]], [42, []], [43, []], [44, []], [49, []], [48, []], [47, []]]], [[[15, [15, 23, 21]]], [[16, [16, 14, 22, 13, 11, 8, 12]]], [[26, [26, 27, 29, 28]]], [[18, [34, 33, 31, 32, 20, 25, 24, 30]]], [[20, [35, 36, 37, 50, 45, 46]]], [[38, [38, 40, 41, 39, 42]]], [[11, [43, 44, 49, 48, 47]]]]]",,,38.83354567336155,0,7,5.428571428571429,,,,,,(not found),
401,test_data/data_demand_random_50_batch_all1_equal_cluster/C201_2.dat,8,60,4,905.3238075793812,"[[[[0, [3, 2, 1]], [3, []], [10, [10, 8, 9, 15, 14, 17, 16, 11]], [8, []], [9, []], [15, []], [14, []], [2, []], [17, []], [16, []], [1, []], [11, [28, 29, 26, 27, 13, 12]], [28, []], [29, []], [26, [44, 43, 42, 38, 39, 40, 41]], [27, []], [44, []], [43, []], [42, []], [13, []], [12, []], [38, []], [39, []], [40, []], [41, []]], [[0, [4, 6, 5]], [7, [7, 18, 19]], [4, []], [6, [23, 22, 21, 20, 25, 24, 30]], [23, []], [22, []], [21, []], [18, []], [31, [31, 32, 33, 34, 35, 36, 37]], [32, []], [33, []], [34, []], [19, []], [20, [50, 45, 46, 47, 49, 48]], [35, []], [36, []], [37, []], [50, []], [25, []], [24, []], [45, []], [46, []], [47, []], [49, []], [48, []], [30, []], [5, []]]], [[[7, [7, 18, 19]]], [[10, [10, 8, 9, 15, 14, 17, 16, 11]]], [[6, [23, 22, 21, 20, 25, 24, 30]]], [[11, [28, 29, 26, 27, 13, 12]]], [[31, [31, 32, 33, 34, 35, 36, 37]]], [[26, [44, 43, 42, 38, 39, 40, 41]]], [[20, [50, 45, 46, 47, 49, 48]]]]]",,,40.665623320687516,0,7,6.285714285714286,,,,,,(not found),
402,test_data/data_demand_random_50_batch_all1_equal_cluster/C201_2.dat,8,60,5,882.0831891575846,"[[[[0, [5, 6, 4, 3, 2, 1]], [1, []], [16, [16]], [14, [14, 18, 15]], [18, []], [2, []], [5, [25]], [25, []], [20, [20, 26, 27, 30, 28, 29]], [15, []], [6, []], [4, []], [3, []], [26, [43, 44, 42, 38, 39, 40, 41]], [27, []], [30, []], [28, []], [43, []], [44, []], [42, []], [29, []], [38, []], [39, []], [40, []], [41, []]], [[0, []], [9, [9, 12, 7, 13, 10, 8, 11]], [12, []], [7, []], [13, []], [10, [17, 19, 21, 22, 23, 24]], [8, []], [11, []], [17, []], [19, []], [31, [31, 32, 33, 34, 35, 36, 37]], [32, []], [33, []], [34, []], [35, []], [36, []], [37, []], [21, [50, 45, 46, 47, 49, 48]], [22, []], [50, []], [23, []], [24, []], [45, []], [46, []], [47, []], [49, []], [48, []]]], [[[9, [9, 12, 7, 13, 10, 8, 11]]], [[16, [16]]], [[14, [14, 18, 15]]], [[10, [17, 19, 21, 22, 23, 24]]], [[5, [25]]], [[20, [20, 26, 27, 30, 28, 29]]], [[31, [31, 32, 33, 34, 35, 36, 37]]], [[26, [43, 44, 42, 38, 39, 40, 41]]], [[21, [50, 45, 46, 47, 49, 48]]]]]",,,41.05276066223831,0,9,4.888888888888889,,,,,,(not found),
403,test_data/data_demand_random_50_batch_all1_equal_cluster/C201_2.dat,8,90,1,846.05551275464,"[[[[0, [1]], [7, [7, 11, 13, 10, 9]], [11, []], [13, []], [10, []], [9, []], [16, [16, 17, 14, 20, 25, 24, 12]], [20, []], [25, []], [24, []], [17, []], [14, []], [41, [41, 40, 39, 38, 29, 28, 26, 27]], [40, []], [39, []], [38, []], [12, []], [29, []], [42, [42, 49, 44, 43]], [49, []], [44, []], [43, []], [28, []], [27, []], [26, []], [1, []]], [[0, [5, 3, 6, 2, 4]], [5, []], [3, []], [6, []], [2, []], [8, [8, 15, 18, 19]], [15, []], [4, []], [18, []], [21, [21, 22, 23]], [22, []], [23, []], [19, [30, 33, 32, 31, 34, 36, 35, 37]], [33, []], [32, []], [31, []], [34, []], [35, []], [37, []], [36, []], [50, [50, 45, 46, 47, 48]], [45, []], [46, []], [47, []], [48, []], [30, []]]], [[[7, [7, 11, 13, 10, 9]]], [[8, [8, 15, 18, 19]]], [[16, [16, 17, 14, 20, 25, 24, 12]]], [[21, [21, 22, 23]]], [[19, [30, 33, 32, 31, 34, 36, 35, 37]]], [[41, [41, 40, 39, 38, 29, 28, 26, 27]]], [[50, [50, 45, 46, 47, 48]]], [[42, [42, 49, 44, 43]]]]]",,,48.49194363697711,0,8,5.5,,,,,,(not found),
404,test_data/data_demand_random_50_batch_all1_equal_cluster/C201_2.dat,8,90,2,845.0483493925201,"[[[[0, [6, 1, 3]], [1, []], [13, [13, 16, 17, 18, 19]], [6, []], [16, []], [17, []], [18, []], [20, [20, 23]], [19, []], [33, [33, 32, 31, 34, 37, 35, 36]], [32, []], [31, []], [34, []], [37, []], [35, []], [36, []], [50, [50, 45, 46, 47]], [23, []], [45, []], [46, []], [47, []], [3, []]], [[0, [5, 2, 4]], [2, []], [4, []], [5, [11, 9, 12, 10, 7, 8]], [11, []], [9, []], [12, []], [10, []], [7, []], [15, [15]], [14, [14, 21, 22, 25, 24]], [21, []], [22, []], [25, []], [24, []], [26, [26, 30]], [8, []], [41, [41, 40, 39, 38, 42, 29, 27, 28]], [40, []], [39, []], [38, []], [42, []], [29, []], [27, []], [28, []], [43, [43, 44, 49, 48]], [44, []], [49, []], [48, []], [30, []]]], [[[5, [11, 9, 12, 10, 7, 8]]], [[13, [13, 16, 17, 18, 19]]], [[15, [15]]], [[14, [14, 21, 22, 25, 24]]], [[20, [20, 23]]], [[26, [26, 30]]], [[33, [33, 32, 31, 34, 37, 35, 36]]], [[41, [41, 40, 39, 38, 42, 29, 27, 28]]], [[43, [43, 44, 49, 48]]], [[50, [50, 45, 46, 47]]]]]",,,49.61084411843531,0,10,4.4,,,,,,(not found),
405,test_data/data_demand_random_50_batch_all1_equal_cluster/C201_2.dat,8,90,3,826.05551275464,"[[[[0, [2, 3, 1, 4, 5]], [19, [19]], [14, [14, 16, 7, 10, 9, 12]], [16, []], [20, [20]], [2, []], [3, []], [4, []], [26, [26, 28, 30, 27, 13]], [28, []], [30, []], [27, []], [7, []], [10, []], [9, []], [41, [41, 40, 39, 38, 29]], [40, []], [39, []], [38, []], [12, []], [13, []], [29, []], [42, [42, 43, 44, 49, 48]], [43, []], [44, []], [49, []], [48, []], [5, []], [1, []]], [[0, [6]], [11, [11, 8, 15, 17, 18]], [8, []], [15, []], [6, []], [21, [21, 22, 24, 25, 23]], [17, []], [18, []], [31, [31, 32, 33, 34, 37, 36, 35]], [32, []], [33, []], [34, []], [22, []], [24, []], [25, []], [37, []], [36, []], [35, []], [50, [50, 45, 46, 47]], [23, []], [45, []], [46, []], [47, []]]], [[[19, [19]]], [[14, [14, 16, 7, 10, 9, 12]]], [[11, [11, 8, 15, 17, 18]]], [[20, [20]]], [[21, [21, 22, 24, 25, 23]]], [[26, [26, 28, 30, 27, 13]]], [[31, [31, 32, 33, 34, 37, 36, 35]]], [[41, [41, 40, 39, 38, 29]]], [[50, [50, 45, 46, 47]]], [[42, [42, 43, 44, 49, 48]]]]]",,,50.76112618792451,0,10,4.4,,,,,,(not found),
406,test_data/data_demand_random_50_batch_all1_equal_cluster/C201_2.dat,8,90,4,886.05551275464,"[[[[0, [6, 2, 5, 1]], [14, [14, 7, 15, 16, 17, 18, 19]], [6, []], [2, []], [5, []], [1, []], [7, []], [15, [24, 28, 30]], [16, []], [17, []], [18, []], [19, []], [31, [31, 32, 33, 34, 35, 37, 36, 25]], [32, []], [33, []], [34, []], [35, []], [37, []], [36, []], [50, [50, 45, 46, 47, 48, 49, 44, 43]], [25, []], [24, []], [45, []], [46, []], [47, []], [48, []], [49, []], [44, []], [43, []], [28, []], [30, []]], [[0, [3, 4]], [3, []], [12, [12, 8, 9, 13, 11, 10]], [8, []], [9, []], [13, []], [11, []], [10, []], [4, []], [23, [23, 20, 22, 21, 26, 27, 29]], [20, []], [22, []], [21, []], [26, []], [27, []], [29, []], [42, [42, 38, 39, 40, 41]], [38, []], [39, []], [40, []], [41, []]]], [[[12, [12, 8, 9, 13, 11, 10]]], [[14, [14, 7, 15, 16, 17, 18, 19]]], [[15, [24, 28, 30]]], [[23, [23, 20, 22, 21, 26, 27, 29]]], [[31, [31, 32, 33, 34, 35, 37, 36, 25]]], [[50, [50, 45, 46, 47, 48, 49, 44, 43]]], [[42, [42, 38, 39, 40, 41]]]]]",918.7458445821323,"[[[[0, [1]], [1, []], [10, [10]], [7, [7]], [15, [15, 11, 8, 17, 16]], [11, []], [8, []], [17, []], [16, []], [20, [20, 24, 22, 23, 25, 21]], [23, []], [25, []], [24, [26, 27, 28, 30, 29]], [22, []], [21, []], [26, []], [27, []], [28, []], [30, []], [38, [38, 40, 41, 39, 42, 43, 44]], [40, []], [41, [49]], [39, []], [29, []], [42, []], [43, []], [44, []], [49, []]], [[0, [5, 3, 6, 2, 4]], [2, []], [5, []], [12, [12, 13, 9]], [13, []], [9, []], [3, []], [6, []], [14, [14, 18, 19]], [4, []], [18, []], [19, []], [37, [37, 36, 35, 31, 32, 33, 34]], [36, []], [35, []], [31, []], [32, []], [33, []], [34, []], [50, [50, 45, 46, 47, 48]], [45, []], [46, []], [47, []], [48, []]]], [[[12, [12, 13, 9]], [10, [10]]], [[7, [7]]], [[14, [14, 18, 19]]], [[15, [15, 11, 8, 17, 16]]], [[20, [20, 24, 22, 23, 25, 21]]], [[24, [26, 27, 28, 30, 29]]], [[37, [37, 36, 35, 31, 32, 33, 34]]], [[38, [38, 40, 41, 39, 42, 43, 44]]], [[41, [49]]], [[50, [50, 45, 46, 47, 48]]]]]",51.06657548536096,0,7,6.285714285714286,49.82240962451545,1,10,4.4,,,
407,test_data/data_demand_random_50_batch_all1_equal_cluster/C201_2.dat,8,90,5,826.05551275464,"[[[[0, [6, 2, 4, 3]], [6, []], [2, []], [4, []], [3, []], [14, [14, 18, 15]], [18, []], [15, [22, 21, 23, 20, 19]], [22, []], [21, []], [23, []], [20, []], [19, []], [31, [31, 32, 33, 34, 35, 37, 36, 25]], [32, []], [33, []], [34, []], [35, []], [37, []], [36, []], [50, [50, 24, 1, 45, 46, 47]], [25, []], [24, []], [45, []], [46, []], [47, []], [1, []]], [[0, [5]], [7, [7, 12, 13]], [12, []], [13, [8, 9, 11, 17, 16]], [8, []], [9, []], [11, []], [17, []], [16, []], [5, []], [26, [26, 27, 28, 10]], [27, []], [28, []], [10, []], [41, [41, 40, 39, 38, 29, 30]], [40, []], [39, []], [38, []], [29, []], [42, [42, 43, 44, 49, 48]], [43, []], [44, []], [49, []], [48, []], [30, []]]], [[[14, [14, 18, 15]]], [[7, [7, 12, 13]]], [[13, [8, 9, 11, 17, 16]]], [[15, [22, 21, 23, 20, 19]]], [[26, [26, 27, 28, 10]]], [[31, [31, 32, 33, 34, 35, 37, 36, 25]]], [[50, [50, 24, 1, 45, 46, 47]]], [[41, [41, 40, 39, 38, 29, 30]]], [[42, [42, 43, 44, 49, 48]]]]]",,,47.331353689597975,0,9,5.0,,,,,,(not found),
408,test_data/data_demand_random_50_batch_all1_equal_cluster/C201_2.dat,8,120,1,826.05551275464,"[[[[0, [2, 4, 6]], [4, []], [2, []], [16, [16]], [17, [17, 15, 19]], [19, []], [14, [14, 20, 11, 10]], [20, []], [15, []], [6, []], [26, [26, 28, 27, 29, 30]], [28, []], [27, []], [29, []], [11, []], [10, []], [41, [41, 40, 39, 38, 42, 43, 44]], [40, []], [39, []], [38, []], [42, [49, 48]], [43, []], [44, []], [49, []], [48, []], [30, []]], [[0, [5, 1, 3]], [5, []], [7, [7, 8, 13, 9, 12, 18]], [8, []], [13, []], [9, []], [12, []], [3, []], [21, [21, 22, 23, 25, 24]], [18, []], [31, [31, 32, 33, 34, 37, 36, 35]], [32, []], [33, []], [34, []], [22, []], [23, []], [25, []], [37, []], [36, []], [35, []], [50, [50, 45, 46, 47]], [24, []], [45, []], [46, []], [47, []], [1, []]]], [[[7, [7, 8, 13, 9, 12, 18]]], [[16, [16]]], [[17, [17, 15, 19]]], [[14, [14, 20, 11, 10]]], [[21, [21, 22, 23, 25, 24]]], [[26, [26, 28, 27, 29, 30]]], [[31, [31, 32, 33, 34, 37, 36, 35]]], [[41, [41, 40, 39, 38, 42, 43, 44]]], [[50, [50, 45, 46, 47]]], [[42, [49, 48]]]]]",,,47.80376115754616,0,10,4.4,,,,,,(not found),
409,test_data/data_demand_random_50_batch_all1_equal_cluster/C201_2.dat,8,120,2,845.0483493925201,"[[[[0, [3, 2, 1]], [2, []], [1, []], [9, [9, 13]], [11, [11]], [3, []], [13, []], [8, [8, 10, 14, 15]], [10, []], [20, [20]], [14, [18, 30, 28, 27, 26]], [15, []], [18, []], [41, [41, 40, 39, 38, 29]], [40, []], [39, []], [38, []], [29, []], [42, [42, 43, 44, 49, 48]], [43, []], [44, []], [49, []], [48, []], [30, []], [28, []], [27, []], [26, []]], [[0, [6, 4, 5]], [7, [7, 12]], [12, []], [6, []], [4, []], [5, []], [16, [16, 25, 22, 21, 19, 17, 23, 24]], [25, []], [22, []], [21, []], [31, [31, 32, 33, 34, 35, 36, 37]], [32, []], [33, []], [34, []], [19, []], [17, []], [35, []], [36, []], [37, []], [50, [50, 45, 46, 47]], [23, []], [24, []], [45, []], [46, []], [47, []]]], [[[7, [7, 12]]], [[9, [9, 13]]], [[11, [11]]], [[8, [8, 10, 14, 15]]], [[16, [16, 25, 22, 21, 19, 17, 23, 24]]], [[20, [20]]], [[14, [18, 30, 28, 27, 26]]], [[31, [31, 32, 33, 34, 35, 36, 37]]], [[41, [41, 40, 39, 38, 29]]], [[50, [50, 45, 46, 47]]], [[42, [42, 43, 44, 49, 48]]]]]",882.05551275464,"[[[[0, [4, 1, 3, 5]], [4, []], [1, []], [3, []], [5, []], [7, [7, 13]], [13, []], [8, [8, 10, 12, 14, 16, 17]], [10, []], [12, []], [14, []], [16, []], [17, []], [22, [22, 24, 25]], [24, []], [25, []], [31, [31, 32, 33, 34, 35, 36, 37]], [32, []], [33, []], [34, []], [35, []], [36, []], [37, []], [50, [50, 45, 46, 48, 49, 47]], [45, []], [46, []], [48, []], [49, []], [47, []]], [[0, [2, 6]], [2, []], [6, []], [9, [9, 11, 15, 18, 19]], [11, []], [15, []], [18, []], [19, []], [20, [20, 21, 23]], [21, []], [23, [30, 27, 29, 28, 26]], [30, []], [27, []], [41, [41, 40, 39, 38, 42, 44, 43]], [40, []], [39, []], [38, []], [29, []], [42, []], [44, []], [43, []], [28, []], [26, []]]], [[[7, [7, 13]]], [[9, [9, 11, 15, 18, 19]]], [[8, [8, 10, 12, 14, 16, 17]]], [[20, [20, 21, 23]], [22, [22, 24, 25]]], [[23, [30, 27, 29, 28, 26]]], [[31, [31, 32, 33, 34, 35, 36, 37]]], [[41, [41, 40, 39, 38, 42, 44, 43]]], [[50, [50, 45, 46, 48, 49, 47]]]]]",44.94695088621576,0,11,4.0,50.90611100583047,1,8,5.5,,,
410,test_data/data_demand_random_50_batch_all1_equal_cluster/C201_2.dat,8,120,3,826.05551275464,"[[[[0, []], [9, [9, 8, 11]], [8, []], [16, [16, 18, 17]], [14, [14, 19]], [18, []], [19, []], [17, []], [30, [30, 27, 29]], [28, [28, 26]], [26, []], [27, []], [11, []], [41, [41, 40, 39, 38]], [40, []], [39, []], [38, []], [29, []], [42, [42, 43, 44, 49, 48]], [43, []], [44, []], [49, []], [48, []]], [[0, [2, 1, 6, 4, 3, 5]], [2, []], [3, []], [13, [13, 7]], [7, []], [10, [10, 12]], [12, []], [15, [15, 21, 22, 23, 24, 20, 25]], [1, []], [6, []], [4, []], [21, []], [22, []], [23, []], [24, []], [20, []], [33, [33, 31, 32, 34, 35, 36, 37]], [31, []], [32, []], [34, []], [35, []], [36, []], [37, []], [50, [50, 45, 46, 47]], [25, []], [45, []], [46, []], [47, []], [5, []]]], [[[9, [9, 8, 11]]], [[13, [13, 7]]], [[10, [10, 12]]], [[16, [16, 18, 17]]], [[14, [14, 19]]], [[15, [15, 21, 22, 23, 24, 20, 25]]], [[30, [30, 27, 29]]], [[28, [28, 26]]], [[33, [33, 31, 32, 34, 35, 36, 37]]], [[41, [41, 40, 39, 38]]], [[50, [50, 45, 46, 47]]], [[42, [42, 43, 44, 49, 48]]]]]",932.8035085019828,"[[[[0, [6, 4, 3, 1]], [1, []], [8, [8]], [6, []], [19, [19, 14]], [17, [17, 16, 25]], [16, []], [14, []], [25, []], [4, []], [26, [26, 29, 28, 27, 30]], [39, [39, 42]], [41, [41, 40, 38]], [40, []], [38, []], [29, []], [42, [48, 43, 44, 49]], [28, []], [27, []], [48, []], [43, []], [44, []], [49, []], [30, []], [3, []]], [[0, [5]], [13, [13, 11, 9, 12, 7, 10, 2]], [11, []], [9, []], [12, []], [5, []], [7, []], [10, []], [2, []], [15, [15, 21, 18, 20, 22, 23]], [21, []], [18, []], [31, [31, 34, 36, 32, 33, 35]], [32, []], [33, []], [34, []], [20, []], [35, []], [22, []], [23, []], [46, [46, 45, 37, 24, 50]], [47, [47]], [45, []], [24, []], [36, []], [37, []], [50, []]]], [[[8, [8]]], [[13, [13, 11, 9, 12, 7, 10, 2]]], [[19, [19, 14]]], [[17, [17, 16, 25]]], [[15, [15, 21, 18, 20, 22, 23]]], [[26, [26, 29, 28, 27, 30]]], [[31, [31, 34, 36, 32, 33, 35]]], [[39, [39, 42]]], [[41, [41, 40, 38]]], [[46, [46, 45, 37, 24, 50]]], [[47, [47]], [42, [48, 43, 44, 49]]]]]",49.81491246403536,0,12,3.6666666666666665,51.94343768837856,1,11,4.090909090909091,,,
411,test_data/data_demand_random_50_batch_all1_equal_cluster/C201_2.dat,8,120,4,826.05551275464,"[[[[0, [6, 1]], [10, [10, 9, 11, 15, 17, 18, 16]], [9, []], [11, []], [1, []], [16, []], [15, []], [21, [21, 22, 23, 24, 20, 25]], [22, []], [23, []], [24, []], [20, []], [17, []], [18, []], [31, [31, 32, 33, 34, 36, 35, 37]], [32, []], [33, []], [34, []], [36, []], [35, []], [37, []], [50, [50, 45, 46, 47]], [25, []], [45, []], [46, []], [47, []], [6, []]], [[0, [2, 3, 5, 4]], [4, []], [2, []], [3, []], [5, []], [7, [7, 14, 13, 12]], [19, [19]], [14, []], [28, [28, 8, 27, 26, 29, 30]], [27, []], [26, []], [13, []], [12, []], [8, []], [41, [41, 40, 39, 38, 42, 43, 44]], [40, []], [39, []], [38, []], [29, [49, 48]], [42, []], [43, []], [44, []], [49, []], [48, []], [30, []]]], [[[7, [7, 14, 13, 12]]], [[10, [10, 9, 11, 15, 17, 18, 16]]], [[19, [19]]], [[28, [28, 8, 27, 26, 29, 30]]], [[21, [21, 22, 23, 24, 20, 25]]], [[31, [31, 32, 33, 34, 36, 35, 37]]], [[41, [41, 40, 39, 38, 42, 43, 44]]], [[29, [49, 48]]], [[50, [50, 45, 46, 47]]]]]",,,51.98535035112887,0,9,4.888888888888889,,,,,,(not found),
412,test_data/data_demand_random_50_batch_all1_equal_cluster/C201_2.dat,8,120,5,826.05551275464,"[[[[0, [1, 3, 4]], [4, []], [3, []], [16, [16, 17, 15, 7, 9, 12, 13]], [17, []], [15, []], [1, []], [12, []], [26, [26, 27, 28]], [27, []], [28, []], [7, []], [41, [41, 40, 39, 38, 29, 30]], [40, []], [39, []], [38, []], [9, []], [13, []], [29, []], [42, [42, 43, 44, 49, 48]], [43, []], [44, []], [49, []], [48, []], [30, []]], [[0, [2, 6, 5]], [6, []], [10, [10]], [8, [8]], [11, [11, 14, 18, 19]], [14, []], [2, []], [21, [21, 22, 23, 24, 20, 25]], [22, []], [23, []], [24, []], [20, []], [18, []], [33, [33, 31, 32, 34, 35, 36, 37]], [31, []], [32, []], [34, []], [19, []], [35, []], [36, []], [37, []], [50, [50, 45, 46, 47]], [25, []], [45, []], [46, []], [47, []], [5, []]]], [[[10, [10]]], [[8, [8]]], [[16, [16, 17, 15, 7, 9, 12, 13]]], [[11, [11, 14, 18, 19]]], [[21, [21, 22, 23, 24, 20, 25]]], [[26, [26, 27, 28]]], [[33, [33, 31, 32, 34, 35, 36, 37]]], [[41, [41, 40, 39, 38, 29, 30]]], [[50, [50, 45, 46, 47]]], [[42, [42, 43, 44, 49, 48]]]]]",,,50.29933685012699,0,10,4.4,,,,,,(not found),
413,test_data/data_demand_random_50_batch_all1_equal_random/C201_2.dat,4,60,1,1003.0831891575846,"[[[[0, [7, 6]], [7, [9, 10, 8]], [6, []], [17, [17, 14, 18]], [14, []], [30, [30, 37, 35, 33]], [33, []], [37, []], [10, []], [9, []], [18, []], [38, [38, 44, 48, 46]], [35, []], [47, [47, 40, 42]], [40, []], [44, []], [8, []], [48, []], [46, []], [42, []]], [[0, [4, 2, 3, 1, 13, 5]], [13, []], [4, []], [2, []], [15, [15, 12, 11, 16]], [23, [23, 22, 21, 19]], [11, []], [22, []], [1, []], [21, [25, 26, 27, 28]], [28, []], [16, []], [5, []], [29, [29, 36, 34]], [36, []], [34, []], [41, [41, 32, 20]], [3, [43, 39]], [26, []], [32, [50, 49, 31, 24]], [20, []], [50, []], [25, []], [12, []], [19, []], [49, []], [43, []], [27, []], [31, []], [24, []], [39, []], [45, [45]]]], [[[7, [9, 10, 8]]], [[17, [17, 14, 18]]], [[15, [15, 12, 11, 16]]], [[23, [23, 22, 21, 19]]], [[21, [25, 26, 27, 28]]], [[29, [29, 36, 34]]], [[30, [30, 37, 35, 33]]], [[38, [38, 44, 48, 46]]], [[41, [41, 32, 20]]], [[3, [43, 39]]], [[32, [50, 49, 31, 24]]], [[47, [47, 40, 42]]], [[45, [45]]]]]",935.6709132662257,"[[[[0, [4, 13, 12, 6, 7, 5]], [13, []], [12, []], [4, []], [6, []], [7, []], [17, [17, 20, 19, 16]], [29, [29, 28, 14]], [28, []], [16, []], [5, [34, 32, 25, 37]], [14, []], [34, []], [36, [41, 36, 43, 33]], [41, []], [45, [45, 50, 49]], [32, []], [20, []], [50, []], [25, []], [19, []], [49, []], [43, []], [37, []], [33, []]], [[0, [3, 9, 1, 2]], [9, []], [15, [15, 18, 8, 11]], [3, []], [11, []], [23, [23, 21, 10]], [21, []], [22, [22, 24, 27, 26]], [1, []], [2, []], [27, []], [24, []], [30, [30, 35]], [42, [42, 38, 39, 31]], [38, []], [35, []], [18, []], [47, [47, 44, 48, 46]], [40, [40]], [44, []], [39, []], [48, []], [8, []], [46, []], [10, []], [31, []], [26, []]]], [[[15, [15, 18, 8, 11]]], [[23, [23, 21, 10]]], [[17, [17, 20, 19, 16]]], [[22, [22, 24, 27, 26]]], [[29, [29, 28, 14]]], [[30, [30, 35]]], [[5, [34, 32, 25, 37]]], [[42, [42, 38, 39, 31]]], [[36, [41, 36, 43, 33]]], [[47, [47, 44, 48, 46]]], [[40, [40]], [45, [45, 50, 49]]]]]",37.0438322333152,0,13,3.230769230769231,36.218135264863356,1,11,3.6363636363636362,,,
414,test_data/data_demand_random_50_batch_all1_equal_random/C201_2.dat,4,60,2,899.5548638355577,"[[[[0, [4, 7, 5, 3, 6]], [3, [13]], [13, []], [4, []], [6, []], [11, [11, 14, 16]], [5, []], [14, []], [16, []], [28, [28, 33, 37, 32]], [7, [25, 29, 34]], [29, []], [34, []], [36, [36, 41, 43]], [41, []], [45, [45, 49, 50]], [33, []], [37, []], [49, []], [43, []], [25, []], [50, []], [32, []]], [[0, [9, 12, 2, 1]], [9, []], [15, [15, 8, 10]], [17, [17, 23]], [21, [21, 20, 19, 18]], [20, []], [12, []], [19, []], [26, [26, 24, 27]], [23, []], [42, [22, 42, 38]], [38, [35, 31, 30, 39]], [35, []], [18, []], [47, [47, 40, 44]], [40, []], [2, [46, 48]], [44, []], [46, []], [8, []], [48, []], [10, []], [24, []], [39, []], [27, []], [31, []], [30, []], [1, []], [22, []]]], [[[3, [13]]], [[15, [15, 8, 10]]], [[11, [11, 14, 16]]], [[17, [17, 23]]], [[21, [21, 20, 19, 18]]], [[26, [26, 24, 27]]], [[28, [28, 33, 37, 32]]], [[7, [25, 29, 34]]], [[42, [22, 42, 38]]], [[38, [35, 31, 30, 39]]], [[36, [36, 41, 43]]], [[45, [45, 49, 50]]], [[47, [47, 40, 44]]], [[2, [46, 48]]]]]",,,38.05906772036785,0,14,2.9285714285714284,,,,,,(not found),
415,test_data/data_demand_random_50_batch_all1_equal_random/C201_2.dat,4,60,3,1405.0,"[[[[0, [5, 13, 4, 23, 22, 29, 21, 7, 25, 12, 19, 32, 33, 1, 2, 46, 8, 48, 10, 24, 27, 39, 44, 47, 18, 35, 38, 42]], [5, []], [13, []], [4, []], [23, []], [22, []], [29, []], [21, []], [7, []], [25, []], [12, []], [19, []], [32, []], [33, []], [1, []], [2, []], [46, []], [8, []], [48, []], [10, []], [24, []], [27, []], [39, []], [44, []], [47, []], [18, []], [35, []], [38, []], [42, []]], [[0, [3, 15, 9, 17, 14, 28, 16, 34, 36, 41, 45, 40, 30, 31, 50, 20, 6, 37, 49, 43, 26, 11]], [3, []], [15, []], [9, []], [17, []], [14, []], [28, []], [16, []], [34, []], [36, []], [41, []], [45, []], [40, []], [30, []], [31, []], [50, []], [20, []], [6, []], [37, []], [49, []], [43, []], [26, []], [11, []]]], []]",,,0.0,0,0,0.0,,,,,,(not found),
416,test_data/data_demand_random_50_batch_all1_equal_random/C201_2.dat,4,60,4,1171.0,"[[[[0, [23, 26, 33, 42, 38, 35, 18, 9, 24, 27, 3, 1, 4, 8, 39, 40]], [1, []], [3, []], [23, []], [11, [11, 13, 10]], [26, []], [33, []], [13, []], [4, []], [47, [47, 45, 46, 48]], [42, []], [38, []], [35, []], [18, []], [9, []], [45, [44]], [46, []], [48, []], [8, []], [10, []], [24, []], [27, []], [39, []], [44, []], [40, []]], [[0, [29, 36, 41, 32, 20, 50, 25, 12, 19, 49, 43, 37, 31, 30, 7, 5, 2, 14, 16, 17]], [22, [22, 6]], [21, [21, 34, 28, 15]], [7, []], [5, []], [34, []], [14, []], [16, []], [17, []], [28, []], [29, []], [36, []], [41, []], [32, []], [6, []], [20, []], [50, []], [25, []], [12, []], [19, []], [49, []], [43, []], [37, []], [31, []], [30, []], [2, []], [15, []]]], [[[11, [11, 13, 10]]], [[22, [22, 6]]], [[21, [21, 34, 28, 15]]], [[47, [47, 45, 46, 48]]], [[45, [44]]]]]",,,30.12207531803954,0,5,2.8,,,,,,(not found),
417,test_data/data_demand_random_50_batch_all1_equal_random/C201_2.dat,4,60,5,877.9706902837698,"[[[[0, [1, 2, 8]], [17, [17, 9, 18]], [1, []], [9, []], [2, [24, 27, 10]], [10, []], [24, []], [27, []], [30, [30, 15]], [15, []], [42, [42, 38, 35, 33]], [38, []], [35, []], [18, []], [47, [47, 40, 46, 44]], [40, [48, 39, 31]], [46, []], [8, []], [48, []], [44, []], [39, []], [31, []], [33, []]], [[0, [13, 4, 6, 12, 7, 5, 3]], [4, []], [6, []], [12, []], [13, []], [23, [23, 16, 14, 20]], [7, []], [21, [21, 29, 28, 11]], [29, []], [28, []], [16, []], [14, []], [5, [34, 36, 19, 22]], [34, []], [36, []], [41, [41, 32, 25, 26]], [45, [45, 49, 43, 37]], [3, []], [26, []], [32, [50]], [20, []], [50, []], [25, []], [19, []], [49, []], [43, []], [37, []], [11, []], [22, []]]], [[[17, [17, 9, 18]]], [[23, [23, 16, 14, 20]]], [[2, [24, 27, 10]]], [[21, [21, 29, 28, 11]]], [[30, [30, 15]]], [[5, [34, 36, 19, 22]]], [[41, [41, 32, 25, 26]]], [[42, [42, 38, 35, 33]]], [[45, [45, 49, 43, 37]]], [[47, [47, 40, 46, 44]]], [[40, [48, 39, 31]]], [[32, [50]]]]]",,,37.62483630388,0,12,3.3333333333333335,,,,,,(not found),
418,test_data/data_demand_random_50_batch_all1_equal_random/C201_2.dat,4,90,1,853.6155281280883,"[[[[0, [2, 5]], [5, []], [15, [15, 9, 10, 8]], [9, []], [27, [27, 24]], [24, []], [31, [31, 30, 35]], [30, []], [42, [42, 38, 18]], [38, []], [35, []], [18, []], [47, [47, 44, 48, 46]], [40, [40, 39, 45]], [44, []], [39, []], [10, []], [48, []], [8, []], [46, []], [2, []], [45, []]], [[0, [6, 3, 7, 1, 4]], [1, []], [4, []], [3, []], [6, []], [12, [12, 13, 11, 16]], [13, []], [11, []], [23, [23, 14, 17, 20]], [7, []], [21, [21, 29, 28, 22]], [29, []], [28, []], [16, []], [14, []], [34, [34, 36, 25, 26]], [36, []], [17, []], [41, [41, 32, 37, 33]], [33, []], [26, []], [32, []], [37, []], [20, []], [50, [50, 19]], [25, []], [19, []], [49, [49, 43]], [43, []], [22, []]]], [[[15, [15, 9, 10, 8]]], [[12, [12, 13, 11, 16]]], [[23, [23, 14, 17, 20]]], [[21, [21, 29, 28, 22]]], [[27, [27, 24]]], [[31, [31, 30, 35]]], [[34, [34, 36, 25, 26]]], [[42, [42, 38, 18]]], [[41, [41, 32, 37, 33]]], [[47, [47, 44, 48, 46]]], [[40, [40, 39, 45]]], [[50, [50, 19]]], [[49, [49, 43]]]]]",,,49.90783713223994,0,13,3.3076923076923075,,,,,,(not found),
419,test_data/data_demand_random_50_batch_all1_equal_random/C201_2.dat,4,90,2,876.298221281347,"[[[[0, [4, 2]], [9, [9, 10, 16, 14]], [10, []], [2, []], [28, [28, 19, 25, 13]], [16, []], [14, []], [34, [34, 36, 30, 15]], [36, []], [41, [41, 31, 40, 43]], [19, []], [25, []], [50, [50, 49, 37]], [37, []], [43, []], [49, []], [13, []], [4, []], [31, []], [30, []], [40, []], [15, []], [45, [45]]], [[0, [7, 5, 1, 3, 6]], [3, []], [1, []], [7, []], [5, []], [11, [11, 8, 12]], [6, []], [12, []], [20, [20, 21, 17, 18]], [21, []], [17, []], [29, [29, 26, 27, 23]], [32, [32, 35, 24, 33]], [26, []], [33, []], [42, [42, 38, 39, 22]], [38, []], [35, []], [18, []], [47, [47, 46, 48, 44]], [46, []], [8, []], [48, []], [24, []], [27, []], [39, []], [44, []], [23, []], [22, []]]], [[[9, [9, 10, 16, 14]]], [[11, [11, 8, 12]]], [[20, [20, 21, 17, 18]]], [[29, [29, 26, 27, 23]]], [[28, [28, 19, 25, 13]]], [[32, [32, 35, 24, 33]]], [[34, [34, 36, 30, 15]]], [[41, [41, 31, 40, 43]]], [[42, [42, 38, 39, 22]]], [[47, [47, 46, 48, 44]]], [[50, [50, 49, 37]]], [[45, [45]]]]]",,,43.756005066860034,0,12,3.5833333333333335,,,,,,(not found),
420,test_data/data_demand_random_50_batch_all1_equal_random/C201_2.dat,4,90,3,882.3606797749978,"[[[[0, [6]], [9, [9, 17, 10, 8]], [15, [15, 20, 18]], [28, [28]], [17, []], [6, []], [20, []], [32, [32, 26, 30]], [26, []], [30, []], [39, [39, 27, 31, 24]], [27, []], [31, []], [24, []], [10, []], [8, []], [46, [46, 44, 40, 48]], [48, []], [44, []], [40, []], [47, [47, 35, 38, 42]], [18, []], [35, []], [38, []], [42, []]], [[0, [7, 3, 1, 2, 4, 5]], [7, []], [3, []], [1, [13, 11]], [13, []], [4, []], [2, []], [21, [21, 23, 16, 14]], [5, []], [29, [19, 25, 12, 29]], [16, []], [14, []], [34, [34, 36, 33]], [36, []], [41, [41]], [23, []], [11, []], [45, [45, 50]], [33, []], [50, []], [25, []], [12, []], [19, []], [49, [49, 43, 37, 22]], [43, []], [37, []], [22, []]]], [[[1, [13, 11]]], [[9, [9, 17, 10, 8]]], [[15, [15, 20, 18]]], [[21, [21, 23, 16, 14]]], [[28, [28]]], [[29, [19, 25, 12, 29]]], [[32, [32, 26, 30]]], [[34, [34, 36, 33]]], [[41, [41]]], [[39, [39, 27, 31, 24]]], [[45, [45, 50]]], [[46, [46, 44, 40, 48]]], [[47, [47, 35, 38, 42]]], [[49, [49, 43, 37, 22]]]]]",,,46.48342983561635,0,14,3.0714285714285716,,,,,,(not found),
421,test_data/data_demand_random_50_batch_all1_equal_random/C201_2.dat,4,90,4,853.6155281280883,"[[[[0, [4, 1, 3, 7]], [1, []], [4, []], [3, []], [7, []], [16, [16, 14]], [14, []], [22, [22, 18, 11]], [11, []], [26, [26, 27, 24]], [27, []], [24, []], [30, [30, 15]], [15, []], [42, [42, 35, 40, 38]], [38, []], [35, []], [18, []], [47, [47, 46, 48, 45]], [40, []], [46, []], [48, []], [39, [39, 44]], [44, []], [45, []]], [[0, [2, 5, 6]], [2, []], [9, [9]], [10, [10, 8, 12]], [8, []], [12, [17, 19, 20, 21]], [19, []], [20, []], [28, [28, 29, 23]], [21, []], [29, []], [17, []], [5, []], [34, [34, 36, 32, 31]], [36, []], [41, [41, 25, 37, 13]], [32, []], [6, []], [25, []], [50, [50, 43, 49, 33]], [37, []], [43, []], [49, []], [13, []], [31, []], [33, []], [23, []]]], [[[9, [9]]], [[10, [10, 8, 12]]], [[16, [16, 14]]], [[12, [17, 19, 20, 21]]], [[22, [22, 18, 11]]], [[26, [26, 27, 24]]], [[28, [28, 29, 23]]], [[30, [30, 15]]], [[34, [34, 36, 32, 31]]], [[42, [42, 35, 40, 38]]], [[41, [41, 25, 37, 13]]], [[50, [50, 43, 49, 33]]], [[47, [47, 46, 48, 45]]], [[39, [39, 44]]]]]",,,50.88323595648669,0,14,3.0714285714285716,,,,,,(not found),
422,test_data/data_demand_random_50_batch_all1_equal_random/C201_2.dat,4,90,5,856.6155281280883,"[[[[0, [4, 2]], [15, [15, 13, 18, 9]], [9, []], [10, [10, 8]], [4, []], [13, []], [31, [31, 30, 27, 24]], [30, []], [42, [42, 38, 35, 40]], [38, [39]], [35, []], [18, []], [47, [47, 44, 48, 46]], [44, []], [39, []], [27, []], [24, []], [48, []], [8, []], [46, []], [2, []], [40, []]], [[0, [5, 3, 7, 1, 6]], [3, []], [6, []], [7, []], [17, [17, 14, 11, 16]], [5, []], [16, []], [14, []], [23, [23, 22, 21, 12]], [1, [29, 28, 19, 26]], [22, []], [11, []], [21, []], [29, []], [34, [34, 25, 20, 32]], [41, [41, 36, 43, 37]], [36, []], [28, []], [25, []], [50, [50, 49, 45, 33]], [20, []], [12, []], [19, []], [49, []], [43, []], [37, []], [32, []], [26, []], [33, []], [45, []]]], [[[15, [15, 13, 18, 9]]], [[17, [17, 14, 11, 16]]], [[10, [10, 8]]], [[23, [23, 22, 21, 12]]], [[1, [29, 28, 19, 26]]], [[31, [31, 30, 27, 24]]], [[34, [34, 25, 20, 32]]], [[42, [42, 38, 35, 40]]], [[41, [41, 36, 43, 37]]], [[38, [39]]], [[47, [47, 44, 48, 46]]], [[50, [50, 49, 45, 33]]]]]",,,44.06817174635732,0,12,3.5833333333333335,,,,,,(not found),
423,test_data/data_demand_random_50_batch_all1_equal_random/C201_2.dat,4,120,1,853.6155281280883,"[[[[0, [5, 7, 6, 3, 1]], [6, []], [13, [13]], [16, [16, 12]], [7, []], [5, []], [14, [14, 17, 20, 21]], [28, [28, 29, 19, 25]], [21, []], [17, []], [36, [36, 34, 32, 23]], [34, []], [41, [41, 37, 43]], [29, []], [20, []], [37, []], [43, []], [49, [49, 50, 33, 22]], [19, []], [12, []], [25, []], [50, []], [32, []], [3, []], [33, []], [1, []], [23, []], [22, []]], [[0, [2, 4]], [4, []], [10, [10, 8, 9, 11]], [8, []], [9, []], [2, []], [11, []], [26, [26, 24, 27, 15]], [24, []], [27, []], [31, [31, 30, 35, 18]], [30, []], [15, []], [42, [42, 38]], [38, []], [35, []], [18, []], [47, [47, 40, 45]], [40, []], [46, [46, 48, 39, 44]], [48, []], [39, []], [44, []], [45, []]]], [[[13, [13]]], [[10, [10, 8, 9, 11]]], [[16, [16, 12]]], [[14, [14, 17, 20, 21]]], [[26, [26, 24, 27, 15]]], [[28, [28, 29, 19, 25]]], [[36, [36, 34, 32, 23]]], [[31, [31, 30, 35, 18]]], [[41, [41, 37, 43]]], [[42, [42, 38]]], [[47, [47, 40, 45]]], [[49, [49, 50, 33, 22]]], [[46, [46, 48, 39, 44]]]]]",,,53.996527647116686,0,13,3.3076923076923075,,,,,,(not found),
424,test_data/data_demand_random_50_batch_all1_equal_random/C201_2.dat,4,120,2,1012.5410196624969,"[[[[0, [5, 4]], [15, [15, 9, 14, 16]], [18, [18]], [9, []], [23, [23, 12]], [34, [34, 25, 19, 24]], [16, []], [5, []], [14, []], [50, [50, 49, 43, 37]], [25, []], [12, []], [19, []], [49, []], [43, []], [37, []], [4, []], [31, [31, 27, 35]], [24, []], [27, []], [39, [39, 44, 47, 38]], [44, []], [47, []], [35, []], [38, []], [42, [42]]], [[0, [2, 6, 7, 1, 3]], [6, []], [11, [11, 17, 8]], [13, [13, 10]], [10, []], [2, []], [17, []], [36, [36, 28, 29, 32]], [28, []], [29, []], [41, [41, 20, 21, 22]], [32, []], [20, []], [7, []], [21, []], [1, []], [33, [33, 26, 30]], [3, []], [22, []], [26, []], [30, []], [48, [48, 46, 40, 45]], [8, []], [46, []], [40, []], [45, []]]], [[[15, [15, 9, 14, 16]]], [[11, [11, 17, 8]]], [[13, [13, 10]]], [[18, [18]]], [[23, [23, 12]]], [[36, [36, 28, 29, 32]]], [[34, [34, 25, 19, 24]]], [[41, [41, 20, 21, 22]]], [[33, [33, 26, 30]]], [[50, [50, 49, 43, 37]]], [[31, [31, 27, 35]]], [[39, [39, 44, 47, 38]]], [[48, [48, 46, 40, 45]]], [[42, [42]]]]]",,,48.90188612823279,0,14,3.0714285714285716,,,,,,(not found),
425,test_data/data_demand_random_50_batch_all1_equal_random/C201_2.dat,4,120,3,923.8058436014987,"[[[[0, [2, 4, 1, 3]], [2, []], [9, [9, 11, 8, 10]], [15, [15, 18]], [4, []], [1, []], [3, []], [26, [26, 22, 20, 27]], [11, []], [22, []], [20, []], [32, [32, 37, 31, 30]], [37, []], [31, []], [30, []], [39, [39, 24, 35]], [27, []], [24, []], [44, [44, 46, 48, 40]], [46, []], [8, []], [48, []], [10, []], [40, []], [47, [47, 38, 42, 45]], [18, []], [35, []], [38, []], [42, []], [45, []]], [[0, [5]], [6, [6, 12, 13, 7]], [7, []], [14, [14, 17, 19, 21]], [17, [23, 25, 28, 16]], [21, []], [28, []], [23, []], [5, []], [16, []], [29, [29, 36, 34, 33]], [36, []], [34, []], [50, [50, 43, 49, 41]], [25, []], [43, []], [12, []], [19, []], [49, []], [13, []], [33, []], [41, []]]], [[[9, [9, 11, 8, 10]]], [[6, [6, 12, 13, 7]]], [[15, [15, 18]]], [[14, [14, 17, 19, 21]]], [[17, [23, 25, 28, 16]]], [[26, [26, 22, 20, 27]]], [[29, [29, 36, 34, 33]]], [[32, [32, 37, 31, 30]]], [[39, [39, 24, 35]]], [[44, [44, 46, 48, 40]]], [[50, [50, 43, 49, 41]]], [[47, [47, 38, 42, 45]]]]]",,,51.41613000669399,0,12,3.75,,,,,,(not found),
426,test_data/data_demand_random_50_batch_all1_equal_random/C201_2.dat,4,120,4,853.6155281280883,"[[[[0, [4, 5]], [4, []], [9, [9, 17, 16, 14]], [14, []], [29, [29, 28, 21, 20]], [17, []], [16, []], [5, []], [28, []], [34, [34, 36, 25, 37]], [36, []], [41, [41, 32, 19, 26]], [21, []], [32, []], [20, []], [50, [50, 49, 43, 33]], [25, []], [19, []], [49, []], [43, []], [37, []], [33, []], [26, []], [11, [11]]], [[0, [1, 6, 2, 7, 3]], [1, []], [13, [13, 12, 8, 10]], [12, []], [6, []], [7, []], [3, []], [23, [23, 22, 18]], [22, []], [2, []], [27, [27, 24]], [24, []], [31, [31, 15, 30]], [15, []], [42, [42, 38, 35, 39]], [38, []], [35, []], [18, []], [47, [47, 46, 40, 45]], [40, []], [46, [48, 44]], [8, []], [48, []], [10, []], [39, []], [44, []], [30, []], [45, []]]], [[[9, [9, 17, 16, 14]]], [[13, [13, 12, 8, 10]]], [[23, [23, 22, 18]]], [[29, [29, 28, 21, 20]]], [[27, [27, 24]]], [[31, [31, 15, 30]]], [[34, [34, 36, 25, 37]]], [[42, [42, 38, 35, 39]]], [[41, [41, 32, 19, 26]]], [[50, [50, 49, 43, 33]]], [[47, [47, 46, 40, 45]]], [[46, [48, 44]]], [[11, [11]]]]]",935.3664913742768,"[[[[0, [2, 1]], [1, []], [9, [9, 8, 11, 12]], [10, [10]], [8, []], [2, []], [12, [16, 17, 22]], [19, [19, 21, 20]], [21, []], [29, [29, 34, 28, 36]], [34, []], [16, []], [28, []], [17, []], [36, []], [41, [41, 26, 37, 33]], [11, []], [26, []], [37, []], [43, [43, 49, 25, 32]], [49, []], [25, []], [50, [50, 45]], [20, []], [32, []], [33, []], [22, []], [45, []]], [[0, [6, 5, 7, 4, 3]], [6, []], [14, [14, 18, 13, 15]], [5, []], [7, []], [23, [23]], [3, []], [4, []], [13, []], [31, [31, 24, 27, 30]], [42, [42, 38, 40]], [38, []], [35, [35, 39]], [18, []], [47, [47, 44, 48, 46]], [40, []], [44, []], [39, []], [48, []], [46, []], [24, []], [27, []], [30, []], [15, []]]], [[[9, [9, 8, 11, 12]]], [[10, [10]]], [[14, [14, 18, 13, 15]]], [[12, [16, 17, 22]], [23, [23]]], [[19, [19, 21, 20]]], [[29, [29, 34, 28, 36]]], [[31, [31, 24, 27, 30]]], [[41, [41, 26, 37, 33]]], [[42, [42, 38, 40]]], [[35, [35, 39]]], [[47, [47, 44, 48, 46]]], [[43, [43, 49, 25, 32]]], [[50, [50, 45]]]]]",49.85637189821603,0,13,3.3076923076923075,56.56595391897206,1,13,3.3076923076923075,,,
427,test_data/data_demand_random_50_batch_all1_equal_random/C201_2.dat,4,120,5,860.6155281280883,"[[[[0, [6, 4, 5]], [9, [9, 13, 12]], [13, []], [4, []], [19, [19, 25, 28, 20]], [12, []], [25, []], [28, []], [5, []], [34, [34, 36, 37, 30]], [36, []], [41, [41, 32, 43, 31]], [32, []], [20, []], [50, [50, 49, 45]], [6, []], [37, []], [49, []], [43, []], [31, []], [30, []], [45, []]], [[0, [7, 1, 3, 2]], [2, []], [1, []], [11, [11, 8]], [17, [17, 14, 16, 15]], [14, [22, 18, 21, 23]], [16, []], [7, []], [21, []], [29, [29, 26, 27, 24]], [22, []], [23, []], [3, []], [26, []], [33, [33, 10]], [15, []], [42, [42]], [38, [38, 35, 39, 40]], [35, []], [18, []], [47, [47, 48, 44, 46]], [40, []], [44, []], [39, []], [27, []], [24, []], [10, []], [48, []], [8, []], [46, []]]], [[[11, [11, 8]]], [[9, [9, 13, 12]]], [[17, [17, 14, 16, 15]]], [[14, [22, 18, 21, 23]]], [[19, [19, 25, 28, 20]]], [[29, [29, 26, 27, 24]]], [[33, [33, 10]]], [[34, [34, 36, 37, 30]]], [[42, [42]]], [[38, [38, 35, 39, 40]]], [[41, [41, 32, 43, 31]]], [[47, [47, 48, 44, 46]]], [[50, [50, 49, 45]]]]]",,,47.60201347627464,0,13,3.3076923076923075,,,,,,(not found),
428,test_data/data_demand_random_50_batch_all1_equal_random/C201_2.dat,8,60,1,869.6155281280883,"[[[[0, [3, 9, 4, 13]], [4, []], [13, []], [9, []], [3, []], [26, [26, 15, 18, 10, 8]], [33, [33, 31, 30, 35, 27, 24]], [31, []], [30, []], [15, []], [42, [42, 38]], [38, []], [35, []], [18, []], [47, [47, 40, 44, 39, 48, 46, 45]], [40, []], [44, []], [39, []], [27, []], [24, []], [10, []], [48, []], [8, []], [46, []], [45, []]], [[0, [5, 2, 7, 1, 6]], [5, []], [1, []], [2, []], [11, [11, 14, 16, 17, 12]], [7, []], [14, []], [16, []], [17, []], [28, [28, 29, 21, 20, 25, 19, 23, 22]], [12, []], [6, []], [41, [41, 34, 36, 32, 43, 37]], [34, []], [36, []], [29, []], [21, []], [32, [50, 49]], [20, []], [50, []], [25, []], [19, []], [49, []], [43, []], [37, []], [23, []], [22, []]]], [[[11, [11, 14, 16, 17, 12]]], [[26, [26, 15, 18, 10, 8]]], [[28, [28, 29, 21, 20, 25, 19, 23, 22]]], [[33, [33, 31, 30, 35, 27, 24]]], [[41, [41, 34, 36, 32, 43, 37]]], [[42, [42, 38]]], [[47, [47, 40, 44, 39, 48, 46, 45]]], [[32, [50, 49]]]]]",869.6155281280883,"[[[[0, [4, 12, 6, 13, 7]], [12, []], [13, []], [4, []], [6, []], [17, [17, 21, 22, 23, 11]], [21, []], [29, [29]], [23, []], [11, []], [32, [32, 20, 14, 16, 37]], [20, []], [41, [41, 36, 34, 25, 19]], [36, []], [34, []], [14, []], [16, []], [7, [50, 49, 43]], [50, []], [25, []], [19, []], [49, []], [43, []], [37, []], [22, []]], [[0, [1, 9, 3, 5]], [9, []], [3, [2]], [1, []], [5, []], [28, [28, 26, 15, 18, 10, 8]], [26, []], [33, [33, 31, 30, 27, 24]], [31, []], [30, []], [15, []], [42, [42, 35, 40, 38]], [38, []], [35, []], [18, []], [47, [47, 44, 39, 48, 46, 45]], [2, []], [44, []], [39, []], [27, []], [24, []], [10, []], [48, []], [8, []], [46, []], [40, []], [45, []]]], [[[17, [17, 21, 22, 23, 11]]], [[3, [2]]], [[29, [29]], [28, [28, 26, 15, 18, 10, 8]]], [[33, [33, 31, 30, 27, 24]]], [[32, [32, 20, 14, 16, 37]]], [[42, [42, 35, 40, 38]]], [[41, [41, 36, 34, 25, 19]]], [[7, [50, 49, 43]]], [[47, [47, 44, 39, 48, 46, 45]]]]]",37.44825821930303,0,8,5.125,38.6752446227097,1,9,4.555555555555555,,,
429,test_data/data_demand_random_50_batch_all1_equal_random/C201_2.dat,8,60,2,860.6155281280883,"[[[[0, [4]], [4, []], [15, [15, 18, 8, 10, 11, 13, 6]], [13, []], [6, []], [11, []], [23, [23]], [30, [30, 31, 35, 24, 27]], [31, []], [42, [42, 2, 38]], [38, []], [35, []], [18, []], [47, [47, 40, 46, 48, 39, 45, 44]], [40, []], [2, []], [46, []], [8, []], [48, []], [10, []], [24, []], [27, []], [39, []], [44, []], [45, []]], [[0, [5, 1, 3, 9, 7]], [9, []], [3, []], [1, []], [22, [22, 14, 20, 12, 16, 17]], [7, []], [28, [28, 29, 21]], [17, []], [14, []], [16, []], [29, []], [21, []], [36, [36, 34, 32, 25, 19, 26]], [34, []], [5, []], [41, [41, 37, 33]], [32, [50, 49, 43]], [20, []], [50, []], [25, []], [12, []], [19, []], [49, []], [43, []], [37, []], [26, []], [33, []]]], [[[22, [22, 14, 20, 12, 16, 17]]], [[15, [15, 18, 8, 10, 11, 13, 6]]], [[28, [28, 29, 21]]], [[23, [23]]], [[36, [36, 34, 32, 25, 19, 26]]], [[30, [30, 31, 35, 24, 27]]], [[42, [42, 2, 38]]], [[41, [41, 37, 33]]], [[47, [47, 40, 46, 48, 39, 45, 44]]], [[32, [50, 49, 43]]]]]",,,35.174163054762886,0,10,4.4,,,,,,(not found),
430,test_data/data_demand_random_50_batch_all1_equal_random/C201_2.dat,8,60,3,862.7099202643649,"[[[[0, [14, 7, 16, 5]], [16, []], [14, []], [7, []], [28, [28, 17, 21, 19, 12]], [17, []], [21, []], [5, [34, 36, 29, 22, 26, 20]], [34, []], [36, []], [29, []], [22, []], [26, []], [33, [33, 31, 43, 25, 32, 37]], [31, []], [32, [49, 50, 41]], [37, []], [43, []], [49, []], [19, []], [12, []], [25, []], [50, []], [20, []], [41, []]], [[0, [1, 2, 4, 3, 6]], [4, []], [3, []], [11, [11, 13, 9, 8, 10]], [6, []], [13, []], [23, [23, 15, 18]], [9, []], [15, []], [1, []], [2, []], [42, [42, 38, 35, 24, 27, 30]], [38, []], [35, []], [18, []], [47, [47, 46, 48, 44, 40, 39, 45]], [40, []], [46, []], [8, []], [48, []], [10, []], [24, []], [27, []], [39, []], [44, []], [30, []], [45, []]]], [[[11, [11, 13, 9, 8, 10]]], [[23, [23, 15, 18]]], [[28, [28, 17, 21, 19, 12]]], [[5, [34, 36, 29, 22, 26, 20]]], [[33, [33, 31, 43, 25, 32, 37]]], [[42, [42, 38, 35, 24, 27, 30]]], [[47, [47, 46, 48, 44, 40, 39, 45]]], [[32, [49, 50, 41]]]]]",,,39.224537146976104,0,8,5.125,,,,,,(not found),
431,test_data/data_demand_random_50_batch_all1_equal_random/C201_2.dat,8,60,4,856.6155281280883,"[[[[0, [5, 4, 7, 3]], [3, []], [4, []], [23, [23, 22, 14, 17, 21, 16, 20, 12]], [22, []], [14, []], [7, []], [28, [19, 34, 36, 28, 29, 25, 26]], [17, []], [21, []], [29, []], [5, []], [16, []], [34, []], [36, [41, 32, 43, 37, 33]], [41, []], [32, [50, 49, 45]], [20, []], [50, []], [25, []], [12, []], [19, []], [49, []], [43, []], [37, []], [26, []], [33, []], [45, []]], [[0, [13, 9, 2, 1, 6]], [11, [11]], [6, []], [13, []], [9, []], [1, []], [30, [30, 31, 15, 18, 8, 10]], [31, []], [15, []], [42, [42, 38, 35, 24, 27]], [38, []], [35, []], [18, []], [47, [47, 46, 48, 39, 44, 40]], [2, []], [46, []], [8, []], [48, []], [10, []], [24, []], [27, []], [39, []], [44, []], [40, []]]], [[[11, [11]]], [[23, [23, 22, 14, 17, 21, 16, 20, 12]]], [[28, [19, 34, 36, 28, 29, 25, 26]]], [[30, [30, 31, 15, 18, 8, 10]]], [[42, [42, 38, 35, 24, 27]]], [[36, [41, 32, 43, 37, 33]]], [[47, [47, 46, 48, 39, 44, 40]]], [[32, [50, 49, 45]]]]]",,,38.33435776132631,0,8,5.125,,,,,,(not found),
432,test_data/data_demand_random_50_batch_all1_equal_random/C201_2.dat,8,60,5,860.6155281280883,"[[[[0, [5, 2, 4]], [2, []], [11, [11, 13]], [13, []], [4, []], [23, [23, 22, 17, 12, 14, 16]], [22, []], [5, []], [14, []], [16, []], [28, [28, 29, 34, 36, 21, 26, 19, 25]], [17, []], [29, []], [34, []], [36, []], [21, []], [26, []], [33, [49, 50, 33, 37, 43, 20]], [37, []], [43, []], [49, []], [19, []], [12, []], [25, []], [50, []], [20, []], [32, [32, 41]], [41, []]], [[0, [1, 7, 3, 6]], [3, []], [6, []], [7, []], [1, []], [18, [18, 9, 15, 10, 8]], [9, []], [15, []], [30, [30, 31]], [31, []], [42, [42, 38, 35, 39, 27, 24]], [38, []], [35, []], [47, [47, 44, 48, 46, 40, 45]], [44, []], [39, []], [27, []], [24, []], [10, []], [48, []], [8, []], [46, []], [40, []], [45, []]]], [[[11, [11, 13]]], [[18, [18, 9, 15, 10, 8]]], [[23, [23, 22, 17, 12, 14, 16]]], [[28, [28, 29, 34, 36, 21, 26, 19, 25]]], [[30, [30, 31]]], [[42, [42, 38, 35, 39, 27, 24]]], [[47, [47, 44, 48, 46, 40, 45]]], [[33, [49, 50, 33, 37, 43, 20]]], [[32, [32, 41]]]]]",1000.2729905039163,"[[[[0, [6, 3, 9]], [9, []], [15, [15, 18, 11, 17, 12]], [18, []], [23, [23, 22, 21, 20, 19]], [3, []], [26, [26]], [22, [25]], [11, []], [21, [34, 36, 30, 33, 32, 37]], [17, []], [34, []], [36, []], [41, [41, 42]], [42, [49, 43, 50]], [30, []], [33, []], [32, []], [49, []], [6, []], [20, []], [37, []], [43, []], [19, []], [12, []], [25, []], [50, []]], [[0, [7, 2, 5, 1]], [7, []], [2, []], [5, [14, 16, 10, 8, 13, 4]], [14, []], [16, []], [29, [29, 28]], [28, []], [1, [31, 35, 24, 27]], [13, []], [4, []], [31, []], [47, [47, 38, 39, 48, 46, 44, 40, 45]], [35, []], [38, []], [39, []], [24, []], [10, []], [48, []], [46, []], [8, []], [44, []], [27, []], [40, []], [45, []]]], [[[5, [14, 16, 10, 8, 13, 4]]], [[15, [15, 18, 11, 17, 12]]], [[29, [29, 28]], [23, [23, 22, 21, 20, 19]]], [[26, [26]]], [[22, [25]]], [[1, [31, 35, 24, 27]]], [[21, [34, 36, 30, 33, 32, 37]]], [[41, [41, 42]]], [[42, [49, 43, 50]]], [[47, [47, 38, 39, 48, 46, 44, 40, 45]]]]]",40.4841479056159,0,9,4.777777777777778,34.38009930413016,1,10,4.3,,,
433,test_data/data_demand_random_50_batch_all1_equal_random/C201_2.dat,8,90,1,848.6155281280883,"[[[[0, [6, 5, 1, 2]], [6, []], [10, [10]], [9, [9, 17, 16, 14, 12]], [2, []], [1, []], [22, [22, 28, 29, 21, 20, 25, 19, 26]], [28, []], [17, []], [16, []], [5, []], [14, []], [34, [34]], [41, [41, 36, 32, 43, 37, 33]], [36, []], [29, []], [21, []], [32, []], [20, []], [50, [50, 49]], [25, []], [12, []], [19, []], [49, []], [43, []], [37, []], [33, []], [26, []]], [[0, [7, 3, 4]], [7, []], [4, []], [13, [13]], [3, [18, 8, 23, 11, 15]], [11, []], [23, []], [24, [24, 27]], [27, []], [31, [31, 30]], [15, []], [42, [42, 38, 35, 40, 39]], [38, []], [35, []], [18, []], [47, [47, 46, 48, 44, 45]], [40, []], [46, []], [8, []], [48, []], [39, []], [44, []], [30, []], [45, []]]], [[[10, [10]]], [[13, [13]]], [[3, [18, 8, 23, 11, 15]]], [[9, [9, 17, 16, 14, 12]]], [[22, [22, 28, 29, 21, 20, 25, 19, 26]]], [[24, [24, 27]]], [[31, [31, 30]]], [[34, [34]]], [[42, [42, 38, 35, 40, 39]]], [[41, [41, 36, 32, 43, 37, 33]]], [[47, [47, 46, 48, 44, 45]]], [[50, [50, 49]]]]]",,,51.522957705785146,0,12,3.5833333333333335,,,,,,(not found),
434,test_data/data_demand_random_50_batch_all1_equal_random/C201_2.dat,8,90,2,848.6155281280883,"[[[[0, [7, 6]], [6, []], [9, [9, 16, 14, 17, 12]], [29, [29, 28, 21, 19, 23, 22]], [28, []], [16, []], [14, []], [34, [34, 36, 20, 25]], [36, []], [17, []], [21, []], [41, [41, 43, 37, 32, 33]], [7, []], [20, []], [50, [50, 49]], [25, []], [12, []], [19, []], [49, []], [43, []], [37, []], [32, []], [33, []], [23, []], [22, []]], [[0, [1, 3, 5, 4, 2]], [5, []], [13, [13]], [4, []], [15, [15, 11, 10, 18, 8]], [3, []], [1, []], [11, []], [26, [26, 24, 27]], [10, []], [24, []], [27, []], [31, [31, 30]], [30, []], [42, [42, 38, 35, 40, 39]], [38, []], [35, []], [18, []], [47, [47, 44, 48, 46, 45]], [40, []], [44, []], [39, []], [48, []], [8, []], [46, []], [2, []], [45, []]]], [[[13, [13]]], [[15, [15, 11, 10, 18, 8]]], [[9, [9, 16, 14, 17, 12]]], [[29, [29, 28, 21, 19, 23, 22]]], [[26, [26, 24, 27]]], [[31, [31, 30]]], [[34, [34, 36, 20, 25]]], [[41, [41, 43, 37, 32, 33]]], [[42, [42, 38, 35, 40, 39]]], [[47, [47, 44, 48, 46, 45]]], [[50, [50, 49]]]]]",,,47.31449860061837,0,11,3.909090909090909,,,,,,(not found),
435,test_data/data_demand_random_50_batch_all1_equal_random/C201_2.dat,8,90,3,856.6155281280883,"[[[[0, [3, 1, 4, 2]], [4, []], [2, []], [1, []], [15, [15, 10, 8, 13, 18]], [10, []], [8, []], [13, []], [3, []], [31, [31, 24, 27, 30]], [30, []], [42, [42, 38, 35, 39, 40]], [38, []], [35, []], [18, []], [47, [47, 48, 46, 44]], [46, []], [48, []], [24, []], [27, []], [39, []], [44, []], [40, []]], [[0, [6, 7, 5]], [9, [9]], [14, [14, 11, 12, 16, 17]], [5, []], [16, []], [7, []], [23, [23, 21, 28, 22]], [21, []], [28, []], [17, []], [34, [34, 36, 29, 20, 25, 26, 33]], [36, []], [29, []], [41, [41, 37, 19]], [22, []], [11, []], [26, []], [37, []], [6, []], [20, []], [50, [50, 49, 43, 32, 45]], [25, []], [12, []], [19, []], [49, []], [43, []], [32, []], [33, []], [45, []]]], [[[9, [9]]], [[15, [15, 10, 8, 13, 18]]], [[14, [14, 11, 12, 16, 17]]], [[23, [23, 21, 28, 22]]], [[31, [31, 24, 27, 30]]], [[34, [34, 36, 29, 20, 25, 26, 33]]], [[42, [42, 38, 35, 39, 40]]], [[41, [41, 37, 19]]], [[50, [50, 49, 43, 32, 45]]], [[47, [47, 48, 46, 44]]]]]",,,46.10902154169964,0,10,4.3,,,,,,(not found),
436,test_data/data_demand_random_50_batch_all1_equal_random/C201_2.dat,8,90,4,872.0788655293195,"[[[[0, [1, 7, 5]], [7, []], [11, [11, 14, 16, 17, 12]], [1, []], [15, [15, 21, 19]], [14, []], [16, []], [21, []], [28, [28, 34, 36, 29, 25, 37, 31, 30]], [5, []], [34, []], [36, []], [17, []], [29, []], [41, [41, 32, 43, 40]], [32, []], [50, [50, 49, 45]], [25, []], [12, []], [19, []], [49, []], [43, []], [37, []], [31, []], [30, []], [40, []], [45, []]], [[0, [2, 4, 6, 3]], [2, []], [9, [9, 13, 10, 8, 18]], [4, []], [13, []], [6, []], [20, [20, 22, 23, 26, 27, 24]], [22, []], [3, []], [23, []], [26, []], [33, [33, 39, 35, 38, 42]], [39, []], [27, []], [24, []], [10, []], [46, [46, 48, 44, 47]], [8, []], [48, []], [44, []], [47, []], [18, []], [35, []], [38, []], [42, []]]], [[[11, [11, 14, 16, 17, 12]]], [[9, [9, 13, 10, 8, 18]]], [[15, [15, 21, 19]]], [[20, [20, 22, 23, 26, 27, 24]]], [[28, [28, 34, 36, 29, 25, 37, 31, 30]]], [[33, [33, 39, 35, 38, 42]]], [[41, [41, 32, 43, 40]]], [[50, [50, 49, 45]]], [[46, [46, 48, 44, 47]]]]]",900.0788655293195,"[[[[0, [2, 3, 1]], [3, []], [1, []], [9, [9, 11, 10, 8, 16, 18, 15]], [11, []], [21, [21, 20]], [16, []], [20, []], [32, [32]], [26, [26, 27, 24, 30, 31]], [30, []], [31, [39, 35, 38, 42]], [39, []], [27, []], [24, []], [10, []], [46, [46, 48, 44, 47, 45]], [48, []], [8, []], [44, []], [2, []], [47, []], [18, []], [35, []], [38, []], [42, []], [15, []], [45, []]], [[0, [7, 4, 5, 6]], [4, []], [7, []], [22, [22, 13, 14, 17, 12]], [23, [23, 19]], [13, []], [6, []], [12, []], [28, [28, 29, 25]], [5, []], [14, []], [34, [34, 36, 41, 43, 37, 33, 40]], [36, []], [17, []], [29, []], [41, []], [50, [50, 49]], [25, []], [19, []], [49, []], [43, []], [37, []], [33, []], [40, []]]], [[[22, [22, 13, 14, 17, 12]]], [[9, [9, 11, 10, 8, 16, 18, 15]]], [[23, [23, 19]], [21, [21, 20]]], [[28, [28, 29, 25]]], [[32, [32]]], [[26, [26, 27, 24, 30, 31]]], [[34, [34, 36, 41, 43, 37, 33, 40]]], [[31, [39, 35, 38, 42]]], [[50, [50, 49]]], [[46, [46, 48, 44, 47, 45]]]]]",48.1073562606266,0,9,4.777777777777778,56.94988137536947,1,10,4.3,,,
437,test_data/data_demand_random_50_batch_all1_equal_random/C201_2.dat,8,90,5,872.0788655293195,"[[[[0, [7, 6]], [9, [9, 14, 8, 18, 16, 17]], [14, []], [16, []], [17, []], [7, []], [6, []], [32, [32, 26, 27, 24, 31, 30]], [26, []], [31, [35, 39, 38, 42]], [30, []], [39, []], [27, []], [24, []], [46, [46, 48, 44, 47]], [48, []], [8, []], [44, []], [47, []], [18, []], [35, []], [38, []], [42, []]], [[0, [1, 2, 3, 4, 5]], [3, []], [4, []], [2, []], [10, [10, 11]], [13, [13, 12]], [22, [22]], [11, []], [1, [15, 23, 20, 25, 29, 21, 28]], [23, []], [29, []], [21, []], [28, [19, 34, 36]], [5, []], [34, []], [36, []], [41, [41, 43, 37, 40, 33]], [20, []], [12, []], [25, []], [50, [50, 49, 45]], [19, []], [49, []], [43, []], [37, []], [33, []], [45, []], [40, []], [15, []]]], [[[9, [9, 14, 8, 18, 16, 17]]], [[10, [10, 11]]], [[13, [13, 12]]], [[22, [22]]], [[1, [15, 23, 20, 25, 29, 21, 28]]], [[28, [19, 34, 36]]], [[32, [32, 26, 27, 24, 31, 30]]], [[31, [35, 39, 38, 42]]], [[41, [41, 43, 37, 40, 33]]], [[50, [50, 49, 45]]], [[46, [46, 48, 44, 47]]]]]",909.0,"[[[[0, [5, 2, 6, 4, 1]], [13, [13, 11, 10, 8]], [2, []], [1, []], [28, [28, 26, 27, 24, 18]], [5, []], [11, []], [26, []], [6, []], [4, []], [31, [31, 30, 39, 40, 35, 38, 42]], [30, []], [39, []], [27, []], [24, []], [10, []], [46, [46, 48, 44, 47]], [48, []], [8, []], [44, []], [40, []], [47, []], [18, []], [35, []], [38, []], [42, []]], [[0, [7, 3]], [9, [9, 14, 16, 17, 12, 15]], [15, []], [22, [22]], [21, [21, 29, 25, 19, 20, 23]], [14, []], [16, []], [34, [34]], [41, [41, 36, 43, 37, 32, 33]], [36, []], [7, []], [17, []], [29, []], [50, [50, 49, 45]], [25, []], [12, []], [19, []], [49, []], [43, []], [37, []], [20, []], [32, []], [33, []], [3, []], [23, []], [45, []]]], [[[13, [13, 11, 10, 8]]], [[9, [9, 14, 16, 17, 12, 15]]], [[22, [22]], [28, [28, 26, 27, 24, 18]]], [[21, [21, 29, 25, 19, 20, 23]]], [[34, [34]]], [[41, [41, 36, 43, 37, 32, 33]]], [[31, [31, 30, 39, 40, 35, 38, 42]]], [[50, [50, 49, 45]]], [[46, [46, 48, 44, 47]]]]]",51.3402946164009,0,11,3.909090909090909,56.32276223278724,1,9,4.777777777777778,,,
438,test_data/data_demand_random_50_batch_all1_equal_random/C201_2.dat,8,120,1,876.0788655293195,"[[[[0, [5, 3]], [9, [9, 8, 10]], [5, []], [14, [18, 14, 17]], [17, [28, 29, 21, 24, 27]], [28, []], [29, []], [21, []], [3, []], [31, [31]], [24, []], [39, [39, 30, 40, 35, 38, 42]], [27, []], [30, []], [46, [46, 48, 44, 47]], [8, []], [48, []], [10, []], [44, []], [40, []], [47, []], [18, []], [35, []], [38, []], [42, []]], [[0, [4, 6, 2, 1, 7]], [13, [13]], [4, []], [6, []], [23, [23, 15, 22, 20, 19, 16, 11, 12]], [2, []], [1, []], [15, []], [7, []], [36, [36, 34]], [16, []], [34, []], [41, [41, 32, 25, 37, 26, 33]], [22, []], [11, []], [32, []], [20, []], [50, [50, 49, 43, 45]], [25, []], [12, []], [19, []], [49, []], [43, []], [37, []], [26, []], [33, []], [45, []]]], [[[13, [13]]], [[9, [9, 8, 10]]], [[23, [23, 15, 22, 20, 19, 16, 11, 12]]], [[14, [18, 14, 17]]], [[17, [28, 29, 21, 24, 27]]], [[36, [36, 34]]], [[31, [31]]], [[39, [39, 30, 40, 35, 38, 42]]], [[41, [41, 32, 25, 37, 26, 33]]], [[50, [50, 49, 43, 45]]], [[46, [46, 48, 44, 47]]]]]",892.3112887414927,"[[[[0, [6]], [6, []], [13, [13]], [9, [9, 15, 12, 17]], [15, []], [24, [24, 26, 23, 20, 25, 19, 22]], [26, []], [33, [33]], [23, []], [41, [41, 34, 36, 43, 37, 32]], [34, []], [36, []], [17, []], [20, []], [50, [50, 49, 45]], [25, []], [12, []], [19, []], [49, []], [43, []], [37, []], [32, []], [22, []], [45, []]], [[0, [2, 4, 7, 5, 1]], [3, [3, 10, 11, 8]], [2, []], [10, []], [4, [16, 14, 18]], [11, []], [7, []], [28, [28, 29, 21, 27]], [16, []], [14, []], [5, []], [29, []], [21, []], [1, []], [30, [30, 31, 40, 38, 35, 42, 39]], [31, []], [27, []], [39, []], [48, [48, 46, 44, 47]], [8, []], [46, []], [44, []], [40, []], [38, []], [35, []], [18, []], [47, []], [42, []]]], [[[3, [3, 10, 11, 8]], [13, [13]]], [[9, [9, 15, 12, 17]]], [[4, [16, 14, 18]]], [[28, [28, 29, 21, 27]]], [[24, [24, 26, 23, 20, 25, 19, 22]]], [[33, [33]]], [[30, [30, 31, 40, 38, 35, 42, 39]]], [[41, [41, 34, 36, 43, 37, 32]]], [[50, [50, 49, 45]]], [[48, [48, 46, 44, 47]]]]]",53.001014265715774,0,11,3.909090909090909,57.79784858959813,1,10,4.4,,,
439,test_data/data_demand_random_50_batch_all1_equal_random/C201_2.dat,8,120,2,848.6155281280883,"[[[[0, [4, 6, 7]], [4, [3, 13, 12, 1]], [13, []], [1, []], [15, [15]], [22, [22, 23, 14, 16, 20, 19, 17, 21]], [3, []], [23, []], [14, []], [16, []], [34, [34, 33, 32, 37, 25, 29, 28, 36]], [33, []], [32, []], [20, []], [6, []], [37, []], [43, [43, 49, 50, 41]], [49, []], [19, []], [12, []], [25, []], [50, []], [7, []], [28, []], [17, []], [36, []], [21, []], [29, []], [41, []]], [[0, [2, 5]], [5, []], [2, []], [9, [9, 18, 8, 10, 11]], [11, []], [26, [26, 24, 27]], [24, []], [27, []], [31, [31]], [42, [42, 38, 35, 40, 39, 30]], [38, []], [35, []], [18, []], [47, [47, 46, 48, 44, 45]], [40, []], [46, []], [8, []], [48, []], [10, []], [39, []], [44, []], [30, []], [45, []]]], [[[4, [3, 13, 12, 1]]], [[15, [15]]], [[9, [9, 18, 8, 10, 11]]], [[22, [22, 23, 14, 16, 20, 19, 17, 21]]], [[26, [26, 24, 27]]], [[34, [34, 33, 32, 37, 25, 29, 28, 36]]], [[31, [31]]], [[42, [42, 38, 35, 40, 39, 30]]], [[43, [43, 49, 50, 41]]], [[47, [47, 46, 48, 44, 45]]]]]",,,48.51024760384267,0,10,4.5,,,,,,(not found),
440,test_data/data_demand_random_50_batch_all1_equal_random/C201_2.dat,8,120,3,856.6155281280883,"[[[[0, []], [11, [11, 15, 1, 12, 13, 18, 8, 10]], [12, []], [19, [19]], [13, []], [1, []], [31, [31, 30, 35, 27]], [30, []], [42, [42, 38, 24]], [38, []], [35, []], [18, []], [47, [47, 46, 48, 39, 44, 40]], [46, []], [8, []], [48, []], [10, []], [24, []], [27, []], [39, []], [44, []], [40, []], [15, []]], [[0, [2, 6, 3, 4, 7, 5]], [3, []], [4, []], [2, []], [9, [9, 17, 16, 14]], [23, [23, 22, 21]], [22, []], [7, []], [21, []], [29, [29, 28, 25, 26, 20]], [17, []], [28, []], [16, []], [14, []], [34, [34]], [5, []], [36, [41, 43, 32, 33, 36, 37]], [41, []], [20, []], [6, []], [37, []], [43, []], [49, [49, 50, 45]], [25, []], [50, []], [32, []], [26, []], [33, []], [45, []]]], [[[9, [9, 17, 16, 14]]], [[11, [11, 15, 1, 12, 13, 18, 8, 10]]], [[23, [23, 22, 21]]], [[19, [19]]], [[29, [29, 28, 25, 26, 20]]], [[31, [31, 30, 35, 27]]], [[34, [34]]], [[42, [42, 38, 24]]], [[36, [41, 43, 32, 33, 36, 37]]], [[47, [47, 46, 48, 39, 44, 40]]], [[49, [49, 50, 45]]]]]",,,49.12712481311958,0,11,4.0,,,,,,(not found),
441,test_data/data_demand_random_50_batch_all1_equal_random/C201_2.dat,8,120,4,848.6155281280883,"[[[[0, [6, 3, 4]], [4, []], [12, [12, 13, 14, 16, 17]], [13, []], [20, [20, 19]], [19, []], [28, [28, 21, 29, 25, 26, 22]], [21, []], [29, []], [16, []], [14, []], [34, [34, 36, 37, 32, 33]], [17, []], [36, []], [41, [41]], [50, [50, 49, 43]], [25, []], [49, []], [43, []], [37, []], [6, []], [32, []], [26, []], [33, []], [3, []], [22, []]], [[0, [2, 5, 1, 7]], [5, []], [7, []], [9, [9, 11, 10]], [1, []], [23, [23]], [11, [24, 27, 15, 18, 8]], [10, []], [24, []], [27, []], [31, [31, 30]], [30, []], [15, []], [42, [42, 38, 35, 40, 39]], [38, []], [35, []], [18, []], [47, [47, 46, 48, 44, 45]], [40, []], [46, []], [8, []], [48, []], [39, []], [44, []], [2, []], [45, []]]], [[[9, [9, 11, 10]]], [[12, [12, 13, 14, 16, 17]]], [[23, [23]]], [[20, [20, 19]]], [[11, [24, 27, 15, 18, 8]]], [[28, [28, 21, 29, 25, 26, 22]]], [[31, [31, 30]]], [[34, [34, 36, 37, 32, 33]]], [[42, [42, 38, 35, 40, 39]]], [[41, [41]]], [[47, [47, 46, 48, 44, 45]]], [[50, [50, 49, 43]]]]]",,,48.50182091453277,0,12,3.5833333333333335,,,,,,(not found),
442,test_data/data_demand_random_50_batch_all1_equal_random/C201_2.dat,8,120,5,868.3112887414927,"[[[[0, [3, 2, 6, 7]], [3, []], [2, []], [9, [9]], [15, [15, 13, 12, 17, 16, 11]], [13, []], [6, []], [12, []], [7, [19, 25, 20, 26]], [17, []], [36, [36, 29, 21, 28, 34]], [29, []], [21, []], [28, []], [16, []], [34, []], [41, [41, 32, 37, 43, 31, 30, 33]], [32, []], [37, []], [43, []], [49, [49, 50]], [19, []], [25, []], [50, []], [20, []], [31, []], [30, []], [33, []], [26, []], [11, []]], [[0, [4, 1, 5]], [4, []], [8, [8, 10, 14, 18]], [10, []], [1, []], [23, [23, 22]], [22, []], [5, []], [14, []], [38, [38, 35, 42, 40, 39, 27, 24]], [35, []], [18, []], [42, []], [47, [47, 44, 48, 46, 45]], [40, []], [44, []], [39, []], [27, []], [24, []], [48, []], [46, []], [45, []]]], [[[9, [9]]], [[8, [8, 10, 14, 18]]], [[15, [15, 13, 12, 17, 16, 11]]], [[23, [23, 22]]], [[7, [19, 25, 20, 26]]], [[36, [36, 29, 21, 28, 34]]], [[38, [38, 35, 42, 40, 39, 27, 24]]], [[41, [41, 32, 37, 43, 31, 30, 33]]], [[47, [47, 44, 48, 46, 45]]], [[49, [49, 50]]]]]",903.0242668219828,"[[[[0, [7, 5, 1, 3]], [5, []], [1, [2, 11]], [3, []], [11, []], [7, []], [14, [14, 18, 17, 10, 8, 15]], [16, [16, 22, 21]], [21, []], [22, []], [28, [28]], [34, [34, 36, 29]], [36, []], [17, []], [29, []], [41, [41, 38, 35, 40, 42]], [15, []], [42, []], [38, []], [35, []], [18, []], [47, [47, 44, 48, 46, 45]], [40, []], [2, []], [44, []], [10, []], [48, []], [8, []], [46, []], [45, []]], [[0, [6, 4]], [9, [9, 12, 13]], [23, [23]], [13, []], [6, []], [20, [20, 19, 25, 27, 26]], [4, []], [30, [30, 24, 32, 37, 31]], [24, []], [33, [33, 43, 39]], [32, []], [37, []], [43, []], [49, [49, 50]], [19, []], [12, []], [25, []], [50, []], [31, []], [27, []], [39, []], [26, []]]], [[[9, [9, 12, 13]]], [[1, [2, 11]]], [[14, [14, 18, 17, 10, 8, 15]]], [[23, [23]], [16, [16, 22, 21]]], [[20, [20, 19, 25, 27, 26]]], [[28, [28]]], [[30, [30, 24, 32, 37, 31]]], [[34, [34, 36, 29]]], [[41, [41, 38, 35, 40, 42]]], [[33, [33, 43, 39]]], [[47, [47, 44, 48, 46, 45]]], [[49, [49, 50]]]]]",46.96229197174064,0,10,4.3,51.800151048748155,1,12,3.6666666666666665,,,
443,test_data/data_demand_random_50_batch_all1_equal_cluster/C201_3.dat,4,60,1,1352.0,"[[[[0, [11, 17, 18, 19, 38, 36, 37, 39, 20, 10, 13]], [6, [6, 21, 16]], [11, []], [17, []], [21, []], [16, []], [18, []], [19, []], [38, []], [36, []], [37, []], [39, []], [20, [42, 49, 47, 48]], [42, []], [10, []], [13, []], [49, []], [47, []], [48, []]], [[0, [7, 8, 1, 4, 3, 9, 12, 2, 14, 15, 22, 29, 34, 31, 30, 23, 27, 5]], [7, []], [8, []], [1, []], [4, []], [3, []], [9, [32, 40, 26, 28]], [12, []], [2, []], [14, []], [15, [44, 41, 43, 45]], [22, [25, 24]], [25, []], [32, []], [29, []], [34, []], [31, []], [30, []], [24, []], [23, []], [27, []], [40, []], [44, []], [41, []], [43, []], [45, []], [26, []], [28, [46, 50, 35, 33]], [46, []], [50, []], [35, []], [33, []], [5, []]]], [[[6, [6, 21, 16]]], [[9, [32, 40, 26, 28]]], [[15, [44, 41, 43, 45]]], [[22, [25, 24]]], [[28, [46, 50, 35, 33]]], [[20, [42, 49, 47, 48]]]]]",,,36.78377736168185,0,6,3.5,,,,,,(not found),
444,test_data/data_demand_random_50_batch_all1_equal_cluster/C201_3.dat,4,60,2,1624.0,"[[[[0, [12, 5, 10, 6, 16, 14, 17, 24, 18, 38, 36, 37, 19, 39, 40, 9, 8, 13, 4, 3, 2]], [11, [11, 7, 20]], [12, []], [3, []], [4, []], [5, []], [2, []], [7, []], [10, []], [6, []], [16, []], [14, []], [17, []], [24, []], [18, []], [38, []], [36, []], [37, []], [19, []], [39, []], [40, []], [20, []], [9, []], [8, []], [13, [49, 47, 48]], [49, []], [47, []], [48, []]], [[0, [25, 22, 29, 31, 34, 32, 23, 27, 21, 42, 45, 44, 43, 41, 26, 28, 30, 46, 50, 35, 33, 15, 1]], [15, []], [1, []], [25, []], [22, []], [29, []], [31, []], [34, []], [32, []], [23, []], [27, []], [21, []], [42, []], [45, []], [44, []], [43, []], [41, []], [26, []], [28, []], [30, []], [46, []], [50, []], [35, []], [33, []]]], [[[11, [11, 7, 20]]], [[13, [49, 47, 48]]]]]",,,48.07060003936278,0,2,3.0,,,,,,(not found),
445,test_data/data_demand_random_50_batch_all1_equal_cluster/C201_3.dat,4,60,3,1211.9072480941475,"[[[[0, [3]], [13, [13, 9]], [9, [17, 16]], [3, []], [17, []], [22, [22, 19, 20, 23]], [16, []], [19, []], [20, [26, 10, 11]], [23, []], [26, []], [36, [36, 37, 38, 39]], [37, []], [38, [42, 44, 41, 40]], [39, []], [42, []], [44, []], [41, []], [40, []], [10, []], [11, [47, 48, 49]], [47, []], [48, []], [49, []]], [[0, [15, 21, 18, 7, 6, 12, 8, 2, 5, 4, 1]], [15, []], [21, []], [18, []], [7, []], [6, []], [12, []], [8, []], [14, [14, 27, 24, 25]], [2, [29, 30, 32, 33]], [29, []], [30, []], [32, []], [5, [43, 45, 28, 35]], [27, []], [43, []], [45, []], [24, []], [25, []], [33, []], [28, [50, 46, 34, 31]], [35, []], [50, []], [46, []], [34, []], [31, []], [4, []], [1, []]]], [[[14, [14, 27, 24, 25]]], [[13, [13, 9]]], [[9, [17, 16]]], [[22, [22, 19, 20, 23]]], [[20, [26, 10, 11]]], [[2, [29, 30, 32, 33]]], [[36, [36, 37, 38, 39]]], [[5, [43, 45, 28, 35]]], [[38, [42, 44, 41, 40]]], [[11, [47, 48, 49]]], [[28, [50, 46, 34, 31]]]]]",,,42.24306774811174,0,11,3.4545454545454546,,,,,,(not found),
446,test_data/data_demand_random_50_batch_all1_equal_cluster/C201_3.dat,4,60,4,1561.0,"[[[[0, [22, 23, 16, 27, 36, 37, 38, 39, 14, 10, 11, 7, 13, 47, 48, 49, 4, 1]], [1, []], [4, []], [22, []], [23, []], [16, []], [27, []], [36, []], [37, []], [38, []], [39, []], [14, []], [10, []], [11, []], [8, [8]], [7, []], [13, []], [47, []], [48, []], [49, []]], [[0, [18, 20, 34, 31, 32, 35, 33, 25, 21, 42, 44, 43, 41, 40, 45, 26, 28, 46, 29, 6, 3, 5, 2, 15, 12]], [18, []], [17, [17, 19, 24]], [19, []], [20, []], [15, []], [2, []], [3, []], [5, []], [34, []], [31, []], [32, []], [35, []], [33, []], [25, []], [24, []], [21, []], [42, []], [44, []], [43, []], [41, []], [40, []], [45, []], [26, []], [28, [50, 30, 9]], [50, []], [30, []], [46, []], [29, []], [12, []], [9, []], [6, []]]], [[[17, [17, 19, 24]]], [[8, [8]]], [[28, [50, 30, 9]]]]]",,,42.838874601042335,0,3,2.3333333333333335,,,,,,(not found),
447,test_data/data_demand_random_50_batch_all1_equal_cluster/C201_3.dat,4,60,5,1780.0,"[[[[0, [8, 9, 11, 3, 17, 16, 19, 23, 20, 36, 37, 38, 39, 41, 40, 27, 10, 47, 48, 49]], [8, []], [9, []], [11, []], [3, []], [17, []], [16, []], [19, []], [23, []], [20, []], [36, []], [37, []], [38, []], [39, []], [41, []], [40, []], [27, []], [10, []], [47, []], [48, []], [49, []]], [[0, [6, 1, 12, 7, 13, 14, 18, 2, 4, 25, 35, 33, 34, 31, 24, 22, 15, 21, 42, 44, 43, 45, 26, 28, 29, 46, 50, 30, 32, 5]], [6, []], [1, []], [12, []], [7, []], [13, []], [14, []], [18, []], [2, []], [4, []], [25, []], [35, []], [33, []], [34, []], [31, []], [24, []], [22, []], [15, []], [21, []], [42, []], [44, []], [43, []], [45, []], [26, []], [28, []], [29, []], [46, []], [50, []], [30, []], [32, []], [5, []]]], []]",,,0.0,0,0,0.0,,,,,,(not found),
448,test_data/data_demand_random_50_batch_all1_equal_cluster/C201_3.dat,4,90,1,1085.8058436014987,"[[[[0, [3, 2, 5, 4]], [5, []], [10, [10, 13, 11, 12]], [13, []], [16, [16, 18, 9, 17]], [18, []], [20, [20]], [3, []], [9, []], [11, []], [12, []], [7, [7, 6, 15, 19]], [6, []], [15, []], [4, []], [2, []], [17, []], [19, []], [36, [36, 37, 38, 40]], [37, []], [38, []], [39, [39, 26, 25]], [40, []], [41, [41, 44, 43, 45]], [44, []], [43, []], [45, []], [26, []], [25, []], [50, [50, 46]], [46, []]], [[0, [1]], [8, [8, 21]], [14, [14]], [21, []], [24, [24, 23, 27, 22]], [23, []], [27, []], [22, []], [30, [30, 31, 29, 32]], [31, []], [29, []], [32, []], [34, [34, 33, 35, 28]], [33, []], [35, []], [28, []], [42, [42]], [1, []], [47, [47, 48, 49]], [48, []], [49, []]]], [[[8, [8, 21]]], [[10, [10, 13, 11, 12]]], [[16, [16, 18, 9, 17]]], [[20, [20]]], [[7, [7, 6, 15, 19]]], [[14, [14]]], [[24, [24, 23, 27, 22]]], [[30, [30, 31, 29, 32]]], [[34, [34, 33, 35, 28]]], [[36, [36, 37, 38, 40]]], [[39, [39, 26, 25]]], [[42, [42]]], [[41, [41, 44, 43, 45]]], [[47, [47, 48, 49]]], [[50, [50, 46]]]]]",,,54.29461308383154,0,15,3.0,,,,,,(not found),
449,test_data/data_demand_random_50_batch_all1_equal_cluster/C201_3.dat,4,90,2,1085.8058436014987,"[[[[0, [3]], [13, [13, 11, 7, 10]], [10, []], [11, []], [7, []], [8, [8, 9]], [9, [14, 16]], [3, []], [14, []], [16, []], [18, [18, 19, 20, 23]], [19, []], [20, []], [23, []], [25, [25, 35, 28, 33]], [35, []], [33, []], [34, [34]], [28, []], [31, [31, 40, 41]], [40, []], [41, []], [44, [44, 43, 45, 32]], [43, []], [45, []], [32, []], [46, [46, 50, 30, 29]], [50, []], [30, []], [29, []]], [[0, [2, 1, 4, 5]], [12, [12, 15, 21, 6]], [6, []], [1, []], [2, []], [22, [22]], [4, []], [5, []], [15, []], [24, [24, 26, 27, 17]], [21, []], [26, []], [27, []], [17, []], [36, [36, 37, 38, 39]], [37, []], [38, []], [39, []], [42, [42]], [47, [47, 48, 49]], [48, []], [49, []]]], [[[12, [12, 15, 21, 6]]], [[13, [13, 11, 7, 10]]], [[8, [8, 9]]], [[9, [14, 16]]], [[18, [18, 19, 20, 23]]], [[22, [22]]], [[24, [24, 26, 27, 17]]], [[25, [25, 35, 28, 33]]], [[34, [34]]], [[31, [31, 40, 41]]], [[36, [36, 37, 38, 39]]], [[42, [42]]], [[44, [44, 43, 45, 32]]], [[47, [47, 48, 49]]], [[46, [46, 50, 30, 29]]]]]",,,57.52928805477784,0,15,3.0,,,,,,(not found),
450,test_data/data_demand_random_50_batch_all1_equal_cluster/C201_3.dat,4,90,3,1085.8058436014987,"[[[[0, [2, 1, 5]], [12, [12, 11, 10, 7]], [1, []], [2, []], [11, []], [10, []], [7, []], [15, [15, 18, 19, 14]], [18, []], [19, []], [14, []], [17, [17, 20, 26, 27]], [20, []], [26, []], [27, []], [22, [22, 32, 29, 30]], [5, []], [32, []], [29, []], [30, []], [31, [31, 34, 33, 35]], [34, []], [33, []], [35, []], [28, [28, 40, 41]], [40, []], [41, []], [44, [44, 43, 45, 46]], [43, []], [45, []], [46, []], [50, [50]]], [[0, [3, 4]], [3, []], [9, [9, 13, 8, 6]], [13, []], [8, []], [6, []], [4, []], [23, [23, 25, 24, 21]], [25, []], [24, []], [21, []], [16, [16]], [36, [36, 37, 38, 39]], [37, []], [38, []], [39, []], [42, [42]], [47, [47, 48, 49]], [48, []], [49, []]]], [[[9, [9, 13, 8, 6]]], [[12, [12, 11, 10, 7]]], [[15, [15, 18, 19, 14]]], [[17, [17, 20, 26, 27]]], [[23, [23, 25, 24, 21]]], [[16, [16]]], [[22, [22, 32, 29, 30]]], [[31, [31, 34, 33, 35]]], [[28, [28, 40, 41]]], [[36, [36, 37, 38, 39]]], [[42, [42]]], [[44, [44, 43, 45, 46]]], [[47, [47, 48, 49]]], [[50, [50]]]]]",,,52.64991005155296,0,14,3.2142857142857144,,,,,,(not found),
451,test_data/data_demand_random_50_batch_all1_equal_cluster/C201_3.dat,4,90,4,1093.8058436014987,"[[[[0, [5, 1, 4, 2]], [4, []], [1, []], [9, [9, 6, 12, 11]], [12, []], [6, []], [5, []], [15, [15, 19, 14, 17]], [19, [18, 20, 10]], [18, []], [14, []], [17, []], [11, []], [31, [31, 34, 33, 32]], [34, []], [33, []], [32, []], [35, [35, 30, 29, 28]], [30, []], [29, []], [28, []], [20, []], [40, [40, 41]], [41, []], [2, []], [10, []], [47, [47, 48, 49]], [48, []], [49, []]], [[0, [3]], [13, [13, 7, 8]], [7, []], [3, []], [8, []], [21, [21, 16, 27, 23]], [16, []], [22, [22, 24, 26, 25]], [27, []], [23, []], [24, []], [36, [36, 37, 38, 39]], [37, []], [38, []], [39, []], [42, [42, 44, 43, 45]], [44, []], [43, []], [45, []], [26, []], [25, []], [50, [50, 46]], [46, []]]], [[[9, [9, 6, 12, 11]]], [[13, [13, 7, 8]]], [[15, [15, 19, 14, 17]]], [[21, [21, 16, 27, 23]]], [[19, [18, 20, 10]]], [[22, [22, 24, 26, 25]]], [[31, [31, 34, 33, 32]]], [[35, [35, 30, 29, 28]]], [[36, [36, 37, 38, 39]]], [[40, [40, 41]]], [[42, [42, 44, 43, 45]]], [[47, [47, 48, 49]]], [[50, [50, 46]]]]]",,,55.691774045126465,0,13,3.4615384615384617,,,,,,(not found),
452,test_data/data_demand_random_50_batch_all1_equal_cluster/C201_3.dat,4,90,5,1085.8058436014987,"[[[[0, [1, 2, 5, 4]], [1, []], [2, []], [6, [6, 8, 12]], [8, []], [15, [15, 14, 20, 17]], [14, []], [20, []], [24, [24, 16, 27, 26]], [23, [23]], [27, []], [26, []], [5, []], [17, []], [16, []], [18, [18, 19]], [19, []], [36, [36, 37, 38, 39]], [37, []], [38, []], [39, []], [42, [42]], [4, []], [12, []], [47, [47, 48, 49]], [48, []], [49, []]], [[0, [3]], [13, [13, 9]], [9, [21, 10, 11]], [11, []], [3, []], [21, []], [22, [22, 25, 7]], [10, []], [7, []], [30, [30, 34, 33, 32]], [34, []], [33, []], [25, []], [32, []], [31, [31, 29, 35, 40]], [29, []], [40, []], [41, [41, 44, 43, 45]], [44, []], [43, []], [45, []], [35, []], [50, [50, 46, 28]], [46, []], [28, []]]], [[[6, [6, 8, 12]]], [[15, [15, 14, 20, 17]]], [[13, [13, 9]]], [[9, [21, 10, 11]]], [[22, [22, 25, 7]]], [[24, [24, 16, 27, 26]]], [[23, [23]]], [[18, [18, 19]]], [[30, [30, 34, 33, 32]]], [[31, [31, 29, 35, 40]]], [[36, [36, 37, 38, 39]]], [[41, [41, 44, 43, 45]]], [[42, [42]]], [[47, [47, 48, 49]]], [[50, [50, 46, 28]]]]]",1180.0006929352228,"[[[[0, []], [13, [13, 12, 17, 20]], [12, []], [22, [22, 23, 27, 15]], [17, []], [23, []], [27, []], [20, []], [15, []], [14, [14, 18, 19, 26]], [18, []], [19, []], [36, [36, 37, 38, 39]], [37, []], [38, []], [39, []], [44, [44, 45, 35, 41]], [41, []], [43, [43]], [45, []], [26, []], [35, []], [50, [50, 46, 28]], [46, []], [28, []]], [[0, [4, 3, 2, 5]], [3, [1]], [2, []], [8, [8, 9, 10, 6]], [9, []], [10, []], [6, []], [16, [16, 7, 21, 11]], [7, []], [1, []], [4, []], [21, []], [24, [24]], [5, [30, 25, 32]], [30, []], [25, []], [32, []], [33, [33, 34, 31, 29]], [34, []], [31, []], [29, []], [42, [42, 40]], [40, []], [11, []], [47, [47, 48, 49]], [48, []], [49, []]]], [[[13, [13, 12, 17, 20]]], [[3, [1]]], [[8, [8, 9, 10, 6]]], [[16, [16, 7, 21, 11]]], [[22, [22, 23, 27, 15]]], [[14, [14, 18, 19, 26]]], [[24, [24]]], [[5, [30, 25, 32]]], [[33, [33, 34, 31, 29]]], [[36, [36, 37, 38, 39]]], [[44, [44, 45, 35, 41]]], [[43, [43]], [42, [42, 40]]], [[47, [47, 48, 49]]], [[50, [50, 46, 28]]]]]",53.65318291527124,0,15,3.0,53.27448866776669,1,14,3.2857142857142856,,,
453,test_data/data_demand_random_50_batch_all1_equal_cluster/C201_3.dat,4,120,1,1085.8058436014987,"[[[[0, []], [11, [11]], [13, [13, 7, 9, 6]], [7, []], [9, []], [6, []], [18, [18, 10, 8, 17]], [10, []], [8, []], [17, []], [20, [20, 19, 26, 27]], [19, []], [26, []], [27, []], [36, [36, 37, 38, 39]], [37, []], [38, []], [39, []], [42, [42, 12]], [12, []], [47, [47, 48, 49]], [48, []], [49, []]], [[0, [1, 5, 3, 2, 4]], [14, [14, 16, 21]], [16, []], [21, []], [1, []], [5, []], [3, []], [2, []], [4, []], [22, [22, 15, 24, 23]], [15, []], [24, []], [29, [29, 33, 31, 34]], [33, []], [31, []], [34, []], [28, [28, 40, 41, 25]], [40, []], [41, []], [44, [44, 43, 45, 35]], [43, []], [45, []], [23, []], [25, []], [35, []], [50, [50, 46, 30, 32]], [46, []], [30, []], [32, []]]], [[[11, [11]]], [[13, [13, 7, 9, 6]]], [[14, [14, 16, 21]]], [[18, [18, 10, 8, 17]]], [[22, [22, 15, 24, 23]]], [[20, [20, 19, 26, 27]]], [[29, [29, 33, 31, 34]]], [[28, [28, 40, 41, 25]]], [[36, [36, 37, 38, 39]]], [[42, [42, 12]]], [[44, [44, 43, 45, 35]]], [[47, [47, 48, 49]]], [[50, [50, 46, 30, 32]]]]]",1169.9861834889975,"[[[[0, [3, 1, 5, 4]], [3, []], [11, [11]], [21, [21, 9, 10]], [1, []], [9, []], [10, []], [8, [8, 7, 13, 12]], [7, []], [13, []], [12, []], [31, [31, 34, 35, 28]], [34, []], [35, []], [28, []], [29, [29, 32, 33, 25]], [32, []], [33, []], [25, []], [5, []], [4, []], [42, [42, 41, 44, 43]], [41, []], [44, []], [43, []], [45, [45, 30]], [30, []], [50, [50, 46]], [46, []]], [[0, []], [6, [6, 15, 20, 18]], [14, [14, 19, 16]], [19, []], [16, []], [17, [17, 27, 26, 24]], [23, [23, 22]], [27, []], [26, []], [24, []], [22, []], [15, []], [20, []], [18, []], [36, [36, 37, 38, 39]], [37, []], [38, []], [39, []], [40, [40]], [2, [2]], [47, [47, 48, 49]], [48, []], [49, []]]], [[[6, [6, 15, 20, 18]]], [[11, [11]]], [[21, [21, 9, 10]]], [[8, [8, 7, 13, 12]]], [[14, [14, 19, 16]]], [[17, [17, 27, 26, 24]]], [[23, [23, 22]]], [[31, [31, 34, 35, 28]]], [[29, [29, 32, 33, 25]]], [[36, [36, 37, 38, 39]]], [[42, [42, 41, 44, 43]]], [[45, [45, 30]], [40, [40]]], [[2, [2]]], [[47, [47, 48, 49]]], [[50, [50, 46]]]]]",53.03609512482997,0,13,3.4615384615384617,51.80628832327811,1,15,3.066666666666667,,,
454,test_data/data_demand_random_50_batch_all1_equal_cluster/C201_3.dat,4,120,2,1085.8058436014987,"[[[[0, [4, 1, 2, 5]], [8, [8, 9, 11, 10]], [9, []], [11, []], [10, []], [2, []], [4, []], [20, [20, 16, 18, 19]], [16, []], [18, []], [19, []], [1, []], [6, [6, 12]], [12, []], [31, [31, 34, 33, 32]], [34, []], [33, []], [32, []], [30, [30, 25, 29, 28]], [29, []], [28, []], [5, []], [41, [41, 40, 27, 26]], [40, []], [27, []], [26, []], [44, [44, 43, 45]], [43, []], [45, []], [25, []], [46, [46, 50, 35]], [50, []], [35, []]], [[0, [3]], [3, []], [13, [13, 7, 15]], [7, []], [22, [22, 14, 21, 23]], [15, [17, 24]], [17, []], [14, []], [21, []], [23, []], [24, []], [36, [36, 37, 38, 39]], [37, []], [38, []], [39, []], [42, [42]], [47, [47, 48, 49]], [48, []], [49, []]]], [[[8, [8, 9, 11, 10]]], [[13, [13, 7, 15]]], [[20, [20, 16, 18, 19]]], [[6, [6, 12]]], [[22, [22, 14, 21, 23]]], [[15, [17, 24]]], [[31, [31, 34, 33, 32]]], [[30, [30, 25, 29, 28]]], [[36, [36, 37, 38, 39]]], [[41, [41, 40, 27, 26]]], [[42, [42]]], [[44, [44, 43, 45]]], [[47, [47, 48, 49]]], [[46, [46, 50, 35]]]]]",,,54.98441536927543,0,14,3.2142857142857144,,,,,,(not found),
455,test_data/data_demand_random_50_batch_all1_equal_cluster/C201_3.dat,4,120,3,1087.0788655293195,"[[[[0, [4, 5, 2, 3]], [7, [7, 11]], [11, []], [13, [13]], [4, []], [5, []], [15, [15, 14, 19, 20]], [2, []], [3, []], [14, []], [19, []], [20, []], [17, [17, 18, 16, 26]], [18, []], [16, []], [26, []], [25, [25, 32, 30, 34]], [32, []], [30, []], [34, []], [31, [31, 29, 28, 41]], [29, []], [28, []], [40, [40, 44, 43, 45]], [41, []], [44, []], [43, []], [45, []], [46, [46, 50, 35, 33]], [50, []], [35, []], [33, []]], [[0, [1]], [6, [6]], [12, [12, 10, 8, 9]], [10, []], [1, []], [8, []], [9, []], [23, [23, 21, 22, 27]], [21, []], [22, []], [27, []], [24, [24]], [36, [36, 37, 38, 39]], [37, []], [38, []], [39, []], [42, [42]], [47, [47, 48, 49]], [48, []], [49, []]]], [[[7, [7, 11]]], [[13, [13]], [6, [6]]], [[12, [12, 10, 8, 9]]], [[15, [15, 14, 19, 20]]], [[17, [17, 18, 16, 26]]], [[23, [23, 21, 22, 27]]], [[24, [24]]], [[25, [25, 32, 30, 34]]], [[31, [31, 29, 28, 41]]], [[36, [36, 37, 38, 39]]], [[42, [42]]], [[40, [40, 44, 43, 45]]], [[47, [47, 48, 49]]], [[46, [46, 50, 35, 33]]]]]",1087.0788655293195,"[[[[0, [4, 5, 2, 3]], [7, [7, 11]], [11, []], [13, [13]], [4, []], [5, []], [15, [15, 14, 19, 20]], [2, []], [3, []], [14, []], [19, []], [20, []], [17, [17, 18, 16, 26]], [18, []], [16, []], [26, []], [25, [25, 32, 30, 34]], [32, []], [30, []], [34, []], [31, [31, 29, 28, 41]], [29, []], [28, []], [40, [40, 44, 43, 45]], [41, []], [44, []], [43, []], [45, []], [46, [46, 50, 35, 33]], [50, []], [35, []], [33, []]], [[0, [1]], [6, [6]], [12, [12, 10, 8, 9]], [10, []], [1, []], [8, []], [9, []], [23, [23, 21, 22, 27]], [21, []], [22, []], [27, []], [24, [24]], [36, [36, 37, 38, 39]], [37, []], [38, []], [39, []], [42, [42]], [47, [47, 48, 49]], [48, []], [49, []]]], [[[7, [7, 11]]], [[13, [13]], [6, [6]]], [[12, [12, 10, 8, 9]]], [[15, [15, 14, 19, 20]]], [[17, [17, 18, 16, 26]]], [[23, [23, 21, 22, 27]]], [[24, [24]]], [[25, [25, 32, 30, 34]]], [[31, [31, 29, 28, 41]]], [[36, [36, 37, 38, 39]]], [[42, [42]]], [[40, [40, 44, 43, 45]]], [[47, [47, 48, 49]]], [[46, [46, 50, 35, 33]]]]]",56.55747607559573,1,14,3.2142857142857144,56.55747607559573,1,14,3.2142857142857144,,,
456,test_data/data_demand_random_50_batch_all1_equal_cluster/C201_3.dat,4,120,4,1085.8058436014987,"[[[[0, [1, 4, 3]], [4, []], [7, [7, 18, 17, 14]], [3, []], [18, []], [17, []], [14, []], [19, [19, 23, 24, 25]], [23, []], [32, [32, 31, 30, 34]], [31, []], [30, []], [34, []], [29, [29, 28, 40, 41]], [28, []], [41, []], [40, []], [44, [44, 43, 45, 46]], [43, []], [45, []], [24, []], [25, []], [46, []], [50, [50, 35, 33]], [35, []], [33, []], [1, []]], [[0, [2, 5]], [13, [13, 6, 12, 8]], [2, []], [6, []], [12, []], [8, []], [9, [9, 11, 20, 16]], [11, []], [20, []], [5, []], [22, [22, 27, 26, 21]], [16, []], [36, [36, 37, 38, 39]], [37, []], [38, []], [39, []], [27, []], [26, []], [42, [42, 15, 10]], [21, []], [15, []], [10, []], [47, [47, 48, 49]], [48, []], [49, []]]], [[[7, [7, 18, 17, 14]]], [[13, [13, 6, 12, 8]]], [[9, [9, 11, 20, 16]]], [[19, [19, 23, 24, 25]]], [[22, [22, 27, 26, 21]]], [[32, [32, 31, 30, 34]]], [[36, [36, 37, 38, 39]]], [[29, [29, 28, 40, 41]]], [[42, [42, 15, 10]]], [[44, [44, 43, 45, 46]]], [[47, [47, 48, 49]]], [[50, [50, 35, 33]]]]]",,,55.86592409909406,0,12,3.75,,,,,,(not found),
457,test_data/data_demand_random_50_batch_all1_equal_cluster/C201_3.dat,4,120,5,1087.0788655293195,"[[[[0, [2]], [19, [19, 9, 6, 15]], [6, []], [9, []], [15, []], [2, []], [22, [22, 21, 23, 24]], [21, []], [23, []], [24, []], [26, [26, 27, 17, 20]], [27, []], [17, []], [37, [37, 36, 38, 39]], [36, []], [38, []], [39, []], [20, []], [42, [42]], [47, [47, 48, 49]], [48, []], [49, []]], [[0, [1, 3, 5, 4]], [11, [11, 10, 12, 8]], [18, [18, 16, 13, 14]], [16, []], [14, []], [1, []], [10, []], [12, []], [8, []], [13, []], [7, [7]], [3, []], [32, [32, 31, 34, 25]], [34, []], [31, []], [25, []], [29, [29, 41, 33, 35]], [5, []], [4, []], [40, [40, 44, 43, 45]], [41, []], [44, []], [43, []], [45, []], [33, []], [35, []], [50, [50, 46, 30, 28]], [46, []], [30, []], [28, []]]], [[[19, [19, 9, 6, 15]]], [[11, [11, 10, 12, 8]]], [[18, [18, 16, 13, 14]]], [[7, [7]]], [[22, [22, 21, 23, 24]]], [[26, [26, 27, 17, 20]]], [[32, [32, 31, 34, 25]]], [[29, [29, 41, 33, 35]]], [[37, [37, 36, 38, 39]]], [[42, [42]]], [[40, [40, 44, 43, 45]]], [[47, [47, 48, 49]]], [[50, [50, 46, 30, 28]]]]]",1162.217853395131,"[[[[0, [2]], [19, [19, 15, 9, 8]], [15, []], [2, []], [12, [12, 21, 6, 17]], [8, []], [9, []], [6, []], [22, [22, 23, 24, 26]], [21, []], [23, []], [24, []], [26, []], [27, [27, 33, 35, 30]], [17, []], [37, [37, 36, 38, 39]], [36, []], [38, []], [39, []], [40, [40, 44, 41, 43]], [44, []], [41, []], [43, []], [45, [45]], [33, [50, 46, 28]], [35, []], [50, []], [46, []], [30, []], [28, []]], [[0, [3, 1, 5, 4]], [11, [11, 10]], [18, [18, 16, 20]], [16, []], [20, []], [1, []], [10, []], [13, [13, 7, 14]], [7, []], [3, []], [32, [32, 25, 29, 31]], [25, []], [29, []], [31, []], [34, [34]], [5, []], [4, []], [14, []], [42, [42]], [47, [47, 48, 49]], [48, []], [49, []]]], [[[11, [11, 10]]], [[19, [19, 15, 9, 8]]], [[18, [18, 16, 20]]], [[13, [13, 7, 14]]], [[12, [12, 21, 6, 17]]], [[22, [22, 23, 24, 26]]], [[32, [32, 25, 29, 31]]], [[27, [27, 33, 35, 30]]], [[34, [34]]], [[37, [37, 36, 38, 39]]], [[40, [40, 44, 41, 43]]], [[45, [45]], [42, [42]]], [[47, [47, 48, 49]]], [[33, [50, 46, 28]]]]]",56.1348939951184,0,13,3.4615384615384617,57.68397766886593,1,14,3.2142857142857144,,,
458,test_data/data_demand_random_50_batch_all1_equal_cluster/C201_3.dat,8,60,1,1121.0831891575845,"[[[[0, [4, 3]], [10, [10, 14, 17, 16, 19, 20, 18, 9]], [4, []], [14, []], [9, []], [17, []], [16, []], [19, [27, 22, 7]], [27, []], [20, []], [38, [38, 36, 37, 39]], [36, []], [37, []], [39, []], [18, []], [22, []], [3, []], [7, [47, 48, 49]], [47, []], [48, []], [49, []]], [[0, [2, 5, 1]], [13, [13, 12, 8, 15, 11, 6, 21]], [12, []], [8, []], [15, []], [11, []], [6, []], [2, [25, 33, 31, 34, 24, 23, 26, 28]], [25, []], [33, []], [31, []], [34, []], [24, []], [23, []], [21, [42, 40, 41, 44, 43, 45, 29, 30]], [42, []], [40, []], [41, []], [44, []], [43, []], [45, []], [26, []], [28, [46, 50, 35, 32]], [29, []], [30, []], [46, []], [50, []], [35, []], [32, []], [5, []], [1, []]]], [[[10, [10, 14, 17, 16, 19, 20, 18, 9]]], [[13, [13, 12, 8, 15, 11, 6, 21]]], [[2, [25, 33, 31, 34, 24, 23, 26, 28]]], [[19, [27, 22, 7]]], [[38, [38, 36, 37, 39]]], [[21, [42, 40, 41, 44, 43, 45, 29, 30]]], [[7, [47, 48, 49]]], [[28, [46, 50, 35, 32]]]]]",,,42.34008343017387,0,8,5.625,,,,,,(not found),
459,test_data/data_demand_random_50_batch_all1_equal_cluster/C201_3.dat,8,60,2,1218.2982212813472,"[[[[0, [4]], [8, [8, 11, 13, 10, 15, 14, 7, 20]], [11, []], [13, []], [7, []], [22, [22, 23, 26, 24, 19, 17, 21, 27]], [23, []], [26, []], [24, []], [10, []], [4, []], [15, []], [14, []], [20, []], [36, [36, 37, 38, 39, 45, 44, 43, 41]], [37, []], [38, []], [39, []], [19, []], [17, []], [21, [40, 42]], [27, []], [45, []], [44, []], [43, []], [41, []], [40, []], [42, []]], [[0, [1, 2, 5, 3]], [2, []], [1, []], [18, [18, 6, 12, 9, 16]], [6, []], [12, []], [9, [34, 33, 35, 32, 25, 31, 28]], [34, []], [33, []], [35, []], [32, []], [5, []], [16, []], [3, []], [25, []], [31, []], [28, [46, 50, 29, 30, 47, 48, 49]], [30, []], [46, []], [50, []], [29, []], [47, []], [48, []], [49, []]]], [[[8, [8, 11, 13, 10, 15, 14, 7, 20]]], [[18, [18, 6, 12, 9, 16]]], [[22, [22, 23, 26, 24, 19, 17, 21, 27]]], [[9, [34, 33, 35, 32, 25, 31, 28]]], [[28, [46, 50, 29, 30, 47, 48, 49]]], [[36, [36, 37, 38, 39, 45, 44, 43, 41]]], [[21, [40, 42]]]]]",,,42.49626602150579,0,7,6.428571428571429,,,,,,(not found),
460,test_data/data_demand_random_50_batch_all1_equal_cluster/C201_3.dat,8,60,3,1133.0831891575845,"[[[[0, [9, 12, 17, 20, 19, 16, 2, 1]], [7, [7, 15]], [9, []], [12, []], [15, []], [17, []], [20, []], [19, []], [16, [26, 27, 18, 13]], [26, []], [27, []], [18, []], [36, [36, 37, 38, 39, 40]], [37, []], [38, []], [39, []], [40, []], [2, []], [1, []], [13, [47, 48, 49]], [47, []], [48, []], [49, []]], [[0, [11, 8, 10, 14, 6, 4, 5, 3]], [11, []], [8, []], [10, []], [14, []], [6, []], [4, []], [28, [28, 34, 31, 29, 30, 24, 23, 21]], [34, []], [31, []], [29, []], [30, []], [24, []], [23, []], [21, [45, 43, 44, 41, 42, 22, 25, 35]], [45, []], [43, []], [44, []], [41, []], [42, []], [22, [46, 50, 33, 32]], [25, []], [46, []], [50, []], [35, []], [33, []], [32, []], [5, []], [3, []]]], [[[7, [7, 15]]], [[16, [26, 27, 18, 13]]], [[28, [28, 34, 31, 29, 30, 24, 23, 21]]], [[36, [36, 37, 38, 39, 40]]], [[21, [45, 43, 44, 41, 42, 22, 25, 35]]], [[22, [46, 50, 33, 32]]], [[13, [47, 48, 49]]]]]",,,44.181530215029504,0,7,4.857142857142857,,,,,,(not found),
461,test_data/data_demand_random_50_batch_all1_equal_cluster/C201_3.dat,8,60,4,1218.2982212813472,"[[[[0, [3, 5]], [5, []], [8, [8, 6, 17, 16, 14, 18, 19, 23]], [6, [20, 27, 26, 22, 4]], [17, []], [16, []], [3, []], [14, [36, 37, 38, 39, 21]], [18, []], [19, []], [23, []], [21, []], [36, []], [37, []], [38, []], [39, []], [20, [45, 44, 41, 40, 43, 42]], [27, []], [26, []], [45, []], [44, []], [41, []], [40, []], [43, []], [42, []], [22, []], [4, []]], [[0, [15, 10, 2, 1, 13, 11, 9, 7, 34, 33, 32, 35, 25, 24, 28, 29, 30]], [15, []], [10, []], [2, []], [1, []], [13, []], [11, []], [9, []], [7, []], [34, []], [33, []], [32, []], [35, []], [25, []], [24, []], [28, [50, 46, 31, 12, 47, 48, 49]], [29, []], [30, []], [50, []], [46, []], [31, []], [12, []], [47, []], [48, []], [49, []]]], [[[8, [8, 6, 17, 16, 14, 18, 19, 23]]], [[28, [50, 46, 31, 12, 47, 48, 49]]], [[6, [20, 27, 26, 22, 4]]], [[14, [36, 37, 38, 39, 21]]], [[20, [45, 44, 41, 40, 43, 42]]]]]",,,36.14698807220633,0,5,6.2,,,,,,(not found),
462,test_data/data_demand_random_50_batch_all1_equal_cluster/C201_3.dat,8,60,5,1218.2982212813472,"[[[[0, [2, 5]], [2, []], [6, [6, 13, 9, 11, 15, 10, 17, 16]], [13, []], [9, []], [11, []], [15, [24, 23, 26, 27, 20]], [24, []], [5, []], [10, []], [23, []], [26, []], [27, []], [17, []], [16, []], [20, [31, 28, 34]], [31, []], [28, [46, 50, 47, 48, 49]], [46, []], [50, []], [34, []], [47, []], [48, []], [49, []]], [[0, [4, 1, 3]], [7, [7, 21, 12, 8, 14, 18, 19]], [21, []], [4, []], [1, []], [12, []], [8, []], [3, []], [14, [25, 33, 35, 32, 30, 29, 22]], [25, []], [33, []], [35, []], [32, []], [30, []], [29, []], [22, []], [18, []], [36, [36, 38, 37, 39, 40, 41, 44, 43]], [38, [45, 42]], [37, []], [39, []], [40, []], [41, []], [44, []], [43, []], [45, []], [42, []], [19, []]]], [[[6, [6, 13, 9, 11, 15, 10, 17, 16]]], [[7, [7, 21, 12, 8, 14, 18, 19]]], [[15, [24, 23, 26, 27, 20]]], [[14, [25, 33, 35, 32, 30, 29, 22]]], [[20, [31, 28, 34]]], [[36, [36, 38, 37, 39, 40, 41, 44, 43]]], [[38, [45, 42]]], [[28, [46, 50, 47, 48, 49]]]]]",,,37.94721411387603,0,8,5.625,,,,,,(not found),
463,test_data/data_demand_random_50_batch_all1_equal_cluster/C201_3.dat,8,90,1,1093.8058436014987,"[[[[0, [1, 2, 5, 4, 3]], [10, [10]], [4, []], [2, []], [6, [6, 14, 16, 18, 20, 12]], [1, []], [3, []], [5, []], [14, []], [16, []], [18, []], [20, []], [21, [21, 22, 24, 26]], [22, []], [24, []], [26, []], [37, [37, 36, 38, 39, 40]], [36, []], [38, []], [39, []], [40, []], [12, []], [47, [47, 48, 49]], [48, []], [49, []]], [[0, []], [11, [11, 13, 8]], [13, []], [9, [9, 7, 15, 19, 17]], [7, []], [8, []], [15, []], [19, []], [17, []], [23, [23]], [34, [34, 31, 29, 32, 25, 28, 33]], [31, []], [29, []], [32, []], [25, []], [28, []], [33, []], [27, [27, 35, 30]], [42, [42, 41, 44, 43, 45, 46]], [41, []], [44, []], [43, []], [45, []], [35, []], [50, [50]], [46, []], [30, []]]], [[[10, [10]]], [[11, [11, 13, 8]]], [[6, [6, 14, 16, 18, 20, 12]]], [[9, [9, 7, 15, 19, 17]]], [[21, [21, 22, 24, 26]]], [[23, [23]]], [[34, [34, 31, 29, 32, 25, 28, 33]]], [[27, [27, 35, 30]]], [[37, [37, 36, 38, 39, 40]]], [[42, [42, 41, 44, 43, 45, 46]]], [[47, [47, 48, 49]]], [[50, [50]]]]]",1133.0251899398713,"[[[[0, [3, 4, 2]], [14, [14, 17, 20, 9, 7, 6, 11, 15]], [17, []], [20, []], [15, []], [3, []], [9, []], [7, []], [6, []], [4, []], [2, []], [22, [22]], [30, [30, 31, 34, 29, 28, 21, 23]], [31, []], [34, []], [29, []], [28, []], [11, []], [40, [40, 41, 44, 43, 45, 42, 25, 35]], [41, []], [44, []], [43, []], [45, []], [42, []], [21, []], [23, []], [25, []], [35, []], [50, [50, 46, 33, 32]], [46, []], [33, []], [32, []]], [[0, [5, 1]], [18, [18, 12, 8, 13, 16, 19, 10]], [12, []], [8, []], [13, []], [5, []], [24, [24, 27, 26]], [16, []], [36, [36, 38, 37, 39]], [38, []], [37, []], [39, []], [19, []], [27, []], [26, []], [1, []], [10, []], [47, [47, 48, 49]], [48, []], [49, []]]], [[[14, [14, 17, 20, 9, 7, 6, 11, 15]]], [[18, [18, 12, 8, 13, 16, 19, 10]]], [[24, [24, 27, 26]], [22, [22]]], [[30, [30, 31, 34, 29, 28, 21, 23]]], [[36, [36, 38, 37, 39]]], [[40, [40, 41, 44, 43, 45, 42, 25, 35]]], [[47, [47, 48, 49]]], [[50, [50, 46, 33, 32]]]]]",54.664470293182326,0,12,3.75,57.65838016143607,1,8,5.625,,,
464,test_data/data_demand_random_50_batch_all1_equal_cluster/C201_3.dat,8,90,2,1085.8058436014987,"[[[[0, [5]], [15, [15, 19, 16, 14, 6, 9, 13, 8]], [19, []], [16, []], [14, []], [6, []], [9, []], [13, []], [8, []], [12, [12]], [36, [36, 37, 38, 39, 41, 40]], [37, [25, 30, 32]], [38, []], [39, []], [41, []], [40, []], [44, [44, 43, 45, 23, 24]], [43, []], [45, []], [23, []], [24, []], [25, []], [50, [50, 46]], [46, []], [30, []], [32, []], [5, []]], [[0, [18, 1, 3, 4, 2]], [18, []], [1, []], [3, []], [21, [21, 17, 22, 7, 20, 10, 11]], [17, []], [22, []], [4, []], [7, []], [34, [34, 31, 29, 35, 28, 26, 27, 33]], [31, []], [29, []], [33, []], [35, []], [28, []], [26, []], [27, []], [42, [42]], [20, []], [2, []], [10, []], [11, []], [47, [47, 48, 49]], [48, []], [49, []]]], [[[21, [21, 17, 22, 7, 20, 10, 11]]], [[15, [15, 19, 16, 14, 6, 9, 13, 8]]], [[12, [12]]], [[34, [34, 31, 29, 35, 28, 26, 27, 33]]], [[36, [36, 37, 38, 39, 41, 40]]], [[37, [25, 30, 32]]], [[42, [42]]], [[44, [44, 43, 45, 23, 24]]], [[47, [47, 48, 49]]], [[50, [50, 46]]]]]",,,58.94107712549886,0,10,4.4,,,,,,(not found),
465,test_data/data_demand_random_50_batch_all1_equal_cluster/C201_3.dat,8,90,3,1093.8058436014987,"[[[[0, [1, 3, 4]], [8, [8]], [3, []], [13, [13, 18, 21, 14, 19, 16, 15]], [4, []], [15, []], [18, []], [21, []], [14, []], [1, []], [22, [22, 24, 23, 17, 11]], [24, []], [23, []], [39, [39, 38, 36, 37]], [38, []], [36, []], [37, []], [19, []], [16, []], [17, []], [11, []], [47, [47, 48, 49]], [48, []], [49, []]], [[0, [5, 2]], [10, [10, 12, 7, 9, 6, 20]], [12, []], [7, []], [9, []], [6, []], [5, []], [31, [31, 34, 32, 33, 28, 26, 25, 27]], [34, []], [32, []], [33, []], [28, []], [2, []], [20, []], [40, [40]], [26, []], [27, []], [42, [42, 41, 44, 43, 45, 35, 30]], [41, []], [44, []], [43, []], [45, []], [25, []], [35, []], [50, [50, 46, 29]], [46, []], [30, []], [29, []]]], [[[10, [10, 12, 7, 9, 6, 20]]], [[8, [8]]], [[13, [13, 18, 21, 14, 19, 16, 15]]], [[22, [22, 24, 23, 17, 11]]], [[31, [31, 34, 32, 33, 28, 26, 25, 27]]], [[39, [39, 38, 36, 37]]], [[40, [40]]], [[42, [42, 41, 44, 43, 45, 35, 30]]], [[47, [47, 48, 49]]], [[50, [50, 46, 29]]]]]",,,57.2204792750674,0,10,4.5,,,,,,(not found),
466,test_data/data_demand_random_50_batch_all1_equal_cluster/C201_3.dat,8,90,4,1093.8058436014987,"[[[[0, [2]], [27, [27, 17, 18, 19, 20, 16]], [17, []], [18, []], [19, []], [20, []], [2, []], [16, []], [37, [37, 36, 38, 39, 40]], [36, []], [38, []], [39, []], [40, []], [47, [47, 48, 49]], [48, []], [49, []]], [[0, [4, 1, 5]], [1, [3]], [12, [12, 13, 6, 9, 8, 11, 10, 7]], [13, []], [3, []], [4, []], [6, []], [9, []], [8, []], [11, []], [10, []], [7, []], [5, []], [21, [21, 22, 15, 14, 23, 24, 25, 26]], [22, []], [15, []], [14, []], [23, []], [24, []], [29, [29, 31, 34, 30, 33, 35, 32, 28]], [31, []], [34, []], [30, []], [33, []], [35, []], [32, []], [28, []], [42, [42, 41, 44, 45, 46, 43]], [41, []], [44, []], [43, []], [45, []], [26, []], [25, []], [46, []], [50, [50]]]], [[[1, [3]]], [[12, [12, 13, 6, 9, 8, 11, 10, 7]]], [[21, [21, 22, 15, 14, 23, 24, 25, 26]]], [[27, [27, 17, 18, 19, 20, 16]]], [[29, [29, 31, 34, 30, 33, 35, 32, 28]]], [[37, [37, 36, 38, 39, 40]]], [[42, [42, 41, 44, 45, 46, 43]]], [[47, [47, 48, 49]]], [[50, [50]]]]]",,,56.436724184363825,0,9,5.111111111111111,,,,,,(not found),
467,test_data/data_demand_random_50_batch_all1_equal_cluster/C201_3.dat,8,90,5,1093.8058436014987,"[[[[0, [5, 4]], [13, [13]], [9, [9, 11, 8, 18, 14, 17, 16, 20]], [11, []], [8, []], [18, []], [5, []], [4, []], [14, []], [17, []], [16, []], [20, []], [23, [23, 15, 27, 26, 24]], [15, []], [40, [40, 28]], [27, []], [42, [42, 41, 44, 43, 45, 35]], [41, []], [44, []], [43, []], [45, []], [26, []], [24, []], [35, []], [50, [50, 46]], [46, []], [28, []]], [[0, [1, 2, 3]], [2, []], [3, []], [6, [6, 10, 12, 7, 21, 19]], [10, []], [12, []], [7, []], [1, []], [21, []], [22, [22]], [34, [34, 31, 29, 30, 32, 33, 25]], [31, []], [29, []], [30, []], [32, []], [33, []], [25, []], [36, [36, 37, 38, 39]], [37, []], [38, []], [39, []], [19, []], [49, [49, 47, 48]], [47, []], [48, []]]], [[[6, [6, 10, 12, 7, 21, 19]]], [[13, [13]]], [[9, [9, 11, 8, 18, 14, 17, 16, 20]]], [[22, [22]]], [[23, [23, 15, 27, 26, 24]]], [[34, [34, 31, 29, 30, 32, 33, 25]]], [[36, [36, 37, 38, 39]]], [[40, [40, 28]]], [[42, [42, 41, 44, 43, 45, 35]]], [[49, [49, 47, 48]]], [[50, [50, 46]]]]]",,,56.57481309136454,0,11,4.090909090909091,,,,,,(not found),
468,test_data/data_demand_random_50_batch_all1_equal_cluster/C201_3.dat,8,120,1,1093.8058436014987,"[[[[0, [2]], [13, [13, 9, 8, 10, 12, 14, 16, 18]], [9, []], [8, []], [10, []], [12, []], [14, []], [16, []], [18, []], [2, []], [22, [22, 25, 33, 28, 29, 31, 34, 30]], [25, []], [33, []], [28, []], [29, []], [31, []], [34, []], [30, []], [32, [32, 35, 24]], [35, []], [24, []], [42, [42, 41, 44, 43, 45, 46]], [41, []], [44, []], [43, []], [45, []], [50, [50]], [46, []]], [[0, [4, 3, 1]], [20, [20, 7, 11, 15, 17, 19, 6, 5]], [5, []], [4, []], [3, []], [1, []], [7, []], [11, [21, 23, 26, 27]], [6, []], [15, []], [17, []], [19, []], [21, []], [23, []], [26, []], [27, []], [40, [40, 38, 36, 37, 39]], [39, []], [38, []], [36, []], [37, []], [49, [49, 47, 48]], [47, []], [48, []]]], [[[20, [20, 7, 11, 15, 17, 19, 6, 5]]], [[13, [13, 9, 8, 10, 12, 14, 16, 18]]], [[11, [21, 23, 26, 27]]], [[22, [22, 25, 33, 28, 29, 31, 34, 30]]], [[32, [32, 35, 24]]], [[40, [40, 38, 36, 37, 39]]], [[42, [42, 41, 44, 43, 45, 46]]], [[49, [49, 47, 48]]], [[50, [50]]]]]",1262.4267268499239,"[[[[0, [5, 2, 3, 4]], [9, [9, 6, 13]], [6, [20, 21, 17, 16, 18]], [13, []], [5, []], [2, []], [20, []], [21, []], [24, [24, 25]], [25, []], [34, [34, 31, 29, 32, 22, 19]], [31, []], [29, []], [32, []], [3, []], [4, []], [22, []], [17, []], [16, []], [18, []], [19, []], [42, [42, 41, 44, 43, 45, 23, 33, 35]], [41, []], [44, []], [43, []], [45, []], [23, []], [33, []], [35, []], [50, [50, 46, 30, 28]], [46, []], [30, []], [28, []]], [[0, [1]], [14, [14, 8, 12, 7, 10, 15, 11]], [8, []], [12, []], [1, []], [7, []], [10, []], [15, []], [11, []], [26, [26, 27]], [27, []], [40, [40, 39, 38, 37, 36]], [39, []], [38, []], [37, []], [36, []], [49, [49, 47, 48]], [47, []], [48, []]]], [[[14, [14, 8, 12, 7, 10, 15, 11]]], [[9, [9, 6, 13]]], [[6, [20, 21, 17, 16, 18]]], [[26, [26, 27]], [24, [24, 25]]], [[34, [34, 31, 29, 32, 22, 19]]], [[40, [40, 39, 38, 37, 36]]], [[42, [42, 41, 44, 43, 45, 23, 33, 35]]], [[49, [49, 47, 48]]], [[50, [50, 46, 30, 28]]]]]",59.01384889061122,0,9,5.111111111111111,58.33440976788421,1,9,5.0,,,
469,test_data/data_demand_random_50_batch_all1_equal_cluster/C201_3.dat,8,120,2,1093.8058436014987,"[[[[0, [5, 3]], [3, []], [28, [28, 29, 34, 31, 32, 30, 23, 26]], [29, []], [34, []], [31, []], [32, []], [30, []], [5, []], [23, []], [26, []], [27, [27, 33, 35, 6]], [40, [40]], [42, [42, 41, 44, 43, 45, 46]], [41, []], [44, []], [43, []], [45, []], [33, []], [35, []], [50, [50]], [46, []], [6, []]], [[0, [2, 4, 1]], [13, [13, 7, 9, 12, 11, 21, 20, 19]], [7, []], [9, []], [12, []], [11, []], [2, []], [22, [22, 25, 24, 18, 17, 16, 14, 15]], [25, []], [24, []], [21, []], [20, []], [19, []], [18, []], [17, []], [16, []], [38, [38, 37, 36, 39, 10, 8]], [37, []], [36, []], [39, []], [14, []], [15, []], [4, []], [1, []], [10, []], [8, []], [47, [47, 48, 49]], [48, []], [49, []]]], [[[13, [13, 7, 9, 12, 11, 21, 20, 19]]], [[22, [22, 25, 24, 18, 17, 16, 14, 15]]], [[28, [28, 29, 34, 31, 32, 30, 23, 26]]], [[27, [27, 33, 35, 6]]], [[38, [38, 37, 36, 39, 10, 8]]], [[40, [40]]], [[42, [42, 41, 44, 43, 45, 46]]], [[47, [47, 48, 49]]], [[50, [50]]]]]",,,60.66592981292355,0,9,5.0,,,,,,(not found),
470,test_data/data_demand_random_50_batch_all1_equal_cluster/C201_3.dat,8,120,3,1093.8058436014987,"[[[[0, []], [7, [7]], [19, [19, 9, 14, 16, 18, 20]], [9, []], [14, []], [16, []], [18, []], [20, []], [22, [22, 25]], [25, []], [40, [40, 36, 37, 38, 39]], [39, []], [36, []], [37, []], [38, []], [49, [49, 48, 47]], [48, []], [47, []]], [[0, [3, 5, 4]], [2, [1, 2]], [12, [12, 8, 10, 6, 11, 13]], [8, []], [10, []], [1, []], [6, []], [11, []], [13, []], [3, []], [5, []], [4, []], [15, [15, 17, 21, 23, 26, 27, 24]], [17, []], [21, []], [23, []], [24, []], [26, []], [27, []], [28, [28, 29, 31, 34, 33, 35, 32]], [29, []], [31, []], [34, []], [33, []], [35, []], [32, []], [42, [42, 44, 43, 45, 30, 41]], [41, []], [44, []], [43, []], [45, []], [30, []], [46, [46, 50]], [50, []]]], [[[2, [1, 2]]], [[7, [7]]], [[12, [12, 8, 10, 6, 11, 13]]], [[19, [19, 9, 14, 16, 18, 20]]], [[15, [15, 17, 21, 23, 26, 27, 24]]], [[22, [22, 25]]], [[28, [28, 29, 31, 34, 33, 35, 32]]], [[40, [40, 36, 37, 38, 39]]], [[42, [42, 44, 43, 45, 30, 41]]], [[46, [46, 50]]], [[49, [49, 48, 47]]]]]",1192.3238075793813,"[[[[0, [5, 4, 2]], [10, [10, 8, 6]], [8, []], [6, [14, 15, 18, 17, 21]], [14, []], [5, []], [4, []], [15, []], [18, []], [17, []], [27, [27, 22, 25]], [21, []], [22, [34, 31, 29, 28, 23]], [2, []], [25, []], [34, []], [31, []], [29, []], [28, []], [23, []], [42, [42, 41, 44, 43, 45, 24, 30, 35]], [41, []], [44, []], [43, []], [45, []], [24, []], [30, []], [46, [46, 50, 33, 32]], [50, []], [35, []], [33, []], [32, []]], [[0, [3, 1]], [9, [9, 13]], [20, [20, 7, 11, 12, 16, 19]], [3, []], [7, []], [1, []], [11, []], [12, []], [16, []], [26, [26]], [40, [40, 39, 38, 37, 36]], [19, []], [39, []], [38, []], [37, []], [36, []], [49, [49, 48, 47]], [48, []], [47, []], [13, []]]], [[[10, [10, 8, 6]]], [[9, [9, 13]]], [[6, [14, 15, 18, 17, 21]]], [[20, [20, 7, 11, 12, 16, 19]]], [[26, [26]], [27, [27, 22, 25]]], [[22, [34, 31, 29, 28, 23]]], [[40, [40, 39, 38, 37, 36]]], [[42, [42, 41, 44, 43, 45, 24, 30, 35]]], [[49, [49, 48, 47]]], [[46, [46, 50, 33, 32]]]]]",48.89817894166465,0,11,4.2727272727272725,53.29485653169072,1,10,4.5,,,
471,test_data/data_demand_random_50_batch_all1_equal_cluster/C201_3.dat,8,120,4,1087.0788655293195,"[[[[0, [3, 2]], [8, [8]], [9, [9, 14, 17, 6, 19, 16, 15, 10]], [10, []], [2, []], [14, []], [17, []], [6, []], [19, []], [16, []], [15, []], [36, [36, 37, 38, 39, 20, 25, 26]], [37, []], [38, []], [39, []], [20, []], [40, [40, 44, 41, 43, 45, 35, 33]], [41, []], [44, []], [43, []], [45, []], [26, []], [25, []], [35, []], [50, [50, 46, 32]], [46, []], [33, []], [32, []], [3, []]], [[0, [1, 4, 5]], [13, [13]], [18, [18, 21, 7, 11, 12]], [27, [27, 24, 23, 22]], [23, []], [21, []], [22, []], [5, []], [7, [28, 29, 31, 34, 30]], [11, []], [1, []], [28, []], [29, []], [31, []], [34, []], [30, []], [24, []], [42, [42]], [4, []], [12, []], [47, [47, 48, 49]], [48, []], [49, []]]], [[[8, [8]]], [[13, [13]]], [[18, [18, 21, 7, 11, 12]]], [[9, [9, 14, 17, 6, 19, 16, 15, 10]]], [[27, [27, 24, 23, 22]]], [[7, [28, 29, 31, 34, 30]]], [[36, [36, 37, 38, 39, 20, 25, 26]]], [[42, [42]]], [[40, [40, 44, 41, 43, 45, 35, 33]]], [[47, [47, 48, 49]]], [[50, [50, 46, 32]]]]]",,,53.72156809455826,0,11,4.090909090909091,,,,,,(not found),
472,test_data/data_demand_random_50_batch_all1_equal_cluster/C201_3.dat,8,120,5,1198.2310562561765,"[[[[0, [5, 3]], [5, []], [12, [12, 7, 9, 11, 13, 15, 17, 19]], [3, []], [7, []], [9, []], [11, []], [13, []], [15, []], [17, []], [19, []], [21, [21, 23, 26, 27]], [23, []], [26, []], [27, []], [29, [29, 34, 31, 33, 32, 30, 35]], [34, []], [31, []], [33, []], [32, []], [30, []], [35, []], [50, [50, 47, 48, 49, 46]], [46, []], [47, []], [48, []], [49, []]], [[0, [2, 4, 1]], [2, []], [4, []], [8, [8, 10, 6, 14, 16, 18, 20]], [10, []], [6, []], [1, []], [14, []], [16, []], [18, []], [20, []], [22, [22, 24, 25, 28]], [24, []], [25, []], [28, []], [36, [36, 38, 37, 39, 40, 41, 44, 43]], [38, []], [37, []], [39, []], [40, []], [41, []], [44, []], [43, []], [45, [45, 42]], [42, []]]], [[[12, [12, 7, 9, 11, 13, 15, 17, 19]]], [[8, [8, 10, 6, 14, 16, 18, 20]]], [[22, [22, 24, 25, 28]]], [[21, [21, 23, 26, 27]]], [[29, [29, 34, 31, 33, 32, 30, 35]]], [[36, [36, 38, 37, 39, 40, 41, 44, 43]]], [[45, [45, 42]]], [[50, [50, 47, 48, 49, 46]]]]]",,,56.083252972652176,0,8,5.625,,,,,,(not found),
473,test_data/data_demand_random_50_batch_all1_equal_random/C201_3.dat,4,60,1,1234.0831891575845,"[[[[0, [4, 5, 3]], [13, [13, 8, 10]], [8, []], [4, []], [25, [25]], [5, [11, 7]], [10, []], [11, []], [20, [20, 29, 21, 23]], [29, []], [35, [35, 31, 36, 24]], [21, [15, 33]], [3, []], [23, []], [31, []], [36, []], [24, []], [7, [44, 48, 49, 43]], [44, []], [48, []], [49, []], [43, []], [15, []], [33, []], [45, [45, 40]], [40, []]], [[0, [6, 2, 1]], [2, []], [6, []], [16, [16, 14, 19, 12]], [12, []], [14, []], [26, [26, 17, 18, 9]], [1, []], [19, []], [17, [28, 27, 38, 30]], [28, []], [41, [41, 42, 32, 22]], [27, []], [18, []], [38, []], [42, []], [30, [50, 37, 34, 39]], [32, []], [50, []], [9, []], [22, []], [37, []], [34, []], [47, [47, 46]], [46, []], [39, []]]], [[[13, [13, 8, 10]]], [[16, [16, 14, 19, 12]]], [[25, [25]]], [[5, [11, 7]]], [[26, [26, 17, 18, 9]]], [[17, [28, 27, 38, 30]]], [[20, [20, 29, 21, 23]]], [[35, [35, 31, 36, 24]]], [[21, [15, 33]]], [[41, [41, 42, 32, 22]]], [[30, [50, 37, 34, 39]]], [[7, [44, 48, 49, 43]]], [[45, [45, 40]]], [[47, [47, 46]]]]]",,,39.48907611881711,0,14,3.142857142857143,,,,,,(not found),
474,test_data/data_demand_random_50_batch_all1_equal_random/C201_3.dat,4,60,2,1269.0831891575845,"[[[[0, [12, 18, 8, 14, 22, 10, 5]], [22, []], [10, []], [12, []], [18, []], [8, []], [36, [36, 31, 26, 29]], [31, []], [14, []], [5, []], [26, []], [39, [39, 34, 41, 40]], [29, []], [34, []], [46, [46, 47, 50, 45]], [47, []], [50, []], [45, []], [41, []], [40, []]], [[0, [6, 2, 3, 4, 1]], [4, [11, 9]], [1, []], [11, []], [9, []], [25, [25, 16, 17, 24]], [6, []], [2, []], [16, [27, 21, 30, 20]], [24, []], [3, []], [17, []], [13, [13, 15, 19, 7]], [23, [23, 33, 32, 28]], [15, []], [33, []], [20, []], [35, [35, 37, 42, 38]], [37, []], [32, []], [30, [43, 49, 48, 44]], [42, []], [38, []], [19, []], [28, []], [43, []], [49, []], [27, []], [48, []], [21, []], [7, []], [44, []]]], [[[4, [11, 9]]], [[25, [25, 16, 17, 24]]], [[16, [27, 21, 30, 20]]], [[13, [13, 15, 19, 7]]], [[23, [23, 33, 32, 28]]], [[36, [36, 31, 26, 29]]], [[35, [35, 37, 42, 38]]], [[39, [39, 34, 41, 40]]], [[30, [43, 49, 48, 44]]], [[46, [46, 47, 50, 45]]]]]",,,36.84001687539319,0,10,3.8,,,,,,(not found),
475,test_data/data_demand_random_50_batch_all1_equal_random/C201_3.dat,4,60,3,1230.0831891575845,"[[[[0, [1]], [14, [14, 19, 18, 15]], [19, []], [18, []], [15, []], [20, [20, 9, 11, 17]], [9, []], [11, []], [17, []], [16, [16, 25, 26]], [36, [36, 31, 38, 34]], [31, []], [38, []], [1, []], [39, [39, 29]], [25, []], [26, []], [34, []], [29, []], [47, [47, 46, 44]], [46, []], [44, []]], [[0, [8, 3, 6, 5, 4, 2]], [5, []], [4, []], [8, []], [2, []], [7, [7, 13, 10, 12]], [3, []], [6, []], [13, [33, 28, 23, 21]], [33, []], [28, []], [23, []], [21, []], [24, [24, 22, 30, 32]], [35, [35, 37, 42, 27]], [37, []], [22, []], [10, []], [30, [50, 48, 43, 49]], [32, []], [50, []], [12, []], [42, []], [48, []], [43, []], [49, []], [27, []], [41, [41, 45, 40]], [45, []], [40, []]]], [[[7, [7, 13, 10, 12]]], [[14, [14, 19, 18, 15]]], [[20, [20, 9, 11, 17]]], [[16, [16, 25, 26]]], [[13, [33, 28, 23, 21]]], [[24, [24, 22, 30, 32]]], [[36, [36, 31, 38, 34]]], [[35, [35, 37, 42, 27]]], [[39, [39, 29]]], [[30, [50, 48, 43, 49]]], [[41, [41, 45, 40]]], [[47, [47, 46, 44]]]]]",,,39.39761469117901,0,12,3.5833333333333335,,,,,,(not found),
476,test_data/data_demand_random_50_batch_all1_equal_random/C201_3.dat,4,60,4,1253.0,"[[[[0, [6, 3, 1, 5]], [17, [17, 12, 9]], [7, [7, 11, 10]], [5, []], [10, []], [20, [20, 32, 22]], [24, [24]], [3, []], [36, [36, 38, 37, 34]], [6, []], [35, [35, 39, 42]], [42, []], [38, []], [45, [45, 50, 47, 46]], [11, []], [12, []], [50, []], [32, []], [9, []], [22, []], [37, []], [34, []], [47, []], [46, []], [39, []], [1, []]], [[0, [18, 15, 4, 2, 19, 8]], [18, []], [15, []], [16, [16, 14, 13]], [13, []], [4, []], [23, [23, 26, 29, 30]], [26, [28, 27, 31, 21]], [25, [25]], [29, []], [30, [40, 41, 33]], [40, []], [14, []], [41, [43, 49, 48, 44]], [33, []], [19, []], [28, []], [43, []], [27, []], [49, []], [8, []], [48, []], [31, []], [21, []], [2, []], [44, []]]], [[[16, [16, 14, 13]]], [[17, [17, 12, 9]]], [[7, [7, 11, 10]]], [[20, [20, 32, 22]]], [[23, [23, 26, 29, 30]]], [[24, [24]]], [[26, [28, 27, 31, 21]]], [[25, [25]]], [[36, [36, 38, 37, 34]]], [[35, [35, 39, 42]]], [[30, [40, 41, 33]]], [[45, [45, 50, 47, 46]]], [[41, [43, 49, 48, 44]]]]]",,,39.00964048643134,0,13,3.076923076923077,,,,,,(not found),
477,test_data/data_demand_random_50_batch_all1_equal_random/C201_3.dat,4,60,5,1228.7099202643649,"[[[[0, [3, 6]], [14, [14, 17, 19, 8]], [17, [18, 15, 13, 12]], [19, []], [8, []], [18, []], [15, []], [3, []], [13, [27, 7]], [20, [20, 32, 9, 16]], [12, []], [32, []], [9, []], [30, [30, 38, 33, 28]], [38, []], [33, []], [28, []], [41, [41, 36, 31]], [16, []], [36, []], [7, [44, 48, 49, 43]], [44, []], [6, []], [31, []], [48, []], [27, []], [49, []], [43, []]], [[0, [10, 2, 5, 1, 4]], [10, []], [2, []], [23, [23, 21, 11]], [21, []], [4, []], [24, [24]], [5, []], [35, [35, 37, 22, 26]], [37, []], [22, []], [26, [34, 25, 29]], [34, []], [1, []], [25, []], [47, [47, 46, 39, 50]], [29, []], [46, []], [39, [42, 45, 40]], [11, []], [50, []], [42, []], [45, []], [40, []]]], [[[14, [14, 17, 19, 8]]], [[17, [18, 15, 13, 12]]], [[23, [23, 21, 11]]], [[24, [24]]], [[13, [27, 7]]], [[20, [20, 32, 9, 16]]], [[35, [35, 37, 22, 26]]], [[30, [30, 38, 33, 28]]], [[26, [34, 25, 29]]], [[41, [41, 36, 31]]], [[7, [44, 48, 49, 43]]], [[47, [47, 46, 39, 50]]], [[39, [42, 45, 40]]]]]",,,40.12715979208775,0,13,3.3076923076923075,,,,,,(not found),
478,test_data/data_demand_random_50_batch_all1_equal_random/C201_3.dat,4,90,1,1203.0512483795333,"[[[[0, [2, 3, 6, 4, 5]], [5, []], [9, [9, 7, 14]], [15, [15, 19, 13]], [19, []], [13, []], [20, [20, 17, 24, 21]], [17, []], [2, []], [7, []], [24, []], [21, []], [3, []], [6, []], [4, []], [31, [31, 37, 22, 29]], [14, []], [37, []], [22, []], [35, [35, 39, 34, 36]], [39, []], [34, []], [29, []], [47, [47, 46, 44]], [46, []], [44, []], [36, []]], [[0, [1]], [10, [10, 18, 11, 12]], [16, [16, 25, 26, 8]], [25, []], [1, []], [18, []], [33, [33, 28, 30, 32]], [28, []], [30, []], [32, []], [38, [38, 42, 27, 23]], [26, []], [11, []], [12, []], [50, [50, 48, 43, 49]], [42, []], [27, []], [48, []], [8, []], [43, []], [49, []], [41, [41, 45, 40]], [45, []], [23, []], [40, []]]], [[[10, [10, 18, 11, 12]]], [[9, [9, 7, 14]]], [[15, [15, 19, 13]]], [[16, [16, 25, 26, 8]]], [[20, [20, 17, 24, 21]]], [[33, [33, 28, 30, 32]]], [[31, [31, 37, 22, 29]]], [[38, [38, 42, 27, 23]]], [[35, [35, 39, 34, 36]]], [[47, [47, 46, 44]]], [[50, [50, 48, 43, 49]]], [[41, [41, 45, 40]]]]]",,,56.17181588651307,0,12,3.6666666666666665,,,,,,(not found),
479,test_data/data_demand_random_50_batch_all1_equal_random/C201_3.dat,4,90,2,1226.0,"[[[[0, [1, 5]], [1, []], [5, []], [25, [25, 15, 18, 14]], [24, [24, 26, 17, 23]], [21, [21, 13, 11, 10]], [15, []], [27, [27, 33, 28]], [33, []], [28, []], [18, []], [17, []], [14, []], [13, []], [40, [40, 38, 35]], [23, []], [35, []], [26, []], [38, []], [42, [42, 50, 34, 39]], [50, []], [11, []], [10, []], [34, []], [46, [46, 47]], [47, []], [39, []]], [[0, [6, 4, 3, 2]], [3, []], [2, []], [6, []], [4, []], [16, [16, 9, 12, 7]], [8, [8, 19]], [19, []], [30, [30, 22, 32, 20]], [12, []], [29, [29, 36, 31]], [37, [37, 41]], [22, []], [9, []], [32, []], [20, []], [45, [45, 43, 49, 48]], [41, []], [43, []], [49, []], [48, []], [31, []], [36, []], [7, []], [44, [44]]]], [[[16, [16, 9, 12, 7]]], [[8, [8, 19]]], [[25, [25, 15, 18, 14]]], [[24, [24, 26, 17, 23]]], [[21, [21, 13, 11, 10]]], [[30, [30, 22, 32, 20]]], [[29, [29, 36, 31]]], [[27, [27, 33, 28]]], [[37, [37, 41]]], [[40, [40, 38, 35]]], [[42, [42, 50, 34, 39]]], [[45, [45, 43, 49, 48]]], [[46, [46, 47]]], [[44, [44]]]]]",,,49.52824394405432,0,14,3.142857142857143,,,,,,(not found),
480,test_data/data_demand_random_50_batch_all1_equal_random/C201_3.dat,4,90,3,1203.0512483795333,"[[[[0, [5, 2]], [5, []], [17, [17, 13, 7, 10]], [13, []], [7, []], [2, []], [25, [25, 20]], [10, [18, 28, 15, 14]], [20, []], [18, []], [28, []], [15, []], [14, []], [26, [26, 29]], [39, [39, 34, 36]], [29, []], [34, []], [47, [47, 46, 44]], [46, []], [44, []], [36, []]], [[0, [1, 6, 4, 3]], [1, []], [6, []], [12, [12, 8]], [8, []], [19, [19, 16, 21, 11]], [16, []], [24, [24, 31, 32, 9]], [21, []], [31, []], [4, []], [3, []], [38, [38, 37, 35, 30]], [11, []], [32, []], [9, []], [37, []], [35, []], [30, []], [22, [22, 33, 27, 23]], [50, [50, 42, 49, 43]], [42, []], [33, []], [49, []], [43, []], [27, []], [48, [48, 41, 45, 40]], [41, []], [45, []], [23, []], [40, []]]], [[[12, [12, 8]]], [[17, [17, 13, 7, 10]]], [[25, [25, 20]]], [[19, [19, 16, 21, 11]]], [[10, [18, 28, 15, 14]]], [[24, [24, 31, 32, 9]]], [[26, [26, 29]]], [[38, [38, 37, 35, 30]]], [[22, [22, 33, 27, 23]]], [[39, [39, 34, 36]]], [[47, [47, 46, 44]]], [[50, [50, 42, 49, 43]]], [[48, [48, 41, 45, 40]]]]]",,,57.28147534395161,0,13,3.3846153846153846,,,,,,(not found),
481,test_data/data_demand_random_50_batch_all1_equal_random/C201_3.dat,4,90,4,1221.5410196624969,"[[[[0, [6, 3, 4]], [6, []], [7, [7, 11]], [11, []], [18, [18, 26, 16, 21]], [26, []], [20, [20, 24, 31, 25]], [24, []], [21, []], [25, []], [40, [40, 36, 29, 34]], [3, []], [31, []], [16, []], [36, []], [4, []], [44, [44, 46, 47, 39]], [29, []], [46, []], [47, []], [34, []], [39, []]], [[0, [2, 5, 1, 8]], [2, []], [12, [12, 17, 13, 14]], [17, []], [5, []], [1, []], [13, [19, 15, 33, 27]], [23, [23, 22, 10, 9]], [14, []], [22, []], [10, []], [9, []], [32, [32, 37, 35, 30]], [37, []], [35, []], [30, []], [42, [42, 38, 28]], [38, []], [28, []], [19, []], [15, []], [33, []], [27, []], [48, [48, 43, 49, 41]], [8, []], [43, []], [49, []], [41, []], [50, [50, 45]], [45, []]]], [[[12, [12, 17, 13, 14]]], [[7, [7, 11]]], [[18, [18, 26, 16, 21]]], [[13, [19, 15, 33, 27]]], [[23, [23, 22, 10, 9]]], [[20, [20, 24, 31, 25]]], [[32, [32, 37, 35, 30]]], [[40, [40, 36, 29, 34]]], [[42, [42, 38, 28]]], [[48, [48, 43, 49, 41]]], [[44, [44, 46, 47, 39]]], [[50, [50, 45]]]]]",,,54.23611357288118,0,12,3.5833333333333335,,,,,,(not found),
482,test_data/data_demand_random_50_batch_all1_equal_random/C201_3.dat,4,90,5,1203.0512483795333,"[[[[0, [14, 10, 12, 9, 11]], [14, []], [10, []], [12, []], [9, []], [11, []], [22, [22, 17, 20, 21]], [17, []], [20, []], [21, []], [27, [27, 28, 19, 18]], [28, []], [19, []], [18, []], [38, [38, 30, 35, 37]], [30, []], [40, [40, 32]], [35, []], [37, []], [32, []], [50, [50, 42, 43, 49]], [42, []], [43, []], [49, []], [48, [48, 41, 45]], [41, []], [45, []]], [[0, [5, 4, 2, 3, 1]], [5, [6, 13]], [4, [7, 15, 16]], [2, []], [3, []], [7, []], [6, []], [8, [8]], [15, []], [33, [33, 23, 31, 24]], [23, []], [31, []], [36, [36, 26, 29, 25]], [24, []], [16, []], [13, []], [26, []], [1, []], [25, []], [34, [34, 39]], [39, []], [47, [47, 46, 44]], [29, []], [46, []], [44, []]]], [[[5, [6, 13]]], [[4, [7, 15, 16]]], [[22, [22, 17, 20, 21]]], [[8, [8]]], [[27, [27, 28, 19, 18]]], [[33, [33, 23, 31, 24]]], [[36, [36, 26, 29, 25]]], [[34, [34, 39]]], [[38, [38, 30, 35, 37]]], [[40, [40, 32]]], [[47, [47, 46, 44]]], [[50, [50, 42, 43, 49]]], [[48, [48, 41, 45]]]]]",,,55.44333636133118,0,13,3.076923076923077,,,,,,(not found),
483,test_data/data_demand_random_50_batch_all1_equal_random/C201_3.dat,4,120,1,1201.04834939252,"[[[[0, [4, 2]], [2, []], [8, [8, 9, 10, 12]], [15, [15, 17, 22, 16]], [17, []], [26, [26, 23, 21, 33]], [9, []], [22, []], [10, []], [12, []], [38, [38, 31, 7]], [33, []], [23, []], [31, []], [7, []], [4, []], [36, [36, 27]], [16, []], [44, [44, 48, 49, 43]], [21, []], [48, []], [27, []], [43, []], [49, []], [41, [41, 45, 40]], [45, []], [40, []]], [[0, [6, 1, 5]], [6, []], [1, [11, 14, 13]], [5, []], [11, []], [14, [3]], [3, []], [24, [24, 25, 20, 18]], [13, []], [25, []], [30, [30, 19, 28]], [20, []], [18, []], [19, []], [28, []], [39, [39, 34, 37, 32]], [34, []], [37, []], [32, []], [50, [50, 42, 47, 46]], [42, []], [35, [35, 29]], [47, []], [29, []], [46, []]]], [[[8, [8, 9, 10, 12]]], [[1, [11, 14, 13]]], [[14, [3]]], [[15, [15, 17, 22, 16]]], [[24, [24, 25, 20, 18]]], [[26, [26, 23, 21, 33]]], [[30, [30, 19, 28]]], [[38, [38, 31, 7]]], [[36, [36, 27]]], [[39, [39, 34, 37, 32]]], [[44, [44, 48, 49, 43]]], [[50, [50, 42, 47, 46]]], [[35, [35, 29]]], [[41, [41, 45, 40]]]]]",,,50.38665471176977,0,14,3.2142857142857144,,,,,,(not found),
484,test_data/data_demand_random_50_batch_all1_equal_random/C201_3.dat,4,120,2,1190.6124969497314,"[[[[0, [2, 6, 4, 3]], [13, [13, 14, 8, 7]], [14, []], [8, []], [2, []], [6, []], [7, []], [4, []], [24, [24, 18, 21]], [21, []], [3, []], [18, []], [28, [28, 33, 31, 23]], [33, []], [16, [16, 26, 27]], [31, []], [23, []], [26, []], [38, [38, 41, 36, 42]], [42, []], [41, []], [43, [43, 49, 48, 44]], [49, []], [27, []], [48, []], [36, []], [44, []]], [[0, [5]], [1, [1, 9]], [12, [12, 17, 11, 10]], [19, [19, 15, 25, 20]], [15, []], [17, []], [30, [30]], [25, []], [5, []], [11, []], [10, []], [37, [37, 34]], [9, []], [22, [22, 29, 32]], [35, [35, 39, 40]], [34, []], [29, []], [46, [46, 47, 50, 45]], [47, []], [39, []], [32, []], [50, []], [20, []], [45, []], [40, []]]], [[[1, [1, 9]]], [[13, [13, 14, 8, 7]]], [[12, [12, 17, 11, 10]]], [[24, [24, 18, 21]]], [[19, [19, 15, 25, 20]]], [[30, [30]]], [[28, [28, 33, 31, 23]]], [[16, [16, 26, 27]]], [[37, [37, 34]]], [[22, [22, 29, 32]]], [[38, [38, 41, 36, 42]]], [[35, [35, 39, 40]]], [[46, [46, 47, 50, 45]]], [[43, [43, 49, 48, 44]]]]]",,,56.79618618413226,0,14,3.2142857142857144,,,,,,(not found),
485,test_data/data_demand_random_50_batch_all1_equal_random/C201_3.dat,4,120,3,1199.6124969497314,"[[[[0, [2, 3, 6, 4]], [2, []], [8, [8]], [16, [16, 7, 13]], [3, []], [7, []], [6, []], [4, []], [13, []], [23, [23, 17, 22, 26]], [17, []], [22, []], [32, [32, 25, 30, 20]], [26, []], [25, []], [35, [35, 11, 12, 9]], [30, []], [20, []], [11, []], [12, []], [9, []], [37, [37]], [39, [39, 29, 34]], [29, []], [46, [46, 47, 50, 42]], [47, []], [34, []], [50, []], [42, []], [45, [45]]], [[0, [5, 1]], [5, []], [18, [18, 14, 15, 10]], [1, []], [14, []], [15, []], [10, []], [38, [38, 33, 19, 21]], [33, []], [19, []], [28, [28, 24, 31, 27]], [21, [36, 41, 40]], [24, []], [44, [44, 48, 49, 43]], [36, []], [31, []], [48, []], [49, []], [43, []], [27, []], [41, []], [40, []]]], [[[18, [18, 14, 15, 10]]], [[8, [8]]], [[16, [16, 7, 13]]], [[23, [23, 17, 22, 26]]], [[32, [32, 25, 30, 20]]], [[38, [38, 33, 19, 21]]], [[35, [35, 11, 12, 9]]], [[28, [28, 24, 31, 27]]], [[37, [37]]], [[39, [39, 29, 34]]], [[21, [36, 41, 40]]], [[46, [46, 47, 50, 42]]], [[44, [44, 48, 49, 43]]], [[45, [45]]]]]",,,56.09958145435515,0,14,3.142857142857143,,,,,,(not found),
486,test_data/data_demand_random_50_batch_all1_equal_random/C201_3.dat,4,120,4,1201.04834939252,"[[[[0, [1, 22, 11, 5]], [16, [16, 23, 26, 21]], [21, []], [23, []], [22, [30, 32, 29, 25]], [11, []], [34, [34, 9, 10]], [1, []], [5, []], [26, []], [25, []], [30, []], [37, [37, 42, 35, 39]], [9, []], [42, []], [50, [50, 47, 46]], [32, []], [10, []], [35, []], [39, []], [47, []], [29, []], [46, []]], [[0, [3, 4, 6]], [3, []], [2, [2, 7]], [14, [14, 12]], [12, []], [18, [18, 17, 15]], [17, []], [20, [20, 8, 13]], [15, []], [8, []], [24, [24, 31, 33, 28]], [31, []], [13, []], [38, [38, 19]], [33, []], [28, []], [19, []], [4, []], [36, [36, 27]], [7, []], [6, []], [44, [44, 48, 49, 43]], [48, []], [49, []], [43, []], [27, []], [41, [41, 45, 40]], [45, []], [40, []]]], [[[2, [2, 7]]], [[14, [14, 12]]], [[16, [16, 23, 26, 21]]], [[18, [18, 17, 15]]], [[20, [20, 8, 13]]], [[24, [24, 31, 33, 28]]], [[22, [30, 32, 29, 25]]], [[34, [34, 9, 10]]], [[38, [38, 19]]], [[36, [36, 27]]], [[37, [37, 42, 35, 39]]], [[44, [44, 48, 49, 43]]], [[50, [50, 47, 46]]], [[41, [41, 45, 40]]]]]",1276.50812582597,"[[[[0, [5, 4, 6]], [6, []], [5, []], [4, []], [12, [12, 17, 13]], [23, [23, 9]], [17, [10, 18]], [13, []], [18, []], [33, [33, 25, 22, 32]], [20, [20]], [25, []], [38, [38, 34, 35, 37]], [34, []], [35, []], [10, []], [9, []], [22, []], [37, []], [32, []], [50, [50, 42, 39, 47]], [42, []], [39, []], [47, []], [29, [29]], [46, [46]]], [[0, [1, 3]], [2, [2]], [1, []], [16, [16, 8, 11, 15]], [14, [14, 19, 7]], [8, []], [21, [21, 26]], [3, []], [11, [30, 28]], [26, []], [30, []], [15, []], [19, []], [28, []], [31, [31, 36, 24, 27]], [36, []], [24, []], [7, []], [44, [44, 48, 49, 43]], [48, []], [49, []], [43, []], [27, []], [41, [41, 45, 40]], [45, []], [40, []]]], [[[2, [2]]], [[12, [12, 17, 13]]], [[16, [16, 8, 11, 15]]], [[14, [14, 19, 7]]], [[23, [23, 9]]], [[17, [10, 18]]], [[21, [21, 26]]], [[33, [33, 25, 22, 32]]], [[20, [20]]], [[11, [30, 28]]], [[31, [31, 36, 24, 27]]], [[38, [38, 34, 35, 37]]], [[44, [44, 48, 49, 43]]], [[50, [50, 42, 39, 47]]], [[29, [29]]], [[46, [46]], [41, [41, 45, 40]]]]]",54.516818483650546,0,14,3.0714285714285716,54.088439418281375,1,16,2.8125,,,
487,test_data/data_demand_random_50_batch_all1_equal_random/C201_3.dat,4,120,5,1203.0512483795333,"[[[[0, [2]], [10, [10]], [15, [15, 17, 16]], [2, []], [31, [31, 28, 23, 30]], [28, []], [23, []], [30, []], [20, [20, 26, 25, 29]], [17, []], [35, [35, 34, 36, 39]], [26, []], [25, []], [39, []], [34, []], [29, []], [47, [47, 46, 44]], [46, []], [44, []], [36, []], [16, []]], [[0, [5, 3, 1, 4, 6]], [1, []], [11, [11, 14, 13, 19]], [5, []], [4, []], [24, [24, 21, 7, 8]], [21, []], [3, []], [6, []], [7, []], [14, []], [13, []], [19, []], [8, []], [33, [33, 18, 12, 9]], [18, []], [27, [27, 38, 32, 37]], [38, []], [42, [42, 22]], [12, []], [32, []], [9, []], [37, []], [22, []], [50, [50, 43, 49, 48]], [43, []], [49, []], [48, []], [41, [41, 45, 40]], [45, []], [40, []]]], [[[10, [10]]], [[11, [11, 14, 13, 19]]], [[15, [15, 17, 16]]], [[24, [24, 21, 7, 8]]], [[31, [31, 28, 23, 30]]], [[20, [20, 26, 25, 29]]], [[33, [33, 18, 12, 9]]], [[27, [27, 38, 32, 37]]], [[35, [35, 34, 36, 39]]], [[42, [42, 22]]], [[47, [47, 46, 44]]], [[50, [50, 43, 49, 48]]], [[41, [41, 45, 40]]]]]",,,56.293524143329336,0,13,3.3846153846153846,,,,,,(not found),
488,test_data/data_demand_random_50_batch_all1_equal_random/C201_3.dat,8,60,1,1232.7099202643649,"[[[[0, [3, 5, 6, 2, 4, 1]], [3, []], [25, [25, 26, 10, 14, 16, 7]], [26, []], [31, [31, 21, 30, 24, 29]], [21, []], [10, []], [30, []], [5, []], [14, []], [6, []], [2, []], [16, []], [24, []], [4, []], [36, [36, 34, 39]], [7, [44, 46, 47]], [44, []], [46, []], [29, []], [47, []], [34, []], [39, []], [1, []]], [[0, []], [20, [20, 11, 17, 8, 19, 15, 18, 9]], [11, []], [23, [23, 28, 33, 22, 32, 12, 13]], [17, []], [28, []], [8, []], [19, []], [15, []], [18, []], [33, []], [40, [40, 37, 42, 38, 27, 35]], [13, []], [37, []], [22, []], [9, []], [35, [50, 49, 43, 48, 41, 45]], [32, []], [50, []], [12, []], [42, []], [38, []], [49, []], [43, []], [48, []], [27, []], [41, []], [45, []]]], [[[25, [25, 26, 10, 14, 16, 7]]], [[20, [20, 11, 17, 8, 19, 15, 18, 9]]], [[23, [23, 28, 33, 22, 32, 12, 13]]], [[31, [31, 21, 30, 24, 29]]], [[40, [40, 37, 42, 38, 27, 35]]], [[36, [36, 34, 39]]], [[35, [50, 49, 43, 48, 41, 45]]], [[7, [44, 46, 47]]]]]",,,36.498253080160346,0,8,5.5,,,,,,(not found),
489,test_data/data_demand_random_50_batch_all1_equal_random/C201_3.dat,8,60,2,1235.6468827043886,"[[[[0, [8, 15, 7, 4, 2]], [15, []], [8, []], [21, [21, 26, 20]], [26, [29, 16, 24, 23, 17]], [29, []], [16, []], [36, [36]], [7, []], [4, []], [24, []], [2, []], [23, []], [17, []], [20, []], [47, [47, 46, 44]], [46, []], [44, []]], [[0, [3, 6, 5, 1]], [13, [13, 10]], [10, []], [6, []], [3, [18, 14, 9, 11, 12, 19]], [18, []], [31, [31, 32, 22, 25, 30, 33, 28]], [5, []], [14, []], [1, [34, 37, 35]], [34, []], [32, []], [9, []], [22, []], [37, []], [35, [39, 42, 38, 27]], [39, []], [25, []], [30, [50, 43, 49, 48, 41, 45, 40]], [11, []], [12, []], [50, []], [42, []], [38, []], [33, []], [19, []], [28, []], [43, []], [49, []], [48, []], [27, []], [41, []], [45, []], [40, []]]], [[[21, [21, 26, 20]]], [[13, [13, 10]]], [[3, [18, 14, 9, 11, 12, 19]]], [[31, [31, 32, 22, 25, 30, 33, 28]]], [[26, [29, 16, 24, 23, 17]]], [[1, [34, 37, 35]]], [[36, [36]]], [[35, [39, 42, 38, 27]]], [[30, [50, 43, 49, 48, 41, 45, 40]]], [[47, [47, 46, 44]]]]]",,,40.20085771161343,0,10,4.1,,,,,,(not found),
490,test_data/data_demand_random_50_batch_all1_equal_random/C201_3.dat,8,60,3,1225.0831891575845,"[[[[0, [1]], [20, [20, 18, 15, 19, 11]], [11, []], [26, [26, 28, 25, 29]], [18, []], [15, []], [19, []], [28, []], [36, [36, 39]], [1, []], [25, []], [39, []], [29, []], [47, [47, 46, 44]], [46, []], [44, []]], [[0, [2, 5, 4]], [3, [3, 10, 14, 13, 6, 9]], [6, []], [7, [7, 16]], [16, []], [2, []], [5, []], [10, []], [14, []], [31, [31, 21, 24, 23, 17, 22, 12, 8]], [21, []], [24, []], [4, []], [23, []], [17, []], [13, []], [35, [35, 34, 32, 37, 30, 38, 33, 27]], [34, []], [32, []], [9, []], [22, []], [37, []], [30, [50, 42, 49, 43, 48, 41, 45, 40]], [12, []], [50, []], [42, []], [38, []], [33, []], [49, []], [43, []], [8, []], [48, []], [27, []], [41, []], [45, []], [40, []]]], [[[3, [3, 10, 14, 13, 6, 9]]], [[7, [7, 16]]], [[20, [20, 18, 15, 19, 11]]], [[31, [31, 21, 24, 23, 17, 22, 12, 8]]], [[26, [26, 28, 25, 29]]], [[35, [35, 34, 32, 37, 30, 38, 33, 27]]], [[36, [36, 39]]], [[30, [50, 42, 49, 43, 48, 41, 45, 40]]], [[47, [47, 46, 44]]]]]",,,43.92684136988988,0,9,5.111111111111111,,,,,,(not found),
491,test_data/data_demand_random_50_batch_all1_equal_random/C201_3.dat,8,60,4,1202.2982212813472,"[[[[0, [3, 4, 10]], [10, []], [16, [16, 22, 8, 19, 18, 15, 7]], [24, [24, 28, 30, 33, 27, 20]], [3, []], [4, []], [8, []], [28, []], [19, []], [18, []], [20, []], [22, []], [30, [42, 38, 41, 36]], [42, []], [38, []], [15, []], [33, []], [41, [43, 49, 48, 44]], [27, []], [43, []], [49, []], [48, []], [36, []], [7, []], [44, []]], [[0, [6, 1, 5, 2]], [6, []], [5, []], [2, []], [1, []], [26, [26, 23, 13, 9, 12, 11, 14, 17]], [23, []], [17, []], [14, []], [13, []], [25, [25, 21, 31, 29, 32]], [21, []], [31, []], [35, [35, 37]], [9, []], [37, []], [12, []], [11, []], [39, [39]], [29, []], [46, [46, 47, 34, 50, 45, 40]], [47, []], [34, []], [32, []], [50, []], [45, []], [40, []]]], [[[16, [16, 22, 8, 19, 18, 15, 7]]], [[26, [26, 23, 13, 9, 12, 11, 14, 17]]], [[25, [25, 21, 31, 29, 32]]], [[24, [24, 28, 30, 33, 27, 20]]], [[35, [35, 37]]], [[39, [39]]], [[30, [42, 38, 41, 36]]], [[41, [43, 49, 48, 44]]], [[46, [46, 47, 34, 50, 45, 40]]]]]",,,41.0655670491777,0,9,4.777777777777778,,,,,,(not found),
492,test_data/data_demand_random_50_batch_all1_equal_random/C201_3.dat,8,60,5,1225.0831891575845,"[[[[0, [2, 1, 4, 3]], [3, []], [7, [7]], [1, [14, 9, 10]], [25, [25]], [2, []], [4, []], [31, [31, 22, 26, 24, 21, 29]], [24, []], [21, []], [14, []], [29, []], [35, [35, 37, 39, 34]], [37, []], [9, []], [22, []], [10, []], [26, []], [39, []], [34, []], [47, [47, 46, 44]], [46, []], [44, []]], [[0, [5, 6]], [13, [13, 15, 18, 19, 17, 11, 12, 16]], [16, [8]], [8, []], [20, [20]], [11, []], [5, [30, 32, 33, 27, 23]], [6, []], [36, [36, 28, 38]], [15, []], [18, []], [19, []], [28, []], [41, [41]], [17, [40]], [30, [50, 42, 43, 49, 48, 45]], [32, []], [50, []], [12, []], [42, []], [38, []], [33, []], [43, []], [49, []], [48, []], [27, []], [45, []], [23, []], [40, []]]], [[[7, [7]]], [[13, [13, 15, 18, 19, 17, 11, 12, 16]]], [[16, [8]]], [[1, [14, 9, 10]]], [[25, [25]]], [[20, [20]]], [[5, [30, 32, 33, 27, 23]]], [[31, [31, 22, 26, 24, 21, 29]]], [[36, [36, 28, 38]]], [[35, [35, 37, 39, 34]]], [[41, [41]]], [[17, [40]]], [[30, [50, 42, 43, 49, 48, 45]]], [[47, [47, 46, 44]]]]]",,,37.73277400533168,0,14,3.142857142857143,,,,,,(not found),
493,test_data/data_demand_random_50_batch_all1_equal_random/C201_3.dat,8,90,1,1196.04834939252,"[[[[0, [14, 11, 12]], [14, []], [11, []], [12, []], [18, [18, 15]], [15, []], [24, [24, 17, 19, 23, 13]], [13, []], [17, []], [31, [31, 28, 27, 33, 29]], [19, []], [28, []], [27, [38, 34]], [33, []], [38, []], [23, []], [34, []], [29, []], [46, [46, 39, 50, 42, 40, 47]], [47, []], [39, []], [50, []], [42, []], [40, []]], [[0, [1, 5, 2, 6, 4, 3]], [16, [16, 10, 8]], [1, []], [5, []], [2, []], [20, [20, 32, 21]], [30, [30, 26, 25, 22, 9, 7]], [26, []], [25, []], [35, [35, 37, 36]], [22, []], [9, []], [32, []], [37, []], [10, []], [3, []], [21, []], [6, []], [44, [44, 48, 43, 49, 41, 45]], [7, []], [4, []], [36, []], [48, []], [8, []], [43, []], [49, []], [41, []], [45, []]]], [[[16, [16, 10, 8]]], [[18, [18, 15]]], [[24, [24, 17, 19, 23, 13]]], [[20, [20, 32, 21]]], [[31, [31, 28, 27, 33, 29]]], [[30, [30, 26, 25, 22, 9, 7]]], [[35, [35, 37, 36]]], [[27, [38, 34]]], [[46, [46, 39, 50, 42, 40, 47]]], [[44, [44, 48, 43, 49, 41, 45]]]]]",,,48.02626783672404,0,10,4.1,,,,,,(not found),
494,test_data/data_demand_random_50_batch_all1_equal_random/C201_3.dat,8,90,2,1196.04834939252,"[[[[0, [1]], [13, [13, 12, 10]], [9, [9, 11, 15, 17]], [11, []], [12, []], [10, []], [15, []], [17, []], [28, [28, 27, 24, 32, 22]], [27, []], [24, []], [35, [35]], [41, [41, 42, 38, 37, 39]], [42, []], [38, []], [50, [50, 47, 46]], [32, []], [22, []], [37, []], [39, []], [47, []], [46, []], [1, []]], [[0, [3, 4, 5, 2]], [3, []], [5, []], [14, [14]], [7, [7]], [2, []], [16, [16, 19, 8, 18, 6]], [19, []], [8, []], [18, []], [20, [20, 25]], [25, [30, 29, 26, 23, 21, 31]], [30, []], [29, []], [34, [34]], [26, []], [23, []], [40, [40, 36]], [4, []], [36, []], [21, []], [31, []], [6, []], [44, [44, 48, 43, 49, 33, 45]], [48, []], [43, []], [49, []], [33, []], [45, []]]], [[[14, [14]]], [[13, [13, 12, 10]]], [[7, [7]]], [[16, [16, 19, 8, 18, 6]]], [[9, [9, 11, 15, 17]]], [[20, [20, 25]]], [[25, [30, 29, 26, 23, 21, 31]]], [[28, [28, 27, 24, 32, 22]]], [[34, [34]]], [[40, [40, 36]]], [[35, [35]]], [[41, [41, 42, 38, 37, 39]]], [[44, [44, 48, 43, 49, 33, 45]]], [[50, [50, 47, 46]]]]]",,,47.954440335632064,0,14,3.2142857142857144,,,,,,(not found),
495,test_data/data_demand_random_50_batch_all1_equal_random/C201_3.dat,8,90,3,1196.04834939252,"[[[[0, [3, 6, 4]], [11, [11, 12, 9, 14, 7]], [12, []], [9, []], [14, []], [3, [8, 19, 10]], [21, [21, 24, 16, 13, 18]], [6, []], [7, []], [24, []], [16, []], [13, []], [18, []], [8, []], [19, []], [30, [30, 34, 36, 31]], [10, []], [34, []], [44, [44, 48, 49, 43, 41, 45, 40]], [4, []], [36, []], [31, []], [48, []], [49, []], [43, []], [41, []], [45, []], [40, []]], [[0, [5, 2, 1]], [5, []], [2, []], [20, [20, 15, 17, 23, 25, 26, 22]], [15, []], [17, []], [23, []], [28, [28, 27, 33]], [33, []], [27, []], [38, [38, 29, 37, 32, 35]], [25, []], [29, []], [26, []], [37, []], [22, []], [32, []], [50, [50, 42, 39, 47, 46]], [42, []], [35, []], [39, []], [47, []], [46, []], [1, []]]], [[[11, [11, 12, 9, 14, 7]]], [[20, [20, 15, 17, 23, 25, 26, 22]]], [[3, [8, 19, 10]]], [[21, [21, 24, 16, 13, 18]]], [[30, [30, 34, 36, 31]]], [[28, [28, 27, 33]]], [[38, [38, 29, 37, 32, 35]]], [[44, [44, 48, 49, 43, 41, 45, 40]]], [[50, [50, 42, 39, 47, 46]]]]]",,,59.70471692952156,0,9,4.888888888888889,,,,,,(not found),
496,test_data/data_demand_random_50_batch_all1_equal_random/C201_3.dat,8,90,4,1198.0512483795333,"[[[[0, [3, 4, 1]], [18, [18, 8, 19, 13, 17, 14]], [8, []], [19, []], [13, []], [17, []], [24, [24]], [3, []], [4, [23, 28, 21, 31, 29]], [14, []], [23, []], [28, []], [21, []], [36, [36, 40, 39, 34]], [31, []], [40, []], [1, []], [39, []], [34, []], [47, [47, 46, 44]], [29, []], [46, []], [44, []]], [[0, [6, 2, 5]], [6, []], [7, [7, 16, 15, 10, 11, 9, 12]], [2, []], [16, []], [5, []], [26, [26, 33, 20, 32, 22, 25, 30, 27]], [33, []], [15, []], [20, []], [10, []], [11, []], [32, []], [22, []], [9, []], [37, [37, 35]], [25, []], [35, []], [30, []], [12, []], [50, [50, 49, 43, 48, 45, 42, 38, 41]], [42, []], [38, []], [49, []], [43, []], [27, []], [48, []], [41, []], [45, []]]], [[[7, [7, 16, 15, 10, 11, 9, 12]]], [[18, [18, 8, 19, 13, 17, 14]]], [[26, [26, 33, 20, 32, 22, 25, 30, 27]]], [[24, [24]]], [[4, [23, 28, 21, 31, 29]]], [[37, [37, 35]]], [[36, [36, 40, 39, 34]]], [[47, [47, 46, 44]]], [[50, [50, 49, 43, 48, 45, 42, 38, 41]]]]]",,,53.39720525063785,0,9,4.888888888888889,,,,,,(not found),
497,test_data/data_demand_random_50_batch_all1_equal_random/C201_3.dat,8,90,5,1190.6124969497314,"[[[[0, []], [14, [14, 10, 11, 15, 19, 12, 8, 18]], [12, []], [10, []], [11, []], [8, []], [18, []], [15, []], [19, []], [28, [28, 33, 17, 23, 25, 22]], [33, []], [17, []], [23, []], [25, []], [35, [35, 30, 37, 29, 34, 32]], [30, []], [22, []], [37, []], [39, [39]], [29, []], [46, [46, 47, 50, 45, 40]], [47, []], [34, []], [32, []], [50, []], [45, []], [40, []]], [[0, [6, 1, 4, 5, 3, 2]], [5, []], [9, [9, 7, 13]], [3, []], [2, []], [6, []], [16, [16]], [13, []], [26, [26, 21, 24, 31, 20, 27]], [1, []], [21, []], [24, []], [31, []], [4, []], [42, [42]], [38, [38, 41, 36]], [20, []], [41, []], [27, []], [43, [43, 49, 48, 44]], [49, []], [48, []], [36, []], [7, []], [44, []]]], [[[14, [14, 10, 11, 15, 19, 12, 8, 18]]], [[9, [9, 7, 13]]], [[16, [16]]], [[26, [26, 21, 24, 31, 20, 27]]], [[28, [28, 33, 17, 23, 25, 22]]], [[35, [35, 30, 37, 29, 34, 32]]], [[42, [42]]], [[38, [38, 41, 36]]], [[39, [39]]], [[46, [46, 47, 50, 45, 40]]], [[43, [43, 49, 48, 44]]]]]",1271.2175759861784,"[[[[0, [1]], [17, [17, 8, 9, 12, 10, 11, 14, 18]], [8, []], [9, []], [20, [20, 25, 26]], [12, []], [10, [32, 30, 29, 22, 23]], [11, []], [32, []], [35, [35]], [14, []], [18, []], [38, [38]], [30, [39, 34, 37, 42]], [25, []], [26, []], [1, []], [39, []], [29, []], [46, [46, 47, 50, 45]], [47, []], [34, []], [37, []], [22, []], [50, []], [42, []], [45, []], [23, []]], [[0, [3, 5, 6, 4, 2]], [3, []], [5, []], [19, [19, 15, 13, 16, 7]], [15, []], [13, []], [6, []], [21, [21, 33, 24, 31, 27, 28]], [33, []], [4, []], [36, [36, 40, 41]], [16, []], [24, []], [31, []], [40, []], [41, []], [27, []], [28, []], [43, [43, 49, 48, 44]], [49, []], [48, []], [7, []], [2, []], [44, []]]], [[[17, [17, 8, 9, 12, 10, 11, 14, 18]]], [[19, [19, 15, 13, 16, 7]]], [[21, [21, 33, 24, 31, 27, 28]]], [[20, [20, 25, 26]]], [[10, [32, 30, 29, 22, 23]]], [[35, [35]]], [[38, [38]]], [[30, [39, 34, 37, 42]], [36, [36, 40, 41]]], [[46, [46, 47, 50, 45]]], [[43, [43, 49, 48, 44]]]]]",54.03122712694781,0,11,4.0,58.076323878935064,1,10,4.4,,,
498,test_data/data_demand_random_50_batch_all1_equal_random/C201_3.dat,8,120,1,1196.04834939252,"[[[[0, []], [18, [18, 19, 16, 8]], [16, []], [25, [25, 33, 31, 21, 27, 28]], [28, []], [19, []], [33, []], [8, []], [31, []], [36, [36, 41, 40]], [21, []], [44, [44, 48, 43, 49, 45]], [48, []], [43, []], [49, []], [27, []], [41, []], [45, []], [40, []]], [[0, [1, 3, 6, 2, 4, 5]], [1, []], [3, []], [6, []], [2, []], [5, []], [14, [14, 17, 15, 13, 10, 11, 12, 9]], [17, []], [15, []], [23, [23, 7]], [7, []], [4, []], [24, [24, 20, 30, 32, 22, 29, 26]], [13, []], [20, []], [30, []], [34, [34]], [26, []], [10, []], [11, []], [12, []], [38, [38, 42, 37, 35, 39]], [42, []], [50, [50, 47, 46]], [32, []], [9, []], [22, []], [37, []], [35, []], [39, []], [47, []], [29, []], [46, []]]], [[[14, [14, 17, 15, 13, 10, 11, 12, 9]]], [[18, [18, 19, 16, 8]]], [[23, [23, 7]]], [[25, [25, 33, 31, 21, 27, 28]]], [[24, [24, 20, 30, 32, 22, 29, 26]]], [[34, [34]]], [[38, [38, 42, 37, 35, 39]]], [[36, [36, 41, 40]]], [[44, [44, 48, 43, 49, 45]]], [[50, [50, 47, 46]]]]]",,,49.40229422905342,0,10,4.4,,,,,,(not found),
499,test_data/data_demand_random_50_batch_all1_equal_random/C201_3.dat,8,120,2,1198.0512483795333,"[[[[0, [6, 1]], [6, []], [8, [8, 9, 17, 13, 14, 16]], [1, []], [30, [30, 24, 29]], [9, []], [17, []], [13, []], [14, []], [16, []], [24, []], [39, [39, 34]], [34, []], [47, [47, 46, 44]], [29, []], [46, []], [44, []]], [[0, [4, 5, 2, 3]], [4, []], [5, []], [3, []], [7, [7]], [2, []], [21, [21, 15, 18, 19, 11, 10, 12]], [15, []], [18, []], [20, [20, 28, 27, 23, 25, 26, 22, 31]], [28, []], [19, []], [27, []], [36, [36, 35, 37, 32, 38, 33]], [31, []], [23, []], [25, []], [26, []], [35, []], [37, []], [22, []], [11, []], [10, []], [32, []], [50, [50, 42, 43, 49, 48, 41, 45, 40]], [12, []], [42, []], [38, []], [33, []], [43, []], [49, []], [48, []], [41, []], [45, []], [40, []]]], [[[7, [7]]], [[8, [8, 9, 17, 13, 14, 16]]], [[21, [21, 15, 18, 19, 11, 10, 12]]], [[20, [20, 28, 27, 23, 25, 26, 22, 31]]], [[30, [30, 24, 29]]], [[36, [36, 35, 37, 32, 38, 33]]], [[39, [39, 34]]], [[47, [47, 46, 44]]], [[50, [50, 42, 43, 49, 48, 41, 45, 40]]]]]",1220.0,"[[[[0, [6]], [11, [11]], [17, [17, 8, 19, 15, 16, 14, 18, 2]], [7, [7, 13]], [13, []], [2, []], [6, []], [21, [21, 28, 33, 31, 23, 20, 30, 27]], [8, []], [28, []], [19, []], [15, []], [33, []], [16, []], [31, []], [36, [36, 35]], [23, [42, 38, 41, 40]], [20, []], [14, []], [35, []], [30, []], [50, [50, 43, 49, 48, 45]], [42, []], [38, []], [18, []], [43, []], [49, []], [27, []], [48, []], [41, []], [45, []], [40, []]], [[0, [4, 3, 1, 5]], [12, [12, 10, 9]], [4, []], [24, [24, 25, 26, 22, 32, 29]], [3, []], [1, []], [5, []], [25, []], [26, []], [10, []], [9, []], [22, []], [37, [37, 34, 39]], [32, []], [34, []], [29, []], [46, [46, 47, 44]], [47, []], [39, []], [44, []]]], [[[11, [11]]], [[12, [12, 10, 9]]], [[17, [17, 8, 19, 15, 16, 14, 18, 2]]], [[7, [7, 13]]], [[21, [21, 28, 33, 31, 23, 20, 30, 27]]], [[24, [24, 25, 26, 22, 32, 29]]], [[36, [36, 35]]], [[23, [42, 38, 41, 40]], [37, [37, 34, 39]]], [[46, [46, 47, 44]]], [[50, [50, 43, 49, 48, 45]]]]]",51.994478402971346,0,9,4.888888888888889,55.556499724289594,1,10,4.5,,,
500,test_data/data_demand_random_50_batch_all1_equal_random/C201_3.dat,8,120,3,1190.6124969497314,"[[[[0, [5, 4, 6, 3, 1]], [5, []], [14, [14, 16, 15, 9, 10, 12, 11]], [4, []], [6, []], [3, []], [16, []], [26, [26, 25]], [25, []], [1, [23, 33, 22, 32, 29]], [23, []], [33, []], [15, []], [38, [38, 35, 37, 34]], [35, []], [37, []], [22, []], [9, []], [32, []], [10, []], [34, []], [29, []], [46, [46, 47, 39, 50, 45]], [47, []], [39, []], [50, []], [12, []], [11, []], [45, []]], [[0, [2]], [2, []], [18, [18, 19, 13, 8, 7, 17]], [19, []], [13, []], [8, []], [7, []], [31, [31, 21, 28, 30, 27, 24, 20]], [21, []], [28, []], [20, []], [40, [40, 42, 41, 36]], [17, []], [30, []], [42, []], [41, []], [27, []], [43, [43, 49, 44, 48]], [49, []], [48, []], [36, []], [24, []], [44, []]]], [[[18, [18, 19, 13, 8, 7, 17]]], [[14, [14, 16, 15, 9, 10, 12, 11]]], [[31, [31, 21, 28, 30, 27, 24, 20]]], [[26, [26, 25]]], [[1, [23, 33, 22, 32, 29]]], [[38, [38, 35, 37, 34]]], [[40, [40, 42, 41, 36]]], [[46, [46, 47, 39, 50, 45]]], [[43, [43, 49, 44, 48]]]]]",,,46.64380663386036,0,9,4.888888888888889,,,,,,(not found),
501,test_data/data_demand_random_50_batch_all1_equal_random/C201_3.dat,8,120,4,1196.04834939252,"[[[[0, [2, 4, 1]], [7, [7, 13, 8, 10, 9]], [13, []], [2, []], [4, []], [8, []], [29, [29]], [34, [34, 37, 35, 22, 32, 30]], [10, []], [37, []], [35, []], [39, [39]], [9, []], [22, []], [32, []], [50, [50, 42, 46, 47]], [42, []], [30, []], [46, []], [47, []], [1, []]], [[0, [5, 6, 3]], [11, [11, 12]], [12, []], [18, [18, 15, 19, 17, 14, 16]], [15, []], [19, []], [17, []], [14, []], [16, []], [25, [25, 20, 23]], [5, []], [20, [33, 28, 26, 31, 24, 21]], [33, []], [28, []], [38, [38, 36, 27]], [26, []], [40, [40]], [31, []], [36, []], [24, []], [6, []], [44, [44, 48, 43, 49, 41, 45]], [21, []], [3, []], [48, []], [27, []], [43, []], [49, []], [41, []], [45, []], [23, []]]], [[[7, [7, 13, 8, 10, 9]]], [[11, [11, 12]]], [[18, [18, 15, 19, 17, 14, 16]]], [[25, [25, 20, 23]]], [[20, [33, 28, 26, 31, 24, 21]]], [[29, [29]]], [[34, [34, 37, 35, 22, 32, 30]]], [[38, [38, 36, 27]]], [[40, [40]]], [[39, [39]]], [[44, [44, 48, 43, 49, 41, 45]]], [[50, [50, 42, 46, 47]]]]]",1201.7099202643649,"[[[[0, [2]], [13, [13, 16, 19, 15, 8, 18, 17, 14]], [16, []], [14, []], [17, []], [22, [22, 20, 30]], [30, []], [20, []], [19, []], [15, []], [8, []], [18, []], [33, [33, 24, 27, 36]], [36, []], [24, []], [2, []], [44, [44, 48, 49, 43, 45, 41, 40]], [48, []], [27, []], [49, []], [43, []], [41, []], [45, []], [40, []]], [[0, [3, 5, 4, 6, 1]], [3, []], [7, [7, 11, 10, 9, 12]], [11, []], [5, []], [4, []], [6, []], [25, [25, 26, 23, 21]], [1, [31, 28, 32]], [26, []], [23, []], [21, []], [31, []], [28, []], [38, [38, 42, 34, 29, 37, 35]], [42, []], [35, []], [10, []], [9, []], [37, []], [32, []], [50, [50, 46, 47, 39]], [12, []], [34, []], [46, []], [29, []], [47, []], [39, []]]], [[[13, [13, 16, 19, 15, 8, 18, 17, 14]]], [[7, [7, 11, 10, 9, 12]]], [[25, [25, 26, 23, 21]]], [[1, [31, 28, 32]], [22, [22, 20, 30]]], [[33, [33, 24, 27, 36]]], [[38, [38, 42, 34, 29, 37, 35]]], [[44, [44, 48, 49, 43, 45, 41, 40]]], [[50, [50, 46, 47, 39]]]]]",54.071098690798735,0,12,3.6666666666666665,58.172389856756105,1,8,5.5,,,
502,test_data/data_demand_random_50_batch_all1_equal_random/C201_3.dat,8,120,5,1198.0512483795333,"[[[[0, [5, 6, 3, 1]], [6, []], [3, []], [11, [11, 8]], [1, []], [5, []], [12, [12, 9, 13, 17, 18, 19, 15]], [9, []], [13, []], [17, []], [18, []], [28, [28]], [19, []], [15, []], [36, [36, 21, 31, 33, 25, 29]], [21, []], [31, []], [8, []], [33, []], [38, [38, 42, 39]], [42, []], [25, []], [39, []], [47, [47, 46, 44]], [29, []], [46, []], [44, []]], [[0, [4, 2]], [2, []], [7, [7, 10]], [16, [16]], [4, [24, 26, 23, 20, 14]], [24, []], [26, []], [23, []], [20, []], [14, []], [10, []], [30, [30, 22, 32, 27]], [22, []], [32, []], [37, [37, 35, 34]], [35, []], [34, []], [50, [50, 48, 49, 43, 45, 41, 40]], [27, []], [48, []], [49, []], [43, []], [41, []], [45, []], [40, []]]], [[[7, [7, 10]]], [[11, [11, 8]]], [[12, [12, 9, 13, 17, 18, 19, 15]]], [[16, [16]]], [[4, [24, 26, 23, 20, 14]]], [[30, [30, 22, 32, 27]]], [[28, [28]]], [[36, [36, 21, 31, 33, 25, 29]]], [[38, [38, 42, 39]]], [[37, [37, 35, 34]]], [[47, [47, 46, 44]]], [[50, [50, 48, 49, 43, 45, 41, 40]]]]]",,,57.42183603662684,0,12,3.6666666666666665,,,,,,(not found),
503,test_data/data_demand_random_50_batch_all1_equal_cluster/C201_0.5.dat,4,60,1,651.0,"[[[[0, [1, 10, 12, 13, 15, 16, 17, 32, 31, 14, 27, 28, 29, 33, 34, 48, 47, 49, 30, 38, 35, 36, 37, 19, 11]], [1, []], [10, []], [12, []], [13, []], [15, []], [16, []], [17, []], [32, []], [31, []], [14, []], [27, []], [28, []], [29, []], [33, []], [34, []], [48, []], [47, []], [49, []], [30, []], [38, []], [35, []], [36, []], [37, []], [19, []], [11, []]], [[0, [5, 6, 23, 9, 8, 7, 25, 40, 39, 26, 24, 3, 18, 20, 22, 21, 41, 42, 50, 46, 45, 44, 43, 4, 2]], [5, []], [6, []], [23, []], [9, []], [8, []], [7, []], [25, []], [40, []], [39, []], [26, []], [24, []], [3, []], [18, []], [20, []], [22, []], [21, []], [41, []], [42, []], [50, []], [46, []], [45, []], [44, []], [43, []], [4, []], [2, []]]], []]",,,0.0,0,0,0.0,,,,,,(not found),
504,test_data/data_demand_random_50_batch_all1_equal_cluster/C201_0.5.dat,4,90,1,531.551832657201,"[[[[0, [3]], [5, [5, 6, 8, 7]], [9, [9, 11]], [8, []], [6, []], [7, []], [23, [23, 26, 25, 24]], [26, []], [39, [39, 40, 21, 22]], [40, []], [25, []], [24, []], [22, []], [50, [50, 45, 43, 46]], [46, []], [45, []], [43, []], [44, [44, 20, 18]], [21, []], [42, [42, 41]], [41, []], [20, []], [18, []], [3, []], [11, []]], [[0, [4, 2, 1]], [10, [10, 12, 13, 14]], [12, []], [14, [17, 16, 15]], [31, [31, 32, 37, 19]], [32, []], [17, []], [16, []], [15, [28, 30, 29, 38]], [13, [48, 49, 47, 36]], [27, [27, 33, 34, 35]], [28, []], [29, []], [33, []], [34, []], [48, []], [49, []], [47, []], [30, []], [38, []], [35, []], [36, []], [37, []], [19, []], [4, []], [2, []], [1, []]]], [[[5, [5, 6, 8, 7]]], [[10, [10, 12, 13, 14]]], [[9, [9, 11]]], [[14, [17, 16, 15]]], [[23, [23, 26, 25, 24]]], [[31, [31, 32, 37, 19]]], [[39, [39, 40, 21, 22]]], [[15, [28, 30, 29, 38]]], [[13, [48, 49, 47, 36]]], [[27, [27, 33, 34, 35]]], [[50, [50, 45, 43, 46]]], [[44, [44, 20, 18]]], [[42, [42, 41]]]]]",,,47.83514619357421,0,13,3.5384615384615383,,,,,,(not found),
505,test_data/data_demand_random_50_batch_all1_equal_cluster/C201_0.5.dat,4,90,5,547.470308806397,"[[[[0, [6, 8, 7]], [5, [11, 5, 12, 9]], [9, []], [6, []], [8, []], [7, []], [23, [23, 24, 26, 10]], [26, []], [39, [39, 40, 25, 33]], [40, []], [25, []], [24, []], [11, []], [33, []], [48, [48, 34, 30, 38]], [34, []], [30, []], [38, []], [49, [49, 47, 29, 27]], [47, []], [29, []], [27, []], [12, []], [10, []]], [[0, [4, 1, 2, 3]], [1, []], [2, []], [4, []], [3, []], [19, [19, 15, 14, 21]], [18, [18, 22, 20, 17]], [20, []], [21, []], [22, []], [41, [41, 46, 42, 50]], [42, []], [50, []], [46, []], [45, [45, 36, 32, 31]], [43, [43, 44, 37, 35]], [44, []], [37, []], [36, []], [35, []], [28, [28, 13, 16]], [13, []], [15, []], [16, []], [17, []], [32, []], [31, []], [14, []]]], [[[5, [11, 5, 12, 9]]], [[19, [19, 15, 14, 21]]], [[23, [23, 24, 26, 10]]], [[18, [18, 22, 20, 17]]], [[39, [39, 40, 25, 33]]], [[41, [41, 46, 42, 50]]], [[45, [45, 36, 32, 31]]], [[43, [43, 44, 37, 35]]], [[28, [28, 13, 16]]], [[48, [48, 34, 30, 38]]], [[49, [49, 47, 29, 27]]]]]",,,57.17839837706887,0,11,3.909090909090909,,,,,,(not found),
506,test_data/data_demand_random_50_batch_all1_equal_cluster/C201_0.5.dat,4,120,1,562.6124969497314,"[[[[0, [2, 4, 3]], [2, []], [11, [11, 7, 8, 6]], [10, [10, 12, 13, 5]], [12, []], [13, []], [27, [27, 28, 19, 23]], [28, []], [19, [25, 24, 9]], [37, [37, 41, 42, 40]], [42, []], [41, []], [24, []], [7, []], [8, []], [39, [39, 26]], [40, []], [26, []], [25, []], [23, []], [9, []], [6, []], [5, []], [4, []], [3, []]], [[0, [1]], [14, [14, 15, 17, 16]], [15, []], [17, []], [31, [31, 32, 29, 34]], [32, []], [16, []], [29, []], [47, [47, 33, 38, 30]], [34, []], [33, []], [48, [48, 49, 36, 45]], [49, []], [38, []], [30, []], [35, [35, 21, 22, 20]], [36, []], [45, []], [46, [46, 50, 44, 43]], [50, []], [44, []], [43, []], [22, []], [21, []], [20, []], [18, [18]], [1, []]]], [[[11, [11, 7, 8, 6]]], [[14, [14, 15, 17, 16]]], [[10, [10, 12, 13, 5]]], [[27, [27, 28, 19, 23]]], [[31, [31, 32, 29, 34]]], [[19, [25, 24, 9]]], [[37, [37, 41, 42, 40]]], [[47, [47, 33, 38, 30]]], [[48, [48, 49, 36, 45]]], [[35, [35, 21, 22, 20]]], [[39, [39, 26]]], [[46, [46, 50, 44, 43]]], [[18, [18]]]]]",,,52.850589548854295,0,13,3.5384615384615383,,,,,,(not found),
507,test_data/data_demand_random_50_batch_all1_equal_cluster/C201_0.5.dat,4,120,3,531.2490309931942,"[[[[0, [4, 2]], [11, [11, 10, 12, 13]], [10, []], [12, []], [14, [14, 15, 16, 17]], [31, [31, 32, 27, 30]], [32, []], [17, []], [16, []], [15, []], [13, []], [27, [34, 28, 29, 33]], [28, []], [30, []], [47, [47, 48, 49, 38]], [29, []], [33, []], [34, []], [48, []], [49, []], [38, []], [35, [35, 36, 19]], [36, []], [19, []], [4, []], [2, []]], [[0, [1, 3]], [1, []], [5, [5, 6, 9, 8]], [6, []], [8, []], [23, [23, 26, 25, 24]], [9, []], [26, []], [40, [40, 39, 22, 7]], [39, []], [25, [42, 20, 21]], [7, []], [24, []], [22, []], [43, [43, 44, 45, 37]], [44, []], [37, []], [45, []], [50, [50, 46, 18, 41]], [46, []], [42, []], [41, []], [21, []], [20, []], [18, []], [3, []]]], [[[5, [5, 6, 9, 8]]], [[11, [11, 10, 12, 13]]], [[14, [14, 15, 16, 17]]], [[23, [23, 26, 25, 24]]], [[31, [31, 32, 27, 30]]], [[40, [40, 39, 22, 7]]], [[27, [34, 28, 29, 33]]], [[25, [42, 20, 21]]], [[43, [43, 44, 45, 37]]], [[47, [47, 48, 49, 38]]], [[50, [50, 46, 18, 41]]], [[35, [35, 36, 19]]]]]",685.4199088637326,"[[[[0, [1, 3]], [1, []], [11, [11]], [15, [15, 16, 17, 2]], [16, []], [17, []], [32, [32, 31, 14, 13]], [31, []], [14, [43, 44]], [13, []], [27, [27, 29, 30, 33]], [29, []], [30, []], [48, [48, 34, 41, 38]], [33, []], [34, []], [47, [47, 49, 45, 37]], [49, []], [38, []], [43, []], [44, []], [45, []], [41, []], [37, []], [3, []], [2, []]], [[0, [4]], [12, [12, 8, 9, 7]], [10, [10, 5, 6]], [5, []], [6, []], [8, []], [9, []], [23, [23, 25, 26, 24]], [25, []], [39, [39, 40, 28, 35]], [40, []], [26, []], [7, []], [24, []], [28, []], [35, []], [36, [36, 22, 21, 20]], [22, []], [46, [46, 42, 50, 18]], [42, []], [50, []], [21, []], [20, []], [18, []], [19, [19]], [4, []]]], [[[12, [12, 8, 9, 7]]], [[10, [10, 5, 6]], [11, [11]]], [[15, [15, 16, 17, 2]]], [[23, [23, 25, 26, 24]]], [[32, [32, 31, 14, 13]]], [[39, [39, 40, 28, 35]]], [[14, [43, 44]]], [[27, [27, 29, 30, 33]]], [[48, [48, 34, 41, 38]]], [[47, [47, 49, 45, 37]]], [[36, [36, 22, 21, 20]]], [[46, [46, 42, 50, 18]]], [[19, [19]]]]]",50.8478562676364,0,12,3.8333333333333335,53.10658168050015,1,13,3.6153846153846154,,,
508,test_data/data_demand_random_50_batch_all1_equal_cluster/C201_0.5.dat,4,120,5,,,756.2531640716645,"[[[[0, [3, 4, 1]], [11, [11]], [3, []], [4, []], [2, [20, 2, 9]], [1, []], [19, [19, 18, 22, 21]], [18, []], [20, []], [43, [43, 36, 37, 41]], [22, []], [21, []], [42, [42, 44, 45, 46]], [41, []], [36, []], [37, []], [44, []], [45, []], [46, []], [50, [50, 6, 7, 8]], [9, []], [6, []], [23, [23, 5]], [7, []], [8, []], [24, [24, 26]], [26, []], [40, [40]], [5, []]], [[0, []], [10, [10, 12, 15, 13]], [12, []], [13, []], [15, [16, 17, 14, 25]], [16, []], [17, []], [32, [32, 31, 28, 35]], [31, []], [14, []], [28, []], [35, []], [30, [30, 33, 34, 38]], [33, []], [34, []], [48, [48, 47, 49, 29]], [47, []], [49, []], [38, []], [29, []], [27, [27]], [25, []], [39, [39]]]], [[[11, [11]]], [[10, [10, 12, 15, 13]]], [[15, [16, 17, 14, 25]]], [[2, [20, 2, 9]]], [[19, [19, 18, 22, 21]]], [[32, [32, 31, 28, 35]]], [[43, [43, 36, 37, 41]]], [[42, [42, 44, 45, 46]]], [[30, [30, 33, 34, 38]]], [[48, [48, 47, 49, 29]]], [[50, [50, 6, 7, 8]]], [[27, [27]]], [[39, [39]], [23, [23, 5]]], [[24, [24, 26]]], [[40, [40]]]]]",,,,,53.93861402328556,1,15,3.1333333333333333,,,
509,test_data/data_demand_random_50_batch_all1_equal_cluster/C201_0.5.dat,8,60,2,520.6124969497314,"[[[[0, [4, 2]], [11, [11, 12]], [10, [10, 17, 15, 16, 13, 14]], [12, []], [14, []], [31, [31, 32, 30, 29, 28, 34, 33, 37]], [32, []], [17, []], [16, []], [15, []], [13, []], [27, [27, 38, 49, 48, 47, 36, 35, 19]], [30, []], [38, []], [49, []], [34, []], [33, []], [48, []], [47, []], [29, []], [28, []], [35, []], [36, []], [37, []], [19, []], [4, []], [2, []]], [[0, [3]], [5, [5, 1, 8, 6, 9, 7]], [7, []], [8, []], [9, []], [6, []], [24, [24, 26, 23, 18, 20, 21, 22, 25]], [25, [40, 39, 41, 42]], [40, []], [39, []], [26, []], [23, [50, 46, 45, 44, 43]], [1, []], [18, []], [20, []], [21, []], [22, []], [41, []], [42, []], [50, []], [46, []], [45, []], [44, []], [43, []], [3, []]]], [[[11, [11, 12]]], [[5, [5, 1, 8, 6, 9, 7]]], [[10, [10, 17, 15, 16, 13, 14]]], [[24, [24, 26, 23, 18, 20, 21, 22, 25]]], [[31, [31, 32, 30, 29, 28, 34, 33, 37]]], [[25, [40, 39, 41, 42]]], [[23, [50, 46, 45, 44, 43]]], [[27, [27, 38, 49, 48, 47, 36, 35, 19]]]]]",,,38.476137566027084,0,8,5.875,,,,,,(not found),
510,test_data/data_demand_random_50_batch_all1_equal_cluster/C201_0.5.dat,8,60,3,504.0,"[[[[0, [1]], [1, []], [10, [10, 11, 9, 6, 8, 5, 7]], [11, []], [9, []], [6, []], [8, []], [5, [20, 24, 23, 25, 26, 39, 21, 22]], [20, [50, 46, 45, 44, 43, 40, 41, 42]], [21, []], [22, []], [50, []], [46, []], [45, []], [44, []], [43, []], [42, []], [41, []], [24, []], [23, []], [7, []], [25, []], [26, []], [40, []], [39, []]], [[0, [4, 3, 2]], [2, []], [12, [12, 14, 16, 15, 13, 17]], [14, []], [31, [31, 32, 27, 33, 19]], [32, []], [17, []], [16, []], [15, []], [13, []], [27, [48, 47, 49, 28, 34, 38, 30, 29]], [33, []], [34, []], [48, []], [47, []], [49, []], [38, []], [30, []], [29, []], [28, [35, 36, 37, 18]], [35, []], [36, []], [37, []], [19, []], [18, []], [4, []], [3, []]]], [[[10, [10, 11, 9, 6, 8, 5, 7]]], [[12, [12, 14, 16, 15, 13, 17]]], [[5, [20, 24, 23, 25, 26, 39, 21, 22]]], [[31, [31, 32, 27, 33, 19]]], [[20, [50, 46, 45, 44, 43, 40, 41, 42]]], [[27, [48, 47, 49, 28, 34, 38, 30, 29]]], [[28, [35, 36, 37, 18]]]]]",544.8458171445384,"[[[[0, [3]], [10, [10]], [14, [14, 16, 17, 13, 15]], [15, []], [16, []], [17, []], [31, [31, 32, 27, 33, 34, 38, 30, 29]], [32, []], [13, []], [27, [48, 47, 49, 28, 35, 36, 37]], [33, []], [34, []], [48, []], [47, []], [49, []], [38, []], [30, []], [29, []], [28, [45, 44, 43]], [35, []], [36, []], [37, []], [45, []], [44, []], [43, []], [3, []]], [[0, [2, 1]], [12, [12, 6, 7, 8, 5, 9, 4]], [11, [11, 22, 21, 20, 18, 19]], [1, []], [5, []], [9, []], [6, []], [23, [40, 39, 41, 42, 46, 50, 23, 26]], [7, []], [8, []], [40, []], [39, []], [26, []], [25, [25, 24]], [24, []], [41, []], [42, []], [46, []], [50, []], [22, []], [21, []], [20, []], [18, []], [19, []], [4, []], [2, []]]], [[[12, [12, 6, 7, 8, 5, 9, 4]], [10, [10]]], [[14, [14, 16, 17, 13, 15]]], [[11, [11, 22, 21, 20, 18, 19]]], [[31, [31, 32, 27, 33, 34, 38, 30, 29]]], [[23, [40, 39, 41, 42, 46, 50, 23, 26]]], [[25, [25, 24]]], [[27, [48, 47, 49, 28, 35, 36, 37]]], [[28, [45, 44, 43]]]]]",39.289429424641156,0,7,6.571428571428571,41.28465098332166,1,8,5.875,,,
511,test_data/data_demand_random_50_batch_all1_equal_cluster/C201_0.5.dat,8,90,1,500.0,"[[[[0, [3, 1, 4]], [5, [5, 8, 6, 9, 7]], [7, []], [6, []], [9, []], [8, []], [23, [23, 25, 26, 24, 20, 21, 22, 19]], [25, []], [39, [39, 40, 41, 42, 37, 18]], [40, []], [26, []], [24, [50, 46, 45, 44, 43]], [20, []], [21, []], [22, []], [41, []], [42, []], [50, []], [46, []], [45, []], [44, []], [43, []], [37, []], [19, []], [18, []], [4, []], [3, []], [1, []]], [[0, [2]], [2, []], [11, [11, 10, 13, 12]], [10, [14, 15, 16, 17]], [14, []], [15, []], [17, []], [32, [32, 31, 29, 30, 34, 33, 38, 35]], [31, []], [16, []], [29, []], [30, []], [47, [47, 48, 49, 36, 28, 27]], [48, []], [34, []], [33, []], [49, []], [38, []], [35, []], [36, []], [28, []], [27, []], [13, []], [12, []]]], [[[11, [11, 10, 13, 12]]], [[5, [5, 8, 6, 9, 7]]], [[10, [14, 15, 16, 17]]], [[23, [23, 25, 26, 24, 20, 21, 22, 19]]], [[32, [32, 31, 29, 30, 34, 33, 38, 35]]], [[39, [39, 40, 41, 42, 37, 18]]], [[24, [50, 46, 45, 44, 43]]], [[47, [47, 48, 49, 36, 28, 27]]]]]",560.0,"[[[[0, []], [5, [5, 6, 7, 8, 9]], [6, []], [7, [12]], [8, []], [9, []], [23, [23, 25, 26, 24, 22, 21, 20, 18]], [25, []], [39, [39, 40, 41, 42]], [40, []], [26, [43, 44, 37, 45, 46, 50, 19]], [24, []], [41, []], [42, []], [43, []], [44, []], [37, []], [45, []], [46, []], [50, []], [22, []], [21, []], [20, []], [18, []], [19, []], [12, []]], [[0, [4, 3, 1, 2]], [2, []], [11, [11, 10]], [10, [14, 15, 17, 16, 13]], [14, []], [15, []], [17, []], [32, [32, 31, 30, 38, 29, 33, 34, 36]], [31, []], [16, []], [30, []], [38, []], [29, []], [33, []], [34, []], [48, [48, 47, 49, 35, 28, 27]], [47, []], [49, []], [36, []], [35, []], [28, []], [27, []], [13, []], [4, []], [3, []], [1, []]]], [[[5, [5, 6, 7, 8, 9]]], [[11, [11, 10]], [7, [12]]], [[10, [14, 15, 17, 16, 13]]], [[23, [23, 25, 26, 24, 22, 21, 20, 18]]], [[32, [32, 31, 30, 38, 29, 33, 34, 36]]], [[39, [39, 40, 41, 42]]], [[26, [43, 44, 37, 45, 46, 50, 19]]], [[48, [48, 47, 49, 35, 28, 27]]]]]",43.85776783132202,0,8,5.75,50.96268172204868,1,8,5.75,,,
512,test_data/data_demand_random_50_batch_all1_equal_cluster/C201_0.5.dat,8,90,4,,,537.6568542494924,"[[[[0, []], [5, [5]], [11, [11, 13, 6, 9]], [27, [27, 17, 26, 25, 14, 15, 16]], [13, []], [14, []], [15, []], [16, []], [17, []], [32, [32, 31, 39, 40, 23, 24, 7, 8]], [31, []], [39, []], [40, []], [26, []], [25, []], [23, []], [24, []], [7, []], [8, []], [6, []], [9, []]], [[0, [4, 3, 1, 2]], [3, []], [1, []], [2, []], [10, [10, 12, 21, 19]], [12, []], [28, [28, 29, 30, 34, 33, 38, 35, 36]], [29, []], [30, []], [34, []], [33, []], [48, [48, 47, 49, 37, 43, 44, 45, 46]], [47, []], [49, []], [38, []], [35, []], [36, []], [37, []], [43, []], [44, []], [45, []], [46, []], [50, [50, 22, 20, 18, 42, 41]], [22, []], [21, []], [42, []], [41, []], [20, []], [18, []], [19, []], [4, []]]], [[[5, [5]]], [[10, [10, 12, 21, 19]], [11, [11, 13, 6, 9]]], [[27, [27, 17, 26, 25, 14, 15, 16]]], [[28, [28, 29, 30, 34, 33, 38, 35, 36]]], [[32, [32, 31, 39, 40, 23, 24, 7, 8]]], [[48, [48, 47, 49, 37, 43, 44, 45, 46]]], [[50, [50, 22, 20, 18, 42, 41]]]]]",,,,,51.81188432098246,1,7,6.571428571428571,,,
513,test_data/data_demand_random_50_batch_all1_equal_cluster/C201_0.5.dat,8,90,5,487.6124969497314,"[[[[0, [4, 2]], [12, [12, 13]], [13, []], [14, [14, 17, 16, 15, 19]], [31, [31, 32, 27, 30, 28, 34, 29, 33]], [32, []], [17, []], [16, []], [15, []], [27, []], [33, []], [34, []], [48, [48, 47, 38, 35, 36, 37]], [47, []], [49, [49]], [38, []], [30, []], [29, []], [28, []], [35, []], [36, []], [37, []], [19, []], [4, []], [2, []]], [[0, [3, 1]], [11, [11, 5, 10, 6, 8, 7, 9]], [10, []], [5, []], [6, []], [9, []], [23, [23, 18, 26, 25, 24, 22, 21, 20]], [26, []], [40, [40]], [39, [41, 42, 50, 46, 45, 43, 39, 44]], [25, []], [8, []], [7, []], [24, []], [41, []], [42, []], [50, []], [46, []], [45, []], [44, []], [43, []], [22, []], [21, []], [20, []], [18, []], [3, []], [1, []]]], [[[11, [11, 5, 10, 6, 8, 7, 9]]], [[12, [12, 13]]], [[14, [14, 17, 16, 15, 19]]], [[23, [23, 18, 26, 25, 24, 22, 21, 20]]], [[31, [31, 32, 27, 30, 28, 34, 29, 33]]], [[40, [40]]], [[39, [41, 42, 50, 46, 45, 43, 39, 44]]], [[48, [48, 47, 38, 35, 36, 37]]], [[49, [49]]]]]",585.0225835646885,"[[[[0, [4, 3]], [5, [5, 8, 6]], [8, []], [6, []], [25, [25, 26, 24, 22, 21, 20, 19, 18]], [39, [39, 40, 41, 42, 50, 46, 45, 43]], [40, []], [26, []], [24, []], [41, []], [42, []], [22, []], [21, []], [20, []], [50, []], [46, []], [45, []], [43, []], [44, [44, 37, 36]], [37, []], [36, []], [19, []], [18, []], [4, []], [3, []]], [[0, [1, 2]], [7, [7, 9, 11, 10, 12, 13, 16, 17]], [23, [23]], [9, []], [1, [27, 28, 33, 34, 30, 29, 31]], [2, []], [11, []], [10, []], [12, []], [13, []], [27, []], [28, []], [33, []], [34, []], [48, [48, 47, 49, 38, 35, 32, 15, 14]], [47, []], [49, []], [38, []], [35, []], [30, []], [29, []], [16, []], [17, []], [31, []], [32, []], [15, []], [14, []]]], [[[7, [7, 9, 11, 10, 12, 13, 16, 17]]], [[23, [23]], [5, [5, 8, 6]]], [[1, [27, 28, 33, 34, 30, 29, 31]]], [[25, [25, 26, 24, 22, 21, 20, 19, 18]]], [[39, [39, 40, 41, 42, 50, 46, 45, 43]]], [[44, [44, 37, 36]]], [[48, [48, 47, 49, 38, 35, 32, 15, 14]]]]]",52.042399685738204,0,9,5.111111111111111,52.60987484657479,1,7,6.571428571428571,,,
514,test_data/data_demand_random_50_batch_all1_equal_cluster/C201_0.5.dat,8,120,1,490.6155281280883,"[[[[0, [3, 4]], [10, [10, 11]], [11, []], [3, []], [4, []], [19, [19, 28, 29, 30, 27, 16, 17, 14]], [36, [36, 35, 38, 34, 33, 32, 31]], [35, []], [28, []], [29, []], [30, []], [38, []], [49, [49, 47, 48, 15, 12, 13]], [47, []], [48, []], [34, []], [33, []], [27, []], [12, []], [13, []], [15, []], [16, []], [17, []], [32, []], [31, []], [14, []]], [[0, [2]], [6, [6, 1, 5, 9, 8, 7]], [5, []], [9, [25, 26, 23, 24, 22, 21, 20]], [8, []], [7, []], [25, []], [39, [39, 41, 42, 37, 40, 18]], [40, []], [26, []], [23, [50, 45, 44, 43, 46]], [24, []], [41, []], [42, []], [50, []], [46, []], [45, []], [37, []], [44, []], [43, []], [22, []], [21, []], [20, []], [18, []], [2, []], [1, []]]], [[[6, [6, 1, 5, 9, 8, 7]]], [[10, [10, 11]]], [[9, [25, 26, 23, 24, 22, 21, 20]]], [[19, [19, 28, 29, 30, 27, 16, 17, 14]]], [[36, [36, 35, 38, 34, 33, 32, 31]]], [[39, [39, 41, 42, 37, 40, 18]]], [[49, [49, 47, 48, 15, 12, 13]]], [[23, [50, 45, 44, 43, 46]]]]]",,,48.373606545166766,0,8,5.875,,,,,,(not found),
515,test_data/data_demand_random_50_batch_all1_equal_cluster/C201_0.5.dat,8,120,3,510.7630546142402,"[[[[0, []], [12, [12, 10, 13, 11]], [10, [14, 17, 16, 15]], [13, []], [14, []], [31, [31, 32, 27, 33, 34, 38, 30, 29]], [32, []], [17, []], [16, []], [15, []], [27, []], [33, []], [34, []], [48, [48, 47, 49, 28, 35, 36, 37, 19]], [47, []], [49, []], [38, []], [30, []], [29, []], [28, []], [35, []], [36, []], [37, []], [19, []], [11, []]], [[0, [2, 4, 3, 1]], [5, [5, 9, 6, 8, 7]], [6, []], [9, []], [2, []], [4, []], [3, []], [18, [18, 20, 21, 22, 24, 26, 25, 23]], [20, []], [21, []], [22, []], [43, [43, 45, 50, 46, 42, 41, 39, 44]], [44, []], [45, []], [50, []], [46, []], [42, []], [41, []], [24, []], [8, []], [7, []], [39, []], [40, [40]], [26, []], [25, []], [23, []], [1, []]]], [[[5, [5, 9, 6, 8, 7]]], [[12, [12, 10, 13, 11]]], [[10, [14, 17, 16, 15]]], [[18, [18, 20, 21, 22, 24, 26, 25, 23]]], [[31, [31, 32, 27, 33, 34, 38, 30, 29]]], [[43, [43, 45, 50, 46, 42, 41, 39, 44]]], [[40, [40]]], [[48, [48, 47, 49, 28, 35, 36, 37, 19]]]]]",,,47.43909354600536,0,8,5.75,,,,,,(not found),
516,test_data/data_demand_random_50_batch_all1_equal_cluster/C201_0.5.dat,8,120,4,513.5410196624969,"[[[[0, [2, 1, 3, 4]], [3, []], [4, []], [2, []], [11, [11, 10]], [1, []], [18, [18, 19, 20, 21, 22, 30, 29, 27]], [19, []], [20, []], [21, []], [22, []], [41, [41, 42, 50, 46, 45, 44, 43, 37]], [42, []], [50, []], [46, []], [45, []], [44, []], [43, []], [37, []], [36, [36, 35, 38, 33, 34]], [35, []], [30, []], [38, []], [49, [49, 47, 48]], [47, []], [48, []], [33, []], [34, []], [29, []], [27, []], [10, []]], [[0, []], [5, [5]], [9, [9, 6, 7, 8, 12, 13, 15, 16]], [6, []], [7, []], [8, []], [23, [23, 25, 26, 24]], [25, []], [39, [39, 40, 32, 31, 28, 17, 14]], [40, []], [26, []], [24, []], [28, []], [12, []], [13, []], [15, []], [16, []], [17, []], [32, []], [31, []], [14, []]]], [[[5, [5]]], [[11, [11, 10]]], [[9, [9, 6, 7, 8, 12, 13, 15, 16]]], [[23, [23, 25, 26, 24]]], [[18, [18, 19, 20, 21, 22, 30, 29, 27]]], [[39, [39, 40, 32, 31, 28, 17, 14]]], [[41, [41, 42, 50, 46, 45, 44, 43, 37]]], [[36, [36, 35, 38, 33, 34]]], [[49, [49, 47, 48]]]]]",,,49.030511549355055,0,9,5.111111111111111,,,,,,(not found),
517,test_data/data_demand_random_50_batch_all1_equal_cluster/C201_0.5.dat,8,120,5,477.06888370749726,"[[[[0, [1]], [5, [5, 3, 6, 7, 8, 9]], [9, []], [6, []], [7, []], [8, []], [25, [25, 26, 24, 22, 21, 20, 18, 23]], [39, [39, 40, 41, 42, 11, 10]], [40, []], [26, [50, 46, 45, 44, 43]], [23, []], [24, []], [41, []], [42, []], [50, []], [46, []], [45, []], [44, []], [43, []], [22, []], [21, []], [20, []], [18, []], [3, []], [1, []], [11, []], [10, []]], [[0, [4, 2]], [15, [15, 16, 17, 14, 12, 13]], [16, []], [17, []], [32, [32, 31, 27, 33, 34, 19, 29]], [31, []], [14, []], [12, []], [13, []], [27, []], [33, []], [34, []], [48, [48, 49, 38, 30, 28, 35, 36, 37]], [47, [47]], [49, []], [38, []], [30, []], [29, []], [28, []], [35, []], [36, []], [37, []], [19, []], [4, []], [2, []]]], [[[5, [5, 3, 6, 7, 8, 9]]], [[15, [15, 16, 17, 14, 12, 13]]], [[25, [25, 26, 24, 22, 21, 20, 18, 23]]], [[32, [32, 31, 27, 33, 34, 19, 29]]], [[39, [39, 40, 41, 42, 11, 10]]], [[26, [50, 46, 45, 44, 43]]], [[48, [48, 49, 38, 30, 28, 35, 36, 37]]], [[47, [47]]]]]",,,56.15704049884805,0,8,5.875,,,,,,(not found),
518,test_data/data_demand_random_50_batch_all1_equal_random/C201_0.5.dat,4,90,3,563.7826031882822,"[[[[0, [1, 3]], [15, [15, 22, 9, 18]], [3, []], [25, [25, 11, 12, 17]], [46, [46, 28, 20, 10]], [20, []], [43, [43, 45, 29, 34]], [28, [42, 32, 49, 31]], [34, []], [17, []], [10, []], [12, []], [41, [41, 36]], [49, []], [36, []], [1, []], [42, []], [22, []], [32, []], [9, []], [18, []], [45, []], [29, []], [11, []], [31, []]], [[0, [2]], [6, [6, 13, 7, 8]], [13, []], [19, [19, 16, 23, 21]], [7, []], [47, [47, 39, 27, 38]], [39, []], [27, []], [38, [14, 24, 26, 5]], [14, []], [35, [35, 33, 40]], [2, []], [8, []], [16, []], [44, [44, 30, 4]], [4, []], [33, []], [50, [50, 48, 37]], [40, []], [23, []], [48, []], [21, []], [37, []], [24, []], [26, []], [5, []], [30, []]]], [[[15, [15, 22, 9, 18]]], [[6, [6, 13, 7, 8]]], [[25, [25, 11, 12, 17]]], [[19, [19, 16, 23, 21]]], [[46, [46, 28, 20, 10]]], [[47, [47, 39, 27, 38]]], [[43, [43, 45, 29, 34]]], [[28, [42, 32, 49, 31]]], [[38, [14, 24, 26, 5]]], [[35, [35, 33, 40]]], [[41, [41, 36]]], [[44, [44, 30, 4]]], [[50, [50, 48, 37]]]]]",,,48.03652501402005,0,13,3.6153846153846154,,,,,,(not found),
519,test_data/data_demand_random_50_batch_all1_equal_random/C201_0.5.dat,4,90,4,578.0,"[[[[0, [3, 2, 1]], [5, [5]], [14, [14, 15, 10, 17]], [30, [30, 27, 16, 25]], [27, [39, 8, 23, 12]], [39, []], [15, []], [25, []], [47, [47, 48, 36, 41]], [3, []], [48, []], [23, []], [40, [40, 50, 33, 34]], [50, []], [33, []], [16, []], [8, []], [2, []], [10, []], [12, []], [1, []], [36, []], [49, [49, 42, 38, 20]], [41, []], [17, []], [34, []], [42, []], [38, []], [20, []]], [[0, [4]], [13, [13, 6, 7, 9]], [7, []], [19, [19, 21, 11]], [6, []], [46, [46, 37, 26, 24]], [37, []], [21, []], [4, []], [44, [44, 28, 32, 22]], [24, []], [26, []], [43, [43, 35, 18, 29]], [28, []], [35, []], [32, []], [22, []], [9, []], [18, []], [45, [45, 31]], [29, []], [11, []], [31, []]]], [[[5, [5]]], [[13, [13, 6, 7, 9]]], [[14, [14, 15, 10, 17]]], [[19, [19, 21, 11]]], [[30, [30, 27, 16, 25]]], [[27, [39, 8, 23, 12]]], [[46, [46, 37, 26, 24]]], [[47, [47, 48, 36, 41]]], [[44, [44, 28, 32, 22]]], [[40, [40, 50, 33, 34]]], [[43, [43, 35, 18, 29]]], [[45, [45, 31]]], [[49, [49, 42, 38, 20]]]]]",,,46.78282962727168,0,13,3.5384615384615383,,,,,,(not found),
520,test_data/data_demand_random_50_batch_all1_equal_random/C201_0.5.dat,4,120,1,,,678.6301869783294,"[[[[0, [9, 8, 2, 4]], [29, [29, 18, 11, 17]], [9, []], [18, []], [45, [45, 16, 21, 10]], [11, []], [17, []], [41, [41, 33, 40, 37]], [10, []], [2, []], [8, []], [16, []], [4, []], [33, []], [50, [50, 48, 44, 23]], [40, []], [21, []], [37, []], [48, []], [23, []], [44, []], [24, [24, 26, 20]], [26, []], [43, [43]], [20, []]], [[0, [3, 1, 6]], [13, [13, 19, 7, 14]], [19, []], [7, []], [6, []], [25, [25, 27, 15, 12]], [27, []], [3, []], [15, []], [47, [47, 35, 36, 34]], [39, [39, 49, 42, 22]], [46, [46, 28, 38, 32]], [38, []], [28, []], [35, []], [34, []], [12, []], [49, []], [36, []], [1, []], [42, []], [22, []], [32, []], [31, [31, 30, 5]], [14, []], [5, []], [30, []]]], [[[29, [29, 18, 11, 17]]], [[13, [13, 19, 7, 14]]], [[45, [45, 16, 21, 10]]], [[25, [25, 27, 15, 12]]], [[47, [47, 35, 36, 34]]], [[39, [39, 49, 42, 22]]], [[46, [46, 28, 38, 32]]], [[41, [41, 33, 40, 37]]], [[50, [50, 48, 44, 23]]], [[24, [24, 26, 20]]], [[43, [43]], [31, [31, 30, 5]]]]]",,,,,51.131840072529506,1,11,3.909090909090909,,,
521,test_data/data_demand_random_50_batch_all1_equal_random/C201_0.5.dat,4,120,3,558.3238075793812,"[[[[0, [12, 10, 1, 2, 4]], [22, [22, 17, 8, 16]], [32, [32, 33, 20]], [42, [42, 35, 34, 41]], [35, []], [34, []], [17, []], [41, []], [49, [49, 36, 44, 23]], [1, []], [36, []], [12, []], [10, []], [2, []], [8, [40, 21, 37, 24]], [16, []], [44, []], [4, []], [33, []], [50, [50, 48, 26, 28]], [40, []], [21, []], [23, []], [48, []], [37, []], [24, []], [26, []], [28, []], [20, []]], [[0, [7, 3]], [13, [13, 19, 6, 15]], [19, []], [7, []], [6, []], [47, [47, 18, 25, 27]], [25, []], [15, []], [3, []], [27, []], [39, [39, 46, 11]], [46, []], [31, [31, 38, 9, 5]], [9, []], [18, []], [45, [45, 29, 30, 14]], [29, []], [11, []], [14, []], [38, []], [43, [43]], [5, []], [30, []]]], [[[22, [22, 17, 8, 16]]], [[13, [13, 19, 6, 15]]], [[32, [32, 33, 20]]], [[42, [42, 35, 34, 41]]], [[47, [47, 18, 25, 27]]], [[49, [49, 36, 44, 23]]], [[39, [39, 46, 11]]], [[31, [31, 38, 9, 5]]], [[8, [40, 21, 37, 24]]], [[45, [45, 29, 30, 14]]], [[50, [50, 48, 26, 28]]], [[43, [43]]]]]",,,50.25397405928948,0,12,3.5833333333333335,,,,,,(not found),
522,test_data/data_demand_random_50_batch_all1_equal_random/C201_0.5.dat,4,120,4,549.3017113405589,"[[[[0, [1]], [11, [11, 10, 9]], [38, [38, 14, 18, 17]], [14, [29, 34, 12, 20]], [32, [32, 31, 41, 36]], [31, []], [9, []], [18, []], [45, [45, 42, 22, 30]], [29, []], [22, []], [42, []], [34, []], [41, []], [1, []], [36, []], [49, [49, 35, 43]], [12, []], [10, []], [17, []], [35, []], [43, []], [20, []], [30, []]], [[0, [4, 2, 3]], [13, [13, 7, 6, 15]], [19, [19, 24, 23, 25]], [7, []], [6, []], [25, []], [3, []], [15, []], [47, [47, 40, 21, 27]], [39, [39, 16, 26, 5]], [27, []], [46, [46, 37, 28, 8]], [24, []], [37, []], [48, [48, 50, 44, 33]], [23, []], [50, []], [40, []], [21, []], [44, []], [4, []], [33, []], [16, []], [8, []], [2, []], [28, []], [26, []], [5, []]]], [[[11, [11, 10, 9]]], [[13, [13, 7, 6, 15]]], [[19, [19, 24, 23, 25]]], [[38, [38, 14, 18, 17]]], [[14, [29, 34, 12, 20]]], [[32, [32, 31, 41, 36]]], [[47, [47, 40, 21, 27]]], [[39, [39, 16, 26, 5]]], [[45, [45, 42, 22, 30]]], [[46, [46, 37, 28, 8]]], [[48, [48, 50, 44, 33]]], [[49, [49, 35, 43]]]]]",643.1247837363769,"[[[[0, [1]], [11, [11, 9, 12, 10]], [38, [38, 14, 18, 17]], [14, []], [32, [32, 29, 34, 36]], [31, [31, 35]], [29, []], [18, []], [9, []], [45, [45, 42, 43, 41]], [22, [22, 20, 5]], [42, []], [34, []], [17, []], [10, []], [12, []], [41, []], [49, [49]], [1, []], [36, []], [35, []], [43, []], [5, []], [20, []]], [[0, [2, 4, 3]], [13, [13, 6, 15, 7]], [7, []], [19, [19, 24, 23, 27]], [6, []], [15, []], [27, []], [3, []], [47, [47, 25, 21, 8]], [25, []], [39, [39, 37, 16]], [46, [46, 30, 28, 33]], [24, []], [37, []], [48, [48, 50, 40, 26]], [23, []], [50, []], [40, []], [21, []], [44, [44]], [4, []], [33, []], [16, []], [8, []], [2, []], [28, []], [26, []], [30, []]]], [[[11, [11, 9, 12, 10]]], [[13, [13, 6, 15, 7]]], [[19, [19, 24, 23, 27]]], [[38, [38, 14, 18, 17]]], [[32, [32, 29, 34, 36]]], [[31, [31, 35]]], [[47, [47, 25, 21, 8]]], [[39, [39, 37, 16]]], [[46, [46, 30, 28, 33]]], [[45, [45, 42, 43, 41]]], [[48, [48, 50, 40, 26]]], [[44, [44]], [22, [22, 20, 5]]], [[49, [49]]]]]",45.232635015484135,0,12,3.8333333333333335,49.06871080226463,1,13,3.5384615384615383,,,
523,test_data/data_demand_random_50_batch_all1_equal_random/C201_0.5.dat,4,120,5,585.2210893875106,"[[[[0, [1, 2, 10, 8, 4]], [5, [5, 11, 9, 12]], [31, [31, 18, 16, 17]], [11, []], [45, [45, 29, 34, 33]], [18, []], [9, []], [29, []], [34, []], [17, []], [49, [49, 36, 41]], [1, []], [36, []], [41, []], [12, []], [10, []], [2, []], [8, []], [16, []], [40, [40, 50]], [50, []], [33, []], [4, []]], [[0, [3]], [13, [13, 6, 15, 7]], [7, []], [19, [19, 28, 24, 26]], [6, []], [15, []], [3, []], [47, [47, 30, 25, 21]], [25, []], [46, [46, 27, 38, 35]], [39, [39, 32, 42, 37]], [27, [14, 22, 23, 20]], [30, []], [38, []], [14, []], [32, []], [22, []], [42, []], [35, []], [28, []], [24, []], [37, []], [48, [48, 44, 43]], [23, []], [21, []], [44, []], [26, []], [43, []], [20, []]]], [[[5, [5, 11, 9, 12]]], [[13, [13, 6, 15, 7]]], [[19, [19, 28, 24, 26]]], [[31, [31, 18, 16, 17]]], [[45, [45, 29, 34, 33]]], [[47, [47, 30, 25, 21]]], [[46, [46, 27, 38, 35]]], [[39, [39, 32, 42, 37]]], [[27, [14, 22, 23, 20]]], [[48, [48, 44, 43]]], [[49, [49, 36, 41]]], [[40, [40, 50]]]]]",,,49.691281251285595,0,12,3.6666666666666665,,,,,,(not found),
524,test_data/data_demand_random_50_batch_all1_equal_random/C201_0.5.dat,8,60,1,554.0831891575846,"[[[[0, [4, 3]], [15, [15, 6, 7, 13]], [7, []], [6, [25, 27, 28, 19, 21, 23, 26, 20]], [13, []], [19, []], [25, []], [27, []], [20, []], [43, [43, 44, 33, 40, 37, 24]], [26, []], [28, []], [24, [50, 48, 47, 39, 46]], [44, []], [4, []], [33, []], [50, []], [40, []], [21, []], [37, []], [23, []], [48, []], [3, []], [47, []], [39, []], [46, []]], [[0, [1, 2]], [5, [5, 8, 10, 12, 16]], [16, []], [8, []], [2, []], [35, [35, 32, 49, 38, 30, 31, 29, 17]], [42, [42, 34, 41, 36, 45, 9, 11, 14]], [34, []], [17, []], [10, []], [12, []], [41, []], [49, []], [36, []], [1, []], [22, [22, 18]], [32, []], [9, []], [18, []], [45, []], [29, []], [11, []], [31, []], [14, []], [38, []], [30, []]]], [[[15, [15, 6, 7, 13]]], [[5, [5, 8, 10, 12, 16]]], [[6, [25, 27, 28, 19, 21, 23, 26, 20]]], [[35, [35, 32, 49, 38, 30, 31, 29, 17]]], [[42, [42, 34, 41, 36, 45, 9, 11, 14]]], [[22, [22, 18]]], [[43, [43, 44, 33, 40, 37, 24]]], [[24, [50, 48, 47, 39, 46]]]]]",,,43.13498588267195,0,8,5.75,,,,,,(not found),
525,test_data/data_demand_random_50_batch_all1_equal_random/C201_0.5.dat,8,60,3,531.7099202643649,"[[[[0, [4]], [3, [3, 15, 13, 6, 5, 16, 7]], [15, []], [6, [19, 25, 27, 24, 21, 23, 26, 20]], [13, []], [19, []], [7, []], [47, [47, 46, 39, 37, 40, 33, 28]], [25, []], [46, []], [39, []], [27, []], [24, [48, 50, 43, 44]], [21, []], [37, []], [48, []], [23, []], [40, []], [50, []], [33, []], [44, []], [4, []], [16, []], [28, []], [26, []], [43, []], [5, []], [20, []]], [[0, [2, 1]], [14, [14, 9, 18, 11, 22, 12, 17]], [31, [31, 29, 32, 10, 8]], [9, []], [18, []], [45, [45, 42, 35, 34, 38, 41, 36]], [29, []], [11, []], [22, []], [32, []], [42, [49, 30]], [34, []], [17, []], [41, []], [49, []], [36, []], [1, []], [12, []], [10, []], [8, []], [2, []], [35, []], [38, []], [30, []]]], [[[14, [14, 9, 18, 11, 22, 12, 17]]], [[3, [3, 15, 13, 6, 5, 16, 7]]], [[6, [19, 25, 27, 24, 21, 23, 26, 20]]], [[31, [31, 29, 32, 10, 8]]], [[47, [47, 46, 39, 37, 40, 33, 28]]], [[45, [45, 42, 35, 34, 38, 41, 36]]], [[42, [49, 30]]], [[24, [48, 50, 43, 44]]]]]",,,42.537640844290856,0,8,5.875,,,,,,(not found),
526,test_data/data_demand_random_50_batch_all1_equal_random/C201_0.5.dat,8,60,4,,,832.8245519633757,"[[[[0, [4, 3]], [20, [20, 6, 15, 16, 13, 7]], [15, [19, 27, 23, 28, 21, 24, 25, 30]], [7, []], [19, []], [13, []], [6, []], [47, [47, 48, 40, 37, 44, 33, 39]], [25, []], [39, []], [46, [46, 50]], [27, []], [3, []], [48, []], [23, []], [50, []], [40, []], [21, []], [37, []], [24, []], [44, []], [4, []], [33, []], [16, []], [28, []], [30, []]], [[0, []], [14, [14, 9, 18, 12, 10, 17, 11, 22]], [31, [31, 29, 8, 5]], [9, []], [18, []], [45, [45, 2, 1, 41, 35]], [29, []], [11, [34, 36, 49, 38, 32, 42, 26]], [22, []], [32, []], [42, []], [35, []], [34, []], [1, []], [36, []], [49, []], [41, []], [12, []], [10, []], [17, []], [2, []], [8, []], [38, []], [43, [43]], [26, []], [5, []]]], [[[14, [14, 9, 18, 12, 10, 17, 11, 22]]], [[20, [20, 6, 15, 16, 13, 7]]], [[15, [19, 27, 23, 28, 21, 24, 25, 30]]], [[31, [31, 29, 8, 5]]], [[45, [45, 2, 1, 41, 35]]], [[11, [34, 36, 49, 38, 32, 42, 26]]], [[47, [47, 48, 40, 37, 44, 33, 39]]], [[43, [43]], [46, [46, 50]]]]]",,,,,37.7366319779234,1,8,6.0,,,
527,test_data/data_demand_random_50_batch_all1_equal_random/C201_0.5.dat,8,90,1,540.0,"[[[[0, [2, 1]], [14, [14, 8, 12, 10, 11, 9]], [2, []], [8, []], [38, [38, 42, 36, 41, 17, 22, 29, 18]], [42, []], [1, []], [36, []], [49, [49, 34, 35, 32, 31]], [41, []], [12, []], [10, []], [17, []], [34, []], [35, []], [32, []], [22, []], [11, []], [29, []], [45, [45]], [18, []], [9, []], [31, []]], [[0, [4, 3]], [13, [13, 6, 7, 16, 5, 15]], [19, [19, 26, 25, 20]], [7, []], [6, [28, 21, 23, 24, 30, 33, 37, 27]], [15, []], [30, []], [20, []], [5, []], [43, [43, 40, 50, 44, 48, 47, 39, 46]], [26, []], [28, []], [16, []], [4, []], [40, []], [50, []], [33, []], [44, []], [21, []], [23, []], [48, []], [37, []], [24, []], [3, []], [25, []], [47, []], [27, []], [39, []], [46, []]]], [[[14, [14, 8, 12, 10, 11, 9]]], [[13, [13, 6, 7, 16, 5, 15]]], [[19, [19, 26, 25, 20]]], [[6, [28, 21, 23, 24, 30, 33, 37, 27]]], [[38, [38, 42, 36, 41, 17, 22, 29, 18]]], [[43, [43, 40, 50, 44, 48, 47, 39, 46]]], [[49, [49, 34, 35, 32, 31]]], [[45, [45]]]]]",,,49.16672195843105,0,8,5.75,,,,,,(not found),
528,test_data/data_demand_random_50_batch_all1_equal_random/C201_0.5.dat,8,90,2,514.3196390341409,"[[[[0, [1, 11]], [29, [29, 22, 12, 17, 18, 16, 9, 8]], [9, []], [18, []], [45, [45, 31, 32, 2, 36, 10, 34, 42]], [11, []], [31, []], [32, []], [22, []], [42, [49, 41, 35, 28, 43, 30]], [1, []], [36, []], [49, []], [41, []], [12, []], [10, []], [17, []], [34, []], [35, []], [2, []], [8, []], [16, []], [28, []], [43, []], [30, []]], [[0, [3, 4]], [5, [5, 7]], [3, []], [15, [15, 19, 13, 6, 14]], [7, []], [19, []], [13, []], [6, []], [47, [47, 46, 39, 27, 40, 50, 44, 23]], [25, [26, 20, 25, 21, 24]], [46, []], [39, []], [27, []], [48, [48, 37, 33, 38]], [23, []], [37, []], [21, []], [40, []], [50, []], [33, []], [4, []], [44, []], [24, []], [26, []], [20, []], [38, []], [14, []]]], [[[29, [29, 22, 12, 17, 18, 16, 9, 8]]], [[5, [5, 7]]], [[15, [15, 19, 13, 6, 14]]], [[45, [45, 31, 32, 2, 36, 10, 34, 42]]], [[47, [47, 46, 39, 27, 40, 50, 44, 23]]], [[25, [26, 20, 25, 21, 24]]], [[42, [49, 41, 35, 28, 43, 30]]], [[48, [48, 37, 33, 38]]]]]",,,46.71458849171121,0,8,5.75,,,,,,(not found),
529,test_data/data_demand_random_50_batch_all1_equal_random/C201_0.5.dat,8,90,3,530.313207915828,"[[[[0, [3, 1]], [5, [5, 15, 14, 10, 12, 11, 9]], [3, []], [15, []], [46, [46, 32, 35, 34, 17, 22, 29, 18]], [14, []], [32, []], [35, []], [34, []], [17, []], [10, []], [12, []], [41, [41, 49, 36, 42, 45, 31]], [49, []], [36, []], [1, []], [42, []], [22, []], [11, []], [29, []], [45, []], [18, []], [9, []], [31, []]], [[0, [2, 4]], [13, [13, 6, 7, 8, 16]], [19, [19, 25, 27, 30, 20, 28, 23]], [7, []], [6, []], [25, []], [47, [47, 38, 43, 44, 33, 40, 37, 39]], [39, []], [27, []], [30, []], [38, []], [20, []], [43, []], [28, []], [2, []], [8, []], [16, []], [44, []], [4, []], [33, []], [50, [50, 24, 26, 21, 48]], [40, []], [23, []], [48, []], [21, []], [37, []], [24, []], [26, []]]], [[[5, [5, 15, 14, 10, 12, 11, 9]]], [[13, [13, 6, 7, 8, 16]]], [[19, [19, 25, 27, 30, 20, 28, 23]]], [[46, [46, 32, 35, 34, 17, 22, 29, 18]]], [[47, [47, 38, 43, 44, 33, 40, 37, 39]]], [[50, [50, 24, 26, 21, 48]]], [[41, [41, 49, 36, 42, 45, 31]]]]]",,,53.04785340760792,0,7,6.571428571428571,,,,,,(not found),
530,test_data/data_demand_random_50_batch_all1_equal_random/C201_0.5.dat,8,90,4,540.3112887414927,"[[[[0, [1, 2, 4, 3]], [3, [12, 10, 8, 5]], [5, []], [1, []], [49, [49, 36, 41, 34, 16, 23, 21, 24]], [36, []], [41, []], [12, []], [10, []], [17, [17, 26, 28, 30]], [34, []], [35, [35, 33, 40, 37, 50, 48, 44]], [2, []], [8, []], [16, []], [4, []], [33, []], [50, []], [40, []], [23, []], [48, []], [37, []], [21, []], [44, []], [24, []], [26, []], [28, []], [30, []]], [[0, []], [13, [13, 14, 15, 9, 11, 7, 6]], [7, []], [19, [19, 27, 25, 18, 29, 22, 20]], [6, []], [15, []], [27, []], [39, [39, 46, 47, 32, 31, 42, 38]], [25, []], [47, []], [46, []], [14, []], [32, []], [31, []], [9, []], [18, []], [45, [45, 43]], [29, []], [11, []], [22, []], [42, []], [38, []], [20, []], [43, []]]], [[[13, [13, 14, 15, 9, 11, 7, 6]]], [[3, [12, 10, 8, 5]]], [[19, [19, 27, 25, 18, 29, 22, 20]]], [[49, [49, 36, 41, 34, 16, 23, 21, 24]]], [[39, [39, 46, 47, 32, 31, 42, 38]]], [[17, [17, 26, 28, 30]]], [[35, [35, 33, 40, 37, 50, 48, 44]]], [[45, [45, 43]]]]]",,,56.81430296221551,0,8,5.75,,,,,,(not found),
531,test_data/data_demand_random_50_batch_all1_equal_random/C201_0.5.dat,8,90,5,527.1655250605965,"[[[[0, [2, 12]], [20, [20, 8, 17, 1, 11, 9, 10, 18]], [8, []], [2, []], [17, []], [10, []], [12, []], [41, [41, 49, 36, 34, 38, 14, 22, 31]], [49, []], [1, []], [36, []], [34, []], [35, [35, 42, 32, 29, 45]], [42, []], [38, []], [14, []], [32, []], [22, []], [11, []], [29, []], [45, []], [18, []], [9, []], [31, []]], [[0, [4, 3]], [13, [13, 7, 6, 16, 5, 15]], [7, []], [19, [19, 28, 21, 23, 24, 25, 26, 27]], [6, []], [25, []], [47, [47, 39, 46, 33, 40, 37, 30]], [15, []], [3, []], [27, []], [39, []], [46, []], [43, [43, 50, 44, 48]], [28, []], [16, []], [33, []], [50, []], [40, []], [4, []], [44, []], [21, []], [23, []], [48, []], [37, []], [24, []], [26, []], [5, []], [30, []]]], [[[13, [13, 7, 6, 16, 5, 15]]], [[20, [20, 8, 17, 1, 11, 9, 10, 18]]], [[19, [19, 28, 21, 23, 24, 25, 26, 27]]], [[47, [47, 39, 46, 33, 40, 37, 30]]], [[41, [41, 49, 36, 34, 38, 14, 22, 31]]], [[35, [35, 42, 32, 29, 45]]], [[43, [43, 50, 44, 48]]]]]",614.5190310764958,"[[[[0, [1]], [13, [13, 7, 6, 15, 10, 12, 14]], [19, [19, 25, 24, 26]], [7, []], [6, []], [15, []], [39, [39, 47, 43, 34, 41, 36, 42, 38]], [25, []], [47, []], [46, [46, 49, 28, 17, 20, 30]], [24, []], [26, []], [43, []], [28, []], [17, []], [34, []], [10, []], [12, []], [41, []], [49, []], [36, []], [1, []], [42, []], [14, []], [38, []], [20, []], [30, []]], [[0, [3, 4, 2]], [5, [5, 16, 8, 11, 9]], [3, []], [27, [27, 23, 21, 22, 29, 18]], [23, []], [48, [48, 40, 50, 33, 37, 35, 32, 31]], [37, []], [21, []], [40, []], [50, []], [33, []], [4, []], [44, [44, 45]], [16, []], [8, []], [2, []], [35, []], [32, []], [22, []], [11, []], [29, []], [45, []], [18, []], [9, []], [31, []]]], [[[13, [13, 7, 6, 15, 10, 12, 14]]], [[5, [5, 16, 8, 11, 9]]], [[19, [19, 25, 24, 26]]], [[27, [27, 23, 21, 22, 29, 18]]], [[39, [39, 47, 43, 34, 41, 36, 42, 38]]], [[48, [48, 40, 50, 33, 37, 35, 32, 31]]], [[44, [44, 45]], [46, [46, 49, 28, 17, 20, 30]]]]]",49.15201658371052,0,7,6.571428571428571,52.06281828112627,1,7,6.571428571428571,,,
532,test_data/data_demand_random_50_batch_all1_equal_random/C201_0.5.dat,8,120,2,501.0,"[[[[0, [4, 3]], [13, [13, 6, 15, 7]], [19, [19, 24, 23, 21, 16, 25]], [7, []], [6, []], [15, []], [3, []], [25, []], [47, [47, 39, 46, 33, 40, 37, 28, 27]], [27, []], [39, []], [46, []], [24, []], [4, []], [33, []], [50, [50, 48, 44, 43, 26]], [40, []], [23, []], [48, []], [37, []], [21, []], [44, []], [16, []], [28, []], [26, []], [43, []]], [[0, [2, 1]], [5, [5, 8, 11, 12, 10]], [8, []], [2, []], [35, [35, 34, 29, 18, 22, 9, 14, 17]], [34, []], [17, []], [10, []], [12, []], [41, [41, 49, 42, 45, 32, 31, 36, 20]], [49, []], [36, []], [1, []], [42, []], [32, []], [22, []], [11, []], [29, []], [45, []], [18, []], [9, []], [31, []], [14, []], [38, [38, 30]], [20, []], [30, []]]], [[[5, [5, 8, 11, 12, 10]]], [[13, [13, 6, 15, 7]]], [[19, [19, 24, 23, 21, 16, 25]]], [[35, [35, 34, 29, 18, 22, 9, 14, 17]]], [[41, [41, 49, 42, 45, 32, 31, 36, 20]]], [[47, [47, 39, 46, 33, 40, 37, 28, 27]]], [[38, [38, 30]]], [[50, [50, 48, 44, 43, 26]]]]]",,,52.660562564908474,0,8,5.75,,,,,,(not found),
533,test_data/data_demand_random_50_batch_all1_equal_random/C201_0.5.dat,8,120,3,,,553.3286219142786,"[[[[0, [3, 2, 1, 4]], [15, [15, 10, 8, 16, 12]], [3, []], [38, [38, 28, 17, 23, 24, 26, 20, 21]], [28, []], [17, []], [41, [41, 40, 33, 30, 36, 37]], [49, [49, 44, 50, 48]], [36, []], [1, []], [12, []], [10, []], [2, []], [8, []], [16, []], [4, []], [44, []], [33, []], [50, []], [40, []], [23, []], [48, []], [37, []], [21, []], [24, []], [26, []], [20, []], [30, []]], [[0, []], [13, [13, 6, 7, 5, 11, 9, 14]], [7, []], [19, [19, 25, 27, 29, 18, 22]], [6, []], [25, [32, 31]], [47, [42, 47, 39, 35, 34, 43, 46, 45]], [39, []], [27, []], [46, []], [5, []], [43, []], [35, []], [34, []], [42, []], [22, []], [32, []], [9, []], [18, []], [45, []], [29, []], [11, []], [31, []], [14, []]]], [[[15, [15, 10, 8, 16, 12]]], [[13, [13, 6, 7, 5, 11, 9, 14]]], [[19, [19, 25, 27, 29, 18, 22]]], [[38, [38, 28, 17, 23, 24, 26, 20, 21]]], [[25, [32, 31]], [41, [41, 40, 33, 30, 36, 37]]], [[47, [42, 47, 39, 35, 34, 43, 46, 45]]], [[49, [49, 44, 50, 48]]]]]",,,,,59.84501992929669,1,7,6.571428571428571,,,
534,test_data/data_demand_random_50_batch_all1_equal_random/C201_0.5.dat,8,120,4,542.0483493925201,"[[[[0, [2, 1]], [5, [5]], [8, [8, 11, 9, 12, 10]], [2, []], [42, [42, 32, 22, 17, 29, 18, 26]], [11, []], [29, []], [45, [45, 31, 41, 35, 34, 36, 30, 28]], [18, []], [9, []], [31, []], [32, []], [22, []], [1, []], [36, []], [49, [49, 43]], [41, []], [12, []], [10, []], [17, []], [34, []], [35, []], [28, []], [26, []], [43, []], [30, []]], [[0, [3]], [13, [13, 15, 19, 7, 6, 16, 4, 14]], [19, []], [7, []], [6, []], [46, [46, 47, 39, 37, 27, 25, 33, 20]], [39, []], [27, []], [47, []], [25, []], [15, [48, 24, 23, 40, 50, 44, 21, 38]], [3, []], [23, []], [40, []], [50, []], [33, []], [16, []], [4, []], [44, []], [21, []], [48, []], [37, []], [24, []], [20, []], [38, []], [14, []]]], [[[5, [5]]], [[13, [13, 15, 19, 7, 6, 16, 4, 14]]], [[8, [8, 11, 9, 12, 10]]], [[42, [42, 32, 22, 17, 29, 18, 26]]], [[46, [46, 47, 39, 37, 27, 25, 33, 20]]], [[15, [48, 24, 23, 40, 50, 44, 21, 38]]], [[45, [45, 31, 41, 35, 34, 36, 30, 28]]], [[49, [49, 43]]]]]",641.4934125375851,"[[[[0, [3, 4, 2]], [6, [6, 15, 16, 8, 14, 5]], [15, []], [3, []], [27, [27, 24, 21, 23, 28, 22, 20, 26]], [46, [46, 37, 40, 33, 35, 32, 38, 30]], [20, []], [43, [43]], [5, []], [26, []], [24, []], [37, []], [21, []], [48, [48, 50, 44]], [23, []], [40, []], [50, []], [33, []], [4, []], [44, []], [28, []], [16, []], [8, []], [2, []], [35, []], [32, []], [22, []], [14, []], [38, []], [30, []]], [[0, []], [19, [19, 13, 7, 10, 12, 9, 11, 1]], [13, []], [7, []], [39, [39, 47, 25, 34, 17, 29, 18]], [25, []], [47, []], [34, []], [17, []], [10, []], [12, []], [41, [41, 49, 36, 42, 45, 31]], [49, []], [36, []], [1, []], [42, []], [29, []], [45, []], [18, []], [9, []], [11, []], [31, []]]], [[[19, [19, 13, 7, 10, 12, 9, 11, 1]]], [[6, [6, 15, 16, 8, 14, 5]]], [[27, [27, 24, 21, 23, 28, 22, 20, 26]]], [[46, [46, 37, 40, 33, 35, 32, 38, 30]]], [[43, [43]], [39, [39, 47, 25, 34, 17, 29, 18]]], [[48, [48, 50, 44]]], [[41, [41, 49, 36, 42, 45, 31]]]]]",50.97442954451961,0,8,5.875,52.30005862596516,1,7,6.714285714285714,,,
535,test_data/data_demand_random_50_batch_all1_equal_random/C201_0.5.dat,8,120,5,538.05551275464,"[[[[0, [4, 1]], [14, [14, 22, 17, 10, 8, 16, 12, 2]], [22, []], [1, []], [12, []], [41, [41, 49, 36, 34, 33, 40, 23, 21]], [49, []], [36, []], [34, []], [17, []], [10, []], [2, []], [8, []], [16, []], [4, []], [44, [44, 50, 48, 37, 24, 27, 25]], [33, []], [50, []], [40, []], [23, []], [48, []], [21, []], [37, []], [24, []], [27, []], [39, [39, 47, 46]], [47, []], [25, []], [46, []]], [[0, []], [13, [13, 3, 15, 6, 7, 5, 11, 9]], [7, []], [19, [19, 20, 26, 28, 29, 18, 30]], [6, []], [15, []], [3, []], [43, [43, 35, 42, 45, 31, 32, 38]], [20, []], [5, []], [26, []], [28, []], [35, []], [42, []], [11, []], [29, []], [45, []], [18, []], [9, []], [31, []], [32, []], [38, []], [30, []]]], [[[14, [14, 22, 17, 10, 8, 16, 12, 2]]], [[13, [13, 3, 15, 6, 7, 5, 11, 9]]], [[19, [19, 20, 26, 28, 29, 18, 30]]], [[41, [41, 49, 36, 34, 33, 40, 23, 21]]], [[43, [43, 35, 42, 45, 31, 32, 38]]], [[44, [44, 50, 48, 37, 24, 27, 25]]], [[39, [39, 47, 46]]]]]",565.0,"[[[[0, [4, 2, 3]], [14, [14, 12, 10, 8, 16, 1]], [1, []], [12, []], [41, [41, 49, 36, 34, 33, 40, 23, 21]], [49, []], [36, []], [34, []], [10, []], [17, [17, 24, 25]], [2, []], [8, []], [16, []], [4, []], [44, [44, 50, 48, 37, 39, 47, 46]], [33, []], [50, []], [40, []], [23, []], [48, []], [21, []], [37, []], [24, []], [3, []], [39, []], [47, []], [25, []], [46, []]], [[0, []], [13, [13, 15, 6, 7, 5, 11]], [19, [19, 26, 9, 20]], [7, []], [6, [28, 22, 29, 18, 27, 31, 32, 35]], [15, []], [27, []], [38, [38, 42, 45, 30]], [20, []], [5, []], [26, []], [28, []], [42, []], [22, []], [11, []], [29, []], [45, []], [18, []], [9, []], [31, []], [32, []], [35, []], [43, [43]], [30, []]]], [[[14, [14, 12, 10, 8, 16, 1]]], [[13, [13, 15, 6, 7, 5, 11]]], [[19, [19, 26, 9, 20]]], [[6, [28, 22, 29, 18, 27, 31, 32, 35]]], [[41, [41, 49, 36, 34, 33, 40, 23, 21]]], [[38, [38, 42, 45, 30]], [17, [17, 24, 25]]], [[43, [43]]], [[44, [44, 50, 48, 37, 39, 47, 46]]]]]",50.59235843923388,0,7,6.857142857142857,55.93494088048714,1,8,5.875,,,
536,test_data/data_demand_random_50_batch_all1_equal_cluster/C201_1.5.dat,4,90,1,751.0483493925201,"[[[[0, [6, 7, 2]], [6, []], [9, [9, 10, 13, 12]], [10, []], [13, []], [12, []], [11, [11, 16, 22, 24]], [16, []], [7, []], [2, []], [22, []], [24, []], [23, [23, 29, 30]], [35, [35, 36, 42, 41]], [36, []], [50, [50, 49, 40, 37]], [49, []], [42, []], [41, []], [40, []], [37, []], [38, [38, 39, 48, 46]], [39, []], [48, []], [46, []], [30, []], [29, []]], [[0, [8, 5, 4, 1, 3]], [8, []], [5, []], [4, []], [1, []], [17, [17, 18, 21, 19]], [18, []], [21, []], [19, []], [20, [20, 14, 15]], [34, [34, 32, 33, 28]], [32, []], [33, []], [45, [45, 44, 43, 31]], [44, []], [43, []], [14, []], [15, []], [28, []], [31, []], [47, [47, 27, 26, 25]], [27, []], [26, []], [25, []], [3, []]]], [[[9, [9, 10, 13, 12]]], [[17, [17, 18, 21, 19]]], [[11, [11, 16, 22, 24]]], [[20, [20, 14, 15]]], [[23, [23, 29, 30]]], [[34, [34, 32, 33, 28]]], [[35, [35, 36, 42, 41]]], [[45, [45, 44, 43, 31]]], [[50, [50, 49, 40, 37]]], [[38, [38, 39, 48, 46]]], [[47, [47, 27, 26, 25]]]]]",,,53.83997546664598,0,11,3.8181818181818183,,,,,,(not found),
537,test_data/data_demand_random_50_batch_all1_equal_cluster/C201_1.5.dat,4,90,2,749.3573373083088,"[[[[0, [1, 5, 6]], [16, [16, 14, 13, 11]], [11, []], [14, []], [13, []], [9, [9, 19, 20, 17]], [1, []], [5, []], [6, []], [19, []], [20, []], [21, [21, 18, 15, 12]], [17, []], [32, [32, 33, 34, 35]], [33, []], [34, []], [35, []], [18, []], [45, [45, 44, 43]], [44, []], [43, []], [12, []], [15, []]], [[0, [8, 7, 3, 2, 4]], [8, []], [7, []], [10, [10]], [3, [22, 23, 24]], [2, []], [4, []], [25, [25, 31, 30, 28]], [28, []], [31, []], [30, []], [29, [29, 27, 26]], [27, []], [26, []], [22, [36]], [23, []], [24, []], [42, [42, 37, 38, 39]], [36, []], [50, [50, 41, 49]], [49, []], [41, []], [40, [40, 46, 47, 48]], [37, []], [38, []], [39, []], [46, []], [47, []], [48, []]]], [[[16, [16, 14, 13, 11]]], [[10, [10]]], [[9, [9, 19, 20, 17]]], [[3, [22, 23, 24]]], [[21, [21, 18, 15, 12]]], [[25, [25, 31, 30, 28]]], [[29, [29, 27, 26]]], [[22, [36]]], [[32, [32, 33, 34, 35]]], [[42, [42, 37, 38, 39]]], [[50, [50, 41, 49]]], [[40, [40, 46, 47, 48]]], [[45, [45, 44, 43]]]]]",,,52.39318741540376,0,13,3.230769230769231,,,,,,(not found),
538,test_data/data_demand_random_50_batch_all1_equal_cluster/C201_1.5.dat,4,90,4,,,803.0688837074972,"[[[[0, [1]], [11, [11, 13, 15, 10]], [13, []], [14, [14]], [15, []], [10, []], [9, [9, 18]], [18, []], [17, [17, 24, 21, 30]], [33, [33, 32, 34, 35]], [32, []], [34, []], [35, []], [24, []], [42, [42, 36, 41, 40]], [21, []], [36, []], [50, [50, 49, 37, 38]], [49, []], [41, []], [40, []], [37, []], [38, []], [39, [39, 48, 47, 46]], [48, []], [47, []], [46, []], [30, []], [29, [29]], [1, []]], [[0, [3, 2, 4, 7, 8]], [2, []], [7, []], [12, [12, 16, 6]], [5, [5]], [4, []], [22, [22, 20, 19, 23]], [6, [31, 27]], [26, [26, 28, 25]], [28, []], [31, []], [27, []], [25, []], [3, []], [20, []], [19, []], [23, []], [8, []], [16, []], [43, [43, 44, 45]], [44, []], [45, []]]], [[[11, [11, 13, 15, 10]]], [[12, [12, 16, 6]], [14, [14]]], [[5, [5]]], [[9, [9, 18]]], [[22, [22, 20, 19, 23]]], [[6, [31, 27]]], [[17, [17, 24, 21, 30]]], [[26, [26, 28, 25]]], [[33, [33, 32, 34, 35]]], [[42, [42, 36, 41, 40]]], [[43, [43, 44, 45]]], [[50, [50, 49, 37, 38]]], [[39, [39, 48, 47, 46]]], [[29, [29]]]]]",,,,,53.85420119922353,1,14,3.142857142857143,,,
539,test_data/data_demand_random_50_batch_all1_equal_cluster/C201_1.5.dat,4,90,5,746.3112887414927,"[[[[0, [5, 3]], [5, []], [3, []], [10, [10, 15, 9, 14]], [15, []], [9, []], [14, []], [16, [16, 12, 11, 19]], [12, []], [11, []], [19, []], [20, [20, 22, 31, 28]], [22, []], [37, [37, 38, 39]], [38, []], [39, []], [48, [48, 47, 46, 13]], [47, []], [46, []], [31, []], [28, []], [13, []], [43, [43, 44, 45]], [44, []], [45, []]], [[0, [6, 7, 1, 2]], [8, [8, 4]], [4, []], [6, []], [7, []], [1, []], [2, []], [30, [30, 29, 27, 26]], [29, []], [27, []], [26, []], [25, [25, 24, 23, 21]], [41, [41, 40, 42, 36]], [40, []], [24, []], [23, []], [42, []], [36, []], [49, [49, 50, 35, 18]], [50, []], [21, []], [18, []], [35, []], [34, [34, 33, 32, 17]], [33, []], [32, []], [17, []]]], [[[8, [8, 4]]], [[10, [10, 15, 9, 14]]], [[16, [16, 12, 11, 19]]], [[20, [20, 22, 31, 28]]], [[30, [30, 29, 27, 26]]], [[25, [25, 24, 23, 21]]], [[41, [41, 40, 42, 36]]], [[37, [37, 38, 39]]], [[48, [48, 47, 46, 13]]], [[49, [49, 50, 35, 18]]], [[34, [34, 33, 32, 17]]], [[43, [43, 44, 45]]]]]",862.5548037978614,"[[[[0, [6, 4, 3, 2, 1, 7]], [7, []], [6, []], [4, []], [3, []], [2, []], [15, [15, 16, 11, 13]], [16, []], [11, []], [13, []], [14, [14, 21, 20, 23]], [25, [25, 24, 31]], [1, []], [21, []], [20, []], [23, []], [24, []], [42, [42, 41, 40, 37]], [41, []], [40, []], [37, []], [38, [38, 39, 48, 47]], [39, []], [48, []], [47, []], [46, [46, 43, 44, 45]], [31, []], [43, []], [44, []], [45, []]], [[0, [5, 8]], [8, []], [9, [9, 10, 12, 19]], [10, []], [12, []], [28, [28, 27, 26, 30]], [27, []], [26, []], [30, []], [29, [29]], [5, [36, 22, 18]], [36, []], [19, []], [22, []], [49, [49, 50, 35, 33]], [50, []], [35, []], [33, []], [32, [32, 34, 17]], [34, []], [18, []], [17, []]]], [[[9, [9, 10, 12, 19]]], [[15, [15, 16, 11, 13]]], [[14, [14, 21, 20, 23]]], [[28, [28, 27, 26, 30]]], [[29, [29]], [25, [25, 24, 31]]], [[5, [36, 22, 18]]], [[42, [42, 41, 40, 37]]], [[38, [38, 39, 48, 47]]], [[49, [49, 50, 35, 33]]], [[46, [46, 43, 44, 45]]], [[32, [32, 34, 17]]]]]",57.06388514174983,0,12,3.6666666666666665,57.825429753398474,1,11,3.8181818181818183,,,
540,test_data/data_demand_random_50_batch_all1_equal_cluster/C201_1.5.dat,4,120,4,,,811.5034840343212,"[[[[0, [1, 2, 7, 5, 4, 3]], [4, []], [1, []], [2, []], [7, []], [10, [10, 13, 14, 16]], [16, []], [3, []], [5, []], [25, [25, 27, 28, 30]], [29, [29]], [27, []], [28, []], [31, [31, 26]], [38, [38]], [30, [48, 47, 46]], [48, []], [47, []], [46, []], [26, []], [13, []], [14, []], [43, [43, 44, 45]], [44, []], [45, []]], [[0, [6, 8]], [6, []], [15, [15, 11, 9]], [11, []], [12, [12]], [9, [17, 20, 22]], [8, []], [17, []], [20, []], [19, [19, 23, 24]], [23, []], [24, []], [22, []], [39, [39, 37, 40, 41]], [37, []], [40, []], [41, []], [42, [42, 49, 50, 36]], [49, []], [50, []], [36, []], [21, [21, 18]], [33, [33, 32, 34, 35]], [32, []], [34, []], [35, []], [18, []]]], [[[15, [15, 11, 9]]], [[10, [10, 13, 14, 16]]], [[12, [12]]], [[9, [17, 20, 22]]], [[25, [25, 27, 28, 30]]], [[29, [29]], [19, [19, 23, 24]]], [[31, [31, 26]]], [[39, [39, 37, 40, 41]]], [[38, [38]]], [[30, [48, 47, 46]]], [[42, [42, 49, 50, 36]]], [[21, [21, 18]]], [[33, [33, 32, 34, 35]]], [[43, [43, 44, 45]]]]]",,,,,57.03388236659312,1,14,3.0,,,
541,test_data/data_demand_random_50_batch_all1_equal_cluster/C201_1.5.dat,4,120,5,,,818.4863410447249,"[[[[0, [8]], [22, [22, 11, 12, 16]], [24, [24, 23, 18, 17]], [23, []], [18, []], [20, [20]], [8, []], [11, [35, 33, 32]], [12, []], [16, []], [43, [43, 34, 44, 45]], [44, []], [45, []], [35, []], [34, []], [33, []], [32, []], [17, []]], [[0, [1, 4, 5, 3, 6, 7, 2]], [7, []], [2, []], [5, []], [6, []], [15, [15, 9]], [14, [14, 10, 13]], [10, []], [13, []], [3, []], [1, []], [4, []], [25, [25, 28, 31, 27]], [28, []], [31, []], [27, []], [30, [30, 26, 36]], [29, [29, 21, 19]], [26, []], [9, []], [47, [47, 46, 39, 48]], [46, []], [48, []], [39, []], [38, [38, 37, 40, 41]], [37, []], [40, []], [41, []], [42, [42, 49, 50]], [49, []], [50, []], [36, []], [21, []], [19, []]]], [[[15, [15, 9]]], [[14, [14, 10, 13]]], [[22, [22, 11, 12, 16]]], [[24, [24, 23, 18, 17]]], [[25, [25, 28, 31, 27]]], [[30, [30, 26, 36]]], [[29, [29, 21, 19]], [20, [20]]], [[47, [47, 46, 39, 48]]], [[11, [35, 33, 32]]], [[43, [43, 34, 44, 45]]], [[38, [38, 37, 40, 41]]], [[42, [42, 49, 50]]]]]",,,,,61.51778310790868,1,12,3.5,,,
542,test_data/data_demand_random_50_batch_all1_equal_cluster/C201_1.5.dat,8,90,1,741.3112887414927,"[[[[0, [1, 7, 3]], [11, [11, 12, 22, 17, 18, 19, 20, 21]], [12, []], [7, []], [22, []], [17, []], [32, [32, 33, 34, 35, 36, 23]], [33, []], [34, []], [35, [24]], [18, []], [19, []], [20, []], [21, [42, 41, 50, 49, 40, 37, 38, 39]], [23, []], [36, []], [50, []], [49, []], [42, []], [41, []], [24, []], [40, []], [37, []], [38, []], [39, []], [3, []], [1, []]], [[0, [2, 5, 4, 6, 8]], [8, []], [2, []], [6, []], [5, []], [4, []], [10, [10, 16, 13, 15, 9, 14]], [16, []], [13, []], [9, []], [29, [29, 31, 27, 26, 28, 30, 25]], [31, []], [30, []], [25, []], [48, [48, 47, 46, 43, 44, 45]], [47, []], [46, []], [27, []], [26, []], [28, []], [15, []], [14, []], [43, []], [44, []], [45, []]]], [[[11, [11, 12, 22, 17, 18, 19, 20, 21]]], [[10, [10, 16, 13, 15, 9, 14]]], [[29, [29, 31, 27, 26, 28, 30, 25]]], [[32, [32, 33, 34, 35, 36, 23]]], [[35, [24]]], [[21, [42, 41, 50, 49, 40, 37, 38, 39]]], [[48, [48, 47, 46, 43, 44, 45]]]]]",,,52.923675792230725,0,7,6.0,,,,,,(not found),
543,test_data/data_demand_random_50_batch_all1_equal_cluster/C201_1.5.dat,8,90,2,744.3573373083088,"[[[[0, [7, 8, 5, 6]], [7, []], [8, []], [5, [17, 18, 19]], [6, []], [17, []], [18, []], [19, []], [32, [32, 33, 34, 35, 20, 21, 27, 26]], [33, []], [34, []], [35, []], [20, []], [21, []], [36, [36, 42, 41, 40, 37, 38, 39, 25]], [50, [50, 49, 48, 47, 46]], [49, []], [42, []], [41, []], [40, []], [37, []], [38, []], [39, []], [48, []], [47, []], [46, []], [27, []], [26, []], [25, []]], [[0, [1, 2, 4, 3]], [1, []], [2, []], [4, []], [3, []], [10, [10, 13, 14, 12, 11, 9]], [13, []], [14, []], [12, []], [11, []], [9, [22, 24]], [22, []], [24, []], [23, [23, 31, 29, 30, 28, 16, 15]], [31, []], [29, []], [30, []], [28, []], [16, []], [45, [45, 44, 43]], [44, []], [43, []], [15, []]]], [[[5, [17, 18, 19]]], [[10, [10, 13, 14, 12, 11, 9]]], [[9, [22, 24]]], [[23, [23, 31, 29, 30, 28, 16, 15]]], [[32, [32, 33, 34, 35, 20, 21, 27, 26]]], [[36, [36, 42, 41, 40, 37, 38, 39, 25]]], [[50, [50, 49, 48, 47, 46]]], [[45, [45, 44, 43]]]]]",,,53.05654193822361,0,8,5.25,,,,,,(not found),
544,test_data/data_demand_random_50_batch_all1_equal_cluster/C201_1.5.dat,8,90,3,744.3573373083088,"[[[[0, [8]], [9, [9, 12]], [12, []], [20, [20, 16]], [21, [21, 22, 17, 18, 19]], [22, []], [17, []], [18, []], [32, [32, 33, 34, 35, 36]], [33, []], [34, []], [35, []], [36, []], [19, []], [8, []], [16, []], [43, [43, 44, 45]], [44, []], [45, []]], [[0, [7, 2, 4, 5, 1, 3, 6]], [7, []], [2, []], [4, []], [15, [15, 11, 13, 10, 14]], [11, []], [13, []], [10, []], [14, []], [6, []], [1, []], [3, []], [25, [25, 28, 31, 26, 27, 30, 29]], [28, []], [31, []], [26, []], [27, []], [30, []], [29, []], [38, [38, 37, 42, 41, 40, 39, 24, 23]], [37, []], [24, []], [23, []], [50, [50, 49, 46, 47, 48]], [49, []], [42, []], [41, []], [40, []], [39, []], [46, []], [47, []], [48, []], [5, []]]], [[[9, [9, 12]]], [[15, [15, 11, 13, 10, 14]]], [[20, [20, 16]]], [[21, [21, 22, 17, 18, 19]]], [[25, [25, 28, 31, 26, 27, 30, 29]]], [[32, [32, 33, 34, 35, 36]]], [[38, [38, 37, 42, 41, 40, 39, 24, 23]]], [[43, [43, 44, 45]]], [[50, [50, 49, 46, 47, 48]]]]]",,,51.563766291821985,0,9,4.666666666666667,,,,,,(not found),
545,test_data/data_demand_random_50_batch_all1_equal_cluster/C201_1.5.dat,8,90,4,741.3112887414927,"[[[[0, [6, 4, 1, 7]], [7, []], [4, []], [6, []], [1, []], [9, [9]], [19, [19, 20, 23, 21, 17, 18, 22]], [20, []], [23, []], [21, []], [17, []], [18, []], [32, [32, 33, 34, 35, 36]], [33, []], [34, []], [35, []], [36, [40, 41, 42, 50, 49, 37, 38, 39]], [50, []], [49, []], [40, []], [41, []], [42, []], [22, []], [37, []], [38, []], [39, []]], [[0, [2, 8, 5, 3]], [8, []], [2, []], [15, [15, 10, 11, 12, 16]], [16, []], [10, [24, 13, 14]], [11, []], [12, []], [24, []], [5, []], [3, []], [25, [25, 31, 28, 29, 30, 27, 26]], [31, []], [28, []], [29, []], [30, []], [48, [48, 47, 46, 43, 44, 45]], [47, []], [46, []], [27, []], [26, []], [13, []], [14, []], [43, []], [44, []], [45, []]]], [[[9, [9]]], [[15, [15, 10, 11, 12, 16]]], [[10, [24, 13, 14]]], [[19, [19, 20, 23, 21, 17, 18, 22]]], [[25, [25, 31, 28, 29, 30, 27, 26]]], [[32, [32, 33, 34, 35, 36]]], [[36, [40, 41, 42, 50, 49, 37, 38, 39]]], [[48, [48, 47, 46, 43, 44, 45]]]]]",,,49.04767764740738,0,8,5.25,,,,,,(not found),
546,test_data/data_demand_random_50_batch_all1_equal_cluster/C201_1.5.dat,8,90,5,744.3573373083088,"[[[[0, [3]], [22, [22, 21, 23, 24, 20, 19, 18, 17]], [21, []], [23, []], [24, []], [20, []], [19, []], [18, []], [17, []], [32, [32, 33, 34, 35, 27]], [33, []], [34, []], [35, [36, 41, 40, 39, 42]], [36, []], [50, [50, 49, 37, 38, 48, 47, 46]], [49, []], [42, []], [41, []], [40, []], [37, []], [38, []], [39, []], [48, []], [47, []], [46, []], [27, []], [3, []]], [[0, [2, 4, 1, 5, 7, 8, 6]], [6, []], [7, []], [8, []], [2, []], [4, []], [15, [15, 13, 10, 16, 14, 11, 12, 9]], [1, []], [5, []], [29, [29, 28, 31, 26, 30, 25]], [28, []], [31, []], [26, []], [30, []], [13, []], [10, []], [16, []], [45, [45, 44, 43]], [44, []], [43, []], [14, []], [11, []], [12, []], [25, []], [9, []]]], [[[15, [15, 13, 10, 16, 14, 11, 12, 9]]], [[22, [22, 21, 23, 24, 20, 19, 18, 17]]], [[29, [29, 28, 31, 26, 30, 25]]], [[32, [32, 33, 34, 35, 27]]], [[35, [36, 41, 40, 39, 42]]], [[45, [45, 44, 43]]], [[50, [50, 49, 37, 38, 48, 47, 46]]]]]",,,58.00685715407287,0,7,6.0,,,,,,(not found),
547,test_data/data_demand_random_50_batch_all1_equal_cluster/C201_1.5.dat,8,120,1,744.3573373083088,"[[[[0, [1, 7, 2]], [9, [9]], [2, []], [1, [22, 23, 24, 21, 20, 19, 17]], [7, []], [22, []], [23, []], [24, []], [21, []], [20, []], [19, []], [17, []], [18, [18]], [32, [32, 33, 34, 35, 36]], [33, []], [34, []], [35, [40, 37, 38, 39]], [36, []], [50, [50, 49, 42, 41, 46, 47, 48]], [49, []], [42, []], [41, []], [40, []], [37, []], [38, []], [39, []], [46, []], [47, []], [48, []]], [[0, [8, 6, 5, 4, 3]], [8, []], [16, [16, 10, 12, 15, 14, 11, 13]], [10, []], [12, []], [6, []], [26, [26, 30, 27, 29, 31, 25, 28]], [30, []], [27, []], [29, []], [31, []], [25, []], [15, []], [14, []], [11, []], [45, [45, 44, 43]], [44, []], [43, []], [13, []], [28, []], [4, []], [3, []], [5, []]]], [[[9, [9]]], [[16, [16, 10, 12, 15, 14, 11, 13]]], [[1, [22, 23, 24, 21, 20, 19, 17]]], [[18, [18]]], [[26, [26, 30, 27, 29, 31, 25, 28]]], [[32, [32, 33, 34, 35, 36]]], [[35, [40, 37, 38, 39]]], [[45, [45, 44, 43]]], [[50, [50, 49, 42, 41, 46, 47, 48]]]]]",,,49.43724166815342,0,9,4.666666666666667,,,,,,(not found),
548,test_data/data_demand_random_50_batch_all1_equal_cluster/C201_1.5.dat,8,120,2,744.3573373083088,"[[[[0, [1]], [24, [24, 23, 22, 20, 19, 18, 17, 21]], [23, []], [22, []], [21, []], [20, []], [19, []], [18, []], [17, []], [33, [33, 32, 34, 35, 36]], [32, []], [34, []], [35, [40, 37, 38, 39]], [36, []], [50, [50, 49, 42, 41, 46, 47, 48]], [49, []], [42, []], [41, []], [40, []], [37, []], [38, []], [39, []], [46, []], [47, []], [48, []], [1, []]], [[0, [8, 7, 6, 2, 3, 5]], [4, [4]], [7, []], [8, []], [9, [9, 11, 14, 13, 15, 10, 12, 16]], [11, []], [14, []], [6, []], [25, [25, 26, 27, 30, 29, 31, 28]], [26, []], [27, []], [30, []], [29, []], [31, []], [28, []], [13, []], [15, []], [10, []], [12, []], [16, []], [45, [45, 44, 43]], [44, []], [43, []], [2, []], [3, []], [5, []]]], [[[4, [4]]], [[9, [9, 11, 14, 13, 15, 10, 12, 16]]], [[24, [24, 23, 22, 20, 19, 18, 17, 21]]], [[25, [25, 26, 27, 30, 29, 31, 28]]], [[33, [33, 32, 34, 35, 36]]], [[35, [40, 37, 38, 39]]], [[45, [45, 44, 43]]], [[50, [50, 49, 42, 41, 46, 47, 48]]]]]",,,53.42321623274586,0,8,5.375,,,,,,(not found),
549,test_data/data_demand_random_50_batch_all1_equal_cluster/C201_1.5.dat,8,120,3,741.3112887414927,"[[[[0, [4, 6, 5]], [16, [16, 11, 10, 13, 15, 14]], [11, []], [10, []], [13, []], [4, []], [6, []], [25, [25, 26, 27, 29, 28, 31, 30]], [26, []], [27, []], [29, []], [5, []], [28, []], [31, []], [30, []], [38, [38, 39]], [39, []], [48, [48, 47, 46, 43, 44, 45]], [47, []], [46, []], [15, []], [14, []], [43, []], [44, []], [45, []]], [[0, [2, 7, 3, 1, 8]], [2, []], [12, [12, 9]], [9, []], [19, [19, 22, 20, 21, 17, 18, 23, 24]], [22, []], [20, []], [21, []], [7, []], [3, []], [1, []], [8, []], [17, []], [18, []], [34, [34, 32, 33, 35, 36, 42, 41, 40]], [32, []], [33, []], [35, []], [23, []], [50, [50, 49, 37]], [36, []], [49, []], [42, []], [41, []], [24, []], [40, []], [37, []]]], [[[12, [12, 9]]], [[16, [16, 11, 10, 13, 15, 14]]], [[19, [19, 22, 20, 21, 17, 18, 23, 24]]], [[25, [25, 26, 27, 29, 28, 31, 30]]], [[34, [34, 32, 33, 35, 36, 42, 41, 40]]], [[38, [38, 39]]], [[48, [48, 47, 46, 43, 44, 45]]], [[50, [50, 49, 37]]]]]",784.5299640861417,"[[[[0, [4, 2, 6]], [22, [22, 10, 15, 14]], [4, []], [2, []], [10, []], [25, [25, 26, 27, 30, 31]], [26, []], [27, []], [6, [28, 38, 39]], [38, []], [39, []], [30, [48, 47, 46, 43, 44, 45]], [48, []], [47, []], [46, []], [31, []], [28, []], [15, []], [14, []], [43, []], [44, []], [45, []]], [[0, [5, 7, 8, 1]], [5, []], [9, [9, 3, 12, 16, 11, 13]], [12, []], [16, []], [11, []], [13, []], [3, []], [7, []], [21, [21, 19, 23, 24, 20]], [20, []], [19, []], [8, []], [1, []], [29, [29, 36, 35, 32, 33, 34, 18, 17]], [37, [37, 40, 41, 42]], [23, []], [24, []], [40, []], [41, []], [42, [49, 50]], [49, []], [50, []], [36, []], [35, []], [32, []], [33, []], [34, []], [18, []], [17, []]]], [[[9, [9, 3, 12, 16, 11, 13]]], [[21, [21, 19, 23, 24, 20]]], [[22, [22, 10, 15, 14]]], [[25, [25, 26, 27, 30, 31]]], [[29, [29, 36, 35, 32, 33, 34, 18, 17]]], [[37, [37, 40, 41, 42]], [6, [28, 38, 39]]], [[30, [48, 47, 46, 43, 44, 45]]], [[42, [49, 50]]]]]",56.80115674436017,0,8,5.25,54.777938139385284,1,8,5.375,,,
550,test_data/data_demand_random_50_batch_all1_equal_cluster/C201_1.5.dat,8,120,4,,,785.5286750449475,"[[[[0, [8, 6, 4]], [8, []], [14, [14, 11, 16]], [11, []], [16, []], [22, [22, 15]], [6, [29, 26, 25, 23, 21, 31, 28]], [29, []], [26, []], [25, []], [4, []], [23, []], [21, []], [37, [37, 39, 43, 44, 45]], [39, []], [31, []], [28, []], [15, []], [43, []], [44, []], [45, []]], [[0, [2, 3, 1, 7, 5]], [2, []], [10, [10, 9, 12]], [9, []], [12, []], [13, [13, 19, 20, 18, 17]], [3, []], [1, []], [7, []], [19, []], [20, []], [18, []], [17, []], [34, [34, 32, 33, 35]], [32, []], [33, []], [35, [40, 41, 36, 42]], [40, []], [41, []], [50, [50, 49, 24, 27, 30]], [36, []], [49, []], [42, []], [24, []], [38, [38, 46, 47, 48]], [27, []], [46, []], [47, []], [48, []], [30, []], [5, []]]], [[[10, [10, 9, 12]], [14, [14, 11, 16]]], [[13, [13, 19, 20, 18, 17]]], [[22, [22, 15]]], [[6, [29, 26, 25, 23, 21, 31, 28]]], [[34, [34, 32, 33, 35]]], [[35, [40, 41, 36, 42]]], [[37, [37, 39, 43, 44, 45]]], [[50, [50, 49, 24, 27, 30]]], [[38, [38, 46, 47, 48]]]]]",,,,,54.17753041176353,1,9,4.666666666666667,,,
551,test_data/data_demand_random_50_batch_all1_equal_cluster/C201_1.5.dat,8,120,5,744.3573373083088,"[[[[0, [3]], [22, [22, 21, 23, 24, 20, 19, 18, 17]], [21, []], [23, []], [24, []], [20, []], [19, []], [18, []], [17, []], [32, [32, 33, 34, 35, 27]], [33, []], [34, []], [35, [36, 41, 40, 39, 42]], [36, []], [50, [50, 49, 37, 38, 48, 47, 46]], [49, []], [42, []], [41, []], [40, []], [37, []], [38, []], [39, []], [48, []], [47, []], [46, []], [27, []], [3, []]], [[0, [2, 4, 1, 5, 7, 8, 6]], [6, []], [7, []], [8, []], [2, []], [4, []], [15, [15, 13, 10, 16, 14, 11, 12, 9]], [1, []], [5, []], [29, [29, 28, 31, 26, 30, 25]], [28, []], [31, []], [26, []], [30, []], [13, []], [10, []], [16, []], [45, [45, 44, 43]], [44, []], [43, []], [14, []], [11, []], [12, []], [25, []], [9, []]]], [[[15, [15, 13, 10, 16, 14, 11, 12, 9]]], [[22, [22, 21, 23, 24, 20, 19, 18, 17]]], [[29, [29, 28, 31, 26, 30, 25]]], [[32, [32, 33, 34, 35, 27]]], [[35, [36, 41, 40, 39, 42]]], [[45, [45, 44, 43]]], [[50, [50, 49, 37, 38, 48, 47, 46]]]]]",,,58.00685715407287,0,7,6.0,,,,,,(not found),
552,test_data/data_demand_random_50_batch_all1_equal_random/C201_1.5.dat,4,60,3,751.0,"[[[[0, [1, 5]], [9, [9, 8]], [8, []], [19, [19, 10, 13, 15]], [10, []], [13, []], [38, [38, 32, 31, 26]], [32, []], [31, []], [1, []], [5, []], [26, [42, 35, 33, 45]], [36, [36, 28, 21]], [15, [40, 49, 39, 47]], [28, []], [40, []], [21, []], [49, []], [39, []], [47, []], [42, []], [35, []], [33, []], [45, []]], [[0, [4, 2, 3]], [2, []], [4, []], [11, [11, 20, 6, 7]], [20, []], [6, [17, 18, 23, 12]], [7, []], [17, []], [18, []], [30, [30, 29, 34, 16]], [29, []], [23, [41, 14, 27, 25]], [34, []], [12, []], [16, []], [41, []], [14, []], [27, []], [3, []], [25, []], [50, [50, 22, 24]], [22, []], [44, [44, 37, 43, 46]], [37, []], [43, []], [46, [48]], [24, []], [48, []]]], [[[9, [9, 8]]], [[11, [11, 20, 6, 7]]], [[6, [17, 18, 23, 12]]], [[19, [19, 10, 13, 15]]], [[30, [30, 29, 34, 16]]], [[38, [38, 32, 31, 26]]], [[23, [41, 14, 27, 25]]], [[26, [42, 35, 33, 45]]], [[36, [36, 28, 21]]], [[15, [40, 49, 39, 47]]], [[50, [50, 22, 24]]], [[44, [44, 37, 43, 46]]], [[46, [48]]]]]",,,38.87859334272779,0,13,3.4615384615384617,,,,,,(not found),
553,test_data/data_demand_random_50_batch_all1_equal_random/C201_1.5.dat,4,60,4,748.0,"[[[[0, [3]], [11, [11, 9, 12, 10]], [15, [15]], [20, [20, 16, 14, 8]], [9, []], [19, [25, 19, 27, 24]], [25, []], [3, []], [12, []], [16, []], [35, [35, 34, 41, 22]], [34, []], [41, []], [14, []], [27, []], [50, [50, 43, 48, 46]], [22, []], [43, []], [8, []], [24, []], [48, []], [46, []], [10, []], [37, [37, 44]], [44, []]], [[0, [4, 2, 5, 1]], [2, []], [4, []], [13, [13, 6, 7]], [6, []], [26, [26, 28, 17]], [5, []], [1, []], [32, [32, 31, 21, 23]], [31, []], [38, [38, 18]], [45, [45, 33, 29]], [33, [42, 40, 39, 30]], [29, []], [23, [47, 49, 36]], [42, []], [47, []], [21, []], [40, []], [49, []], [39, []], [18, []], [17, []], [7, []], [28, []], [30, []], [36, []]]], [[[11, [11, 9, 12, 10]]], [[13, [13, 6, 7]]], [[15, [15]]], [[20, [20, 16, 14, 8]]], [[26, [26, 28, 17]]], [[19, [25, 19, 27, 24]]], [[32, [32, 31, 21, 23]]], [[38, [38, 18]]], [[35, [35, 34, 41, 22]]], [[45, [45, 33, 29]]], [[33, [42, 40, 39, 30]]], [[23, [47, 49, 36]]], [[50, [50, 43, 48, 46]]], [[37, [37, 44]]]]]",,,35.972740232645535,0,14,3.2142857142857144,,,,,,(not found),
554,test_data/data_demand_random_50_batch_all1_equal_random/C201_1.5.dat,4,60,5,777.6155281280883,"[[[[0, [2, 4, 3]], [10, [10, 13, 11, 12]], [13, []], [20, [20, 8, 19, 14]], [11, []], [22, [22, 16, 27, 25]], [2, []], [4, []], [16, []], [12, []], [33, [33, 41, 42, 34]], [42, []], [34, []], [41, []], [14, []], [27, []], [3, []], [25, []], [50, [50, 43, 44, 37]], [19, []], [43, []], [44, []], [37, []], [46, [46, 48, 24]], [8, []], [24, []], [48, []]], [[0, [1, 5]], [5, []], [6, [6, 17, 18, 7]], [7, []], [17, []], [18, []], [30, [30, 9, 15]], [9, [31, 26, 38]], [35, [35, 23, 21, 28]], [45, [45, 29, 39, 40]], [29, []], [23, [47, 49, 36, 32]], [47, []], [21, []], [49, []], [39, []], [40, []], [28, []], [15, []], [36, []], [32, []], [31, []], [1, []], [26, []], [38, []]]], [[[10, [10, 13, 11, 12]]], [[6, [6, 17, 18, 7]]], [[20, [20, 8, 19, 14]]], [[22, [22, 16, 27, 25]]], [[30, [30, 9, 15]]], [[9, [31, 26, 38]]], [[33, [33, 41, 42, 34]]], [[35, [35, 23, 21, 28]]], [[45, [45, 29, 39, 40]]], [[23, [47, 49, 36, 32]]], [[50, [50, 43, 44, 37]]], [[46, [46, 48, 24]]]]]",,,36.61142402586533,0,12,3.75,,,,,,(not found),
555,test_data/data_demand_random_50_batch_all1_equal_random/C201_1.5.dat,4,90,1,738.6124969497314,"[[[[0, [4, 2, 3]], [2, []], [4, []], [3, []], [17, [17, 12, 7, 18]], [7, []], [18, []], [30, [30, 23, 16, 25]], [23, []], [35, [35, 33, 27, 14]], [33, []], [25, []], [12, [41, 11, 21]], [16, []], [41, []], [27, []], [14, []], [34, [34, 42, 39, 40]], [42, []], [47, [47, 49, 28, 29]], [40, []], [21, []], [49, []], [39, []], [28, []], [29, []], [11, []]], [[0, [5]], [8, [8, 1]], [15, [15, 6, 9]], [6, []], [5, []], [32, [32, 31, 26, 19]], [31, []], [1, []], [26, []], [38, [38, 36, 20, 22]], [36, []], [20, []], [45, [45, 24, 46, 10]], [9, []], [50, [50, 48, 37, 43]], [19, []], [22, []], [43, []], [46, []], [24, []], [48, []], [10, []], [37, []], [44, [44, 13]], [13, []]]], [[[8, [8, 1]]], [[15, [15, 6, 9]]], [[17, [17, 12, 7, 18]]], [[30, [30, 23, 16, 25]]], [[32, [32, 31, 26, 19]]], [[35, [35, 33, 27, 14]]], [[38, [38, 36, 20, 22]]], [[12, [41, 11, 21]]], [[45, [45, 24, 46, 10]]], [[50, [50, 48, 37, 43]]], [[34, [34, 42, 39, 40]]], [[44, [44, 13]]], [[47, [47, 49, 28, 29]]]]]",,,50.97438538205468,0,13,3.5384615384615383,,,,,,(not found),
556,test_data/data_demand_random_50_batch_all1_equal_random/C201_1.5.dat,4,90,3,720.0688837074972,"[[[[0, [2, 4, 3]], [9, [9]], [13, [13, 8, 10, 14]], [8, []], [10, []], [19, [19, 16, 12]], [2, [25, 27, 22, 24]], [25, []], [27, []], [14, []], [4, []], [16, []], [42, [42, 34, 41, 37]], [34, []], [41, []], [12, []], [3, []], [22, []], [44, [44, 43, 46, 48]], [37, []], [43, []], [46, []], [24, []], [48, []]], [[0, [1, 5]], [5, []], [18, [18, 17, 7, 11]], [17, []], [7, []], [15, [15, 6]], [1, []], [31, [31, 32, 28, 30]], [32, []], [38, [38, 26, 23, 29]], [26, []], [36, [36, 20, 33, 21]], [6, []], [20, []], [45, [45, 35, 39, 40]], [11, []], [33, []], [35, []], [50, [50, 47, 49]], [47, []], [21, []], [49, []], [39, []], [40, []], [28, []], [30, []], [23, []], [29, []]]], [[[9, [9]]], [[13, [13, 8, 10, 14]]], [[18, [18, 17, 7, 11]]], [[15, [15, 6]]], [[19, [19, 16, 12]]], [[2, [25, 27, 22, 24]]], [[31, [31, 32, 28, 30]]], [[42, [42, 34, 41, 37]]], [[38, [38, 26, 23, 29]]], [[36, [36, 20, 33, 21]]], [[45, [45, 35, 39, 40]]], [[44, [44, 43, 46, 48]]], [[50, [50, 47, 49]]]]]",,,45.300473374166295,0,13,3.4615384615384617,,,,,,(not found),
557,test_data/data_demand_random_50_batch_all1_equal_random/C201_1.5.dat,4,90,4,721.298221281347,"[[[[0, [4, 2, 3]], [2, []], [12, [12, 11, 8, 10]], [3, []], [22, [22, 19, 9, 14]], [10, []], [13, [13, 16]], [11, []], [9, []], [29, [29, 24, 34, 27]], [34, []], [4, []], [14, []], [27, []], [41, [41, 25, 37]], [16, []], [25, []], [50, [50, 43, 48, 46]], [19, []], [43, []], [8, []], [24, []], [48, []], [46, []], [37, []], [44, [44]]], [[0, [1]], [5, [5, 6]], [1, []], [6, []], [7, [7, 18, 17, 15]], [18, []], [17, []], [20, [20, 32, 31, 26]], [38, [38, 36, 28, 21]], [32, []], [31, []], [26, [42, 23]], [36, []], [15, []], [28, []], [39, [39, 49, 40, 30]], [49, []], [21, []], [40, []], [30, [45, 47, 35, 33]], [47, []], [42, []], [23, []], [35, []], [33, []], [45, []]]], [[[5, [5, 6]]], [[12, [12, 11, 8, 10]]], [[7, [7, 18, 17, 15]]], [[22, [22, 19, 9, 14]]], [[13, [13, 16]]], [[20, [20, 32, 31, 26]]], [[29, [29, 24, 34, 27]]], [[38, [38, 36, 28, 21]]], [[26, [42, 23]]], [[41, [41, 25, 37]]], [[50, [50, 43, 48, 46]]], [[39, [39, 49, 40, 30]]], [[30, [45, 47, 35, 33]]], [[44, [44]]]]]",,,47.68923545416731,0,14,3.2857142857142856,,,,,,(not found),
558,test_data/data_demand_random_50_batch_all1_equal_random/C201_1.5.dat,4,90,5,721.298221281347,"[[[[0, [4, 3, 2, 5]], [5, []], [11, [11, 10]], [10, [22, 14]], [22, []], [19, [19, 25, 27, 8]], [2, []], [4, []], [3, []], [27, []], [14, []], [25, []], [34, [34, 41, 16, 12]], [41, []], [16, []], [12, []], [50, [50, 43, 48, 24]], [43, []], [8, []], [48, []], [24, []], [46, [46, 37, 44, 13]], [37, []], [44, []], [13, []]], [[0, [1]], [9, [9, 6, 7]], [6, []], [7, []], [18, [18, 17, 15]], [17, []], [15, []], [1, []], [31, [31, 29, 33, 23]], [32, [32, 26, 20, 28]], [26, []], [36, [36, 39, 40, 30]], [20, []], [45, [45, 35, 42, 21]], [29, []], [35, []], [33, []], [23, []], [42, [47, 49, 38]], [47, []], [21, []], [49, []], [39, []], [40, []], [28, []], [30, []], [38, []]]], [[[11, [11, 10]]], [[9, [9, 6, 7]]], [[18, [18, 17, 15]]], [[10, [22, 14]]], [[19, [19, 25, 27, 8]]], [[31, [31, 29, 33, 23]]], [[32, [32, 26, 20, 28]]], [[34, [34, 41, 16, 12]]], [[36, [36, 39, 40, 30]]], [[45, [45, 35, 42, 21]]], [[42, [47, 49, 38]]], [[50, [50, 43, 48, 24]]], [[46, [46, 37, 44, 13]]]]]",,,47.920269440831326,0,13,3.4615384615384617,,,,,,(not found),
559,test_data/data_demand_random_50_batch_all1_equal_random/C201_1.5.dat,4,120,1,,,829.4798583822836,"[[[[0, [5, 1]], [7, [7, 10, 13, 6]], [17, [17, 18, 8, 15]], [18, []], [15, []], [5, []], [1, []], [31, [31, 32, 24, 22]], [32, []], [26, [26, 38, 37, 36]], [38, []], [36, [46, 44, 20, 33]], [6, []], [20, []], [33, []], [22, []], [43, [43, 48]], [8, []], [48, []], [24, []], [46, []], [10, []], [37, []], [44, []], [13, []], [45, [45, 29]], [29, []]], [[0, [3]], [9, [9, 4, 12, 2]], [19, [19, 14, 21, 23]], [25, [25, 27, 11, 16]], [2, []], [4, []], [27, []], [14, []], [34, [34, 28, 30]], [3, []], [23, []], [28, []], [39, [39, 49, 40, 47]], [49, []], [21, []], [40, []], [42, [42, 50]], [47, []], [30, []], [50, []], [12, []], [16, []], [41, [41, 35]], [35, []], [11, []]]], [[[9, [9, 4, 12, 2]]], [[7, [7, 10, 13, 6]]], [[17, [17, 18, 8, 15]]], [[19, [19, 14, 21, 23]]], [[25, [25, 27, 11, 16]]], [[31, [31, 32, 24, 22]]], [[34, [34, 28, 30]]], [[26, [26, 38, 37, 36]]], [[36, [46, 44, 20, 33]]], [[39, [39, 49, 40, 47]]], [[43, [43, 48]], [42, [42, 50]]], [[45, [45, 29]]], [[41, [41, 35]]]]]",,,,,59.29514026700659,1,13,3.6153846153846154,,,
560,test_data/data_demand_random_50_batch_all1_equal_random/C201_1.5.dat,4,120,2,753.1327459504216,"[[[[0, [2, 4, 3]], [8, [8]], [13, [13, 10]], [10, []], [22, [22, 19, 16, 12]], [19, []], [2, []], [4, []], [16, []], [12, []], [29, [29, 27, 14, 25]], [25, []], [3, []], [27, []], [14, []], [41, [41, 34, 23, 24]], [34, [44, 37, 43]], [23, []], [35, [35, 50, 46, 48]], [50, []], [44, []], [37, []], [43, []], [46, []], [24, []], [48, []]], [[0, [5, 1]], [5, []], [1, []], [15, [15, 7, 17, 18]], [17, []], [18, []], [7, []], [26, [26, 32, 31, 20]], [20, []], [6, [6, 11, 9]], [38, [38, 36, 40, 21]], [32, []], [31, []], [36, []], [40, []], [21, []], [49, [49, 39, 28, 30]], [39, []], [28, []], [30, []], [47, [47, 42, 45, 33]], [42, []], [45, []], [9, []], [33, []], [11, []]]], [[[15, [15, 7, 17, 18]]], [[8, [8]]], [[13, [13, 10]]], [[22, [22, 19, 16, 12]]], [[29, [29, 27, 14, 25]]], [[26, [26, 32, 31, 20]]], [[6, [6, 11, 9]]], [[38, [38, 36, 40, 21]]], [[41, [41, 34, 23, 24]]], [[34, [44, 37, 43]]], [[35, [35, 50, 46, 48]]], [[49, [49, 39, 28, 30]]], [[47, [47, 42, 45, 33]]]]]",,,49.08239850486307,0,13,3.4615384615384617,,,,,,(not found),
561,test_data/data_demand_random_50_batch_all1_equal_random/C201_1.5.dat,4,120,3,730.1327459504216,"[[[[0, [2, 4, 3]], [9, [9, 7]], [12, [12, 11, 8]], [2, []], [4, []], [3, []], [23, [23, 24, 18, 17]], [18, []], [17, []], [7, []], [36, [36, 29, 33, 22]], [45, [45, 43, 46, 19]], [11, []], [22, []], [43, []], [8, []], [24, []], [48, [48, 44, 37]], [46, []], [37, []], [44, []], [19, []], [29, []], [33, []]], [[0, [5, 1]], [13, [13, 6, 10]], [10, []], [6, []], [20, [20, 21, 16, 15]], [26, [26, 28, 14, 27]], [5, []], [1, [31, 32, 34]], [31, []], [32, []], [38, [38, 42, 41]], [15, [40, 39, 30]], [30, []], [28, []], [40, []], [39, []], [49, [49, 47, 50]], [21, []], [47, []], [42, []], [34, []], [16, [25, 35]], [41, []], [14, []], [27, []], [25, []], [50, []], [35, []]]], [[[13, [13, 6, 10]]], [[9, [9, 7]]], [[12, [12, 11, 8]]], [[20, [20, 21, 16, 15]]], [[23, [23, 24, 18, 17]]], [[26, [26, 28, 14, 27]]], [[1, [31, 32, 34]]], [[36, [36, 29, 33, 22]]], [[38, [38, 42, 41]]], [[15, [40, 39, 30]]], [[45, [45, 43, 46, 19]]], [[48, [48, 44, 37]]], [[49, [49, 47, 50]]], [[16, [25, 35]]]]]",,,44.33494416450656,0,14,3.2142857142857144,,,,,,(not found),
562,test_data/data_demand_random_50_batch_all1_equal_random/C201_1.5.dat,4,120,5,713.8405220275511,"[[[[0, [5, 1]], [5, [7, 9]], [18, [18, 17, 15, 6]], [17, []], [7, []], [15, []], [6, []], [32, [32, 31, 20, 24]], [31, []], [1, []], [26, [26, 36, 38, 19]], [38, []], [36, []], [20, []], [45, [45, 43, 37, 46]], [9, []], [50, [50, 22, 44, 48]], [19, []], [43, []], [22, []], [44, []], [37, []], [46, []], [24, []], [48, []]], [[0, [2, 4, 3]], [10, [10, 13, 8, 12]], [8, []], [13, [23, 16, 21, 14]], [14, []], [27, [27, 25, 34, 28]], [4, []], [2, []], [3, []], [25, []], [35, [35, 41, 42, 39]], [23, []], [12, []], [16, []], [41, []], [34, []], [42, []], [47, [47, 49, 40, 30]], [21, []], [49, []], [39, []], [40, []], [28, []], [30, []], [29, [29, 33, 11]], [33, []], [11, []]]], [[[5, [7, 9]]], [[18, [18, 17, 15, 6]]], [[10, [10, 13, 8, 12]]], [[13, [23, 16, 21, 14]]], [[27, [27, 25, 34, 28]]], [[32, [32, 31, 20, 24]]], [[26, [26, 36, 38, 19]]], [[35, [35, 41, 42, 39]]], [[45, [45, 43, 37, 46]]], [[50, [50, 22, 44, 48]]], [[47, [47, 49, 40, 30]]], [[29, [29, 33, 11]]]]]",,,47.93697377782679,0,12,3.75,,,,,,(not found),
563,test_data/data_demand_random_50_batch_all1_equal_random/C201_1.5.dat,8,60,1,719.0,"[[[[0, [3, 5]], [5, []], [6, [6, 17, 8, 16, 14, 18, 7, 12]], [18, []], [17, []], [7, []], [20, [20, 29, 33]], [29, []], [33, []], [35, [41, 25, 24, 37, 35, 27]], [12, []], [16, []], [41, []], [14, []], [27, []], [3, []], [25, []], [50, [50, 43, 48, 46, 44]], [43, []], [8, []], [48, []], [24, []], [46, []], [37, []], [44, []]], [[0, [2, 4, 1]], [2, []], [4, []], [13, [13, 9, 10, 15, 11]], [10, []], [22, [22, 19, 21, 23]], [19, []], [9, []], [11, []], [38, [38, 26, 32, 31, 36, 30, 28, 34]], [26, []], [1, []], [32, []], [31, []], [36, []], [15, []], [30, [40, 39, 49, 47, 42, 45]], [28, []], [40, []], [39, []], [49, []], [21, []], [47, []], [42, []], [34, []], [23, []], [45, []]]], [[[6, [6, 17, 8, 16, 14, 18, 7, 12]]], [[13, [13, 9, 10, 15, 11]]], [[20, [20, 29, 33]]], [[22, [22, 19, 21, 23]]], [[38, [38, 26, 32, 31, 36, 30, 28, 34]]], [[35, [41, 25, 24, 37, 35, 27]]], [[30, [40, 39, 49, 47, 42, 45]]], [[50, [50, 43, 48, 46, 44]]]]]",,,35.43430019621824,0,8,5.625,,,,,,(not found),
564,test_data/data_demand_random_50_batch_all1_equal_random/C201_1.5.dat,8,60,2,745.6124969497314,"[[[[0, [5, 1]], [5, []], [20, [20]], [1, []], [32, [32, 31, 26, 6, 15, 7, 17]], [31, []], [26, []], [38, [38, 36, 18, 28, 21]], [6, []], [36, []], [15, [39, 30, 40, 42, 34, 41, 35]], [7, []], [17, []], [18, []], [39, []], [28, []], [30, [49, 47]], [40, []], [49, []], [21, []], [47, []], [42, []], [34, []], [41, []], [35, []]], [[0, [4, 3, 2]], [3, []], [4, []], [10, [10, 13]], [13, [19, 14, 16, 12, 9, 11]], [19, [25, 27]], [25, []], [2, []], [27, []], [14, []], [16, []], [12, []], [9, []], [45, [45, 33, 29, 23, 22, 8]], [11, []], [33, []], [29, []], [23, [50, 44, 37, 43, 46, 24, 48]], [50, []], [22, []], [44, []], [37, []], [43, []], [46, []], [8, []], [24, []], [48, []]]], [[[20, [20]]], [[10, [10, 13]]], [[13, [19, 14, 16, 12, 9, 11]]], [[19, [25, 27]]], [[32, [32, 31, 26, 6, 15, 7, 17]]], [[38, [38, 36, 18, 28, 21]]], [[15, [39, 30, 40, 42, 34, 41, 35]]], [[45, [45, 33, 29, 23, 22, 8]]], [[23, [50, 44, 37, 43, 46, 24, 48]]], [[30, [49, 47]]]]]",,,36.869391030621884,0,10,4.5,,,,,,(not found),
565,test_data/data_demand_random_50_batch_all1_equal_random/C201_1.5.dat,8,90,1,731.6619037896905,"[[[[0, []], [7, [7, 16, 14, 12, 10, 8, 9]], [9, []], [20, [20, 23, 34, 27, 24, 29, 33, 19]], [29, []], [33, []], [35, [35, 37]], [23, []], [34, []], [42, [42, 25, 41]], [12, []], [16, []], [41, []], [14, []], [27, []], [25, []], [50, [50, 46, 48]], [19, []], [37, []], [10, []], [46, []], [8, []], [24, []], [48, []]], [[0, [5, 1, 4, 2, 3]], [4, []], [2, []], [3, []], [13, [13, 6, 15, 11]], [6, []], [26, [26, 22]], [5, []], [1, []], [31, [31, 32, 18, 21]], [32, []], [38, [28, 17, 38, 36, 39, 40, 30]], [36, []], [15, []], [28, []], [17, []], [18, []], [39, []], [49, [49, 47, 45, 43, 44]], [21, []], [40, []], [47, []], [30, []], [45, []], [11, []], [22, []], [44, []], [43, []]]], [[[13, [13, 6, 15, 11]]], [[7, [7, 16, 14, 12, 10, 8, 9]]], [[20, [20, 23, 34, 27, 24, 29, 33, 19]]], [[26, [26, 22]]], [[31, [31, 32, 18, 21]]], [[35, [35, 37]]], [[38, [28, 17, 38, 36, 39, 40, 30]]], [[42, [42, 25, 41]]], [[50, [50, 46, 48]]], [[49, [49, 47, 45, 43, 44]]]]]",820.0512483795333,"[[[[0, [4, 2, 3]], [2, [1]], [3, []], [4, []], [22, [22, 6, 13]], [19, [19]], [25, [25, 27, 23, 20, 24]], [27, []], [35, [35, 33, 29, 31, 32, 26, 38]], [23, []], [33, []], [29, []], [45, [45, 36]], [38, []], [31, []], [32, []], [1, []], [26, []], [36, []], [6, []], [20, []], [13, []], [24, []], [48, [48]]], [[0, [5]], [5, []], [11, [11, 9, 10, 8]], [9, []], [12, [12, 15, 7, 17, 18, 16, 14]], [14, []], [30, [30, 28, 21, 34]], [15, []], [7, []], [17, []], [18, []], [39, [39, 40, 44, 43, 46, 37]], [28, []], [40, []], [49, [49, 47, 42, 41, 50]], [21, []], [47, []], [42, []], [34, []], [41, []], [16, []], [50, []], [44, []], [43, []], [8, []], [46, []], [10, []], [37, []]]], [[[2, [1]]], [[11, [11, 9, 10, 8]]], [[22, [22, 6, 13]]], [[19, [19]], [12, [12, 15, 7, 17, 18, 16, 14]]], [[25, [25, 27, 23, 20, 24]]], [[30, [30, 28, 21, 34]]], [[35, [35, 33, 29, 31, 32, 26, 38]]], [[45, [45, 36]]], [[39, [39, 40, 44, 43, 46, 37]]], [[49, [49, 47, 42, 41, 50]]], [[48, [48]]]]]",48.77074827228734,0,10,4.5,53.416263047772595,1,11,4.181818181818182,,,
566,test_data/data_demand_random_50_batch_all1_equal_random/C201_1.5.dat,8,90,2,721.1760149812701,"[[[[0, [3, 2, 1, 5]], [1, []], [5, []], [18, [18, 17, 7, 6, 16, 14, 8]], [17, []], [7, []], [6, []], [20, [20]], [30, [30, 29, 23, 34, 27, 25, 22]], [29, []], [23, []], [42, [42, 41, 24]], [34, []], [16, []], [41, []], [14, []], [27, []], [3, []], [25, []], [2, [44, 37, 43, 46, 48]], [22, []], [44, []], [37, []], [43, []], [46, []], [8, []], [24, []], [48, []]], [[0, []], [9, [9]], [12, [12, 4, 11]], [4, []], [19, [19, 10, 13, 15, 21]], [10, []], [13, []], [26, [26, 32, 31, 38, 36, 28, 35, 33]], [32, []], [31, []], [38, []], [36, []], [15, []], [28, []], [40, [40, 39, 49, 47, 50, 45]], [39, []], [49, []], [21, []], [47, []], [50, []], [35, []], [33, []], [45, []], [11, []]]], [[[9, [9]]], [[18, [18, 17, 7, 6, 16, 14, 8]]], [[12, [12, 4, 11]]], [[19, [19, 10, 13, 15, 21]]], [[20, [20]]], [[30, [30, 29, 23, 34, 27, 25, 22]]], [[26, [26, 32, 31, 38, 36, 28, 35, 33]]], [[42, [42, 41, 24]]], [[40, [40, 39, 49, 47, 50, 45]]], [[2, [44, 37, 43, 46, 48]]]]]",822.0,"[[[[0, [3, 2, 4, 5]], [6, [6, 7, 10, 13]], [5, []], [7, []], [18, [18, 17, 14, 16, 12, 19]], [17, []], [33, [33, 25, 27, 34, 24, 37]], [16, []], [12, []], [3, []], [25, []], [2, []], [4, []], [27, []], [14, []], [41, [41]], [34, []], [50, [50, 43, 46, 48, 44]], [19, []], [43, []], [46, []], [24, []], [48, []], [10, []], [37, []], [44, []], [13, []]], [[0, [1]], [1, []], [11, [11, 21, 15, 8, 9]], [8, []], [22, [22, 23, 28, 26, 31, 32]], [29, [29, 20, 30]], [23, []], [35, [35]], [9, []], [20, []], [45, [45, 42, 39, 40, 36, 38]], [30, [49, 47]], [47, []], [42, []], [21, []], [49, []], [39, []], [40, []], [28, []], [15, []], [36, []], [26, []], [31, []], [32, []], [38, []]]], [[[11, [11, 21, 15, 8, 9]]], [[6, [6, 7, 10, 13]]], [[18, [18, 17, 14, 16, 12, 19]]], [[22, [22, 23, 28, 26, 31, 32]]], [[29, [29, 20, 30]]], [[35, [35]], [33, [33, 25, 27, 34, 24, 37]]], [[41, [41]]], [[45, [45, 42, 39, 40, 36, 38]]], [[30, [49, 47]]], [[50, [50, 43, 46, 48, 44]]]]]",53.00957982305982,0,10,4.6,44.714789094358316,1,10,4.5,,,
567,test_data/data_demand_random_50_batch_all1_equal_random/C201_1.5.dat,8,90,3,706.0483493925201,"[[[[0, [4, 2, 3]], [4, []], [3, []], [12, [12, 13, 10]], [2, []], [22, [22, 8]], [13, []], [10, [11, 24, 19, 27, 14, 16, 25, 21]], [24, []], [8, []], [19, [30, 28, 20]], [25, []], [27, []], [14, []], [41, [41, 42, 34, 33, 36, 39, 40]], [16, []], [34, []], [42, []], [47, [47, 45, 49]], [21, []], [49, []], [39, []], [40, []], [28, []], [30, []], [36, []], [20, []], [45, []], [33, []], [11, []]], [[0, [1, 5]], [6, [6, 9]], [7, [7, 18, 17, 15]], [18, []], [17, []], [15, []], [26, [26, 23]], [5, []], [1, []], [31, [31, 32]], [32, []], [38, [38, 37, 35, 29]], [48, [48, 46, 50, 44, 43]], [46, []], [43, []], [37, []], [44, []], [50, []], [35, []], [23, []], [29, []], [9, []]]], [[[6, [6, 9]]], [[7, [7, 18, 17, 15]]], [[12, [12, 13, 10]]], [[22, [22, 8]]], [[10, [11, 24, 19, 27, 14, 16, 25, 21]]], [[26, [26, 23]]], [[31, [31, 32]]], [[19, [30, 28, 20]]], [[38, [38, 37, 35, 29]]], [[41, [41, 42, 34, 33, 36, 39, 40]]], [[47, [47, 45, 49]]], [[48, [48, 46, 50, 44, 43]]]]]",,,52.241411193583765,0,12,3.75,,,,,,(not found),
568,test_data/data_demand_random_50_batch_all1_equal_random/C201_1.5.dat,8,90,4,707.05551275464,"[[[[0, [2, 4, 3]], [2, []], [4, []], [10, [10, 8, 12, 16, 9, 13]], [8, []], [13, []], [19, [19, 25, 22, 24, 14]], [9, []], [35, [35]], [12, []], [3, []], [25, [27, 41, 37]], [16, []], [41, []], [14, []], [27, []], [50, [50, 44, 43, 46, 48]], [22, []], [44, []], [37, []], [43, []], [46, []], [24, []], [48, []]], [[0, [1, 5]], [1, []], [5, []], [17, [17, 18, 15, 6, 7, 11]], [18, []], [7, []], [15, []], [20, [20, 21]], [26, [26, 31, 32, 34, 23, 29, 33]], [31, [38, 30, 28, 36]], [32, []], [38, []], [36, []], [6, []], [30, []], [28, []], [39, [39, 47, 42, 45, 40, 49]], [49, []], [40, []], [21, []], [47, []], [42, []], [34, []], [23, []], [29, []], [33, []], [11, []], [45, []]]], [[[10, [10, 8, 12, 16, 9, 13]]], [[17, [17, 18, 15, 6, 7, 11]]], [[20, [20, 21]]], [[19, [19, 25, 22, 24, 14]]], [[26, [26, 31, 32, 34, 23, 29, 33]]], [[31, [38, 30, 28, 36]]], [[35, [35]]], [[25, [27, 41, 37]]], [[39, [39, 47, 42, 45, 40, 49]]], [[50, [50, 44, 43, 46, 48]]]]]",744.6619037896905,"[[[[0, [3, 4, 2]], [8, [8, 9]], [9, [11, 13, 10, 12, 16, 14]], [11, []], [13, []], [10, []], [19, [19, 25, 23, 22]], [4, []], [2, []], [25, []], [3, []], [12, []], [23, []], [42, [42, 41, 37, 34, 27]], [34, []], [16, []], [41, []], [14, []], [27, []], [50, [50, 44, 43, 46, 24, 48]], [22, []], [44, []], [37, []], [43, []], [46, []], [24, []], [48, []]], [[0, [5, 1]], [5, []], [15, [15, 6, 18, 17, 7]], [6, []], [20, [20]], [18, []], [17, []], [7, []], [35, [35, 33, 29, 28, 21, 30, 26, 31]], [33, [38]], [29, []], [45, [45, 40, 39, 36, 32]], [28, []], [40, []], [39, []], [49, [49, 47]], [21, []], [47, []], [30, []], [36, []], [26, []], [1, []], [31, []], [32, []], [38, []]]], [[[8, [8, 9]]], [[15, [15, 6, 18, 17, 7]]], [[9, [11, 13, 10, 12, 16, 14]]], [[20, [20]]], [[19, [19, 25, 23, 22]]], [[35, [35, 33, 29, 28, 21, 30, 26, 31]]], [[33, [38]], [42, [42, 41, 37, 34, 27]]], [[45, [45, 40, 39, 36, 32]]], [[50, [50, 44, 43, 46, 24, 48]]], [[49, [49, 47]]]]]",51.03304275310158,0,10,4.5,47.06846514533556,1,10,4.5,,,
569,test_data/data_demand_random_50_batch_all1_equal_random/C201_1.5.dat,8,90,5,708.298221281347,"[[[[0, [5, 1]], [5, []], [1, []], [17, [17, 7, 18, 15, 6, 9]], [7, []], [18, []], [15, []], [26, [26, 30, 31, 32, 23, 33, 20]], [31, []], [32, []], [38, [38, 36, 42, 21, 28]], [36, []], [6, []], [30, []], [42, []], [47, [47, 49, 39, 40, 35, 45]], [21, []], [49, []], [39, []], [40, []], [28, []], [23, []], [35, []], [33, []], [9, []], [45, []], [20, []]], [[0, [2, 3, 4]], [2, []], [3, []], [4, []], [10, [10, 8, 13, 11, 14, 12, 16]], [8, []], [13, []], [11, []], [29, [29, 27, 19, 22, 24, 34, 25]], [34, []], [16, []], [27, []], [14, []], [41, [41, 37]], [25, []], [12, []], [50, [50, 43, 44, 46, 48]], [19, []], [43, []], [22, []], [44, []], [37, []], [46, []], [24, []], [48, []]]], [[[10, [10, 8, 13, 11, 14, 12, 16]]], [[17, [17, 7, 18, 15, 6, 9]]], [[29, [29, 27, 19, 22, 24, 34, 25]]], [[26, [26, 30, 31, 32, 23, 33, 20]]], [[38, [38, 36, 42, 21, 28]]], [[41, [41, 37]]], [[50, [50, 43, 44, 46, 48]]], [[47, [47, 49, 39, 40, 35, 45]]]]]",778.0972111545703,"[[[[0, [5, 1]], [5, []], [1, []], [17, [17, 7, 18, 15, 6, 9, 11]], [7, []], [18, []], [15, []], [26, [26, 31, 32, 21, 28, 30, 23, 29]], [31, []], [32, []], [38, [38, 36, 42, 39, 40, 35, 20]], [6, []], [36, []], [20, []], [9, []], [45, [45]], [42, []], [47, [47, 49]], [39, []], [49, []], [21, []], [40, []], [28, []], [30, []], [23, []], [35, []], [29, []], [11, []]], [[0, [3, 4]], [2, [2]], [3, []], [4, []], [10, [10, 13, 12, 14, 22, 19, 8, 16]], [22, []], [13, []], [33, [33, 25, 27, 34]], [25, []], [12, []], [16, []], [34, []], [41, [41]], [14, []], [27, []], [50, [50, 43, 44, 46, 48, 37, 24]], [19, []], [43, []], [44, []], [37, []], [46, []], [8, []], [24, []], [48, []]]], [[[17, [17, 7, 18, 15, 6, 9, 11]]], [[2, [2]]], [[10, [10, 13, 12, 14, 22, 19, 8, 16]]], [[33, [33, 25, 27, 34]]], [[26, [26, 31, 32, 21, 28, 30, 23, 29]]], [[38, [38, 36, 42, 39, 40, 35, 20]]], [[41, [41]]], [[50, [50, 43, 44, 46, 48, 37, 24]], [45, [45]]], [[47, [47, 49]]]]]",51.76064522887477,0,8,5.625,53.677265333367934,1,9,5.111111111111111,,,
570,test_data/data_demand_random_50_batch_all1_equal_random/C201_1.5.dat,8,120,1,720.298221281347,"[[[[0, [5]], [5, []], [17, [17, 18, 7, 12, 16, 14, 10, 15]], [18, []], [7, []], [15, []], [22, [22]], [35, [35, 37]], [12, [41, 27, 25, 19, 8, 24]], [16, []], [41, []], [14, []], [27, []], [25, []], [50, [50, 46, 44, 48, 43, 13]], [19, []], [43, []], [8, []], [24, []], [48, []], [46, []], [10, []], [37, []], [44, []], [13, []]], [[0, [1, 4, 2, 3]], [4, []], [2, []], [3, []], [9, [9, 11, 6]], [6, []], [32, [32, 31, 26, 33, 29, 23, 30, 20]], [31, []], [1, []], [26, []], [36, [36]], [20, []], [45, [45, 42, 34, 21, 28]], [11, []], [33, []], [29, []], [23, []], [34, [47, 49, 39, 40, 38]], [42, []], [47, []], [21, []], [49, []], [39, []], [40, []], [28, []], [30, []], [38, []]]], [[[9, [9, 11, 6]]], [[17, [17, 18, 7, 12, 16, 14, 10, 15]]], [[22, [22]]], [[32, [32, 31, 26, 33, 29, 23, 30, 20]]], [[36, [36]]], [[35, [35, 37]]], [[12, [41, 27, 25, 19, 8, 24]]], [[45, [45, 42, 34, 21, 28]]], [[50, [50, 46, 44, 48, 43, 13]]], [[34, [47, 49, 39, 40, 38]]]]]",831.518813398452,"[[[[0, [1]], [5, [5, 7]], [7, []], [17, [17, 18, 6, 9, 11]], [18, []], [6, []], [32, [32, 31, 26, 20, 33, 29, 23, 34]], [1, []], [31, []], [26, []], [38, [38, 36, 35, 42, 28, 30, 21]], [36, []], [20, []], [9, []], [33, []], [29, []], [35, []], [23, []], [34, []], [42, []], [47, [47, 39, 45, 49, 40]], [21, []], [49, []], [39, []], [40, []], [28, []], [30, []], [45, []], [11, []]], [[0, [4, 2, 3]], [4, []], [15, [15, 10, 22, 16, 14, 19, 8, 12]], [10, []], [22, []], [2, []], [12, []], [25, [25, 27, 24, 37, 13]], [3, []], [16, []], [41, [41]], [14, []], [27, []], [50, [50, 43, 48, 46, 44]], [19, []], [43, []], [8, []], [48, []], [24, []], [46, []], [37, []], [44, []], [13, []]]], [[[5, [5, 7]]], [[15, [15, 10, 22, 16, 14, 19, 8, 12]]], [[17, [17, 18, 6, 9, 11]]], [[25, [25, 27, 24, 37, 13]]], [[32, [32, 31, 26, 20, 33, 29, 23, 34]]], [[41, [41]], [38, [38, 36, 35, 42, 28, 30, 21]]], [[50, [50, 43, 48, 46, 44]]], [[47, [47, 39, 45, 49, 40]]]]]",48.10079132871171,0,10,4.5,63.61389701457676,1,8,5.75,,,
571,test_data/data_demand_random_50_batch_all1_equal_random/C201_1.5.dat,8,120,2,716.298221281347,"[[[[0, [2, 4, 3]], [10, [10]], [2, []], [4, []], [22, [22, 11, 16, 14, 23, 19, 8, 12]], [11, []], [30, [30, 29, 33, 25, 24, 13]], [23, []], [29, []], [33, []], [12, []], [16, []], [41, [41, 27, 37]], [14, []], [27, []], [25, []], [3, []], [50, [50, 43, 48, 46, 44]], [19, []], [43, []], [8, []], [24, []], [48, []], [46, []], [37, []], [44, []], [13, []]], [[0, [1, 5]], [1, []], [5, []], [17, [17, 7, 18, 9, 15, 6]], [7, []], [18, []], [32, [32, 31, 26, 20, 34, 21, 28]], [31, []], [26, []], [38, [38, 36]], [20, []], [45, [45, 35, 42, 40, 39]], [9, []], [35, []], [34, []], [42, []], [47, [47, 49]], [21, []], [40, []], [49, []], [39, []], [28, []], [15, []], [36, []], [6, []]]], [[[10, [10]]], [[22, [22, 11, 16, 14, 23, 19, 8, 12]]], [[17, [17, 7, 18, 9, 15, 6]]], [[30, [30, 29, 33, 25, 24, 13]]], [[32, [32, 31, 26, 20, 34, 21, 28]]], [[38, [38, 36]]], [[41, [41, 27, 37]]], [[45, [45, 35, 42, 40, 39]]], [[50, [50, 43, 48, 46, 44]]], [[47, [47, 49]]]]]",747.6149944070315,"[[[[0, [1, 5]], [5, []], [7, [7, 17, 18, 15, 6]], [17, []], [18, []], [15, []], [31, [31, 32, 26, 21, 28, 30, 29]], [32, []], [1, []], [26, [38, 36, 20]], [36, []], [6, []], [20, []], [45, [45, 35, 42, 39, 40]], [29, []], [35, []], [50, [50, 47, 49]], [42, []], [47, []], [21, []], [49, []], [39, []], [40, []], [28, []], [30, []], [38, []]], [[0, [4, 2]], [4, []], [2, [3, 12, 11, 9, 8, 10, 13]], [12, []], [11, []], [9, []], [22, [22, 14, 19, 24, 16, 23]], [33, [33, 27, 25, 34]], [34, []], [23, []], [16, []], [41, [41, 43]], [27, []], [14, []], [3, []], [25, []], [19, []], [43, []], [8, [48, 46, 37, 44]], [24, []], [48, []], [46, []], [10, []], [37, []], [44, []], [13, []]]], [[[2, [3, 12, 11, 9, 8, 10, 13]]], [[7, [7, 17, 18, 15, 6]]], [[22, [22, 14, 19, 24, 16, 23]]], [[33, [33, 27, 25, 34]]], [[31, [31, 32, 26, 21, 28, 30, 29]]], [[26, [38, 36, 20]]], [[45, [45, 35, 42, 39, 40]], [41, [41, 43]]], [[50, [50, 47, 49]]], [[8, [48, 46, 37, 44]]]]]",49.739031258622724,0,10,4.5,56.14261458952247,1,9,5.111111111111111,,,
572,test_data/data_demand_random_50_batch_all1_equal_random/C201_1.5.dat,8,120,3,712.0512483795333,"[[[[0, [1, 5, 3]], [3, []], [13, [13, 6, 16, 12, 11]], [6, []], [20, [20]], [32, [32, 31, 26, 30, 28, 21, 34]], [31, []], [1, []], [5, []], [26, []], [38, [38, 36, 40, 39, 42, 41]], [36, []], [30, []], [28, []], [40, []], [39, []], [49, [49, 47, 50]], [21, []], [47, []], [42, []], [34, []], [41, []], [16, []], [12, []], [50, []], [11, []]], [[0, [4, 2]], [17, [17, 18, 7, 15, 14, 8, 10]], [18, []], [7, []], [15, []], [29, [29, 33, 23, 19]], [33, []], [23, []], [35, [35, 25, 27, 24, 37, 22]], [25, []], [27, []], [14, []], [4, []], [2, []], [19, []], [43, [43, 48, 46, 44, 45, 9]], [8, []], [48, []], [24, []], [46, []], [10, []], [37, []], [44, []], [22, []], [45, []], [9, []]]], [[[13, [13, 6, 16, 12, 11]]], [[17, [17, 18, 7, 15, 14, 8, 10]]], [[20, [20]]], [[29, [29, 33, 23, 19]]], [[32, [32, 31, 26, 30, 28, 21, 34]]], [[35, [35, 25, 27, 24, 37, 22]]], [[38, [38, 36, 40, 39, 42, 41]]], [[43, [43, 48, 46, 44, 45, 9]]], [[49, [49, 47, 50]]]]]",737.5301453593072,"[[[[0, [1]], [11, [11, 6, 12]], [13, [13]], [6, []], [20, [20]], [31, [31, 32, 26, 28, 33]], [1, []], [32, []], [26, []], [38, [38, 36, 30, 21, 42, 34]], [36, []], [28, []], [30, []], [40, [40, 39, 49, 47, 41, 50]], [39, []], [49, []], [21, []], [47, []], [42, []], [34, []], [41, []], [12, []], [50, []], [33, []]], [[0, [4, 2, 5]], [5, []], [7, [7, 8, 15, 16, 14]], [18, [18, 17, 9, 10, 3]], [17, []], [15, []], [9, []], [29, [29, 25, 27, 22, 23]], [25, []], [3, []], [16, []], [27, []], [14, []], [4, []], [2, []], [22, []], [44, [44, 43, 19, 46, 37, 24, 35]], [37, []], [10, []], [24, []], [48, [48, 45]], [8, []], [46, []], [43, []], [19, []], [35, []], [23, []], [45, []]]], [[[11, [11, 6, 12]]], [[7, [7, 8, 15, 16, 14]]], [[13, [13]], [18, [18, 17, 9, 10, 3]]], [[20, [20]]], [[29, [29, 25, 27, 22, 23]]], [[31, [31, 32, 26, 28, 33]]], [[38, [38, 36, 30, 21, 42, 34]]], [[40, [40, 39, 49, 47, 41, 50]]], [[44, [44, 43, 19, 46, 37, 24, 35]]], [[48, [48, 45]]]]]",44.68088545235028,0,9,5.0,50.27666103128259,1,10,4.6,,,
573,test_data/data_demand_random_50_batch_all1_equal_random/C201_1.5.dat,8,120,4,717.3112887414927,"[[[[0, [1]], [7, [7]], [18, [18, 17, 15, 6, 12]], [17, []], [15, []], [20, [20]], [6, []], [32, [32, 31, 26, 30, 28, 21, 23]], [31, []], [1, []], [26, []], [38, [38, 36, 40, 39, 42, 35]], [36, []], [30, []], [28, []], [40, []], [39, [45, 49, 47, 50]], [49, []], [21, []], [47, []], [42, []], [12, []], [50, []], [35, []], [23, []], [45, []]], [[0, [3, 5, 2, 4]], [5, []], [11, [11, 13, 9, 14, 8, 16, 10]], [9, []], [13, []], [10, []], [8, []], [19, [19, 33, 24, 34, 29, 22, 27, 25]], [2, []], [4, []], [3, []], [25, []], [27, []], [14, []], [41, [41, 37]], [16, []], [34, []], [29, []], [33, [43, 44, 46, 48]], [22, []], [43, []], [37, []], [44, []], [46, []], [24, []], [48, []]]], [[[7, [7]]], [[18, [18, 17, 15, 6, 12]]], [[11, [11, 13, 9, 14, 8, 16, 10]]], [[19, [19, 33, 24, 34, 29, 22, 27, 25]]], [[20, [20]]], [[32, [32, 31, 26, 30, 28, 21, 23]]], [[38, [38, 36, 40, 39, 42, 35]]], [[41, [41, 37]]], [[39, [45, 49, 47, 50]]], [[33, [43, 44, 46, 48]]]]]",784.2833347158128,"[[[[0, [2, 4, 3]], [7, [7, 17, 18, 15, 16, 12, 14]], [17, []], [18, []], [15, []], [29, [29, 23, 30, 28, 21, 34, 27, 33]], [2, []], [4, []], [16, []], [12, []], [23, [42, 41, 25, 35]], [30, []], [28, []], [40, [40, 39, 49, 47, 50]], [39, []], [49, []], [21, []], [47, []], [42, []], [34, []], [41, []], [14, []], [27, []], [3, []], [25, []], [50, []], [35, []], [33, []]], [[0, [1]], [11, [11, 9, 6, 13, 8, 10, 5]], [9, []], [6, []], [13, []], [20, [20, 26, 19]], [26, [31, 32, 22, 24]], [5, []], [1, []], [31, []], [32, []], [38, [38, 36]], [36, [43, 37, 45, 44, 46]], [45, []], [44, []], [22, []], [19, []], [43, []], [37, []], [10, []], [46, []], [8, []], [24, []], [48, [48]]]], [[[7, [7, 17, 18, 15, 16, 12, 14]]], [[11, [11, 9, 6, 13, 8, 10, 5]]], [[20, [20, 26, 19]]], [[29, [29, 23, 30, 28, 21, 34, 27, 33]]], [[26, [31, 32, 22, 24]]], [[23, [42, 41, 25, 35]], [38, [38, 36]]], [[36, [43, 37, 45, 44, 46]]], [[40, [40, 39, 49, 47, 50]]], [[48, [48]]]]]",50.993522191754245,0,10,4.5,46.98391265248302,1,9,5.111111111111111,,,
574,test_data/data_demand_random_50_batch_all1_equal_random/C201_1.5.dat,8,120,5,720.0512483795333,"[[[[0, [4, 2, 3]], [4, []], [2, []], [3, []], [16, [16, 10, 13, 6, 8, 9, 12]], [12, []], [23, [23]], [19, [19, 24, 11, 20, 22]], [10, []], [13, []], [36, [36]], [6, []], [20, []], [45, [45, 44, 37, 46, 43, 29]], [11, []], [22, []], [44, []], [37, []], [8, []], [24, []], [48, [48]], [46, []], [43, []], [29, []], [9, []]], [[0, [5, 1]], [5, []], [15, [15, 18, 7, 17]], [18, []], [7, []], [17, []], [26, [26, 31, 32, 30, 28, 21, 33]], [1, []], [31, []], [32, []], [38, [38, 40, 39, 42, 34, 41, 14, 27]], [30, []], [28, []], [40, []], [39, []], [49, [49, 47, 25, 50, 35]], [21, []], [47, []], [42, []], [34, []], [41, []], [14, []], [27, []], [25, []], [50, []], [35, []], [33, []]]], [[[15, [15, 18, 7, 17]]], [[16, [16, 10, 13, 6, 8, 9, 12]]], [[23, [23]]], [[19, [19, 24, 11, 20, 22]]], [[26, [26, 31, 32, 30, 28, 21, 33]]], [[38, [38, 40, 39, 42, 34, 41, 14, 27]]], [[36, [36]]], [[45, [45, 44, 37, 46, 43, 29]]], [[49, [49, 47, 25, 50, 35]]], [[48, [48]]]]]",791.732770896712,"[[[[0, [5]], [5, []], [6, [6, 10, 8, 11, 13]], [7, [7, 18, 17]], [18, []], [17, []], [23, [23]], [30, [30, 21, 28, 33, 19, 22, 24]], [21, []], [28, []], [35, [35]], [33, []], [19, [44, 37, 46, 43, 45]], [22, []], [44, []], [37, []], [10, []], [48, [48]], [8, []], [24, []], [46, []], [43, []], [11, []], [13, []], [45, []]], [[0, [3, 2, 4, 1]], [3, []], [16, [16, 12, 9, 15, 14]], [12, []], [2, []], [4, []], [29, [29, 20, 31, 32, 26, 34, 27, 25]], [9, []], [20, []], [38, [38, 36]], [31, []], [32, []], [1, []], [26, []], [36, [40, 39, 42, 41, 49, 47, 50]], [15, []], [40, []], [39, []], [49, []], [47, []], [42, []], [34, []], [41, []], [14, []], [27, []], [25, []], [50, []]]], [[[16, [16, 12, 9, 15, 14]]], [[6, [6, 10, 8, 11, 13]]], [[7, [7, 18, 17]]], [[23, [23]]], [[30, [30, 21, 28, 33, 19, 22, 24]]], [[29, [29, 20, 31, 32, 26, 34, 27, 25]]], [[38, [38, 36]], [35, [35]]], [[36, [40, 39, 42, 41, 49, 47, 50]]], [[19, [44, 37, 46, 43, 45]]], [[48, [48]]]]]",47.85096832268439,0,10,4.5,51.27837195739603,1,10,4.5,,,
575,test_data/data_demand_random_50_batch_all1_equal_cluster/C201_1.dat,4,90,2,602.298221281347,"[[[[0, [3, 7, 8, 6, 5, 1]], [8, []], [7, []], [1, []], [3, []], [15, [15, 22, 23]], [25, [25, 26, 27, 29]], [6, []], [22, []], [23, [36, 30, 24]], [24, []], [36, []], [44, [44, 42, 41, 43]], [43, []], [42, []], [41, []], [40, [40, 37, 38, 39]], [37, []], [38, []], [39, []], [30, []], [50, [50, 49, 48, 31]], [49, []], [48, []], [31, []], [28, [28]], [26, []], [27, []], [29, []], [5, []]], [[0, [2]], [4, [4, 16, 14, 10]], [2, []], [21, [21, 20, 19, 18]], [20, []], [19, []], [18, []], [17, [17, 11, 12, 9]], [32, [32, 33, 34, 35]], [33, []], [34, []], [35, []], [47, [47, 46, 45, 13]], [46, []], [45, []], [16, []], [14, []], [10, []], [11, []], [12, []], [9, []], [13, []]]], [[[4, [4, 16, 14, 10]]], [[15, [15, 22, 23]]], [[21, [21, 20, 19, 18]]], [[17, [17, 11, 12, 9]]], [[25, [25, 26, 27, 29]]], [[32, [32, 33, 34, 35]]], [[23, [36, 30, 24]]], [[44, [44, 42, 41, 43]]], [[40, [40, 37, 38, 39]]], [[47, [47, 46, 45, 13]]], [[50, [50, 49, 48, 31]]], [[28, [28]]]]]",,,56.61786679952205,0,12,3.5833333333333335,,,,,,(not found),
576,test_data/data_demand_random_50_batch_all1_equal_cluster/C201_1.dat,4,90,4,,,724.4089819266101,"[[[[0, [8, 7, 1, 4]], [8, []], [7, []], [1, []], [4, []], [21, [21, 19, 17, 18]], [19, []], [17, []], [18, []], [32, [32, 33, 34, 35]], [33, []], [34, []], [35, []], [20, [20, 30, 31]], [42, [42, 41, 40, 38]], [41, []], [40, []], [38, []], [39, [39, 50, 49, 48]], [30, []], [50, []], [49, []], [48, []], [31, []], [27, [27, 26, 25, 2]], [26, []], [25, []], [2, []]], [[0, [5, 6, 3]], [11, [11, 10, 9, 12]], [10, []], [9, []], [12, []], [14, [14, 13, 24, 23]], [13, []], [28, [28, 29, 15, 22]], [29, []], [5, []], [6, []], [22, []], [37, [37, 44, 43, 16]], [24, []], [23, []], [44, []], [43, []], [36, [36]], [3, []], [15, []], [16, []], [45, [45, 46, 47]], [46, []], [47, []]]], [[[11, [11, 10, 9, 12]]], [[21, [21, 19, 17, 18]]], [[14, [14, 13, 24, 23]]], [[28, [28, 29, 15, 22]]], [[32, [32, 33, 34, 35]]], [[37, [37, 44, 43, 16]]], [[36, [36]], [20, [20, 30, 31]]], [[42, [42, 41, 40, 38]]], [[45, [45, 46, 47]]], [[39, [39, 50, 49, 48]]], [[27, [27, 26, 25, 2]]]]]",,,,,59.991323135037504,1,11,3.909090909090909,,,
577,test_data/data_demand_random_50_batch_all1_equal_cluster/C201_1.dat,4,90,5,603.1718334966038,"[[[[0, [6, 5, 3]], [3, []], [12, [12, 10, 13, 11]], [10, []], [13, []], [11, []], [25, [25, 28, 26, 27]], [6, []], [22, [22, 23, 29, 24]], [24, []], [23, []], [44, [44, 36, 43, 40]], [36, []], [43, []], [42, [42, 41, 30]], [41, []], [40, []], [37, [37, 38, 39]], [38, []], [39, []], [30, []], [50, [50, 49, 48, 31]], [49, []], [48, []], [31, []], [28, []], [26, []], [27, []], [29, []], [5, []]], [[0, [8, 7, 4, 2, 1]], [7, []], [4, []], [2, []], [8, []], [20, [20, 21, 19, 14]], [21, [17, 18, 16, 15]], [19, []], [17, []], [18, []], [34, [34, 35, 33, 32]], [35, []], [33, []], [32, []], [47, [47, 46, 45, 9]], [46, []], [45, []], [16, []], [14, []], [15, []], [9, []], [1, []]]], [[[12, [12, 10, 13, 11]]], [[20, [20, 21, 19, 14]]], [[21, [17, 18, 16, 15]]], [[25, [25, 28, 26, 27]]], [[34, [34, 35, 33, 32]]], [[22, [22, 23, 29, 24]]], [[44, [44, 36, 43, 40]]], [[42, [42, 41, 30]]], [[37, [37, 38, 39]]], [[47, [47, 46, 45, 9]]], [[50, [50, 49, 48, 31]]]]]",,,57.31673704564131,0,11,3.8181818181818183,,,,,,(not found),
578,test_data/data_demand_random_50_batch_all1_equal_cluster/C201_1.dat,4,120,1,603.5410196624969,"[[[[0, [7, 2, 8, 4, 5, 6]], [4, []], [5, []], [6, []], [2, []], [7, [9, 16, 20, 21]], [22, [22, 18, 17, 19]], [21, []], [20, []], [18, []], [35, [35, 33, 32, 34]], [34, []], [33, []], [32, []], [17, []], [19, []], [8, []], [9, []], [16, []], [45, [45, 46, 47]], [46, []], [47, []]], [[0, [3, 1]], [14, [14, 12, 11, 13]], [11, []], [12, []], [13, []], [10, [10, 15, 23]], [15, []], [28, [28, 30, 29, 31]], [31, []], [30, []], [29, []], [41, [41, 42, 43, 24]], [42, []], [43, []], [44, [44, 36, 38, 39]], [36, []], [23, []], [24, []], [40, [40, 37, 48, 27]], [37, []], [38, []], [39, []], [50, [50, 49, 26, 25]], [49, []], [48, []], [27, []], [26, []], [25, []], [3, []], [1, []]]], [[[14, [14, 12, 11, 13]]], [[7, [9, 16, 20, 21]]], [[10, [10, 15, 23]]], [[22, [22, 18, 17, 19]]], [[28, [28, 30, 29, 31]]], [[35, [35, 33, 32, 34]]], [[41, [41, 42, 43, 24]]], [[44, [44, 36, 38, 39]]], [[40, [40, 37, 48, 27]]], [[50, [50, 49, 26, 25]]], [[45, [45, 46, 47]]]]]",,,58.37348179471331,0,11,3.8181818181818183,,,,,,(not found),
579,test_data/data_demand_random_50_batch_all1_equal_cluster/C201_1.dat,4,120,3,598.7308492477241,"[[[[0, [8]], [12, [12, 11, 10, 13]], [11, []], [13, []], [10, []], [9, [9, 21, 17]], [8, [24, 23, 30, 31]], [17, []], [21, []], [24, []], [23, []], [36, [36, 44, 43, 42]], [44, []], [43, []], [42, []], [41, [41, 40, 37, 38]], [40, []], [37, []], [38, []], [39, [39, 50, 49, 48]], [30, []], [50, []], [49, []], [48, []], [31, [28, 26, 27, 29]], [28, []], [26, []], [27, []], [29, []]], [[0, [5, 6, 1, 3, 4, 2]], [1, [7]], [3, []], [7, [16, 14, 15]], [5, []], [6, []], [22, [22, 19, 20, 18]], [19, []], [20, []], [18, []], [35, [35, 34, 33, 32]], [34, []], [33, []], [32, []], [47, [47, 46, 45, 25]], [46, []], [45, []], [16, []], [14, []], [15, []], [25, []], [4, []], [2, []]]], [[[1, [7]]], [[12, [12, 11, 10, 13]]], [[7, [16, 14, 15]]], [[9, [9, 21, 17]]], [[22, [22, 19, 20, 18]]], [[8, [24, 23, 30, 31]]], [[35, [35, 34, 33, 32]]], [[36, [36, 44, 43, 42]]], [[41, [41, 40, 37, 38]]], [[47, [47, 46, 45, 25]]], [[39, [39, 50, 49, 48]]], [[31, [28, 26, 27, 29]]]]]",,,49.53210163544887,0,12,3.5833333333333335,,,,,,(not found),
580,test_data/data_demand_random_50_batch_all1_equal_cluster/C201_1.dat,4,120,4,596.5529453572468,"[[[[0, [7, 2, 4, 6, 5, 8, 3]], [4, []], [6, []], [5, []], [2, []], [7, []], [8, []], [17, [17, 18, 20, 21]], [18, []], [20, [30, 31, 28, 27]], [19, [19, 22, 23, 24]], [21, []], [22, []], [23, []], [24, []], [36, [36, 42, 41, 43]], [44, [44, 40, 37, 29]], [43, []], [42, []], [41, []], [40, []], [37, []], [38, [38, 39, 50, 49]], [39, []], [30, []], [50, []], [49, []], [48, [48, 26]], [31, []], [28, []], [26, []], [27, []], [29, []], [3, []]], [[0, [1]], [10, [10, 11, 16, 12]], [11, []], [16, []], [12, []], [9, [9, 14, 13, 15]], [32, [32, 33, 34, 35]], [33, []], [34, []], [35, []], [47, [47, 46, 45, 25]], [46, []], [45, []], [14, []], [13, []], [15, []], [25, []], [1, []]]], [[[10, [10, 11, 16, 12]]], [[9, [9, 14, 13, 15]]], [[17, [17, 18, 20, 21]]], [[20, [30, 31, 28, 27]]], [[19, [19, 22, 23, 24]]], [[32, [32, 33, 34, 35]]], [[36, [36, 42, 41, 43]]], [[44, [44, 40, 37, 29]]], [[47, [47, 46, 45, 25]]], [[38, [38, 39, 50, 49]]], [[48, [48, 26]]]]]",,,52.078688692816925,0,11,3.8181818181818183,,,,,,(not found),
581,test_data/data_demand_random_50_batch_all1_equal_cluster/C201_1.dat,4,120,5,621.3553390593274,"[[[[0, [2, 1, 5]], [1, []], [2, []], [10, [10, 12, 11, 14]], [12, []], [11, []], [14, []], [13, [13, 15, 24, 23]], [15, []], [26, [26, 27, 29, 30]], [27, []], [29, []], [30, []], [40, [40, 43, 44, 42]], [24, []], [23, []], [42, []], [43, []], [44, []], [36, [36, 41, 37]], [41, [38, 50, 49, 48]], [37, []], [38, []], [39, [39, 31, 28, 25]], [50, []], [49, []], [48, []], [31, []], [28, []], [25, []], [5, []]], [[0, [7, 8, 4, 3]], [4, [6]], [6, []], [7, []], [8, []], [21, [21, 20, 19, 17]], [20, [18, 22, 16, 9]], [19, []], [17, []], [32, [32, 33, 34, 35]], [33, []], [34, []], [35, []], [18, []], [22, []], [3, []], [45, [45, 47, 46]], [47, []], [46, []], [16, []], [9, []]]], [[[4, [6]]], [[10, [10, 12, 11, 14]]], [[13, [13, 15, 24, 23]]], [[21, [21, 20, 19, 17]]], [[20, [18, 22, 16, 9]]], [[26, [26, 27, 29, 30]]], [[32, [32, 33, 34, 35]]], [[40, [40, 43, 44, 42]]], [[36, [36, 41, 37]]], [[41, [38, 50, 49, 48]]], [[39, [39, 31, 28, 25]]], [[45, [45, 47, 46]]]]]",663.6864061035866,"[[[[0, [4, 3, 1]], [3, []], [1, []], [10, [10, 14, 13]], [14, []], [13, []], [4, []], [23, [23, 24, 31]], [24, []], [36, [36, 44, 43, 30]], [44, []], [43, []], [42, [42, 41, 40, 28]], [41, []], [40, []], [37, [38, 39, 37]], [38, []], [39, [45, 46, 47]], [30, []], [31, []], [28, []], [45, []], [46, []], [47, []]], [[0, [7, 8, 5, 2]], [5, []], [2, []], [22, [22, 19, 6, 15]], [21, [21, 20, 18, 16]], [20, [26]], [19, [17, 27, 25, 11]], [32, [32, 33, 35, 34]], [33, []], [34, []], [35, []], [18, []], [17, []], [8, []], [7, []], [6, []], [26, []], [27, []], [48, [48, 49, 50]], [49, []], [50, []], [29, [29, 12, 9]], [25, []], [15, []], [11, []], [16, []], [12, []], [9, []]]], [[[22, [22, 19, 6, 15]]], [[10, [10, 14, 13]]], [[21, [21, 20, 18, 16]]], [[20, [26]], [23, [23, 24, 31]]], [[19, [17, 27, 25, 11]]], [[32, [32, 33, 35, 34]]], [[36, [36, 44, 43, 30]]], [[42, [42, 41, 40, 28]]], [[37, [38, 39, 37]]], [[39, [45, 46, 47]]], [[48, [48, 49, 50]]], [[29, [29, 12, 9]]]]]",55.29721239830802,0,12,3.5833333333333335,59.224313035201455,1,12,3.5833333333333335,,,
582,test_data/data_demand_random_50_batch_all1_equal_cluster/C201_1.dat,8,60,3,608.298221281347,"[[[[0, [7, 6]], [7, []], [6, []], [13, [13, 11, 10, 9, 12, 15, 14, 16]], [16, []], [11, []], [10, []], [9, []], [12, [26, 27, 29, 30, 31, 28, 25]], [26, []], [27, []], [25, [50, 49, 48, 45, 46, 47]], [29, []], [30, []], [50, []], [49, []], [48, []], [31, []], [28, []], [15, []], [14, []], [45, []], [46, []], [47, []]], [[0, [3, 4, 5, 8, 2, 1]], [3, []], [4, []], [5, []], [8, []], [19, [19, 20, 21, 23, 22, 17, 18, 24]], [20, []], [21, []], [23, []], [22, []], [17, []], [18, [33, 32, 34, 35, 36]], [33, []], [32, [44, 43, 42, 41, 40, 37, 38, 39]], [34, []], [35, []], [36, []], [44, []], [43, []], [42, []], [41, []], [40, []], [24, []], [37, []], [38, []], [39, []], [2, []], [1, []]]], [[[13, [13, 11, 10, 9, 12, 15, 14, 16]]], [[19, [19, 20, 21, 23, 22, 17, 18, 24]]], [[12, [26, 27, 29, 30, 31, 28, 25]]], [[18, [33, 32, 34, 35, 36]]], [[32, [44, 43, 42, 41, 40, 37, 38, 39]]], [[25, [50, 49, 48, 45, 46, 47]]]]]",,,41.666199680998766,0,6,7.0,,,,,,(not found),
583,test_data/data_demand_random_50_batch_all1_equal_cluster/C201_1.dat,8,90,1,597.3573373083088,"[[[[0, [5]], [16, [16, 14, 10, 11, 15, 13]], [15, []], [14, []], [11, []], [10, []], [13, []], [22, [22, 23, 24, 31, 28, 26, 25, 29]], [23, []], [24, []], [44, [44, 36, 43, 42, 41, 40, 37, 38]], [36, []], [43, []], [42, []], [41, []], [40, []], [37, []], [38, []], [39, [39, 50, 49, 48, 30, 27]], [29, []], [30, []], [50, []], [49, []], [48, []], [31, []], [28, []], [27, []], [26, []], [25, []], [5, []]], [[0, [2, 7, 4, 1, 6, 3, 8]], [1, []], [6, []], [2, []], [4, []], [3, []], [7, []], [21, [21, 19, 20, 18, 17, 9]], [8, []], [19, []], [20, []], [18, []], [35, [35, 34, 33, 32, 12]], [34, []], [33, []], [32, []], [17, []], [9, []], [12, []], [45, [45, 46, 47]], [46, []], [47, []]]], [[[16, [16, 14, 10, 11, 15, 13]]], [[21, [21, 19, 20, 18, 17, 9]]], [[22, [22, 23, 24, 31, 28, 26, 25, 29]]], [[35, [35, 34, 33, 32, 12]]], [[44, [44, 36, 43, 42, 41, 40, 37, 38]]], [[39, [39, 50, 49, 48, 30, 27]]], [[45, [45, 46, 47]]]]]",605.8062484748657,"[[[[0, [6, 5, 7]], [7, []], [15, [15, 3]], [3, []], [6, []], [22, [22, 24, 21, 23, 30, 29, 27, 31]], [24, []], [21, []], [23, []], [36, [36, 44, 43, 42, 41, 40, 37, 38]], [44, []], [43, []], [42, []], [41, []], [40, []], [37, []], [38, []], [39, [39, 48, 49, 50, 26, 25, 28]], [48, []], [49, []], [50, []], [30, []], [29, []], [27, []], [31, []], [28, []], [26, []], [25, []], [5, []]], [[0, [1, 2, 4, 8]], [1, []], [2, []], [4, []], [9, [9, 11, 12, 10]], [12, [19, 20, 18]], [11, []], [10, []], [19, []], [20, []], [35, [35, 34, 32, 33, 17, 13, 14, 16]], [34, []], [32, []], [33, []], [18, []], [17, []], [8, []], [13, []], [14, []], [16, []], [45, [45, 46, 47]], [46, []], [47, []]]], [[[9, [9, 11, 12, 10]], [15, [15, 3]]], [[12, [19, 20, 18]]], [[22, [22, 24, 21, 23, 30, 29, 27, 31]]], [[35, [35, 34, 32, 33, 17, 13, 14, 16]]], [[36, [36, 44, 43, 42, 41, 40, 37, 38]]], [[45, [45, 46, 47]]], [[39, [39, 48, 49, 50, 26, 25, 28]]]]]",59.31400475447319,0,7,6.0,56.90240057307112,1,7,6.142857142857143,,,
584,test_data/data_demand_random_50_batch_all1_equal_cluster/C201_1.dat,8,90,2,598.0788655293195,"[[[[0, [4, 6, 7, 5, 2]], [7, []], [6, []], [2, []], [5, []], [4, []], [19, [19, 22, 24, 26, 27, 31, 28]], [21, [21, 23, 30, 29]], [22, []], [23, []], [24, []], [36, [36, 44, 42, 41, 40, 37, 38, 43]], [44, []], [43, []], [42, []], [41, []], [40, []], [37, []], [38, []], [39, [39, 48, 49, 50, 25]], [48, []], [49, []], [50, []], [30, []], [29, []], [27, []], [31, []], [28, []], [26, []], [25, []]], [[0, [3, 8, 1]], [1, []], [3, []], [9, [9, 12, 11, 13, 15, 14, 10]], [12, []], [11, []], [10, []], [13, []], [15, [17, 18]], [14, []], [8, []], [17, []], [32, [32, 33, 34, 35, 20, 16]], [33, []], [34, []], [35, []], [18, []], [20, []], [16, []], [45, [45, 46, 47]], [46, []], [47, []]]], [[[9, [9, 12, 11, 13, 15, 14, 10]]], [[15, [17, 18]]], [[19, [19, 22, 24, 26, 27, 31, 28]]], [[21, [21, 23, 30, 29]]], [[32, [32, 33, 34, 35, 20, 16]]], [[36, [36, 44, 42, 41, 40, 37, 38, 43]]], [[45, [45, 46, 47]]], [[39, [39, 48, 49, 50, 25]]]]]",684.6097569768485,"[[[[0, [3, 2]], [2, []], [15, [15, 11, 12]], [11, []], [12, []], [8, [20, 19, 17, 18, 8]], [20, []], [19, []], [17, []], [18, []], [32, [32, 33, 34, 35, 21]], [33, []], [34, []], [35, []], [21, []], [36, [36, 42, 41, 40, 37, 38, 43, 44]], [43, []], [44, []], [42, []], [41, []], [40, []], [37, []], [38, []], [39, [39, 48, 49, 50]], [48, []], [49, []], [50, []], [3, []]], [[0, [1, 7, 6, 4, 5]], [9, [9]], [1, []], [7, []], [13, [13, 22, 24, 23, 14, 10, 16]], [22, []], [24, []], [23, []], [6, []], [4, []], [5, []], [25, [25, 26, 27, 29, 30, 31, 28]], [26, []], [27, []], [29, []], [30, []], [31, []], [28, []], [14, []], [10, []], [16, []], [45, [45, 46, 47]], [46, []], [47, []]]], [[[15, [15, 11, 12]], [9, [9]]], [[8, [20, 19, 17, 18, 8]]], [[13, [13, 22, 24, 23, 14, 10, 16]]], [[25, [25, 26, 27, 29, 30, 31, 28]]], [[32, [32, 33, 34, 35, 21]]], [[36, [36, 42, 41, 40, 37, 38, 43, 44]]], [[45, [45, 46, 47]]], [[39, [39, 48, 49, 50]]]]]",51.186493968054165,0,8,5.25,52.31580007656495,1,8,5.375,,,
585,test_data/data_demand_random_50_batch_all1_equal_cluster/C201_1.dat,8,90,3,602.0788655293195,"[[[[0, [4, 2, 5, 6, 3]], [5, []], [6, []], [3, []], [4, []], [2, []], [22, [22, 18, 21, 23, 24]], [18, [27, 26, 28, 25]], [21, []], [24, []], [23, []], [36, [36, 44, 43, 42, 41, 40, 37, 38]], [44, []], [43, []], [42, []], [41, []], [40, []], [37, []], [38, []], [39, [39, 31, 30, 29, 48, 49, 50]], [27, []], [26, []], [28, []], [31, []], [48, []], [49, []], [50, []], [30, []], [29, []], [25, []]], [[0, [1, 7, 8]], [1, []], [14, [14, 15, 10, 13]], [15, []], [10, [20, 19, 17, 9]], [13, []], [7, []], [8, []], [20, []], [19, []], [17, []], [35, [35, 34, 33, 32, 12, 11, 16]], [34, []], [33, []], [32, []], [9, []], [12, []], [11, []], [16, []], [45, [45, 46, 47]], [46, []], [47, []]]], [[[14, [14, 15, 10, 13]]], [[22, [22, 18, 21, 23, 24]]], [[10, [20, 19, 17, 9]]], [[18, [27, 26, 28, 25]]], [[35, [35, 34, 33, 32, 12, 11, 16]]], [[36, [36, 44, 43, 42, 41, 40, 37, 38]]], [[39, [39, 31, 30, 29, 48, 49, 50]]], [[45, [45, 46, 47]]]]]",,,54.203992569563454,0,8,5.25,,,,,,(not found),
586,test_data/data_demand_random_50_batch_all1_equal_cluster/C201_1.dat,8,90,4,588.298221281347,"[[[[0, []], [11, [11, 12, 16, 14, 9, 15]], [12, []], [16, []], [14, []], [15, []], [25, [25, 28, 27, 26, 24, 23]], [24, []], [23, []], [36, [36]], [44, [44, 43, 42, 41, 40, 37, 38]], [43, []], [42, []], [41, []], [40, []], [37, []], [38, []], [39, [39, 29, 30, 31, 50, 49, 48]], [29, []], [30, []], [50, []], [49, []], [48, []], [31, []], [28, []], [27, []], [26, []], [9, []]], [[0, [7, 4, 5, 1, 3, 2, 6]], [1, []], [4, []], [5, []], [3, []], [2, []], [7, []], [6, []], [22, [22, 20, 21, 19, 17, 18, 13, 10]], [20, []], [21, []], [8, [35, 34, 33, 32, 8]], [19, []], [17, []], [18, []], [35, []], [34, []], [33, []], [32, []], [47, [47, 46, 45]], [46, []], [45, []], [13, []], [10, []]]], [[[11, [11, 12, 16, 14, 9, 15]]], [[22, [22, 20, 21, 19, 17, 18, 13, 10]]], [[25, [25, 28, 27, 26, 24, 23]]], [[8, [35, 34, 33, 32, 8]]], [[36, [36]]], [[44, [44, 43, 42, 41, 40, 37, 38]]], [[39, [39, 29, 30, 31, 50, 49, 48]]], [[47, [47, 46, 45]]]]]",590.0788655293195,"[[[[0, [4, 2, 5, 6, 1, 7, 8]], [5, []], [6, []], [4, []], [2, []], [1, []], [7, []], [8, []], [20, [20, 18, 22, 23, 24]], [18, []], [22, [29, 30, 27]], [24, []], [23, []], [36, [36, 44, 43, 42, 41, 40, 37, 38]], [44, []], [43, []], [42, []], [41, []], [40, []], [37, []], [38, []], [39, [39, 50, 49, 48, 31, 28, 26, 25]], [29, []], [30, []], [50, []], [49, []], [48, []], [31, []], [28, []], [27, []], [26, []], [25, []]], [[0, [3]], [3, []], [15, [15]], [21, [21, 14, 16]], [19, [19, 17, 9, 12, 11, 10, 13]], [35, [35, 34, 33, 32]], [34, []], [33, []], [32, []], [17, []], [9, []], [12, []], [11, []], [10, []], [13, []], [14, []], [16, []], [45, [45, 46, 47]], [46, []], [47, []]]], [[[15, [15]]], [[20, [20, 18, 22, 23, 24]], [21, [21, 14, 16]]], [[19, [19, 17, 9, 12, 11, 10, 13]]], [[22, [29, 30, 27]]], [[35, [35, 34, 33, 32]]], [[36, [36, 44, 43, 42, 41, 40, 37, 38]]], [[45, [45, 46, 47]]], [[39, [39, 50, 49, 48, 31, 28, 26, 25]]]]]",56.296659516342785,0,8,5.375,57.93511988175499,1,8,5.25,,,
587,test_data/data_demand_random_50_batch_all1_equal_cluster/C201_1.dat,8,90,5,590.0788655293195,"[[[[0, [8, 7, 2]], [2, []], [15, [15, 14, 13, 10, 11]], [14, []], [13, []], [10, []], [11, []], [8, [19, 30, 31, 26, 25, 29, 28, 27]], [19, []], [7, []], [36, [36, 44, 43, 42, 41, 40, 37, 38]], [44, []], [43, []], [42, []], [41, []], [40, []], [37, []], [38, []], [39, [39, 50, 49, 48]], [29, []], [30, []], [50, []], [49, []], [48, []], [31, []], [28, []], [27, []], [26, []], [25, []]], [[0, [4, 1, 5, 6, 3]], [3, []], [4, []], [1, []], [5, []], [6, []], [24, [24, 23, 22, 21, 20, 18, 17, 9]], [23, []], [22, []], [21, []], [20, []], [34, [34, 32, 33, 35, 16, 12]], [32, []], [33, []], [35, []], [18, []], [17, []], [9, []], [12, []], [16, []], [45, [45, 46, 47]], [46, []], [47, []]]], [[[15, [15, 14, 13, 10, 11]]], [[24, [24, 23, 22, 21, 20, 18, 17, 9]]], [[8, [19, 30, 31, 26, 25, 29, 28, 27]]], [[34, [34, 32, 33, 35, 16, 12]]], [[36, [36, 44, 43, 42, 41, 40, 37, 38]]], [[45, [45, 46, 47]]], [[39, [39, 50, 49, 48]]]]]",,,57.18488303117894,0,7,6.0,,,,,,(not found),
588,test_data/data_demand_random_50_batch_all1_equal_cluster/C201_1.dat,8,120,1,590.0788655293195,"[[[[0, [7, 8]], [9, [9, 13, 10, 11, 16]], [13, []], [7, [21, 20, 17, 18, 19]], [21, []], [20, []], [17, []], [32, [32, 33, 34, 35]], [33, []], [34, []], [35, []], [18, []], [19, []], [8, []], [10, []], [11, []], [16, []], [45, [45, 46, 47]], [46, []], [47, []]], [[0, [1, 2, 4, 6, 5, 3]], [1, []], [14, [14, 15, 12]], [15, []], [12, []], [2, [22, 24, 23, 29, 30, 31, 28, 27]], [4, []], [6, []], [22, []], [24, []], [23, []], [36, [36, 44, 43, 42, 41, 40, 37, 38]], [44, []], [43, []], [42, []], [41, []], [40, []], [37, []], [38, []], [39, [39, 50, 49, 48, 26, 25]], [29, []], [30, []], [50, []], [49, []], [48, []], [31, []], [28, []], [27, []], [26, []], [25, []], [5, []], [3, []]]], [[[9, [9, 13, 10, 11, 16]]], [[14, [14, 15, 12]]], [[7, [21, 20, 17, 18, 19]]], [[2, [22, 24, 23, 29, 30, 31, 28, 27]]], [[36, [36, 44, 43, 42, 41, 40, 37, 38]]], [[32, [32, 33, 34, 35]]], [[39, [39, 50, 49, 48, 26, 25]]], [[45, [45, 46, 47]]]]]",719.0015475291684,"[[[[0, [3, 8, 2, 5, 4, 7]], [5, []], [4, []], [3, []], [2, []], [8, []], [22, [22, 24, 13, 20, 23, 18, 19, 17]], [20, []], [19, []], [17, []], [18, []], [32, [32, 33, 34, 35, 21]], [33, []], [34, []], [35, []], [23, [41, 40, 45, 46, 47]], [24, []], [41, []], [40, []], [21, []], [7, []], [13, []], [45, []], [46, []], [47, []]], [[0, [1, 6]], [1, []], [15, [15, 14, 16, 12, 11, 10, 9]], [14, []], [16, []], [12, []], [11, []], [10, []], [9, []], [25, [25, 26, 27, 28, 31, 30, 29]], [26, []], [27, []], [28, []], [31, []], [30, [36]], [29, []], [6, []], [42, [42, 44, 37, 38, 39, 48, 49, 50]], [36, []], [44, []], [43, [43]], [37, []], [38, []], [39, []], [48, []], [49, []], [50, []]]], [[[22, [22, 24, 13, 20, 23, 18, 19, 17]]], [[15, [15, 14, 16, 12, 11, 10, 9]]], [[25, [25, 26, 27, 28, 31, 30, 29]]], [[32, [32, 33, 34, 35, 21]]], [[30, [36]]], [[42, [42, 44, 37, 38, 39, 48, 49, 50]]], [[43, [43]], [23, [41, 40, 45, 46, 47]]]]]",47.01092845047435,0,8,5.25,59.9616723970576,1,7,6.0,,,
589,test_data/data_demand_random_50_batch_all1_equal_cluster/C201_1.dat,8,120,2,590.0788655293195,"[[[[0, [8]], [14, [14, 10, 12, 11, 16, 9]], [10, []], [8, [19, 20, 18, 17]], [19, []], [20, []], [18, []], [33, [33, 32, 34, 35]], [32, []], [34, []], [35, []], [17, []], [12, []], [11, []], [16, []], [45, [45, 47, 46]], [47, []], [46, []], [9, []]], [[0, [2, 6, 5, 1, 4, 7, 3]], [1, []], [2, []], [4, []], [6, []], [5, []], [15, [15, 13]], [13, []], [7, [26, 27, 29, 25, 21, 22, 24, 23]], [21, []], [22, []], [24, []], [23, []], [36, [36, 44, 43, 42, 41, 40, 37, 38]], [44, []], [43, []], [42, []], [41, []], [40, []], [37, []], [38, []], [39, [39, 30, 31, 28, 50, 49, 48]], [30, []], [50, []], [49, []], [48, []], [31, []], [28, []], [26, []], [27, []], [29, []], [25, []], [3, []]]], [[[14, [14, 10, 12, 11, 16, 9]]], [[15, [15, 13]]], [[8, [19, 20, 18, 17]]], [[7, [26, 27, 29, 25, 21, 22, 24, 23]]], [[33, [33, 32, 34, 35]]], [[36, [36, 44, 43, 42, 41, 40, 37, 38]]], [[39, [39, 30, 31, 28, 50, 49, 48]]], [[45, [45, 47, 46]]]]]",,,50.7574145441178,0,8,5.25,,,,,,(not found),
590,test_data/data_demand_random_50_batch_all1_equal_cluster/C201_1.dat,8,120,3,590.0788655293195,"[[[[0, [1, 6, 2, 7]], [1, []], [6, []], [2, []], [7, []], [19, [19, 21, 20, 17, 16, 13, 12, 14]], [21, []], [20, []], [17, []], [35, [35, 33, 32, 34, 9, 10, 15, 11]], [33, []], [32, []], [34, []], [47, [47, 46, 45]], [46, []], [45, []], [16, []], [14, []], [15, []], [13, []], [11, []], [12, []], [10, []], [9, []]], [[0, [8, 3, 5, 4]], [8, []], [3, []], [5, []], [4, []], [18, [18, 22, 24, 23, 28, 31, 26, 27]], [22, []], [24, []], [23, []], [36, [36, 44, 43, 42, 41, 40, 37, 38]], [44, []], [43, []], [42, []], [41, []], [40, []], [37, []], [38, []], [39, [39, 50, 49, 48, 29, 25, 30]], [30, []], [50, []], [49, []], [48, []], [31, []], [28, []], [26, []], [27, []], [29, []], [25, []]]], [[[19, [19, 21, 20, 17, 16, 13, 12, 14]]], [[18, [18, 22, 24, 23, 28, 31, 26, 27]]], [[35, [35, 33, 32, 34, 9, 10, 15, 11]]], [[36, [36, 44, 43, 42, 41, 40, 37, 38]]], [[39, [39, 50, 49, 48, 29, 25, 30]]], [[47, [47, 46, 45]]]]]",,,56.8607368675549,0,6,7.0,,,,,,(not found),
591,test_data/data_demand_random_50_batch_all1_equal_cluster/C201_1.dat,8,120,4,589.5362826409555,"[[[[0, [5, 6, 4, 3, 8, 2, 7]], [5, []], [6, []], [4, []], [3, []], [2, []], [7, []], [20, [20, 19, 21, 18, 17, 23, 24, 22]], [19, []], [21, []], [18, []], [17, []], [32, [32, 33, 34, 35, 43, 44, 36, 42]], [33, []], [34, []], [35, []], [23, []], [43, []], [44, []], [36, []], [42, []], [41, [41, 40, 37]], [40, []], [24, []], [37, []], [22, []], [8, []]], [[0, [1]], [1, []], [9, [9, 12, 16, 11, 10, 14, 15, 13]], [12, []], [16, []], [11, []], [10, []], [14, []], [15, []], [25, [25, 28, 31, 30, 29, 27, 26]], [28, []], [31, []], [30, []], [29, []], [38, [38, 39]], [39, []], [50, [50, 49, 48, 45, 46, 47]], [49, []], [48, []], [27, []], [26, []], [13, []], [45, []], [46, []], [47, []]]], [[[9, [9, 12, 16, 11, 10, 14, 15, 13]]], [[20, [20, 19, 21, 18, 17, 23, 24, 22]]], [[25, [25, 28, 31, 30, 29, 27, 26]]], [[32, [32, 33, 34, 35, 43, 44, 36, 42]]], [[38, [38, 39]]], [[50, [50, 49, 48, 45, 46, 47]]], [[41, [41, 40, 37]]]]]",,,55.67613790058059,0,7,6.0,,,,,,(not found),
592,test_data/data_demand_random_50_batch_all1_equal_cluster/C201_1.dat,8,120,5,590.0788655293195,"[[[[0, [8]], [8, []], [19, [19, 21, 20, 18, 14, 17, 12, 10]], [21, []], [20, []], [17, []], [32, [32, 33, 34, 35, 13, 16, 9, 11]], [33, []], [34, []], [35, []], [18, []], [9, []], [12, []], [14, []], [13, []], [10, []], [11, []], [16, []], [45, [45, 46, 47]], [46, []], [47, []]], [[0, [6, 1, 4, 7, 2, 5, 3]], [1, []], [7, []], [15, [15]], [6, [24]], [4, [29, 30, 31, 28, 26, 27, 25]], [2, []], [22, [22, 23]], [23, []], [24, []], [36, [36, 44, 43, 42, 41, 40, 37, 38]], [44, []], [43, []], [42, []], [41, []], [40, []], [37, []], [38, []], [39, [39, 50, 49, 48]], [29, []], [30, []], [50, []], [49, []], [48, []], [31, []], [28, []], [26, []], [27, []], [25, []], [5, []], [3, []]]], [[[15, [15]]], [[19, [19, 21, 20, 18, 14, 17, 12, 10]]], [[6, [24]]], [[4, [29, 30, 31, 28, 26, 27, 25]]], [[22, [22, 23]]], [[32, [32, 33, 34, 35, 13, 16, 9, 11]]], [[36, [36, 44, 43, 42, 41, 40, 37, 38]]], [[39, [39, 50, 49, 48]]], [[45, [45, 46, 47]]]]]",653.7099202643649,"[[[[0, [7, 3, 5, 1]], [5, [8]], [1, []], [7, []], [8, []], [20, [20, 19, 17, 18, 21, 27, 28, 26]], [19, []], [17, []], [18, []], [32, [32, 33, 34, 35, 31]], [33, []], [34, [37, 38, 39]], [35, []], [21, []], [37, []], [38, []], [39, []], [27, []], [26, []], [28, []], [31, []], [48, [48, 49, 50, 30, 29, 25]], [49, []], [50, []], [30, []], [29, []], [25, []], [3, []]], [[0, [6, 2, 4]], [16, [16, 12, 9, 13, 11, 10, 24, 23]], [12, []], [9, []], [13, []], [11, []], [10, []], [2, []], [4, []], [6, []], [36, [36, 40, 22, 15, 14]], [44, [44, 42, 43, 45, 46, 47, 41]], [43, []], [42, []], [41, []], [40, []], [24, []], [23, []], [22, []], [15, []], [14, []], [45, []], [46, []], [47, []]]], [[[16, [16, 12, 9, 13, 11, 10, 24, 23]]], [[5, [8]]], [[20, [20, 19, 17, 18, 21, 27, 28, 26]]], [[32, [32, 33, 34, 35, 31]]], [[34, [37, 38, 39]], [36, [36, 40, 22, 15, 14]]], [[44, [44, 42, 43, 45, 46, 47, 41]]], [[48, [48, 49, 50, 30, 29, 25]]]]]",51.65951082952512,0,9,4.666666666666667,65.43279872354653,1,7,6.142857142857143,,,
593,test_data/data_demand_random_50_batch_all1_equal_random/C201_1.dat,4,90,3,627.3573373083088,"[[[[0, [1]], [1, [4]], [12, [12, 11, 10, 18]], [11, []], [10, []], [31, [31, 25, 22, 29]], [25, []], [40, [40, 17, 20, 24]], [18, []], [29, []], [48, [48, 45, 35, 38]], [22, []], [45, []], [20, []], [24, []], [4, []], [35, []], [17, []], [43, [43, 37, 41, 36]], [37, []], [38, []], [41, []], [36, []]], [[0, [2, 3]], [2, []], [3, []], [6, [6, 5, 9, 7]], [5, []], [9, []], [7, [15, 13, 16, 14]], [16, []], [13, []], [32, [32, 27, 23, 26]], [15, []], [27, []], [14, []], [47, [47, 39, 49, 44]], [39, []], [49, []], [21, [21, 28, 19, 8]], [44, []], [50, [50, 33, 42, 34]], [19, []], [8, []], [23, []], [26, []], [33, []], [28, []], [42, []], [34, []], [46, [46, 30]], [30, []]]], [[[1, [4]]], [[6, [6, 5, 9, 7]]], [[12, [12, 11, 10, 18]]], [[7, [15, 13, 16, 14]]], [[31, [31, 25, 22, 29]]], [[32, [32, 27, 23, 26]]], [[40, [40, 17, 20, 24]]], [[48, [48, 45, 35, 38]]], [[47, [47, 39, 49, 44]]], [[21, [21, 28, 19, 8]]], [[50, [50, 33, 42, 34]]], [[43, [43, 37, 41, 36]]], [[46, [46, 30]]]]]",,,53.705279878171154,0,13,3.6153846153846154,,,,,,(not found),
594,test_data/data_demand_random_50_batch_all1_equal_random/C201_1.dat,4,120,1,632.151858499966,"[[[[0, []], [4, [4]], [11, [11, 12, 22, 18]], [12, []], [25, [25, 31, 23, 10]], [31, []], [45, [45, 40, 44, 34]], [40, []], [22, []], [48, [48, 28, 33]], [10, []], [18, []], [29, [29, 26, 19, 8]], [28, []], [33, []], [26, []], [50, [50, 42, 30]], [19, []], [8, []], [23, []], [44, []], [42, []], [34, []], [46, [46]], [30, []]], [[0, [1, 2]], [1, []], [2, []], [6, [6, 5, 3]], [5, []], [3, [16, 7, 15, 17]], [9, [9, 21, 14, 13]], [21, []], [15, []], [36, [36, 27, 32, 20]], [20, []], [38, [38, 43, 35, 24]], [32, []], [14, []], [47, [47, 39, 49, 37]], [39, []], [13, []], [16, []], [7, []], [49, []], [27, []], [43, []], [17, []], [35, []], [37, []], [24, []], [41, [41]]]], [[[4, [4]]], [[6, [6, 5, 3]]], [[3, [16, 7, 15, 17]]], [[9, [9, 21, 14, 13]]], [[11, [11, 12, 22, 18]]], [[25, [25, 31, 23, 10]]], [[36, [36, 27, 32, 20]]], [[45, [45, 40, 44, 34]]], [[38, [38, 43, 35, 24]]], [[48, [48, 28, 33]]], [[47, [47, 39, 49, 37]]], [[29, [29, 26, 19, 8]]], [[41, [41]]], [[50, [50, 42, 30]]], [[46, [46]]]]]",739.9930165304626,"[[[[0, [2, 3]], [2, [5, 8, 13, 6]], [6, []], [23, [23, 9, 7, 16]], [5, []], [8, []], [3, []], [9, []], [21, [21, 27, 19, 31]], [7, []], [16, []], [13, []], [27, []], [32, [32, 38, 40, 30]], [38, []], [48, [48, 33, 45, 18]], [18, []], [22, [22, 28, 26]], [45, []], [31, []], [40, []], [28, []], [33, []], [26, []], [50, [50, 44, 42]], [19, []], [44, []], [42, []], [30, []]], [[0, [4]], [4, []], [11, [11, 10, 12, 17]], [10, [15, 25, 14]], [25, []], [12, []], [29, [29, 24, 34]], [24, []], [37, [37, 35, 43, 39]], [35, []], [17, []], [43, []], [14, []], [47, [47, 41, 36, 46]], [39, []], [49, [49]], [15, [20, 1]], [41, []], [36, []], [20, []], [46, []], [34, []], [1, []]]], [[[2, [5, 8, 13, 6]]], [[11, [11, 10, 12, 17]]], [[23, [23, 9, 7, 16]]], [[10, [15, 25, 14]]], [[29, [29, 24, 34]]], [[21, [21, 27, 19, 31]]], [[37, [37, 35, 43, 39]]], [[32, [32, 38, 40, 30]]], [[48, [48, 33, 45, 18]]], [[22, [22, 28, 26]]], [[47, [47, 41, 36, 46]]], [[49, [49]], [50, [50, 44, 42]]], [[15, [20, 1]]]]]",49.45011150718809,0,15,3.2,54.04205126624591,1,13,3.6153846153846154,,,
595,test_data/data_demand_random_50_batch_all1_equal_random/C201_1.dat,4,120,3,647.0483493925201,"[[[[0, [4]], [11, [11, 12, 10, 1]], [12, []], [10, []], [25, [25, 17, 22]], [36, [36, 24, 37, 35]], [24, []], [4, []], [35, []], [17, []], [43, [43, 42, 15, 40]], [37, []], [38, [38, 34, 31, 29]], [41, [41, 18, 45, 48]], [15, []], [42, []], [34, []], [1, []], [40, []], [31, []], [45, []], [22, []], [48, []], [18, []], [29, []]], [[0, [3]], [2, [2, 8, 5, 6]], [8, []], [5, []], [3, [21, 14, 13, 20]], [6, []], [26, [26, 23, 28, 19]], [23, []], [28, []], [33, [33, 9, 16, 7]], [19, []], [50, [50, 44, 39, 47]], [44, []], [9, []], [21, []], [7, []], [16, []], [39, []], [47, []], [14, []], [13, []], [49, [49, 27, 32, 30]], [27, []], [32, []], [46, [46]], [30, []], [20, []]]], [[[11, [11, 12, 10, 1]]], [[2, [2, 8, 5, 6]]], [[3, [21, 14, 13, 20]]], [[25, [25, 17, 22]]], [[26, [26, 23, 28, 19]]], [[36, [36, 24, 37, 35]]], [[33, [33, 9, 16, 7]]], [[50, [50, 44, 39, 47]]], [[43, [43, 42, 15, 40]]], [[38, [38, 34, 31, 29]]], [[41, [41, 18, 45, 48]]], [[49, [49, 27, 32, 30]]], [[46, [46]]]]]",,,51.73216310511819,0,13,3.6923076923076925,,,,,,(not found),
596,test_data/data_demand_random_50_batch_all1_equal_random/C201_1.dat,4,120,5,630.4108518139674,"[[[[0, []], [11, [11, 12, 6, 10]], [12, [16, 13, 15]], [22, [22, 8, 7, 9]], [18, [18, 25, 19, 26]], [10, []], [25, []], [31, [31, 33, 23]], [6, []], [33, []], [26, []], [23, []], [8, []], [19, []], [50, [50, 44, 21, 14]], [44, []], [9, []], [21, []], [7, []], [16, []], [13, []], [39, [39, 47, 27, 34]], [14, []], [47, []], [27, []], [49, [49, 42, 46, 30]], [15, []], [42, []], [34, []], [46, []], [30, []]], [[0, [2, 4, 3]], [1, [1, 5]], [2, []], [5, []], [3, []], [28, [28, 20, 24, 32]], [29, [29, 41, 38, 40]], [45, [45, 36, 37, 35]], [40, []], [48, [48, 43, 17]], [20, []], [36, []], [41, []], [38, []], [32, []], [37, []], [35, []], [4, []], [17, []], [43, []], [24, []]]], [[[11, [11, 12, 6, 10]]], [[1, [1, 5]]], [[12, [16, 13, 15]]], [[22, [22, 8, 7, 9]]], [[18, [18, 25, 19, 26]]], [[28, [28, 20, 24, 32]]], [[31, [31, 33, 23]]], [[29, [29, 41, 38, 40]]], [[45, [45, 36, 37, 35]]], [[48, [48, 43, 17]]], [[50, [50, 44, 21, 14]]], [[39, [39, 47, 27, 34]]], [[49, [49, 42, 46, 30]]]]]",,,48.96466797084707,0,13,3.6153846153846154,,,,,,(not found),
597,test_data/data_demand_random_50_batch_all1_equal_random/C201_1.dat,8,60,1,614.6468827043884,"[[[[0, [2]], [2, []], [10, [10, 11, 18, 12, 15]], [11, []], [29, [29, 25, 31, 28, 22, 23, 8, 9]], [18, [33, 26, 19, 21, 30]], [12, []], [25, []], [31, []], [45, [45, 48, 40, 50, 44, 42, 34, 46]], [22, []], [48, []], [40, []], [28, []], [33, []], [26, []], [23, []], [8, []], [19, []], [50, []], [44, []], [9, []], [21, []], [15, []], [42, []], [34, []], [46, []], [30, []]], [[0, [1, 3]], [1, [6, 5]], [6, []], [5, []], [3, []], [20, [20, 24, 27, 32]], [32, []], [38, [38, 41, 37, 35, 36]], [41, []], [24, [4, 17, 14, 13, 16, 7]], [37, []], [35, []], [4, []], [17, [47, 49, 43, 39]], [43, []], [14, []], [47, []], [39, []], [13, []], [16, []], [7, []], [49, []], [27, []], [36, []]]], [[[10, [10, 11, 18, 12, 15]]], [[1, [6, 5]]], [[20, [20, 24, 27, 32]]], [[29, [29, 25, 31, 28, 22, 23, 8, 9]]], [[18, [33, 26, 19, 21, 30]]], [[38, [38, 41, 37, 35, 36]]], [[24, [4, 17, 14, 13, 16, 7]]], [[45, [45, 48, 40, 50, 44, 42, 34, 46]]], [[17, [47, 49, 43, 39]]]]]",,,35.89740633041585,0,9,5.222222222222222,,,,,,(not found),
598,test_data/data_demand_random_50_batch_all1_equal_random/C201_1.dat,8,60,2,,,664.6619037896905,"[[[[0, [12, 4, 2, 1]], [12, []], [10, [10, 20, 13, 16, 17, 14]], [30, [30]], [20, [36, 24, 35, 37, 32, 27, 34]], [36, []], [24, []], [4, []], [35, []], [17, [43, 39, 47, 7, 38, 41, 49]], [43, []], [37, []], [38, []], [41, []], [32, []], [27, []], [39, []], [47, []], [14, []], [13, []], [16, []], [7, []], [49, []], [42, [42]], [2, []], [1, []], [34, []]], [[0, [5, 6, 3]], [3, []], [5, []], [6, []], [22, [22, 23, 8, 9, 11, 18, 15]], [29, [29, 25, 31, 28, 26, 19, 21]], [11, []], [25, []], [31, []], [45, [45, 40, 33, 48, 50, 44, 46]], [18, []], [48, []], [40, []], [28, []], [33, []], [26, []], [23, []], [8, []], [19, []], [50, []], [44, []], [9, []], [21, []], [15, []], [46, []]]], [[[10, [10, 20, 13, 16, 17, 14]]], [[22, [22, 23, 8, 9, 11, 18, 15]]], [[29, [29, 25, 31, 28, 26, 19, 21]], [30, [30]]], [[20, [36, 24, 35, 37, 32, 27, 34]]], [[45, [45, 40, 33, 48, 50, 44, 46]]], [[17, [43, 39, 47, 7, 38, 41, 49]]], [[42, [42]]]]]",,,,,38.76897677509652,1,7,6.142857142857143,,,
599,test_data/data_demand_random_50_batch_all1_equal_random/C201_1.dat,8,60,3,608.7630546142402,"[[[[0, [1, 2, 4, 3]], [2, [5, 6]], [3, []], [5, []], [6, []], [1, [17, 14, 13, 16, 7, 15]], [36, [36, 24, 35, 37, 32, 27, 34]], [41, [41]], [24, []], [4, []], [35, []], [17, [43, 38, 47, 39, 49, 46]], [43, []], [37, []], [38, []], [32, []], [14, []], [47, []], [39, []], [13, []], [16, []], [7, []], [49, []], [27, []], [15, []], [34, []], [46, []]], [[0, [11, 12, 10]], [11, []], [12, []], [18, [18, 8]], [29, [29, 25, 31, 28]], [10, [26, 19, 21, 20, 40, 23, 9]], [25, []], [31, []], [48, [48, 45, 22, 33, 50, 44, 42, 30]], [22, []], [45, []], [40, []], [28, []], [33, []], [26, []], [23, []], [8, []], [19, []], [50, []], [44, []], [9, []], [21, []], [42, []], [20, []], [30, []]]], [[[2, [5, 6]]], [[1, [17, 14, 13, 16, 7, 15]]], [[18, [18, 8]]], [[36, [36, 24, 35, 37, 32, 27, 34]]], [[29, [29, 25, 31, 28]]], [[10, [26, 19, 21, 20, 40, 23, 9]]], [[41, [41]]], [[48, [48, 45, 22, 33, 50, 44, 42, 30]]], [[17, [43, 38, 47, 39, 49, 46]]]]]",,,36.623823552179886,0,9,4.777777777777778,,,,,,(not found),
600,test_data/data_demand_random_50_batch_all1_equal_random/C201_1.dat,8,90,1,626.8216459343919,"[[[[0, []], [9, [9, 7, 16, 8, 15, 13, 14]], [7, []], [16, []], [21, [21, 26, 23, 19, 27, 32]], [28, [33, 28, 39, 34, 38, 41]], [33, []], [26, []], [23, []], [8, []], [19, []], [50, [50, 44, 42, 46, 49, 47]], [44, []], [42, []], [34, []], [46, []], [15, []], [27, []], [49, []], [13, []], [39, []], [47, []], [14, []], [32, []], [38, []], [41, []]], [[0, [1, 2]], [1, []], [2, []], [3, [3, 5, 6, 4]], [5, []], [6, []], [18, [18, 12, 11, 10]], [25, [25, 29, 22, 30, 20, 24, 31, 17]], [12, []], [11, []], [10, []], [31, []], [48, [48, 40, 45, 36, 35, 43, 37]], [40, []], [45, []], [22, []], [29, []], [30, []], [20, []], [36, []], [24, []], [4, []], [35, []], [17, []], [43, []], [37, []]]], [[[9, [9, 7, 16, 8, 15, 13, 14]]], [[3, [3, 5, 6, 4]]], [[18, [18, 12, 11, 10]]], [[25, [25, 29, 22, 30, 20, 24, 31, 17]]], [[21, [21, 26, 23, 19, 27, 32]]], [[28, [33, 28, 39, 34, 38, 41]]], [[50, [50, 44, 42, 46, 49, 47]]], [[48, [48, 40, 45, 36, 35, 43, 37]]]]]",,,56.697404712228185,0,8,6.0,,,,,,(not found),
601,test_data/data_demand_random_50_batch_all1_equal_random/C201_1.dat,8,90,2,,,643.0483493925201,"[[[[0, [1]], [1, []], [6, [6]], [22, [22, 10, 23, 19, 8, 11, 12, 18]], [10, []], [11, []], [12, []], [25, [25, 31, 29, 28, 33, 26, 30, 34]], [31, []], [18, []], [29, []], [48, [48, 45, 40, 50, 44, 42, 46, 20]], [45, []], [40, []], [28, []], [33, []], [26, []], [23, []], [8, []], [19, []], [50, []], [44, []], [42, []], [34, []], [46, []], [30, []], [20, []], [38, [38]]], [[0, [3, 2]], [2, []], [3, []], [5, [5, 9, 7, 4]], [9, [16, 14, 21, 15]], [21, []], [41, [41, 39, 27, 35, 36, 32, 37, 24]], [15, []], [27, []], [14, []], [47, [47, 13, 49, 17, 43]], [39, []], [13, []], [16, []], [7, []], [49, []], [32, []], [37, []], [4, []], [35, []], [17, []], [43, []], [24, []], [36, []]]], [[[6, [6]], [5, [5, 9, 7, 4]]], [[22, [22, 10, 23, 19, 8, 11, 12, 18]]], [[9, [16, 14, 21, 15]]], [[25, [25, 31, 29, 28, 33, 26, 30, 34]]], [[41, [41, 39, 27, 35, 36, 32, 37, 24]]], [[48, [48, 45, 40, 50, 44, 42, 46, 20]]], [[47, [47, 13, 49, 17, 43]]], [[38, [38]]]]]",,,,,53.79193371742769,1,8,5.875,,,
602,test_data/data_demand_random_50_batch_all1_equal_random/C201_1.dat,8,90,3,629.0483493925201,"[[[[0, [4]], [12, [12, 11, 10]], [11, []], [25, [25, 17, 7, 16, 13, 14]], [10, []], [29, [35, 37, 27, 29, 24, 32, 36]], [24, []], [4, []], [35, []], [17, []], [43, [43, 49, 39, 47, 38, 41]], [37, []], [27, []], [49, []], [7, []], [16, []], [13, []], [39, []], [47, []], [14, []], [32, []], [38, []], [41, []], [36, []]], [[0, [2]], [1, [1, 3]], [2, [9, 8, 5, 6]], [9, []], [3, []], [23, [23, 19, 18, 21, 15, 20]], [19, []], [8, []], [5, []], [6, []], [22, [22, 31, 30, 28, 26]], [31, []], [40, [40, 33, 44, 42]], [18, []], [48, [48, 45, 46, 34, 50]], [45, []], [30, []], [46, []], [34, []], [42, []], [28, []], [33, []], [26, []], [50, []], [44, []], [21, []], [15, []], [20, []]]], [[[1, [1, 3]]], [[2, [9, 8, 5, 6]]], [[12, [12, 11, 10]]], [[23, [23, 19, 18, 21, 15, 20]]], [[25, [25, 17, 7, 16, 13, 14]]], [[22, [22, 31, 30, 28, 26]]], [[29, [35, 37, 27, 29, 24, 32, 36]]], [[40, [40, 33, 44, 42]]], [[48, [48, 45, 46, 34, 50]]], [[43, [43, 49, 39, 47, 38, 41]]]]]",,,46.95239728630838,0,10,4.8,,,,,,(not found),
603,test_data/data_demand_random_50_batch_all1_equal_random/C201_1.dat,8,90,4,587.3284080001688,"[[[[0, []], [11, [11, 12, 6, 5, 8, 10]], [10, []], [12, []], [25, [25, 26, 23, 19, 20, 22, 18]], [28, [28, 33, 34, 30, 29]], [26, []], [33, []], [6, []], [5, []], [23, []], [8, []], [19, []], [50, [50, 44, 42, 46, 45, 48, 40, 31]], [44, []], [42, []], [34, []], [46, []], [20, []], [30, []], [45, []], [40, []], [31, []], [18, []], [48, []], [22, []], [29, []]], [[0, [3]], [1, [1, 2, 9, 4, 7]], [2, []], [3, []], [9, []], [21, [21, 15, 17]], [15, []], [4, []], [35, [35, 24, 14, 13, 16, 27]], [17, []], [43, [43, 37, 41, 38, 32, 39, 36]], [37, []], [24, []], [41, []], [38, []], [32, []], [14, []], [47, [47, 49]], [39, []], [13, []], [16, []], [7, []], [49, []], [27, []], [36, []]]], [[[11, [11, 12, 6, 5, 8, 10]]], [[1, [1, 2, 9, 4, 7]]], [[21, [21, 15, 17]]], [[25, [25, 26, 23, 19, 20, 22, 18]]], [[35, [35, 24, 14, 13, 16, 27]]], [[28, [28, 33, 34, 30, 29]]], [[43, [43, 37, 41, 38, 32, 39, 36]]], [[50, [50, 44, 42, 46, 45, 48, 40, 31]]], [[47, [47, 49]]]]]",677.313207915828,"[[[[0, []], [11, [11, 9, 7, 14, 10, 16, 12, 18]], [18, []], [22, [22, 21, 13, 15]], [29, [29, 25, 31, 27, 30]], [10, []], [12, []], [25, []], [31, []], [48, [48, 45, 33, 44, 50, 47]], [45, [39, 42, 49]], [33, []], [50, []], [44, []], [9, []], [21, []], [49, []], [7, []], [16, []], [13, []], [39, []], [14, []], [47, []], [27, []], [15, []], [42, []], [30, []]], [[0, [3, 4, 1]], [1, []], [2, [2, 5, 6, 8]], [3, []], [5, []], [6, []], [8, []], [19, [19, 23, 26, 24, 17, 20]], [23, []], [26, []], [28, [28, 32]], [40, [40, 37, 35, 38, 41, 36]], [32, []], [24, []], [37, []], [17, []], [4, []], [35, []], [43, [43, 34, 46]], [38, []], [41, []], [36, []], [46, []], [34, []], [20, []]]], [[[2, [2, 5, 6, 8]]], [[19, [19, 23, 26, 24, 17, 20]]], [[11, [11, 9, 7, 14, 10, 16, 12, 18]]], [[22, [22, 21, 13, 15]]], [[29, [29, 25, 31, 27, 30]], [28, [28, 32]]], [[40, [40, 37, 35, 38, 41, 36]]], [[48, [48, 45, 33, 44, 50, 47]]], [[45, [39, 42, 49]]], [[43, [43, 34, 46]]]]]",58.7635565409316,0,9,5.444444444444445,49.7493459117874,1,9,5.222222222222222,,,
604,test_data/data_demand_random_50_batch_all1_equal_random/C201_1.dat,8,90,5,614.0483493925201,"[[[[0, [3, 2, 4, 1]], [2, []], [3, []], [5, [5, 6]], [6, []], [1, [17, 14, 13, 16, 7]], [17, [35, 37, 24, 27, 32, 36]], [35, []], [4, []], [43, [43, 47, 39, 49, 38, 41]], [37, []], [24, []], [14, []], [47, []], [39, []], [13, []], [16, []], [7, []], [49, []], [27, []], [32, []], [38, []], [41, []], [36, []]], [[0, []], [11, [11, 12, 10, 18]], [12, []], [25, [25, 8, 20, 15, 21, 9]], [10, []], [18, []], [30, [30, 34, 19, 23, 26, 28, 31, 22]], [20, []], [46, [46, 42, 44, 29]], [34, []], [42, []], [15, [50, 33, 40, 45, 48]], [21, []], [9, []], [44, []], [50, []], [19, []], [8, []], [23, []], [26, []], [33, []], [28, []], [40, []], [45, []], [31, []], [48, []], [22, []], [29, []]]], [[[11, [11, 12, 10, 18]]], [[5, [5, 6]]], [[25, [25, 8, 20, 15, 21, 9]]], [[1, [17, 14, 13, 16, 7]]], [[30, [30, 34, 19, 23, 26, 28, 31, 22]]], [[17, [35, 37, 24, 27, 32, 36]]], [[46, [46, 42, 44, 29]]], [[15, [50, 33, 40, 45, 48]]], [[43, [43, 47, 39, 49, 38, 41]]]]]",687.6155281280883,"[[[[0, [2, 3]], [2, []], [18, [18, 10, 15, 12, 11, 16, 13]], [10, []], [12, []], [11, []], [25, [25, 31, 27, 7, 9]], [31, []], [46, [46]], [42, [42, 49, 21, 19, 22, 29]], [15, []], [27, []], [16, []], [13, []], [49, []], [7, []], [21, []], [9, []], [44, [44, 50, 33, 40, 45]], [19, []], [50, []], [3, []], [33, []], [40, []], [48, [48]], [22, []], [45, []], [29, []]], [[0, []], [5, [5, 6, 8, 17, 14, 4, 1]], [6, []], [26, [26, 23, 28, 24, 32, 20, 30]], [23, []], [8, []], [28, []], [34, [34, 36, 35, 43, 37, 38, 41]], [20, []], [36, []], [41, []], [24, []], [4, []], [35, []], [17, []], [43, []], [37, []], [38, []], [32, []], [47, [47, 39]], [39, []], [14, []], [1, []], [30, []]]], [[[18, [18, 10, 15, 12, 11, 16, 13]]], [[5, [5, 6, 8, 17, 14, 4, 1]]], [[26, [26, 23, 28, 24, 32, 20, 30]]], [[25, [25, 31, 27, 7, 9]]], [[46, [46]], [34, [34, 36, 35, 43, 37, 38, 41]]], [[42, [42, 49, 21, 19, 22, 29]]], [[47, [47, 39]]], [[44, [44, 50, 33, 40, 45]]], [[48, [48]]]]]",48.01386130542493,0,9,5.111111111111111,57.18817038181718,1,9,5.333333333333333,,,
605,test_data/data_demand_random_50_batch_all1_equal_random/C201_1.dat,8,120,1,617.3573373083088,"[[[[0, [2]], [10, [10, 12, 11, 18]], [12, []], [11, []], [25, [25, 29, 30, 26, 22, 20, 31]], [18, []], [29, [33, 28, 34, 40, 36]], [22, []], [40, []], [48, [48, 45, 46, 44, 50, 42]], [31, []], [45, []], [30, []], [46, []], [42, []], [44, []], [50, []], [26, []], [33, []], [28, []], [2, []], [34, []], [20, []], [36, []]], [[0, [3, 1, 4]], [1, []], [5, [5, 6, 8, 9, 15, 14, 13]], [6, []], [23, [23, 19, 21, 27, 16, 7, 17]], [8, []], [19, []], [3, []], [9, []], [21, []], [15, []], [27, []], [14, []], [47, [47, 39, 49, 32, 41, 38, 37, 35]], [39, []], [13, []], [16, []], [7, []], [49, []], [32, []], [41, []], [38, []], [37, []], [43, [43, 24]], [17, []], [35, []], [4, []], [24, []]]], [[[10, [10, 12, 11, 18]]], [[5, [5, 6, 8, 9, 15, 14, 13]]], [[23, [23, 19, 21, 27, 16, 7, 17]]], [[25, [25, 29, 30, 26, 22, 20, 31]]], [[29, [33, 28, 34, 40, 36]]], [[48, [48, 45, 46, 44, 50, 42]]], [[47, [47, 39, 49, 32, 41, 38, 37, 35]]], [[43, [43, 24]]]]]",,,57.82565617027785,0,8,5.75,,,,,,(not found),
606,test_data/data_demand_random_50_batch_all1_equal_random/C201_1.dat,8,120,2,602.6619037896905,"[[[[0, [1, 2]], [1, []], [2, []], [15, [15, 9, 7, 16, 13, 17, 4, 14]], [9, []], [36, [36, 21, 32, 27, 24]], [21, []], [7, []], [16, []], [13, []], [14, []], [47, [47, 39, 49, 35, 43, 38, 41, 37]], [39, []], [49, []], [27, []], [32, []], [38, []], [41, []], [4, []], [35, []], [17, []], [43, []], [37, []], [24, []]], [[0, [3]], [11, [11, 10, 12]], [10, []], [12, [19, 8, 5, 6, 18]], [25, [25, 22, 20, 23, 26]], [22, []], [20, [30, 40, 28, 31, 33, 29]], [30, []], [46, [46, 34, 44, 45, 42]], [34, []], [42, []], [44, []], [3, []], [50, [50, 48]], [19, []], [8, []], [23, []], [5, []], [6, []], [26, []], [33, []], [28, []], [40, []], [45, []], [31, []], [48, []], [18, []], [29, []]]], [[[15, [15, 9, 7, 16, 13, 17, 4, 14]]], [[11, [11, 10, 12]]], [[12, [19, 8, 5, 6, 18]]], [[25, [25, 22, 20, 23, 26]]], [[36, [36, 21, 32, 27, 24]]], [[20, [30, 40, 28, 31, 33, 29]]], [[46, [46, 34, 44, 45, 42]]], [[47, [47, 39, 49, 35, 43, 38, 41, 37]]], [[50, [50, 48]]]]]",,,50.80687287631839,0,9,5.222222222222222,,,,,,(not found),
607,test_data/data_demand_random_50_batch_all1_equal_random/C201_1.dat,8,120,3,624.3132079158279,"[[[[0, [4, 1, 3, 2]], [2, []], [3, []], [5, [5, 6]], [6, []], [34, [34, 30, 20, 17, 24]], [1, []], [40, [40, 31, 42, 36, 41, 35, 43, 37]], [31, []], [48, [48, 45, 46]], [45, []], [30, []], [46, []], [42, []], [20, []], [36, []], [41, []], [4, []], [35, []], [17, []], [43, []], [37, []], [24, []]], [[0, []], [11, [11, 15, 7, 16, 13, 14]], [12, [12, 10, 18, 22, 19, 21]], [25, [25, 23, 8, 9]], [10, []], [18, []], [22, []], [29, [29, 33, 28, 26, 27, 32]], [28, []], [33, []], [26, []], [23, []], [8, []], [19, []], [50, [50, 44, 49, 39, 47, 38]], [44, []], [9, []], [21, []], [15, []], [27, []], [49, []], [7, []], [16, []], [13, []], [39, []], [47, []], [14, []], [32, []], [38, []]]], [[[5, [5, 6]]], [[11, [11, 15, 7, 16, 13, 14]]], [[12, [12, 10, 18, 22, 19, 21]]], [[25, [25, 23, 8, 9]]], [[34, [34, 30, 20, 17, 24]]], [[29, [29, 33, 28, 26, 27, 32]]], [[40, [40, 31, 42, 36, 41, 35, 43, 37]]], [[48, [48, 45, 46]]], [[50, [50, 44, 49, 39, 47, 38]]]]]",652.3132079158279,"[[[[0, [3]], [3, []], [8, [8, 5, 6, 9, 15, 7, 16, 13]], [5, []], [6, []], [28, [28, 26, 23, 19, 21, 27, 14, 20]], [40, [40]], [33, [33, 44, 39, 32, 30]], [26, []], [23, []], [19, []], [50, [50, 49, 47]], [44, []], [9, []], [21, []], [15, []], [27, []], [49, []], [7, []], [16, []], [13, []], [39, []], [47, []], [14, []], [32, []], [20, []], [30, []]], [[0, [1, 2]], [1, []], [2, []], [18, [18, 10, 11, 12, 17, 4]], [10, []], [11, []], [12, []], [25, [25, 31]], [31, []], [29, [29, 22, 36, 37, 35, 24, 34]], [22, []], [45, [45]], [48, [48, 41, 38, 43, 42, 46]], [36, []], [41, []], [38, []], [37, []], [43, []], [17, []], [35, []], [4, []], [24, []], [42, []], [34, []], [46, []]]], [[[8, [8, 5, 6, 9, 15, 7, 16, 13]]], [[18, [18, 10, 11, 12, 17, 4]]], [[28, [28, 26, 23, 19, 21, 27, 14, 20]]], [[25, [25, 31]]], [[40, [40]]], [[29, [29, 22, 36, 37, 35, 24, 34]]], [[45, [45]], [33, [33, 44, 39, 32, 30]]], [[48, [48, 41, 38, 43, 42, 46]]], [[50, [50, 49, 47]]]]]",52.84093848168548,0,9,5.111111111111111,53.25212983717027,1,9,5.222222222222222,,,
608,test_data/data_demand_random_50_batch_all1_equal_random/C201_1.dat,8,120,4,583.3606797749978,"[[[[0, []], [11, [11, 12, 10, 18, 6, 5, 8]], [12, []], [10, []], [18, []], [31, [31, 26, 23, 19, 30, 29, 25, 22]], [25, []], [40, [40, 28, 33, 34]], [28, []], [26, []], [33, []], [6, []], [5, []], [23, []], [8, []], [19, []], [50, [50, 44, 42, 46, 45, 48]], [44, []], [42, []], [34, []], [46, []], [30, []], [45, []], [22, []], [48, []], [29, []]], [[0, []], [1, [1, 9, 2, 3, 4, 7, 13]], [2, []], [3, []], [9, []], [21, [21, 15, 17, 14, 16, 20]], [15, []], [24, [24, 37, 35, 36, 32, 27]], [37, []], [4, []], [35, []], [17, []], [43, [43, 38, 41, 47, 39, 49]], [27, []], [49, []], [7, []], [16, []], [13, []], [39, []], [47, []], [14, []], [32, []], [38, []], [41, []], [36, []], [20, []]]], [[[1, [1, 9, 2, 3, 4, 7, 13]]], [[11, [11, 12, 10, 18, 6, 5, 8]]], [[21, [21, 15, 17, 14, 16, 20]]], [[31, [31, 26, 23, 19, 30, 29, 25, 22]]], [[24, [24, 37, 35, 36, 32, 27]]], [[40, [40, 28, 33, 34]]], [[43, [43, 38, 41, 47, 39, 49]]], [[50, [50, 44, 42, 46, 45, 48]]]]]",702.3553390593274,"[[[[0, [3, 1, 2]], [1, []], [2, []], [6, [6, 5, 9, 8]], [5, []], [3, []], [8, []], [23, [23, 21, 26, 19, 32, 20, 30, 31]], [26, []], [19, []], [44, [44, 45, 40, 25, 22, 29]], [50, [50, 48, 36, 46, 42]], [9, []], [21, []], [32, []], [36, []], [20, []], [42, []], [46, []], [30, []], [45, []], [40, []], [31, []], [25, []], [48, []], [22, []], [29, []]], [[0, [4]], [11, [11, 7, 12, 10]], [12, []], [10, []], [18, [18, 27, 15, 24, 16, 14, 13, 17]], [33, [33, 28, 34]], [28, []], [34, []], [27, []], [15, []], [7, []], [16, []], [14, []], [47, [47, 49, 43, 39, 38, 41, 35, 37]], [39, []], [13, []], [49, []], [38, []], [41, []], [4, []], [35, []], [17, []], [43, []], [37, []], [24, []]]], [[[11, [11, 7, 12, 10]], [6, [6, 5, 9, 8]]], [[18, [18, 27, 15, 24, 16, 14, 13, 17]]], [[23, [23, 21, 26, 19, 32, 20, 30, 31]]], [[33, [33, 28, 34]]], [[44, [44, 45, 40, 25, 22, 29]]], [[50, [50, 48, 36, 46, 42]]], [[47, [47, 49, 43, 39, 38, 41, 35, 37]]]]]",49.99003674298031,0,8,6.25,72.39363042984654,1,7,6.571428571428571,,,
609,test_data/data_demand_random_50_batch_all1_equal_random/C201_1.dat,8,120,5,604.0688837074972,"[[[[0, [2]], [5, [5, 6, 11, 10]], [6, []], [18, [18, 12, 8]], [11, []], [25, [25, 29, 22, 31, 28, 26, 23, 19]], [12, []], [10, []], [29, []], [48, [48, 45, 40, 33, 44, 34, 46, 42]], [22, []], [45, []], [31, []], [40, []], [28, []], [33, []], [26, []], [23, []], [8, []], [19, []], [50, [50, 30]], [44, []], [42, []], [2, []], [34, []], [46, []], [30, []]], [[0, [3, 1, 4]], [1, []], [3, []], [9, [9, 15, 17, 7, 16, 13, 14]], [21, [21, 24, 27]], [15, []], [24, []], [4, []], [35, [35, 43, 37, 39, 38, 41, 36]], [17, []], [43, []], [37, []], [27, []], [49, [49, 47, 32, 20]], [7, []], [16, []], [13, []], [39, []], [47, []], [14, []], [32, []], [38, []], [41, []], [36, []], [20, []]]], [[[5, [5, 6, 11, 10]]], [[9, [9, 15, 17, 7, 16, 13, 14]]], [[18, [18, 12, 8]]], [[21, [21, 24, 27]]], [[25, [25, 29, 22, 31, 28, 26, 23, 19]]], [[35, [35, 43, 37, 39, 38, 41, 36]]], [[48, [48, 45, 40, 33, 44, 34, 46, 42]]], [[49, [49, 47, 32, 20]]], [[50, [50, 30]]]]]",731.8985274552516,"[[[[0, [4]], [10, [10, 12]], [12, []], [18, [22, 14, 13, 16, 7, 18]], [22, []], [36, [36]], [41, [41, 27, 21, 15, 32, 17, 24]], [27, []], [14, []], [47, [47, 39, 38, 37, 43, 35]], [39, []], [13, []], [16, []], [49, [49]], [7, []], [21, []], [15, []], [32, []], [38, []], [37, []], [43, []], [17, []], [35, []], [4, []], [24, []]], [[0, [3, 2, 1]], [1, []], [2, []], [3, []], [5, [5, 6, 11, 8, 9]], [6, []], [29, [29, 26, 23, 19, 20, 31]], [25, [25, 28, 33, 34, 30]], [11, []], [48, [48, 40, 45, 50, 44, 42, 46]], [31, []], [40, []], [45, []], [28, []], [33, []], [26, []], [23, []], [8, []], [19, []], [50, []], [44, []], [9, []], [42, []], [34, []], [46, []], [20, []], [30, []]]], [[[10, [10, 12]]], [[5, [5, 6, 11, 8, 9]]], [[18, [22, 14, 13, 16, 7, 18]]], [[29, [29, 26, 23, 19, 20, 31]]], [[25, [25, 28, 33, 34, 30]]], [[36, [36]]], [[41, [41, 27, 21, 15, 32, 17, 24]]], [[47, [47, 39, 38, 37, 43, 35]]], [[49, [49]], [48, [48, 40, 45, 50, 44, 42, 46]]]]]",59.90056198526059,0,9,5.111111111111111,53.588739342603255,1,9,5.111111111111111,,,
610,test_data/data_demand_random_50_batch_all1_equal_cluster/C201_2.5.dat,4,90,1,931.0788655293195,"[[[[0, [2]], [12, [12, 11]], [11, []], [14, [14, 15]], [2, []], [15, []], [22, [22]], [24, [24, 26, 27]], [26, []], [27, [25, 23]], [25, []], [23, []], [36, [36, 38, 39, 37]], [38, []], [39, []], [37, []], [43, [43, 44, 45, 46]], [44, []], [45, []], [46, []], [50, [50, 49, 41, 40]], [49, []], [41, []], [40, []]], [[0, [5, 3, 4, 1, 6]], [4, []], [1, []], [6, []], [5, []], [10, [10, 8, 7]], [8, []], [7, []], [9, [9, 13, 17, 16]], [3, []], [13, []], [17, []], [16, []], [21, [21, 20, 19, 18]], [20, []], [19, []], [18, []], [28, [28, 31, 30, 32]], [30, []], [32, []], [31, []], [35, [35, 34, 33, 29]], [34, []], [42, [42]], [33, []], [47, [47, 48]], [48, []], [29, []]]], [[[10, [10, 8, 7]]], [[12, [12, 11]]], [[14, [14, 15]]], [[9, [9, 13, 17, 16]]], [[21, [21, 20, 19, 18]]], [[22, [22]]], [[24, [24, 26, 27]]], [[28, [28, 31, 30, 32]]], [[27, [25, 23]]], [[35, [35, 34, 33, 29]]], [[36, [36, 38, 39, 37]]], [[42, [42]]], [[43, [43, 44, 45, 46]]], [[50, [50, 49, 41, 40]]], [[47, [47, 48]]]]]",,,55.10036295653029,0,15,2.933333333333333,,,,,,(not found),
611,test_data/data_demand_random_50_batch_all1_equal_cluster/C201_2.5.dat,4,90,3,931.0788655293195,"[[[[0, [6, 4, 3, 2, 5]], [3, []], [6, []], [4, []], [14, [14, 16, 13, 7]], [16, []], [13, []], [2, []], [5, []], [7, []], [24, [24, 25, 27, 26]], [25, []], [27, []], [26, []], [10, [10, 9]], [9, []], [23, [23, 34, 35, 30]], [36, [36, 39, 37, 40]], [39, []], [37, []], [40, []], [43, [43, 42, 28]], [42, []], [34, []], [35, []], [47, [47, 48]], [48, []], [30, []], [28, []]], [[0, [1]], [12, [12, 11, 8, 17]], [11, []], [8, []], [18, [18, 21, 20, 22]], [21, []], [20, []], [22, []], [19, [19, 15]], [17, []], [15, []], [33, [33, 32, 31, 29]], [32, []], [31, []], [29, []], [41, [41, 44, 45, 46]], [44, []], [45, []], [46, []], [50, [50, 49, 38]], [49, []], [38, []], [1, []]]], [[[12, [12, 11, 8, 17]]], [[14, [14, 16, 13, 7]]], [[18, [18, 21, 20, 22]]], [[19, [19, 15]]], [[24, [24, 25, 27, 26]]], [[10, [10, 9]]], [[23, [23, 34, 35, 30]]], [[33, [33, 32, 31, 29]]], [[36, [36, 39, 37, 40]]], [[43, [43, 42, 28]]], [[41, [41, 44, 45, 46]]], [[47, [47, 48]]], [[50, [50, 49, 38]]]]]",,,55.323459409113056,0,13,3.3846153846153846,,,,,,(not found),
612,test_data/data_demand_random_50_batch_all1_equal_cluster/C201_2.5.dat,4,90,4,931.0788655293195,"[[[[0, [3, 4, 6]], [3, []], [4, []], [6, []], [9, [9, 11, 13, 15]], [11, []], [13, []], [15, []], [16, [16]], [27, [27, 25, 24, 26]], [25, []], [24, []], [26, []], [23, [23]], [38, [38, 40, 37, 39]], [40, []], [37, []], [39, []], [41, [41, 44, 46, 45]], [44, []], [45, []], [46, []], [50, [50, 49, 36]], [49, []], [36, []]], [[0, [5, 1]], [2, [2]], [5, [7, 8, 10]], [1, []], [7, []], [8, []], [10, []], [12, [12, 14, 17]], [14, []], [17, []], [20, [20, 19, 22, 21]], [19, []], [22, []], [21, []], [18, [18]], [29, [29, 28, 34, 30]], [28, []], [34, []], [30, []], [31, [31, 32]], [32, []], [43, [43, 42, 33, 35]], [42, []], [33, []], [35, []], [47, [47, 48]], [48, []]]], [[[2, [2]]], [[5, [7, 8, 10]]], [[9, [9, 11, 13, 15]]], [[12, [12, 14, 17]]], [[16, [16]]], [[20, [20, 19, 22, 21]]], [[18, [18]]], [[27, [27, 25, 24, 26]]], [[23, [23]]], [[29, [29, 28, 34, 30]]], [[31, [31, 32]]], [[38, [38, 40, 37, 39]]], [[41, [41, 44, 46, 45]]], [[43, [43, 42, 33, 35]]], [[50, [50, 49, 36]]], [[47, [47, 48]]]]]",,,53.932620583568045,0,16,2.8125,,,,,,(not found),
613,test_data/data_demand_random_50_batch_all1_equal_cluster/C201_2.5.dat,4,90,5,931.0788655293195,"[[[[0, [5, 1, 2]], [2, []], [5, []], [1, []], [9, [9]], [14, [14, 16, 17, 13]], [16, []], [17, []], [13, []], [27, [27, 25, 26, 24]], [25, []], [26, []], [24, []], [23, [23, 10, 15]], [10, []], [36, [36, 39, 37, 38]], [39, []], [37, []], [38, []], [42, [42, 28, 35, 29]], [28, []], [35, []], [47, [47, 48]], [48, []], [29, []], [15, []]], [[0, [3, 4, 6]], [4, []], [6, []], [8, [8, 11, 12]], [11, []], [12, []], [3, []], [7, [7]], [18, [18, 20, 19, 21]], [20, []], [19, []], [21, []], [22, [22]], [33, [33, 30, 32, 31]], [30, []], [32, []], [31, []], [34, [34, 41, 40]], [43, [43, 44, 45, 46]], [44, []], [41, []], [45, []], [46, []], [50, [50, 49]], [49, []], [40, []]]], [[[8, [8, 11, 12]]], [[7, [7]]], [[9, [9]]], [[14, [14, 16, 17, 13]]], [[18, [18, 20, 19, 21]]], [[22, [22]]], [[27, [27, 25, 26, 24]]], [[23, [23, 10, 15]]], [[33, [33, 30, 32, 31]]], [[34, [34, 41, 40]]], [[36, [36, 39, 37, 38]]], [[42, [42, 28, 35, 29]]], [[43, [43, 44, 45, 46]]], [[47, [47, 48]]], [[50, [50, 49]]]]]",,,53.286089753297844,0,15,2.933333333333333,,,,,,(not found),
614,test_data/data_demand_random_50_batch_all1_equal_cluster/C201_2.5.dat,4,120,1,931.0788655293195,"[[[[0, [1]], [7, [7, 9, 11]], [9, []], [11, []], [1, []], [12, [12, 14, 16, 17]], [14, []], [16, []], [19, [19]], [17, []], [27, [27, 26, 25]], [26, []], [25, []], [24, [24, 32, 31, 33]], [37, [37, 39, 38, 40]], [39, []], [38, []], [40, []], [42, [42, 34, 35]], [32, []], [31, []], [33, []], [34, []], [35, []], [48, [48, 47]], [47, []]], [[0, [4, 6, 8, 10, 3, 5, 2]], [3, []], [5, []], [4, []], [6, []], [8, []], [10, []], [2, []], [13, [13, 15, 21, 22]], [15, []], [21, []], [22, []], [20, [20, 18, 23]], [18, []], [23, []], [28, [28, 30, 29, 41]], [30, []], [29, []], [43, [43, 44, 45, 46]], [44, []], [41, []], [45, []], [46, []], [50, [50, 49, 36]], [49, []], [36, []]]], [[[7, [7, 9, 11]]], [[13, [13, 15, 21, 22]]], [[12, [12, 14, 16, 17]]], [[20, [20, 18, 23]]], [[19, [19]]], [[27, [27, 26, 25]]], [[24, [24, 32, 31, 33]]], [[28, [28, 30, 29, 41]]], [[37, [37, 39, 38, 40]]], [[42, [42, 34, 35]]], [[43, [43, 44, 45, 46]]], [[50, [50, 49, 36]]], [[48, [48, 47]]]]]",,,54.350270341942306,0,13,3.230769230769231,,,,,,(not found),
615,test_data/data_demand_random_50_batch_all1_equal_cluster/C201_2.5.dat,4,120,2,931.0788655293195,"[[[[0, [4, 6, 5, 2, 1, 3]], [6, []], [3, []], [4, []], [5, []], [10, [10, 9, 11, 12]], [9, []], [11, []], [2, []], [1, []], [12, []], [24, [24, 25, 26, 27]], [25, []], [26, []], [27, []], [17, [17, 15, 16, 13]], [15, []], [28, [28, 32, 31, 33]], [16, []], [13, []], [43, [43, 42, 34, 35]], [42, []], [32, []], [31, []], [33, []], [34, []], [35, []], [47, [47, 48, 30, 29]], [48, []], [30, []], [29, []]], [[0, []], [8, [8, 14]], [7, [7]], [21, [21, 20, 22, 18]], [20, []], [22, []], [18, []], [19, [19, 23]], [14, []], [23, []], [39, [39, 40, 41, 36]], [40, []], [41, []], [36, []], [38, [38, 46, 45, 44]], [46, []], [45, []], [44, []], [50, [50, 49, 37]], [49, []], [37, []]]], [[[8, [8, 14]]], [[7, [7]]], [[10, [10, 9, 11, 12]]], [[21, [21, 20, 22, 18]]], [[19, [19, 23]]], [[24, [24, 25, 26, 27]]], [[17, [17, 15, 16, 13]]], [[28, [28, 32, 31, 33]]], [[39, [39, 40, 41, 36]]], [[38, [38, 46, 45, 44]]], [[43, [43, 42, 34, 35]]], [[47, [47, 48, 30, 29]]], [[50, [50, 49, 37]]]]]",,,52.98029205293242,0,13,3.3846153846153846,,,,,,(not found),
616,test_data/data_demand_random_50_batch_all1_equal_cluster/C201_2.5.dat,4,120,4,,,962.9404674156901,"[[[[0, [5, 4, 3]], [3, []], [4, []], [5, []], [6, [6]], [12, [12, 9]], [9, []], [17, [17, 11, 13]], [21, [21, 19]], [20, [20, 22]], [22, []], [18, [18, 23]], [19, []], [13, []], [11, [33]], [23, []], [37, [37, 39, 36]], [39, []], [36, []], [44, [44, 43, 34, 35]], [43, []], [33, []], [34, []], [35, []], [48, [48, 47, 28]], [47, []], [28, []]], [[0, [1, 2, 10, 8]], [15, [15, 16, 14]], [16, []], [14, []], [10, []], [2, []], [8, []], [24, [24]], [25, [25, 27, 26, 7]], [27, []], [26, []], [7, []], [1, []], [29, [29, 30, 31, 32]], [32, []], [30, []], [31, []], [42, [42, 38, 46, 45]], [38, []], [50, [50, 49, 41, 40]], [49, []], [46, []], [45, []], [41, []], [40, []]]], [[[6, [6]]], [[15, [15, 16, 14]]], [[12, [12, 9]]], [[17, [17, 11, 13]]], [[21, [21, 19]]], [[20, [20, 22]]], [[18, [18, 23]], [24, [24]]], [[25, [25, 27, 26, 7]]], [[11, [33]]], [[29, [29, 30, 31, 32]]], [[37, [37, 39, 36]]], [[44, [44, 43, 34, 35]]], [[42, [42, 38, 46, 45]]], [[50, [50, 49, 41, 40]]], [[48, [48, 47, 28]]]]]",,,,,56.83544629491693,1,15,2.8666666666666667,,,
617,test_data/data_demand_random_50_batch_all1_equal_cluster/C201_2.5.dat,4,120,5,939.0788655293195,"[[[[0, [2, 5, 6]], [2, []], [5, []], [18, [18, 17, 10, 12]], [17, []], [12, []], [24, [24, 25, 27]], [25, []], [27, [26, 23, 35, 28]], [26, []], [10, []], [23, []], [6, []], [44, [44, 43, 42]], [43, []], [42, []], [35, []], [48, [48, 47]], [47, []], [28, []]], [[0, [1, 3, 4]], [9, [9, 8, 7, 11]], [8, []], [14, [14, 13, 15, 16]], [13, []], [15, []], [16, []], [19, [19, 20, 21, 22]], [20, []], [21, []], [22, []], [7, []], [11, []], [1, []], [3, []], [4, []], [29, [29, 34, 33, 30]], [34, []], [33, []], [31, [31, 36, 38, 32]], [30, []], [32, []], [36, []], [38, []], [37, [37, 39, 41, 46]], [39, []], [41, []], [50, [50, 49, 45, 40]], [49, []], [46, []], [45, []], [40, []]]], [[[9, [9, 8, 7, 11]]], [[14, [14, 13, 15, 16]]], [[18, [18, 17, 10, 12]]], [[19, [19, 20, 21, 22]]], [[24, [24, 25, 27]]], [[29, [29, 34, 33, 30]]], [[27, [26, 23, 35, 28]]], [[31, [31, 36, 38, 32]]], [[37, [37, 39, 41, 46]]], [[44, [44, 43, 42]]], [[50, [50, 49, 45, 40]]], [[48, [48, 47]]]]]",970.3354529693202,"[[[[0, []], [16, [16, 22, 21, 12]], [20, [20]], [22, [27, 26, 25]], [21, []], [27, []], [26, []], [25, []], [24, [24, 23]], [12, []], [23, []], [36, [36, 37, 38]], [37, [44]], [38, []], [44, []], [41, [41, 39, 46, 45]], [39, []], [50, [50, 49, 40]], [49, []], [46, []], [45, []], [40, []]], [[0, [3, 2, 1, 4, 6, 5]], [9, [9, 8, 10, 7]], [8, []], [10, []], [7, []], [11, [11, 13, 17, 15]], [3, [14]], [14, []], [15, []], [18, [18, 19]], [19, []], [13, []], [17, []], [2, []], [1, []], [4, []], [29, [29, 30, 34, 33]], [30, []], [34, []], [33, []], [31, [31, 32, 35, 28]], [32, []], [6, []], [5, []], [43, [43, 42]], [42, []], [35, []], [48, [48, 47]], [47, []], [28, []]]], [[[16, [16, 22, 21, 12]]], [[9, [9, 8, 10, 7]]], [[11, [11, 13, 17, 15]]], [[3, [14]]], [[18, [18, 19]]], [[20, [20]]], [[22, [27, 26, 25]]], [[24, [24, 23]]], [[29, [29, 30, 34, 33]]], [[31, [31, 32, 35, 28]]], [[36, [36, 37, 38]]], [[37, [44]], [43, [43, 42]]], [[41, [41, 39, 46, 45]]], [[50, [50, 49, 40]]], [[48, [48, 47]]]]]",56.47819043942977,0,12,3.6666666666666665,55.85460400796591,1,15,2.933333333333333,,,
618,test_data/data_demand_random_50_batch_all1_equal_cluster/C201_2.5.dat,8,60,1,969.02775637732,"[[[[0, [3, 5, 6, 2]], [20, [20, 21, 22, 19, 17, 15, 18, 14]], [21, []], [22, []], [19, []], [18, []], [17, []], [15, []], [6, []], [3, []], [14, []], [2, []], [28, [28, 31, 32, 33]], [31, []], [32, []], [33, []], [5, [44, 43, 42, 35, 29, 30, 34]], [44, []], [43, []], [42, []], [29, [48, 47]], [30, []], [34, []], [35, []], [48, []], [47, []]], [[0, [4, 1]], [9, [9, 11]], [7, [7]], [4, [16, 13, 12, 8, 10]], [1, []], [16, []], [13, []], [12, [25, 26, 24, 23, 27]], [8, []], [10, []], [27, []], [26, []], [24, []], [23, []], [36, [36, 37, 38, 39, 41]], [41, []], [37, []], [38, []], [25, []], [11, [50, 49, 46, 45, 40]], [39, []], [50, []], [49, []], [46, []], [45, []], [40, []]]], [[[9, [9, 11]]], [[20, [20, 21, 22, 19, 17, 15, 18, 14]]], [[7, [7]]], [[4, [16, 13, 12, 8, 10]]], [[12, [25, 26, 24, 23, 27]]], [[28, [28, 31, 32, 33]]], [[36, [36, 37, 38, 39, 41]]], [[5, [44, 43, 42, 35, 29, 30, 34]]], [[11, [50, 49, 46, 45, 40]]], [[29, [48, 47]]]]]",,,41.44033651269975,0,10,4.4,,,,,,(not found),
619,test_data/data_demand_random_50_batch_all1_equal_cluster/C201_2.5.dat,8,90,1,931.0788655293195,"[[[[0, [5, 1, 6, 4]], [7, [7]], [6, []], [17, [17, 22, 21, 19, 20, 18]], [22, []], [21, []], [19, []], [20, []], [18, []], [1, []], [5, []], [31, [31, 30, 29]], [30, []], [29, [36, 40, 32, 33, 34]], [4, []], [36, []], [40, []], [43, [43, 42, 35, 28]], [42, []], [32, []], [33, []], [34, []], [35, []], [48, [48, 47]], [47, []], [28, []]], [[0, [3, 2]], [3, []], [2, []], [14, [14, 9, 13]], [9, []], [12, [12, 11, 10, 16, 15, 8]], [11, []], [27, [27, 25, 24, 23, 26]], [26, []], [25, []], [24, []], [10, []], [23, []], [8, []], [13, []], [16, []], [15, []], [44, [44, 38, 37, 39, 41, 45, 46]], [45, []], [46, []], [38, []], [37, []], [39, []], [50, [50, 49]], [49, []], [41, []]]], [[[7, [7]]], [[14, [14, 9, 13]]], [[17, [17, 22, 21, 19, 20, 18]]], [[12, [12, 11, 10, 16, 15, 8]]], [[27, [27, 25, 24, 23, 26]]], [[31, [31, 30, 29]]], [[29, [36, 40, 32, 33, 34]]], [[43, [43, 42, 35, 28]]], [[44, [44, 38, 37, 39, 41, 45, 46]]], [[50, [50, 49]]], [[48, [48, 47]]]]]",,,53.87575105451784,0,11,4.0,,,,,,(not found),
620,test_data/data_demand_random_50_batch_all1_equal_cluster/C201_2.5.dat,8,90,2,931.0788655293195,"[[[[0, [2, 3, 6, 1]], [2, []], [3, []], [6, []], [1, []], [17, [17, 15, 14, 7, 9, 12, 8, 11]], [15, []], [14, []], [7, []], [9, []], [27, [27]], [12, [28, 29, 30, 31, 34, 33, 32]], [8, []], [11, []], [28, []], [29, []], [30, []], [31, []], [34, []], [33, []], [32, []], [43, [43, 42, 35, 16]], [42, []], [35, []], [48, [48, 47]], [47, []], [16, []]], [[0, [5, 4]], [4, []], [5, []], [13, [13, 18, 19, 20, 21, 22, 10]], [18, []], [19, []], [20, []], [21, []], [22, []], [26, [26, 25, 24, 23]], [25, []], [24, []], [10, []], [23, []], [36, [36]], [44, [44, 45, 46, 38, 37, 39, 41]], [45, []], [46, []], [38, []], [37, []], [39, []], [50, [50, 49, 40]], [49, []], [41, []], [40, []]]], [[[17, [17, 15, 14, 7, 9, 12, 8, 11]]], [[13, [13, 18, 19, 20, 21, 22, 10]]], [[26, [26, 25, 24, 23]]], [[27, [27]]], [[12, [28, 29, 30, 31, 34, 33, 32]]], [[36, [36]]], [[44, [44, 45, 46, 38, 37, 39, 41]]], [[43, [43, 42, 35, 16]]], [[50, [50, 49, 40]]], [[48, [48, 47]]]]]",,,57.14174253836847,0,10,4.4,,,,,,(not found),
621,test_data/data_demand_random_50_batch_all1_equal_cluster/C201_2.5.dat,8,90,3,931.0788655293195,"[[[[0, [4, 6, 5]], [12, [12, 1, 10]], [10, []], [9, [9]], [7, [7]], [11, [11]], [1, []], [8, [8, 14, 16]], [14, []], [16, []], [27, [27, 26, 25]], [26, []], [25, []], [24, [24, 23, 29]], [23, []], [4, []], [6, []], [29, []], [36, [36, 40, 45, 46, 38, 37, 39]], [40, []], [45, []], [46, []], [38, []], [37, []], [39, []], [50, [50, 49, 41]], [49, []], [41, []], [5, []]], [[0, [3]], [2, [2]], [13, [13, 15, 17, 22, 21, 20, 19, 18]], [15, []], [17, []], [22, []], [21, []], [20, []], [19, []], [18, []], [3, []], [30, [30, 31, 34, 32, 33, 35, 28]], [31, []], [34, []], [28, []], [44, [44, 43, 42]], [43, []], [42, []], [32, []], [33, []], [35, []], [48, [48, 47]], [47, []]]], [[[2, [2]]], [[12, [12, 1, 10]]], [[9, [9]]], [[7, [7]]], [[11, [11]]], [[13, [13, 15, 17, 22, 21, 20, 19, 18]]], [[8, [8, 14, 16]]], [[27, [27, 26, 25]]], [[24, [24, 23, 29]]], [[30, [30, 31, 34, 32, 33, 35, 28]]], [[36, [36, 40, 45, 46, 38, 37, 39]]], [[44, [44, 43, 42]]], [[50, [50, 49, 41]]], [[48, [48, 47]]]]]",,,48.2137784225829,0,14,3.2857142857142856,,,,,,(not found),
622,test_data/data_demand_random_50_batch_all1_equal_cluster/C201_2.5.dat,8,90,4,931.0788655293195,"[[[[0, [5, 1]], [16, [16, 12, 11, 8, 14]], [14, []], [25, [25, 24, 27, 23, 26]], [26, []], [24, []], [27, []], [12, []], [11, []], [8, []], [23, []], [36, [36, 40, 39]], [39, []], [40, []], [43, [43, 44, 45, 46, 38, 37]], [44, []], [45, []], [46, []], [50, [50, 49]], [49, []], [38, []], [37, []], [5, []], [1, []]], [[0, [4, 6, 3, 2]], [7, [7, 10, 9]], [10, [17, 15, 13]], [9, []], [4, []], [6, []], [19, [19, 20, 22, 21, 18]], [20, []], [22, []], [21, []], [18, []], [17, []], [15, []], [13, []], [3, []], [41, [41, 33, 31, 30, 34, 35, 29, 32]], [29, []], [42, [42]], [32, []], [33, []], [31, []], [30, []], [34, []], [35, []], [48, [48, 47, 28]], [47, []], [28, []], [2, []]]], [[[7, [7, 10, 9]]], [[10, [17, 15, 13]]], [[16, [16, 12, 11, 8, 14]]], [[19, [19, 20, 22, 21, 18]]], [[25, [25, 24, 27, 23, 26]]], [[41, [41, 33, 31, 30, 34, 35, 29, 32]]], [[36, [36, 40, 39]]], [[42, [42]]], [[43, [43, 44, 45, 46, 38, 37]]], [[50, [50, 49]]], [[48, [48, 47, 28]]]]]",,,56.48589197376209,0,11,4.0,,,,,,(not found),
623,test_data/data_demand_random_50_batch_all1_equal_cluster/C201_2.5.dat,8,90,5,936.293765408777,"[[[[0, [1, 6]], [14, [14, 17, 21, 22, 19]], [1, []], [6, []], [17, []], [18, [18, 23, 20]], [21, []], [20, []], [22, []], [19, []], [23, []], [36, [36, 37, 38, 41, 45, 46, 40, 44]], [37, []], [38, []], [40, []], [44, []], [41, []], [45, []], [46, []], [49, [49, 50, 39]], [50, []], [39, []]], [[0, [2, 4, 5, 3]], [3, []], [2, []], [4, []], [12, [12, 7, 10, 11, 9, 8]], [7, []], [11, []], [9, []], [16, [16, 15, 13]], [15, []], [13, []], [5, []], [8, []], [10, []], [27, [27, 26, 25, 24]], [26, []], [25, [28, 29, 30, 31]], [24, []], [28, []], [29, []], [30, []], [31, []], [43, [43, 42, 32, 33, 34, 35]], [42, []], [32, []], [33, []], [34, []], [35, []], [47, [47, 48]], [48, []]]], [[[12, [12, 7, 10, 11, 9, 8]]], [[14, [14, 17, 21, 22, 19]]], [[16, [16, 15, 13]]], [[18, [18, 23, 20]]], [[27, [27, 26, 25, 24]]], [[25, [28, 29, 30, 31]]], [[36, [36, 37, 38, 41, 45, 46, 40, 44]]], [[43, [43, 42, 32, 33, 34, 35]]], [[47, [47, 48]]], [[49, [49, 50, 39]]]]]",,,54.64571207658382,0,10,4.4,,,,,,(not found),
624,test_data/data_demand_random_50_batch_all1_equal_cluster/C201_2.5.dat,8,120,1,931.0788655293195,"[[[[0, [1]], [1, []], [7, [7, 8, 10, 12, 14, 16]], [8, []], [10, []], [12, []], [14, []], [16, []], [19, [19, 18, 21, 20, 22]], [18, []], [21, []], [20, []], [22, []], [30, [30, 32, 28, 29, 34, 31, 33, 35]], [32, []], [28, []], [29, []], [34, []], [31, []], [43, [43, 42]], [42, []], [33, []], [35, []], [48, [48, 47]], [47, []]], [[0, [6, 4, 5, 3, 2]], [6, []], [11, [11]], [9, [9, 13, 15, 17]], [4, []], [5, []], [3, []], [2, []], [13, []], [15, []], [17, []], [27, [27, 26, 25, 24, 23]], [26, []], [25, []], [24, []], [23, []], [36, [36, 39, 38]], [39, []], [38, []], [40, [40, 44, 41, 45, 46]], [44, []], [41, []], [45, []], [46, []], [50, [50, 49, 37]], [49, []], [37, []]]], [[[11, [11]]], [[7, [7, 8, 10, 12, 14, 16]]], [[9, [9, 13, 15, 17]]], [[19, [19, 18, 21, 20, 22]]], [[27, [27, 26, 25, 24, 23]]], [[30, [30, 32, 28, 29, 34, 31, 33, 35]]], [[36, [36, 39, 38]]], [[40, [40, 44, 41, 45, 46]]], [[43, [43, 42]]], [[50, [50, 49, 37]]], [[48, [48, 47]]]]]",936.293765408777,"[[[[0, [4, 2, 1, 3, 5, 6]], [9, [9, 12, 11, 7, 10]], [12, []], [11, []], [4, []], [2, []], [7, []], [1, []], [3, []], [5, []], [6, []], [18, [18]], [10, [27, 26, 25, 24, 23]], [27, []], [26, []], [25, []], [24, []], [23, []], [39, [39, 40]], [40, []], [43, [43, 44, 41, 45, 46, 38]], [44, []], [41, []], [45, []], [46, []], [49, [49, 50, 37, 36]], [50, []], [38, []], [37, []], [36, []]], [[0, []], [8, [8, 14, 13, 16, 17, 15]], [14, []], [13, []], [16, []], [20, [20, 21, 22, 19]], [21, []], [17, []], [15, []], [22, []], [19, []], [28, [28, 34, 31, 32, 30, 29, 33, 35]], [34, []], [31, []], [32, []], [30, []], [29, []], [42, [42]], [33, []], [35, []], [48, [48, 47]], [47, []]]], [[[9, [9, 12, 11, 7, 10]]], [[8, [8, 14, 13, 16, 17, 15]]], [[20, [20, 21, 22, 19]]], [[18, [18]]], [[10, [27, 26, 25, 24, 23]]], [[28, [28, 34, 31, 32, 30, 29, 33, 35]]], [[39, [39, 40]]], [[43, [43, 44, 41, 45, 46, 38]], [42, [42]]], [[49, [49, 50, 37, 36]]], [[48, [48, 47]]]]]",55.81728086014703,0,11,4.0,54.70885948702333,1,10,4.4,,,
625,test_data/data_demand_random_50_batch_all1_equal_cluster/C201_2.5.dat,8,120,2,931.0788655293195,"[[[[0, [3, 4, 5, 1, 2]], [2, []], [10, [10, 9, 14]], [9, []], [1, []], [13, [13, 16]], [3, []], [4, []], [16, []], [22, [22, 20, 21, 19]], [20, []], [21, []], [19, []], [30, [30, 31, 34, 29, 32, 33, 35, 28]], [31, []], [34, []], [29, []], [5, []], [44, [44, 43, 42]], [43, []], [42, []], [32, []], [33, []], [35, []], [48, [48, 47]], [47, []], [28, []], [14, []]], [[0, [6]], [18, [18, 17, 12, 11, 8, 15, 7]], [17, []], [27, [27, 25, 24, 23, 26]], [26, []], [25, []], [24, []], [23, []], [12, []], [11, []], [8, []], [7, []], [15, []], [6, []], [36, [36, 45, 46, 41, 40, 37, 39, 38]], [37, []], [39, []], [38, []], [45, []], [46, []], [50, [50, 49]], [49, []], [41, []], [40, []]]], [[[10, [10, 9, 14]]], [[13, [13, 16]]], [[18, [18, 17, 12, 11, 8, 15, 7]]], [[22, [22, 20, 21, 19]]], [[27, [27, 25, 24, 23, 26]]], [[36, [36, 45, 46, 41, 40, 37, 39, 38]]], [[30, [30, 31, 34, 29, 32, 33, 35, 28]]], [[44, [44, 43, 42]]], [[50, [50, 49]]], [[48, [48, 47]]]]]",,,55.50113027270928,0,10,4.4,,,,,,(not found),
626,test_data/data_demand_random_50_batch_all1_equal_cluster/C201_2.5.dat,8,120,3,935.3882694814033,"[[[[0, [5, 4, 2, 3, 1]], [16, [16, 15, 17, 14, 8, 12, 7]], [15, []], [17, []], [14, []], [4, []], [2, []], [5, []], [25, [25, 23]], [12, []], [23, []], [7, []], [8, []], [29, [29, 31, 30, 32, 41, 38, 37, 39]], [31, []], [30, []], [32, []], [44, [44, 45, 46, 36]], [41, []], [45, []], [46, []], [38, []], [37, []], [39, []], [50, [50, 49]], [49, []], [36, []], [3, []], [1, []]], [[0, [6]], [11, [11, 10, 9]], [6, []], [19, [19, 18, 13, 22, 21, 20]], [22, []], [21, []], [20, []], [18, []], [13, []], [10, []], [9, []], [27, [27, 26, 24, 33, 34, 35, 28]], [26, []], [24, []], [40, [40, 42, 43]], [43, []], [42, []], [33, []], [34, []], [35, []], [48, [48, 47]], [47, []], [28, []]]], [[[11, [11, 10, 9]]], [[16, [16, 15, 17, 14, 8, 12, 7]]], [[19, [19, 18, 13, 22, 21, 20]]], [[25, [25, 23]]], [[27, [27, 26, 24, 33, 34, 35, 28]]], [[29, [29, 31, 30, 32, 41, 38, 37, 39]]], [[40, [40, 42, 43]]], [[44, [44, 45, 46, 36]]], [[50, [50, 49]]], [[48, [48, 47]]]]]",1048.5428902207002,"[[[[0, [8]], [17, [17, 5]], [20, [20, 22, 21, 19, 18, 16, 15]], [22, []], [21, []], [19, []], [18, []], [16, []], [15, []], [13, [13, 7, 11, 23, 24]], [7, []], [5, []], [23, []], [24, []], [11, []], [8, []], [38, [38, 43, 44, 40, 41, 45, 46, 39]], [43, []], [44, []], [40, []], [41, []], [45, []], [46, []], [49, [49, 50, 37, 36]], [50, []], [39, []], [37, []], [36, []]], [[0, [1, 4, 6, 2, 3]], [9, [9]], [1, []], [12, [12, 14, 10]], [4, []], [14, []], [6, []], [10, []], [25, [25, 27, 26, 29, 30, 32, 31, 33]], [27, []], [26, []], [2, []], [3, []], [29, []], [30, []], [32, []], [31, []], [33, []], [42, [42, 34, 35, 28]], [34, []], [35, []], [48, [48, 47]], [47, []], [28, []]]], [[[17, [17, 5]]], [[9, [9]]], [[12, [12, 14, 10]]], [[20, [20, 22, 21, 19, 18, 16, 15]]], [[13, [13, 7, 11, 23, 24]]], [[25, [25, 27, 26, 29, 30, 32, 31, 33]]], [[38, [38, 43, 44, 40, 41, 45, 46, 39]]], [[49, [49, 50, 37, 36]], [42, [42, 34, 35, 28]]], [[48, [48, 47]]]]]",59.551082456372285,0,10,4.4,55.2303606098963,1,9,4.888888888888889,,,
627,test_data/data_demand_random_50_batch_all1_equal_cluster/C201_2.5.dat,8,120,4,931.0788655293195,"[[[[0, [5, 1]], [16, [16, 12, 11, 8, 14]], [14, []], [25, [25, 24, 27, 23, 26]], [26, []], [24, []], [27, []], [12, []], [11, []], [8, []], [23, []], [36, [36, 40, 39]], [39, []], [40, []], [43, [43, 44, 45, 46, 38, 37]], [44, []], [45, []], [46, []], [50, [50, 49]], [49, []], [38, []], [37, []], [5, []], [1, []]], [[0, [4, 6, 3, 2]], [7, [7, 10, 9]], [10, [17, 15, 13]], [9, []], [4, []], [6, []], [19, [19, 20, 22, 21, 18]], [20, []], [22, []], [21, []], [18, []], [17, []], [15, []], [13, []], [3, []], [41, [41, 33, 31, 30, 34, 35, 29, 32]], [29, []], [42, [42]], [32, []], [33, []], [31, []], [30, []], [34, []], [35, []], [48, [48, 47, 28]], [47, []], [28, []], [2, []]]], [[[7, [7, 10, 9]]], [[10, [17, 15, 13]]], [[16, [16, 12, 11, 8, 14]]], [[19, [19, 20, 22, 21, 18]]], [[25, [25, 24, 27, 23, 26]]], [[41, [41, 33, 31, 30, 34, 35, 29, 32]]], [[36, [36, 40, 39]]], [[42, [42]]], [[43, [43, 44, 45, 46, 38, 37]]], [[50, [50, 49]]], [[48, [48, 47, 28]]]]]",,,56.48589197376209,0,11,4.0,,,,,,(not found),
628,test_data/data_demand_random_50_batch_all1_equal_cluster/C201_2.5.dat,8,120,5,936.293765408777,"[[[[0, [3, 2]], [2, []], [3, []], [7, [7, 9, 11, 13, 14, 17]], [9, []], [11, []], [13, []], [14, []], [17, []], [24, [24, 26, 25, 27, 23]], [26, []], [25, []], [27, []], [23, [31, 36, 38, 40]], [36, []], [38, []], [40, []], [31, []], [48, [48, 47]], [47, []]], [[0, [4, 6, 5, 1]], [5, []], [1, []], [4, [8, 10, 12]], [6, []], [8, []], [10, []], [12, []], [15, [16, 20, 21, 22, 15, 18, 19]], [18, []], [16, []], [19, []], [20, []], [21, []], [22, []], [28, [28, 30, 32, 34, 35, 33, 29]], [30, []], [32, []], [34, []], [35, []], [33, []], [29, []], [42, [42, 43, 44, 45, 46, 41]], [43, []], [44, []], [41, []], [45, []], [46, []], [49, [49, 50, 39, 37]], [50, []], [39, []], [37, []]]], [[[4, [8, 10, 12]]], [[7, [7, 9, 11, 13, 14, 17]]], [[15, [16, 20, 21, 22, 15, 18, 19]]], [[28, [28, 30, 32, 34, 35, 33, 29]]], [[24, [24, 26, 25, 27, 23]]], [[23, [31, 36, 38, 40]]], [[42, [42, 43, 44, 45, 46, 41]]], [[49, [49, 50, 39, 37]]], [[48, [48, 47]]]]]",976.293765408777,"[[[[0, [5, 3, 1, 6]], [1, []], [12, [12]], [11, [11]], [3, []], [18, [18, 22, 21, 20, 19, 16, 15]], [16, []], [22, []], [21, []], [20, []], [19, []], [34, [34, 30, 31, 32, 35, 29, 33, 28]], [30, []], [31, []], [32, []], [33, []], [35, []], [29, []], [5, []], [6, []], [44, [44]], [42, [42, 48, 47]], [48, []], [47, []], [28, []], [15, []]], [[0, []], [4, [4, 10, 2, 9]], [13, [13, 14, 17, 8]], [8, []], [17, []], [24, [24, 7, 25, 27, 26, 23]], [25, []], [26, []], [27, []], [14, []], [2, []], [41, [41, 40, 38]], [38, []], [40, [43, 45, 46, 39, 37]], [43, []], [45, []], [46, []], [49, [49, 50, 36]], [50, []], [39, []], [37, []], [36, []], [23, []], [9, []], [10, []], [7, []]]], [[[4, [4, 10, 2, 9]]], [[12, [12]]], [[11, [11]]], [[13, [13, 14, 17, 8]]], [[24, [24, 7, 25, 27, 26, 23]]], [[18, [18, 22, 21, 20, 19, 16, 15]]], [[34, [34, 30, 31, 32, 35, 29, 33, 28]]], [[41, [41, 40, 38]]], [[40, [43, 45, 46, 39, 37]], [44, [44]]], [[49, [49, 50, 36]]], [[42, [42, 48, 47]]]]]",50.14836468997669,0,9,4.888888888888889,53.90516450254536,1,11,4.181818181818182,,,
629,test_data/data_demand_random_50_batch_all1_equal_random/C201_2.5.dat,4,90,2,1006.8035085019827,"[[[[0, [1]], [7, [7]], [10, [10, 6, 12]], [6, []], [1, []], [18, [18, 15, 13]], [25, [25, 23]], [23, []], [26, [26, 17, 29]], [29, []], [36, [36, 32, 31]], [12, []], [32, []], [31, []], [42, [42, 5, 34, 40]], [5, []], [34, []], [15, []], [40, []], [45, [45, 41, 33, 22]], [41, []], [17, []], [13, []], [33, []], [49, [49, 48, 43, 44]], [48, []], [43, []], [22, []], [44, []]], [[0, [3]], [2, [2]], [9, [9, 4, 8, 11]], [3, []], [19, [19, 14, 16]], [14, []], [4, []], [16, []], [28, [28, 21, 24]], [21, []], [24, [20, 27]], [8, []], [30, [30, 35]], [35, []], [27, []], [20, []], [11, []], [37, [37, 46, 38, 39]], [46, []], [38, []], [39, []], [50, [50, 47]], [47, []]]], [[[7, [7]]], [[2, [2]]], [[9, [9, 4, 8, 11]]], [[10, [10, 6, 12]]], [[19, [19, 14, 16]]], [[18, [18, 15, 13]]], [[25, [25, 23]]], [[26, [26, 17, 29]]], [[28, [28, 21, 24]]], [[24, [20, 27]]], [[36, [36, 32, 31]]], [[30, [30, 35]]], [[42, [42, 5, 34, 40]]], [[37, [37, 46, 38, 39]]], [[45, [45, 41, 33, 22]]], [[49, [49, 48, 43, 44]]], [[50, [50, 47]]]]]",,,53.85336902581045,0,17,2.823529411764706,,,,,,(not found),
630,test_data/data_demand_random_50_batch_all1_equal_random/C201_2.5.dat,4,90,3,1018.3882694814033,"[[[[0, [4, 7, 2]], [9, [9, 11, 5, 6]], [11, []], [4, []], [14, [14, 10]], [19, [19, 21]], [2, []], [5, []], [6, []], [21, []], [28, [28, 29, 32, 31]], [29, []], [32, []], [40, [40, 45, 41, 26]], [45, []], [41, []], [10, []], [7, []], [26, []], [36, [36, 43, 44]], [31, []], [43, []], [44, []], [48, [48, 49, 33]], [49, []], [33, []]], [[0, [12, 1, 3]], [3, []], [22, [22, 13, 17, 25]], [12, []], [1, []], [13, []], [17, []], [23, [23, 20, 8, 15]], [25, []], [35, [35, 30, 16, 24]], [8, []], [30, []], [38, [38, 27, 34, 42]], [27, []], [20, [46, 37, 18]], [46, []], [37, []], [18, []], [47, [47, 39, 50]], [39, []], [50, []], [24, []], [15, []], [34, []], [16, []], [42, []]]], [[[9, [9, 11, 5, 6]]], [[22, [22, 13, 17, 25]]], [[14, [14, 10]]], [[19, [19, 21]]], [[23, [23, 20, 8, 15]]], [[28, [28, 29, 32, 31]]], [[35, [35, 30, 16, 24]]], [[38, [38, 27, 34, 42]]], [[40, [40, 45, 41, 26]]], [[20, [46, 37, 18]]], [[47, [47, 39, 50]]], [[36, [36, 43, 44]]], [[48, [48, 49, 33]]]]]",,,56.673165253320185,0,13,3.3846153846153846,,,,,,(not found),
631,test_data/data_demand_random_50_batch_all1_equal_random/C201_2.5.dat,4,90,5,1012.7308492477241,"[[[[0, [3]], [12, [12, 5]], [9, [9, 16, 15]], [20, [20, 19, 18]], [18, [11, 24, 22, 25]], [3, []], [19, []], [5, []], [16, []], [15, []], [24, []], [25, []], [30, [30, 35, 23, 33]], [35, []], [23, []], [46, [46, 44, 37]], [11, []], [37, []], [44, []], [22, []], [43, [43, 48, 49]], [48, []], [49, []], [33, []]], [[0, [2, 4, 1]], [14, [14, 8, 13, 7]], [4, []], [8, []], [2, []], [21, [21]], [28, [28, 17, 10, 6]], [17, []], [26, [26, 29]], [32, [32, 31, 34, 36]], [36, []], [31, []], [1, []], [29, []], [13, []], [7, []], [10, []], [41, [41, 45, 40, 42]], [45, []], [6, []], [40, []], [50, [50, 39, 38, 27]], [39, []], [38, []], [27, []], [47, [47]], [34, []], [42, []]]], [[[12, [12, 5]]], [[9, [9, 16, 15]]], [[14, [14, 8, 13, 7]]], [[20, [20, 19, 18]]], [[18, [11, 24, 22, 25]]], [[21, [21]]], [[28, [28, 17, 10, 6]]], [[26, [26, 29]]], [[32, [32, 31, 34, 36]]], [[30, [30, 35, 23, 33]]], [[41, [41, 45, 40, 42]]], [[46, [46, 44, 37]]], [[43, [43, 48, 49]]], [[50, [50, 39, 38, 27]]], [[47, [47]]]]]",,,57.38323655644307,0,15,3.066666666666667,,,,,,(not found),
632,test_data/data_demand_random_50_batch_all1_equal_random/C201_2.5.dat,4,120,2,,,1038.1327459504216,"[[[[0, [3]], [3, []], [16, [16]], [7, [7, 6, 13, 10]], [21, [21, 12]], [6, []], [13, []], [10, []], [17, [17, 26, 29]], [26, []], [29, [9]], [36, [36, 32, 33, 37]], [12, []], [32, []], [33, []], [37, []], [9, []], [46, [46, 38, 35, 39]], [47, [47, 50, 34, 42]], [38, []], [35, []], [50, []], [39, []], [34, []], [42, []]], [[0, [4, 2, 1]], [4, []], [2, []], [19, [19, 20, 18, 11]], [11, []], [20, []], [18, []], [24, [24, 8, 14, 5]], [28, [28]], [8, []], [14, []], [30, [30, 25, 23, 31]], [23, []], [25, []], [27, [27, 15, 22]], [5, []], [15, []], [41, [41, 45, 40]], [45, []], [40, []], [49, [49, 48, 43, 44]], [1, []], [31, []], [48, []], [43, []], [22, []], [44, []]]], [[[16, [16]]], [[7, [7, 6, 13, 10]]], [[19, [19, 20, 18, 11]]], [[24, [24, 8, 14, 5]]], [[21, [21, 12]]], [[17, [17, 26, 29]], [28, [28]]], [[29, [9]]], [[30, [30, 25, 23, 31]]], [[36, [36, 32, 33, 37]]], [[27, [27, 15, 22]]], [[46, [46, 38, 35, 39]]], [[41, [41, 45, 40]]], [[49, [49, 48, 43, 44]]], [[47, [47, 50, 34, 42]]]]]",,,,,54.26156246976337,1,14,3.2857142857142856,,,
633,test_data/data_demand_random_50_batch_all1_equal_random/C201_2.5.dat,4,120,4,1035.5286750449475,"[[[[0, [2]], [6, [6]], [9, [9, 11, 5, 12]], [11, []], [20, [20]], [5, []], [27, [27, 18, 17]], [18, []], [2, []], [33, [33, 32, 31, 22]], [32, []], [31, [36, 34, 29]], [36, []], [42, [42]], [34, []], [40, [40, 45, 41]], [45, []], [41, []], [17, []], [29, []], [49, [49, 48, 43, 44]], [12, []], [48, []], [43, []], [22, []], [44, []]], [[0, [3, 4, 1]], [3, []], [1, []], [7, [7, 10, 8]], [10, []], [14, [14, 16, 15, 13]], [4, []], [13, []], [26, [26, 21, 28]], [21, [25, 30, 19]], [28, []], [16, []], [15, [37, 24, 35, 23]], [24, []], [38, [38]], [25, []], [30, []], [8, []], [35, []], [23, []], [50, [50, 39, 47, 46]], [39, []], [47, []], [19, []], [37, []], [46, []]]], [[[6, [6]]], [[7, [7, 10, 8]]], [[9, [9, 11, 5, 12]]], [[14, [14, 16, 15, 13]]], [[20, [20]]], [[27, [27, 18, 17]]], [[26, [26, 21, 28]]], [[33, [33, 32, 31, 22]]], [[21, [25, 30, 19]]], [[31, [36, 34, 29]]], [[15, [37, 24, 35, 23]]], [[42, [42]]], [[38, [38]]], [[40, [40, 45, 41]]], [[49, [49, 48, 43, 44]]], [[50, [50, 39, 47, 46]]]]]",,,53.63663594244439,0,16,2.875,,,,,,(not found),
634,test_data/data_demand_random_50_batch_all1_equal_random/C201_2.5.dat,4,120,5,1009.7099202643649,"[[[[0, [11, 3, 1, 2]], [1, []], [20, [20, 9, 8, 14]], [11, []], [9, []], [19, [19, 28, 27, 25]], [27, []], [28, []], [35, [35, 30, 18, 23]], [8, []], [14, []], [30, []], [25, []], [23, []], [38, [38]], [46, [46, 37, 39]], [37, []], [3, []], [18, []], [39, []], [50, [50, 47, 34]], [34, []], [2, []], [47, []]], [[0, []], [4, [4, 7, 6, 10]], [5, [5, 15, 12, 13]], [13, []], [7, []], [6, []], [17, [17, 21, 24]], [21, []], [24, []], [29, [29, 31, 26, 33]], [15, []], [33, [32, 36, 22, 16]], [32, []], [36, []], [31, []], [22, []], [44, [44, 43, 42]], [43, []], [48, [48, 49]], [12, []], [49, []], [26, []], [10, []], [41, [41, 45, 40]], [45, []], [40, []], [16, []], [42, []]]], [[[4, [4, 7, 6, 10]]], [[20, [20, 9, 8, 14]]], [[5, [5, 15, 12, 13]]], [[19, [19, 28, 27, 25]]], [[17, [17, 21, 24]]], [[29, [29, 31, 26, 33]]], [[33, [32, 36, 22, 16]]], [[35, [35, 30, 18, 23]]], [[38, [38]]], [[44, [44, 43, 42]]], [[46, [46, 37, 39]]], [[48, [48, 49]]], [[41, [41, 45, 40]]], [[50, [50, 47, 34]]]]]",,,54.527609568469636,0,14,3.2857142857142856,,,,,,(not found),
635,test_data/data_demand_random_50_batch_all1_equal_random/C201_2.5.dat,8,60,5,1028.3132079158281,"[[[[0, [2]], [5, [5, 7]], [7, []], [15, [15, 14, 8, 11, 13]], [2, []], [13, []], [29, [29, 26, 17, 21, 28, 24, 23, 25]], [26, []], [17, []], [21, []], [28, []], [24, [30, 35, 27, 20, 9]], [14, []], [30, []], [8, []], [35, []], [23, []], [25, []], [27, []], [20, []], [11, []], [9, []], [37, [37, 46, 38, 39, 50, 47]], [46, []], [38, []], [39, []], [50, []], [47, []]], [[0, [1, 4, 3]], [4, []], [18, [18, 19, 10, 6, 16, 12]], [19, []], [3, [22]], [22, []], [31, [31]], [33, [33]], [32, [32, 36, 34]], [1, []], [36, []], [34, []], [12, [43, 44]], [43, []], [44, []], [48, [48, 49, 41, 45, 40, 42]], [49, []], [10, []], [41, []], [45, []], [6, []], [40, []], [16, []], [42, []]]], [[[5, [5, 7]]], [[15, [15, 14, 8, 11, 13]]], [[18, [18, 19, 10, 6, 16, 12]]], [[3, [22]]], [[29, [29, 26, 17, 21, 28, 24, 23, 25]]], [[31, [31]]], [[33, [33]]], [[32, [32, 36, 34]]], [[24, [30, 35, 27, 20, 9]]], [[12, [43, 44]]], [[48, [48, 49, 41, 45, 40, 42]]], [[37, [37, 46, 38, 39, 50, 47]]]]]",,,39.48956466668684,0,12,3.8333333333333335,,,,,,(not found),
636,test_data/data_demand_random_50_batch_all1_equal_random/C201_2.5.dat,8,90,1,1004.7099202643649,"[[[[0, [1, 2]], [6, [6, 7]], [7, []], [2, []], [19, [19, 16, 13, 10, 12]], [16, []], [13, []], [10, []], [1, []], [12, []], [33, [33, 29, 17, 22]], [29, []], [34, [34, 36, 31, 32, 26]], [36, []], [31, []], [32, []], [44, [44, 43]], [22, []], [43, []], [48, [48, 49, 41, 45, 40, 42]], [49, []], [26, []], [17, []], [41, []], [45, []], [40, []], [42, []]], [[0, [4]], [14, [14, 5, 3, 15, 11, 9, 8]], [4, []], [15, []], [5, []], [3, []], [28, [28, 21, 27, 20, 18, 23, 24, 25]], [21, []], [24, []], [25, []], [30, [30, 35, 37]], [8, []], [35, []], [27, []], [20, []], [46, [46, 38]], [11, []], [9, []], [37, []], [18, []], [38, []], [23, [50, 39, 47]], [50, []], [39, []], [47, []]]], [[[14, [14, 5, 3, 15, 11, 9, 8]]], [[6, [6, 7]]], [[19, [19, 16, 13, 10, 12]]], [[28, [28, 21, 27, 20, 18, 23, 24, 25]]], [[33, [33, 29, 17, 22]]], [[34, [34, 36, 31, 32, 26]]], [[30, [30, 35, 37]]], [[46, [46, 38]]], [[44, [44, 43]]], [[48, [48, 49, 41, 45, 40, 42]]], [[23, [50, 39, 47]]]]]",1072.142135623731,"[[[[0, []], [13, [13, 9, 12, 16]], [12, []], [24, [24, 21]], [21, []], [16, []], [32, [32, 22, 33, 19, 20, 11]], [22, []], [33, []], [19, []], [20, []], [9, []], [37, [37, 46, 36, 31]], [11, []], [46, []], [49, [49, 48, 43, 44]], [36, []], [31, []], [48, []], [43, []], [44, []]], [[0, [1, 2, 4]], [4, []], [8, [8, 7, 5]], [15, [15, 10, 14, 6]], [7, []], [1, []], [2, []], [5, []], [26, [26, 17, 3, 29, 25, 23, 27, 18]], [10, []], [17, []], [29, []], [25, []], [23, []], [35, [35, 30]], [30, []], [14, []], [27, [38, 39, 28, 34]], [38, []], [39, []], [18, []], [3, []], [50, [50, 40, 41, 45, 42, 47]], [28, []], [6, []], [40, []], [41, []], [45, []], [34, []], [42, []], [47, []]]], [[[8, [8, 7, 5]]], [[15, [15, 10, 14, 6]], [13, [13, 9, 12, 16]]], [[26, [26, 17, 3, 29, 25, 23, 27, 18]]], [[24, [24, 21]]], [[32, [32, 22, 33, 19, 20, 11]]], [[35, [35, 30]]], [[27, [38, 39, 28, 34]]], [[37, [37, 46, 36, 31]]], [[49, [49, 48, 43, 44]]], [[50, [50, 40, 41, 45, 42, 47]]]]]",56.73904661593632,0,11,4.2727272727272725,55.369046332208406,1,10,4.7,,,
637,test_data/data_demand_random_50_batch_all1_equal_random/C201_2.5.dat,8,90,2,1015.8035085019827,"[[[[0, [2, 3, 4]], [4, []], [9, [9, 5, 11]], [2, []], [19, [19, 25, 21, 18]], [25, [27, 20]], [21, []], [5, []], [27, []], [20, []], [37, [37, 33]], [11, []], [46, [46]], [3, []], [18, [47, 49, 48, 43, 44]], [47, []], [33, []], [49, []], [48, []], [43, []], [44, []]], [[0, [1]], [15, [15, 7, 6, 13, 12, 16, 14, 8]], [7, []], [6, []], [13, []], [24, [24, 10]], [26, [26, 23, 17, 29, 22, 28]], [22, []], [1, []], [32, [32, 31, 30]], [31, []], [12, []], [36, [36, 34, 39, 38, 35]], [16, []], [34, []], [39, []], [38, []], [14, []], [30, []], [8, []], [35, []], [23, []], [50, [50, 40, 45, 41, 42]], [28, []], [40, []], [45, []], [41, []], [10, []], [17, []], [29, []], [42, []]]], [[[9, [9, 5, 11]]], [[15, [15, 7, 6, 13, 12, 16, 14, 8]]], [[19, [19, 25, 21, 18]]], [[24, [24, 10]]], [[25, [27, 20]]], [[26, [26, 23, 17, 29, 22, 28]]], [[32, [32, 31, 30]]], [[37, [37, 33]]], [[36, [36, 34, 39, 38, 35]]], [[46, [46]]], [[18, [47, 49, 48, 43, 44]]], [[50, [50, 40, 45, 41, 42]]]]]",1073.1389716350664,"[[[[0, []], [11, [11, 10, 7, 6]], [10, [13, 15, 16]], [7, []], [6, []], [13, []], [28, [28, 21, 24, 29, 26, 17, 18, 20]], [21, []], [24, []], [29, []], [26, []], [17, []], [15, []], [34, [34]], [16, []], [18, [46, 37, 39, 42, 33]], [20, []], [46, []], [37, []], [50, [50, 47, 49]], [39, []], [47, []], [42, []], [49, []], [33, []]], [[0, [3, 2, 4]], [3, []], [5, [5, 9, 14, 8]], [1, [1, 12]], [12, []], [9, []], [19, [19, 27, 23, 25, 22]], [2, []], [27, []], [23, []], [25, []], [14, []], [4, []], [30, [30]], [8, []], [38, [38, 35, 40, 41, 36, 31, 32]], [35, []], [40, []], [45, [45, 43, 44]], [41, []], [36, [48]], [31, []], [43, []], [22, []], [44, []], [48, []], [32, []]]], [[[11, [11, 10, 7, 6]]], [[5, [5, 9, 14, 8]]], [[1, [1, 12]]], [[10, [13, 15, 16]]], [[19, [19, 27, 23, 25, 22]]], [[28, [28, 21, 24, 29, 26, 17, 18, 20]]], [[30, [30]]], [[34, [34]], [38, [38, 35, 40, 41, 36, 31, 32]]], [[18, [46, 37, 39, 42, 33]]], [[45, [45, 43, 44]]], [[36, [48]]], [[50, [50, 47, 49]]]]]",48.96332585168213,0,12,3.8333333333333335,55.31554652249516,1,12,3.9166666666666665,,,
638,test_data/data_demand_random_50_batch_all1_equal_random/C201_2.5.dat,8,90,3,1026.151252527933,"[[[[0, [2]], [5, [5, 3, 6]], [6, []], [7, [7, 11, 8]], [2, []], [11, []], [20, [20, 18, 19, 23, 14, 25]], [18, []], [19, []], [25, []], [8, [27, 16, 30]], [14, []], [30, []], [35, [35, 34, 36, 31, 32, 33]], [23, []], [3, []], [27, []], [34, []], [16, []], [36, []], [31, []], [43, [43, 44, 48, 49, 47, 42]], [44, []], [48, []], [32, []], [49, []], [33, []], [47, []], [42, []]], [[0, [4, 1]], [4, []], [9, [9]], [1, []], [22, [22, 12, 13, 10, 17, 15]], [12, []], [26, [26, 29, 28, 24, 21]], [13, []], [29, []], [10, []], [17, []], [28, []], [24, []], [15, []], [21, []], [41, [41]], [45, [45, 40, 39, 38, 46, 37]], [40, []], [50, [50]], [39, []], [38, []], [46, []], [37, []]]], [[[5, [5, 3, 6]]], [[9, [9]]], [[7, [7, 11, 8]]], [[20, [20, 18, 19, 23, 14, 25]]], [[22, [22, 12, 13, 10, 17, 15]]], [[8, [27, 16, 30]]], [[26, [26, 29, 28, 24, 21]]], [[35, [35, 34, 36, 31, 32, 33]]], [[41, [41]]], [[45, [45, 40, 39, 38, 46, 37]]], [[43, [43, 44, 48, 49, 47, 42]]], [[50, [50]]]]]",1083.39696961967,"[[[[0, [2, 1]], [1, []], [2, []], [5, [5, 12, 11, 9, 7, 10]], [12, []], [11, []], [9, []], [20, [20, 21]], [21, [29, 22, 26, 13]], [29, []], [33, [33, 36]], [22, [41, 40, 32, 31]], [36, []], [26, []], [7, []], [10, []], [41, []], [45, [45, 49, 48, 43, 44]], [40, []], [13, []], [49, []], [32, []], [31, []], [48, []], [43, []], [44, []]], [[0, [4, 3]], [6, [6]], [24, [24, 17, 16, 15, 8, 14]], [17, []], [16, []], [15, []], [8, []], [14, []], [30, [30, 27, 18, 25, 23, 28, 19]], [4, []], [27, []], [18, []], [3, []], [38, [38, 35, 39, 34, 42]], [25, []], [35, []], [23, []], [28, []], [50, [50, 47, 46, 37]], [39, []], [34, []], [42, []], [47, []], [19, []], [46, []], [37, []]]], [[[6, [6]], [5, [5, 12, 11, 9, 7, 10]]], [[20, [20, 21]]], [[24, [24, 17, 16, 15, 8, 14]]], [[21, [29, 22, 26, 13]]], [[30, [30, 27, 18, 25, 23, 28, 19]]], [[33, [33, 36]]], [[38, [38, 35, 39, 34, 42]]], [[22, [41, 40, 32, 31]]], [[50, [50, 47, 46, 37]]], [[45, [45, 49, 48, 43, 44]]]]]",63.99083060841711,0,12,3.9166666666666665,59.666864804795445,1,10,4.6,,,
639,test_data/data_demand_random_50_batch_all1_equal_random/C201_2.5.dat,8,90,4,1016.7308492477241,"[[[[0, [4]], [9, [9, 6, 7]], [6, [16, 15, 13, 14, 10, 17]], [16, []], [15, []], [29, [29, 23, 25, 28, 26]], [13, []], [26, []], [17, []], [7, []], [23, []], [35, [35, 30]], [30, []], [14, []], [4, []], [46, [46, 38, 40, 41, 42]], [38, []], [25, []], [50, [50, 45]], [28, []], [40, []], [10, []], [41, []], [45, []], [42, []]], [[0, [1, 3, 2]], [8, [8, 5]], [1, []], [19, [19]], [21, [21, 24, 11, 12]], [24, []], [5, []], [2, []], [27, [33, 27, 20, 18, 22]], [3, []], [20, []], [11, []], [37, [37]], [18, [39, 34, 36, 31, 32]], [39, []], [34, []], [36, []], [31, []], [12, []], [32, []], [22, []], [44, [44, 43, 48, 49, 47]], [43, []], [48, []], [49, []], [33, []], [47, []]]], [[[8, [8, 5]]], [[9, [9, 6, 7]]], [[6, [16, 15, 13, 14, 10, 17]]], [[19, [19]]], [[21, [21, 24, 11, 12]]], [[29, [29, 23, 25, 28, 26]]], [[27, [33, 27, 20, 18, 22]]], [[37, [37]]], [[35, [35, 30]]], [[18, [39, 34, 36, 31, 32]]], [[44, [44, 43, 48, 49, 47]]], [[46, [46, 38, 40, 41, 42]]], [[50, [50, 45]]]]]",,,57.12534579262821,0,13,3.5384615384615383,,,,,,(not found),
640,test_data/data_demand_random_50_batch_all1_equal_random/C201_2.5.dat,8,90,5,1017.3112887414927,"[[[[0, [1, 3]], [1, []], [5, [5, 15, 16, 11, 9]], [19, [19, 12, 20, 18]], [12, []], [24, [24, 29, 27]], [29, []], [15, []], [16, []], [27, []], [37, [37, 34, 42]], [11, []], [9, []], [46, [46, 39, 35, 38]], [20, []], [3, []], [18, []], [47, [47, 50]], [39, []], [50, []], [35, []], [38, []], [34, []], [42, []]], [[0, [4]], [6, [6, 7, 2, 10]], [7, []], [10, []], [13, [13, 14, 8]], [14, []], [2, []], [4, []], [8, []], [30, [30, 25, 23, 28, 21, 17, 26, 22]], [25, []], [23, []], [28, []], [21, []], [40, [40]], [17, []], [26, []], [45, [45, 41, 36, 31, 32, 33]], [41, []], [36, []], [31, []], [43, [43, 44, 48, 49]], [22, []], [44, []], [48, []], [32, []], [49, []], [33, []]]], [[[5, [5, 15, 16, 11, 9]]], [[6, [6, 7, 2, 10]]], [[13, [13, 14, 8]]], [[19, [19, 12, 20, 18]]], [[24, [24, 29, 27]]], [[30, [30, 25, 23, 28, 21, 17, 26, 22]]], [[37, [37, 34, 42]]], [[40, [40]]], [[46, [46, 39, 35, 38]]], [[45, [45, 41, 36, 31, 32, 33]]], [[43, [43, 44, 48, 49]]], [[47, [47, 50]]]]]",1078.6619037896908,"[[[[0, []], [7, [7, 10, 13, 15, 14, 8, 16, 6]], [15, []], [29, [29, 17, 26, 28, 25, 23, 27, 18]], [10, []], [17, []], [13, []], [26, []], [28, []], [25, []], [14, []], [30, [30, 35, 38, 42, 40, 41, 21]], [8, []], [35, []], [23, []], [38, []], [27, []], [18, []], [47, [47, 45, 50, 39]], [42, []], [16, []], [40, []], [6, []], [45, []], [41, []], [21, []], [50, []], [39, []]], [[0, [3, 2, 4, 1]], [4, []], [11, [11, 5, 12]], [3, []], [2, [9, 20]], [9, []], [19, [19, 24, 22]], [24, []], [1, []], [31, [31]], [5, [34, 36, 32, 33, 37]], [34, []], [36, []], [12, []], [32, []], [22, []], [44, [44, 43]], [43, []], [48, [48, 49, 46]], [49, []], [33, []], [20, []], [46, []], [37, []]]], [[[11, [11, 5, 12]]], [[7, [7, 10, 13, 15, 14, 8, 16, 6]]], [[2, [9, 20]]], [[19, [19, 24, 22]]], [[29, [29, 17, 26, 28, 25, 23, 27, 18]]], [[31, [31]]], [[5, [34, 36, 32, 33, 37]]], [[30, [30, 35, 38, 42, 40, 41, 21]]], [[44, [44, 43]]], [[47, [47, 45, 50, 39]], [48, [48, 49, 46]]]]]",53.992726857362065,0,12,3.9166666666666665,51.83014792831221,1,10,4.6,,,
641,test_data/data_demand_random_50_batch_all1_equal_random/C201_2.5.dat,8,120,1,1035.5286750449475,"[[[[0, [2]], [2, [12, 7, 8, 11]], [12, []], [7, []], [25, [25]], [27, [27, 17, 23, 18, 20, 19]], [17, []], [36, [36, 31]], [31, []], [42, [42, 38, 30, 35, 39, 37]], [38, []], [8, []], [30, []], [35, []], [23, []], [50, [50, 47, 46]], [39, []], [47, []], [18, []], [37, []], [11, []], [46, []], [20, []], [19, []]], [[0, [3, 4, 1]], [9, [9, 14, 6, 5, 15, 16, 13, 10]], [3, []], [4, []], [14, []], [6, []], [28, [28, 21, 24, 29, 26, 33, 32, 22]], [21, []], [24, []], [5, []], [15, []], [16, []], [34, [34]], [29, []], [26, []], [13, []], [40, [40, 45, 41, 43, 44]], [45, []], [41, []], [10, []], [33, []], [1, []], [49, [49, 48]], [32, []], [48, []], [43, []], [22, []], [44, []]]], [[[2, [12, 7, 8, 11]]], [[9, [9, 14, 6, 5, 15, 16, 13, 10]]], [[25, [25]]], [[27, [27, 17, 23, 18, 20, 19]]], [[28, [28, 21, 24, 29, 26, 33, 32, 22]]], [[34, [34]]], [[36, [36, 31]]], [[42, [42, 38, 30, 35, 39, 37]]], [[40, [40, 45, 41, 43, 44]]], [[49, [49, 48]]], [[50, [50, 47, 46]]]]]",1180.443663923948,"[[[[0, [1, 2, 3]], [5, [5, 15, 8, 9]], [1, [11, 18]], [15, []], [2, []], [8, []], [27, [27, 30, 20, 19, 22]], [30, []], [3, []], [18, []], [20, []], [37, [37, 32, 33]], [9, []], [11, []], [46, [46]], [19, [47, 44, 43, 48]], [47, []], [22, []], [44, []], [43, []], [48, []], [32, []], [33, []]], [[0, []], [12, [12, 7, 4]], [7, []], [14, [14, 6, 16, 10, 17, 13]], [4, []], [24, [24, 23, 21, 28, 29, 25, 26]], [23, []], [21, []], [28, []], [29, [31, 36]], [16, [34, 39, 38, 35, 41, 40]], [34, []], [39, []], [38, []], [35, []], [25, []], [50, [50, 45, 42, 49]], [6, []], [10, []], [41, []], [45, []], [40, []], [17, []], [13, []], [26, []], [36, []], [31, []], [49, []], [42, []]]], [[[12, [12, 7, 4]]], [[14, [14, 6, 16, 10, 17, 13]]], [[5, [5, 15, 8, 9]]], [[1, [11, 18]]], [[24, [24, 23, 21, 28, 29, 25, 26]]], [[27, [27, 30, 20, 19, 22]]], [[37, [37, 32, 33]], [29, [31, 36]]], [[16, [34, 39, 38, 35, 41, 40]]], [[46, [46]]], [[50, [50, 45, 42, 49]]], [[19, [47, 44, 43, 48]]]]]",47.44052778595213,0,11,4.181818181818182,49.401949072806985,1,11,4.2727272727272725,,,
642,test_data/data_demand_random_50_batch_all1_equal_random/C201_2.5.dat,8,120,2,1012.7308492477241,"[[[[0, [4, 1]], [4, []], [10, [10, 6, 12]], [6, []], [12, [14, 8, 11]], [1, []], [23, [23, 27, 24, 25, 22]], [27, []], [24, []], [30, [30, 35, 37, 33]], [14, []], [8, []], [35, []], [25, []], [46, [46, 44, 43]], [11, []], [37, []], [44, [48, 49]], [22, []], [43, []], [48, []], [49, []], [33, []]], [[0, [2, 3]], [2, []], [15, [15, 5, 9, 13, 7, 16]], [5, []], [19, [19, 20, 18]], [9, [29, 17, 26, 21, 28]], [20, []], [3, []], [18, []], [32, [32, 31, 36]], [31, []], [36, []], [29, [40, 41, 38, 39, 34]], [40, []], [13, []], [17, []], [26, []], [7, []], [41, []], [45, [45]], [21, []], [28, []], [50, [50, 42, 47]], [38, []], [39, []], [34, []], [16, []], [42, []], [47, []]]], [[[15, [15, 5, 9, 13, 7, 16]]], [[10, [10, 6, 12]]], [[12, [14, 8, 11]]], [[23, [23, 27, 24, 25, 22]]], [[19, [19, 20, 18]]], [[9, [29, 17, 26, 21, 28]]], [[32, [32, 31, 36]]], [[30, [30, 35, 37, 33]]], [[29, [40, 41, 38, 39, 34]]], [[45, [45]]], [[46, [46, 44, 43]]], [[50, [50, 42, 47]]], [[44, [48, 49]]]]]",1028.6619037896908,"[[[[0, []], [7, [7, 13, 10, 6]], [6, []], [29, [29, 28, 26, 17, 19]], [28, []], [33, [33, 32]], [32, []], [31, [31, 36]], [36, [41, 40, 39, 38, 37]], [26, []], [13, []], [17, []], [10, []], [41, []], [45, [45]], [40, []], [50, [50, 46]], [39, []], [38, []], [46, []], [37, []], [19, []]], [[0, [4, 3, 1]], [9, [9, 11, 2, 12]], [11, []], [2, []], [18, [18, 21, 24, 22]], [20, [20, 5, 16, 8, 14, 15]], [5, []], [16, []], [24, []], [21, []], [15, []], [34, [34, 35, 30, 25, 23, 27]], [25, []], [23, []], [35, []], [8, []], [30, []], [14, []], [4, []], [27, []], [3, []], [47, [47, 48, 44, 43, 49, 42]], [48, []], [22, []], [44, []], [43, []], [12, []], [49, []], [1, []], [42, []]]], [[[7, [7, 13, 10, 6]]], [[9, [9, 11, 2, 12]]], [[18, [18, 21, 24, 22]]], [[20, [20, 5, 16, 8, 14, 15]]], [[29, [29, 28, 26, 17, 19]]], [[33, [33, 32]]], [[34, [34, 35, 30, 25, 23, 27]]], [[31, [31, 36]]], [[36, [41, 40, 39, 38, 37]]], [[45, [45]]], [[47, [47, 48, 44, 43, 49, 42]], [50, [50, 46]]]]]",57.242177874406885,0,13,3.5384615384615383,50.654736513637395,1,11,4.2727272727272725,,,
643,test_data/data_demand_random_50_batch_all1_equal_random/C201_2.5.dat,8,120,3,1035.5286750449475,"[[[[0, [1, 4, 3]], [1, []], [3, []], [4, []], [18, [18, 14, 15, 6, 16, 13, 10, 7]], [14, []], [15, []], [28, [28, 21, 29, 24, 17, 26]], [6, []], [21, []], [29, []], [24, []], [34, [34, 40]], [16, []], [13, []], [17, []], [40, [45, 41, 36, 31, 42]], [45, []], [41, []], [10, []], [7, []], [26, []], [36, []], [31, []], [43, [43, 44, 48, 49]], [44, []], [48, []], [49, []], [42, []]], [[0, [2]], [5, [5, 12, 9, 11, 8]], [12, []], [9, []], [11, []], [22, [22, 32, 30, 23, 25, 20, 27, 19]], [32, []], [33, [33]], [2, []], [27, []], [8, []], [30, []], [35, [35, 38, 39]], [23, []], [25, []], [38, []], [50, [50, 47, 46, 37]], [39, []], [20, []], [46, []], [37, []], [19, []], [47, []]]], [[[5, [5, 12, 9, 11, 8]]], [[18, [18, 14, 15, 6, 16, 13, 10, 7]]], [[28, [28, 21, 29, 24, 17, 26]]], [[22, [22, 32, 30, 23, 25, 20, 27, 19]]], [[33, [33]]], [[35, [35, 38, 39]]], [[34, [34, 40]]], [[40, [45, 41, 36, 31, 42]]], [[50, [50, 47, 46, 37]]], [[43, [43, 44, 48, 49]]]]]",1043.5286750449475,"[[[[0, [4, 3]], [8, [8, 14, 7, 10, 6, 13]], [18, [18, 22]], [14, []], [4, []], [3, []], [33, [33, 32, 31, 36, 29, 26, 17]], [32, []], [22, []], [31, []], [36, []], [29, []], [26, []], [7, []], [41, [41, 40, 45]], [10, []], [45, []], [6, []], [40, []], [17, []], [13, [49, 48, 43, 44]], [49, []], [48, []], [43, []], [44, []]], [[0, [2, 1]], [1, []], [12, [12, 15, 16, 5, 11, 9]], [2, []], [15, []], [16, []], [5, []], [21, [21, 24]], [24, [28, 20, 19, 25, 23, 27]], [28, []], [20, []], [19, []], [42, [42, 34, 39, 38, 30, 35, 37]], [34, []], [39, []], [38, []], [25, []], [30, []], [35, []], [23, []], [50, [50, 46, 47]], [27, []], [46, []], [11, []], [9, []], [37, []], [47, []]]], [[[8, [8, 14, 7, 10, 6, 13]]], [[12, [12, 15, 16, 5, 11, 9]]], [[18, [18, 22]]], [[21, [21, 24]]], [[24, [28, 20, 19, 25, 23, 27]]], [[42, [42, 34, 39, 38, 30, 35, 37]]], [[33, [33, 32, 31, 36, 29, 26, 17]]], [[41, [41, 40, 45]]], [[50, [50, 46, 47]], [13, [49, 48, 43, 44]]]]]",51.251548066119554,0,10,4.6,52.29398338562134,1,9,5.111111111111111,,,
644,test_data/data_demand_random_50_batch_all1_equal_random/C201_2.5.dat,8,120,4,1016.7308492477241,"[[[[0, [4]], [9, [9, 6, 7]], [6, [16, 15, 13, 14, 10, 17]], [16, []], [15, []], [29, [29, 23, 25, 28, 26]], [13, []], [26, []], [17, []], [7, []], [23, []], [35, [35, 30]], [30, []], [14, []], [4, []], [46, [46, 38, 40, 41, 42]], [38, []], [25, []], [50, [50, 45]], [28, []], [40, []], [10, []], [41, []], [45, []], [42, []]], [[0, [1, 3, 2]], [8, [8, 5]], [1, []], [19, [19]], [21, [21, 24, 11, 12]], [24, []], [5, []], [2, []], [27, [33, 27, 20, 18, 22]], [3, []], [20, []], [11, []], [37, [37]], [18, [39, 34, 36, 31, 32]], [39, []], [34, []], [36, []], [31, []], [12, []], [32, []], [22, []], [44, [44, 43, 48, 49, 47]], [43, []], [48, []], [49, []], [33, []], [47, []]]], [[[8, [8, 5]]], [[9, [9, 6, 7]]], [[6, [16, 15, 13, 14, 10, 17]]], [[19, [19]]], [[21, [21, 24, 11, 12]]], [[29, [29, 23, 25, 28, 26]]], [[27, [33, 27, 20, 18, 22]]], [[37, [37]]], [[35, [35, 30]]], [[18, [39, 34, 36, 31, 32]]], [[44, [44, 43, 48, 49, 47]]], [[46, [46, 38, 40, 41, 42]]], [[50, [50, 45]]]]]",1016.7308492477241,"[[[[0, [3]], [7, [7, 14, 8, 12]], [19, [19, 23, 25, 24, 22]], [18, [18, 20, 27]], [20, []], [3, []], [27, []], [30, [30, 35, 34, 36, 31, 32, 33]], [14, []], [8, []], [35, []], [23, []], [25, []], [24, []], [34, []], [36, []], [31, []], [48, [48, 43, 44, 49, 47]], [43, []], [44, []], [22, []], [32, []], [12, []], [49, []], [33, []], [47, []]], [[0, [4, 2, 1]], [4, []], [6, [6, 9, 11, 10]], [13, [13, 5, 15, 16]], [5, []], [15, []], [16, []], [2, []], [1, []], [26, [26, 29, 17, 28, 21]], [29, []], [17, []], [9, []], [37, [37]], [11, []], [46, [46, 38, 39, 41, 45, 40, 42]], [38, []], [39, []], [50, [50]], [28, []], [21, []], [10, []], [41, []], [45, []], [40, []], [42, []]]], [[[6, [6, 9, 11, 10]]], [[13, [13, 5, 15, 16]], [7, [7, 14, 8, 12]]], [[19, [19, 23, 25, 24, 22]]], [[26, [26, 29, 17, 28, 21]]], [[18, [18, 20, 27]]], [[37, [37]]], [[30, [30, 35, 34, 36, 31, 32, 33]]], [[46, [46, 38, 39, 41, 45, 40, 42]]], [[48, [48, 43, 44, 49, 47]]], [[50, [50]]]]]",57.12534579262821,0,13,3.5384615384615383,57.8143489012362,1,10,4.6,,,
645,test_data/data_demand_random_50_batch_all1_equal_random/C201_2.5.dat,8,120,5,1035.5286750449475,"[[[[0, [4, 3, 1, 2]], [2, []], [9, [9, 8, 14]], [8, []], [4, [18, 5, 6, 7, 12]], [14, []], [18, []], [3, []], [33, [33, 32, 31]], [32, []], [31, []], [29, [29, 36, 34, 26, 22]], [36, []], [5, []], [42, [42, 40]], [34, []], [40, [45, 41, 43, 44]], [6, []], [45, []], [41, []], [7, []], [26, []], [1, [49, 48]], [49, []], [12, []], [48, []], [43, []], [22, []], [44, []]], [[0, []], [10, [10, 16, 15, 13, 11]], [16, []], [15, []], [24, [24, 28, 17, 21, 23, 27, 25, 19]], [28, []], [17, []], [13, []], [21, []], [23, []], [27, []], [38, [38, 35, 30, 39, 37, 20]], [25, []], [35, []], [30, []], [50, [50, 47, 46]], [39, []], [47, []], [19, []], [37, []], [11, []], [46, []], [20, []]]], [[[9, [9, 8, 14]]], [[10, [10, 16, 15, 13, 11]]], [[4, [18, 5, 6, 7, 12]]], [[24, [24, 28, 17, 21, 23, 27, 25, 19]]], [[33, [33, 32, 31]]], [[29, [29, 36, 34, 26, 22]]], [[38, [38, 35, 30, 39, 37, 20]]], [[42, [42, 40]]], [[40, [45, 41, 43, 44]]], [[50, [50, 47, 46]]], [[1, [49, 48]]]]]",1136.5228703592784,"[[[[0, [1]], [13, [13, 7, 15, 6, 16, 10, 11]], [7, []], [15, []], [16, []], [17, [17, 22, 19]], [6, []], [22, []], [32, [32]], [33, [33, 36, 31, 29, 26, 34]], [29, []], [36, []], [31, []], [1, []], [26, []], [10, []], [41, [41, 45, 40]], [45, []], [40, []], [34, [47, 37, 46]], [47, []], [37, []], [11, []], [46, []], [19, []]], [[0, [3, 2, 4]], [2, []], [12, [12, 9, 5]], [9, [8, 14]], [20, [20, 18, 24, 21]], [18, [27, 25, 23, 28]], [3, []], [5, []], [24, []], [27, []], [8, []], [30, [30]], [14, []], [4, []], [38, [38, 35, 39, 42]], [25, []], [35, []], [23, []], [28, []], [21, []], [50, [50, 49, 48, 43, 44]], [39, []], [42, []], [49, []], [48, []], [43, []], [44, []]]], [[[12, [12, 9, 5]]], [[13, [13, 7, 15, 6, 16, 10, 11]]], [[9, [8, 14]]], [[17, [17, 22, 19]]], [[20, [20, 18, 24, 21]]], [[18, [27, 25, 23, 28]]], [[32, [32]]], [[30, [30]], [33, [33, 36, 31, 29, 26, 34]]], [[38, [38, 35, 39, 42]]], [[50, [50, 49, 48, 43, 44]]], [[41, [41, 45, 40]]], [[34, [47, 37, 46]]]]]",51.79566148626684,0,11,4.181818181818182,56.44910610162231,1,12,3.8333333333333335,,,
646,test_data/data_demand_random_50_batch_all1_equal_cluster/C201_2.dat,4,90,1,830.0483493925201,"[[[[0, [2, 6]], [18, [18, 19, 14, 16]], [19, []], [14, []], [16, []], [15, [15, 13, 12, 11]], [2, []], [6, []], [28, [28, 26, 27, 29]], [26, []], [27, []], [13, []], [12, []], [41, [41, 40, 39, 38]], [40, []], [39, []], [38, []], [11, []], [29, []], [42, [42, 43, 49, 44]], [43, []], [44, []], [49, []], [48, [48, 30]], [30, []]], [[0, [3, 4, 5, 1]], [3, []], [4, []], [5, []], [8, [8, 10, 9, 17]], [10, []], [9, []], [7, [7]], [17, []], [20, [20, 22, 24, 23]], [22, []], [24, []], [23, []], [21, [21, 25]], [32, [32, 33, 31, 34]], [33, []], [31, []], [34, []], [35, [35, 36, 37]], [36, []], [37, []], [50, [50, 45, 46, 47]], [25, []], [45, []], [46, []], [47, []], [1, []]]], [[[18, [18, 19, 14, 16]]], [[8, [8, 10, 9, 17]]], [[7, [7]]], [[15, [15, 13, 12, 11]]], [[20, [20, 22, 24, 23]]], [[21, [21, 25]]], [[28, [28, 26, 27, 29]]], [[32, [32, 33, 31, 34]]], [[35, [35, 36, 37]]], [[41, [41, 40, 39, 38]]], [[50, [50, 45, 46, 47]]], [[42, [42, 43, 49, 44]]], [[48, [48, 30]]]]]",,,52.72874563841506,0,13,3.3846153846153846,,,,,,(not found),
647,test_data/data_demand_random_50_batch_all1_equal_cluster/C201_2.dat,4,90,2,862.05551275464,"[[[[0, [2, 3]], [19, [19, 16, 17, 14]], [16, []], [17, []], [14, []], [2, []], [30, [30, 28, 27, 29]], [28, []], [27, []], [29, []], [26, [26, 13, 12]], [13, []], [12, []], [41, [41, 40, 39, 38]], [40, []], [39, []], [38, []], [42, [42, 43, 44, 48]], [43, []], [44, []], [48, []], [49, [49]], [3, []]], [[0, [1, 5]], [4, [4, 9, 6, 11]], [1, []], [7, [7, 10, 8]], [10, []], [9, [18]], [11, []], [8, []], [6, []], [15, [15, 22, 23, 24]], [20, [20, 25, 21]], [22, []], [18, []], [31, [31, 32, 33, 34]], [32, []], [33, []], [34, []], [35, [35, 36, 37]], [36, []], [37, []], [23, []], [24, []], [25, []], [50, [50, 45, 47, 46]], [21, []], [45, []], [47, []], [46, []], [5, []]]], [[[4, [4, 9, 6, 11]]], [[7, [7, 10, 8]]], [[9, [18]]], [[19, [19, 16, 17, 14]]], [[15, [15, 22, 23, 24]]], [[20, [20, 25, 21]]], [[30, [30, 28, 27, 29]]], [[26, [26, 13, 12]]], [[31, [31, 32, 33, 34]]], [[35, [35, 36, 37]]], [[41, [41, 40, 39, 38]]], [[50, [50, 45, 47, 46]]], [[42, [42, 43, 44, 48]]], [[49, [49]]]]]",,,52.81055563652204,0,14,3.2857142857142856,,,,,,(not found),
648,test_data/data_demand_random_50_batch_all1_equal_cluster/C201_2.dat,4,90,3,909.3112887414927,"[[[[0, [5, 1, 2, 4]], [2, []], [1, []], [4, []], [11, [11, 15, 19, 16]], [15, []], [19, []], [16, []], [24, [24, 13, 9]], [23, [23, 25, 30]], [25, []], [30, []], [29, [29, 27, 28, 26]], [27, []], [28, []], [26, []], [5, []], [49, [49, 44, 43, 42]], [44, []], [43, []], [42, []], [13, []], [9, []], [38, [38, 39, 40, 41]], [39, []], [40, []], [41, []]], [[0, [3]], [7, [7, 12, 6]], [10, [10, 8]], [12, []], [8, []], [18, [18, 17, 14]], [21, [20, 21]], [17, []], [14, []], [20, []], [31, [31, 32, 33, 34]], [32, []], [33, [22, 35, 36, 37]], [34, []], [22, []], [35, []], [36, []], [37, []], [50, [50, 46, 48, 47]], [45, [45]], [46, []], [48, []], [47, []], [6, []], [3, []]]], [[[11, [11, 15, 19, 16]]], [[7, [7, 12, 6]]], [[10, [10, 8]]], [[18, [18, 17, 14]]], [[21, [20, 21]]], [[24, [24, 13, 9]]], [[23, [23, 25, 30]]], [[29, [29, 27, 28, 26]]], [[31, [31, 32, 33, 34]]], [[33, [22, 35, 36, 37]]], [[49, [49, 44, 43, 42]]], [[50, [50, 46, 48, 47]]], [[38, [38, 39, 40, 41]]], [[45, [45]]]]]",,,53.43124499624371,0,14,3.2142857142857144,,,,,,(not found),
649,test_data/data_demand_random_50_batch_all1_equal_cluster/C201_2.dat,4,90,5,,,952.7630546142402,"[[[[0, [13, 11, 7]], [16, [16, 17, 10, 19]], [17, []], [18, [18]], [10, [22, 25, 24]], [13, []], [11, []], [7, []], [31, [31, 32, 33, 34]], [32, []], [33, []], [34, []], [19, []], [22, []], [36, [36, 35, 37, 42]], [35, []], [37, []], [50, [50, 43, 44, 49]], [25, []], [24, []], [42, []], [43, []], [44, []], [49, []], [48, [48]]], [[0, [2, 5, 1, 4, 6, 3]], [5, []], [12, [12, 9, 8]], [9, []], [1, []], [2, []], [15, [15, 14]], [4, []], [14, []], [20, [20, 23, 21]], [23, []], [21, []], [26, [26]], [30, [30, 28, 27, 29]], [28, []], [27, []], [8, []], [41, [41, 40, 39, 38]], [40, []], [39, []], [38, []], [29, []], [45, [45, 46, 47]], [46, []], [47, []], [6, []], [3, []]]], [[[12, [12, 9, 8]]], [[16, [16, 17, 10, 19]]], [[18, [18]], [15, [15, 14]]], [[10, [22, 25, 24]]], [[20, [20, 23, 21]]], [[26, [26]]], [[30, [30, 28, 27, 29]]], [[31, [31, 32, 33, 34]]], [[41, [41, 40, 39, 38]]], [[36, [36, 35, 37, 42]]], [[50, [50, 43, 44, 49]]], [[45, [45, 46, 47]]], [[48, [48]]]]]",,,,,55.02624766202618,1,13,3.1538461538461537,,,
650,test_data/data_demand_random_50_batch_all1_equal_cluster/C201_2.dat,4,120,1,851.05551275464,"[[[[0, [5, 4]], [4, []], [14, [14, 9]], [17, [17, 12, 16]], [16, []], [21, [21, 23]], [23, []], [5, []], [26, [26, 27, 30, 28]], [27, []], [30, []], [28, []], [12, []], [41, [41, 40, 39]], [40, [38, 29]], [39, []], [38, []], [9, []], [29, []], [42, [42, 43, 44, 49]], [43, []], [44, []], [49, []]], [[0, [2, 6, 1, 3]], [6, []], [2, []], [7, [7, 13, 11, 10]], [13, []], [11, []], [10, []], [8, [8, 18, 15, 19]], [1, []], [18, []], [15, []], [20, [20, 22, 25]], [19, []], [32, [32, 33, 31, 34]], [33, [24, 35, 36, 37]], [31, []], [34, []], [22, []], [35, []], [36, []], [37, []], [50, [50, 45, 46, 47]], [25, []], [24, []], [45, []], [46, []], [47, []], [48, [48]], [3, []]]], [[[7, [7, 13, 11, 10]]], [[8, [8, 18, 15, 19]]], [[14, [14, 9]]], [[17, [17, 12, 16]]], [[20, [20, 22, 25]]], [[21, [21, 23]]], [[26, [26, 27, 30, 28]]], [[32, [32, 33, 31, 34]]], [[33, [24, 35, 36, 37]]], [[41, [41, 40, 39]]], [[40, [38, 29]]], [[50, [50, 45, 46, 47]]], [[42, [42, 43, 44, 49]]], [[48, [48]]]]]",936.328374175658,"[[[[0, [5]], [5, []], [18, [18, 16, 17, 14]], [16, []], [17, []], [14, []], [7, [7, 13, 11, 12]], [26, [26]], [30, [30, 28, 27, 29]], [28, []], [27, []], [13, []], [11, []], [41, [41, 40, 39, 38]], [40, []], [39, []], [38, []], [12, []], [29, []], [43, [43, 44, 49, 48]], [44, []], [49, []], [48, []], [42, [42]]], [[0, [1, 2, 6, 3]], [1, []], [2, []], [6, []], [9, [9]], [10, [10, 8]], [8, []], [23, [23, 21, 20, 22]], [21, [15, 19]], [15, []], [20, []], [19, []], [32, [32, 33, 31, 34]], [33, []], [31, []], [34, []], [22, []], [35, [35, 36, 37, 25]], [36, []], [37, []], [50, [50, 24]], [25, []], [24, []], [45, [45, 46, 47]], [46, []], [47, []], [4, [4]], [3, []]]], [[[9, [9]]], [[18, [18, 16, 17, 14]]], [[10, [10, 8]]], [[7, [7, 13, 11, 12]]], [[23, [23, 21, 20, 22]]], [[21, [15, 19]]], [[26, [26]]], [[30, [30, 28, 27, 29]]], [[32, [32, 33, 31, 34]]], [[35, [35, 36, 37, 25]]], [[41, [41, 40, 39, 38]]], [[50, [50, 24]]], [[43, [43, 44, 49, 48]]], [[42, [42]], [45, [45, 46, 47]]], [[4, [4]]]]]",51.442929859221934,0,14,3.142857142857143,56.01007452585283,1,15,3.0,,,
651,test_data/data_demand_random_50_batch_all1_equal_cluster/C201_2.dat,4,120,2,830.0483493925201,"[[[[0, [2, 3, 6]], [6, []], [2, []], [14, [14, 15, 8, 11]], [15, []], [3, []], [11, []], [8, []], [26, [26, 30, 28, 27]], [30, []], [28, []], [27, []], [29, [29, 13, 12]], [13, []], [12, []], [41, [41, 40, 39, 38]], [40, []], [39, []], [38, []], [42, [42, 43, 44, 49]], [43, []], [44, []], [49, []], [48, [48]]], [[0, [5, 4, 1]], [4, []], [1, []], [5, []], [10, [10, 7, 9]], [7, []], [9, []], [21, [21, 22, 23, 25]], [20, [20, 19, 17, 16]], [19, []], [17, []], [16, []], [18, [18, 24]], [31, [31, 32, 33, 34]], [32, []], [33, []], [34, []], [35, [35, 36, 37]], [36, []], [37, []], [22, []], [23, []], [50, [50, 45, 46, 47]], [25, []], [24, []], [45, []], [46, []], [47, []]]], [[[10, [10, 7, 9]]], [[14, [14, 15, 8, 11]]], [[21, [21, 22, 23, 25]]], [[20, [20, 19, 17, 16]]], [[18, [18, 24]]], [[26, [26, 30, 28, 27]]], [[29, [29, 13, 12]]], [[31, [31, 32, 33, 34]]], [[35, [35, 36, 37]]], [[41, [41, 40, 39, 38]]], [[50, [50, 45, 46, 47]]], [[42, [42, 43, 44, 49]]], [[48, [48]]]]]",,,54.76182435816139,0,13,3.3846153846153846,,,,,,(not found),
652,test_data/data_demand_random_50_batch_all1_equal_cluster/C201_2.dat,4,120,3,,,941.8956687101119,"[[[[0, [5, 3, 2]], [7, [7]], [12, [12, 11, 8]], [11, []], [8, []], [3, []], [2, []], [14, [14, 17, 16, 13]], [17, []], [16, []], [27, [27, 29, 28, 30]], [29, []], [28, []], [30, []], [26, [26, 10]], [13, []], [10, []], [41, [41, 40, 39, 38]], [40, []], [39, []], [38, []], [49, [49, 44, 43, 42]], [44, []], [43, []], [42, []], [48, [48]], [5, []]], [[0, [6, 4, 1]], [4, []], [6, []], [1, []], [9, [9, 15, 18, 19]], [15, []], [23, [23, 20, 21, 22]], [20, []], [21, []], [18, []], [31, [31, 32, 33, 34]], [32, []], [33, []], [34, []], [19, []], [22, []], [36, [36, 35, 37, 25]], [35, []], [37, []], [50, [50, 24]], [25, []], [24, []], [45, [45, 46, 47]], [46, []], [47, []]]], [[[7, [7]]], [[9, [9, 15, 18, 19]]], [[12, [12, 11, 8]]], [[14, [14, 17, 16, 13]]], [[23, [23, 20, 21, 22]]], [[27, [27, 29, 28, 30]]], [[26, [26, 10]]], [[31, [31, 32, 33, 34]]], [[36, [36, 35, 37, 25]]], [[41, [41, 40, 39, 38]]], [[50, [50, 24]]], [[49, [49, 44, 43, 42]]], [[48, [48]], [45, [45, 46, 47]]]]]",,,,,57.08914191479015,1,13,3.3846153846153846,,,
653,test_data/data_demand_random_50_batch_all1_equal_cluster/C201_2.dat,4,120,4,850.0483493925201,"[[[[0, [5, 4]], [4, []], [13, [13, 8]], [8, []], [29, [29, 28, 27, 26]], [30, [30]], [41, [41, 39, 38, 40]], [40, []], [39, []], [38, []], [42, [42, 49, 48, 44]], [48, []], [49, []], [44, []], [43, [43]], [28, []], [27, []], [26, []], [5, []]], [[0, [2, 3, 6, 1]], [3, []], [6, []], [1, []], [12, [12, 7, 10]], [7, []], [10, []], [9, [9, 11, 15]], [11, []], [15, []], [2, []], [20, [20, 18, 22, 19]], [19, []], [17, [17, 16, 14]], [16, []], [14, []], [18, []], [32, [32, 31, 33, 34]], [31, [37, 35, 36]], [33, []], [34, []], [22, []], [23, [23, 24, 25, 21]], [24, []], [25, []], [37, []], [35, []], [36, []], [50, [50, 45, 46, 47]], [21, []], [45, []], [46, []], [47, []]]], [[[12, [12, 7, 10]]], [[13, [13, 8]]], [[9, [9, 11, 15]]], [[20, [20, 18, 22, 19]]], [[17, [17, 16, 14]]], [[29, [29, 28, 27, 26]]], [[30, [30]]], [[32, [32, 31, 33, 34]]], [[31, [37, 35, 36]]], [[23, [23, 24, 25, 21]]], [[41, [41, 39, 38, 40]]], [[50, [50, 45, 46, 47]]], [[42, [42, 49, 48, 44]]], [[43, [43]]]]]",1005.772795366136,"[[[[0, [6, 1, 3]], [3, []], [7, [7, 16, 15, 14]], [16, []], [15, []], [6, []], [21, [21, 18, 19, 9]], [14, []], [18, []], [19, []], [34, [34, 33, 32, 31]], [33, []], [32, []], [31, []], [41, [41, 40, 39, 38]], [40, []], [39, []], [38, []], [9, []], [13, [13]], [42, [42, 44, 49, 48]], [44, []], [49, []], [48, []], [1, []]], [[0, [2, 4, 5]], [2, []], [11, [11, 12, 10]], [4, []], [12, []], [10, []], [8, [8, 17]], [17, []], [22, [22, 20, 25, 23]], [20, []], [25, []], [23, []], [5, [27, 29, 28, 24]], [26, [26, 30, 36]], [30, []], [27, []], [29, []], [28, []], [43, [43]], [47, [47, 46, 45]], [46, []], [45, []], [24, []], [50, [50, 37, 35]], [37, []], [36, []], [35, []]]], [[[7, [7, 16, 15, 14]]], [[11, [11, 12, 10]]], [[8, [8, 17]]], [[22, [22, 20, 25, 23]]], [[21, [21, 18, 19, 9]]], [[34, [34, 33, 32, 31]]], [[5, [27, 29, 28, 24]]], [[26, [26, 30, 36]]], [[41, [41, 40, 39, 38]]], [[43, [43]]], [[47, [47, 46, 45]]], [[50, [50, 37, 35]], [13, [13]]], [[42, [42, 44, 49, 48]]]]]",57.976700139093865,0,14,3.142857142857143,57.17722500485943,1,13,3.3846153846153846,,,
654,test_data/data_demand_random_50_batch_all1_equal_cluster/C201_2.dat,4,120,5,850.0483493925201,"[[[[0, [2, 1]], [8, [8]], [15, [15, 19, 18]], [19, []], [18, []], [16, [16, 17, 14, 20]], [17, []], [14, []], [20, []], [2, []], [26, [26, 29, 27, 30]], [41, [41, 40, 39, 38]], [40, []], [39, []], [38, []], [29, [28, 42, 43, 44]], [27, []], [28, []], [42, []], [43, []], [44, []], [49, [49, 48]], [48, []], [30, []], [1, []]], [[0, [4, 5, 3]], [4, [6]], [12, [12, 13, 11, 10]], [6, []], [13, []], [11, []], [10, []], [9, [9, 7]], [7, []], [21, [21, 23, 25, 22]], [31, [31, 32, 33, 34]], [32, []], [33, []], [34, []], [35, [35, 36, 37, 24]], [25, []], [36, []], [37, []], [50, [50, 45, 46, 47]], [22, []], [23, []], [24, []], [45, []], [46, []], [47, []], [5, []], [3, []]]], [[[4, [6]]], [[12, [12, 13, 11, 10]]], [[9, [9, 7]]], [[8, [8]]], [[15, [15, 19, 18]]], [[16, [16, 17, 14, 20]]], [[21, [21, 23, 25, 22]]], [[26, [26, 29, 27, 30]]], [[31, [31, 32, 33, 34]]], [[35, [35, 36, 37, 24]]], [[41, [41, 40, 39, 38]]], [[50, [50, 45, 46, 47]]], [[29, [28, 42, 43, 44]]], [[49, [49, 48]]]]]",,,51.11399681282276,0,14,3.2142857142857144,,,,,,(not found),
655,test_data/data_demand_random_50_batch_all1_equal_cluster/C201_2.dat,8,90,1,846.05551275464,"[[[[0, [1]], [7, [7, 11, 13, 10, 9]], [11, []], [13, []], [10, []], [9, []], [16, [16, 17, 14, 20, 25, 24, 12]], [20, []], [25, []], [24, []], [17, []], [14, []], [41, [41, 40, 39, 38, 29, 28, 26, 27]], [40, []], [39, []], [38, []], [12, []], [29, []], [42, [42, 49, 44, 43]], [49, []], [44, []], [43, []], [28, []], [27, []], [26, []], [1, []]], [[0, [5, 3, 6, 2, 4]], [5, []], [3, []], [6, []], [2, []], [8, [8, 15, 18, 19]], [15, []], [4, []], [18, []], [21, [21, 22, 23]], [22, []], [23, []], [19, [30, 33, 32, 31, 34, 36, 35, 37]], [33, []], [32, []], [31, []], [34, []], [35, []], [37, []], [36, []], [50, [50, 45, 46, 47, 48]], [45, []], [46, []], [47, []], [48, []], [30, []]]], [[[7, [7, 11, 13, 10, 9]]], [[8, [8, 15, 18, 19]]], [[16, [16, 17, 14, 20, 25, 24, 12]]], [[21, [21, 22, 23]]], [[19, [30, 33, 32, 31, 34, 36, 35, 37]]], [[41, [41, 40, 39, 38, 29, 28, 26, 27]]], [[50, [50, 45, 46, 47, 48]]], [[42, [42, 49, 44, 43]]]]]",,,48.49194363697711,0,8,5.5,,,,,,(not found),
656,test_data/data_demand_random_50_batch_all1_equal_cluster/C201_2.dat,8,90,2,858.05551275464,"[[[[0, [4, 2, 6, 3]], [6, []], [15, [15, 13, 18, 17, 8, 16]], [2, []], [4, []], [13, []], [16, []], [17, []], [18, []], [3, []], [8, []], [41, [41, 40, 39, 38, 42, 29, 27, 28]], [40, []], [39, []], [38, []], [42, []], [29, []], [27, []], [28, []], [44, [44, 43, 49, 30]], [43, []], [49, []], [30, []]], [[0, [5]], [1, [1, 11, 9, 12, 10, 7]], [5, []], [11, []], [9, []], [12, []], [10, []], [7, []], [14, [14, 21, 22, 25, 24, 20, 19]], [21, []], [22, []], [25, []], [24, []], [20, []], [19, []], [33, [33, 32, 31, 34, 37, 35, 36, 23]], [32, []], [31, []], [34, []], [37, []], [35, []], [36, []], [50, [50, 45, 46, 47, 48, 26]], [23, []], [45, []], [46, []], [47, []], [48, []], [26, []]]], [[[1, [1, 11, 9, 12, 10, 7]]], [[15, [15, 13, 18, 17, 8, 16]]], [[14, [14, 21, 22, 25, 24, 20, 19]]], [[33, [33, 32, 31, 34, 37, 35, 36, 23]]], [[41, [41, 40, 39, 38, 42, 29, 27, 28]]], [[44, [44, 43, 49, 30]]], [[50, [50, 45, 46, 47, 48, 26]]]]]",,,48.16170687910434,0,7,6.428571428571429,,,,,,(not found),
657,test_data/data_demand_random_50_batch_all1_equal_cluster/C201_2.dat,8,90,3,826.05551275464,"[[[[0, [2, 3, 1, 4, 5]], [19, [19]], [14, [14, 16, 7, 10, 9, 12]], [16, []], [20, [20]], [2, []], [3, []], [4, []], [26, [26, 28, 30, 27, 13]], [28, []], [30, []], [27, []], [7, []], [10, []], [9, []], [41, [41, 40, 39, 38, 29]], [40, []], [39, []], [38, []], [12, []], [13, []], [29, []], [42, [42, 43, 44, 49, 48]], [43, []], [44, []], [49, []], [48, []], [5, []], [1, []]], [[0, [6]], [11, [11, 8, 15, 17, 18]], [8, []], [15, []], [6, []], [21, [21, 22, 24, 25, 23]], [17, []], [18, []], [31, [31, 32, 33, 34, 37, 36, 35]], [32, []], [33, []], [34, []], [22, []], [24, []], [25, []], [37, []], [36, []], [35, []], [50, [50, 45, 46, 47]], [23, []], [45, []], [46, []], [47, []]]], [[[19, [19]]], [[14, [14, 16, 7, 10, 9, 12]]], [[11, [11, 8, 15, 17, 18]]], [[20, [20]]], [[21, [21, 22, 24, 25, 23]]], [[26, [26, 28, 30, 27, 13]]], [[31, [31, 32, 33, 34, 37, 36, 35]]], [[41, [41, 40, 39, 38, 29]]], [[50, [50, 45, 46, 47]]], [[42, [42, 43, 44, 49, 48]]]]]",,,50.76112618792451,0,10,4.4,,,,,,(not found),
658,test_data/data_demand_random_50_batch_all1_equal_cluster/C201_2.dat,8,90,4,886.05551275464,"[[[[0, [3, 6, 4, 5]], [5, []], [13, [13, 9, 14]], [9, []], [3, []], [6, []], [14, []], [4, []], [23, [23, 20, 22, 25, 24, 28, 30]], [20, []], [22, []], [34, [34, 35, 37, 36]], [35, []], [37, []], [36, []], [50, [50, 45, 46, 47, 48, 49, 44, 43]], [25, []], [24, []], [45, []], [46, []], [47, []], [48, []], [49, []], [44, []], [43, []], [28, []], [30, []]], [[0, [2, 1]], [2, []], [8, [8, 12]], [12, []], [11, [11, 15, 7, 10, 16, 17, 18, 19]], [15, []], [1, []], [7, []], [10, []], [16, []], [17, []], [18, []], [19, []], [31, [31, 32, 33, 21, 26, 27, 29]], [32, []], [33, []], [21, []], [26, []], [27, []], [29, []], [42, [42, 38, 41, 39, 40]], [38, []], [39, []], [40, []], [41, []]]], [[[8, [8, 12]]], [[13, [13, 9, 14]]], [[11, [11, 15, 7, 10, 16, 17, 18, 19]]], [[23, [23, 20, 22, 25, 24, 28, 30]]], [[31, [31, 32, 33, 21, 26, 27, 29]]], [[34, [34, 35, 37, 36]]], [[42, [42, 38, 41, 39, 40]]], [[50, [50, 45, 46, 47, 48, 49, 44, 43]]]]]",918.7458445821323,"[[[[0, [1]], [1, []], [10, [10]], [7, [7]], [15, [15, 11, 8, 17, 16]], [11, []], [8, []], [17, []], [16, []], [20, [20, 24, 22, 23, 25, 21]], [23, []], [25, []], [24, [26, 27, 28, 30, 29]], [22, []], [21, []], [26, []], [27, []], [28, []], [30, []], [38, [38, 40, 41, 39, 42, 43, 44]], [40, []], [41, [49]], [39, []], [29, []], [42, []], [43, []], [44, []], [49, []]], [[0, [5, 3, 6, 2, 4]], [2, []], [5, []], [12, [12, 13, 9]], [13, []], [9, []], [3, []], [6, []], [14, [14, 18, 19]], [4, []], [18, []], [19, []], [37, [37, 36, 35, 31, 32, 33, 34]], [36, []], [35, []], [31, []], [32, []], [33, []], [34, []], [50, [50, 45, 46, 47, 48]], [45, []], [46, []], [47, []], [48, []]]], [[[12, [12, 13, 9]], [10, [10]]], [[7, [7]]], [[14, [14, 18, 19]]], [[15, [15, 11, 8, 17, 16]]], [[20, [20, 24, 22, 23, 25, 21]]], [[24, [26, 27, 28, 30, 29]]], [[37, [37, 36, 35, 31, 32, 33, 34]]], [[38, [38, 40, 41, 39, 42, 43, 44]]], [[41, [49]]], [[50, [50, 45, 46, 47, 48]]]]]",54.54089658216447,0,8,5.5,49.82240962451545,1,10,4.4,,,
659,test_data/data_demand_random_50_batch_all1_equal_cluster/C201_2.dat,8,90,5,826.05551275464,"[[[[0, [6, 2, 4, 3]], [6, []], [2, []], [4, []], [3, []], [14, [14, 18, 15]], [18, []], [15, [22, 21, 23, 20, 19]], [22, []], [21, []], [23, []], [20, []], [19, []], [31, [31, 32, 33, 34, 35, 37, 36, 25]], [32, []], [33, []], [34, []], [35, []], [37, []], [36, []], [50, [50, 24, 1, 45, 46, 47]], [25, []], [24, []], [45, []], [46, []], [47, []], [1, []]], [[0, [5]], [7, [7, 12, 13]], [12, []], [13, [8, 9, 11, 17, 16]], [8, []], [9, []], [11, []], [17, []], [16, []], [5, []], [26, [26, 27, 28, 10]], [27, []], [28, []], [10, []], [41, [41, 40, 39, 38, 29, 30]], [40, []], [39, []], [38, []], [29, []], [42, [42, 43, 44, 49, 48]], [43, []], [44, []], [49, []], [48, []], [30, []]]], [[[14, [14, 18, 15]]], [[7, [7, 12, 13]]], [[13, [8, 9, 11, 17, 16]]], [[15, [22, 21, 23, 20, 19]]], [[26, [26, 27, 28, 10]]], [[31, [31, 32, 33, 34, 35, 37, 36, 25]]], [[50, [50, 24, 1, 45, 46, 47]]], [[41, [41, 40, 39, 38, 29, 30]]], [[42, [42, 43, 44, 49, 48]]]]]",,,47.331353689597975,0,9,5.0,,,,,,(not found),
660,test_data/data_demand_random_50_batch_all1_equal_cluster/C201_2.dat,8,120,1,826.05551275464,"[[[[0, [2, 4, 6]], [4, []], [2, []], [16, [16]], [17, [17, 15, 19]], [19, []], [14, [14, 20, 11, 10]], [20, []], [15, []], [6, []], [26, [26, 28, 27, 29, 30]], [28, []], [27, []], [29, []], [11, []], [10, []], [41, [41, 40, 39, 38, 42, 43, 44]], [40, []], [39, []], [38, []], [42, [49, 48]], [43, []], [44, []], [49, []], [48, []], [30, []]], [[0, [5, 1, 3]], [5, []], [7, [7, 8, 13, 9, 12, 18]], [8, []], [13, []], [9, []], [12, []], [3, []], [21, [21, 22, 23, 25, 24]], [18, []], [31, [31, 32, 33, 34, 37, 36, 35]], [32, []], [33, []], [34, []], [22, []], [23, []], [25, []], [37, []], [36, []], [35, []], [50, [50, 45, 46, 47]], [24, []], [45, []], [46, []], [47, []], [1, []]]], [[[7, [7, 8, 13, 9, 12, 18]]], [[16, [16]]], [[17, [17, 15, 19]]], [[14, [14, 20, 11, 10]]], [[21, [21, 22, 23, 25, 24]]], [[26, [26, 28, 27, 29, 30]]], [[31, [31, 32, 33, 34, 37, 36, 35]]], [[41, [41, 40, 39, 38, 42, 43, 44]]], [[50, [50, 45, 46, 47]]], [[42, [49, 48]]]]]",,,47.80376115754616,0,10,4.4,,,,,,(not found),
661,test_data/data_demand_random_50_batch_all1_equal_cluster/C201_2.dat,8,120,2,845.0483493925201,"[[[[0, [3, 2, 1]], [2, []], [1, []], [9, [9, 13]], [11, [11]], [3, []], [13, []], [8, [8, 10, 14, 15]], [10, []], [20, [20]], [14, [18, 30, 28, 27, 26]], [15, []], [18, []], [41, [41, 40, 39, 38, 29]], [40, []], [39, []], [38, []], [29, []], [42, [42, 43, 44, 49, 48]], [43, []], [44, []], [49, []], [48, []], [30, []], [28, []], [27, []], [26, []]], [[0, [6, 4, 5]], [7, [7, 12]], [12, []], [6, []], [4, []], [5, []], [16, [16, 25, 22, 21, 19, 17, 23, 24]], [25, []], [22, []], [21, []], [31, [31, 32, 33, 34, 35, 36, 37]], [32, []], [33, []], [34, []], [19, []], [17, []], [35, []], [36, []], [37, []], [50, [50, 45, 46, 47]], [23, []], [24, []], [45, []], [46, []], [47, []]]], [[[7, [7, 12]]], [[9, [9, 13]]], [[11, [11]]], [[8, [8, 10, 14, 15]]], [[16, [16, 25, 22, 21, 19, 17, 23, 24]]], [[20, [20]]], [[14, [18, 30, 28, 27, 26]]], [[31, [31, 32, 33, 34, 35, 36, 37]]], [[41, [41, 40, 39, 38, 29]]], [[50, [50, 45, 46, 47]]], [[42, [42, 43, 44, 49, 48]]]]]",882.05551275464,"[[[[0, [4, 1, 3, 5]], [4, []], [1, []], [3, []], [5, []], [7, [7, 13]], [13, []], [8, [8, 10, 12, 14, 16, 17]], [10, []], [12, []], [14, []], [16, []], [17, []], [22, [22, 24, 25]], [24, []], [25, []], [31, [31, 32, 33, 34, 35, 36, 37]], [32, []], [33, []], [34, []], [35, []], [36, []], [37, []], [50, [50, 45, 46, 48, 49, 47]], [45, []], [46, []], [48, []], [49, []], [47, []]], [[0, [2, 6]], [2, []], [6, []], [9, [9, 11, 15, 18, 19]], [11, []], [15, []], [18, []], [19, []], [20, [20, 21, 23]], [21, []], [23, [30, 27, 29, 28, 26]], [30, []], [27, []], [41, [41, 40, 39, 38, 42, 44, 43]], [40, []], [39, []], [38, []], [29, []], [42, []], [44, []], [43, []], [28, []], [26, []]]], [[[7, [7, 13]]], [[9, [9, 11, 15, 18, 19]]], [[8, [8, 10, 12, 14, 16, 17]]], [[20, [20, 21, 23]], [22, [22, 24, 25]]], [[23, [30, 27, 29, 28, 26]]], [[31, [31, 32, 33, 34, 35, 36, 37]]], [[41, [41, 40, 39, 38, 42, 44, 43]]], [[50, [50, 45, 46, 48, 49, 47]]]]]",44.94695088621576,0,11,4.0,50.90611100583047,1,8,5.5,,,
662,test_data/data_demand_random_50_batch_all1_equal_cluster/C201_2.dat,8,120,3,826.05551275464,"[[[[0, []], [9, [9, 8, 11]], [8, []], [16, [16, 18, 17]], [14, [14, 19]], [18, []], [19, []], [17, []], [30, [30, 27, 29]], [28, [28, 26]], [26, []], [27, []], [11, []], [41, [41, 40, 39, 38]], [40, []], [39, []], [38, []], [29, []], [42, [42, 43, 44, 49, 48]], [43, []], [44, []], [49, []], [48, []]], [[0, [2, 1, 6, 4, 3, 5]], [2, []], [3, []], [13, [13, 7]], [7, []], [10, [10, 12]], [12, []], [15, [15, 21, 22, 23, 24, 20, 25]], [1, []], [6, []], [4, []], [21, []], [22, []], [23, []], [24, []], [20, []], [33, [33, 31, 32, 34, 35, 36, 37]], [31, []], [32, []], [34, []], [35, []], [36, []], [37, []], [50, [50, 45, 46, 47]], [25, []], [45, []], [46, []], [47, []], [5, []]]], [[[9, [9, 8, 11]]], [[13, [13, 7]]], [[10, [10, 12]]], [[16, [16, 18, 17]]], [[14, [14, 19]]], [[15, [15, 21, 22, 23, 24, 20, 25]]], [[30, [30, 27, 29]]], [[28, [28, 26]]], [[33, [33, 31, 32, 34, 35, 36, 37]]], [[41, [41, 40, 39, 38]]], [[50, [50, 45, 46, 47]]], [[42, [42, 43, 44, 49, 48]]]]]",932.8035085019828,"[[[[0, [6, 4, 3, 1]], [1, []], [8, [8]], [6, []], [19, [19, 14]], [17, [17, 16, 25]], [16, []], [14, []], [25, []], [4, []], [26, [26, 29, 28, 27, 30]], [39, [39, 42]], [41, [41, 40, 38]], [40, []], [38, []], [29, []], [42, [48, 43, 44, 49]], [28, []], [27, []], [48, []], [43, []], [44, []], [49, []], [30, []], [3, []]], [[0, [5]], [13, [13, 11, 9, 12, 7, 10, 2]], [11, []], [9, []], [12, []], [5, []], [7, []], [10, []], [2, []], [15, [15, 21, 18, 20, 22, 23]], [21, []], [18, []], [31, [31, 34, 36, 32, 33, 35]], [32, []], [33, []], [34, []], [20, []], [35, []], [22, []], [23, []], [46, [46, 45, 37, 24, 50]], [47, [47]], [45, []], [24, []], [36, []], [37, []], [50, []]]], [[[8, [8]]], [[13, [13, 11, 9, 12, 7, 10, 2]]], [[19, [19, 14]]], [[17, [17, 16, 25]]], [[15, [15, 21, 18, 20, 22, 23]]], [[26, [26, 29, 28, 27, 30]]], [[31, [31, 34, 36, 32, 33, 35]]], [[39, [39, 42]]], [[41, [41, 40, 38]]], [[46, [46, 45, 37, 24, 50]]], [[47, [47]], [42, [48, 43, 44, 49]]]]]",49.81491246403536,0,12,3.6666666666666665,51.94343768837856,1,11,4.090909090909091,,,
663,test_data/data_demand_random_50_batch_all1_equal_cluster/C201_2.dat,8,120,4,826.05551275464,"[[[[0, [6, 1]], [10, [10, 9, 11, 15, 17, 18, 16]], [9, []], [11, []], [1, []], [16, []], [15, []], [21, [21, 22, 23, 24, 20, 25]], [22, []], [23, []], [24, []], [20, []], [17, []], [18, []], [31, [31, 32, 33, 34, 36, 35, 37]], [32, []], [33, []], [34, []], [36, []], [35, []], [37, []], [50, [50, 45, 46, 47]], [25, []], [45, []], [46, []], [47, []], [6, []]], [[0, [2, 3, 5, 4]], [4, []], [2, []], [3, []], [5, []], [7, [7, 14, 13, 12]], [19, [19]], [14, []], [28, [28, 8, 27, 26, 29, 30]], [27, []], [26, []], [13, []], [12, []], [8, []], [41, [41, 40, 39, 38, 42, 43, 44]], [40, []], [39, []], [38, []], [29, [49, 48]], [42, []], [43, []], [44, []], [49, []], [48, []], [30, []]]], [[[7, [7, 14, 13, 12]]], [[10, [10, 9, 11, 15, 17, 18, 16]]], [[19, [19]]], [[28, [28, 8, 27, 26, 29, 30]]], [[21, [21, 22, 23, 24, 20, 25]]], [[31, [31, 32, 33, 34, 36, 35, 37]]], [[41, [41, 40, 39, 38, 42, 43, 44]]], [[29, [49, 48]]], [[50, [50, 45, 46, 47]]]]]",,,51.98535035112887,0,9,4.888888888888889,,,,,,(not found),
664,test_data/data_demand_random_50_batch_all1_equal_cluster/C201_2.dat,8,120,5,826.05551275464,"[[[[0, [3, 2, 4]], [3, []], [8, [8, 11, 14, 18, 19]], [11, []], [14, []], [2, []], [21, [21, 22, 23, 24, 20, 25]], [22, []], [23, []], [24, []], [20, []], [18, []], [33, [33, 31, 32, 34, 35, 36, 37]], [31, []], [32, []], [34, []], [19, []], [35, []], [36, []], [37, []], [50, [50, 45, 46, 47]], [25, []], [45, []], [46, []], [47, []], [4, []]], [[0, [6, 1, 5]], [6, []], [10, [10, 16, 17, 15, 12, 7, 9, 13]], [16, []], [17, []], [15, []], [1, []], [27, [27, 28, 26]], [28, []], [26, []], [12, []], [7, []], [41, [41, 40, 39, 38, 29]], [40, []], [39, []], [38, []], [9, []], [13, []], [29, []], [42, [42, 43, 44, 49, 48, 30]], [43, []], [44, []], [49, []], [48, []], [30, []], [5, []]]], [[[10, [10, 16, 17, 15, 12, 7, 9, 13]]], [[8, [8, 11, 14, 18, 19]]], [[21, [21, 22, 23, 24, 20, 25]]], [[27, [27, 28, 26]]], [[33, [33, 31, 32, 34, 35, 36, 37]]], [[41, [41, 40, 39, 38, 29]]], [[42, [42, 43, 44, 49, 48, 30]]], [[50, [50, 45, 46, 47]]]]]",,,55.757607144852884,0,8,5.5,,,,,,(not found),
665,test_data/data_demand_random_50_batch_all1_equal_random/C201_2.dat,4,60,1,,,935.6709132662257,"[[[[0, [4, 13, 12, 6, 7, 5]], [13, []], [12, []], [4, []], [6, []], [7, []], [17, [17, 20, 19, 16]], [29, [29, 28, 14]], [28, []], [16, []], [5, [34, 32, 25, 37]], [14, []], [34, []], [36, [41, 36, 43, 33]], [41, []], [45, [45, 50, 49]], [32, []], [20, []], [50, []], [25, []], [19, []], [49, []], [43, []], [37, []], [33, []]], [[0, [3, 9, 1, 2]], [9, []], [15, [15, 18, 8, 11]], [3, []], [11, []], [23, [23, 21, 10]], [21, []], [22, [22, 24, 27, 26]], [1, []], [2, []], [27, []], [24, []], [30, [30, 35]], [42, [42, 38, 39, 31]], [38, []], [35, []], [18, []], [47, [47, 44, 48, 46]], [40, [40]], [44, []], [39, []], [48, []], [8, []], [46, []], [10, []], [31, []], [26, []]]], [[[15, [15, 18, 8, 11]]], [[23, [23, 21, 10]]], [[17, [17, 20, 19, 16]]], [[22, [22, 24, 27, 26]]], [[29, [29, 28, 14]]], [[30, [30, 35]]], [[5, [34, 32, 25, 37]]], [[42, [42, 38, 39, 31]]], [[36, [41, 36, 43, 33]]], [[47, [47, 44, 48, 46]]], [[40, [40]], [45, [45, 50, 49]]]]]",,,,,36.218135264863356,1,11,3.6363636363636362,,,
666,test_data/data_demand_random_50_batch_all1_equal_random/C201_2.dat,4,60,2,907.5548638355577,"[[[[0, [4, 3, 7, 5, 6]], [6, []], [4, []], [3, [13]], [13, []], [11, [11, 14, 16]], [5, []], [14, []], [16, []], [28, [28, 33, 37, 32]], [7, [25, 29, 34]], [29, []], [34, []], [36, [36, 41, 43]], [41, []], [45, [45, 49, 50]], [33, []], [37, []], [49, []], [43, []], [25, []], [50, []], [32, []]], [[0, [9, 12, 2, 1]], [9, []], [15, [15, 8, 10]], [17, [17, 23]], [21, [21, 20, 19, 18]], [20, []], [12, []], [19, []], [26, [26, 24, 27]], [23, []], [42, [22, 42, 38]], [38, [35, 31, 30]], [35, []], [18, []], [47, [47, 40, 44, 39]], [40, []], [2, [46, 48]], [44, []], [46, []], [8, []], [48, []], [10, []], [39, []], [24, []], [27, []], [31, []], [30, []], [1, []], [22, []]]], [[[3, [13]]], [[15, [15, 8, 10]]], [[11, [11, 14, 16]]], [[17, [17, 23]]], [[21, [21, 20, 19, 18]]], [[26, [26, 24, 27]]], [[28, [28, 33, 37, 32]]], [[7, [25, 29, 34]]], [[42, [22, 42, 38]]], [[38, [35, 31, 30]]], [[36, [36, 41, 43]]], [[45, [45, 49, 50]]], [[47, [47, 40, 44, 39]]], [[2, [46, 48]]]]]",,,38.05906772036785,0,14,2.9285714285714284,,,,,,(not found),
667,test_data/data_demand_random_50_batch_all1_equal_random/C201_2.dat,4,60,5,892.1327459504215,"[[[[0, [14, 1, 2, 9, 8, 16, 18]], [14, []], [16, []], [17, [17]], [1, []], [2, [24, 27, 10]], [10, []], [24, []], [27, []], [30, [30, 15]], [15, []], [42, [42, 38, 35, 26]], [38, []], [35, []], [18, []], [9, []], [47, [47, 40, 46, 44]], [40, [48, 39, 31]], [46, []], [8, []], [48, []], [44, []], [39, []], [31, []], [26, []]], [[0, [13, 4, 6, 12, 7, 3]], [4, []], [6, []], [12, []], [13, []], [11, [11, 5, 20]], [7, []], [21, [21, 29, 28, 23]], [29, []], [28, []], [5, [19, 34, 36, 22]], [34, []], [36, []], [41, [41, 32, 25, 33]], [45, [45, 49, 43, 37]], [33, []], [32, [50]], [20, []], [50, []], [25, []], [19, []], [49, []], [43, []], [37, []], [3, []], [23, []], [22, []]]], [[[17, [17]]], [[2, [24, 27, 10]]], [[11, [11, 5, 20]]], [[21, [21, 29, 28, 23]]], [[5, [19, 34, 36, 22]]], [[30, [30, 15]]], [[41, [41, 32, 25, 33]]], [[42, [42, 38, 35, 26]]], [[45, [45, 49, 43, 37]]], [[47, [47, 40, 46, 44]]], [[40, [48, 39, 31]]], [[32, [50]]]]]",,,38.0972487937806,0,12,3.0833333333333335,,,,,,(not found),
668,test_data/data_demand_random_50_batch_all1_equal_random/C201_2.dat,4,90,1,862.6155281280883,"[[[[0, [2, 4, 1]], [1, []], [4, []], [9, [9, 15, 10, 8]], [15, []], [24, [24, 27]], [27, []], [33, [33, 31, 30, 35]], [31, []], [30, []], [42, [42, 38, 18]], [38, []], [35, []], [18, []], [47, [47, 44, 48, 46]], [40, [40, 39, 45]], [44, []], [39, []], [10, []], [48, []], [8, []], [46, []], [2, []], [45, []]], [[0, [5, 6, 3, 7]], [5, []], [3, []], [6, []], [12, [12, 13, 11, 16]], [13, []], [11, []], [23, [23, 14, 17, 20]], [7, []], [28, [28, 29, 21, 22]], [29, []], [21, []], [16, []], [14, []], [34, [34, 36, 25, 26]], [36, []], [17, []], [41, [41, 43, 32, 37]], [26, []], [32, []], [43, []], [37, []], [20, []], [50, [50, 19, 49]], [25, []], [19, []], [49, []], [22, []]]], [[[12, [12, 13, 11, 16]]], [[9, [9, 15, 10, 8]]], [[23, [23, 14, 17, 20]]], [[28, [28, 29, 21, 22]]], [[24, [24, 27]]], [[33, [33, 31, 30, 35]]], [[34, [34, 36, 25, 26]]], [[42, [42, 38, 18]]], [[41, [41, 43, 32, 37]]], [[47, [47, 44, 48, 46]]], [[40, [40, 39, 45]]], [[50, [50, 19, 49]]]]]",,,48.862188842095904,0,12,3.5833333333333335,,,,,,(not found),
669,test_data/data_demand_random_50_batch_all1_equal_random/C201_2.dat,4,90,2,876.298221281347,"[[[[0, [4, 2]], [9, [9, 10, 16, 14]], [10, []], [2, []], [28, [28, 19, 25, 13]], [16, []], [14, []], [34, [34, 36, 30, 15]], [36, []], [41, [41, 31, 40, 43]], [19, []], [25, []], [50, [50, 49, 37]], [37, []], [43, []], [49, []], [13, []], [4, []], [31, []], [30, []], [40, []], [15, []], [45, [45]]], [[0, [7, 5, 1, 3, 6]], [3, []], [1, []], [7, []], [5, []], [11, [11, 8, 12]], [6, []], [12, []], [20, [20, 21, 17, 18]], [21, []], [17, []], [29, [29, 26, 27, 23]], [32, [32, 35, 24, 33]], [26, []], [33, []], [42, [42, 38, 39, 22]], [38, []], [35, []], [18, []], [47, [47, 46, 48, 44]], [46, []], [8, []], [48, []], [24, []], [27, []], [39, []], [44, []], [23, []], [22, []]]], [[[9, [9, 10, 16, 14]]], [[11, [11, 8, 12]]], [[20, [20, 21, 17, 18]]], [[29, [29, 26, 27, 23]]], [[28, [28, 19, 25, 13]]], [[32, [32, 35, 24, 33]]], [[34, [34, 36, 30, 15]]], [[41, [41, 31, 40, 43]]], [[42, [42, 38, 39, 22]]], [[47, [47, 46, 48, 44]]], [[50, [50, 49, 37]]], [[45, [45]]]]]",,,43.756005066860034,0,12,3.5833333333333335,,,,,,(not found),
670,test_data/data_demand_random_50_batch_all1_equal_random/C201_2.dat,4,90,4,861.6155281280883,"[[[[0, [4, 1, 3, 7]], [1, []], [4, []], [3, []], [7, []], [16, [16, 14]], [14, []], [22, [22, 18, 11]], [11, []], [26, [26, 27, 24]], [27, []], [24, []], [30, [30, 15]], [15, []], [42, [42, 35, 40, 38]], [38, []], [35, []], [18, []], [47, [47, 46, 48, 45]], [40, []], [46, []], [48, []], [44, [44, 39]], [39, []], [45, []]], [[0, [2, 5, 6]], [2, []], [9, [9]], [10, [10, 8, 12]], [8, []], [12, [17, 19, 20, 21]], [19, []], [20, []], [28, [28, 29, 23]], [21, []], [29, []], [17, []], [5, []], [34, [34, 36, 32, 31]], [36, []], [41, [41, 25, 37, 13]], [32, []], [6, []], [25, []], [50, [50, 43, 49, 33]], [37, []], [43, []], [49, []], [13, []], [31, []], [33, []], [23, []]]], [[[9, [9]]], [[10, [10, 8, 12]]], [[16, [16, 14]]], [[12, [17, 19, 20, 21]]], [[22, [22, 18, 11]]], [[26, [26, 27, 24]]], [[28, [28, 29, 23]]], [[30, [30, 15]]], [[34, [34, 36, 32, 31]]], [[42, [42, 35, 40, 38]]], [[41, [41, 25, 37, 13]]], [[50, [50, 43, 49, 33]]], [[47, [47, 46, 48, 45]]], [[44, [44, 39]]]]]",,,50.52669195517316,0,14,3.0714285714285716,,,,,,(not found),
671,test_data/data_demand_random_50_batch_all1_equal_random/C201_2.dat,4,90,5,856.6155281280883,"[[[[0, [4, 2]], [15, [15, 13, 18, 9]], [9, []], [10, [10, 8]], [4, []], [13, []], [31, [31, 30, 27, 24]], [30, []], [42, [42, 38, 35, 40]], [38, [39]], [35, []], [18, []], [47, [47, 44, 48, 46]], [44, []], [39, []], [27, []], [24, []], [48, []], [8, []], [46, []], [2, []], [40, []]], [[0, [5, 3, 7, 1, 6]], [3, []], [6, []], [7, []], [17, [17, 14, 11, 16]], [5, []], [16, []], [14, []], [23, [23, 22, 21, 12]], [1, [29, 28, 19, 26]], [22, []], [11, []], [21, []], [29, []], [34, [34, 25, 20, 32]], [41, [41, 36, 43, 37]], [36, []], [28, []], [25, []], [50, [50, 49, 45, 33]], [20, []], [12, []], [19, []], [49, []], [43, []], [37, []], [32, []], [26, []], [33, []], [45, []]]], [[[15, [15, 13, 18, 9]]], [[17, [17, 14, 11, 16]]], [[10, [10, 8]]], [[23, [23, 22, 21, 12]]], [[1, [29, 28, 19, 26]]], [[31, [31, 30, 27, 24]]], [[34, [34, 25, 20, 32]]], [[42, [42, 38, 35, 40]]], [[41, [41, 36, 43, 37]]], [[38, [39]]], [[47, [47, 44, 48, 46]]], [[50, [50, 49, 45, 33]]]]]",,,44.06817174635732,0,12,3.5833333333333335,,,,,,(not found),
672,test_data/data_demand_random_50_batch_all1_equal_random/C201_2.dat,4,120,4,853.6155281280883,"[[[[0, [4, 5]], [4, []], [9, [9, 17, 16, 14]], [14, []], [29, [29, 28, 21, 20]], [17, []], [16, []], [5, []], [28, []], [34, [34, 36, 25, 37]], [36, []], [41, [41, 32, 19, 26]], [21, []], [32, []], [20, []], [50, [50, 49, 43, 33]], [25, []], [19, []], [49, []], [43, []], [37, []], [33, []], [26, []], [11, [11]]], [[0, [1, 6, 2, 7, 3]], [1, []], [13, [13, 12, 8, 10]], [12, []], [6, []], [7, []], [3, []], [23, [23, 22, 18]], [22, []], [2, []], [27, [27, 24]], [24, []], [31, [31, 15, 30]], [15, []], [42, [42, 38, 35, 39]], [38, []], [35, []], [18, []], [47, [47, 46, 40, 45]], [40, []], [46, [48, 44]], [8, []], [48, []], [10, []], [39, []], [44, []], [30, []], [45, []]]], [[[9, [9, 17, 16, 14]]], [[13, [13, 12, 8, 10]]], [[23, [23, 22, 18]]], [[29, [29, 28, 21, 20]]], [[27, [27, 24]]], [[31, [31, 15, 30]]], [[34, [34, 36, 25, 37]]], [[42, [42, 38, 35, 39]]], [[41, [41, 32, 19, 26]]], [[50, [50, 49, 43, 33]]], [[47, [47, 46, 40, 45]]], [[46, [48, 44]]], [[11, [11]]]]]",935.3664913742768,"[[[[0, [2, 1]], [1, []], [9, [9, 8, 11, 12]], [10, [10]], [8, []], [2, []], [12, [16, 17, 22]], [19, [19, 21, 20]], [21, []], [29, [29, 34, 28, 36]], [34, []], [16, []], [28, []], [17, []], [36, []], [41, [41, 26, 37, 33]], [11, []], [26, []], [37, []], [43, [43, 49, 25, 32]], [49, []], [25, []], [50, [50, 45]], [20, []], [32, []], [33, []], [22, []], [45, []]], [[0, [6, 5, 7, 4, 3]], [6, []], [14, [14, 18, 13, 15]], [5, []], [7, []], [23, [23]], [3, []], [4, []], [13, []], [31, [31, 24, 27, 30]], [42, [42, 38, 40]], [38, []], [35, [35, 39]], [18, []], [47, [47, 44, 48, 46]], [40, []], [44, []], [39, []], [48, []], [46, []], [24, []], [27, []], [30, []], [15, []]]], [[[9, [9, 8, 11, 12]]], [[10, [10]]], [[14, [14, 18, 13, 15]]], [[12, [16, 17, 22]], [23, [23]]], [[19, [19, 21, 20]]], [[29, [29, 34, 28, 36]]], [[31, [31, 24, 27, 30]]], [[41, [41, 26, 37, 33]]], [[42, [42, 38, 40]]], [[35, [35, 39]]], [[47, [47, 44, 48, 46]]], [[43, [43, 49, 25, 32]]], [[50, [50, 45]]]]]",49.85637189821603,0,13,3.3076923076923075,56.56595391897206,1,13,3.3076923076923075,,,
673,test_data/data_demand_random_50_batch_all1_equal_random/C201_2.dat,4,120,5,860.6155281280883,"[[[[0, [6, 4, 5]], [9, [9, 13, 12]], [13, []], [4, []], [19, [19, 25, 28, 20]], [12, []], [25, []], [28, []], [5, []], [34, [34, 36, 37, 30]], [36, []], [41, [41, 32, 43, 31]], [32, []], [20, []], [50, [50, 49, 45]], [6, []], [37, []], [49, []], [43, []], [31, []], [30, []], [45, []]], [[0, [7, 1, 3, 2]], [2, []], [1, []], [11, [11, 8]], [17, [17, 14, 16, 15]], [14, [22, 18, 21, 23]], [16, []], [7, []], [21, []], [29, [29, 26, 27, 24]], [22, []], [23, []], [3, []], [26, []], [33, [33, 10]], [15, []], [42, [42]], [38, [38, 35, 39, 40]], [35, []], [18, []], [47, [47, 48, 44, 46]], [40, []], [44, []], [39, []], [27, []], [24, []], [10, []], [48, []], [8, []], [46, []]]], [[[11, [11, 8]]], [[9, [9, 13, 12]]], [[17, [17, 14, 16, 15]]], [[14, [22, 18, 21, 23]]], [[19, [19, 25, 28, 20]]], [[29, [29, 26, 27, 24]]], [[33, [33, 10]]], [[34, [34, 36, 37, 30]]], [[42, [42]]], [[38, [38, 35, 39, 40]]], [[41, [41, 32, 43, 31]]], [[47, [47, 48, 44, 46]]], [[50, [50, 49, 45]]]]]",,,47.60201347627464,0,13,3.3076923076923075,,,,,,(not found),
674,test_data/data_demand_random_50_batch_all1_equal_random/C201_2.dat,8,60,1,869.6155281280883,"[[[[0, [9, 4, 3]], [9, []], [4, []], [3, []], [23, [23, 13, 15, 18, 10, 8]], [13, []], [33, [33, 31, 30, 35, 27, 24]], [31, []], [30, []], [15, []], [42, [42, 38]], [38, []], [35, []], [18, []], [47, [47, 40, 44, 39, 48, 46, 45]], [40, []], [44, []], [39, []], [27, []], [24, []], [10, []], [48, []], [8, []], [46, []], [45, []]], [[0, [5, 2, 7, 1, 6]], [5, []], [1, []], [2, []], [11, [11, 14, 16, 17, 12]], [7, []], [14, []], [16, []], [17, []], [28, [28, 29, 21, 20, 25, 19, 26, 22]], [12, []], [6, []], [41, [41, 34, 36, 32, 37, 43]], [34, []], [36, []], [29, []], [21, []], [32, [50, 49]], [20, []], [37, []], [50, []], [25, []], [19, []], [49, []], [43, []], [26, []], [22, []]]], [[[11, [11, 14, 16, 17, 12]]], [[23, [23, 13, 15, 18, 10, 8]]], [[28, [28, 29, 21, 20, 25, 19, 26, 22]]], [[33, [33, 31, 30, 35, 27, 24]]], [[41, [41, 34, 36, 32, 37, 43]]], [[42, [42, 38]]], [[47, [47, 40, 44, 39, 48, 46, 45]]], [[32, [50, 49]]]]]",869.6155281280883,"[[[[0, [4, 12, 6, 13, 7]], [12, []], [13, []], [4, []], [6, []], [17, [17, 21, 22, 23, 11]], [21, []], [29, [29]], [23, []], [11, []], [32, [32, 20, 14, 16, 37]], [20, []], [41, [41, 36, 34, 25, 19]], [36, []], [34, []], [14, []], [16, []], [7, [50, 49, 43]], [50, []], [25, []], [19, []], [49, []], [43, []], [37, []], [22, []]], [[0, [1, 9, 3, 5]], [9, []], [3, [2]], [1, []], [5, []], [28, [28, 26, 15, 18, 10, 8]], [26, []], [33, [33, 31, 30, 27, 24]], [31, []], [30, []], [15, []], [42, [42, 35, 40, 38]], [38, []], [35, []], [18, []], [47, [47, 44, 39, 48, 46, 45]], [2, []], [44, []], [39, []], [27, []], [24, []], [10, []], [48, []], [8, []], [46, []], [40, []], [45, []]]], [[[17, [17, 21, 22, 23, 11]]], [[3, [2]]], [[29, [29]], [28, [28, 26, 15, 18, 10, 8]]], [[33, [33, 31, 30, 27, 24]]], [[32, [32, 20, 14, 16, 37]]], [[42, [42, 35, 40, 38]]], [[41, [41, 36, 34, 25, 19]]], [[7, [50, 49, 43]]], [[47, [47, 44, 39, 48, 46, 45]]]]]",35.489639484452134,0,8,5.25,38.6752446227097,1,9,4.555555555555555,,,
675,test_data/data_demand_random_50_batch_all1_equal_random/C201_2.dat,8,60,2,860.6155281280883,"[[[[0, [4]], [4, []], [15, [15, 18, 8, 10, 11, 13, 6]], [13, []], [6, []], [11, []], [23, [23]], [30, [30, 31, 35, 24, 27]], [31, []], [42, [42, 2, 38]], [38, []], [35, []], [18, []], [47, [47, 40, 46, 48, 39, 45, 44]], [40, []], [2, []], [46, []], [8, []], [48, []], [10, []], [24, []], [27, []], [39, []], [44, []], [45, []]], [[0, [5, 1, 3, 9, 7]], [9, []], [3, []], [1, []], [22, [22, 14, 20, 12, 16, 17]], [7, []], [28, [28, 29, 21]], [17, []], [14, []], [16, []], [29, []], [21, []], [36, [36, 34, 32, 25, 19, 26]], [34, []], [5, []], [41, [41, 37, 33]], [32, [50, 49, 43]], [20, []], [50, []], [25, []], [12, []], [19, []], [49, []], [43, []], [37, []], [26, []], [33, []]]], [[[22, [22, 14, 20, 12, 16, 17]]], [[15, [15, 18, 8, 10, 11, 13, 6]]], [[28, [28, 29, 21]]], [[23, [23]]], [[36, [36, 34, 32, 25, 19, 26]]], [[30, [30, 31, 35, 24, 27]]], [[42, [42, 2, 38]]], [[41, [41, 37, 33]]], [[47, [47, 40, 46, 48, 39, 45, 44]]], [[32, [50, 49, 43]]]]]",,,35.174163054762886,0,10,4.4,,,,,,(not found),
676,test_data/data_demand_random_50_batch_all1_equal_random/C201_2.dat,8,60,3,862.7099202643649,"[[[[0, [14, 7, 16, 5]], [16, []], [14, []], [7, []], [28, [28, 17, 21, 19, 12]], [17, []], [21, []], [5, [34, 36, 29, 22, 26, 20]], [34, []], [36, []], [29, []], [22, []], [26, []], [33, [33, 31, 43, 25, 32, 37]], [31, []], [32, [49, 50, 41]], [37, []], [43, []], [49, []], [19, []], [12, []], [25, []], [50, []], [20, []], [41, []]], [[0, [1, 2, 4, 3, 6]], [4, []], [3, []], [11, [11, 13, 9, 8, 10]], [6, []], [13, []], [23, [23, 15, 18]], [9, []], [15, []], [1, []], [2, []], [42, [42, 38, 35, 24, 27, 30]], [38, []], [35, []], [18, []], [47, [47, 46, 48, 44, 40, 39, 45]], [40, []], [46, []], [8, []], [48, []], [10, []], [24, []], [27, []], [39, []], [44, []], [30, []], [45, []]]], [[[11, [11, 13, 9, 8, 10]]], [[23, [23, 15, 18]]], [[28, [28, 17, 21, 19, 12]]], [[5, [34, 36, 29, 22, 26, 20]]], [[33, [33, 31, 43, 25, 32, 37]]], [[42, [42, 38, 35, 24, 27, 30]]], [[47, [47, 46, 48, 44, 40, 39, 45]]], [[32, [49, 50, 41]]]]]",,,39.224537146976104,0,8,5.125,,,,,,(not found),
677,test_data/data_demand_random_50_batch_all1_equal_random/C201_2.dat,8,60,4,856.6155281280883,"[[[[0, [5, 4, 7, 3]], [3, []], [4, []], [23, [23, 22, 14, 17, 21, 16, 20, 12]], [22, []], [14, []], [7, []], [28, [19, 34, 36, 28, 29, 25, 26]], [17, []], [21, []], [29, []], [5, []], [16, []], [34, []], [36, [41, 32, 43, 37, 33]], [41, []], [32, [50, 49, 45]], [20, []], [50, []], [25, []], [12, []], [19, []], [49, []], [43, []], [37, []], [26, []], [33, []], [45, []]], [[0, [13, 9, 2, 1, 6]], [11, [11]], [6, []], [13, []], [9, []], [1, []], [30, [30, 31, 15, 18, 8, 10]], [31, []], [15, []], [42, [42, 38, 35, 24, 27]], [38, []], [35, []], [18, []], [47, [47, 46, 48, 39, 44, 40]], [2, []], [46, []], [8, []], [48, []], [10, []], [24, []], [27, []], [39, []], [44, []], [40, []]]], [[[11, [11]]], [[23, [23, 22, 14, 17, 21, 16, 20, 12]]], [[28, [19, 34, 36, 28, 29, 25, 26]]], [[30, [30, 31, 15, 18, 8, 10]]], [[42, [42, 38, 35, 24, 27]]], [[36, [41, 32, 43, 37, 33]]], [[47, [47, 46, 48, 39, 44, 40]]], [[32, [50, 49, 45]]]]]",,,38.33435776132631,0,8,5.125,,,,,,(not found),
678,test_data/data_demand_random_50_batch_all1_equal_random/C201_2.dat,8,60,5,860.6155281280883,"[[[[0, [4, 6, 3, 2, 1]], [3, []], [2, []], [4, []], [6, []], [1, [15, 10, 8, 18, 9]], [18, []], [9, []], [15, []], [30, [30, 31, 24, 27, 35]], [31, []], [42, [42, 39, 40, 38]], [38, []], [35, []], [47, [47, 48, 46, 45, 44]], [44, []], [39, []], [27, []], [24, []], [10, []], [48, []], [8, []], [46, []], [40, []], [45, []]], [[0, [5]], [5, [14, 16, 12, 7]], [14, []], [16, []], [23, [23, 22, 19, 20, 25]], [22, [28, 29, 21, 26]], [11, [11, 13, 17]], [7, []], [28, []], [17, []], [29, [34, 36, 33, 32, 37]], [34, []], [36, []], [21, []], [32, []], [26, []], [33, [43, 49, 41, 50]], [13, []], [37, []], [43, []], [49, []], [19, []], [12, []], [25, []], [50, []], [20, []], [41, []]]], [[[5, [14, 16, 12, 7]]], [[1, [15, 10, 8, 18, 9]]], [[23, [23, 22, 19, 20, 25]]], [[22, [28, 29, 21, 26]]], [[11, [11, 13, 17]]], [[29, [34, 36, 33, 32, 37]]], [[30, [30, 31, 24, 27, 35]]], [[42, [42, 39, 40, 38]]], [[47, [47, 48, 46, 45, 44]]], [[33, [43, 49, 41, 50]]]]]",1000.2729905039163,"[[[[0, [6, 3, 9]], [9, []], [15, [15, 18, 11, 17, 12]], [18, []], [23, [23, 22, 21, 20, 19]], [3, []], [26, [26]], [22, [25]], [11, []], [21, [34, 36, 30, 33, 32, 37]], [17, []], [34, []], [36, []], [41, [41, 42]], [42, [49, 43, 50]], [30, []], [33, []], [32, []], [49, []], [6, []], [20, []], [37, []], [43, []], [19, []], [12, []], [25, []], [50, []]], [[0, [7, 2, 5, 1]], [7, []], [2, []], [5, [14, 16, 10, 8, 13, 4]], [14, []], [16, []], [29, [29, 28]], [28, []], [1, [31, 35, 24, 27]], [13, []], [4, []], [31, []], [47, [47, 38, 39, 48, 46, 44, 40, 45]], [35, []], [38, []], [39, []], [24, []], [10, []], [48, []], [46, []], [8, []], [44, []], [27, []], [40, []], [45, []]]], [[[5, [14, 16, 10, 8, 13, 4]]], [[15, [15, 18, 11, 17, 12]]], [[29, [29, 28]], [23, [23, 22, 21, 20, 19]]], [[26, [26]]], [[22, [25]]], [[1, [31, 35, 24, 27]]], [[21, [34, 36, 30, 33, 32, 37]]], [[41, [41, 42]]], [[42, [49, 43, 50]]], [[47, [47, 38, 39, 48, 46, 44, 40, 45]]]]]",34.307457167216306,0,10,4.4,34.38009930413016,1,10,4.3,,,
679,test_data/data_demand_random_50_batch_all1_equal_random/C201_2.dat,8,90,1,848.6155281280883,"[[[[0, [6, 5, 1, 2]], [6, []], [10, [10]], [9, [9, 17, 16, 14, 12]], [2, []], [1, []], [22, [22, 28, 29, 21, 20, 25, 19, 26]], [28, []], [17, []], [16, []], [5, []], [14, []], [34, [34]], [41, [41, 36, 32, 43, 37, 33]], [36, []], [29, []], [21, []], [32, []], [20, []], [50, [50, 49]], [25, []], [12, []], [19, []], [49, []], [43, []], [37, []], [33, []], [26, []]], [[0, [7, 3, 4]], [7, []], [4, []], [13, [13]], [3, [18, 8, 23, 11, 15]], [11, []], [23, []], [24, [24, 27]], [27, []], [31, [31, 30]], [15, []], [42, [42, 38, 35, 40, 39]], [38, []], [35, []], [18, []], [47, [47, 46, 48, 44, 45]], [40, []], [46, []], [8, []], [48, []], [39, []], [44, []], [30, []], [45, []]]], [[[10, [10]]], [[13, [13]]], [[3, [18, 8, 23, 11, 15]]], [[9, [9, 17, 16, 14, 12]]], [[22, [22, 28, 29, 21, 20, 25, 19, 26]]], [[24, [24, 27]]], [[31, [31, 30]]], [[34, [34]]], [[42, [42, 38, 35, 40, 39]]], [[41, [41, 36, 32, 43, 37, 33]]], [[47, [47, 46, 48, 44, 45]]], [[50, [50, 49]]]]]",,,51.522957705785146,0,12,3.5833333333333335,,,,,,(not found),
680,test_data/data_demand_random_50_batch_all1_equal_random/C201_2.dat,8,90,2,848.6155281280883,"[[[[0, [3, 1, 7, 2]], [7, []], [11, [11, 10, 9]], [1, []], [9, []], [22, [22]], [3, [26, 24, 27, 18, 8]], [26, []], [10, []], [24, []], [27, []], [31, [31, 30]], [30, []], [42, [42, 38, 35, 40, 39]], [38, []], [35, []], [18, []], [47, [47, 46, 48, 45, 44]], [40, []], [44, []], [39, []], [48, []], [8, []], [46, []], [2, []], [45, []]], [[0, [6, 4]], [13, [13]], [4, []], [15, [15, 14, 16, 17, 12, 5]], [14, []], [21, [21, 23]], [16, []], [5, []], [34, [34, 36, 28, 29, 20, 25, 19]], [36, []], [17, []], [28, []], [29, []], [41, [41, 37, 32, 33]], [6, []], [20, []], [50, [50, 49, 43]], [25, []], [19, []], [12, []], [49, []], [43, []], [37, []], [32, []], [33, []], [23, []]]], [[[11, [11, 10, 9]]], [[13, [13]]], [[15, [15, 14, 16, 17, 12, 5]]], [[22, [22]]], [[21, [21, 23]]], [[3, [26, 24, 27, 18, 8]]], [[31, [31, 30]]], [[34, [34, 36, 28, 29, 20, 25, 19]]], [[42, [42, 38, 35, 40, 39]]], [[41, [41, 37, 32, 33]]], [[47, [47, 46, 48, 45, 44]]], [[50, [50, 49, 43]]]]]",,,42.681824474062296,0,12,3.6666666666666665,,,,,,(not found),
681,test_data/data_demand_random_50_batch_all1_equal_random/C201_2.dat,8,90,3,856.6155281280883,"[[[[0, [3, 1, 4, 2]], [4, []], [2, []], [1, []], [15, [15, 10, 8, 13, 18]], [10, []], [8, []], [13, []], [3, []], [31, [31, 24, 27, 30]], [30, []], [42, [42, 38, 35, 39, 40]], [38, []], [35, []], [18, []], [47, [47, 48, 46, 44]], [46, []], [48, []], [24, []], [27, []], [39, []], [44, []], [40, []]], [[0, [6, 7, 5]], [9, [9]], [14, [14, 11, 12, 16, 17]], [5, []], [16, []], [7, []], [23, [23, 21, 28, 22]], [21, []], [28, []], [17, []], [34, [34, 36, 29, 20, 25, 26, 33]], [36, []], [29, []], [41, [41, 37, 19]], [22, []], [11, []], [26, []], [37, []], [6, []], [20, []], [50, [50, 49, 43, 32, 45]], [25, []], [12, []], [19, []], [49, []], [43, []], [32, []], [33, []], [45, []]]], [[[9, [9]]], [[15, [15, 10, 8, 13, 18]]], [[14, [14, 11, 12, 16, 17]]], [[23, [23, 21, 28, 22]]], [[31, [31, 24, 27, 30]]], [[34, [34, 36, 29, 20, 25, 26, 33]]], [[42, [42, 38, 35, 39, 40]]], [[41, [41, 37, 19]]], [[50, [50, 49, 43, 32, 45]]], [[47, [47, 48, 46, 44]]]]]",,,46.10902154169964,0,10,4.3,,,,,,(not found),
682,test_data/data_demand_random_50_batch_all1_equal_random/C201_2.dat,8,90,4,872.0788655293195,"[[[[0, [1, 7, 5]], [7, []], [11, [11, 14, 16, 17, 12]], [1, []], [15, [15, 21, 19]], [14, []], [16, []], [21, []], [28, [28, 34, 36, 29, 25, 37, 31, 30]], [5, []], [34, []], [36, []], [17, []], [29, []], [41, [41, 32, 43, 40]], [32, []], [50, [50, 49, 45]], [25, []], [12, []], [19, []], [49, []], [43, []], [37, []], [31, []], [30, []], [40, []], [45, []]], [[0, [2, 4, 6, 3]], [2, []], [9, [9, 13, 10, 8, 18]], [4, []], [13, []], [6, []], [20, [20, 22, 23, 26, 27, 24]], [22, []], [3, []], [23, []], [26, []], [33, [33, 39, 35, 38, 42]], [39, []], [27, []], [24, []], [10, []], [46, [46, 48, 44, 47]], [8, []], [48, []], [44, []], [47, []], [18, []], [35, []], [38, []], [42, []]]], [[[11, [11, 14, 16, 17, 12]]], [[9, [9, 13, 10, 8, 18]]], [[15, [15, 21, 19]]], [[20, [20, 22, 23, 26, 27, 24]]], [[28, [28, 34, 36, 29, 25, 37, 31, 30]]], [[33, [33, 39, 35, 38, 42]]], [[41, [41, 32, 43, 40]]], [[50, [50, 49, 45]]], [[46, [46, 48, 44, 47]]]]]",900.0788655293195,"[[[[0, [2, 3, 1]], [3, []], [1, []], [9, [9, 11, 10, 8, 16, 18, 15]], [11, []], [21, [21, 20]], [16, []], [20, []], [32, [32]], [26, [26, 27, 24, 30, 31]], [30, []], [31, [39, 35, 38, 42]], [39, []], [27, []], [24, []], [10, []], [46, [46, 48, 44, 47, 45]], [48, []], [8, []], [44, []], [2, []], [47, []], [18, []], [35, []], [38, []], [42, []], [15, []], [45, []]], [[0, [7, 4, 5, 6]], [4, []], [7, []], [22, [22, 13, 14, 17, 12]], [23, [23, 19]], [13, []], [6, []], [12, []], [28, [28, 29, 25]], [5, []], [14, []], [34, [34, 36, 41, 43, 37, 33, 40]], [36, []], [17, []], [29, []], [41, []], [50, [50, 49]], [25, []], [19, []], [49, []], [43, []], [37, []], [33, []], [40, []]]], [[[22, [22, 13, 14, 17, 12]]], [[9, [9, 11, 10, 8, 16, 18, 15]]], [[23, [23, 19]], [21, [21, 20]]], [[28, [28, 29, 25]]], [[32, [32]]], [[26, [26, 27, 24, 30, 31]]], [[34, [34, 36, 41, 43, 37, 33, 40]]], [[31, [39, 35, 38, 42]]], [[50, [50, 49]]], [[46, [46, 48, 44, 47, 45]]]]]",48.1073562606266,0,9,4.777777777777778,56.94988137536947,1,10,4.3,,,
683,test_data/data_demand_random_50_batch_all1_equal_random/C201_2.dat,8,90,5,872.0788655293195,"[[[[0, [7, 6]], [9, [9, 14, 8, 18, 16, 17]], [14, []], [16, []], [17, []], [7, []], [6, []], [32, [32, 26, 27, 24, 31, 30]], [26, []], [31, [35, 39, 38, 42]], [30, []], [39, []], [27, []], [24, []], [46, [46, 48, 44, 47]], [48, []], [8, []], [44, []], [47, []], [18, []], [35, []], [38, []], [42, []]], [[0, [1, 2, 3, 4, 5]], [3, []], [4, []], [2, []], [10, [10, 11]], [13, [13, 12]], [22, [22]], [11, []], [1, [15, 23, 20, 25, 29, 21, 28]], [23, []], [29, []], [21, []], [28, [19, 34, 36]], [5, []], [34, []], [36, []], [41, [41, 43, 37, 40, 33]], [20, []], [12, []], [25, []], [50, [50, 49, 45]], [19, []], [49, []], [43, []], [37, []], [33, []], [45, []], [40, []], [15, []]]], [[[9, [9, 14, 8, 18, 16, 17]]], [[10, [10, 11]]], [[13, [13, 12]]], [[22, [22]]], [[1, [15, 23, 20, 25, 29, 21, 28]]], [[28, [19, 34, 36]]], [[32, [32, 26, 27, 24, 31, 30]]], [[31, [35, 39, 38, 42]]], [[41, [41, 43, 37, 40, 33]]], [[50, [50, 49, 45]]], [[46, [46, 48, 44, 47]]]]]",909.0,"[[[[0, [5, 2, 6, 4, 1]], [13, [13, 11, 10, 8]], [2, []], [1, []], [28, [28, 26, 27, 24, 18]], [5, []], [11, []], [26, []], [6, []], [4, []], [31, [31, 30, 39, 40, 35, 38, 42]], [30, []], [39, []], [27, []], [24, []], [10, []], [46, [46, 48, 44, 47]], [48, []], [8, []], [44, []], [40, []], [47, []], [18, []], [35, []], [38, []], [42, []]], [[0, [7, 3]], [9, [9, 14, 16, 17, 12, 15]], [15, []], [22, [22]], [21, [21, 29, 25, 19, 20, 23]], [14, []], [16, []], [34, [34]], [41, [41, 36, 43, 37, 32, 33]], [36, []], [7, []], [17, []], [29, []], [50, [50, 49, 45]], [25, []], [12, []], [19, []], [49, []], [43, []], [37, []], [20, []], [32, []], [33, []], [3, []], [23, []], [45, []]]], [[[13, [13, 11, 10, 8]]], [[9, [9, 14, 16, 17, 12, 15]]], [[22, [22]], [28, [28, 26, 27, 24, 18]]], [[21, [21, 29, 25, 19, 20, 23]]], [[34, [34]]], [[41, [41, 36, 43, 37, 32, 33]]], [[31, [31, 30, 39, 40, 35, 38, 42]]], [[50, [50, 49, 45]]], [[46, [46, 48, 44, 47]]]]]",51.3402946164009,0,11,3.909090909090909,56.32276223278724,1,9,4.777777777777778,,,
684,test_data/data_demand_random_50_batch_all1_equal_random/C201_2.dat,8,120,1,876.0788655293195,"[[[[0, [5, 3]], [9, [9, 8, 10]], [5, []], [14, [18, 14, 17]], [17, [28, 29, 21, 24, 27]], [28, []], [29, []], [21, []], [3, []], [31, [31]], [24, []], [39, [39, 30, 40, 35, 38, 42]], [27, []], [30, []], [46, [46, 48, 44, 47]], [8, []], [48, []], [10, []], [44, []], [40, []], [47, []], [18, []], [35, []], [38, []], [42, []]], [[0, [4, 6, 2, 1, 7]], [13, [13]], [4, []], [6, []], [23, [23, 15, 22, 20, 19, 16, 11, 12]], [2, []], [1, []], [15, []], [7, []], [36, [36, 34]], [16, []], [34, []], [41, [41, 32, 25, 37, 26, 33]], [22, []], [11, []], [32, []], [20, []], [50, [50, 49, 43, 45]], [25, []], [12, []], [19, []], [49, []], [43, []], [37, []], [26, []], [33, []], [45, []]]], [[[13, [13]]], [[9, [9, 8, 10]]], [[23, [23, 15, 22, 20, 19, 16, 11, 12]]], [[14, [18, 14, 17]]], [[17, [28, 29, 21, 24, 27]]], [[36, [36, 34]]], [[31, [31]]], [[39, [39, 30, 40, 35, 38, 42]]], [[41, [41, 32, 25, 37, 26, 33]]], [[50, [50, 49, 43, 45]]], [[46, [46, 48, 44, 47]]]]]",892.3112887414927,"[[[[0, [6]], [6, []], [13, [13]], [9, [9, 15, 12, 17]], [15, []], [24, [24, 26, 23, 20, 25, 19, 22]], [26, []], [33, [33]], [23, []], [41, [41, 34, 36, 43, 37, 32]], [34, []], [36, []], [17, []], [20, []], [50, [50, 49, 45]], [25, []], [12, []], [19, []], [49, []], [43, []], [37, []], [32, []], [22, []], [45, []]], [[0, [2, 4, 7, 5, 1]], [3, [3, 10, 11, 8]], [2, []], [10, []], [4, [16, 14, 18]], [11, []], [7, []], [28, [28, 29, 21, 27]], [16, []], [14, []], [5, []], [29, []], [21, []], [1, []], [30, [30, 31, 40, 38, 35, 42, 39]], [31, []], [27, []], [39, []], [48, [48, 46, 44, 47]], [8, []], [46, []], [44, []], [40, []], [38, []], [35, []], [18, []], [47, []], [42, []]]], [[[3, [3, 10, 11, 8]], [13, [13]]], [[9, [9, 15, 12, 17]]], [[4, [16, 14, 18]]], [[28, [28, 29, 21, 27]]], [[24, [24, 26, 23, 20, 25, 19, 22]]], [[33, [33]]], [[30, [30, 31, 40, 38, 35, 42, 39]]], [[41, [41, 34, 36, 43, 37, 32]]], [[50, [50, 49, 45]]], [[48, [48, 46, 44, 47]]]]]",53.001014265715774,0,11,3.909090909090909,57.79784858959813,1,10,4.4,,,
685,test_data/data_demand_random_50_batch_all1_equal_random/C201_2.dat,8,120,2,848.6155281280883,"[[[[0, [4, 6, 7]], [4, [3, 13, 12, 1]], [13, []], [1, []], [15, [15]], [22, [22, 23, 14, 16, 20, 19, 17, 21]], [3, []], [23, []], [14, []], [16, []], [34, [34, 33, 32, 37, 25, 29, 28, 36]], [33, []], [32, []], [20, []], [6, []], [37, []], [43, [43, 49, 50, 41]], [49, []], [19, []], [12, []], [25, []], [50, []], [7, []], [28, []], [17, []], [36, []], [21, []], [29, []], [41, []]], [[0, [2, 5]], [5, []], [2, []], [9, [9, 18, 8, 10, 11]], [11, []], [26, [26, 24, 27]], [24, []], [27, []], [31, [31]], [42, [42, 38, 35, 40, 39, 30]], [38, []], [35, []], [18, []], [47, [47, 46, 48, 44, 45]], [40, []], [46, []], [8, []], [48, []], [10, []], [39, []], [44, []], [30, []], [45, []]]], [[[4, [3, 13, 12, 1]]], [[15, [15]]], [[9, [9, 18, 8, 10, 11]]], [[22, [22, 23, 14, 16, 20, 19, 17, 21]]], [[26, [26, 24, 27]]], [[34, [34, 33, 32, 37, 25, 29, 28, 36]]], [[31, [31]]], [[42, [42, 38, 35, 40, 39, 30]]], [[43, [43, 49, 50, 41]]], [[47, [47, 46, 48, 44, 45]]]]]",,,48.51024760384267,0,10,4.5,,,,,,(not found),
686,test_data/data_demand_random_50_batch_all1_equal_random/C201_2.dat,8,120,3,856.6155281280883,"[[[[0, []], [11, [11, 15, 1, 12, 13, 18, 8, 10]], [12, []], [19, [19]], [13, []], [1, []], [31, [31, 30, 35, 27]], [30, []], [42, [42, 38, 24]], [38, []], [35, []], [18, []], [47, [47, 46, 48, 39, 44, 40]], [46, []], [8, []], [48, []], [10, []], [24, []], [27, []], [39, []], [44, []], [40, []], [15, []]], [[0, [2, 6, 3, 4, 7, 5]], [3, []], [4, []], [2, []], [9, [9, 17, 16, 14]], [23, [23, 22, 21]], [22, []], [7, []], [21, []], [29, [29, 28, 25, 26, 20]], [17, []], [28, []], [16, []], [14, []], [34, [34]], [5, []], [36, [41, 43, 32, 33, 36, 37]], [41, []], [20, []], [6, []], [37, []], [43, []], [49, [49, 50, 45]], [25, []], [50, []], [32, []], [26, []], [33, []], [45, []]]], [[[9, [9, 17, 16, 14]]], [[11, [11, 15, 1, 12, 13, 18, 8, 10]]], [[23, [23, 22, 21]]], [[19, [19]]], [[29, [29, 28, 25, 26, 20]]], [[31, [31, 30, 35, 27]]], [[34, [34]]], [[42, [42, 38, 24]]], [[36, [41, 43, 32, 33, 36, 37]]], [[47, [47, 46, 48, 39, 44, 40]]], [[49, [49, 50, 45]]]]]",,,49.12712481311958,0,11,4.0,,,,,,(not found),
687,test_data/data_demand_random_50_batch_all1_equal_random/C201_2.dat,8,120,4,848.6155281280883,"[[[[0, [7, 6, 3, 4]], [4, []], [13, [13, 12]], [7, []], [19, [19, 20, 21, 17, 14, 16, 22]], [12, []], [20, []], [21, []], [29, [29, 28, 25, 26]], [28, []], [17, []], [36, [36, 34, 37, 33, 32]], [14, []], [34, []], [16, []], [41, [41]], [50, [50, 49, 43]], [25, []], [49, []], [43, []], [37, []], [6, []], [32, []], [26, []], [33, []], [3, []], [22, []]], [[0, [2, 5, 1]], [5, []], [9, [9, 11, 10]], [1, []], [23, [23]], [11, [24, 27, 15, 18, 8]], [10, []], [24, []], [27, []], [31, [31, 30]], [30, []], [15, []], [42, [42, 38, 35, 40, 39]], [38, []], [35, []], [18, []], [47, [47, 46, 48, 44, 45]], [40, []], [46, []], [8, []], [48, []], [39, []], [44, []], [2, []], [45, []]]], [[[9, [9, 11, 10]]], [[13, [13, 12]]], [[23, [23]]], [[19, [19, 20, 21, 17, 14, 16, 22]]], [[11, [24, 27, 15, 18, 8]]], [[29, [29, 28, 25, 26]]], [[31, [31, 30]]], [[36, [36, 34, 37, 33, 32]]], [[42, [42, 38, 35, 40, 39]]], [[41, [41]]], [[47, [47, 46, 48, 44, 45]]], [[50, [50, 49, 43]]]]]",,,46.382629950834854,0,12,3.5833333333333335,,,,,,(not found),
688,test_data/data_demand_random_50_batch_all1_equal_random/C201_2.dat,8,120,5,868.3112887414927,"[[[[0, [3, 2, 6, 7]], [3, []], [2, []], [9, [9]], [15, [15, 13, 12, 17, 16, 11]], [13, []], [6, []], [12, []], [7, [19, 25, 20, 26]], [17, []], [36, [36, 29, 21, 28, 34]], [29, []], [21, []], [28, []], [16, []], [34, []], [41, [41, 32, 37, 43, 31, 30, 33]], [32, []], [37, []], [43, []], [49, [49, 50]], [19, []], [25, []], [50, []], [20, []], [31, []], [30, []], [33, []], [26, []], [11, []]], [[0, [4, 1, 5]], [4, []], [8, [8, 10, 14, 18]], [10, []], [1, []], [23, [23, 22]], [22, []], [5, []], [14, []], [38, [38, 35, 42, 40, 39, 27, 24]], [35, []], [18, []], [42, []], [47, [47, 44, 48, 46, 45]], [40, []], [44, []], [39, []], [27, []], [24, []], [48, []], [46, []], [45, []]]], [[[9, [9]]], [[8, [8, 10, 14, 18]]], [[15, [15, 13, 12, 17, 16, 11]]], [[23, [23, 22]]], [[7, [19, 25, 20, 26]]], [[36, [36, 29, 21, 28, 34]]], [[38, [38, 35, 42, 40, 39, 27, 24]]], [[41, [41, 32, 37, 43, 31, 30, 33]]], [[47, [47, 44, 48, 46, 45]]], [[49, [49, 50]]]]]",903.0242668219828,"[[[[0, [7, 5, 1, 3]], [5, []], [1, [2, 11]], [3, []], [11, []], [7, []], [14, [14, 18, 17, 10, 8, 15]], [16, [16, 22, 21]], [21, []], [22, []], [28, [28]], [34, [34, 36, 29]], [36, []], [17, []], [29, []], [41, [41, 38, 35, 40, 42]], [15, []], [42, []], [38, []], [35, []], [18, []], [47, [47, 44, 48, 46, 45]], [40, []], [2, []], [44, []], [10, []], [48, []], [8, []], [46, []], [45, []]], [[0, [6, 4]], [9, [9, 12, 13]], [23, [23]], [13, []], [6, []], [20, [20, 19, 25, 27, 26]], [4, []], [30, [30, 24, 32, 37, 31]], [24, []], [33, [33, 43, 39]], [32, []], [37, []], [43, []], [49, [49, 50]], [19, []], [12, []], [25, []], [50, []], [31, []], [27, []], [39, []], [26, []]]], [[[9, [9, 12, 13]]], [[1, [2, 11]]], [[14, [14, 18, 17, 10, 8, 15]]], [[23, [23]], [16, [16, 22, 21]]], [[20, [20, 19, 25, 27, 26]]], [[28, [28]]], [[30, [30, 24, 32, 37, 31]]], [[34, [34, 36, 29]]], [[41, [41, 38, 35, 40, 42]]], [[33, [33, 43, 39]]], [[47, [47, 44, 48, 46, 45]]], [[49, [49, 50]]]]]",46.96229197174064,0,10,4.3,51.800151048748155,1,12,3.6666666666666665,,,
689,test_data/data_demand_random_50_batch_all1_equal_cluster/C201_3.dat,4,90,1,1085.8058436014987,"[[[[0, [3, 2, 5, 4]], [5, []], [10, [10, 13, 11, 12]], [13, []], [16, [16, 18, 9, 17]], [18, []], [20, [20]], [3, []], [9, []], [11, []], [12, []], [7, [7, 6, 15, 19]], [6, []], [15, []], [4, []], [2, []], [17, []], [19, []], [36, [36, 37, 38, 40]], [37, []], [38, []], [39, [39, 26, 25]], [40, []], [41, [41, 44, 43, 45]], [44, []], [43, []], [45, []], [26, []], [25, []], [50, [50, 46]], [46, []]], [[0, [1]], [8, [8, 21]], [14, [14]], [21, []], [24, [24, 23, 27, 22]], [23, []], [27, []], [22, []], [30, [30, 31, 29, 32]], [31, []], [29, []], [32, []], [34, [34, 33, 35, 28]], [33, []], [35, []], [28, []], [42, [42]], [1, []], [47, [47, 48, 49]], [48, []], [49, []]]], [[[8, [8, 21]]], [[10, [10, 13, 11, 12]]], [[16, [16, 18, 9, 17]]], [[20, [20]]], [[7, [7, 6, 15, 19]]], [[14, [14]]], [[24, [24, 23, 27, 22]]], [[30, [30, 31, 29, 32]]], [[34, [34, 33, 35, 28]]], [[36, [36, 37, 38, 40]]], [[39, [39, 26, 25]]], [[42, [42]]], [[41, [41, 44, 43, 45]]], [[47, [47, 48, 49]]], [[50, [50, 46]]]]]",,,54.29461308383154,0,15,3.0,,,,,,(not found),
690,test_data/data_demand_random_50_batch_all1_equal_cluster/C201_3.dat,4,90,2,1085.8058436014987,"[[[[0, [3]], [13, [13, 11, 7, 10]], [10, []], [11, []], [7, []], [8, [8, 9]], [9, [14, 16]], [3, []], [14, []], [16, []], [18, [18, 19, 20, 23]], [19, []], [20, []], [23, []], [25, [25, 35, 28, 33]], [35, []], [33, []], [34, [34]], [28, []], [31, [31, 40, 41]], [40, []], [41, []], [44, [44, 43, 45, 32]], [43, []], [45, []], [32, []], [46, [46, 50, 30, 29]], [50, []], [30, []], [29, []]], [[0, [2, 1, 4, 5]], [12, [12, 15, 21, 6]], [6, []], [1, []], [2, []], [22, [22]], [4, []], [5, []], [15, []], [24, [24, 26, 27, 17]], [21, []], [26, []], [27, []], [17, []], [36, [36, 37, 38, 39]], [37, []], [38, []], [39, []], [42, [42]], [47, [47, 48, 49]], [48, []], [49, []]]], [[[12, [12, 15, 21, 6]]], [[13, [13, 11, 7, 10]]], [[8, [8, 9]]], [[9, [14, 16]]], [[18, [18, 19, 20, 23]]], [[22, [22]]], [[24, [24, 26, 27, 17]]], [[25, [25, 35, 28, 33]]], [[34, [34]]], [[31, [31, 40, 41]]], [[36, [36, 37, 38, 39]]], [[42, [42]]], [[44, [44, 43, 45, 32]]], [[47, [47, 48, 49]]], [[46, [46, 50, 30, 29]]]]]",,,57.52928805477784,0,15,3.0,,,,,,(not found),
691,test_data/data_demand_random_50_batch_all1_equal_cluster/C201_3.dat,4,90,3,1085.8058436014987,"[[[[0, [2, 1, 5]], [12, [12, 11, 10, 7]], [1, []], [2, []], [11, []], [10, []], [7, []], [15, [15, 18, 19, 14]], [18, []], [19, []], [14, []], [17, [17, 20, 26, 27]], [20, []], [26, []], [27, []], [22, [22, 32, 29, 30]], [5, []], [32, []], [29, []], [30, []], [31, [31, 34, 33, 35]], [34, []], [33, []], [35, []], [28, [28, 40, 41]], [40, []], [41, []], [44, [44, 43, 45, 46]], [43, []], [45, []], [46, []], [50, [50]]], [[0, [3, 4]], [3, []], [9, [9, 13, 8, 6]], [13, []], [8, []], [6, []], [4, []], [23, [23, 25, 24, 21]], [25, []], [24, []], [21, []], [16, [16]], [36, [36, 37, 38, 39]], [37, []], [38, []], [39, []], [42, [42]], [47, [47, 48, 49]], [48, []], [49, []]]], [[[9, [9, 13, 8, 6]]], [[12, [12, 11, 10, 7]]], [[15, [15, 18, 19, 14]]], [[17, [17, 20, 26, 27]]], [[23, [23, 25, 24, 21]]], [[16, [16]]], [[22, [22, 32, 29, 30]]], [[31, [31, 34, 33, 35]]], [[28, [28, 40, 41]]], [[36, [36, 37, 38, 39]]], [[42, [42]]], [[44, [44, 43, 45, 46]]], [[47, [47, 48, 49]]], [[50, [50]]]]]",,,52.64991005155296,0,14,3.2142857142857144,,,,,,(not found),
692,test_data/data_demand_random_50_batch_all1_equal_cluster/C201_3.dat,4,90,5,1085.8058436014987,"[[[[0, [1, 2, 5, 4]], [1, []], [2, []], [6, [6, 8, 12]], [8, []], [15, [15, 14, 20, 17]], [14, []], [20, []], [24, [24, 16, 27, 26]], [23, [23]], [27, []], [26, []], [5, []], [17, []], [16, []], [18, [18, 19]], [19, []], [36, [36, 37, 38, 39]], [37, []], [38, []], [39, []], [42, [42]], [4, []], [12, []], [47, [47, 48, 49]], [48, []], [49, []]], [[0, [3]], [13, [13, 9]], [9, [21, 10, 11]], [11, []], [3, []], [21, []], [22, [22, 25, 7]], [10, []], [7, []], [30, [30, 34, 33, 32]], [34, []], [33, []], [25, []], [32, []], [31, [31, 29, 35, 40]], [29, []], [40, []], [41, [41, 44, 43, 45]], [44, []], [43, []], [45, []], [35, []], [50, [50, 46, 28]], [46, []], [28, []]]], [[[6, [6, 8, 12]]], [[15, [15, 14, 20, 17]]], [[13, [13, 9]]], [[9, [21, 10, 11]]], [[22, [22, 25, 7]]], [[24, [24, 16, 27, 26]]], [[23, [23]]], [[18, [18, 19]]], [[30, [30, 34, 33, 32]]], [[31, [31, 29, 35, 40]]], [[36, [36, 37, 38, 39]]], [[41, [41, 44, 43, 45]]], [[42, [42]]], [[47, [47, 48, 49]]], [[50, [50, 46, 28]]]]]",1180.0006929352228,"[[[[0, []], [13, [13, 12, 17, 20]], [12, []], [22, [22, 23, 27, 15]], [17, []], [23, []], [27, []], [20, []], [15, []], [14, [14, 18, 19, 26]], [18, []], [19, []], [36, [36, 37, 38, 39]], [37, []], [38, []], [39, []], [44, [44, 45, 35, 41]], [41, []], [43, [43]], [45, []], [26, []], [35, []], [50, [50, 46, 28]], [46, []], [28, []]], [[0, [4, 3, 2, 5]], [3, [1]], [2, []], [8, [8, 9, 10, 6]], [9, []], [10, []], [6, []], [16, [16, 7, 21, 11]], [7, []], [1, []], [4, []], [21, []], [24, [24]], [5, [30, 25, 32]], [30, []], [25, []], [32, []], [33, [33, 34, 31, 29]], [34, []], [31, []], [29, []], [42, [42, 40]], [40, []], [11, []], [47, [47, 48, 49]], [48, []], [49, []]]], [[[13, [13, 12, 17, 20]]], [[3, [1]]], [[8, [8, 9, 10, 6]]], [[16, [16, 7, 21, 11]]], [[22, [22, 23, 27, 15]]], [[14, [14, 18, 19, 26]]], [[24, [24]]], [[5, [30, 25, 32]]], [[33, [33, 34, 31, 29]]], [[36, [36, 37, 38, 39]]], [[44, [44, 45, 35, 41]]], [[43, [43]], [42, [42, 40]]], [[47, [47, 48, 49]]], [[50, [50, 46, 28]]]]]",53.65318291527124,0,15,3.0,53.27448866776669,1,14,3.2857142857142856,,,
693,test_data/data_demand_random_50_batch_all1_equal_cluster/C201_3.dat,4,120,1,1085.8058436014987,"[[[[0, []], [11, [11]], [13, [13, 7, 9, 6]], [7, []], [9, []], [6, []], [18, [18, 10, 8, 17]], [10, []], [8, []], [17, []], [20, [20, 19, 26, 27]], [19, []], [26, []], [27, []], [36, [36, 37, 38, 39]], [37, []], [38, []], [39, []], [42, [42, 12]], [12, []], [47, [47, 48, 49]], [48, []], [49, []]], [[0, [1, 5, 3, 2, 4]], [14, [14, 16, 21]], [16, []], [21, []], [1, []], [5, []], [3, []], [2, []], [4, []], [22, [22, 15, 24, 23]], [15, []], [24, []], [29, [29, 33, 31, 34]], [33, []], [31, []], [34, []], [28, [28, 40, 41, 25]], [40, []], [41, []], [44, [44, 43, 45, 35]], [43, []], [45, []], [23, []], [25, []], [35, []], [50, [50, 46, 30, 32]], [46, []], [30, []], [32, []]]], [[[11, [11]]], [[13, [13, 7, 9, 6]]], [[14, [14, 16, 21]]], [[18, [18, 10, 8, 17]]], [[22, [22, 15, 24, 23]]], [[20, [20, 19, 26, 27]]], [[29, [29, 33, 31, 34]]], [[28, [28, 40, 41, 25]]], [[36, [36, 37, 38, 39]]], [[42, [42, 12]]], [[44, [44, 43, 45, 35]]], [[47, [47, 48, 49]]], [[50, [50, 46, 30, 32]]]]]",1169.9861834889975,"[[[[0, [3, 1, 5, 4]], [3, []], [11, [11]], [21, [21, 9, 10]], [1, []], [9, []], [10, []], [8, [8, 7, 13, 12]], [7, []], [13, []], [12, []], [31, [31, 34, 35, 28]], [34, []], [35, []], [28, []], [29, [29, 32, 33, 25]], [32, []], [33, []], [25, []], [5, []], [4, []], [42, [42, 41, 44, 43]], [41, []], [44, []], [43, []], [45, [45, 30]], [30, []], [50, [50, 46]], [46, []]], [[0, []], [6, [6, 15, 20, 18]], [14, [14, 19, 16]], [19, []], [16, []], [17, [17, 27, 26, 24]], [23, [23, 22]], [27, []], [26, []], [24, []], [22, []], [15, []], [20, []], [18, []], [36, [36, 37, 38, 39]], [37, []], [38, []], [39, []], [40, [40]], [2, [2]], [47, [47, 48, 49]], [48, []], [49, []]]], [[[6, [6, 15, 20, 18]]], [[11, [11]]], [[21, [21, 9, 10]]], [[8, [8, 7, 13, 12]]], [[14, [14, 19, 16]]], [[17, [17, 27, 26, 24]]], [[23, [23, 22]]], [[31, [31, 34, 35, 28]]], [[29, [29, 32, 33, 25]]], [[36, [36, 37, 38, 39]]], [[42, [42, 41, 44, 43]]], [[45, [45, 30]], [40, [40]]], [[2, [2]]], [[47, [47, 48, 49]]], [[50, [50, 46]]]]]",53.03609512482997,0,13,3.4615384615384617,51.80628832327811,1,15,3.066666666666667,,,
694,test_data/data_demand_random_50_batch_all1_equal_cluster/C201_3.dat,4,120,2,1085.8058436014987,"[[[[0, [4, 1, 2, 5]], [8, [8, 9, 11, 10]], [9, []], [11, []], [10, []], [2, []], [4, []], [20, [20, 16, 18, 19]], [16, []], [18, []], [19, []], [1, []], [6, [6, 12]], [12, []], [31, [31, 34, 33, 32]], [34, []], [33, []], [32, []], [30, [30, 25, 29, 28]], [29, []], [28, []], [5, []], [41, [41, 40, 27, 26]], [40, []], [27, []], [26, []], [44, [44, 43, 45]], [43, []], [45, []], [25, []], [46, [46, 50, 35]], [50, []], [35, []]], [[0, [3]], [3, []], [13, [13, 7, 15]], [7, []], [22, [22, 14, 21, 23]], [15, [17, 24]], [17, []], [14, []], [21, []], [23, []], [24, []], [36, [36, 37, 38, 39]], [37, []], [38, []], [39, []], [42, [42]], [47, [47, 48, 49]], [48, []], [49, []]]], [[[8, [8, 9, 11, 10]]], [[13, [13, 7, 15]]], [[20, [20, 16, 18, 19]]], [[6, [6, 12]]], [[22, [22, 14, 21, 23]]], [[15, [17, 24]]], [[31, [31, 34, 33, 32]]], [[30, [30, 25, 29, 28]]], [[36, [36, 37, 38, 39]]], [[41, [41, 40, 27, 26]]], [[42, [42]]], [[44, [44, 43, 45]]], [[47, [47, 48, 49]]], [[46, [46, 50, 35]]]]]",,,54.98441536927543,0,14,3.2142857142857144,,,,,,(not found),
695,test_data/data_demand_random_50_batch_all1_equal_cluster/C201_3.dat,4,120,3,1087.0788655293195,"[[[[0, [4, 5, 2, 3]], [7, [7, 11]], [11, []], [13, [13]], [4, []], [5, []], [15, [15, 14, 19, 20]], [2, []], [3, []], [14, []], [19, []], [20, []], [17, [17, 18, 16, 26]], [18, []], [16, []], [26, []], [25, [25, 32, 30, 34]], [32, []], [30, []], [34, []], [31, [31, 29, 28, 41]], [29, []], [28, []], [40, [40, 44, 43, 45]], [41, []], [44, []], [43, []], [45, []], [46, [46, 50, 35, 33]], [50, []], [35, []], [33, []]], [[0, [1]], [6, [6]], [12, [12, 10, 8, 9]], [10, []], [1, []], [8, []], [9, []], [23, [23, 21, 22, 27]], [21, []], [22, []], [27, []], [24, [24]], [36, [36, 37, 38, 39]], [37, []], [38, []], [39, []], [42, [42]], [47, [47, 48, 49]], [48, []], [49, []]]], [[[7, [7, 11]]], [[13, [13]], [6, [6]]], [[12, [12, 10, 8, 9]]], [[15, [15, 14, 19, 20]]], [[17, [17, 18, 16, 26]]], [[23, [23, 21, 22, 27]]], [[24, [24]]], [[25, [25, 32, 30, 34]]], [[31, [31, 29, 28, 41]]], [[36, [36, 37, 38, 39]]], [[42, [42]]], [[40, [40, 44, 43, 45]]], [[47, [47, 48, 49]]], [[46, [46, 50, 35, 33]]]]]",1087.0788655293195,"[[[[0, [4, 5, 2, 3]], [7, [7, 11]], [11, []], [13, [13]], [4, []], [5, []], [15, [15, 14, 19, 20]], [2, []], [3, []], [14, []], [19, []], [20, []], [17, [17, 18, 16, 26]], [18, []], [16, []], [26, []], [25, [25, 32, 30, 34]], [32, []], [30, []], [34, []], [31, [31, 29, 28, 41]], [29, []], [28, []], [40, [40, 44, 43, 45]], [41, []], [44, []], [43, []], [45, []], [46, [46, 50, 35, 33]], [50, []], [35, []], [33, []]], [[0, [1]], [6, [6]], [12, [12, 10, 8, 9]], [10, []], [1, []], [8, []], [9, []], [23, [23, 21, 22, 27]], [21, []], [22, []], [27, []], [24, [24]], [36, [36, 37, 38, 39]], [37, []], [38, []], [39, []], [42, [42]], [47, [47, 48, 49]], [48, []], [49, []]]], [[[7, [7, 11]]], [[13, [13]], [6, [6]]], [[12, [12, 10, 8, 9]]], [[15, [15, 14, 19, 20]]], [[17, [17, 18, 16, 26]]], [[23, [23, 21, 22, 27]]], [[24, [24]]], [[25, [25, 32, 30, 34]]], [[31, [31, 29, 28, 41]]], [[36, [36, 37, 38, 39]]], [[42, [42]]], [[40, [40, 44, 43, 45]]], [[47, [47, 48, 49]]], [[46, [46, 50, 35, 33]]]]]",56.55747607559573,1,14,3.2142857142857144,56.55747607559573,1,14,3.2142857142857144,,,
696,test_data/data_demand_random_50_batch_all1_equal_cluster/C201_3.dat,4,120,4,1085.8058436014987,"[[[[0, [1]], [14, [14, 16, 23, 26]], [16, []], [23, []], [26, []], [20, [20, 17, 24, 25]], [22, [22]], [17, []], [36, [36, 37, 38, 39]], [37, []], [38, []], [39, []], [43, [43, 44, 45, 46]], [44, []], [45, []], [24, []], [25, []], [46, []], [50, [50, 35, 33]], [35, []], [33, []], [1, []]], [[0, [3, 4, 2, 5]], [7, [7]], [9, [9, 8, 12, 13]], [8, []], [12, []], [13, []], [6, [6]], [19, [19, 18, 21]], [18, []], [3, []], [4, []], [2, []], [11, [15, 10, 11]], [5, []], [32, [32, 31, 34, 29]], [31, []], [30, [30, 27]], [34, []], [29, []], [28, [28, 41, 40]], [27, []], [41, []], [40, []], [42, [42]], [21, []], [15, []], [10, []], [47, [47, 48, 49]], [48, []], [49, []]]], [[[7, [7]]], [[9, [9, 8, 12, 13]]], [[6, [6]]], [[14, [14, 16, 23, 26]]], [[19, [19, 18, 21]]], [[11, [15, 10, 11]]], [[20, [20, 17, 24, 25]]], [[22, [22]]], [[32, [32, 31, 34, 29]]], [[30, [30, 27]]], [[28, [28, 41, 40]]], [[36, [36, 37, 38, 39]]], [[42, [42]]], [[43, [43, 44, 45, 46]]], [[47, [47, 48, 49]]], [[50, [50, 35, 33]]]]]",,,50.068515376228625,0,16,2.8125,,,,,,(not found),
697,test_data/data_demand_random_50_batch_all1_equal_cluster/C201_3.dat,4,120,5,1098.8058436014987,"[[[[0, [5, 4, 2]], [19, [19, 9, 6, 15]], [6, []], [9, []], [15, []], [2, []], [22, [22, 21, 23, 24]], [21, []], [23, []], [24, []], [32, [32, 25, 29, 31]], [25, []], [29, []], [31, []], [34, [34, 20]], [5, []], [4, []], [20, []], [42, [42, 41, 43, 44]], [41, []], [44, []], [43, []], [45, [45, 33, 35, 30]], [33, []], [35, []], [50, [50, 46, 28]], [46, []], [30, []], [28, []]], [[0, [1, 3]], [11, [11, 10, 12, 8]], [18, [18, 16, 13, 14]], [16, []], [14, []], [1, []], [10, []], [12, []], [8, []], [13, []], [7, [7, 17]], [3, []], [26, [26, 27]], [27, []], [17, []], [37, [37, 36, 38]], [36, []], [38, []], [39, [39, 40]], [40, []], [47, [47, 48, 49]], [48, []], [49, []]]], [[[19, [19, 9, 6, 15]]], [[11, [11, 10, 12, 8]]], [[18, [18, 16, 13, 14]]], [[7, [7, 17]]], [[22, [22, 21, 23, 24]]], [[26, [26, 27]]], [[32, [32, 25, 29, 31]]], [[34, [34, 20]]], [[37, [37, 36, 38]]], [[39, [39, 40]]], [[42, [42, 41, 43, 44]]], [[45, [45, 33, 35, 30]]], [[47, [47, 48, 49]]], [[50, [50, 46, 28]]]]]",1162.217853395131,"[[[[0, [2]], [19, [19, 15, 9, 8]], [15, []], [2, []], [12, [12, 21, 6, 17]], [8, []], [9, []], [6, []], [22, [22, 23, 24, 26]], [21, []], [23, []], [24, []], [26, []], [27, [27, 33, 35, 30]], [17, []], [37, [37, 36, 38, 39]], [36, []], [38, []], [39, []], [40, [40, 44, 41, 43]], [44, []], [41, []], [43, []], [45, [45]], [33, [50, 46, 28]], [35, []], [50, []], [46, []], [30, []], [28, []]], [[0, [3, 1, 5, 4]], [11, [11, 10]], [18, [18, 16, 20]], [16, []], [20, []], [1, []], [10, []], [13, [13, 7, 14]], [7, []], [3, []], [32, [32, 25, 29, 31]], [25, []], [29, []], [31, []], [34, [34]], [5, []], [4, []], [14, []], [42, [42]], [47, [47, 48, 49]], [48, []], [49, []]]], [[[11, [11, 10]]], [[19, [19, 15, 9, 8]]], [[18, [18, 16, 20]]], [[13, [13, 7, 14]]], [[12, [12, 21, 6, 17]]], [[22, [22, 23, 24, 26]]], [[32, [32, 25, 29, 31]]], [[27, [27, 33, 35, 30]]], [[34, [34]]], [[37, [37, 36, 38, 39]]], [[40, [40, 44, 41, 43]]], [[45, [45]], [42, [42]]], [[47, [47, 48, 49]]], [[33, [50, 46, 28]]]]]",57.148018856263306,0,14,3.2142857142857144,57.68397766886593,1,14,3.2142857142857144,,,
698,test_data/data_demand_random_50_batch_all1_equal_cluster/C201_3.dat,8,90,1,1093.8058436014987,"[[[[0, [1, 2, 5, 4, 3]], [10, [10]], [4, []], [2, []], [6, [6, 14, 16, 18, 20, 12]], [1, []], [3, []], [5, []], [14, []], [16, []], [18, []], [20, []], [21, [21, 22, 24, 26]], [22, []], [24, []], [26, []], [37, [37, 36, 38, 39, 40]], [36, []], [38, []], [39, []], [40, []], [12, []], [47, [47, 48, 49]], [48, []], [49, []]], [[0, []], [11, [11, 13, 8]], [13, []], [9, [9, 7, 15, 19, 17]], [7, []], [8, []], [15, []], [19, []], [17, []], [23, [23]], [34, [34, 31, 29, 32, 25, 28, 33]], [31, []], [29, []], [32, []], [25, []], [28, []], [33, []], [27, [27, 35, 30]], [42, [42, 41, 44, 43, 45, 46]], [41, []], [44, []], [43, []], [45, []], [35, []], [50, [50]], [46, []], [30, []]]], [[[10, [10]]], [[11, [11, 13, 8]]], [[6, [6, 14, 16, 18, 20, 12]]], [[9, [9, 7, 15, 19, 17]]], [[21, [21, 22, 24, 26]]], [[23, [23]]], [[34, [34, 31, 29, 32, 25, 28, 33]]], [[27, [27, 35, 30]]], [[37, [37, 36, 38, 39, 40]]], [[42, [42, 41, 44, 43, 45, 46]]], [[47, [47, 48, 49]]], [[50, [50]]]]]",1133.0251899398713,"[[[[0, [3, 4, 2]], [14, [14, 17, 20, 9, 7, 6, 11, 15]], [17, []], [20, []], [15, []], [3, []], [9, []], [7, []], [6, []], [4, []], [2, []], [22, [22]], [30, [30, 31, 34, 29, 28, 21, 23]], [31, []], [34, []], [29, []], [28, []], [11, []], [40, [40, 41, 44, 43, 45, 42, 25, 35]], [41, []], [44, []], [43, []], [45, []], [42, []], [21, []], [23, []], [25, []], [35, []], [50, [50, 46, 33, 32]], [46, []], [33, []], [32, []]], [[0, [5, 1]], [18, [18, 12, 8, 13, 16, 19, 10]], [12, []], [8, []], [13, []], [5, []], [24, [24, 27, 26]], [16, []], [36, [36, 38, 37, 39]], [38, []], [37, []], [39, []], [19, []], [27, []], [26, []], [1, []], [10, []], [47, [47, 48, 49]], [48, []], [49, []]]], [[[14, [14, 17, 20, 9, 7, 6, 11, 15]]], [[18, [18, 12, 8, 13, 16, 19, 10]]], [[24, [24, 27, 26]], [22, [22]]], [[30, [30, 31, 34, 29, 28, 21, 23]]], [[36, [36, 38, 37, 39]]], [[40, [40, 41, 44, 43, 45, 42, 25, 35]]], [[47, [47, 48, 49]]], [[50, [50, 46, 33, 32]]]]]",54.664470293182326,0,12,3.75,57.65838016143607,1,8,5.625,,,
699,test_data/data_demand_random_50_batch_all1_equal_cluster/C201_3.dat,8,90,3,1093.8058436014987,"[[[[0, [1, 3, 4]], [8, [8]], [3, []], [13, [13, 18, 21, 14, 19, 16, 15]], [4, []], [15, []], [18, []], [21, []], [14, []], [1, []], [22, [22, 24, 23, 17, 11]], [24, []], [23, []], [39, [39, 38, 36, 37]], [38, []], [36, []], [37, []], [19, []], [16, []], [17, []], [11, []], [47, [47, 48, 49]], [48, []], [49, []]], [[0, [5, 2]], [10, [10, 12, 7, 9, 6, 20]], [12, []], [7, []], [9, []], [6, []], [5, []], [31, [31, 34, 32, 33, 28, 26, 25, 27]], [34, []], [32, []], [33, []], [28, []], [2, []], [20, []], [40, [40]], [26, []], [27, []], [42, [42, 41, 44, 43, 45, 35, 30]], [41, []], [44, []], [43, []], [45, []], [25, []], [35, []], [50, [50, 46, 29]], [46, []], [30, []], [29, []]]], [[[10, [10, 12, 7, 9, 6, 20]]], [[8, [8]]], [[13, [13, 18, 21, 14, 19, 16, 15]]], [[22, [22, 24, 23, 17, 11]]], [[31, [31, 34, 32, 33, 28, 26, 25, 27]]], [[39, [39, 38, 36, 37]]], [[40, [40]]], [[42, [42, 41, 44, 43, 45, 35, 30]]], [[47, [47, 48, 49]]], [[50, [50, 46, 29]]]]]",,,57.2204792750674,0,10,4.5,,,,,,(not found),
700,test_data/data_demand_random_50_batch_all1_equal_cluster/C201_3.dat,8,90,4,1093.8058436014987,"[[[[0, [2]], [27, [27, 26, 17, 18, 19, 20, 16]], [26, []], [17, []], [18, []], [19, []], [20, []], [2, []], [16, []], [37, [37, 36, 38, 39, 40]], [36, []], [38, []], [39, []], [40, []], [47, [47, 48, 49]], [48, []], [49, []]], [[0, [4, 1, 5]], [1, [3]], [12, [12, 13, 6, 9, 8, 11, 10, 7]], [13, []], [3, []], [4, []], [6, []], [9, []], [8, []], [11, []], [10, []], [7, []], [5, []], [21, [21, 22, 15, 14, 23, 24, 25]], [22, []], [15, []], [14, []], [23, []], [24, []], [29, [29, 31, 34, 30, 33, 35, 32, 28]], [31, []], [34, []], [30, []], [33, []], [35, []], [32, []], [28, []], [42, [42, 41, 44, 45, 46, 43]], [41, []], [44, []], [43, []], [45, []], [25, []], [46, []], [50, [50]]]], [[[27, [27, 26, 17, 18, 19, 20, 16]]], [[1, [3]]], [[12, [12, 13, 6, 9, 8, 11, 10, 7]]], [[21, [21, 22, 15, 14, 23, 24, 25]]], [[29, [29, 31, 34, 30, 33, 35, 32, 28]]], [[37, [37, 36, 38, 39, 40]]], [[42, [42, 41, 44, 45, 46, 43]]], [[47, [47, 48, 49]]], [[50, [50]]]]]",,,56.436724184363825,0,9,5.111111111111111,,,,,,(not found),
701,test_data/data_demand_random_50_batch_all1_equal_cluster/C201_3.dat,8,90,5,1093.8058436014987,"[[[[0, [5, 4]], [13, [13]], [9, [9, 11, 8, 18, 14, 17, 16, 20]], [11, []], [8, []], [18, []], [5, []], [4, []], [14, []], [17, []], [16, []], [20, []], [23, [23, 15, 27, 26, 24]], [15, []], [40, [40, 28]], [27, []], [42, [42, 41, 44, 43, 45, 35]], [41, []], [44, []], [43, []], [45, []], [26, []], [24, []], [35, []], [50, [50, 46]], [46, []], [28, []]], [[0, [1, 2, 3]], [2, []], [3, []], [6, [6, 10, 12, 7, 21, 19]], [10, []], [12, []], [7, []], [1, []], [21, []], [22, [22]], [34, [34, 31, 29, 30, 32, 33, 25]], [31, []], [29, []], [30, []], [32, []], [33, []], [25, []], [36, [36, 37, 38, 39]], [37, []], [38, []], [39, []], [19, []], [49, [49, 47, 48]], [47, []], [48, []]]], [[[6, [6, 10, 12, 7, 21, 19]]], [[13, [13]]], [[9, [9, 11, 8, 18, 14, 17, 16, 20]]], [[22, [22]]], [[23, [23, 15, 27, 26, 24]]], [[34, [34, 31, 29, 30, 32, 33, 25]]], [[36, [36, 37, 38, 39]]], [[40, [40, 28]]], [[42, [42, 41, 44, 43, 45, 35]]], [[49, [49, 47, 48]]], [[50, [50, 46]]]]]",,,56.57481309136454,0,11,4.090909090909091,,,,,,(not found),
702,test_data/data_demand_random_50_batch_all1_equal_cluster/C201_3.dat,8,120,1,1093.8058436014987,"[[[[0, [2]], [13, [13, 9, 8, 10, 12, 14, 16, 18]], [9, []], [8, []], [10, []], [12, []], [14, []], [16, []], [18, []], [2, []], [22, [22, 25, 33, 28, 29, 31, 34, 30]], [25, []], [33, []], [28, []], [29, []], [31, []], [34, []], [30, []], [32, [32, 35, 24]], [35, []], [24, []], [42, [42, 41, 44, 43, 45, 46]], [41, []], [44, []], [43, []], [45, []], [50, [50]], [46, []]], [[0, [4, 3, 1]], [20, [20, 7, 11, 15, 17, 19, 6, 5]], [5, []], [4, []], [3, []], [1, []], [7, []], [11, [21, 23, 26, 27]], [6, []], [15, []], [17, []], [19, []], [21, []], [23, []], [26, []], [27, []], [40, [40, 38, 36, 37, 39]], [39, []], [38, []], [36, []], [37, []], [49, [49, 47, 48]], [47, []], [48, []]]], [[[20, [20, 7, 11, 15, 17, 19, 6, 5]]], [[13, [13, 9, 8, 10, 12, 14, 16, 18]]], [[11, [21, 23, 26, 27]]], [[22, [22, 25, 33, 28, 29, 31, 34, 30]]], [[32, [32, 35, 24]]], [[40, [40, 38, 36, 37, 39]]], [[42, [42, 41, 44, 43, 45, 46]]], [[49, [49, 47, 48]]], [[50, [50]]]]]",1262.4267268499239,"[[[[0, [5, 2, 3, 4]], [9, [9, 6, 13]], [6, [20, 21, 17, 16, 18]], [13, []], [5, []], [2, []], [20, []], [21, []], [24, [24, 25]], [25, []], [34, [34, 31, 29, 32, 22, 19]], [31, []], [29, []], [32, []], [3, []], [4, []], [22, []], [17, []], [16, []], [18, []], [19, []], [42, [42, 41, 44, 43, 45, 23, 33, 35]], [41, []], [44, []], [43, []], [45, []], [23, []], [33, []], [35, []], [50, [50, 46, 30, 28]], [46, []], [30, []], [28, []]], [[0, [1]], [14, [14, 8, 12, 7, 10, 15, 11]], [8, []], [12, []], [1, []], [7, []], [10, []], [15, []], [11, []], [26, [26, 27]], [27, []], [40, [40, 39, 38, 37, 36]], [39, []], [38, []], [37, []], [36, []], [49, [49, 47, 48]], [47, []], [48, []]]], [[[14, [14, 8, 12, 7, 10, 15, 11]]], [[9, [9, 6, 13]]], [[6, [20, 21, 17, 16, 18]]], [[26, [26, 27]], [24, [24, 25]]], [[34, [34, 31, 29, 32, 22, 19]]], [[40, [40, 39, 38, 37, 36]]], [[42, [42, 41, 44, 43, 45, 23, 33, 35]]], [[49, [49, 47, 48]]], [[50, [50, 46, 30, 28]]]]]",59.01384889061122,0,9,5.111111111111111,58.33440976788421,1,9,5.0,,,
703,test_data/data_demand_random_50_batch_all1_equal_cluster/C201_3.dat,8,120,2,1093.8058436014987,"[[[[0, [5, 3]], [3, []], [28, [28, 29, 34, 31, 32, 30, 23, 26]], [29, []], [34, []], [31, []], [32, []], [30, []], [5, []], [23, []], [26, []], [27, [27, 33, 35, 6]], [40, [40]], [42, [42, 41, 44, 43, 45, 46]], [41, []], [44, []], [43, []], [45, []], [33, []], [35, []], [50, [50]], [46, []], [6, []]], [[0, [2, 4, 1]], [13, [13, 7, 9, 12, 11, 21, 20, 19]], [7, []], [9, []], [12, []], [11, []], [2, []], [22, [22, 25, 24, 18, 17, 16, 14, 15]], [25, []], [24, []], [21, []], [20, []], [19, []], [18, []], [17, []], [16, []], [38, [38, 37, 36, 39, 10, 8]], [37, []], [36, []], [39, []], [14, []], [15, []], [4, []], [1, []], [10, []], [8, []], [47, [47, 48, 49]], [48, []], [49, []]]], [[[13, [13, 7, 9, 12, 11, 21, 20, 19]]], [[22, [22, 25, 24, 18, 17, 16, 14, 15]]], [[28, [28, 29, 34, 31, 32, 30, 23, 26]]], [[27, [27, 33, 35, 6]]], [[38, [38, 37, 36, 39, 10, 8]]], [[40, [40]]], [[42, [42, 41, 44, 43, 45, 46]]], [[47, [47, 48, 49]]], [[50, [50]]]]]",,,60.66592981292355,0,9,5.0,,,,,,(not found),
704,test_data/data_demand_random_50_batch_all1_equal_cluster/C201_3.dat,8,120,3,1093.8058436014987,"[[[[0, []], [7, [7]], [19, [19, 9, 14, 16, 18, 20]], [9, []], [14, []], [16, []], [18, []], [20, []], [22, [22, 25]], [25, []], [40, [40, 36, 37, 38, 39]], [39, []], [36, []], [37, []], [38, []], [49, [49, 48, 47]], [48, []], [47, []]], [[0, [3, 5, 4]], [2, [1, 2]], [12, [12, 8, 10, 6, 11, 13]], [8, []], [10, []], [1, []], [6, []], [11, []], [13, []], [3, []], [5, []], [4, []], [15, [15, 17, 21, 23, 26, 27, 24]], [17, []], [21, []], [23, []], [24, []], [26, []], [27, []], [28, [28, 29, 31, 34, 33, 35, 32]], [29, []], [31, []], [34, []], [33, []], [35, []], [32, []], [42, [42, 44, 43, 45, 30, 41]], [41, []], [44, []], [43, []], [45, []], [30, []], [46, [46, 50]], [50, []]]], [[[2, [1, 2]]], [[7, [7]]], [[12, [12, 8, 10, 6, 11, 13]]], [[19, [19, 9, 14, 16, 18, 20]]], [[15, [15, 17, 21, 23, 26, 27, 24]]], [[22, [22, 25]]], [[28, [28, 29, 31, 34, 33, 35, 32]]], [[40, [40, 36, 37, 38, 39]]], [[42, [42, 44, 43, 45, 30, 41]]], [[46, [46, 50]]], [[49, [49, 48, 47]]]]]",1192.3238075793813,"[[[[0, [5, 4, 2]], [10, [10, 8, 6]], [8, []], [6, [14, 15, 18, 17, 21]], [14, []], [5, []], [4, []], [15, []], [18, []], [17, []], [27, [27, 22, 25]], [21, []], [22, [34, 31, 29, 28, 23]], [2, []], [25, []], [34, []], [31, []], [29, []], [28, []], [23, []], [42, [42, 41, 44, 43, 45, 24, 30, 35]], [41, []], [44, []], [43, []], [45, []], [24, []], [30, []], [46, [46, 50, 33, 32]], [50, []], [35, []], [33, []], [32, []]], [[0, [3, 1]], [9, [9, 13]], [20, [20, 7, 11, 12, 16, 19]], [3, []], [7, []], [1, []], [11, []], [12, []], [16, []], [26, [26]], [40, [40, 39, 38, 37, 36]], [19, []], [39, []], [38, []], [37, []], [36, []], [49, [49, 48, 47]], [48, []], [47, []], [13, []]]], [[[10, [10, 8, 6]]], [[9, [9, 13]]], [[6, [14, 15, 18, 17, 21]]], [[20, [20, 7, 11, 12, 16, 19]]], [[26, [26]], [27, [27, 22, 25]]], [[22, [34, 31, 29, 28, 23]]], [[40, [40, 39, 38, 37, 36]]], [[42, [42, 41, 44, 43, 45, 24, 30, 35]]], [[49, [49, 48, 47]]], [[46, [46, 50, 33, 32]]]]]",48.89817894166465,0,11,4.2727272727272725,53.29485653169072,1,10,4.5,,,
705,test_data/data_demand_random_50_batch_all1_equal_cluster/C201_3.dat,8,120,4,1087.0788655293195,"[[[[0, [3, 2]], [8, [8]], [9, [9, 14, 17, 6, 19, 16, 15, 10]], [10, []], [2, []], [14, []], [17, []], [6, []], [19, []], [16, []], [15, []], [36, [36, 37, 38, 39, 20, 25, 26]], [37, []], [38, []], [39, []], [20, []], [40, [40, 44, 41, 43, 45, 35, 33]], [41, []], [44, []], [43, []], [45, []], [26, []], [25, []], [35, []], [50, [50, 46, 32]], [46, []], [33, []], [32, []], [3, []]], [[0, [1, 4, 5]], [13, [13]], [18, [18, 21, 7, 11, 12]], [27, [27, 24, 23, 22]], [23, []], [21, []], [22, []], [5, []], [7, [28, 29, 31, 34, 30]], [11, []], [1, []], [28, []], [29, []], [31, []], [34, []], [30, []], [24, []], [42, [42]], [4, []], [12, []], [47, [47, 48, 49]], [48, []], [49, []]]], [[[8, [8]]], [[13, [13]]], [[18, [18, 21, 7, 11, 12]]], [[9, [9, 14, 17, 6, 19, 16, 15, 10]]], [[27, [27, 24, 23, 22]]], [[7, [28, 29, 31, 34, 30]]], [[36, [36, 37, 38, 39, 20, 25, 26]]], [[42, [42]]], [[40, [40, 44, 41, 43, 45, 35, 33]]], [[47, [47, 48, 49]]], [[50, [50, 46, 32]]]]]",,,53.72156809455826,0,11,4.090909090909091,,,,,,(not found),
706,test_data/data_demand_random_50_batch_all1_equal_cluster/C201_3.dat,8,120,5,1198.2310562561765,"[[[[0, [1, 3, 5, 7, 9, 11, 13, 15, 17, 19, 21, 23, 26, 27]], [1, []], [3, []], [5, []], [7, []], [9, []], [11, []], [13, []], [15, []], [17, []], [19, []], [21, []], [23, []], [26, []], [27, []], [29, [46, 29, 34, 31, 33, 32, 30, 35]], [34, []], [31, []], [33, []], [32, []], [30, []], [35, []], [46, []], [50, [50, 47, 48, 49]], [47, []], [48, []], [49, []]], [[0, [2, 4, 6, 8, 10, 12, 14, 16, 18, 20]], [2, []], [4, []], [6, []], [8, []], [10, []], [12, []], [14, [28, 22, 24, 25]], [16, []], [18, []], [20, []], [22, []], [24, [36, 38, 37, 39, 40, 41]], [25, []], [28, []], [36, [44, 43, 45, 42]], [38, []], [37, []], [39, []], [40, []], [41, []], [44, []], [43, []], [45, []], [42, []]]], [[[14, [28, 22, 24, 25]]], [[29, [46, 29, 34, 31, 33, 32, 30, 35]]], [[24, [36, 38, 37, 39, 40, 41]]], [[36, [44, 43, 45, 42]]], [[50, [50, 47, 48, 49]]]]]",,,57.72169943142101,0,5,5.2,,,,,,(not found),
707,test_data/data_demand_random_50_batch_all1_equal_random/C201_3.dat,4,60,5,1228.7099202643649,"[[[[0, [3, 6]], [14, [14, 17, 19, 8]], [17, [18, 15, 13, 12]], [19, []], [8, []], [18, []], [15, []], [3, []], [13, [27, 7]], [20, [20, 32, 9, 16]], [12, []], [32, []], [9, []], [30, [30, 38, 33, 28]], [38, []], [33, []], [28, []], [41, [41, 36, 31]], [16, []], [36, []], [7, [44, 48, 49, 43]], [44, []], [6, []], [31, []], [48, []], [27, []], [49, []], [43, []]], [[0, [10, 2, 5, 1, 4]], [10, []], [2, []], [23, [23, 21, 11]], [21, []], [4, []], [24, [24]], [5, []], [35, [35, 37, 22, 26]], [37, []], [22, []], [26, [34, 25, 29]], [34, []], [1, []], [25, []], [47, [47, 46, 39, 50]], [29, []], [46, []], [39, [42, 45, 40]], [11, []], [50, []], [42, []], [45, []], [40, []]]], [[[14, [14, 17, 19, 8]]], [[17, [18, 15, 13, 12]]], [[23, [23, 21, 11]]], [[24, [24]]], [[13, [27, 7]]], [[20, [20, 32, 9, 16]]], [[35, [35, 37, 22, 26]]], [[30, [30, 38, 33, 28]]], [[26, [34, 25, 29]]], [[41, [41, 36, 31]]], [[7, [44, 48, 49, 43]]], [[47, [47, 46, 39, 50]]], [[39, [42, 45, 40]]]]]",,,40.12715979208775,0,13,3.3076923076923075,,,,,,(not found),
708,test_data/data_demand_random_50_batch_all1_equal_random/C201_3.dat,4,90,5,1203.0512483795333,"[[[[0, [14, 10, 12, 9, 11, 13]], [14, []], [10, []], [12, []], [9, []], [11, []], [22, [22, 15, 23, 24]], [15, []], [33, [33, 31]], [23, [29]], [31, [36, 16, 26]], [36, []], [24, []], [16, []], [13, []], [26, []], [35, [35, 40]], [40, []], [47, [47, 46, 44]], [29, []], [46, []], [44, []]], [[0, [5, 4, 2, 3]], [5, [6, 1]], [4, [7]], [2, []], [3, []], [7, []], [6, []], [8, [8, 17, 19, 18]], [17, []], [20, [20, 21]], [21, [27, 28]], [27, []], [28, []], [19, []], [18, []], [38, [38, 30, 34, 25]], [30, []], [34, []], [39, [39, 37, 32]], [1, []], [25, []], [37, []], [32, []], [50, [50, 42, 43, 49]], [42, []], [43, []], [49, []], [48, [48, 41, 45]], [41, []], [45, []]]], [[[5, [6, 1]]], [[4, [7]]], [[22, [22, 15, 23, 24]]], [[8, [8, 17, 19, 18]]], [[20, [20, 21]]], [[21, [27, 28]]], [[33, [33, 31]]], [[23, [29]]], [[31, [36, 16, 26]]], [[38, [38, 30, 34, 25]]], [[39, [39, 37, 32]]], [[35, [35, 40]]], [[47, [47, 46, 44]]], [[50, [50, 42, 43, 49]]], [[48, [48, 41, 45]]]]]",,,52.58912201731648,0,15,2.6666666666666665,,,,,,(not found),
709,test_data/data_demand_random_50_batch_all1_equal_random/C201_3.dat,4,120,1,1201.04834939252,"[[[[0, [4, 2]], [2, []], [8, [8, 9, 10, 12]], [15, [15, 17, 22, 16]], [17, []], [26, [26, 23, 21, 33]], [9, []], [22, []], [10, []], [12, []], [38, [38, 31, 7]], [33, []], [23, []], [31, []], [7, []], [4, []], [36, [36, 27]], [16, []], [44, [44, 48, 49, 43]], [21, []], [48, []], [27, []], [43, []], [49, []], [41, [41, 45, 40]], [45, []], [40, []]], [[0, [6, 1, 5]], [6, []], [1, [11, 14, 13]], [5, []], [11, []], [14, [3]], [3, []], [24, [24, 25, 20, 18]], [13, []], [25, []], [30, [30, 19, 28]], [20, []], [18, []], [19, []], [28, []], [39, [39, 34, 37, 32]], [34, []], [37, []], [32, []], [50, [50, 42, 47, 46]], [42, []], [35, [35, 29]], [47, []], [29, []], [46, []]]], [[[8, [8, 9, 10, 12]]], [[1, [11, 14, 13]]], [[14, [3]]], [[15, [15, 17, 22, 16]]], [[24, [24, 25, 20, 18]]], [[26, [26, 23, 21, 33]]], [[30, [30, 19, 28]]], [[38, [38, 31, 7]]], [[36, [36, 27]]], [[39, [39, 34, 37, 32]]], [[44, [44, 48, 49, 43]]], [[50, [50, 42, 47, 46]]], [[35, [35, 29]]], [[41, [41, 45, 40]]]]]",,,50.38665471176977,0,14,3.2142857142857144,,,,,,(not found),
710,test_data/data_demand_random_50_batch_all1_equal_random/C201_3.dat,4,120,2,1190.6124969497314,"[[[[0, [2, 6, 4, 3]], [13, [13, 14, 8, 7]], [14, []], [8, []], [2, []], [6, []], [7, []], [4, []], [24, [24, 18, 21]], [21, []], [3, []], [18, []], [28, [28, 33, 31, 23]], [33, []], [16, [16, 26, 27]], [31, []], [23, []], [26, []], [38, [38, 41, 36, 42]], [42, []], [41, []], [43, [43, 49, 48, 44]], [49, []], [27, []], [48, []], [36, []], [44, []]], [[0, [5]], [1, [1, 9]], [12, [12, 17, 11, 10]], [19, [19, 15, 25, 20]], [15, []], [17, []], [30, [30]], [25, []], [5, []], [11, []], [10, []], [37, [37, 34]], [9, []], [22, [22, 29, 32]], [35, [35, 39, 40]], [34, []], [29, []], [46, [46, 47, 50, 45]], [47, []], [39, []], [32, []], [50, []], [20, []], [45, []], [40, []]]], [[[1, [1, 9]]], [[13, [13, 14, 8, 7]]], [[12, [12, 17, 11, 10]]], [[24, [24, 18, 21]]], [[19, [19, 15, 25, 20]]], [[30, [30]]], [[28, [28, 33, 31, 23]]], [[16, [16, 26, 27]]], [[37, [37, 34]]], [[22, [22, 29, 32]]], [[38, [38, 41, 36, 42]]], [[35, [35, 39, 40]]], [[46, [46, 47, 50, 45]]], [[43, [43, 49, 48, 44]]]]]",,,56.79618618413226,0,14,3.2142857142857144,,,,,,(not found),
711,test_data/data_demand_random_50_batch_all1_equal_random/C201_3.dat,4,120,4,1201.04834939252,"[[[[0, [1, 22, 11, 5]], [21, [21, 16, 23, 26]], [16, []], [23, []], [22, [30, 32, 29, 25]], [11, []], [34, [34, 9, 10]], [1, []], [5, []], [26, []], [25, []], [30, []], [37, [37, 42, 35, 39]], [9, []], [42, []], [50, [50, 47, 46]], [32, []], [10, []], [35, []], [39, []], [47, []], [29, []], [46, []]], [[0, [3, 4, 6]], [3, []], [2, [2, 7]], [14, [14, 12]], [12, []], [18, [18, 17, 15]], [17, []], [20, [20, 8, 13]], [15, []], [8, []], [24, [24, 31, 33, 28]], [31, []], [13, []], [38, [38, 19]], [33, []], [28, []], [19, []], [4, []], [36, [36, 27]], [7, []], [6, []], [44, [44, 48, 49, 43]], [48, []], [49, []], [43, []], [27, []], [41, [41, 45, 40]], [45, []], [40, []]]], [[[2, [2, 7]]], [[14, [14, 12]]], [[18, [18, 17, 15]]], [[20, [20, 8, 13]]], [[21, [21, 16, 23, 26]]], [[24, [24, 31, 33, 28]]], [[22, [30, 32, 29, 25]]], [[34, [34, 9, 10]]], [[38, [38, 19]]], [[36, [36, 27]]], [[37, [37, 42, 35, 39]]], [[44, [44, 48, 49, 43]]], [[50, [50, 47, 46]]], [[41, [41, 45, 40]]]]]",1276.50812582597,"[[[[0, [5, 4, 6]], [6, []], [5, []], [4, []], [12, [12, 17, 13]], [23, [23, 9]], [17, [10, 18]], [13, []], [18, []], [33, [33, 25, 22, 32]], [20, [20]], [25, []], [38, [38, 34, 35, 37]], [34, []], [35, []], [10, []], [9, []], [22, []], [37, []], [32, []], [50, [50, 42, 39, 47]], [42, []], [39, []], [47, []], [29, [29]], [46, [46]]], [[0, [1, 3]], [2, [2]], [1, []], [16, [16, 8, 11, 15]], [14, [14, 19, 7]], [8, []], [21, [21, 26]], [3, []], [11, [30, 28]], [26, []], [30, []], [15, []], [19, []], [28, []], [31, [31, 36, 24, 27]], [36, []], [24, []], [7, []], [44, [44, 48, 49, 43]], [48, []], [49, []], [43, []], [27, []], [41, [41, 45, 40]], [45, []], [40, []]]], [[[2, [2]]], [[12, [12, 17, 13]]], [[16, [16, 8, 11, 15]]], [[14, [14, 19, 7]]], [[23, [23, 9]]], [[17, [10, 18]]], [[21, [21, 26]]], [[33, [33, 25, 22, 32]]], [[20, [20]]], [[11, [30, 28]]], [[31, [31, 36, 24, 27]]], [[38, [38, 34, 35, 37]]], [[44, [44, 48, 49, 43]]], [[50, [50, 42, 39, 47]]], [[29, [29]]], [[46, [46]], [41, [41, 45, 40]]]]]",56.172582792326104,0,14,3.0714285714285716,54.088439418281375,1,16,2.8125,,,
712,test_data/data_demand_random_50_batch_all1_equal_random/C201_3.dat,4,120,5,1203.0512483795333,"[[[[0, [1]], [11, [11, 17]], [10, [10, 16]], [1, []], [31, [31, 26, 25, 30]], [30, []], [20, [20]], [17, []], [35, [35, 34, 29]], [39, [39]], [26, []], [25, []], [34, []], [29, []], [46, [46, 47, 44, 36]], [47, []], [44, []], [36, []], [16, []]], [[0, [2, 5, 3]], [2, [6, 14, 13, 4]], [5, []], [4, []], [24, [24, 21, 7, 8]], [21, []], [3, []], [6, []], [7, []], [14, []], [13, []], [23, [23, 33, 28]], [15, [15, 19, 18]], [8, []], [33, []], [19, []], [28, []], [18, []], [27, [27, 38, 12, 9]], [38, []], [42, [42, 32, 37, 22]], [12, []], [32, []], [9, []], [37, []], [22, []], [50, [50, 48, 43, 49]], [43, []], [49, []], [48, []], [41, [41, 45, 40]], [45, []], [40, []]]], [[[2, [6, 14, 13, 4]]], [[11, [11, 17]]], [[10, [10, 16]]], [[24, [24, 21, 7, 8]]], [[31, [31, 26, 25, 30]]], [[20, [20]]], [[23, [23, 33, 28]]], [[15, [15, 19, 18]]], [[35, [35, 34, 29]]], [[27, [27, 38, 12, 9]]], [[39, [39]]], [[42, [42, 32, 37, 22]]], [[46, [46, 47, 44, 36]]], [[50, [50, 48, 43, 49]]], [[41, [41, 45, 40]]]]]",,,53.34525939028052,0,15,3.066666666666667,,,,,,(not found),
713,test_data/data_demand_random_50_batch_all1_equal_random/C201_3.dat,8,60,4,1202.2982212813472,"[[[[0, [5, 3]], [17, [17, 8, 18, 19, 16]], [8, []], [18, []], [19, []], [3, []], [16, []], [5, []], [25, [25, 23, 20, 29]], [23, []], [20, [27, 28, 38, 34, 32]], [27, []], [28, []], [38, []], [39, [39]], [29, []], [46, [46, 47, 50, 42, 45, 40]], [47, []], [34, []], [32, []], [50, []], [42, []], [45, []], [40, []]], [[0, [1, 6, 2]], [13, [13, 14, 12, 9, 10, 11, 15, 7]], [14, []], [1, []], [12, []], [26, [26, 4, 21]], [24, [24]], [4, []], [21, []], [6, []], [2, []], [31, [31]], [35, [35, 37, 22, 30, 33, 36]], [9, []], [37, []], [22, []], [10, []], [11, []], [30, []], [15, []], [33, []], [41, [41, 43, 49, 48, 44]], [43, []], [49, []], [48, []], [36, []], [7, []], [44, []]]], [[[13, [13, 14, 12, 9, 10, 11, 15, 7]]], [[17, [17, 8, 18, 19, 16]]], [[25, [25, 23, 20, 29]]], [[26, [26, 4, 21]]], [[24, [24]]], [[31, [31]]], [[20, [27, 28, 38, 34, 32]]], [[35, [35, 37, 22, 30, 33, 36]]], [[41, [41, 43, 49, 48, 44]]], [[39, [39]]], [[46, [46, 47, 50, 42, 45, 40]]]]]",,,39.61228823346808,0,11,4.090909090909091,,,,,,(not found),
714,test_data/data_demand_random_50_batch_all1_equal_random/C201_3.dat,8,90,1,1196.04834939252,"[[[[0, [14, 11, 12]], [14, []], [11, []], [12, []], [18, [18, 15]], [15, []], [24, [24, 17, 19, 23, 13]], [13, []], [17, []], [31, [31, 28, 27, 33, 29]], [19, []], [28, []], [27, [38, 34]], [33, []], [38, []], [23, []], [34, []], [29, []], [46, [46, 39, 50, 42, 40, 47]], [47, []], [39, []], [50, []], [42, []], [40, []]], [[0, [1, 5, 2, 6, 4, 3]], [16, [16, 10, 8]], [1, []], [5, []], [2, []], [20, [20, 32, 21]], [30, [30, 26, 25, 22, 9, 7]], [26, []], [25, []], [35, [35, 37, 36]], [22, []], [9, []], [32, []], [37, []], [10, []], [3, []], [21, []], [6, []], [44, [44, 48, 43, 49, 41, 45]], [7, []], [4, []], [36, []], [48, []], [8, []], [43, []], [49, []], [41, []], [45, []]]], [[[16, [16, 10, 8]]], [[18, [18, 15]]], [[24, [24, 17, 19, 23, 13]]], [[20, [20, 32, 21]]], [[31, [31, 28, 27, 33, 29]]], [[30, [30, 26, 25, 22, 9, 7]]], [[35, [35, 37, 36]]], [[27, [38, 34]]], [[46, [46, 39, 50, 42, 40, 47]]], [[44, [44, 48, 43, 49, 41, 45]]]]]",,,48.02626783672404,0,10,4.1,,,,,,(not found),
715,test_data/data_demand_random_50_batch_all1_equal_random/C201_3.dat,8,90,2,1196.04834939252,"[[[[0, [1, 5]], [5, []], [14, [14, 10, 12]], [10, []], [12, []], [9, [9, 11, 13, 15, 17]], [11, []], [13, []], [15, []], [17, []], [28, [28, 27, 24, 32, 22]], [27, []], [24, []], [35, [35]], [41, [41, 42, 38, 37, 39]], [42, []], [38, []], [50, [50, 47, 46]], [32, []], [22, []], [37, []], [39, []], [47, []], [46, []], [1, []]], [[0, [3, 2, 4]], [3, []], [2, []], [7, [7]], [16, [16, 19, 8, 18, 6]], [19, []], [8, []], [18, []], [20, [20, 25]], [25, [30, 29, 26, 23, 21, 31]], [30, []], [29, []], [34, [34]], [26, []], [23, []], [40, [40, 36]], [4, []], [36, []], [21, []], [31, []], [6, []], [44, [44, 48, 43, 49, 33, 45]], [48, []], [43, []], [49, []], [33, []], [45, []]]], [[[14, [14, 10, 12]]], [[7, [7]]], [[16, [16, 19, 8, 18, 6]]], [[9, [9, 11, 13, 15, 17]]], [[20, [20, 25]]], [[25, [30, 29, 26, 23, 21, 31]]], [[28, [28, 27, 24, 32, 22]]], [[34, [34]]], [[40, [40, 36]]], [[35, [35]]], [[41, [41, 42, 38, 37, 39]]], [[44, [44, 48, 43, 49, 33, 45]]], [[50, [50, 47, 46]]]]]",,,49.77162419828123,0,13,3.4615384615384617,,,,,,(not found),
716,test_data/data_demand_random_50_batch_all1_equal_random/C201_3.dat,8,90,3,1196.04834939252,"[[[[0, [1]], [12, [12, 8, 9, 11, 14]], [8, []], [9, []], [11, []], [14, []], [15, [15, 17, 25, 22, 26, 23]], [17, []], [23, []], [38, [38, 29, 37, 35, 32]], [25, []], [29, []], [39, [39]], [37, []], [22, []], [32, []], [50, [50, 42, 47, 46]], [42, []], [35, []], [26, []], [47, []], [46, []], [1, []]], [[0, [5, 2, 3]], [5, []], [2, []], [3, [6, 4, 13]], [7, [7, 16, 18, 10, 19]], [6, []], [4, []], [16, []], [13, []], [18, []], [20, [20]], [19, []], [28, [28, 27, 33, 30, 24]], [27, []], [33, []], [30, []], [10, []], [34, [34, 36, 21, 31]], [36, []], [24, []], [44, [44, 48, 49, 43, 41, 45, 40]], [21, []], [31, []], [48, []], [49, []], [43, []], [41, []], [45, []], [40, []]]], [[[3, [6, 4, 13]]], [[12, [12, 8, 9, 11, 14]]], [[7, [7, 16, 18, 10, 19]]], [[20, [20]]], [[15, [15, 17, 25, 22, 26, 23]]], [[28, [28, 27, 33, 30, 24]]], [[34, [34, 36, 21, 31]]], [[38, [38, 29, 37, 35, 32]]], [[39, [39]]], [[44, [44, 48, 49, 43, 41, 45, 40]]], [[50, [50, 42, 47, 46]]]]]",,,60.67139661789148,0,11,4.181818181818182,,,,,,(not found),
717,test_data/data_demand_random_50_batch_all1_equal_random/C201_3.dat,8,90,4,1198.0512483795333,"[[[[0, [3, 4, 1]], [17, [17, 8, 19, 14]], [8, []], [19, []], [24, [24]], [3, [23, 28, 21, 31, 29]], [4, []], [14, []], [23, []], [28, []], [21, []], [36, [36, 40, 39, 34]], [31, []], [40, []], [1, []], [39, []], [34, []], [47, [47, 46, 44]], [29, []], [46, []], [44, []]], [[0, [6, 2, 5]], [6, []], [2, []], [18, [18, 13, 7, 16, 15, 10, 11, 9]], [13, []], [7, []], [16, []], [5, []], [26, [26, 33, 20, 32, 22, 25, 30, 12]], [33, []], [15, []], [20, []], [10, []], [11, []], [32, []], [22, []], [9, []], [37, [37, 35, 27]], [25, [42, 38]], [35, []], [30, []], [12, []], [50, [50, 49, 43, 48, 41, 45]], [42, []], [38, []], [49, []], [43, []], [27, []], [48, []], [41, []], [45, []]]], [[[17, [17, 8, 19, 14]]], [[18, [18, 13, 7, 16, 15, 10, 11, 9]]], [[26, [26, 33, 20, 32, 22, 25, 30, 12]]], [[24, [24]]], [[3, [23, 28, 21, 31, 29]]], [[37, [37, 35, 27]]], [[36, [36, 40, 39, 34]]], [[25, [42, 38]]], [[47, [47, 46, 44]]], [[50, [50, 49, 43, 48, 41, 45]]]]]",,,50.38962026650483,0,10,4.4,,,,,,(not found),
718,test_data/data_demand_random_50_batch_all1_equal_random/C201_3.dat,8,90,5,1190.6124969497314,"[[[[0, []], [14, [14, 10, 11, 15, 19, 12, 8, 18]], [12, []], [10, []], [11, []], [8, []], [18, []], [15, []], [19, []], [28, [28, 33, 17, 23, 25, 22]], [33, []], [17, []], [23, []], [25, []], [35, [35, 30, 37, 29, 34, 32]], [30, []], [22, []], [37, []], [39, [39]], [29, []], [46, [46, 47, 50, 45, 40]], [47, []], [34, []], [32, []], [50, []], [45, []], [40, []]], [[0, [6, 1, 4, 5, 3, 2]], [5, []], [9, [9, 7, 13]], [3, []], [2, []], [6, []], [16, [16]], [13, []], [26, [26, 21, 24, 31, 20, 27]], [1, []], [21, []], [24, []], [31, []], [4, []], [42, [42]], [38, [38, 41, 36]], [20, []], [41, []], [27, []], [43, [43, 49, 48, 44]], [49, []], [48, []], [36, []], [7, []], [44, []]]], [[[14, [14, 10, 11, 15, 19, 12, 8, 18]]], [[9, [9, 7, 13]]], [[16, [16]]], [[26, [26, 21, 24, 31, 20, 27]]], [[28, [28, 33, 17, 23, 25, 22]]], [[35, [35, 30, 37, 29, 34, 32]]], [[42, [42]]], [[38, [38, 41, 36]]], [[39, [39]]], [[46, [46, 47, 50, 45, 40]]], [[43, [43, 49, 48, 44]]]]]",1271.2175759861784,"[[[[0, [1]], [17, [17, 8, 9, 12, 10, 11, 14, 18]], [8, []], [9, []], [20, [20, 25, 26]], [12, []], [10, [32, 30, 29, 22, 23]], [11, []], [32, []], [35, [35]], [14, []], [18, []], [38, [38]], [30, [39, 34, 37, 42]], [25, []], [26, []], [1, []], [39, []], [29, []], [46, [46, 47, 50, 45]], [47, []], [34, []], [37, []], [22, []], [50, []], [42, []], [45, []], [23, []]], [[0, [3, 5, 6, 4, 2]], [3, []], [5, []], [19, [19, 15, 13, 16, 7]], [15, []], [13, []], [6, []], [21, [21, 33, 24, 31, 27, 28]], [33, []], [4, []], [36, [36, 40, 41]], [16, []], [24, []], [31, []], [40, []], [41, []], [27, []], [28, []], [43, [43, 49, 48, 44]], [49, []], [48, []], [7, []], [2, []], [44, []]]], [[[17, [17, 8, 9, 12, 10, 11, 14, 18]]], [[19, [19, 15, 13, 16, 7]]], [[21, [21, 33, 24, 31, 27, 28]]], [[20, [20, 25, 26]]], [[10, [32, 30, 29, 22, 23]]], [[35, [35]]], [[38, [38]]], [[30, [39, 34, 37, 42]], [36, [36, 40, 41]]], [[46, [46, 47, 50, 45]]], [[43, [43, 49, 48, 44]]]]]",54.03122712694781,0,11,4.0,58.076323878935064,1,10,4.4,,,
719,test_data/data_demand_random_50_batch_all1_equal_random/C201_3.dat,8,120,1,1196.04834939252,"[[[[0, []], [18, [18, 19, 16, 8]], [16, []], [25, [25, 33, 31, 21, 27, 28]], [28, []], [19, []], [33, []], [8, []], [31, []], [36, [36, 41, 40]], [21, []], [44, [44, 48, 43, 49, 45]], [48, []], [43, []], [49, []], [27, []], [41, []], [45, []], [40, []]], [[0, [1, 3, 6, 2, 4, 5]], [1, []], [3, []], [6, []], [2, []], [5, []], [14, [14, 17, 15, 13, 10, 11, 12, 9]], [17, []], [15, []], [23, [23, 7]], [7, []], [4, []], [24, [24, 20, 30, 32, 22, 29, 26]], [13, []], [20, []], [30, []], [34, [34]], [26, []], [10, []], [11, []], [12, []], [38, [38, 42, 37, 35, 39]], [42, []], [50, [50, 47, 46]], [32, []], [9, []], [22, []], [37, []], [35, []], [39, []], [47, []], [29, []], [46, []]]], [[[14, [14, 17, 15, 13, 10, 11, 12, 9]]], [[18, [18, 19, 16, 8]]], [[23, [23, 7]]], [[25, [25, 33, 31, 21, 27, 28]]], [[24, [24, 20, 30, 32, 22, 29, 26]]], [[34, [34]]], [[38, [38, 42, 37, 35, 39]]], [[36, [36, 41, 40]]], [[44, [44, 48, 43, 49, 45]]], [[50, [50, 47, 46]]]]]",,,49.40229422905342,0,10,4.4,,,,,,(not found),
720,test_data/data_demand_random_50_batch_all1_equal_random/C201_3.dat,8,120,2,1198.0512483795333,"[[[[0, [6]], [15, [15, 18]], [6, []], [21, [21, 26, 27, 28]], [31, [31, 30, 29]], [27, []], [28, []], [18, []], [30, []], [39, [39, 35, 34]], [26, []], [35, []], [29, []], [46, [46, 47, 44]], [47, []], [34, []], [44, []]], [[0, [4, 5, 2, 1, 3]], [4, []], [5, []], [1, []], [7, [7, 9, 13, 11, 12]], [2, []], [3, []], [13, []], [10, [10, 14, 17, 16, 19, 8]], [11, []], [19, []], [8, []], [14, []], [20, [20, 24, 22, 33, 23, 25, 32]], [17, []], [23, []], [25, []], [16, []], [24, []], [36, [36, 37, 42, 38, 41, 40]], [37, []], [22, []], [9, []], [32, []], [50, [50, 43, 49, 48, 45]], [12, []], [42, []], [38, []], [33, []], [43, []], [49, []], [48, []], [41, []], [45, []], [40, []]]], [[[7, [7, 9, 13, 11, 12]]], [[10, [10, 14, 17, 16, 19, 8]]], [[15, [15, 18]]], [[21, [21, 26, 27, 28]]], [[31, [31, 30, 29]]], [[20, [20, 24, 22, 33, 23, 25, 32]]], [[36, [36, 37, 42, 38, 41, 40]]], [[39, [39, 35, 34]]], [[46, [46, 47, 44]]], [[50, [50, 43, 49, 48, 45]]]]]",1220.0,"[[[[0, [6]], [11, [11]], [17, [17, 8, 19, 15, 16, 14, 18, 2]], [7, [7, 13]], [13, []], [2, []], [6, []], [21, [21, 28, 33, 31, 23, 20, 30, 27]], [8, []], [28, []], [19, []], [15, []], [33, []], [16, []], [31, []], [36, [36, 35]], [23, [42, 38, 41, 40]], [20, []], [14, []], [35, []], [30, []], [50, [50, 43, 49, 48, 45]], [42, []], [38, []], [18, []], [43, []], [49, []], [27, []], [48, []], [41, []], [45, []], [40, []]], [[0, [4, 3, 1, 5]], [12, [12, 10, 9]], [4, []], [24, [24, 25, 26, 22, 32, 29]], [3, []], [1, []], [5, []], [25, []], [26, []], [10, []], [9, []], [22, []], [37, [37, 34, 39]], [32, []], [34, []], [29, []], [46, [46, 47, 44]], [47, []], [39, []], [44, []]]], [[[11, [11]]], [[12, [12, 10, 9]]], [[17, [17, 8, 19, 15, 16, 14, 18, 2]]], [[7, [7, 13]]], [[21, [21, 28, 33, 31, 23, 20, 30, 27]]], [[24, [24, 25, 26, 22, 32, 29]]], [[36, [36, 35]]], [[23, [42, 38, 41, 40]], [37, [37, 34, 39]]], [[46, [46, 47, 44]]], [[50, [50, 43, 49, 48, 45]]]]]",50.941457204039395,0,10,4.4,55.556499724289594,1,10,4.5,,,
721,test_data/data_demand_random_50_batch_all1_equal_random/C201_3.dat,8,120,3,1190.6124969497314,"[[[[0, [5, 4, 6, 3, 1]], [5, []], [14, [14, 16, 15, 9, 10, 12, 11]], [4, []], [6, []], [3, []], [16, []], [26, [26, 25]], [25, []], [1, [23, 33, 22, 32, 29]], [23, []], [33, []], [15, []], [38, [38, 35, 37, 34]], [35, []], [37, []], [22, []], [9, []], [32, []], [10, []], [34, []], [29, []], [46, [46, 47, 39, 50, 45]], [47, []], [39, []], [50, []], [12, []], [11, []], [45, []]], [[0, [2]], [2, []], [18, [18, 19, 13, 8, 7, 17]], [19, []], [13, []], [8, []], [7, []], [31, [31, 21, 28, 30, 27, 24, 20]], [21, []], [28, []], [20, []], [40, [40, 42, 41, 36]], [17, []], [30, []], [42, []], [41, []], [27, []], [43, [43, 49, 44, 48]], [49, []], [48, []], [36, []], [24, []], [44, []]]], [[[18, [18, 19, 13, 8, 7, 17]]], [[14, [14, 16, 15, 9, 10, 12, 11]]], [[31, [31, 21, 28, 30, 27, 24, 20]]], [[26, [26, 25]]], [[1, [23, 33, 22, 32, 29]]], [[38, [38, 35, 37, 34]]], [[40, [40, 42, 41, 36]]], [[46, [46, 47, 39, 50, 45]]], [[43, [43, 49, 44, 48]]]]]",,,46.64380663386036,0,9,4.888888888888889,,,,,,(not found),
722,test_data/data_demand_random_50_batch_all1_equal_random/C201_3.dat,8,120,4,1196.04834939252,"[[[[0, [5, 2, 4, 3, 6]], [2, []], [4, []], [7, [7]], [13, [13, 8]], [8, []], [5, []], [20, [20, 26, 31, 24, 21, 27, 23, 33]], [33, []], [28, [28]], [38, [38, 36]], [26, []], [31, []], [36, []], [24, []], [3, []], [21, []], [6, []], [44, [44, 48, 43, 49, 41, 45, 40]], [48, []], [27, []], [43, []], [49, []], [41, []], [45, []], [23, []], [40, []]], [[0, [1]], [11, [11, 18, 15, 19, 17, 14, 10, 16]], [12, [12, 9]], [18, []], [15, []], [19, []], [17, []], [14, []], [16, []], [25, [25, 29, 22, 32, 30]], [29, []], [34, [34, 37, 35]], [10, []], [37, []], [35, []], [39, [39]], [9, []], [22, []], [32, [50, 42, 46, 47]], [50, []], [42, []], [30, []], [46, []], [47, []], [1, []]]], [[[7, [7]]], [[11, [11, 18, 15, 19, 17, 14, 10, 16]]], [[13, [13, 8]]], [[12, [12, 9]]], [[20, [20, 26, 31, 24, 21, 27, 23, 33]]], [[25, [25, 29, 22, 32, 30]]], [[28, [28]]], [[34, [34, 37, 35]]], [[38, [38, 36]]], [[39, [39]]], [[44, [44, 48, 43, 49, 41, 45, 40]]], [[32, [50, 42, 46, 47]]]]]",1201.7099202643649,"[[[[0, [2]], [13, [13, 16, 19, 15, 8, 18, 17, 14]], [16, []], [14, []], [17, []], [22, [22, 20, 30]], [30, []], [20, []], [19, []], [15, []], [8, []], [18, []], [33, [33, 24, 27, 36]], [36, []], [24, []], [2, []], [44, [44, 48, 49, 43, 45, 41, 40]], [48, []], [27, []], [49, []], [43, []], [41, []], [45, []], [40, []]], [[0, [3, 5, 4, 6, 1]], [3, []], [7, [7, 11, 10, 9, 12]], [11, []], [5, []], [4, []], [6, []], [25, [25, 26, 23, 21]], [1, [31, 28, 32]], [26, []], [23, []], [21, []], [31, []], [28, []], [38, [38, 42, 34, 29, 37, 35]], [42, []], [35, []], [10, []], [9, []], [37, []], [32, []], [50, [50, 46, 47, 39]], [12, []], [34, []], [46, []], [29, []], [47, []], [39, []]]], [[[13, [13, 16, 19, 15, 8, 18, 17, 14]]], [[7, [7, 11, 10, 9, 12]]], [[25, [25, 26, 23, 21]]], [[1, [31, 28, 32]], [22, [22, 20, 30]]], [[33, [33, 24, 27, 36]]], [[38, [38, 42, 34, 29, 37, 35]]], [[44, [44, 48, 49, 43, 45, 41, 40]]], [[50, [50, 46, 47, 39]]]]]",55.79472158295495,0,12,3.6666666666666665,58.172389856756105,1,8,5.5,,,
