job_id,instance,A,L,run_index,best_fitness,best_solution,best_multi_fitness,best_multi_solution,best_drone_avg_trip_time,best_multi_visit_trip_count,best_drone_trip_count,best_avg_customers_per_trip,best_multi_drone_avg_trip_time,best_multi_multi_visit_trip_count,best_multi_drone_trip_count,best_multi_avg_customers_per_trip,best_solution_file,best_multi_solution_file,log,best_avg_truck_wait_per_trip,best_avg_drone_wait_per_trip,best_multi_avg_truck_wait_per_trip,best_multi_avg_drone_wait_per_trip
1,test_data/data_demand_random_50_batch_all1_equal_cluster/C101_0.5.dat,4,60,1,473,"[[[[0, [11, 13, 14, 12, 32, 31, 10, 9, 8, 29, 30, 16, 15, 4, 3, 28, 27, 26, 25, 24, 23, 22, 1]], [11, [36, 35, 38, 37]], [13, []], [14, []], [12, []], [32, []], [31, []], [10, [46, 47, 48, 49]], [9, []], [8, []], [29, []], [30, []], [46, []], [47, []], [48, []], [49, []], [16, []], [15, []], [4, []], [3, []], [36, []], [35, []], [28, []], [37, []], [38, []], [27, []], [26, []], [25, []], [24, []], [23, []], [22, []], [1, []]], [[0, [6, 21, 39, 40, 41, 42, 43, 20, 19, 18, 17, 34, 33, 7, 5, 2]], [6, [50, 45, 44]], [21, []], [39, []], [40, []], [41, []], [42, []], [43, []], [50, []], [20, []], [19, []], [18, []], [17, []], [45, []], [44, []], [34, []], [33, []], [7, []], [5, []], [2, []]]], [[[6, [50, 45, 44]]], [[11, [36, 35, 38, 37]]], [[10, [46, 47, 48, 49]]]]]",,,32.74051352,0,3,3.666666667,,,,,results/sol_best_C101_0.5.dat_A4_L60_pid2676.txt,(not found),,0.333333333,0,,
2,test_data/data_demand_random_50_batch_all1_equal_cluster/C101_0.5.dat,4,90,1,473,"[[[[0, [11, 13, 14, 12, 32, 31, 10, 9, 8, 29, 30, 16, 15, 4, 3, 28, 27, 26, 25, 24, 23, 22, 1]], [11, [36, 35, 38, 37]], [13, []], [14, []], [12, []], [32, []], [31, []], [10, [46, 47, 48, 49]], [9, []], [8, []], [29, []], [30, []], [46, []], [47, []], [48, []], [49, []], [16, []], [15, []], [4, []], [3, []], [36, []], [35, []], [28, []], [37, []], [38, []], [27, []], [26, []], [25, []], [24, []], [23, []], [22, []], [1, []]], [[0, [6, 21, 39, 40, 41, 42, 43, 20, 19, 18, 17, 34, 33, 7, 5, 2]], [6, [50, 45, 44]], [21, []], [39, []], [40, []], [41, []], [42, []], [43, []], [50, []], [20, []], [19, []], [18, []], [17, []], [45, []], [44, []], [34, []], [33, []], [7, []], [5, []], [2, []]]], [[[6, [50, 45, 44]]], [[11, [36, 35, 38, 37]]], [[10, [46, 47, 48, 49]]]]]",,,32.74051352,0,3,3.666666667,,,,,results/sol_best_C101_0.5.dat_A4_L60_pid2676.txt,,A4L90<=A4L60,0.333333333,0,,
3,test_data/data_demand_random_50_batch_all1_equal_cluster/C101_0.5.dat,4,120,1,473,"[[[[0, [11, 13, 14, 12, 32, 31, 10, 9, 8, 29, 30, 16, 15, 4, 3, 28, 27, 26, 25, 24, 23, 22, 1]], [11, [36, 35, 38, 37]], [13, []], [14, []], [12, []], [32, []], [31, []], [10, [46, 47, 48, 49]], [9, []], [8, []], [29, []], [30, []], [46, []], [47, []], [48, []], [49, []], [16, []], [15, []], [4, []], [3, []], [36, []], [35, []], [28, []], [37, []], [38, []], [27, []], [26, []], [25, []], [24, []], [23, []], [22, []], [1, []]], [[0, [6, 21, 39, 40, 41, 42, 43, 20, 19, 18, 17, 34, 33, 7, 5, 2]], [6, [50, 45, 44]], [21, []], [39, []], [40, []], [41, []], [42, []], [43, []], [50, []], [20, []], [19, []], [18, []], [17, []], [45, []], [44, []], [34, []], [33, []], [7, []], [5, []], [2, []]]], [[[6, [50, 45, 44]]], [[11, [36, 35, 38, 37]]], [[10, [46, 47, 48, 49]]]]]",,,32.74051352,0,3,3.666666667,,,,,results/sol_best_C101_0.5.dat_A4_L60_pid2676.txt,,A4L120<=A4L90,0.333333333,0,,
4,test_data/data_demand_random_50_batch_all1_equal_cluster/C101_0.5.dat,8,60,1,473,"[[[[0, [11, 13, 14, 12, 32, 31, 10, 9, 8, 29, 30, 16, 15, 4, 3, 28, 27, 26, 25, 24, 23, 22, 1]], [11, [36, 35, 38, 37]], [13, []], [14, []], [12, []], [32, []], [31, []], [10, [46, 47, 48, 49]], [9, []], [8, []], [29, []], [30, []], [46, []], [47, []], [48, []], [49, []], [16, []], [15, []], [4, []], [3, []], [36, []], [35, []], [28, []], [37, []], [38, []], [27, []], [26, []], [25, []], [24, []], [23, []], [22, []], [1, []]], [[0, [6, 21, 39, 40, 41, 42, 43, 20, 19, 18, 17, 34, 33, 7, 5, 2]], [6, [50, 45, 44]], [21, []], [39, []], [40, []], [41, []], [42, []], [43, []], [50, []], [20, []], [19, []], [18, []], [17, []], [45, []], [44, []], [34, []], [33, []], [7, []], [5, []], [2, []]]], [[[6, [50, 45, 44]]], [[11, [36, 35, 38, 37]]], [[10, [46, 47, 48, 49]]]]]",,,32.74051352,0,3,3.666666667,,,,,results/sol_best_C101_0.5.dat_A4_L60_pid2676.txt,,A8L60<=A4L60,0.333333333,0,,
5,test_data/data_demand_random_50_batch_all1_equal_cluster/C101_0.5.dat,8,90,1,473,"[[[[0, [11, 13, 14, 12, 32, 31, 10, 9, 8, 29, 30, 16, 15, 4, 3, 28, 27, 26, 25, 24, 23, 22, 1]], [11, [36, 35, 38, 37]], [13, []], [14, []], [12, []], [32, []], [31, []], [10, [46, 47, 48, 49]], [9, []], [8, []], [29, []], [30, []], [46, []], [47, []], [48, []], [49, []], [16, []], [15, []], [4, []], [3, []], [36, []], [35, []], [28, []], [37, []], [38, []], [27, []], [26, []], [25, []], [24, []], [23, []], [22, []], [1, []]], [[0, [6, 21, 39, 40, 41, 42, 43, 20, 19, 18, 17, 34, 33, 7, 5, 2]], [6, [50, 45, 44]], [21, []], [39, []], [40, []], [41, []], [42, []], [43, []], [50, []], [20, []], [19, []], [18, []], [17, []], [45, []], [44, []], [34, []], [33, []], [7, []], [5, []], [2, []]]], [[[6, [50, 45, 44]]], [[11, [36, 35, 38, 37]]], [[10, [46, 47, 48, 49]]]]]",,,32.74051352,0,3,3.666666667,,,,,results/sol_best_C101_0.5.dat_A4_L60_pid2676.txt,,A8L90<=A4L90,0.333333333,0,,
6,test_data/data_demand_random_50_batch_all1_equal_cluster/C101_0.5.dat,8,120,1,473,"[[[[0, [11, 13, 14, 12, 32, 31, 10, 9, 8, 29, 30, 16, 15, 4, 3, 28, 27, 26, 25, 24, 23, 22, 1]], [11, [36, 35, 38, 37]], [13, []], [14, []], [12, []], [32, []], [31, []], [10, [46, 47, 48, 49]], [9, []], [8, []], [29, []], [30, []], [46, []], [47, []], [48, []], [49, []], [16, []], [15, []], [4, []], [3, []], [36, []], [35, []], [28, []], [37, []], [38, []], [27, []], [26, []], [25, []], [24, []], [23, []], [22, []], [1, []]], [[0, [6, 21, 39, 40, 41, 42, 43, 20, 19, 18, 17, 34, 33, 7, 5, 2]], [6, [50, 45, 44]], [21, []], [39, []], [40, []], [41, []], [42, []], [43, []], [50, []], [20, []], [19, []], [18, []], [17, []], [45, []], [44, []], [34, []], [33, []], [7, []], [5, []], [2, []]]], [[[6, [50, 45, 44]]], [[11, [36, 35, 38, 37]]], [[10, [46, 47, 48, 49]]]]]",,,32.74051352,0,3,3.666666667,,,,,results/sol_best_C101_0.5.dat_A4_L60_pid2676.txt,,A8L120<=A4L120,0.333333333,0,,
7,test_data/data_demand_random_50_batch_all1_equal_cluster/C101_1.5.dat,4,60,3,650,"[[[[0, [10, 11, 12, 25, 26, 24, 23, 22, 21, 27, 45, 44, 50, 49, 48, 47, 46, 35, 34, 6, 5, 3, 2, 1]], [10, []], [11, []], [12, []], [25, []], [26, []], [24, []], [23, []], [22, []], [21, []], [27, []], [45, []], [44, []], [50, []], [49, []], [48, []], [47, []], [46, []], [35, []], [34, []], [6, []], [5, []], [3, []], [2, []], [1, []]], [[0, [13, 20, 4, 9, 8, 7, 36, 37, 43, 42, 41, 39, 38, 40, 33, 29, 28, 30, 32, 31, 19, 18, 17, 16, 15, 14]], [13, []], [20, []], [4, []], [9, []], [8, []], [7, []], [36, []], [37, []], [43, []], [42, []], [41, []], [39, []], [38, []], [40, []], [33, []], [29, []], [28, []], [30, []], [32, []], [31, []], [19, []], [18, []], [17, []], [16, []], [15, []], [14, []]]], []]",,,0,0,0,0,,,,,results/sol_best_C101_1.5.dat_A4_L60_pid2746.txt,(not found),,0,0,,
8,test_data/data_demand_random_50_batch_all1_equal_cluster/C101_1.5.dat,4,90,3,650,"[[[[0, [10, 11, 12, 25, 26, 24, 23, 22, 21, 27, 45, 44, 50, 49, 48, 47, 46, 35, 34, 6, 5, 3, 2, 1]], [10, []], [11, []], [12, []], [25, []], [26, []], [24, []], [23, []], [22, []], [21, []], [27, []], [45, []], [44, []], [50, []], [49, []], [48, []], [47, []], [46, []], [35, []], [34, []], [6, []], [5, []], [3, []], [2, []], [1, []]], [[0, [13, 20, 4, 9, 8, 7, 36, 37, 43, 42, 41, 39, 38, 40, 33, 29, 28, 30, 32, 31, 19, 18, 17, 16, 15, 14]], [13, []], [20, []], [4, []], [9, []], [8, []], [7, []], [36, []], [37, []], [43, []], [42, []], [41, []], [39, []], [38, []], [40, []], [33, []], [29, []], [28, []], [30, []], [32, []], [31, []], [19, []], [18, []], [17, []], [16, []], [15, []], [14, []]]], []]",,,0,0,0,0,,,,,results/sol_best_C101_1.5.dat_A4_L60_pid2746.txt,(not found),A4L90<=A4L60,0,0,,
9,test_data/data_demand_random_50_batch_all1_equal_cluster/C101_1.5.dat,4,120,3,650,"[[[[0, [10, 11, 12, 25, 26, 24, 23, 22, 21, 27, 45, 44, 50, 49, 48, 47, 46, 35, 34, 6, 5, 3, 2, 1]], [10, []], [11, []], [12, []], [25, []], [26, []], [24, []], [23, []], [22, []], [21, []], [27, []], [45, []], [44, []], [50, []], [49, []], [48, []], [47, []], [46, []], [35, []], [34, []], [6, []], [5, []], [3, []], [2, []], [1, []]], [[0, [13, 20, 4, 9, 8, 7, 36, 37, 43, 42, 41, 39, 38, 40, 33, 29, 28, 30, 32, 31, 19, 18, 17, 16, 15, 14]], [13, []], [20, []], [4, []], [9, []], [8, []], [7, []], [36, []], [37, []], [43, []], [42, []], [41, []], [39, []], [38, []], [40, []], [33, []], [29, []], [28, []], [30, []], [32, []], [31, []], [19, []], [18, []], [17, []], [16, []], [15, []], [14, []]]], []]",,,0,0,0,0,,,,,results/sol_best_C101_1.5.dat_A4_L60_pid2746.txt,(not found),A4L120<=A4L90,0,0,,
10,test_data/data_demand_random_50_batch_all1_equal_cluster/C101_1.5.dat,8,60,3,650,"[[[[0, [10, 11, 12, 25, 26, 24, 23, 22, 21, 27, 45, 44, 50, 49, 48, 47, 46, 35, 34, 6, 5, 3, 2, 1]], [10, []], [11, []], [12, []], [25, []], [26, []], [24, []], [23, []], [22, []], [21, []], [27, []], [45, []], [44, []], [50, []], [49, []], [48, []], [47, []], [46, []], [35, []], [34, []], [6, []], [5, []], [3, []], [2, []], [1, []]], [[0, [13, 20, 4, 9, 8, 7, 36, 37, 43, 42, 41, 39, 38, 40, 33, 29, 28, 30, 32, 31, 19, 18, 17, 16, 15, 14]], [13, []], [20, []], [4, []], [9, []], [8, []], [7, []], [36, []], [37, []], [43, []], [42, []], [41, []], [39, []], [38, []], [40, []], [33, []], [29, []], [28, []], [30, []], [32, []], [31, []], [19, []], [18, []], [17, []], [16, []], [15, []], [14, []]]], []]",,,0,0,0,0,,,,,results/sol_best_C101_1.5.dat_A4_L60_pid2746.txt,,A8L60<=A4L60,0,0,,
11,test_data/data_demand_random_50_batch_all1_equal_cluster/C101_1.5.dat,8,90,3,650,"[[[[0, [10, 11, 12, 25, 26, 24, 23, 22, 21, 27, 45, 44, 50, 49, 48, 47, 46, 35, 34, 6, 5, 3, 2, 1]], [10, []], [11, []], [12, []], [25, []], [26, []], [24, []], [23, []], [22, []], [21, []], [27, []], [45, []], [44, []], [50, []], [49, []], [48, []], [47, []], [46, []], [35, []], [34, []], [6, []], [5, []], [3, []], [2, []], [1, []]], [[0, [13, 20, 4, 9, 8, 7, 36, 37, 43, 42, 41, 39, 38, 40, 33, 29, 28, 30, 32, 31, 19, 18, 17, 16, 15, 14]], [13, []], [20, []], [4, []], [9, []], [8, []], [7, []], [36, []], [37, []], [43, []], [42, []], [41, []], [39, []], [38, []], [40, []], [33, []], [29, []], [28, []], [30, []], [32, []], [31, []], [19, []], [18, []], [17, []], [16, []], [15, []], [14, []]]], []]",,,0,0,0,0,,,,,results/sol_best_C101_1.5.dat_A4_L60_pid2746.txt,,A8L90<=A4L90,0,0,,
12,test_data/data_demand_random_50_batch_all1_equal_cluster/C101_1.5.dat,8,120,3,650,"[[[[0, [10, 11, 12, 25, 26, 24, 23, 22, 21, 27, 45, 44, 50, 49, 48, 47, 46, 35, 34, 6, 5, 3, 2, 1]], [10, []], [11, []], [12, []], [25, []], [26, []], [24, []], [23, []], [22, []], [21, []], [27, []], [45, []], [44, []], [50, []], [49, []], [48, []], [47, []], [46, []], [35, []], [34, []], [6, []], [5, []], [3, []], [2, []], [1, []]], [[0, [13, 20, 4, 9, 8, 7, 36, 37, 43, 42, 41, 39, 38, 40, 33, 29, 28, 30, 32, 31, 19, 18, 17, 16, 15, 14]], [13, []], [20, []], [4, []], [9, []], [8, []], [7, []], [36, []], [37, []], [43, []], [42, []], [41, []], [39, []], [38, []], [40, []], [33, []], [29, []], [28, []], [30, []], [32, []], [31, []], [19, []], [18, []], [17, []], [16, []], [15, []], [14, []]]], []]",,,0,0,0,0,,,,,results/sol_best_C101_1.5.dat_A4_L60_pid2746.txt,,A8L120<=A4L120,0,0,,
13,test_data/data_demand_random_50_batch_all1_equal_cluster/C201_0.5.dat,4,60,4,584,"[[[[0, [14, 17, 15, 33, 34, 29, 28, 35, 36, 37, 12, 13, 16, 11, 10]], [14, []], [31, [31, 32, 27, 38]], [32, []], [17, []], [16, []], [15, []], [12, []], [13, []], [27, [48, 49, 47, 30]], [33, []], [34, []], [48, []], [47, []], [49, []], [38, []], [30, []], [29, []], [28, []], [35, []], [36, []], [37, []], [19, [19]], [11, []], [10, []]], [[0, [22, 20, 5, 25, 39, 40, 23, 26, 7, 41, 24, 42, 8, 6, 9, 4, 1, 2, 3]], [5, [46, 45, 44, 43]], [8, []], [24, [50, 21, 18]], [23, []], [25, []], [39, []], [40, []], [26, []], [7, []], [6, []], [9, []], [41, []], [42, []], [50, []], [46, []], [45, []], [44, []], [43, []], [21, []], [22, []], [20, []], [18, []], [4, []], [1, []], [2, []], [3, []]]], [[[31, [31, 32, 27, 38]]], [[5, [46, 45, 44, 43]]], [[24, [50, 21, 18]]], [[27, [48, 49, 47, 30]]], [[19, [19]]]]]",,,41.25026831,0,5,3.2,,,,,,(not found),,0,0,,
14,test_data/data_demand_random_50_batch_all1_equal_cluster/C201_0.5.dat,4,90,4,518.4476332,"[[[[0, [1, 2]], [12, [12, 17, 16, 10]], [14, [14, 15, 13, 11]], [31, [31, 32, 29]], [32, []], [17, []], [16, []], [15, [48, 33, 35, 36]], [13, [27, 30, 34]], [27, [38, 49, 47, 28]], [30, []], [38, []], [49, []], [47, []], [48, []], [33, []], [34, []], [29, []], [28, []], [35, []], [36, []], [10, []], [11, []], [2, []], [1, []]], [[0, [6, 4, 3]], [5, [5, 9, 7, 8]], [6, []], [9, []], [7, []], [8, []], [23, [23, 26, 25, 24]], [26, []], [39, [39, 40, 21, 37]], [40, []], [25, []], [24, []], [20, [20, 45, 46, 22]], [21, []], [41, [41, 42, 19, 18]], [42, []], [22, []], [43, [43, 44, 50]], [44, []], [45, []], [46, []], [50, []], [37, []], [19, []], [18, []], [4, []], [3, []]]], [[[5, [5, 8, 9, 7]]], [[12, [12, 16, 10, 17]]], [[14, [14, 11, 13, 15]]], [[23, [23, 26, 25, 24]]], [[31, [31, 32, 29]]], [[39, [39, 40, 37, 21]]], [[15, [48, 33, 35, 36]]], [[13, [30, 27, 34]]], [[27, [38, 49, 47, 28]]], [[20, [20, 45, 46, 22]]], [[41, [41, 42, 19, 18]]], [[43, [43, 44, 50]]]]]",533.4071467,"[[[[0, [3, 4, 2, 1]], [5, [5, 7, 8, 6]], [9, [9]], [7, []], [8, []], [6, []], [23, [23, 26, 25, 24]], [26, []], [39, [39, 40, 21, 22]], [40, []], [25, []], [24, []], [22, []], [50, [50, 45, 43, 46]], [46, []], [45, []], [43, []], [44, [44, 20, 18]], [21, []], [42, [42, 41]], [41, []], [20, []], [18, []], [3, []], [4, []], [2, []], [1, []]], [[0, []], [11, [11]], [10, [10, 12, 14, 13]], [12, []], [14, [17, 16, 15]], [31, [31, 32, 37, 19]], [32, []], [17, []], [16, []], [15, [28, 30, 29, 38]], [13, []], [27, [27, 33, 34, 35]], [28, [48, 49, 47, 36]], [29, []], [33, []], [34, []], [48, []], [49, []], [47, []], [30, []], [38, []], [35, []], [36, []], [37, []], [19, []]]], [[[5, [5, 7, 8, 6]]], [[11, [11]], [9, [9]]], [[10, [10, 12, 14, 13]]], [[14, [17, 16, 15]]], [[23, [23, 26, 25, 24]]], [[31, [31, 32, 37, 19]]], [[39, [39, 40, 21, 22]]], [[15, [28, 30, 29, 38]]], [[27, [27, 33, 34, 35]]], [[28, [48, 49, 47, 36]]], [[50, [50, 45, 43, 46]]], [[44, [44, 20, 18]]], [[42, [42, 41]]]]]",46.08356419,0,12,3.75,49.64335853,1,13,3.538461538,,,,2.027868519,0,1.956297413,0
15,test_data/data_demand_random_50_batch_all1_equal_cluster/C201_0.5.dat,4,120,4,518.4476332,"[[[[0, [1, 2]], [12, [12, 17, 16, 10]], [14, [14, 15, 13, 11]], [31, [31, 32, 29]], [32, []], [17, []], [16, []], [15, [48, 33, 35, 36]], [13, [27, 30, 34]], [27, [38, 49, 47, 28]], [30, []], [38, []], [49, []], [47, []], [48, []], [33, []], [34, []], [29, []], [28, []], [35, []], [36, []], [10, []], [11, []], [2, []], [1, []]], [[0, [6, 4, 3]], [5, [5, 9, 7, 8]], [6, []], [9, []], [7, []], [8, []], [23, [23, 26, 25, 24]], [26, []], [39, [39, 40, 21, 37]], [40, []], [25, []], [24, []], [20, [20, 45, 46, 22]], [21, []], [41, [41, 42, 19, 18]], [42, []], [22, []], [43, [43, 44, 50]], [44, []], [45, []], [46, []], [50, []], [37, []], [19, []], [18, []], [4, []], [3, []]]], [[[5, [5, 8, 9, 7]]], [[12, [12, 16, 10, 17]]], [[14, [14, 11, 13, 15]]], [[23, [23, 26, 25, 24]]], [[31, [31, 32, 29]]], [[39, [39, 40, 37, 21]]], [[15, [48, 33, 35, 36]]], [[13, [30, 27, 34]]], [[27, [38, 49, 47, 28]]], [[20, [20, 45, 46, 22]]], [[41, [41, 42, 19, 18]]], [[43, [43, 44, 50]]]]]",685.4199089,"[[[[0, [1, 3]], [1, []], [11, [11]], [15, [15, 16, 17, 2]], [16, []], [17, []], [32, [32, 31, 14, 13]], [31, []], [14, [43, 44]], [13, []], [27, [27, 29, 30, 33]], [29, []], [30, []], [48, [48, 34, 41, 38]], [33, []], [34, []], [47, [47, 49, 45, 37]], [49, []], [38, []], [43, []], [44, []], [45, []], [41, []], [37, []], [3, []], [2, []]], [[0, [4]], [12, [12, 8, 9, 7]], [10, [10, 5, 6]], [5, []], [6, []], [8, []], [9, []], [23, [23, 25, 26, 24]], [25, []], [39, [39, 40, 28, 35]], [40, []], [26, []], [7, []], [24, []], [28, []], [35, []], [36, [36, 22, 21, 20]], [22, []], [46, [46, 42, 50, 18]], [42, []], [50, []], [21, []], [20, []], [18, []], [19, [19]], [4, []]]], [[[12, [12, 8, 9, 7]]], [[10, [10, 5, 6]], [11, [11]]], [[15, [15, 16, 17, 2]]], [[23, [23, 25, 26, 24]]], [[32, [32, 31, 14, 13]]], [[39, [39, 40, 28, 35]]], [[14, [43, 44]]], [[27, [27, 29, 30, 33]]], [[48, [48, 34, 41, 38]]], [[47, [47, 49, 45, 37]]], [[36, [36, 22, 21, 20]]], [[46, [46, 42, 50, 18]]], [[19, [19]]]]]",46.08356419,0,12,3.75,53.10658168,1,13,3.615384615,,,A4L120<=A4L90,2.027868519,0,4.255932419,0
16,test_data/data_demand_random_50_batch_all1_equal_cluster/C201_0.5.dat,8,60,3,504,"[[[[0, [1]], [1, []], [10, [10, 11, 9, 6, 8, 5, 7]], [11, []], [9, []], [6, []], [8, []], [5, [20, 24, 23, 25, 26, 39, 21, 22]], [20, [50, 46, 45, 44, 43, 40, 41, 42]], [21, []], [22, []], [50, []], [46, []], [45, []], [44, []], [43, []], [42, []], [41, []], [24, []], [23, []], [7, []], [25, []], [26, []], [40, []], [39, []]], [[0, [4, 3, 2]], [2, []], [12, [12, 14, 16, 15, 13, 17]], [14, []], [31, [31, 32, 27, 33, 19]], [32, []], [17, []], [16, []], [15, []], [13, []], [27, [48, 47, 49, 28, 34, 38, 30, 29]], [33, []], [34, []], [48, []], [47, []], [49, []], [38, []], [30, []], [29, []], [28, [35, 36, 37, 18]], [35, []], [36, []], [37, []], [19, []], [18, []], [4, []], [3, []]]], [[[10, [10, 11, 9, 6, 8, 5, 7]]], [[12, [12, 14, 16, 15, 13, 17]]], [[5, [20, 24, 23, 25, 26, 39, 21, 22]]], [[31, [31, 32, 27, 33, 19]]], [[20, [50, 46, 45, 44, 43, 40, 41, 42]]], [[27, [48, 47, 49, 28, 34, 38, 30, 29]]], [[28, [35, 36, 37, 18]]]]]",544.8458171,"[[[[0, [3]], [10, [10]], [14, [14, 16, 17, 13, 15]], [15, []], [16, []], [17, []], [31, [31, 32, 27, 33, 34, 38, 30, 29]], [32, []], [13, []], [27, [48, 47, 49, 28, 35, 36, 37]], [33, []], [34, []], [48, []], [47, []], [49, []], [38, []], [30, []], [29, []], [28, [45, 44, 43]], [35, []], [36, []], [37, []], [45, []], [44, []], [43, []], [3, []]], [[0, [2, 1]], [12, [12, 6, 7, 8, 5, 9, 4]], [11, [11, 22, 21, 20, 18, 19]], [1, []], [5, []], [9, []], [6, []], [23, [40, 39, 41, 42, 46, 50, 23, 26]], [7, []], [8, []], [40, []], [39, []], [26, []], [25, [25, 24]], [24, []], [41, []], [42, []], [46, []], [50, []], [22, []], [21, []], [20, []], [18, []], [19, []], [4, []], [2, []]]], [[[12, [12, 6, 7, 8, 5, 9, 4]], [10, [10]]], [[14, [14, 16, 17, 13, 15]]], [[11, [11, 22, 21, 20, 18, 19]]], [[31, [31, 32, 27, 33, 34, 38, 30, 29]]], [[23, [40, 39, 41, 42, 46, 50, 23, 26]]], [[25, [25, 24]]], [[27, [48, 47, 49, 28, 35, 36, 37]]], [[28, [45, 44, 43]]]]]",39.28942942,0,7,6.571428571,41.28465098,1,8,5.875,,,,0,0,3.900812115,0
17,test_data/data_demand_random_50_batch_all1_equal_cluster/C201_0.5.dat,8,90,5,487.6124969,"[[[[0, [4, 1, 2]], [12, [12, 13]], [13, []], [14, [14, 17, 16, 15, 19]], [31, [31, 32, 27, 30, 28, 34, 29, 33]], [32, []], [17, []], [16, []], [15, []], [27, []], [33, []], [34, []], [48, [48, 47, 38, 35, 36, 37]], [47, []], [49, [49]], [38, []], [30, []], [29, []], [28, []], [35, []], [36, []], [37, []], [19, []], [4, []], [2, []], [1, []]], [[0, [3]], [5, [5, 11, 10, 7, 8, 9, 6]], [9, []], [6, []], [7, []], [23, [23, 18, 24, 22, 21, 20, 25, 26]], [8, []], [25, []], [39, [39]], [40, [40, 41, 42, 50, 46, 45, 44, 43]], [26, []], [24, []], [41, []], [42, []], [50, []], [46, []], [45, []], [44, []], [43, []], [22, []], [21, []], [20, []], [18, []], [3, []], [11, []], [10, []]]], [[[5, [5, 11, 10, 7, 8, 9, 6]]], [[12, [12, 13]]], [[14, [14, 17, 16, 15, 19]]], [[23, [23, 18, 24, 22, 21, 20, 25, 26]]], [[31, [31, 32, 27, 30, 28, 34, 29, 33]]], [[39, [39]]], [[40, [40, 41, 42, 50, 46, 45, 44, 43]]], [[48, [48, 47, 38, 35, 36, 37]]], [[49, [49]]]]]",537.6568542,"[[[[0, []], [5, [5]], [11, [11, 13, 6, 9]], [27, [27, 17, 26, 25, 14, 15, 16]], [13, []], [14, []], [15, []], [16, []], [17, []], [32, [32, 31, 39, 40, 23, 24, 7, 8]], [31, []], [39, []], [40, []], [26, []], [25, []], [23, []], [24, []], [7, []], [8, []], [6, []], [9, []]], [[0, [4, 3, 1, 2]], [3, []], [1, []], [2, []], [10, [10, 12, 21, 19]], [12, []], [28, [28, 29, 30, 34, 33, 38, 35, 36]], [29, []], [30, []], [34, []], [33, []], [48, [48, 47, 49, 37, 43, 44, 45, 46]], [47, []], [49, []], [38, []], [35, []], [36, []], [37, []], [43, []], [44, []], [45, []], [46, []], [50, [50, 22, 20, 18, 42, 41]], [22, []], [21, []], [42, []], [41, []], [20, []], [18, []], [19, []], [4, []]]], [[[5, [5]]], [[10, [10, 12, 21, 19]], [11, [11, 13, 6, 9]]], [[27, [27, 17, 26, 25, 14, 15, 16]]], [[28, [28, 29, 30, 34, 33, 38, 35, 36]]], [[32, [32, 31, 39, 40, 23, 24, 7, 8]]], [[48, [48, 47, 49, 37, 43, 44, 45, 46]]], [[50, [50, 22, 20, 18, 42, 41]]]]]",51.84427209,0,9,5.111111111,51.81188432,1,7,6.571428571,,,,2.441464081,0,3.677149058,0
18,test_data/data_demand_random_50_batch_all1_equal_cluster/C201_0.5.dat,8,120,5,477.0688837,"[[[[0, [1]], [5, [5, 3, 6, 7, 8, 9]], [9, []], [6, []], [7, []], [8, []], [25, [25, 26, 24, 22, 21, 20, 18, 23]], [39, [39, 40, 41, 42, 11, 10]], [40, []], [26, [50, 46, 45, 44, 43]], [23, []], [24, []], [41, []], [42, []], [50, []], [46, []], [45, []], [44, []], [43, []], [22, []], [21, []], [20, []], [18, []], [3, []], [1, []], [11, []], [10, []]], [[0, [4, 2]], [15, [15, 16, 17, 14, 12, 13]], [16, []], [17, []], [32, [32, 31, 27, 33, 34, 19, 29]], [31, []], [14, []], [12, []], [13, []], [27, []], [33, []], [34, []], [48, [48, 49, 38, 30, 28, 35, 36, 37]], [47, [47]], [49, []], [38, []], [30, []], [29, []], [28, []], [35, []], [36, []], [37, []], [19, []], [4, []], [2, []]]], [[[5, [5, 3, 6, 7, 8, 9]]], [[15, [15, 16, 17, 14, 12, 13]]], [[25, [25, 26, 24, 22, 21, 20, 18, 23]]], [[32, [32, 31, 27, 33, 34, 19, 29]]], [[39, [39, 40, 41, 42, 11, 10]]], [[26, [50, 46, 45, 44, 43]]], [[48, [48, 49, 38, 30, 28, 35, 36, 37]]], [[47, [47]]]]]",,,56.1570405,0,8,5.875,,,,,,(not found),,5.639654138,0,,
19,test_data/data_demand_random_50_batch_all1_equal_cluster/C201_1.5.dat,4,60,3,816.6124969,"[[[[0, [8, 1]], [9, [9, 12, 15, 16]], [12, []], [15, []], [14, [14]], [22, [22, 13]], [32, [32, 33, 34, 35]], [33, []], [34, []], [35, []], [18, [18, 28, 31]], [8, []], [16, [45, 44, 43, 46]], [45, []], [44, []], [43, []], [13, [47, 48]], [28, []], [31, []], [46, []], [47, []], [48, []], [1, []]], [[0, [7, 4, 5, 6, 3]], [2, [2]], [5, []], [11, [11, 10]], [10, [24]], [17, [17, 26, 27, 30]], [7, []], [4, [29, 25, 36, 23]], [26, []], [27, []], [30, []], [29, []], [25, [39, 38, 37, 40]], [39, []], [6, []], [3, [41, 49, 50, 42]], [38, []], [37, []], [40, []], [41, []], [49, []], [50, []], [36, []], [42, []], [24, []], [23, []], [21, [21, 20, 19]], [20, []], [19, []]]], [[[2, [2]]], [[9, [9, 12, 15, 16]]], [[11, [11, 10]]], [[14, [14]]], [[10, [24]]], [[22, [22, 13]]], [[17, [17, 26, 27, 30]]], [[4, [29, 25, 36, 23]]], [[32, [32, 33, 34, 35]]], [[18, [18, 28, 31]]], [[25, [39, 38, 37, 40]]], [[3, [41, 49, 50, 42]]], [[16, [45, 44, 43, 46]]], [[21, [21, 20, 19]]], [[13, [47, 48]]]]]",,,38.81114616,0,15,2.866666667,,,,,,(not found),,8.781982648,0,,
20,test_data/data_demand_random_50_batch_all1_equal_cluster/C201_1.5.dat,4,90,5,746.3112887,"[[[[0, [5, 3]], [5, []], [3, []], [10, [10, 15, 9, 14]], [15, []], [9, []], [14, []], [16, [16, 12, 11, 19]], [12, []], [11, []], [19, []], [20, [20, 22, 31, 28]], [22, []], [37, [37, 38, 39]], [38, []], [39, []], [48, [48, 47, 46, 13]], [47, []], [46, []], [31, []], [28, []], [13, []], [43, [43, 44, 45]], [44, []], [45, []]], [[0, [6, 7, 1, 2]], [8, [8, 4]], [4, []], [6, []], [7, []], [1, []], [2, []], [30, [30, 29, 27, 26]], [29, []], [27, []], [26, []], [25, [25, 24, 23, 21]], [41, [41, 40, 42, 36]], [40, []], [24, []], [23, []], [42, []], [36, []], [49, [49, 50, 35, 18]], [50, []], [21, []], [18, []], [35, []], [34, [34, 33, 32, 17]], [33, []], [32, []], [17, []]]], [[[8, [8, 4]]], [[10, [10, 15, 9, 14]]], [[16, [16, 12, 11, 19]]], [[20, [20, 22, 31, 28]]], [[30, [30, 29, 27, 26]]], [[25, [25, 24, 23, 21]]], [[41, [41, 40, 42, 36]]], [[37, [37, 38, 39]]], [[48, [48, 47, 46, 13]]], [[49, [49, 50, 35, 18]]], [[34, [34, 33, 32, 17]]], [[43, [43, 44, 45]]]]]",803.0688837,"[[[[0, [1]], [11, [11, 13, 15, 10]], [13, []], [14, [14]], [15, []], [10, []], [9, [9, 18]], [18, []], [17, [17, 24, 21, 30]], [33, [33, 32, 34, 35]], [32, []], [34, []], [35, []], [24, []], [42, [42, 36, 41, 40]], [21, []], [36, []], [50, [50, 49, 37, 38]], [49, []], [41, []], [40, []], [37, []], [38, []], [39, [39, 48, 47, 46]], [48, []], [47, []], [46, []], [30, []], [29, [29]], [1, []]], [[0, [3, 2, 4, 7, 8]], [2, []], [7, []], [12, [12, 16, 6]], [5, [5]], [4, []], [22, [22, 20, 19, 23]], [6, [31, 27]], [26, [26, 28, 25]], [28, []], [31, []], [27, []], [25, []], [3, []], [20, []], [19, []], [23, []], [8, []], [16, []], [43, [43, 44, 45]], [44, []], [45, []]]], [[[11, [11, 13, 15, 10]]], [[12, [12, 16, 6]], [14, [14]]], [[5, [5]]], [[9, [9, 18]]], [[22, [22, 20, 19, 23]]], [[6, [31, 27]]], [[17, [17, 24, 21, 30]]], [[26, [26, 28, 25]]], [[33, [33, 32, 34, 35]]], [[42, [42, 36, 41, 40]]], [[43, [43, 44, 45]]], [[50, [50, 49, 37, 38]]], [[39, [39, 48, 47, 46]]], [[29, [29]]]]]",57.06388514,0,12,3.666666667,53.8542012,1,14,3.142857143,,,,16.143756187,0,4.923051183,1.137717365
21,test_data/data_demand_random_50_batch_all1_equal_cluster/C201_1.5.dat,4,120,5,746.3112887,"[[[[0, [5, 3]], [5, []], [3, []], [10, [10, 15, 9, 14]], [15, []], [9, []], [14, []], [16, [16, 12, 11, 19]], [12, []], [11, []], [19, []], [20, [20, 22, 31, 28]], [22, []], [37, [37, 38, 39]], [38, []], [39, []], [48, [48, 47, 46, 13]], [47, []], [46, []], [31, []], [28, []], [13, []], [43, [43, 44, 45]], [44, []], [45, []]], [[0, [6, 7, 1, 2]], [8, [8, 4]], [4, []], [6, []], [7, []], [1, []], [2, []], [30, [30, 29, 27, 26]], [29, []], [27, []], [26, []], [25, [25, 24, 23, 21]], [41, [41, 40, 42, 36]], [40, []], [24, []], [23, []], [42, []], [36, []], [49, [49, 50, 35, 18]], [50, []], [21, []], [18, []], [35, []], [34, [34, 33, 32, 17]], [33, []], [32, []], [17, []]]], [[[8, [8, 4]]], [[10, [10, 15, 9, 14]]], [[16, [16, 12, 11, 19]]], [[20, [20, 22, 31, 28]]], [[30, [30, 29, 27, 26]]], [[25, [25, 24, 23, 21]]], [[41, [41, 40, 42, 36]]], [[37, [37, 38, 39]]], [[48, [48, 47, 46, 13]]], [[49, [49, 50, 35, 18]]], [[34, [34, 33, 32, 17]]], [[43, [43, 44, 45]]]]]",811.503484,"[[[[0, [1, 2, 7, 5, 4, 3]], [4, []], [1, []], [2, []], [7, []], [10, [10, 13, 14, 16]], [16, []], [3, []], [5, []], [25, [25, 27, 28, 30]], [29, [29]], [27, []], [28, []], [31, [31, 26]], [38, [38]], [30, [48, 47, 46]], [48, []], [47, []], [46, []], [26, []], [13, []], [14, []], [43, [43, 44, 45]], [44, []], [45, []]], [[0, [6, 8]], [6, []], [15, [15, 11, 9]], [11, []], [12, [12]], [9, [17, 20, 22]], [8, []], [17, []], [20, []], [19, [19, 23, 24]], [23, []], [24, []], [22, []], [39, [39, 37, 40, 41]], [37, []], [40, []], [41, []], [42, [42, 49, 50, 36]], [49, []], [50, []], [36, []], [21, [21, 18]], [33, [33, 32, 34, 35]], [32, []], [34, []], [35, []], [18, []]]], [[[15, [15, 11, 9]]], [[10, [10, 13, 14, 16]]], [[12, [12]]], [[9, [17, 20, 22]]], [[25, [25, 27, 28, 30]]], [[29, [29]], [19, [19, 23, 24]]], [[31, [31, 26]]], [[39, [39, 37, 40, 41]]], [[38, [38]]], [[30, [48, 47, 46]]], [[42, [42, 49, 50, 36]]], [[21, [21, 18]]], [[33, [33, 32, 34, 35]]], [[43, [43, 44, 45]]]]]",57.06388514,0,12,3.666666667,57.03388237,1,14,3,,,A4L120<=A4L90,16.143756187,0,13.02708036,0
22,test_data/data_demand_random_50_batch_all1_equal_cluster/C201_1.5.dat,8,60,1,771.132746,"[[[[0, [8, 4]], [4, []], [12, [12]], [8, [23, 24, 22, 15, 16, 9]], [23, []], [24, []], [22, [29, 28, 26, 30, 31, 25]], [29, []], [28, []], [26, []], [30, []], [31, []], [15, []], [16, [44, 45, 43]], [44, []], [45, []], [43, []], [25, []], [9, []]], [[0, [7, 5, 3, 2, 6, 1]], [7, []], [2, []], [3, []], [6, []], [5, []], [13, [13, 11, 14, 19, 20, 17, 18, 10]], [11, []], [14, []], [10, []], [1, []], [19, []], [20, []], [17, [35, 33, 32, 34, 21, 27]], [35, []], [33, []], [32, []], [34, [36, 42, 41, 40, 37, 38, 39]], [18, []], [21, [50, 49, 48, 47, 46]], [36, []], [50, []], [49, []], [42, []], [41, []], [40, []], [37, []], [38, []], [39, []], [48, []], [47, []], [46, []], [27, []]]], [[[12, [12]]], [[8, [23, 24, 22, 15, 16, 9]]], [[13, [13, 11, 14, 19, 20, 17, 18, 10]]], [[22, [29, 28, 26, 30, 31, 25]]], [[17, [35, 33, 32, 34, 21, 27]]], [[34, [36, 42, 41, 40, 37, 38, 39]]], [[16, [44, 45, 43]]], [[21, [50, 49, 48, 47, 46]]]]]",,,40.88202823,0,8,5.25,,,,,,(not found),,6.230333277,0,,
23,test_data/data_demand_random_50_batch_all1_equal_cluster/C201_1.5.dat,8,90,1,741.3112887,"[[[[0, [3, 1]], [22, [22, 17, 18, 19, 20, 21, 23]], [17, []], [32, [32, 33, 34, 35, 36]], [33, []], [34, []], [35, []], [18, [42, 41, 24]], [19, []], [20, []], [21, []], [23, []], [36, []], [50, [50, 49, 40, 37, 38, 39]], [49, []], [42, []], [41, []], [24, []], [40, []], [37, []], [38, []], [39, []], [3, []], [1, []]], [[0, [7, 6, 5, 2, 4, 8]], [7, []], [4, []], [8, []], [6, []], [5, []], [2, []], [12, [12]], [10, [10, 16, 13, 9, 15, 14, 11]], [11, []], [16, []], [13, []], [9, []], [29, [29, 31, 30, 25, 27, 26, 28]], [31, []], [30, []], [25, []], [48, [48, 47, 46, 43, 44, 45]], [47, []], [46, []], [27, []], [26, []], [28, []], [15, []], [14, []], [43, []], [44, []], [45, []]]], [[[12, [12]]], [[10, [10, 16, 13, 9, 15, 14, 11]]], [[22, [22, 17, 18, 19, 20, 21, 23]]], [[29, [29, 31, 30, 25, 27, 26, 28]]], [[32, [32, 33, 34, 35, 36]]], [[18, [42, 41, 24]]], [[50, [50, 49, 40, 37, 38, 39]]], [[48, [48, 47, 46, 43, 44, 45]]]]]",,,54.4006492,0,8,5.25,,,,,,(not found),,26.384502449,0,,
24,test_data/data_demand_random_50_batch_all1_equal_cluster/C201_1.5.dat,8,120,3,741.3112887,"[[[[0, [4, 6, 5]], [16, [16, 11, 10, 13, 15, 14]], [11, []], [10, []], [13, []], [4, []], [6, []], [25, [25, 26, 27, 29, 28, 31, 30]], [26, []], [27, []], [29, []], [5, []], [28, []], [31, []], [30, []], [38, [38, 39]], [39, []], [48, [48, 47, 46, 43, 44, 45]], [47, []], [46, []], [15, []], [14, []], [43, []], [44, []], [45, []]], [[0, [2, 7, 3, 1, 8]], [2, []], [12, [12, 9]], [9, []], [19, [19, 22, 20, 21, 17, 18, 23, 24]], [22, []], [20, []], [21, []], [7, []], [3, []], [1, []], [8, []], [17, []], [18, []], [34, [34, 32, 33, 35, 36, 42, 41, 40]], [32, []], [33, []], [35, []], [23, []], [50, [50, 49, 37]], [36, []], [49, []], [42, []], [41, []], [24, []], [40, []], [37, []]]], [[[12, [12, 9]]], [[16, [16, 11, 10, 13, 15, 14]]], [[19, [19, 22, 20, 21, 17, 18, 23, 24]]], [[25, [25, 26, 27, 29, 28, 31, 30]]], [[34, [34, 32, 33, 35, 36, 42, 41, 40]]], [[38, [38, 39]]], [[48, [48, 47, 46, 43, 44, 45]]], [[50, [50, 49, 37]]]]]",784.5299641,"[[[[0, [4, 2, 6]], [22, [22, 10, 15, 14]], [4, []], [2, []], [10, []], [25, [25, 26, 27, 30, 31]], [26, []], [27, []], [6, [28, 38, 39]], [38, []], [39, []], [30, [48, 47, 46, 43, 44, 45]], [48, []], [47, []], [46, []], [31, []], [28, []], [15, []], [14, []], [43, []], [44, []], [45, []]], [[0, [5, 7, 8, 1]], [5, []], [9, [9, 3, 12, 16, 11, 13]], [12, []], [16, []], [11, []], [13, []], [3, []], [7, []], [21, [21, 19, 23, 24, 20]], [20, []], [19, []], [8, []], [1, []], [29, [29, 36, 35, 32, 33, 34, 18, 17]], [37, [37, 40, 41, 42]], [23, []], [24, []], [40, []], [41, []], [42, [49, 50]], [49, []], [50, []], [36, []], [35, []], [32, []], [33, []], [34, []], [18, []], [17, []]]], [[[9, [9, 3, 12, 16, 11, 13]]], [[21, [21, 19, 23, 24, 20]]], [[22, [22, 10, 15, 14]]], [[25, [25, 26, 27, 30, 31]]], [[29, [29, 36, 35, 32, 33, 34, 18, 17]]], [[37, [37, 40, 41, 42]], [6, [28, 38, 39]]], [[30, [48, 47, 46, 43, 44, 45]]], [[42, [49, 50]]]]]",56.80115674,0,8,5.25,54.77793814,1,8,5.375,,,,11.277317104,0,21.841371132,0
25,test_data/data_demand_random_50_batch_all1_equal_cluster/C201_1.dat,4,60,3,645.5581443,"[[[[0, [4, 3, 6, 5, 7]], [4, []], [3, []], [6, []], [7, []], [14, [14, 11, 10, 13]], [11, []], [10, [27, 26, 28, 29]], [25, [25, 12, 16, 15]], [27, []], [26, []], [28, []], [13, []], [12, []], [16, [47, 46, 45, 31]], [47, []], [46, []], [45, []], [15, [48, 49, 50, 30]], [31, []], [48, []], [49, []], [50, []], [30, []], [29, []], [5, []]], [[0, [8, 1, 2]], [1, []], [2, []], [9, [9]], [8, []], [20, [20, 22, 17, 18]], [22, []], [17, []], [18, [35, 34, 33, 32]], [35, []], [34, [41, 40]], [33, []], [32, [36, 44, 43, 42]], [19, [19, 21, 23, 24]], [21, [37, 38, 39]], [23, []], [36, []], [44, []], [43, []], [42, []], [41, []], [24, []], [40, []], [37, []], [38, []], [39, []]]], [[[9, [9]]], [[14, [14, 11, 10, 13]]], [[20, [20, 22, 17, 18]]], [[10, [27, 26, 28, 29]]], [[25, [25, 12, 16, 15]]], [[18, [35, 34, 33, 32]]], [[34, [41, 40]]], [[32, [36, 44, 43, 42]]], [[16, [47, 46, 45, 31]]], [[19, [19, 21, 23, 24]]], [[21, [37, 38, 39]]], [[15, [48, 49, 50, 30]]]]]",,,42.72743714,0,12,3.5,,,,,,(not found),,2.006880062,0,,
26,test_data/data_demand_random_50_batch_all1_equal_cluster/C201_1.dat,4,90,2,598.3238076,"[[[[0, [3, 6, 7, 1, 8, 5]], [7, []], [8, []], [1, []], [3, []], [15, [15, 22, 23]], [25, [25, 28, 26, 27]], [6, []], [22, []], [23, [36, 30, 24, 29]], [24, []], [36, []], [44, [44, 42, 41, 43]], [43, []], [42, []], [41, []], [40, [40, 37, 38, 39]], [37, []], [38, []], [39, []], [30, []], [50, [50, 49, 48, 31]], [49, []], [48, []], [31, []], [28, []], [26, []], [27, []], [29, []], [5, []]], [[0, [2]], [4, [4, 16, 12, 11]], [2, []], [21, [21, 20, 19, 18]], [20, []], [19, []], [18, []], [17, [17, 14, 10, 9]], [32, [32, 33, 34, 35]], [33, []], [34, []], [35, []], [47, [47, 46, 45, 13]], [46, []], [45, []], [16, []], [12, []], [11, []], [14, []], [10, []], [9, []], [13, []]]], [[[4, [4, 16, 12, 11]]], [[15, [15, 22, 23]]], [[21, [21, 20, 19, 18]]], [[17, [17, 14, 10, 9]]], [[25, [25, 28, 26, 27]]], [[32, [32, 33, 34, 35]]], [[23, [36, 30, 24, 29]]], [[44, [44, 42, 41, 43]]], [[40, [40, 37, 38, 39]]], [[47, [47, 46, 45, 13]]], [[50, [50, 49, 48, 31]]]]]",724.4089819,"[[[[0, [8, 7, 1, 4]], [8, []], [7, []], [1, []], [4, []], [21, [21, 19, 17, 18]], [19, []], [17, []], [18, []], [32, [32, 33, 34, 35]], [33, []], [34, []], [35, []], [20, [20, 30, 31]], [42, [42, 41, 40, 38]], [41, []], [40, []], [38, []], [39, [39, 50, 49, 48]], [30, []], [50, []], [49, []], [48, []], [31, []], [27, [27, 26, 25, 2]], [26, []], [25, []], [2, []]], [[0, [5, 6, 3]], [11, [11, 10, 9, 12]], [10, []], [9, []], [12, []], [14, [14, 13, 24, 23]], [13, []], [28, [28, 29, 15, 22]], [29, []], [5, []], [6, []], [22, []], [37, [37, 44, 43, 16]], [24, []], [23, []], [44, []], [43, []], [36, [36]], [3, []], [15, []], [16, []], [45, [45, 46, 47]], [46, []], [47, []]]], [[[11, [11, 10, 9, 12]]], [[21, [21, 19, 17, 18]]], [[14, [14, 13, 24, 23]]], [[28, [28, 29, 15, 22]]], [[32, [32, 33, 34, 35]]], [[37, [37, 44, 43, 16]]], [[36, [36]], [20, [20, 30, 31]]], [[42, [42, 41, 40, 38]]], [[45, [45, 46, 47]]], [[39, [39, 50, 49, 48]]], [[27, [27, 26, 25, 2]]]]]",55.66657839,0,11,3.909090909,59.99132314,1,11,3.909090909,,,,4.420184442,0,10.086363781,0
27,test_data/data_demand_random_50_batch_all1_equal_cluster/C201_1.dat,4,120,3,591.4756776,"[[[[0, [8, 3]], [12, [12, 11, 10, 13]], [11, []], [10, []], [13, []], [9, [9, 21, 17]], [8, []], [17, [24, 23, 30, 31]], [21, []], [24, []], [23, []], [36, [36, 44, 43, 42]], [44, []], [43, []], [42, []], [41, [41, 40, 37, 38]], [40, []], [37, []], [38, []], [39, [39, 50, 49, 48]], [30, []], [50, []], [49, []], [48, []], [31, [28, 26, 27, 29]], [28, []], [26, []], [27, []], [29, []], [3, []]], [[0, [1, 4, 2]], [1, [7, 5, 6]], [4, []], [2, []], [7, [16, 14, 15]], [5, []], [6, []], [22, [22, 19, 20, 18]], [19, []], [20, []], [18, []], [35, [35, 34, 33, 32]], [34, []], [33, []], [32, []], [47, [47, 46, 45, 25]], [46, []], [45, []], [16, []], [14, []], [15, []], [25, []]]], [[[12, [12, 11, 10, 13]]], [[1, [7, 5, 6]]], [[7, [16, 14, 15]]], [[9, [9, 21, 17]]], [[22, [22, 19, 20, 18]]], [[17, [24, 23, 30, 31]]], [[35, [35, 34, 33, 32]]], [[36, [36, 44, 43, 42]]], [[41, [41, 40, 37, 38]]], [[47, [47, 46, 45, 25]]], [[39, [39, 50, 49, 48]]], [[31, [28, 26, 27, 29]]]]]",663.6864061,"[[[[0, [4, 3, 1]], [3, []], [1, []], [10, [10, 14, 13]], [14, []], [13, []], [4, []], [23, [23, 24, 31]], [24, []], [36, [36, 44, 43, 30]], [44, []], [43, []], [42, [42, 41, 40, 28]], [41, []], [40, []], [37, [38, 39, 37]], [38, []], [39, [45, 46, 47]], [30, []], [31, []], [28, []], [45, []], [46, []], [47, []]], [[0, [7, 8, 5, 2]], [5, []], [2, []], [22, [22, 19, 6, 15]], [21, [21, 20, 18, 16]], [20, [26]], [19, [17, 27, 25, 11]], [32, [32, 33, 35, 34]], [33, []], [34, []], [35, []], [18, []], [17, []], [8, []], [7, []], [6, []], [26, []], [27, []], [48, [48, 49, 50]], [49, []], [50, []], [29, [29, 12, 9]], [25, []], [15, []], [11, []], [16, []], [12, []], [9, []]]], [[[22, [22, 19, 6, 15]]], [[10, [10, 14, 13]]], [[21, [21, 20, 18, 16]]], [[20, [26]], [23, [23, 24, 31]]], [[19, [17, 27, 25, 11]]], [[32, [32, 33, 35, 34]]], [[36, [36, 44, 43, 30]]], [[42, [42, 41, 40, 28]]], [[37, [38, 39, 37]]], [[39, [45, 46, 47]]], [[48, [48, 49, 50]]], [[29, [29, 12, 9]]]]]",50.11057533,0,12,3.75,59.22431304,1,12,3.583333333,,,,3.517210571,0,7.488038121,0.65574316
28,test_data/data_demand_random_50_batch_all1_equal_cluster/C201_1.dat,8,60,3,608.2982213,"[[[[0, [7, 6]], [7, []], [6, []], [13, [13, 11, 10, 9, 12, 15, 14, 16]], [16, []], [11, []], [10, []], [9, []], [12, [26, 27, 29, 30, 31, 28, 25]], [26, []], [27, []], [25, [50, 49, 48, 45, 46, 47]], [29, []], [30, []], [50, []], [49, []], [48, []], [31, []], [28, []], [15, []], [14, []], [45, []], [46, []], [47, []]], [[0, [3, 4, 5, 8, 2, 1]], [3, []], [4, []], [5, []], [8, []], [19, [19, 20, 21, 23, 22, 17, 18, 24]], [20, []], [21, []], [23, []], [22, []], [17, []], [18, [33, 32, 34, 35, 36]], [33, []], [32, [44, 43, 42, 41, 40, 37, 38, 39]], [34, []], [35, []], [36, []], [44, []], [43, []], [42, []], [41, []], [40, []], [24, []], [37, []], [38, []], [39, []], [2, []], [1, []]]], [[[13, [13, 11, 10, 9, 12, 15, 14, 16]]], [[19, [19, 20, 21, 23, 22, 17, 18, 24]]], [[12, [26, 27, 29, 30, 31, 28, 25]]], [[18, [33, 32, 34, 35, 36]]], [[32, [44, 43, 42, 41, 40, 37, 38, 39]]], [[25, [50, 49, 48, 45, 46, 47]]]]]",,,41.66619968,0,6,7,,,,,,(not found),,7.843545983,0,,
29,test_data/data_demand_random_50_batch_all1_equal_cluster/C201_1.dat,8,90,4,588.2982213,"[[[[0, []], [13, [13, 11, 12, 14, 15, 9]], [11, []], [12, []], [14, []], [15, []], [25, [25, 28, 27, 26, 24, 23, 29]], [24, []], [23, []], [36, [36]], [44, [44, 43, 42, 41, 40, 37, 38]], [43, []], [42, []], [41, []], [40, []], [37, []], [38, []], [39, [39, 30, 31, 50, 49, 48]], [30, []], [29, []], [50, []], [49, []], [48, []], [31, []], [28, []], [27, []], [26, []], [9, []]], [[0, [7, 4, 5, 1, 3, 2, 6]], [1, []], [4, []], [5, []], [3, []], [2, []], [7, []], [6, []], [22, [22, 20, 21, 19, 17, 18, 10, 16]], [20, []], [21, []], [8, [35, 34, 33, 32, 8]], [19, []], [17, []], [18, []], [35, []], [34, []], [33, []], [32, []], [47, [47, 46, 45]], [46, []], [45, []], [16, []], [10, []]]], [[[13, [13, 11, 12, 14, 15, 9]]], [[22, [22, 20, 21, 19, 17, 18, 10, 16]]], [[25, [25, 28, 27, 26, 24, 23, 29]]], [[8, [35, 34, 33, 32, 8]]], [[36, [36]]], [[44, [44, 43, 42, 41, 40, 37, 38]]], [[39, [39, 30, 31, 50, 49, 48]]], [[47, [47, 46, 45]]]]]",590.0788655,"[[[[0, [4, 2, 5, 6, 1, 7, 8]], [5, []], [6, []], [4, []], [2, []], [1, []], [7, []], [8, []], [20, [20, 18, 22, 23, 24]], [18, []], [22, [29, 30, 27]], [24, []], [23, []], [36, [36, 44, 43, 42, 41, 40, 37, 38]], [44, []], [43, []], [42, []], [41, []], [40, []], [37, []], [38, []], [39, [39, 50, 49, 48, 31, 28, 26, 25]], [29, []], [30, []], [50, []], [49, []], [48, []], [31, []], [28, []], [27, []], [26, []], [25, []]], [[0, [3]], [3, []], [15, [15]], [21, [21, 14, 16]], [19, [19, 17, 9, 12, 11, 10, 13]], [35, [35, 34, 33, 32]], [34, []], [33, []], [32, []], [17, []], [9, []], [12, []], [11, []], [10, []], [13, []], [14, []], [16, []], [45, [45, 46, 47]], [46, []], [47, []]]], [[[15, [15]]], [[20, [20, 18, 22, 23, 24]], [21, [21, 14, 16]]], [[19, [19, 17, 9, 12, 11, 10, 13]]], [[22, [29, 30, 27]]], [[35, [35, 34, 33, 32]]], [[36, [36, 44, 43, 42, 41, 40, 37, 38]]], [[45, [45, 46, 47]]], [[39, [39, 50, 49, 48, 31, 28, 26, 25]]]]]",55.97529663,0,8,5.375,57.93511988,1,8,5.25,,,,6.120015634,0,3.610296754,2.466555086
30,test_data/data_demand_random_50_batch_all1_equal_cluster/C201_1.dat,8,120,4,589.5362826,"[[[[0, [5, 6, 4, 3, 8, 2, 7]], [5, []], [6, []], [4, []], [3, []], [2, []], [7, []], [20, [20, 19, 21, 18, 17, 23, 24, 22]], [19, []], [21, []], [18, []], [17, []], [32, [32, 33, 34, 35, 43, 44, 36, 42]], [33, []], [34, []], [35, []], [23, []], [43, []], [44, []], [36, []], [42, []], [41, [41, 40, 37]], [40, []], [24, []], [37, []], [22, []], [8, []]], [[0, [1]], [1, []], [9, [9, 12, 16, 11, 10, 14, 15, 13]], [12, []], [16, []], [11, []], [10, []], [14, []], [15, []], [25, [25, 28, 31, 30, 29, 27, 26]], [28, []], [31, []], [30, []], [29, []], [38, [38, 39]], [39, []], [50, [50, 49, 48, 45, 46, 47]], [49, []], [48, []], [27, []], [26, []], [13, []], [45, []], [46, []], [47, []]]], [[[9, [9, 12, 16, 11, 10, 14, 15, 13]]], [[20, [20, 19, 21, 18, 17, 23, 24, 22]]], [[25, [25, 28, 31, 30, 29, 27, 26]]], [[32, [32, 33, 34, 35, 43, 44, 36, 42]]], [[38, [38, 39]]], [[50, [50, 49, 48, 45, 46, 47]]], [[41, [41, 40, 37]]]]]",653.7099203,"[[[[0, [7, 3, 5, 1]], [5, [8]], [1, []], [7, []], [8, []], [20, [20, 19, 17, 18, 21, 27, 28, 26]], [19, []], [17, []], [18, []], [32, [32, 33, 34, 35, 31]], [33, []], [34, [37, 38, 39]], [35, []], [21, []], [37, []], [38, []], [39, []], [27, []], [26, []], [28, []], [31, []], [48, [48, 49, 50, 30, 29, 25]], [49, []], [50, []], [30, []], [29, []], [25, []], [3, []]], [[0, [6, 2, 4]], [16, [16, 12, 9, 13, 11, 10, 24, 23]], [12, []], [9, []], [13, []], [11, []], [10, []], [2, []], [4, []], [6, []], [36, [36, 40, 22, 15, 14]], [44, [44, 42, 43, 45, 46, 47, 41]], [43, []], [42, []], [41, []], [40, []], [24, []], [23, []], [22, []], [15, []], [14, []], [45, []], [46, []], [47, []]]], [[[16, [16, 12, 9, 13, 11, 10, 24, 23]]], [[5, [8]]], [[20, [20, 19, 17, 18, 21, 27, 28, 26]]], [[32, [32, 33, 34, 35, 31]]], [[34, [37, 38, 39]], [36, [36, 40, 22, 15, 14]]], [[44, [44, 42, 43, 45, 46, 47, 41]]], [[48, [48, 49, 50, 30, 29, 25]]]]]",55.6761379,0,7,6,65.43279872,1,7,6.142857143,,,,7.449825656,0,18.945309766,2.50764775
31,test_data/data_demand_random_50_batch_all1_equal_cluster/C201_2.5.dat,4,60,3,962.2982213,"[[[[0, [6, 1]], [1, []], [16, [16, 15]], [15, []], [13, [13, 18, 19, 20]], [18, []], [19, []], [20, [21, 22, 17]], [21, []], [22, []], [17, [33, 34, 31, 32]], [33, []], [34, []], [31, []], [32, []], [28, [28, 41, 38, 37]], [6, [44, 36, 39, 46]], [44, []], [41, []], [38, []], [37, []], [36, [50, 49, 45, 40]], [39, []], [50, []], [49, []], [46, []], [45, []], [40, []]], [[0, [11, 2, 4, 3, 5]], [11, []], [9, [9, 14]], [14, []], [7, [7, 8, 12, 10]], [2, []], [8, []], [12, [27, 24, 26, 25]], [27, []], [24, []], [26, []], [25, []], [23, [23, 29, 30, 35]], [10, []], [4, [43, 42]], [5, []], [43, []], [42, []], [29, [48, 47]], [30, []], [48, []], [35, []], [47, []], [3, []]]], [[[9, [9, 14]]], [[7, [7, 8, 12, 10]]], [[16, [16, 15]]], [[13, [13, 18, 19, 20]]], [[20, [21, 22, 17]]], [[12, [27, 24, 26, 25]]], [[23, [23, 29, 30, 35]]], [[17, [33, 34, 31, 32]]], [[4, [43, 42]]], [[28, [28, 41, 38, 37]]], [[6, [44, 36, 39, 46]]], [[29, [48, 47]]], [[36, [50, 49, 45, 40]]]]]",,,39.85146081,0,13,3.307692308,,,,,,(not found),,25.64472388,0,,
32,test_data/data_demand_random_50_batch_all1_equal_cluster/C201_2.5.dat,4,90,4,931.0788655,"[[[[0, [5]], [9, [9]], [11, [11, 13, 15]], [5, []], [13, []], [15, []], [16, [16]], [27, [27, 25, 24, 26]], [25, []], [24, []], [26, []], [23, [23, 33, 35]], [38, [38]], [44, [44, 43, 42]], [43, []], [42, []], [33, []], [35, []], [48, [48, 47]], [47, []]], [[0, [1, 6, 3, 4, 2]], [6, []], [3, []], [4, []], [2, []], [1, []], [7, [7, 8, 10]], [8, []], [10, []], [12, [12, 14, 17]], [14, []], [17, []], [20, [20, 19, 22, 21]], [19, []], [22, []], [21, []], [18, [18]], [29, [29, 28, 34, 30]], [28, []], [34, []], [30, []], [31, [31, 32, 41, 40]], [32, []], [46, [46, 45, 37, 39]], [45, []], [41, []], [40, []], [37, []], [39, []], [50, [50, 49, 36]], [49, []], [36, []]]], [[[7, [7, 8, 10]]], [[9, [9]]], [[11, [11, 13, 15]]], [[12, [12, 14, 17]]], [[16, [16]]], [[20, [20, 19, 22, 21]]], [[18, [18]]], [[27, [27, 25, 24, 26]]], [[23, [23, 33, 35]]], [[29, [29, 28, 34, 30]]], [[31, [31, 32, 41, 40]]], [[38, [38]]], [[44, [44, 43, 42]]], [[46, [46, 45, 37, 39]]], [[50, [50, 49, 36]]], [[48, [48, 47]]]]]",,,54.67715791,0,16,2.75,,,,,,(not found),,15.901526826,0,,
33,test_data/data_demand_random_50_batch_all1_equal_cluster/C201_2.5.dat,4,120,1,931.0788655,"[[[[0, [2, 3]], [3, []], [12, [12]], [7, [7, 8, 10]], [8, []], [10, []], [2, []], [13, [13, 15]], [15, []], [18, [18, 20, 22]], [20, []], [22, []], [27, [27, 26, 25]], [26, []], [25, []], [28, [28, 30, 29, 41]], [30, []], [29, []], [43, [43, 44, 45, 46]], [44, []], [41, []], [45, []], [46, []], [50, [50, 49, 36]], [49, []], [36, []]], [[0, [5, 1, 4, 6]], [1, []], [5, []], [4, []], [6, []], [9, [9, 11, 14, 16]], [11, []], [14, []], [16, []], [21, [21, 19, 17]], [19, []], [17, []], [23, [23, 24, 32, 31]], [24, []], [37, [37, 39, 38, 40]], [39, []], [38, []], [40, []], [42, [42, 33, 34, 35]], [32, []], [31, []], [33, []], [34, []], [35, []], [48, [48, 47]], [47, []]]], [[[9, [9, 11, 14, 16]]], [[12, [12]]], [[7, [7, 8, 10]]], [[13, [13, 15]]], [[18, [18, 20, 22]]], [[21, [21, 19, 17]]], [[27, [27, 26, 25]]], [[23, [23, 24, 32, 31]]], [[28, [28, 30, 29, 41]]], [[37, [37, 39, 38, 40]]], [[42, [42, 33, 34, 35]]], [[43, [43, 44, 45, 46]]], [[50, [50, 49, 36]]], [[48, [48, 47]]]]]",962.9404674,"[[[[0, [5, 4, 3]], [3, []], [4, []], [5, []], [6, [6]], [12, [12, 9]], [9, []], [17, [17, 11, 13]], [21, [21, 19]], [20, [20, 22]], [22, []], [18, [18, 23]], [19, []], [13, []], [11, [33]], [23, []], [37, [37, 39, 36]], [39, []], [36, []], [44, [44, 43, 34, 35]], [43, []], [33, []], [34, []], [35, []], [48, [48, 47, 28]], [47, []], [28, []]], [[0, [1, 2, 10, 8]], [15, [15, 16, 14]], [16, []], [14, []], [10, []], [2, []], [8, []], [24, [24]], [25, [25, 27, 26, 7]], [27, []], [26, []], [7, []], [1, []], [29, [29, 30, 31, 32]], [32, []], [30, []], [31, []], [42, [42, 38, 46, 45]], [38, []], [50, [50, 49, 41, 40]], [49, []], [46, []], [45, []], [41, []], [40, []]]], [[[6, [6]]], [[15, [15, 16, 14]]], [[12, [12, 9]]], [[17, [17, 11, 13]]], [[21, [21, 19]]], [[20, [20, 22]]], [[18, [18, 23]], [24, [24]]], [[25, [25, 27, 26, 7]]], [[11, [33]]], [[29, [29, 30, 31, 32]]], [[37, [37, 39, 36]]], [[44, [44, 43, 34, 35]]], [[42, [42, 38, 46, 45]]], [[50, [50, 49, 41, 40]]], [[48, [48, 47, 28]]]]]",52.10426684,0,14,3.142857143,56.83544629,1,15,2.866666667,,,,9.877006128,0,10.451129812,0
34,test_data/data_demand_random_50_batch_all1_equal_cluster/C201_2.5.dat,8,60,5,962.2982213,"[[[[0, [19, 3, 4]], [19, []], [18, [18, 20, 21, 22, 17, 15]], [20, []], [21, []], [22, []], [17, []], [28, [28, 33, 31, 32, 34, 35, 29, 30]], [33, []], [31, []], [32, []], [34, []], [35, []], [15, [43, 42]], [43, []], [42, []], [29, [48, 47]], [48, []], [47, []], [30, []], [4, []], [3, []]], [[0, [2, 6, 5, 1]], [5, []], [9, [9, 7, 16, 10, 12, 11, 8, 13]], [7, []], [13, []], [2, []], [16, []], [10, []], [23, [23, 24, 25, 26, 27, 14]], [24, []], [25, []], [26, []], [27, []], [12, []], [11, []], [8, []], [14, []], [6, [44, 41, 36, 39, 46, 38, 37, 45]], [44, []], [41, []], [38, []], [37, []], [36, [50, 49, 40]], [39, []], [50, []], [49, []], [46, []], [45, []], [40, []], [1, []]]], [[[9, [9, 7, 16, 10, 12, 11, 8, 13]]], [[18, [18, 20, 21, 22, 17, 15]]], [[23, [23, 24, 25, 26, 27, 14]]], [[28, [28, 33, 31, 32, 34, 35, 29, 30]]], [[15, [43, 42]]], [[6, [44, 41, 36, 39, 46, 38, 37, 45]]], [[29, [48, 47]]], [[36, [50, 49, 40]]]]]",,,43.20401133,0,8,5.375,,,,,,(not found),,18.047676305,0,,
35,test_data/data_demand_random_50_batch_all1_equal_cluster/C201_2.5.dat,8,90,3,931.0788655,"[[[[0, [4, 6, 5]], [12, [12, 1, 10]], [10, []], [9, [9]], [7, [7]], [11, [11]], [1, []], [8, [8, 14, 16]], [14, []], [16, []], [27, [27, 26, 25]], [26, []], [25, []], [24, [24, 23, 29]], [23, []], [4, []], [6, []], [29, []], [36, [36, 40, 45, 46, 38, 37, 39]], [40, []], [45, []], [46, []], [38, []], [37, []], [39, []], [50, [50, 49, 41]], [49, []], [41, []], [5, []]], [[0, [3]], [2, [2]], [13, [13, 15, 17, 22, 21, 20, 19, 18]], [15, []], [17, []], [22, []], [21, []], [20, []], [19, []], [18, []], [3, []], [30, [30, 31, 34, 32, 33, 35, 28]], [31, []], [34, []], [28, []], [44, [44, 43, 42]], [43, []], [42, []], [32, []], [33, []], [35, []], [48, [48, 47]], [47, []]]], [[[2, [2]]], [[12, [12, 1, 10]]], [[9, [9]]], [[7, [7]]], [[11, [11]]], [[13, [13, 15, 17, 22, 21, 20, 19, 18]]], [[8, [8, 14, 16]]], [[27, [27, 26, 25]]], [[24, [24, 23, 29]]], [[30, [30, 31, 34, 32, 33, 35, 28]]], [[36, [36, 40, 45, 46, 38, 37, 39]]], [[44, [44, 43, 42]]], [[50, [50, 49, 41]]], [[48, [48, 47]]]]]",1002.214612,"[[[[0, [4, 9, 8, 11]], [7, [7, 16]], [21, [21, 20, 22]], [20, []], [22, []], [9, []], [8, []], [11, []], [4, []], [28, [28, 29, 30, 31, 34, 33, 32, 35]], [29, []], [30, []], [31, []], [34, []], [33, []], [32, []], [42, [42, 48, 47]], [35, []], [48, []], [47, []], [16, []]], [[0, [5, 6]], [6, [1, 2, 3]], [1, []], [2, []], [3, []], [5, []], [17, [17, 15, 14, 13, 12, 10]], [19, [19, 18]], [18, []], [15, []], [14, []], [13, []], [26, [26, 27, 25, 24, 23]], [27, []], [12, []], [25, []], [24, []], [10, []], [23, []], [36, [36, 43, 44, 45, 46, 38, 37, 39]], [43, []], [44, []], [45, []], [46, []], [38, []], [37, []], [39, []], [50, [50, 49, 41, 40]], [49, []], [41, []], [40, []]]], [[[6, [1, 2, 3]]], [[17, [17, 15, 14, 13, 12, 10]]], [[19, [19, 18]], [7, [7, 16]]], [[21, [21, 20, 22]]], [[26, [26, 27, 25, 24, 23]]], [[28, [28, 29, 30, 31, 34, 33, 32, 35]]], [[36, [36, 43, 44, 45, 46, 38, 37, 39]]], [[42, [42, 48, 47]]], [[50, [50, 49, 41, 40]]]]]",48.21377842,0,14,3.285714286,56.17516201,1,9,4.888888889,,,,21.695769237,0,35.993940145,0
36,test_data/data_demand_random_50_batch_all1_equal_cluster/C201_2.5.dat,8,120,3,931.0788655,"[[[[0, [4, 6, 2, 3]], [2, []], [3, []], [9, [9]], [8, [8, 12, 7]], [4, [16, 15, 14, 13]], [12, []], [7, []], [16, []], [15, []], [6, []], [14, []], [13, []], [32, [32, 31, 30, 29]], [31, []], [30, []], [29, []], [40, [40, 41, 33, 34]], [41, []], [44, [44, 43, 42, 35, 28]], [43, []], [42, []], [33, []], [34, []], [35, []], [48, [48, 47]], [47, []], [28, []]], [[0, [1, 5]], [10, [10, 17, 11]], [17, []], [18, [18, 20, 22, 21, 19]], [20, []], [22, []], [21, [27, 26, 24, 25, 23]], [19, []], [27, []], [26, []], [24, []], [25, []], [11, []], [23, []], [38, [38, 45, 46, 37, 39, 36]], [45, []], [46, []], [37, []], [39, []], [50, [50, 49]], [49, []], [36, []], [5, []], [1, []]]], [[[9, [9]]], [[8, [8, 12, 7]]], [[4, [16, 15, 14, 13]]], [[10, [10, 17, 11]]], [[18, [18, 20, 22, 21, 19]]], [[21, [27, 26, 24, 25, 23]]], [[32, [32, 31, 30, 29]]], [[40, [40, 41, 33, 34]]], [[38, [38, 45, 46, 37, 39, 36]]], [[44, [44, 43, 42, 35, 28]]], [[50, [50, 49]]], [[48, [48, 47]]]]]",936.2937654,"[[[[0, [4, 2, 1, 3, 5, 6]], [9, [9, 12, 11, 7, 10]], [12, []], [11, []], [4, []], [2, []], [7, []], [1, []], [3, []], [5, []], [6, []], [18, [18]], [10, [27, 26, 25, 24, 23]], [27, []], [26, []], [25, []], [24, []], [23, []], [39, [39, 40]], [40, []], [43, [43, 44, 41, 45, 46, 38]], [44, []], [41, []], [45, []], [46, []], [49, [49, 50, 37, 36]], [50, []], [38, []], [37, []], [36, []]], [[0, []], [8, [8, 14, 13, 16, 17, 15]], [14, []], [13, []], [16, []], [20, [20, 21, 22, 19]], [21, []], [17, []], [15, []], [22, []], [19, []], [28, [28, 34, 31, 32, 30, 29, 33, 35]], [34, []], [31, []], [32, []], [30, []], [29, []], [42, [42]], [33, []], [35, []], [48, [48, 47]], [47, []]]], [[[9, [9, 12, 11, 7, 10]]], [[8, [8, 14, 13, 16, 17, 15]]], [[20, [20, 21, 22, 19]]], [[18, [18]]], [[10, [27, 26, 25, 24, 23]]], [[28, [28, 34, 31, 32, 30, 29, 33, 35]]], [[39, [39, 40]]], [[43, [43, 44, 41, 45, 46, 38]], [42, [42]]], [[49, [49, 50, 37, 36]]], [[48, [48, 47]]]]]",56.06680564,0,12,3.666666667,54.70885949,1,10,4.4,,,,26.202035768,0,33.165110272,0
37,test_data/data_demand_random_50_batch_all1_equal_cluster/C201_2.dat,4,60,5,869.3238076,"[[[[0, [11, 8, 4, 6]], [14, [14, 16]], [16, []], [15, [15, 30, 28]], [4, [27, 26]], [6, []], [30, []], [28, []], [27, []], [26, []], [11, [29, 13]], [8, [38, 41]], [38, [40, 39, 43, 44]], [41, []], [40, []], [39, []], [13, [42, 49, 48]], [29, []], [42, []], [43, []], [44, []], [49, []], [48, []]], [[0, [2, 5, 3, 1]], [7, [7, 9, 12, 10]], [9, []], [12, []], [2, []], [10, []], [5, []], [21, [21, 22, 23, 19]], [22, []], [23, []], [31, [31, 32, 33, 34]], [32, []], [33, [35, 36, 37, 25]], [34, []], [19, []], [18, [18, 24, 17, 20]], [17, []], [20, [50, 45, 46, 47]], [35, []], [36, []], [37, []], [50, []], [25, []], [24, []], [45, []], [46, []], [47, []], [3, []], [1, []]]], [[[14, [14, 16]]], [[7, [7, 9, 12, 10]]], [[21, [21, 22, 23, 19]]], [[15, [15, 30, 28]]], [[4, [27, 26]]], [[31, [31, 32, 33, 34]]], [[33, [35, 36, 37, 25]]], [[11, [29, 13]]], [[8, [38, 41]]], [[38, [40, 39, 43, 44]]], [[18, [18, 24, 17, 20]]], [[13, [42, 49, 48]]], [[20, [50, 45, 46, 47]]]]]",,,38.36384588,0,13,3.230769231,,,,,,(not found),,24.221288687,0,,
38,test_data/data_demand_random_50_batch_all1_equal_cluster/C201_2.dat,4,90,1,830.0483494,"[[[[0, [2, 6]], [18, [18, 19, 14, 16]], [19, []], [14, []], [16, []], [15, [15, 13, 12, 11]], [2, []], [6, []], [28, [28, 26, 27, 29]], [26, []], [27, []], [13, []], [12, []], [41, [41, 40, 39, 38]], [40, []], [39, []], [38, []], [11, []], [29, []], [42, [42, 43, 49, 44]], [43, []], [44, []], [49, []], [48, [48, 30]], [30, []]], [[0, [3, 4, 5, 1]], [3, []], [4, []], [5, []], [8, [8, 10, 9, 17]], [10, []], [9, []], [7, [7]], [17, []], [20, [20, 22, 24, 23]], [22, []], [24, []], [23, []], [21, [21, 25]], [32, [32, 33, 31, 34]], [33, []], [31, []], [34, []], [35, [35, 36, 37]], [36, []], [37, []], [50, [50, 45, 46, 47]], [25, []], [45, []], [46, []], [47, []], [1, []]]], [[[18, [18, 19, 14, 16]]], [[8, [8, 10, 9, 17]]], [[7, [7]]], [[15, [15, 13, 12, 11]]], [[20, [20, 22, 24, 23]]], [[21, [21, 25]]], [[28, [28, 26, 27, 29]]], [[32, [32, 33, 31, 34]]], [[35, [35, 36, 37]]], [[41, [41, 40, 39, 38]]], [[50, [50, 45, 46, 47]]], [[42, [42, 43, 49, 44]]], [[48, [48, 30]]]]]",952.7630546,"[[[[0, [13, 11, 7]], [16, [16, 17, 10, 19]], [17, []], [18, [18]], [10, [22, 25, 24]], [13, []], [11, []], [7, []], [31, [31, 32, 33, 34]], [32, []], [33, []], [34, []], [19, []], [22, []], [36, [36, 35, 37, 42]], [35, []], [37, []], [50, [50, 43, 44, 49]], [25, []], [24, []], [42, []], [43, []], [44, []], [49, []], [48, [48]]], [[0, [2, 5, 1, 4, 6, 3]], [5, []], [12, [12, 9, 8]], [9, []], [1, []], [2, []], [15, [15, 14]], [4, []], [14, []], [20, [20, 23, 21]], [23, []], [21, []], [26, [26]], [30, [30, 28, 27, 29]], [28, []], [27, []], [8, []], [41, [41, 40, 39, 38]], [40, []], [39, []], [38, []], [29, []], [45, [45, 46, 47]], [46, []], [47, []], [6, []], [3, []]]], [[[12, [12, 9, 8]]], [[16, [16, 17, 10, 19]]], [[18, [18]], [15, [15, 14]]], [[10, [22, 25, 24]]], [[20, [20, 23, 21]]], [[26, [26]]], [[30, [30, 28, 27, 29]]], [[31, [31, 32, 33, 34]]], [[41, [41, 40, 39, 38]]], [[36, [36, 35, 37, 42]]], [[50, [50, 43, 44, 49]]], [[45, [45, 46, 47]]], [[48, [48]]]]]",52.72874564,0,13,3.384615385,55.02624766,1,13,3.153846154,,,,21.469527857,0,14.048459337,0
39,test_data/data_demand_random_50_batch_all1_equal_cluster/C201_2.dat,4,120,1,830.0483494,"[[[[0, [2]], [2, []], [19, [19, 14, 17, 15]], [18, [18, 22, 25, 20]], [14, []], [17, []], [15, []], [20, []], [31, [31, 32, 33, 34]], [32, []], [33, []], [34, []], [22, []], [35, [35, 36, 37, 24]], [36, []], [37, []], [50, [50, 45, 46, 47]], [25, []], [24, []], [45, []], [46, []], [47, []]], [[0, [3, 6, 4, 1, 5]], [3, []], [5, []], [6, []], [4, []], [13, [13, 11, 10, 12]], [11, []], [10, []], [7, [7]], [8, [8, 16, 9]], [16, []], [21, [21, 23]], [23, []], [26, [26, 27]], [27, []], [30, [30, 28, 29]], [28, []], [12, []], [41, [41, 40, 39, 38]], [40, []], [39, []], [38, []], [9, []], [29, []], [42, [42, 43, 44, 49]], [43, []], [44, []], [49, []], [48, [48]], [1, []]]], [[[13, [13, 11, 10, 12]]], [[7, [7]]], [[8, [8, 16, 9]]], [[19, [19, 14, 17, 15]]], [[18, [18, 22, 25, 20]]], [[21, [21, 23]]], [[26, [26, 27]]], [[30, [30, 28, 29]]], [[31, [31, 32, 33, 34]]], [[35, [35, 36, 37, 24]]], [[41, [41, 40, 39, 38]]], [[50, [50, 45, 46, 47]]], [[42, [42, 43, 44, 49]]], [[48, [48]]]]]",836,"[[[[0, [4]], [7, [7]], [4, []], [15, [15, 18, 16, 14]], [19, [19]], [14, []], [18, []], [16, []], [20, [20, 22, 25]], [32, [32, 33, 31, 34]], [33, []], [31, []], [34, []], [22, []], [35, [35, 36, 37, 24]], [36, []], [37, []], [50, [50, 45, 46, 47]], [25, []], [24, []], [45, []], [46, []], [47, []]], [[0, [2, 5, 1, 3, 6]], [3, []], [2, []], [6, []], [13, [13, 11, 10]], [11, []], [10, []], [8, [8]], [17, [17, 12, 9]], [23, [23, 21]], [21, []], [5, [26, 27]], [26, []], [27, []], [30, [30, 28, 29]], [28, []], [12, []], [41, [41, 40, 39, 38]], [40, []], [39, []], [38, []], [9, []], [29, []], [42, [42, 43, 48, 44]], [43, []], [44, []], [49, [49]], [48, []], [1, []]]], [[[7, [7]]], [[13, [13, 11, 10]]], [[15, [15, 18, 16, 14]]], [[8, [8]]], [[17, [17, 12, 9]], [19, [19]]], [[23, [23, 21]]], [[20, [20, 22, 25]]], [[5, [26, 27]]], [[30, [30, 28, 29]]], [[32, [32, 33, 31, 34]]], [[35, [35, 36, 37, 24]]], [[41, [41, 40, 39, 38]]], [[50, [50, 45, 46, 47]]], [[42, [42, 43, 48, 44]]], [[49, [49]]]]]",53.12488096,0,14,3.142857143,54.48004331,1,15,2.933333333,,,,14.435990153,0,9.737034184,0
40,test_data/data_demand_random_50_batch_all1_equal_cluster/C201_2.dat,8,60,5,869.3238076,"[[[[0, [11, 8, 4, 6]], [14, [14, 16]], [16, []], [15, [15, 30, 28]], [4, [27, 26]], [6, []], [30, []], [28, []], [27, []], [26, []], [11, [29, 13]], [8, [38, 41]], [38, [40, 39, 43, 44]], [41, []], [40, []], [39, []], [13, [42, 49, 48]], [29, []], [42, []], [43, []], [44, []], [49, []], [48, []]], [[0, [2, 5, 3, 1]], [7, [7, 9, 12, 10]], [9, []], [12, []], [2, []], [10, []], [5, []], [21, [21, 22, 23, 19]], [22, []], [23, []], [31, [31, 32, 33, 34]], [32, []], [33, [35, 36, 37, 25]], [34, []], [19, []], [18, [18, 24, 17, 20]], [17, []], [20, [50, 45, 46, 47]], [35, []], [36, []], [37, []], [50, []], [25, []], [24, []], [45, []], [46, []], [47, []], [3, []], [1, []]]], [[[14, [14, 16]]], [[7, [7, 9, 12, 10]]], [[21, [21, 22, 23, 19]]], [[15, [15, 30, 28]]], [[4, [27, 26]]], [[31, [31, 32, 33, 34]]], [[33, [35, 36, 37, 25]]], [[11, [29, 13]]], [[8, [38, 41]]], [[38, [40, 39, 43, 44]]], [[18, [18, 24, 17, 20]]], [[13, [42, 49, 48]]], [[20, [50, 45, 46, 47]]]]]",,,38.36384588,0,13,3.230769231,,,,,,(not found),A8L60<=A4L60,24.221288687,0,,
41,test_data/data_demand_random_50_batch_all1_equal_cluster/C201_2.dat,8,90,3,826.0555128,"[[[[0, [2, 3, 1, 4, 5]], [19, [19]], [14, [14, 16, 7, 10, 9, 12]], [16, []], [20, [20]], [2, []], [3, []], [4, []], [26, [26, 28, 30, 27, 13]], [28, []], [30, []], [27, []], [7, []], [10, []], [9, []], [41, [41, 40, 39, 38, 29]], [40, []], [39, []], [38, []], [12, []], [13, []], [29, []], [42, [42, 43, 44, 49, 48]], [43, []], [44, []], [49, []], [48, []], [5, []], [1, []]], [[0, [6]], [11, [11, 8, 15, 17, 18]], [8, []], [15, []], [6, []], [21, [21, 22, 24, 25, 23]], [17, []], [18, []], [31, [31, 32, 33, 34, 37, 36, 35]], [32, []], [33, []], [34, []], [22, []], [24, []], [25, []], [37, []], [36, []], [35, []], [50, [50, 45, 46, 47]], [23, []], [45, []], [46, []], [47, []]]], [[[19, [19]]], [[14, [14, 16, 7, 10, 9, 12]]], [[11, [11, 8, 15, 17, 18]]], [[20, [20]]], [[21, [21, 22, 24, 25, 23]]], [[26, [26, 28, 30, 27, 13]]], [[31, [31, 32, 33, 34, 37, 36, 35]]], [[41, [41, 40, 39, 38, 29]]], [[50, [50, 45, 46, 47]]], [[42, [42, 43, 44, 49, 48]]]]]",918.7458446,"[[[[0, [1]], [1, []], [10, [10]], [7, [7]], [15, [15, 11, 8, 17, 16]], [11, []], [8, []], [17, []], [16, []], [20, [20, 24, 22, 23, 25, 21]], [23, []], [25, []], [24, [26, 27, 28, 30, 29]], [22, []], [21, []], [26, []], [27, []], [28, []], [30, []], [38, [38, 40, 41, 39, 42, 43, 44]], [40, []], [41, [49]], [39, []], [29, []], [42, []], [43, []], [44, []], [49, []]], [[0, [5, 3, 6, 2, 4]], [2, []], [5, []], [12, [12, 13, 9]], [13, []], [9, []], [3, []], [6, []], [14, [14, 18, 19]], [4, []], [18, []], [19, []], [37, [37, 36, 35, 31, 32, 33, 34]], [36, []], [35, []], [31, []], [32, []], [33, []], [34, []], [50, [50, 45, 46, 47, 48]], [45, []], [46, []], [47, []], [48, []]]], [[[12, [12, 13, 9]], [10, [10]]], [[7, [7]]], [[14, [14, 18, 19]]], [[15, [15, 11, 8, 17, 16]]], [[20, [20, 24, 22, 23, 25, 21]]], [[24, [26, 27, 28, 30, 29]]], [[37, [37, 36, 35, 31, 32, 33, 34]]], [[38, [38, 40, 41, 39, 42, 43, 44]]], [[41, [49]]], [[50, [50, 45, 46, 47, 48]]]]]",50.76112619,0,10,4.4,49.82240962,1,10,4.4,,,,37.710386215,0,8.805713332,0
42,test_data/data_demand_random_50_batch_all1_equal_cluster/C201_2.dat,8,120,3,826.0555128,"[[[[0, []], [9, [9, 8, 11]], [8, []], [16, [16, 18, 17]], [14, [14, 19]], [18, []], [19, []], [17, []], [30, [30, 27, 29]], [28, [28, 26]], [26, []], [27, []], [11, []], [41, [41, 40, 39, 38]], [40, []], [39, []], [38, []], [29, []], [42, [42, 43, 44, 49, 48]], [43, []], [44, []], [49, []], [48, []]], [[0, [2, 1, 6, 4, 3, 5]], [2, []], [3, []], [13, [13, 7]], [7, []], [10, [10, 12]], [12, []], [15, [15, 21, 22, 23, 24, 20, 25]], [1, []], [6, []], [4, []], [21, []], [22, []], [23, []], [24, []], [20, []], [33, [33, 31, 32, 34, 35, 36, 37]], [31, []], [32, []], [34, []], [35, []], [36, []], [37, []], [50, [50, 45, 46, 47]], [25, []], [45, []], [46, []], [47, []], [5, []]]], [[[9, [9, 8, 11]]], [[13, [13, 7]]], [[10, [10, 12]]], [[16, [16, 18, 17]]], [[14, [14, 19]]], [[15, [15, 21, 22, 23, 24, 20, 25]]], [[30, [30, 27, 29]]], [[28, [28, 26]]], [[33, [33, 31, 32, 34, 35, 36, 37]]], [[41, [41, 40, 39, 38]]], [[50, [50, 45, 46, 47]]], [[42, [42, 43, 44, 49, 48]]]]]",882.0555128,"[[[[0, [4, 1, 3, 5]], [4, []], [1, []], [3, []], [5, []], [7, [7, 13]], [13, []], [8, [8, 10, 12, 14, 16, 17]], [10, []], [12, []], [14, []], [16, []], [17, []], [22, [22, 24, 25]], [24, []], [25, []], [31, [31, 32, 33, 34, 35, 36, 37]], [32, []], [33, []], [34, []], [35, []], [36, []], [37, []], [50, [50, 45, 46, 48, 49, 47]], [45, []], [46, []], [48, []], [49, []], [47, []]], [[0, [2, 6]], [2, []], [6, []], [9, [9, 11, 15, 18, 19]], [11, []], [15, []], [18, []], [19, []], [20, [20, 21, 23]], [21, []], [23, [30, 27, 29, 28, 26]], [30, []], [27, []], [41, [41, 40, 39, 38, 42, 44, 43]], [40, []], [39, []], [38, []], [29, []], [42, []], [44, []], [43, []], [28, []], [26, []]]], [[[7, [7, 13]]], [[9, [9, 11, 15, 18, 19]]], [[8, [8, 10, 12, 14, 16, 17]]], [[20, [20, 21, 23]], [22, [22, 24, 25]]], [[23, [30, 27, 29, 28, 26]]], [[31, [31, 32, 33, 34, 35, 36, 37]]], [[41, [41, 40, 39, 38, 42, 44, 43]]], [[50, [50, 45, 46, 48, 49, 47]]]]]",49.81491246,0,12,3.666666667,50.90611101,1,8,5.5,,,,12.925321846,0,12.421090084,0
43,test_data/data_demand_random_50_batch_all1_equal_cluster/C201_3.dat,4,60,3,1211.907248,"[[[[0, [3]], [13, [13, 9]], [9, [17, 16]], [3, []], [17, []], [22, [22, 19, 20, 23]], [16, []], [19, []], [20, [26, 10, 11]], [23, []], [26, []], [36, [36, 37, 38, 39]], [37, []], [38, [42, 44, 41, 40]], [39, []], [42, []], [44, []], [41, []], [40, []], [10, []], [11, [47, 48, 49]], [47, []], [48, []], [49, []]], [[0, [15, 21, 18, 7, 6, 12, 8, 2, 5, 4, 1]], [15, []], [21, []], [18, []], [7, []], [6, []], [12, []], [8, []], [14, [14, 27, 24, 25]], [2, [29, 30, 32, 33]], [29, []], [30, []], [32, []], [5, [43, 45, 28, 35]], [27, []], [43, []], [45, []], [24, []], [25, []], [33, []], [28, [50, 46, 34, 31]], [35, []], [50, []], [46, []], [34, []], [31, []], [4, []], [1, []]]], [[[14, [14, 27, 24, 25]]], [[13, [13, 9]]], [[9, [17, 16]]], [[22, [22, 19, 20, 23]]], [[20, [26, 10, 11]]], [[2, [29, 30, 32, 33]]], [[36, [36, 37, 38, 39]]], [[5, [43, 45, 28, 35]]], [[38, [42, 44, 41, 40]]], [[11, [47, 48, 49]]], [[28, [50, 46, 34, 31]]]]]",,,42.24306775,0,11,3.454545455,,,,,,(not found),,31.627931645,0,,
44,test_data/data_demand_random_50_batch_all1_equal_cluster/C201_3.dat,4,90,1,1085.805844,"[[[[0, [3, 2, 5, 4]], [5, []], [10, [10, 13, 11, 12]], [13, []], [16, [16, 18, 9, 17]], [18, []], [20, [20]], [3, []], [9, []], [11, []], [12, []], [7, [7, 6, 15, 19]], [6, []], [15, []], [4, []], [2, []], [17, []], [19, []], [36, [36, 37, 38, 40]], [37, []], [38, []], [39, [39, 26, 25]], [40, []], [41, [41, 44, 43, 45]], [44, []], [43, []], [45, []], [26, []], [25, []], [50, [50, 46]], [46, []]], [[0, [1]], [8, [8, 21]], [14, [14]], [21, []], [24, [24, 23, 27, 22]], [23, []], [27, []], [22, []], [30, [30, 31, 29, 32]], [31, []], [29, []], [32, []], [34, [34, 33, 35, 28]], [33, []], [35, []], [28, []], [42, [42]], [1, []], [47, [47, 48, 49]], [48, []], [49, []]]], [[[8, [8, 21]]], [[10, [10, 13, 11, 12]]], [[16, [16, 18, 9, 17]]], [[20, [20]]], [[7, [7, 6, 15, 19]]], [[14, [14]]], [[24, [24, 23, 27, 22]]], [[30, [30, 31, 29, 32]]], [[34, [34, 33, 35, 28]]], [[36, [36, 37, 38, 40]]], [[39, [39, 26, 25]]], [[42, [42]]], [[41, [41, 44, 43, 45]]], [[47, [47, 48, 49]]], [[50, [50, 46]]]]]",1180.000693,"[[[[0, []], [13, [13, 12, 17, 20]], [12, []], [22, [22, 23, 27, 15]], [17, []], [23, []], [27, []], [20, []], [15, []], [14, [14, 18, 19, 26]], [18, []], [19, []], [36, [36, 37, 38, 39]], [37, []], [38, []], [39, []], [44, [44, 45, 35, 41]], [41, []], [43, [43]], [45, []], [26, []], [35, []], [50, [50, 46, 28]], [46, []], [28, []]], [[0, [4, 3, 2, 5]], [3, [1]], [2, []], [8, [8, 9, 10, 6]], [9, []], [10, []], [6, []], [16, [16, 7, 21, 11]], [7, []], [1, []], [4, []], [21, []], [24, [24]], [5, [30, 25, 32]], [30, []], [25, []], [32, []], [33, [33, 34, 31, 29]], [34, []], [31, []], [29, []], [42, [42, 40]], [40, []], [11, []], [47, [47, 48, 49]], [48, []], [49, []]]], [[[13, [13, 12, 17, 20]]], [[3, [1]]], [[8, [8, 9, 10, 6]]], [[16, [16, 7, 21, 11]]], [[22, [22, 23, 27, 15]]], [[14, [14, 18, 19, 26]]], [[24, [24]]], [[5, [30, 25, 32]]], [[33, [33, 34, 31, 29]]], [[36, [36, 37, 38, 39]]], [[44, [44, 45, 35, 41]]], [[43, [43]], [42, [42, 40]]], [[47, [47, 48, 49]]], [[50, [50, 46, 28]]]]]",54.29461308,0,15,3,53.27448867,1,14,3.285714286,,,,23.544212061,0,32.04401579,0
45,test_data/data_demand_random_50_batch_all1_equal_cluster/C201_3.dat,4,120,4,1085.805844,"[[[[0, [1]], [14, [14, 16, 23, 26]], [16, []], [23, []], [26, []], [20, [20, 17, 24, 25]], [22, [22]], [17, []], [36, [36, 37, 38, 39]], [37, []], [38, []], [39, []], [43, [43, 44, 45, 46]], [44, []], [45, []], [24, []], [25, []], [46, []], [50, [50, 35, 33]], [35, []], [33, []], [1, []]], [[0, [3, 4, 2, 5]], [7, [7]], [9, [9, 8, 12, 13]], [8, []], [12, []], [13, []], [6, [6]], [19, [19, 18, 21]], [18, []], [3, []], [4, []], [2, []], [11, [15, 10, 11]], [5, []], [32, [32, 31, 34, 29]], [31, []], [30, [30, 27]], [34, []], [29, []], [28, [28, 41, 40]], [27, []], [41, []], [40, []], [42, [42]], [21, []], [15, []], [10, []], [47, [47, 48, 49]], [48, []], [49, []]]], [[[7, [7]]], [[9, [9, 8, 12, 13]]], [[6, [6]]], [[14, [14, 16, 23, 26]]], [[19, [19, 18, 21]]], [[11, [15, 10, 11]]], [[20, [20, 17, 24, 25]]], [[22, [22]]], [[32, [32, 31, 34, 29]]], [[30, [30, 27]]], [[28, [28, 41, 40]]], [[36, [36, 37, 38, 39]]], [[42, [42]]], [[43, [43, 44, 45, 46]]], [[47, [47, 48, 49]]], [[50, [50, 35, 33]]]]]",1087.078866,"[[[[0, [4, 5, 2, 3]], [7, [7, 11]], [11, []], [13, [13]], [4, []], [5, []], [15, [15, 14, 19, 20]], [2, []], [3, []], [14, []], [19, []], [20, []], [17, [17, 18, 16, 26]], [18, []], [16, []], [26, []], [25, [25, 32, 30, 34]], [32, []], [30, []], [34, []], [31, [31, 29, 28, 41]], [29, []], [28, []], [40, [40, 44, 43, 45]], [41, []], [44, []], [43, []], [45, []], [46, [46, 50, 35, 33]], [50, []], [35, []], [33, []]], [[0, [1]], [6, [6]], [12, [12, 10, 8, 9]], [10, []], [1, []], [8, []], [9, []], [23, [23, 21, 22, 27]], [21, []], [22, []], [27, []], [24, [24]], [36, [36, 37, 38, 39]], [37, []], [38, []], [39, []], [42, [42]], [47, [47, 48, 49]], [48, []], [49, []]]], [[[7, [7, 11]]], [[13, [13]], [6, [6]]], [[12, [12, 10, 8, 9]]], [[15, [15, 14, 19, 20]]], [[17, [17, 18, 16, 26]]], [[23, [23, 21, 22, 27]]], [[24, [24]]], [[25, [25, 32, 30, 34]]], [[31, [31, 29, 28, 41]]], [[36, [36, 37, 38, 39]]], [[42, [42]]], [[40, [40, 44, 43, 45]]], [[47, [47, 48, 49]]], [[46, [46, 50, 35, 33]]]]]",50.06851538,0,16,2.8125,56.55747608,1,14,3.214285714,,,,31.928834772,0,21.563193509,0
46,test_data/data_demand_random_50_batch_all1_equal_cluster/C201_3.dat,8,60,1,1121.083189,"[[[[0, [4, 3]], [10, [10, 14, 17, 16, 19, 20, 18, 9]], [4, []], [14, []], [9, []], [17, []], [16, []], [19, [27, 22, 7]], [27, []], [20, []], [38, [38, 36, 37, 39]], [36, []], [37, []], [39, []], [18, []], [22, []], [3, []], [7, [47, 48, 49]], [47, []], [48, []], [49, []]], [[0, [2, 5, 1]], [13, [13, 12, 8, 15, 11, 6, 21]], [12, []], [8, []], [15, []], [11, []], [6, []], [2, [25, 33, 31, 34, 24, 23, 26, 28]], [25, []], [33, []], [31, []], [34, []], [24, []], [23, []], [21, [42, 40, 41, 44, 43, 45, 29, 30]], [42, []], [40, []], [41, []], [44, []], [43, []], [45, []], [26, []], [28, [46, 50, 35, 32]], [29, []], [30, []], [46, []], [50, []], [35, []], [32, []], [5, []], [1, []]]], [[[10, [10, 14, 17, 16, 19, 20, 18, 9]]], [[13, [13, 12, 8, 15, 11, 6, 21]]], [[2, [25, 33, 31, 34, 24, 23, 26, 28]]], [[19, [27, 22, 7]]], [[38, [38, 36, 37, 39]]], [[21, [42, 40, 41, 44, 43, 45, 29, 30]]], [[7, [47, 48, 49]]], [[28, [46, 50, 35, 32]]]]]",,,42.34008343,0,8,5.625,,,,,,(not found),,71.329516814,0,,
47,test_data/data_demand_random_50_batch_all1_equal_cluster/C201_3.dat,8,90,2,1085.805844,"[[[[0, [5]], [15, [15, 19, 16, 14, 6, 9, 13, 8]], [19, []], [16, []], [14, []], [6, []], [9, []], [13, []], [8, []], [12, [12]], [36, [36, 37, 38, 39, 41, 40]], [37, [25, 30, 32]], [38, []], [39, []], [41, []], [40, []], [44, [44, 43, 45, 23, 24]], [43, []], [45, []], [23, []], [24, []], [25, []], [50, [50, 46]], [46, []], [30, []], [32, []], [5, []]], [[0, [18, 1, 3, 4, 2]], [18, []], [1, []], [3, []], [21, [21, 17, 22, 7, 20, 10, 11]], [17, []], [22, []], [4, []], [7, []], [34, [34, 31, 29, 35, 28, 26, 27, 33]], [31, []], [29, []], [33, []], [35, []], [28, []], [26, []], [27, []], [42, [42]], [20, []], [2, []], [10, []], [11, []], [47, [47, 48, 49]], [48, []], [49, []]]], [[[21, [21, 17, 22, 7, 20, 10, 11]]], [[15, [15, 19, 16, 14, 6, 9, 13, 8]]], [[12, [12]]], [[34, [34, 31, 29, 35, 28, 26, 27, 33]]], [[36, [36, 37, 38, 39, 41, 40]]], [[37, [25, 30, 32]]], [[42, [42]]], [[44, [44, 43, 45, 23, 24]]], [[47, [47, 48, 49]]], [[50, [50, 46]]]]]",1133.02519,"[[[[0, [3, 4, 2]], [14, [14, 17, 20, 9, 7, 6, 11, 15]], [17, []], [20, []], [15, []], [3, []], [9, []], [7, []], [6, []], [4, []], [2, []], [22, [22]], [30, [30, 31, 34, 29, 28, 21, 23]], [31, []], [34, []], [29, []], [28, []], [11, []], [40, [40, 41, 44, 43, 45, 42, 25, 35]], [41, []], [44, []], [43, []], [45, []], [42, []], [21, []], [23, []], [25, []], [35, []], [50, [50, 46, 33, 32]], [46, []], [33, []], [32, []]], [[0, [5, 1]], [18, [18, 12, 8, 13, 16, 19, 10]], [12, []], [8, []], [13, []], [5, []], [24, [24, 27, 26]], [16, []], [36, [36, 38, 37, 39]], [38, []], [37, []], [39, []], [19, []], [27, []], [26, []], [1, []], [10, []], [47, [47, 48, 49]], [48, []], [49, []]]], [[[14, [14, 17, 20, 9, 7, 6, 11, 15]]], [[18, [18, 12, 8, 13, 16, 19, 10]]], [[24, [24, 27, 26]], [22, [22]]], [[30, [30, 31, 34, 29, 28, 21, 23]]], [[36, [36, 38, 37, 39]]], [[40, [40, 41, 44, 43, 45, 42, 25, 35]]], [[47, [47, 48, 49]]], [[50, [50, 46, 33, 32]]]]]",58.94107713,0,10,4.4,57.65838016,1,8,5.625,,,,34.7036782,0,68.704710861,0
48,test_data/data_demand_random_50_batch_all1_equal_cluster/C201_3.dat,8,120,4,1085.805844,"[[[[0, [1]], [14, [14, 16, 23, 26]], [16, []], [23, []], [26, []], [20, [20, 17, 24, 25]], [22, [22]], [17, []], [36, [36, 37, 38, 39]], [37, []], [38, []], [39, []], [43, [43, 44, 45, 46]], [44, []], [45, []], [24, []], [25, []], [46, []], [50, [50, 35, 33]], [35, []], [33, []], [1, []]], [[0, [3, 4, 2, 5]], [7, [7]], [9, [9, 8, 12, 13]], [8, []], [12, []], [13, []], [6, [6]], [19, [19, 18, 21]], [18, []], [3, []], [4, []], [2, []], [11, [15, 10, 11]], [5, []], [32, [32, 31, 34, 29]], [31, []], [30, [30, 27]], [34, []], [29, []], [28, [28, 41, 40]], [27, []], [41, []], [40, []], [42, [42]], [21, []], [15, []], [10, []], [47, [47, 48, 49]], [48, []], [49, []]]], [[[7, [7]]], [[9, [9, 8, 12, 13]]], [[6, [6]]], [[14, [14, 16, 23, 26]]], [[19, [19, 18, 21]]], [[11, [15, 10, 11]]], [[20, [20, 17, 24, 25]]], [[22, [22]]], [[32, [32, 31, 34, 29]]], [[30, [30, 27]]], [[28, [28, 41, 40]]], [[36, [36, 37, 38, 39]]], [[42, [42]]], [[43, [43, 44, 45, 46]]], [[47, [47, 48, 49]]], [[50, [50, 35, 33]]]]]",1192.323808,"[[[[0, [5, 4, 2]], [10, [10, 8, 6]], [8, []], [6, [14, 15, 18, 17, 21]], [14, []], [5, []], [4, []], [15, []], [18, []], [17, []], [27, [27, 22, 25]], [21, []], [22, [34, 31, 29, 28, 23]], [2, []], [25, []], [34, []], [31, []], [29, []], [28, []], [23, []], [42, [42, 41, 44, 43, 45, 24, 30, 35]], [41, []], [44, []], [43, []], [45, []], [24, []], [30, []], [46, [46, 50, 33, 32]], [50, []], [35, []], [33, []], [32, []]], [[0, [3, 1]], [9, [9, 13]], [20, [20, 7, 11, 12, 16, 19]], [3, []], [7, []], [1, []], [11, []], [12, []], [16, []], [26, [26]], [40, [40, 39, 38, 37, 36]], [19, []], [39, []], [38, []], [37, []], [36, []], [49, [49, 48, 47]], [48, []], [47, []], [13, []]]], [[[10, [10, 8, 6]]], [[9, [9, 13]]], [[6, [14, 15, 18, 17, 21]]], [[20, [20, 7, 11, 12, 16, 19]]], [[26, [26]], [27, [27, 22, 25]]], [[22, [34, 31, 29, 28, 23]]], [[40, [40, 39, 38, 37, 36]]], [[42, [42, 41, 44, 43, 45, 24, 30, 35]]], [[49, [49, 48, 47]]], [[46, [46, 50, 33, 32]]]]]",50.06851538,0,16,2.8125,53.29485653,1,10,4.5,,,A8L120<=A4L120,31.928834772,0,48.937215697,0
49,test_data/data_demand_random_50_batch_all1_equal_cluster/RC101_0.5.dat,4,60,1,776,"[[[[0, [20, 38, 39, 1, 2, 3, 11, 12, 50, 46, 47, 48, 49, 29, 28, 27, 26, 25]], [20, []], [38, []], [39, []], [1, []], [2, []], [3, []], [11, []], [12, []], [50, []], [46, []], [47, []], [48, []], [49, []], [29, []], [28, []], [27, []], [26, []], [25, []]], [[0, [6, 7, 8, 9, 10, 19, 18, 17, 16, 15, 36, 37, 5, 4, 14, 30, 31, 32, 34, 33, 35, 13, 44, 43, 42, 45, 41, 40, 24, 22, 23, 21]], [6, []], [7, []], [8, []], [9, []], [10, []], [19, []], [18, []], [17, []], [16, []], [15, []], [36, []], [37, []], [5, []], [4, []], [14, []], [30, []], [31, []], [32, []], [34, []], [33, []], [35, []], [13, []], [44, []], [43, []], [42, []], [45, []], [41, []], [40, []], [24, []], [22, []], [23, []], [21, []]]], []]",,,0,0,0,0,,,,,results/sol_best_RC101_0.5.dat_A4_L60_pid2664.txt,(not found),,0,0,,
50,test_data/data_demand_random_50_batch_all1_equal_cluster/RC101_0.5.dat,4,90,3,768,"[[[[0, [20, 39, 38, 37, 36, 5, 4, 14, 12, 11, 13, 50, 46, 47, 48, 49, 29, 28, 27, 26, 25]], [20, []], [39, []], [38, []], [37, []], [36, []], [5, []], [4, []], [14, []], [12, []], [11, []], [13, []], [50, []], [46, []], [47, []], [48, []], [49, []], [29, []], [28, []], [27, []], [26, []], [25, []]], [[0, [6, 7, 8, 9, 10, 19, 18, 17, 16, 15, 1, 2, 3, 30, 31, 32, 34, 33, 35, 44, 43, 42, 45, 41, 40, 24, 22, 23, 21]], [6, []], [7, []], [8, []], [9, []], [10, []], [19, []], [18, []], [17, []], [16, []], [15, []], [1, []], [2, []], [3, []], [30, []], [31, []], [32, []], [34, []], [33, []], [35, []], [44, []], [43, []], [42, []], [45, []], [41, []], [40, []], [24, []], [22, []], [23, []], [21, []]]], []]",,,0,0,0,0,,,,,results/sol_best_RC101_0.5.dat_A4_L90_pid2773.txt,(not found),,0,0,,
51,test_data/data_demand_random_50_batch_all1_equal_cluster/RC101_0.5.dat,4,120,3,768,"[[[[0, [20, 39, 38, 37, 36, 5, 4, 14, 12, 11, 13, 50, 46, 47, 48, 49, 29, 28, 27, 26, 25]], [20, []], [39, []], [38, []], [37, []], [36, []], [5, []], [4, []], [14, []], [12, []], [11, []], [13, []], [50, []], [46, []], [47, []], [48, []], [49, []], [29, []], [28, []], [27, []], [26, []], [25, []]], [[0, [6, 7, 8, 9, 10, 19, 18, 17, 16, 15, 1, 2, 3, 30, 31, 32, 34, 33, 35, 44, 43, 42, 45, 41, 40, 24, 22, 23, 21]], [6, []], [7, []], [8, []], [9, []], [10, []], [19, []], [18, []], [17, []], [16, []], [15, []], [1, []], [2, []], [3, []], [30, []], [31, []], [32, []], [34, []], [33, []], [35, []], [44, []], [43, []], [42, []], [45, []], [41, []], [40, []], [24, []], [22, []], [23, []], [21, []]]], []]",,,0,0,0,0,,,,,results/sol_best_RC101_0.5.dat_A4_L90_pid2773.txt,(not found),A4L120<=A4L90,0,0,,
52,test_data/data_demand_random_50_batch_all1_equal_cluster/RC101_0.5.dat,8,60,1,768,"[[[[0, [20, 39, 38, 37, 36, 5, 4, 11, 12, 50, 47, 46, 48, 49, 29, 28, 27, 26, 25]], [20, []], [39, []], [38, []], [37, []], [36, []], [5, []], [4, []], [11, []], [12, []], [50, []], [47, []], [46, []], [48, []], [49, []], [29, []], [28, []], [27, []], [26, []], [25, []]], [[0, [6, 7, 8, 9, 10, 19, 18, 17, 16, 15, 1, 2, 3, 14, 30, 31, 32, 34, 33, 35, 13, 44, 43, 42, 45, 41, 40, 24, 22, 23, 21]], [6, []], [7, []], [8, []], [9, []], [10, []], [19, []], [18, []], [17, []], [16, []], [15, []], [1, []], [2, []], [3, []], [14, []], [30, []], [31, []], [32, []], [34, []], [33, []], [35, []], [13, []], [44, []], [43, []], [42, []], [45, []], [41, []], [40, []], [24, []], [22, []], [23, []], [21, []]]], []]",,,0,0,0,0,,,,,results/sol_best_RC101_0.5.dat_A8_L60_pid2813.txt,(not found),,0,0,,
53,test_data/data_demand_random_50_batch_all1_equal_cluster/RC101_0.5.dat,8,90,3,768,"[[[[0, [20, 39, 38, 37, 36, 5, 4, 14, 12, 11, 13, 50, 46, 47, 48, 49, 29, 28, 27, 26, 25]], [20, []], [39, []], [38, []], [37, []], [36, []], [5, []], [4, []], [14, []], [12, []], [11, []], [13, []], [50, []], [46, []], [47, []], [48, []], [49, []], [29, []], [28, []], [27, []], [26, []], [25, []]], [[0, [6, 7, 8, 9, 10, 19, 18, 17, 16, 15, 1, 2, 3, 30, 31, 32, 34, 33, 35, 44, 43, 42, 45, 41, 40, 24, 22, 23, 21]], [6, []], [7, []], [8, []], [9, []], [10, []], [19, []], [18, []], [17, []], [16, []], [15, []], [1, []], [2, []], [3, []], [30, []], [31, []], [32, []], [34, []], [33, []], [35, []], [44, []], [43, []], [42, []], [45, []], [41, []], [40, []], [24, []], [22, []], [23, []], [21, []]]], []]",,,0,0,0,0,,,,,results/sol_best_RC101_0.5.dat_A4_L90_pid2773.txt,(not found),A8L90<=A4L90,0,0,,
54,test_data/data_demand_random_50_batch_all1_equal_cluster/RC101_0.5.dat,8,120,3,768,"[[[[0, [20, 39, 38, 37, 36, 5, 4, 14, 12, 11, 13, 50, 46, 47, 48, 49, 29, 28, 27, 26, 25]], [20, []], [39, []], [38, []], [37, []], [36, []], [5, []], [4, []], [14, []], [12, []], [11, []], [13, []], [50, []], [46, []], [47, []], [48, []], [49, []], [29, []], [28, []], [27, []], [26, []], [25, []]], [[0, [6, 7, 8, 9, 10, 19, 18, 17, 16, 15, 1, 2, 3, 30, 31, 32, 34, 33, 35, 44, 43, 42, 45, 41, 40, 24, 22, 23, 21]], [6, []], [7, []], [8, []], [9, []], [10, []], [19, []], [18, []], [17, []], [16, []], [15, []], [1, []], [2, []], [3, []], [30, []], [31, []], [32, []], [34, []], [33, []], [35, []], [44, []], [43, []], [42, []], [45, []], [41, []], [40, []], [24, []], [22, []], [23, []], [21, []]]], []]",,,0,0,0,0,,,,,results/sol_best_RC101_0.5.dat_A4_L90_pid2773.txt,(not found),A8L120<=A4L120,0,0,,
55,test_data/data_demand_random_50_batch_all1_equal_cluster/RC101_1.5.dat,4,60,1,1108,"[[[[0, [8, 23, 6, 5, 4, 3, 2, 41, 42, 38, 37, 36, 35, 34, 32, 31, 33, 17, 22, 39, 40, 21, 20, 19, 18, 16, 15]], [8, []], [23, []], [6, []], [5, []], [4, []], [3, []], [2, []], [41, []], [42, []], [38, []], [37, []], [36, []], [35, []], [34, []], [32, []], [31, []], [33, []], [17, []], [22, []], [39, []], [40, []], [21, []], [20, []], [19, []], [18, []], [16, []], [15, []]], [[0, [1, 7, 28, 27, 26, 24, 25, 14, 12, 13, 11, 9, 10, 45, 46, 47, 48, 49, 50, 44, 43, 30, 29]], [1, []], [7, []], [28, []], [27, []], [26, []], [24, []], [25, []], [14, []], [12, []], [13, []], [11, []], [9, []], [10, []], [45, []], [46, []], [47, []], [48, []], [49, []], [50, []], [44, []], [43, []], [30, []], [29, []]]], []]",,,0,0,0,0,,,,,results/sol_best_RC101_1.5.dat_A4_L60_pid2767.txt,(not found),,0,0,,
56,test_data/data_demand_random_50_batch_all1_equal_cluster/RC101_1.5.dat,4,90,2,1108,"[[[[0, [8, 23, 6, 5, 4, 3, 2, 41, 42, 38, 37, 36, 35, 34, 32, 31, 33, 17, 22, 39, 40, 21, 20, 19, 18, 16, 15]], [8, []], [23, []], [6, []], [5, []], [4, []], [3, []], [2, []], [41, []], [42, []], [38, []], [37, []], [36, []], [35, []], [34, []], [32, []], [31, []], [33, []], [17, []], [22, []], [39, []], [40, []], [21, []], [20, []], [19, []], [18, []], [16, []], [15, []]], [[0, [1, 7, 28, 27, 26, 25, 24, 9, 10, 11, 14, 12, 13, 45, 46, 47, 48, 49, 50, 44, 43, 30, 29]], [1, []], [7, []], [28, []], [27, []], [26, []], [25, []], [24, []], [9, []], [10, []], [11, []], [14, []], [12, []], [13, []], [45, []], [46, []], [47, []], [48, []], [49, []], [50, []], [44, []], [43, []], [30, []], [29, []]]], []]",,,0,0,0,0,,,,,results/sol_best_RC101_1.5.dat_A4_L90_pid2749.txt,(not found),,0,0,,
57,test_data/data_demand_random_50_batch_all1_equal_cluster/RC101_1.5.dat,4,120,2,1108,"[[[[0, [8, 23, 6, 5, 4, 3, 2, 41, 42, 38, 37, 36, 35, 34, 32, 31, 33, 17, 22, 39, 40, 21, 20, 19, 18, 16, 15]], [8, []], [23, []], [6, []], [5, []], [4, []], [3, []], [2, []], [41, []], [42, []], [38, []], [37, []], [36, []], [35, []], [34, []], [32, []], [31, []], [33, []], [17, []], [22, []], [39, []], [40, []], [21, []], [20, []], [19, []], [18, []], [16, []], [15, []]], [[0, [1, 7, 28, 27, 26, 25, 24, 9, 10, 11, 14, 12, 13, 45, 46, 47, 48, 49, 50, 44, 43, 30, 29]], [1, []], [7, []], [28, []], [27, []], [26, []], [25, []], [24, []], [9, []], [10, []], [11, []], [14, []], [12, []], [13, []], [45, []], [46, []], [47, []], [48, []], [49, []], [50, []], [44, []], [43, []], [30, []], [29, []]]], []]",,,0,0,0,0,,,,,results/sol_best_RC101_1.5.dat_A4_L90_pid2749.txt,(not found),A4L120<=A4L90,0,0,,
58,test_data/data_demand_random_50_batch_all1_equal_cluster/RC101_1.5.dat,8,60,2,1104,"[[[[0, [24, 23, 6, 5, 4, 3, 2, 41, 42, 38, 37, 36, 35, 34, 32, 31, 33, 17, 22, 39, 40, 21, 20, 19, 18, 16, 15]], [24, []], [23, []], [6, []], [5, []], [4, []], [3, []], [2, []], [41, []], [42, []], [38, []], [37, []], [36, []], [35, []], [34, []], [32, []], [31, []], [33, []], [17, []], [22, []], [39, []], [40, []], [21, []], [20, []], [19, []], [18, []], [16, []], [15, []]], [[0, [1, 7, 28, 27, 26, 25, 14, 13, 12, 11, 10, 9, 8, 45, 46, 47, 48, 49, 50, 44, 43, 30, 29]], [1, []], [7, []], [28, []], [27, []], [26, []], [25, []], [14, []], [13, []], [12, []], [11, []], [10, []], [9, []], [8, []], [45, []], [46, []], [47, []], [48, []], [49, []], [50, []], [44, []], [43, []], [30, []], [29, []]]], []]",,,0,0,0,0,,,,,results/sol_best_RC101_1.5.dat_A8_L60_pid2750.txt,(not found),,0,0,,
59,test_data/data_demand_random_50_batch_all1_equal_cluster/RC101_1.5.dat,8,90,2,1108,"[[[[0, [8, 23, 6, 5, 4, 3, 2, 41, 42, 38, 37, 36, 35, 34, 32, 31, 33, 17, 22, 39, 40, 21, 20, 19, 18, 16, 15]], [8, []], [23, []], [6, []], [5, []], [4, []], [3, []], [2, []], [41, []], [42, []], [38, []], [37, []], [36, []], [35, []], [34, []], [32, []], [31, []], [33, []], [17, []], [22, []], [39, []], [40, []], [21, []], [20, []], [19, []], [18, []], [16, []], [15, []]], [[0, [1, 7, 28, 27, 26, 25, 24, 9, 10, 11, 14, 12, 13, 45, 46, 47, 48, 49, 50, 44, 43, 30, 29]], [1, []], [7, []], [28, []], [27, []], [26, []], [25, []], [24, []], [9, []], [10, []], [11, []], [14, []], [12, []], [13, []], [45, []], [46, []], [47, []], [48, []], [49, []], [50, []], [44, []], [43, []], [30, []], [29, []]]], []]",,,0,0,0,0,,,,,results/sol_best_RC101_1.5.dat_A4_L90_pid2749.txt,,A8L90<=A4L90,0,0,,
60,test_data/data_demand_random_50_batch_all1_equal_cluster/RC101_1.5.dat,8,120,2,1108,"[[[[0, [8, 23, 6, 5, 4, 3, 2, 41, 42, 38, 37, 36, 35, 34, 32, 31, 33, 17, 22, 39, 40, 21, 20, 19, 18, 16, 15]], [8, []], [23, []], [6, []], [5, []], [4, []], [3, []], [2, []], [41, []], [42, []], [38, []], [37, []], [36, []], [35, []], [34, []], [32, []], [31, []], [33, []], [17, []], [22, []], [39, []], [40, []], [21, []], [20, []], [19, []], [18, []], [16, []], [15, []]], [[0, [1, 7, 28, 27, 26, 25, 24, 9, 10, 11, 14, 12, 13, 45, 46, 47, 48, 49, 50, 44, 43, 30, 29]], [1, []], [7, []], [28, []], [27, []], [26, []], [25, []], [24, []], [9, []], [10, []], [11, []], [14, []], [12, []], [13, []], [45, []], [46, []], [47, []], [48, []], [49, []], [50, []], [44, []], [43, []], [30, []], [29, []]]], []]",,,0,0,0,0,,,,,results/sol_best_RC101_1.5.dat_A4_L90_pid2749.txt,,A8L120<=A4L120,0,0,,
61,test_data/data_demand_random_50_batch_all1_equal_cluster/RC101_1.dat,4,60,1,1012,"[[[[0, [1, 2, 3, 16, 17, 18, 38, 39, 40, 41, 15, 49, 50, 48, 27, 29, 45, 46, 47, 44, 42, 43, 28, 26]], [1, []], [2, []], [3, []], [16, []], [17, []], [18, []], [38, []], [39, []], [40, []], [41, []], [15, []], [49, []], [50, []], [48, []], [27, []], [29, []], [45, []], [46, []], [47, []], [44, []], [42, []], [43, []], [28, []], [26, []]], [[0, [7, 8, 9, 10, 11, 12, 22, 21, 20, 19, 23, 24, 25, 37, 6, 5, 4, 14, 13, 36, 35, 34, 33, 32, 31, 30]], [7, []], [8, []], [9, []], [10, []], [11, []], [12, []], [22, []], [21, []], [20, []], [19, []], [23, []], [24, []], [25, []], [37, []], [6, []], [5, []], [4, []], [14, []], [13, []], [36, []], [35, []], [34, []], [33, []], [32, []], [31, []], [30, []]]], []]",,,0,0,0,0,,,,,results/sol_best_RC101_1.dat_A4_L60_pid2878.txt,(not found),,0,0,,
62,test_data/data_demand_random_50_batch_all1_equal_cluster/RC101_1.dat,4,90,1,1012,"[[[[0, [1, 6, 5, 4, 3, 16, 17, 41, 15, 49, 50, 48, 27, 29, 45, 46, 47, 44, 42, 43, 28, 26]], [1, []], [6, []], [5, []], [4, []], [3, []], [16, []], [17, []], [41, []], [15, []], [49, []], [50, []], [48, []], [27, []], [29, []], [45, []], [46, []], [47, []], [44, []], [42, []], [43, []], [28, []], [26, []]], [[0, [7, 9, 8, 10, 11, 12, 22, 21, 20, 19, 23, 24, 25, 2, 18, 14, 13, 36, 35, 34, 33, 32, 31, 30]], [7, []], [9, []], [8, []], [10, []], [11, []], [12, [37, 38, 39, 40]], [22, []], [21, []], [20, []], [19, []], [23, []], [24, []], [25, []], [37, []], [2, []], [38, []], [18, []], [40, []], [39, []], [14, []], [13, []], [36, []], [35, []], [34, []], [33, []], [32, []], [31, []], [30, []]]], [[[12, [37, 38, 39, 40]]]]]",,,88.40814442,0,1,4,,,,,results/sol_best_RC101_1.dat_A4_L90_pid2789.txt,(not found),,0,0,,
63,test_data/data_demand_random_50_batch_all1_equal_cluster/RC101_1.dat,4,120,1,1012,"[[[[0, [1, 6, 5, 4, 3, 16, 17, 41, 15, 49, 50, 48, 27, 29, 45, 46, 47, 44, 42, 43, 28, 26]], [1, []], [6, []], [5, []], [4, []], [3, []], [16, []], [17, []], [41, []], [15, []], [49, []], [50, []], [48, []], [27, []], [29, []], [45, []], [46, []], [47, []], [44, []], [42, []], [43, []], [28, []], [26, []]], [[0, [7, 9, 8, 10, 11, 12, 22, 21, 20, 19, 23, 24, 25, 2, 18, 14, 13, 36, 35, 34, 33, 32, 31, 30]], [7, []], [9, []], [8, []], [10, []], [11, []], [12, [37, 38, 39, 40]], [22, []], [21, []], [20, []], [19, []], [23, []], [24, []], [25, []], [37, []], [2, []], [38, []], [18, []], [40, []], [39, []], [14, []], [13, []], [36, []], [35, []], [34, []], [33, []], [32, []], [31, []], [30, []]]], [[[12, [37, 38, 39, 40]]]]]",,,88.40814442,0,1,4,,,,,results/sol_best_RC101_1.dat_A4_L90_pid2789.txt,,A4L120<=A4L90,0,0,,
64,test_data/data_demand_random_50_batch_all1_equal_cluster/RC101_1.dat,8,60,1,1012,"[[[[0, [1, 2, 3, 16, 17, 18, 38, 39, 40, 14, 13, 15, 49, 50, 48, 27, 29, 45, 46, 47, 44, 42, 43, 28, 26]], [1, []], [2, []], [3, []], [16, []], [17, []], [18, []], [38, []], [39, []], [40, []], [14, []], [13, []], [15, []], [49, []], [50, []], [48, []], [27, []], [29, []], [45, []], [46, []], [47, []], [44, []], [42, []], [43, []], [28, []], [26, []]], [[0, [7, 8, 9, 10, 11, 12, 22, 21, 20, 19, 23, 24, 25, 37, 6, 5, 4, 41, 36, 35, 34, 33, 32, 31, 30]], [7, []], [8, []], [9, []], [10, []], [11, []], [12, []], [22, []], [21, []], [20, []], [19, []], [23, []], [24, []], [25, []], [37, []], [6, []], [5, []], [4, []], [41, []], [36, []], [35, []], [34, []], [33, []], [32, []], [31, []], [30, []]]], []]",,,0,0,0,0,,,,,results/sol_best_RC101_1.dat_A8_L60_pid2678.txt,(not found),,0,0,,
65,test_data/data_demand_random_50_batch_all1_equal_cluster/RC101_1.dat,8,90,1,1012,"[[[[0, [1, 6, 5, 4, 3, 16, 17, 41, 15, 49, 50, 48, 27, 29, 45, 46, 47, 44, 42, 43, 28, 26]], [1, []], [6, []], [5, []], [4, []], [3, []], [16, []], [17, []], [41, []], [15, []], [49, []], [50, []], [48, []], [27, []], [29, []], [45, []], [46, []], [47, []], [44, []], [42, []], [43, []], [28, []], [26, []]], [[0, [7, 9, 8, 10, 11, 12, 22, 21, 20, 19, 23, 24, 25, 2, 18, 14, 13, 36, 35, 34, 33, 32, 31, 30]], [7, []], [9, []], [8, []], [10, []], [11, []], [12, [37, 38, 39, 40]], [22, []], [21, []], [20, []], [19, []], [23, []], [24, []], [25, []], [37, []], [2, []], [38, []], [18, []], [40, []], [39, []], [14, []], [13, []], [36, []], [35, []], [34, []], [33, []], [32, []], [31, []], [30, []]]], [[[12, [37, 38, 39, 40]]]]]",,,88.40814442,0,1,4,,,,,results/sol_best_RC101_1.dat_A4_L90_pid2789.txt,,A8L90<=A4L90,0,0,,
66,test_data/data_demand_random_50_batch_all1_equal_cluster/RC101_1.dat,8,120,1,1012,"[[[[0, [1, 6, 5, 4, 3, 16, 17, 41, 15, 49, 50, 48, 27, 29, 45, 46, 47, 44, 42, 43, 28, 26]], [1, []], [6, []], [5, []], [4, []], [3, []], [16, []], [17, []], [41, []], [15, []], [49, []], [50, []], [48, []], [27, []], [29, []], [45, []], [46, []], [47, []], [44, []], [42, []], [43, []], [28, []], [26, []]], [[0, [7, 9, 8, 10, 11, 12, 22, 21, 20, 19, 23, 24, 25, 2, 18, 14, 13, 36, 35, 34, 33, 32, 31, 30]], [7, []], [9, []], [8, []], [10, []], [11, []], [12, [37, 38, 39, 40]], [22, []], [21, []], [20, []], [19, []], [23, []], [24, []], [25, []], [37, []], [2, []], [38, []], [18, []], [40, []], [39, []], [14, []], [13, []], [36, []], [35, []], [34, []], [33, []], [32, []], [31, []], [30, []]]], [[[12, [37, 38, 39, 40]]]]]",,,88.40814442,0,1,4,,,,,results/sol_best_RC101_1.dat_A4_L90_pid2789.txt,,A8L120<=A4L120,0,0,,
67,test_data/data_demand_random_50_batch_all1_equal_cluster/RC101_2.5.dat,4,60,3,1377,"[[[[0, [2, 3, 4, 32, 30, 31, 33, 34, 35, 1, 12, 26, 28, 27, 29, 39, 10, 9, 38, 11, 40, 41, 42, 44, 43, 21, 20, 18, 19, 17]], [2, []], [3, []], [4, []], [32, []], [30, []], [31, []], [33, []], [34, []], [35, []], [1, []], [12, []], [26, []], [28, []], [27, []], [29, []], [39, []], [10, []], [9, []], [38, []], [11, []], [40, []], [41, []], [42, []], [44, []], [43, []], [21, []], [20, []], [18, []], [19, []], [17, []]], [[0, [13, 14, 15, 16, 36, 37, 8, 7, 6, 5, 22, 23, 24, 25, 50, 49, 48, 47, 46, 45]], [13, []], [14, []], [15, []], [16, []], [36, []], [37, []], [8, []], [7, []], [6, []], [5, []], [22, []], [23, []], [24, []], [25, []], [50, []], [49, []], [48, []], [47, []], [46, []], [45, []]]], []]",,,0,0,0,0,,,,,results/sol_best_RC101_2.5.dat_A4_L60_pid2742.txt,(not found),,0,0,,
68,test_data/data_demand_random_50_batch_all1_equal_cluster/RC101_2.5.dat,4,90,3,1377,"[[[[0, [2, 3, 4, 32, 30, 31, 33, 34, 35, 1, 12, 26, 28, 27, 29, 39, 10, 9, 38, 11, 40, 41, 42, 44, 43, 21, 20, 18, 19, 17]], [2, []], [3, []], [4, []], [32, []], [30, []], [31, []], [33, []], [34, []], [35, []], [1, []], [12, []], [26, []], [28, []], [27, []], [29, []], [39, []], [10, []], [9, []], [38, []], [11, []], [40, []], [41, []], [42, []], [44, []], [43, []], [21, []], [20, []], [18, []], [19, []], [17, []]], [[0, [13, 14, 15, 16, 36, 37, 8, 7, 6, 5, 22, 23, 24, 25, 50, 49, 48, 47, 46, 45]], [13, []], [14, []], [15, []], [16, []], [36, []], [37, []], [8, []], [7, []], [6, []], [5, []], [22, []], [23, []], [24, []], [25, []], [50, []], [49, []], [48, []], [47, []], [46, []], [45, []]]], []]",,,0,0,0,0,,,,,results/sol_best_RC101_2.5.dat_A4_L60_pid2742.txt,(not found),A4L90<=A4L60,0,0,,
69,test_data/data_demand_random_50_batch_all1_equal_cluster/RC101_2.5.dat,4,120,3,1377,"[[[[0, [2, 3, 4, 32, 30, 31, 33, 34, 35, 1, 12, 26, 28, 27, 29, 39, 10, 9, 38, 11, 40, 41, 42, 44, 43, 21, 20, 18, 19, 17]], [2, []], [3, []], [4, []], [32, []], [30, []], [31, []], [33, []], [34, []], [35, []], [1, []], [12, []], [26, []], [28, []], [27, []], [29, []], [39, []], [10, []], [9, []], [38, []], [11, []], [40, []], [41, []], [42, []], [44, []], [43, []], [21, []], [20, []], [18, []], [19, []], [17, []]], [[0, [13, 14, 15, 16, 36, 37, 8, 7, 6, 5, 22, 23, 24, 25, 50, 49, 48, 47, 46, 45]], [13, []], [14, []], [15, []], [16, []], [36, []], [37, []], [8, []], [7, []], [6, []], [5, []], [22, []], [23, []], [24, []], [25, []], [50, []], [49, []], [48, []], [47, []], [46, []], [45, []]]], []]",,,0,0,0,0,,,,,results/sol_best_RC101_2.5.dat_A4_L60_pid2742.txt,(not found),A4L120<=A4L90,0,0,,
70,test_data/data_demand_random_50_batch_all1_equal_cluster/RC101_2.5.dat,8,60,3,1377,"[[[[0, [2, 3, 4, 32, 30, 31, 33, 34, 35, 1, 12, 26, 28, 27, 29, 39, 10, 9, 38, 11, 40, 41, 42, 44, 43, 21, 20, 18, 19, 17]], [2, []], [3, []], [4, []], [32, []], [30, []], [31, []], [33, []], [34, []], [35, []], [1, []], [12, []], [26, []], [28, []], [27, []], [29, []], [39, []], [10, []], [9, []], [38, []], [11, []], [40, []], [41, []], [42, []], [44, []], [43, []], [21, []], [20, []], [18, []], [19, []], [17, []]], [[0, [13, 14, 15, 16, 36, 37, 8, 7, 6, 5, 22, 23, 24, 25, 50, 49, 48, 47, 46, 45]], [13, []], [14, []], [15, []], [16, []], [36, []], [37, []], [8, []], [7, []], [6, []], [5, []], [22, []], [23, []], [24, []], [25, []], [50, []], [49, []], [48, []], [47, []], [46, []], [45, []]]], []]",,,0,0,0,0,,,,,results/sol_best_RC101_2.5.dat_A4_L60_pid2742.txt,(not found),A8L60<=A4L60,0,0,,
71,test_data/data_demand_random_50_batch_all1_equal_cluster/RC101_2.5.dat,8,90,3,1377,"[[[[0, [2, 3, 4, 32, 30, 31, 33, 34, 35, 1, 12, 26, 28, 27, 29, 39, 10, 9, 38, 11, 40, 41, 42, 44, 43, 21, 20, 18, 19, 17]], [2, []], [3, []], [4, []], [32, []], [30, []], [31, []], [33, []], [34, []], [35, []], [1, []], [12, []], [26, []], [28, []], [27, []], [29, []], [39, []], [10, []], [9, []], [38, []], [11, []], [40, []], [41, []], [42, []], [44, []], [43, []], [21, []], [20, []], [18, []], [19, []], [17, []]], [[0, [13, 14, 15, 16, 36, 37, 8, 7, 6, 5, 22, 23, 24, 25, 50, 49, 48, 47, 46, 45]], [13, []], [14, []], [15, []], [16, []], [36, []], [37, []], [8, []], [7, []], [6, []], [5, []], [22, []], [23, []], [24, []], [25, []], [50, []], [49, []], [48, []], [47, []], [46, []], [45, []]]], []]",,,0,0,0,0,,,,,results/sol_best_RC101_2.5.dat_A4_L60_pid2742.txt,(not found),A8L90<=A4L90,0,0,,
72,test_data/data_demand_random_50_batch_all1_equal_cluster/RC101_2.5.dat,8,120,3,1377,"[[[[0, [2, 3, 4, 32, 30, 31, 33, 34, 35, 1, 12, 26, 28, 27, 29, 39, 10, 9, 38, 11, 40, 41, 42, 44, 43, 21, 20, 18, 19, 17]], [2, []], [3, []], [4, []], [32, []], [30, []], [31, []], [33, []], [34, []], [35, []], [1, []], [12, []], [26, []], [28, []], [27, []], [29, []], [39, []], [10, []], [9, []], [38, []], [11, []], [40, []], [41, []], [42, []], [44, []], [43, []], [21, []], [20, []], [18, []], [19, []], [17, []]], [[0, [13, 14, 15, 16, 36, 37, 8, 7, 6, 5, 22, 23, 24, 25, 50, 49, 48, 47, 46, 45]], [13, []], [14, []], [15, []], [16, []], [36, []], [37, []], [8, []], [7, []], [6, []], [5, []], [22, []], [23, []], [24, []], [25, []], [50, []], [49, []], [48, []], [47, []], [46, []], [45, []]]], []]",,,0,0,0,0,,,,,results/sol_best_RC101_2.5.dat_A4_L60_pid2742.txt,(not found),A8L120<=A4L120,0,0,,
73,test_data/data_demand_random_50_batch_all1_equal_cluster/RC101_2.dat,4,60,3,1341,"[[[[0, [1, 6, 5, 4, 3, 13, 15, 47, 46, 45, 32, 31, 30, 29, 27, 28, 26, 48, 49, 50, 35, 34]], [1, []], [6, []], [5, []], [4, []], [3, []], [13, []], [15, []], [47, []], [46, []], [45, []], [32, []], [31, []], [30, []], [29, []], [27, []], [28, []], [26, []], [48, []], [49, []], [50, []], [35, []], [34, []]], [[0, [19, 18, 17, 20, 43, 44, 14, 16, 2, 40, 41, 42, 25, 23, 24, 12, 11, 10, 9, 8, 21, 22, 7, 37, 38, 39, 36, 33]], [19, []], [18, []], [17, []], [20, []], [43, []], [44, []], [14, []], [16, []], [2, []], [40, []], [41, []], [42, []], [25, []], [23, []], [24, []], [12, []], [11, []], [10, []], [9, []], [8, []], [21, []], [22, []], [7, []], [37, []], [38, []], [39, []], [36, []], [33, []]]], []]",,,0,0,0,0,,,,,results/sol_best_RC101_2.dat_A4_L60_pid2753.txt,(not found),,0,0,,
74,test_data/data_demand_random_50_batch_all1_equal_cluster/RC101_2.dat,4,90,3,1341,"[[[[0, [1, 6, 5, 4, 3, 13, 15, 47, 46, 45, 32, 31, 30, 29, 27, 28, 26, 48, 49, 50, 35, 34]], [1, []], [6, []], [5, []], [4, []], [3, []], [13, []], [15, []], [47, []], [46, []], [45, []], [32, []], [31, []], [30, []], [29, []], [27, []], [28, []], [26, []], [48, []], [49, []], [50, []], [35, []], [34, []]], [[0, [19, 18, 17, 20, 43, 44, 14, 16, 2, 40, 41, 42, 25, 23, 24, 12, 11, 10, 9, 8, 21, 22, 7, 37, 38, 39, 36, 33]], [19, []], [18, []], [17, []], [20, []], [43, []], [44, []], [14, []], [16, []], [2, []], [40, []], [41, []], [42, []], [25, []], [23, []], [24, []], [12, []], [11, []], [10, []], [9, []], [8, []], [21, []], [22, []], [7, []], [37, []], [38, []], [39, []], [36, []], [33, []]]], []]",,,0,0,0,0,,,,,results/sol_best_RC101_2.dat_A4_L60_pid2753.txt,,A4L90<=A4L60,0,0,,
75,test_data/data_demand_random_50_batch_all1_equal_cluster/RC101_2.dat,4,120,3,1341,"[[[[0, [1, 6, 5, 4, 3, 13, 15, 47, 46, 45, 32, 31, 30, 29, 27, 28, 26, 48, 49, 50, 35, 34]], [1, []], [6, []], [5, []], [4, []], [3, []], [13, []], [15, []], [47, []], [46, []], [45, []], [32, []], [31, []], [30, []], [29, []], [27, []], [28, []], [26, []], [48, []], [49, []], [50, []], [35, []], [34, []]], [[0, [19, 18, 17, 20, 43, 44, 14, 16, 2, 40, 41, 42, 25, 23, 24, 12, 11, 10, 9, 8, 21, 22, 7, 37, 38, 39, 36, 33]], [19, []], [18, []], [17, []], [20, []], [43, []], [44, []], [14, []], [16, []], [2, []], [40, []], [41, []], [42, []], [25, []], [23, []], [24, []], [12, []], [11, []], [10, []], [9, []], [8, []], [21, []], [22, []], [7, []], [37, []], [38, []], [39, []], [36, []], [33, []]]], []]",,,0,0,0,0,,,,,results/sol_best_RC101_2.dat_A4_L60_pid2753.txt,,A4L120<=A4L90,0,0,,
76,test_data/data_demand_random_50_batch_all1_equal_cluster/RC101_2.dat,8,60,3,1228,"[[[[0, [26, 28, 47, 46, 45, 32, 31, 30, 29, 27, 48, 49, 50, 39, 38, 37, 36, 35, 34, 33]], [26, []], [28, []], [47, []], [46, []], [45, []], [32, []], [31, []], [30, []], [29, []], [27, []], [48, []], [49, []], [50, []], [39, []], [38, []], [37, []], [36, []], [35, []], [34, []], [33, []]], [[0, [25, 42, 41, 40, 6, 5, 4, 3, 16, 17, 19, 18, 43, 44, 20, 15, 14, 13, 2, 1, 21, 22, 23, 24, 12, 11, 10, 9, 8, 7]], [25, []], [42, []], [41, []], [40, []], [6, []], [5, []], [4, []], [3, []], [16, []], [17, []], [19, []], [18, []], [43, []], [44, []], [20, []], [15, []], [14, []], [13, []], [2, []], [1, []], [21, []], [22, []], [23, []], [24, []], [12, []], [11, []], [10, []], [9, []], [8, []], [7, []]]], []]",,,0,0,0,0,,,,,results/sol_best_RC101_2.dat_A8_L60_pid2748.txt,(not found),,0,0,,
77,test_data/data_demand_random_50_batch_all1_equal_cluster/RC101_2.dat,8,90,3,1341,"[[[[0, [1, 6, 5, 4, 3, 13, 15, 47, 46, 45, 32, 31, 30, 29, 27, 28, 26, 48, 49, 50, 35, 34]], [1, []], [6, []], [5, []], [4, []], [3, []], [13, []], [15, []], [47, []], [46, []], [45, []], [32, []], [31, []], [30, []], [29, []], [27, []], [28, []], [26, []], [48, []], [49, []], [50, []], [35, []], [34, []]], [[0, [19, 18, 17, 20, 43, 44, 14, 16, 2, 40, 41, 42, 25, 23, 24, 12, 11, 10, 9, 8, 21, 22, 7, 37, 38, 39, 36, 33]], [19, []], [18, []], [17, []], [20, []], [43, []], [44, []], [14, []], [16, []], [2, []], [40, []], [41, []], [42, []], [25, []], [23, []], [24, []], [12, []], [11, []], [10, []], [9, []], [8, []], [21, []], [22, []], [7, []], [37, []], [38, []], [39, []], [36, []], [33, []]]], []]",,,0,0,0,0,,,,,results/sol_best_RC101_2.dat_A4_L60_pid2753.txt,(not found),A8L90<=A4L90,0,0,,
78,test_data/data_demand_random_50_batch_all1_equal_cluster/RC101_2.dat,8,120,3,1341,"[[[[0, [1, 6, 5, 4, 3, 13, 15, 47, 46, 45, 32, 31, 30, 29, 27, 28, 26, 48, 49, 50, 35, 34]], [1, []], [6, []], [5, []], [4, []], [3, []], [13, []], [15, []], [47, []], [46, []], [45, []], [32, []], [31, []], [30, []], [29, []], [27, []], [28, []], [26, []], [48, []], [49, []], [50, []], [35, []], [34, []]], [[0, [19, 18, 17, 20, 43, 44, 14, 16, 2, 40, 41, 42, 25, 23, 24, 12, 11, 10, 9, 8, 21, 22, 7, 37, 38, 39, 36, 33]], [19, []], [18, []], [17, []], [20, []], [43, []], [44, []], [14, []], [16, []], [2, []], [40, []], [41, []], [42, []], [25, []], [23, []], [24, []], [12, []], [11, []], [10, []], [9, []], [8, []], [21, []], [22, []], [7, []], [37, []], [38, []], [39, []], [36, []], [33, []]]], []]",,,0,0,0,0,,,,,results/sol_best_RC101_2.dat_A4_L60_pid2753.txt,(not found),A8L120<=A4L120,0,0,,
79,test_data/data_demand_random_50_batch_all1_equal_cluster/RC101_3.dat,4,60,1,1617,"[[[[0, [10, 9, 8, 7, 6, 1, 2, 35, 34, 33, 32, 31, 5, 4, 3, 14, 27, 29, 28, 30, 37, 12, 11, 38, 13, 21, 39, 41, 22, 20, 19]], [10, []], [9, []], [8, []], [7, []], [6, []], [1, []], [2, []], [35, []], [34, []], [33, []], [32, []], [31, []], [5, []], [4, []], [3, []], [14, []], [27, []], [29, []], [28, []], [30, []], [37, []], [12, []], [11, []], [38, []], [13, []], [21, []], [39, []], [41, []], [22, []], [20, []], [19, []]], [[0, [15, 16, 17, 18, 36, 23, 24, 25, 26, 50, 49, 48, 47, 46, 45, 40, 42, 44, 43]], [15, []], [16, []], [17, []], [18, []], [36, []], [23, []], [24, []], [25, []], [26, []], [50, []], [49, []], [48, []], [47, []], [46, []], [45, []], [40, []], [42, []], [44, []], [43, []]]], []]",,,0,0,0,0,,,,,results/sol_best_RC101_3.dat_A4_L60_pid2801.txt,(not found),,0,0,,
80,test_data/data_demand_random_50_batch_all1_equal_cluster/RC101_3.dat,4,90,1,1617,"[[[[0, [10, 9, 8, 7, 6, 2, 15, 5, 4, 3, 14, 12, 11, 1, 13, 21, 22, 20, 19]], [10, []], [9, []], [8, []], [7, []], [6, []], [2, [30, 29, 28, 27]], [15, [34, 33, 32, 31]], [5, [35, 37, 38]], [4, []], [3, []], [14, []], [30, []], [29, []], [28, []], [27, []], [37, []], [12, []], [11, []], [1, []], [35, []], [34, []], [33, []], [32, []], [31, []], [13, []], [38, []], [21, []], [39, [39]], [22, []], [20, []], [19, []]], [[0, [16, 17, 18, 36, 23, 24, 25, 26, 50, 49, 48, 47, 46, 45, 41, 40, 42, 44, 43]], [16, []], [17, []], [18, []], [36, []], [23, []], [24, []], [25, []], [26, []], [50, []], [49, []], [48, []], [47, []], [46, []], [45, []], [41, []], [40, []], [42, []], [44, []], [43, []]]], [[[2, [30, 29, 28, 27]]], [[15, [34, 33, 32, 31]]], [[5, [35, 37, 38]]], [[39, [39]]]]]",,,72.04739527,0,4,3,,,,,results/sol_best_RC101_3.dat_A4_L90_pid2647.txt,(not found),,5.050537619,0,,
81,test_data/data_demand_random_50_batch_all1_equal_cluster/RC101_3.dat,4,120,1,1617,"[[[[0, [10, 9, 8, 7, 6, 2, 15, 5, 4, 3, 14, 12, 11, 1, 13, 21, 22, 20, 19]], [10, []], [9, []], [8, []], [7, []], [6, []], [2, [30, 29, 28, 27]], [15, [34, 33, 32, 31]], [5, [35, 37, 38]], [4, []], [3, []], [14, []], [30, []], [29, []], [28, []], [27, []], [37, []], [12, []], [11, []], [1, []], [35, []], [34, []], [33, []], [32, []], [31, []], [13, []], [38, []], [21, []], [39, [39]], [22, []], [20, []], [19, []]], [[0, [16, 17, 18, 36, 23, 24, 25, 26, 50, 49, 48, 47, 46, 45, 41, 40, 42, 44, 43]], [16, []], [17, []], [18, []], [36, []], [23, []], [24, []], [25, []], [26, []], [50, []], [49, []], [48, []], [47, []], [46, []], [45, []], [41, []], [40, []], [42, []], [44, []], [43, []]]], [[[2, [30, 29, 28, 27]]], [[15, [34, 33, 32, 31]]], [[5, [35, 37, 38]]], [[39, [39]]]]]",,,72.04739527,0,4,3,,,,,results/sol_best_RC101_3.dat_A4_L120_pid2800.txt,(not found),,5.050537619,0,,
82,test_data/data_demand_random_50_batch_all1_equal_cluster/RC101_3.dat,8,60,1,1617,"[[[[0, [10, 9, 8, 7, 6, 1, 2, 35, 34, 33, 32, 31, 5, 4, 3, 14, 27, 29, 28, 30, 37, 12, 11, 38, 13, 21, 39, 41, 22, 20, 19]], [10, []], [9, []], [8, []], [7, []], [6, []], [1, []], [2, []], [35, []], [34, []], [33, []], [32, []], [31, []], [5, []], [4, []], [3, []], [14, []], [27, []], [29, []], [28, []], [30, []], [37, []], [12, []], [11, []], [38, []], [13, []], [21, []], [39, []], [41, []], [22, []], [20, []], [19, []]], [[0, [15, 16, 17, 18, 36, 23, 24, 25, 26, 50, 49, 48, 47, 46, 45, 40, 42, 44, 43]], [15, []], [16, []], [17, []], [18, []], [36, []], [23, []], [24, []], [25, []], [26, []], [50, []], [49, []], [48, []], [47, []], [46, []], [45, []], [40, []], [42, []], [44, []], [43, []]]], []]",,,0,0,0,0,,,,,results/sol_best_RC101_3.dat_A4_L60_pid2801.txt,(not found),A8L60<=A4L60,0,0,,
83,test_data/data_demand_random_50_batch_all1_equal_cluster/RC101_3.dat,8,90,1,1617,"[[[[0, [10, 9, 8, 7, 6, 2, 15, 5, 4, 3, 14, 12, 11, 1, 13, 21, 22, 20, 19]], [10, []], [9, []], [8, []], [7, []], [6, []], [2, [30, 29, 28, 27]], [15, [34, 33, 32, 31]], [5, [35, 37, 38]], [4, []], [3, []], [14, []], [30, []], [29, []], [28, []], [27, []], [37, []], [12, []], [11, []], [1, []], [35, []], [34, []], [33, []], [32, []], [31, []], [13, []], [38, []], [21, []], [39, [39]], [22, []], [20, []], [19, []]], [[0, [16, 17, 18, 36, 23, 24, 25, 26, 50, 49, 48, 47, 46, 45, 41, 40, 42, 44, 43]], [16, []], [17, []], [18, []], [36, []], [23, []], [24, []], [25, []], [26, []], [50, []], [49, []], [48, []], [47, []], [46, []], [45, []], [41, []], [40, []], [42, []], [44, []], [43, []]]], [[[2, [30, 29, 28, 27]]], [[15, [34, 33, 32, 31]]], [[5, [35, 37, 38]]], [[39, [39]]]]]",,,72.04739527,0,4,3,,,,,results/sol_best_RC101_3.dat_A4_L90_pid2647.txt,,A8L90<=A4L90,5.050537619,0,,
84,test_data/data_demand_random_50_batch_all1_equal_cluster/RC101_3.dat,8,120,1,1617,"[[[[0, [10, 9, 8, 7, 6, 2, 15, 5, 4, 3, 14, 12, 11, 1, 13, 21, 22, 20, 19]], [10, []], [9, []], [8, []], [7, []], [6, []], [2, [30, 29, 28, 27]], [15, [34, 33, 32, 31]], [5, [35, 37, 38]], [4, []], [3, []], [14, []], [30, []], [29, []], [28, []], [27, []], [37, []], [12, []], [11, []], [1, []], [35, []], [34, []], [33, []], [32, []], [31, []], [13, []], [38, []], [21, []], [39, [39]], [22, []], [20, []], [19, []]], [[0, [16, 17, 18, 36, 23, 24, 25, 26, 50, 49, 48, 47, 46, 45, 41, 40, 42, 44, 43]], [16, []], [17, []], [18, []], [36, []], [23, []], [24, []], [25, []], [26, []], [50, []], [49, []], [48, []], [47, []], [46, []], [45, []], [41, []], [40, []], [42, []], [44, []], [43, []]]], [[[2, [30, 29, 28, 27]]], [[15, [34, 33, 32, 31]]], [[5, [35, 37, 38]]], [[39, [39]]]]]",,,72.04739527,0,4,3,,,,,results/sol_best_RC101_3.dat_A4_L120_pid2800.txt,,A8L120<=A4L120,5.050537619,0,,
85,test_data/data_demand_random_50_batch_all1_equal_random/C101_0.5.dat,4,60,3,421,"[[[[0, [25, 15, 29, 5, 28, 23, 27, 17, 39, 36, 20, 6, 30, 19, 16, 4, 31, 22, 26, 13, 32, 33, 38]], [25, []], [15, []], [29, []], [5, [46, 47, 41]], [28, []], [23, []], [27, []], [17, []], [39, []], [46, []], [36, []], [20, []], [6, []], [30, []], [19, []], [16, []], [4, []], [41, []], [31, []], [22, []], [26, []], [13, []], [32, []], [33, []], [47, []], [38, []]], [[0, [14, 3, 10, 24, 35, 34, 45, 8, 11, 21, 43, 7, 40, 42, 9, 44, 18, 1, 2, 37, 12]], [14, [48, 50, 49]], [3, []], [10, []], [24, []], [35, []], [34, []], [45, []], [48, []], [8, []], [11, []], [21, []], [50, []], [43, []], [7, []], [49, []], [40, []], [42, []], [9, []], [44, []], [18, []], [1, []], [2, []], [37, []], [12, []]]], [[[5, [46, 47, 41]]], [[14, [48, 50, 49]]]]]",,,34.66371563,0,2,3,,,,,results/sol_best_C101_0.5.dat_A4_L60_pid2747.txt,(not found),,0,0,,
86,test_data/data_demand_random_50_batch_all1_equal_random/C101_0.5.dat,4,90,3,421,"[[[[0, [25, 15, 29, 5, 28, 23, 27, 17, 39, 36, 20, 6, 30, 19, 16, 4, 31, 22, 26, 13, 32, 33, 38]], [25, []], [15, []], [29, []], [5, [46, 47, 41]], [28, []], [23, []], [27, []], [17, []], [39, []], [46, []], [36, []], [20, []], [6, []], [30, []], [19, []], [16, []], [4, []], [41, []], [31, []], [22, []], [26, []], [13, []], [32, []], [33, []], [47, []], [38, []]], [[0, [14, 3, 10, 24, 35, 34, 45, 8, 11, 21, 43, 7, 40, 42, 9, 44, 18, 1, 2, 37, 12]], [14, [48, 50, 49]], [3, []], [10, []], [24, []], [35, []], [34, []], [45, []], [48, []], [8, []], [11, []], [21, []], [50, []], [43, []], [7, []], [49, []], [40, []], [42, []], [9, []], [44, []], [18, []], [1, []], [2, []], [37, []], [12, []]]], [[[5, [46, 47, 41]]], [[14, [48, 50, 49]]]]]",,,34.66371563,0,2,3,,,,,results/sol_best_C101_0.5.dat_A4_L60_pid2747.txt,,A4L90<=A4L60,0,0,,
87,test_data/data_demand_random_50_batch_all1_equal_random/C101_0.5.dat,4,120,3,421,"[[[[0, [25, 15, 29, 5, 28, 23, 27, 17, 39, 36, 20, 6, 30, 19, 16, 4, 31, 22, 26, 13, 32, 33, 38]], [25, []], [15, []], [29, []], [5, [46, 47, 41]], [28, []], [23, []], [27, []], [17, []], [39, []], [46, []], [36, []], [20, []], [6, []], [30, []], [19, []], [16, []], [4, []], [41, []], [31, []], [22, []], [26, []], [13, []], [32, []], [33, []], [47, []], [38, []]], [[0, [14, 3, 10, 24, 35, 34, 45, 8, 11, 21, 43, 7, 40, 42, 9, 44, 18, 1, 2, 37, 12]], [14, [48, 50, 49]], [3, []], [10, []], [24, []], [35, []], [34, []], [45, []], [48, []], [8, []], [11, []], [21, []], [50, []], [43, []], [7, []], [49, []], [40, []], [42, []], [9, []], [44, []], [18, []], [1, []], [2, []], [37, []], [12, []]]], [[[5, [46, 47, 41]]], [[14, [48, 50, 49]]]]]",,,34.66371563,0,2,3,,,,,results/sol_best_C101_0.5.dat_A4_L60_pid2747.txt,,A4L120<=A4L90,0,0,,
88,test_data/data_demand_random_50_batch_all1_equal_random/C101_0.5.dat,8,60,3,421,"[[[[0, [25, 15, 29, 5, 28, 23, 27, 17, 39, 36, 20, 6, 30, 19, 16, 4, 31, 22, 26, 13, 32, 33, 38]], [25, []], [15, []], [29, []], [5, [46, 47, 41]], [28, []], [23, []], [27, []], [17, []], [39, []], [46, []], [36, []], [20, []], [6, []], [30, []], [19, []], [16, []], [4, []], [41, []], [31, []], [22, []], [26, []], [13, []], [32, []], [33, []], [47, []], [38, []]], [[0, [14, 3, 10, 24, 35, 34, 45, 8, 11, 21, 43, 7, 40, 42, 9, 44, 18, 1, 2, 37, 12]], [14, [48, 50, 49]], [3, []], [10, []], [24, []], [35, []], [34, []], [45, []], [48, []], [8, []], [11, []], [21, []], [50, []], [43, []], [7, []], [49, []], [40, []], [42, []], [9, []], [44, []], [18, []], [1, []], [2, []], [37, []], [12, []]]], [[[5, [46, 47, 41]]], [[14, [48, 50, 49]]]]]",,,34.66371563,0,2,3,,,,,results/sol_best_C101_0.5.dat_A4_L60_pid2747.txt,,A8L60<=A4L60,0,0,,
89,test_data/data_demand_random_50_batch_all1_equal_random/C101_0.5.dat,8,90,3,421,"[[[[0, [25, 15, 29, 5, 28, 23, 27, 17, 39, 36, 20, 6, 30, 19, 16, 4, 31, 22, 26, 13, 32, 33, 38]], [25, []], [15, []], [29, []], [5, [46, 47, 41]], [28, []], [23, []], [27, []], [17, []], [39, []], [46, []], [36, []], [20, []], [6, []], [30, []], [19, []], [16, []], [4, []], [41, []], [31, []], [22, []], [26, []], [13, []], [32, []], [33, []], [47, []], [38, []]], [[0, [14, 3, 10, 24, 35, 34, 45, 8, 11, 21, 43, 7, 40, 42, 9, 44, 18, 1, 2, 37, 12]], [14, [48, 50, 49]], [3, []], [10, []], [24, []], [35, []], [34, []], [45, []], [48, []], [8, []], [11, []], [21, []], [50, []], [43, []], [7, []], [49, []], [40, []], [42, []], [9, []], [44, []], [18, []], [1, []], [2, []], [37, []], [12, []]]], [[[5, [46, 47, 41]]], [[14, [48, 50, 49]]]]]",,,34.66371563,0,2,3,,,,,results/sol_best_C101_0.5.dat_A4_L60_pid2747.txt,,A8L90<=A4L90,0,0,,
90,test_data/data_demand_random_50_batch_all1_equal_random/C101_0.5.dat,8,120,3,421,"[[[[0, [25, 15, 29, 5, 28, 23, 27, 17, 39, 36, 20, 6, 30, 19, 16, 4, 31, 22, 26, 13, 32, 33, 38]], [25, []], [15, []], [29, []], [5, [46, 47, 41]], [28, []], [23, []], [27, []], [17, []], [39, []], [46, []], [36, []], [20, []], [6, []], [30, []], [19, []], [16, []], [4, []], [41, []], [31, []], [22, []], [26, []], [13, []], [32, []], [33, []], [47, []], [38, []]], [[0, [14, 3, 10, 24, 35, 34, 45, 8, 11, 21, 43, 7, 40, 42, 9, 44, 18, 1, 2, 37, 12]], [14, [48, 50, 49]], [3, []], [10, []], [24, []], [35, []], [34, []], [45, []], [48, []], [8, []], [11, []], [21, []], [50, []], [43, []], [7, []], [49, []], [40, []], [42, []], [9, []], [44, []], [18, []], [1, []], [2, []], [37, []], [12, []]]], [[[5, [46, 47, 41]]], [[14, [48, 50, 49]]]]]",,,34.66371563,0,2,3,,,,,results/sol_best_C101_0.5.dat_A4_L60_pid2747.txt,,A8L120<=A4L120,0,0,,
91,test_data/data_demand_random_50_batch_all1_equal_random/C201_0.5.dat,4,60,3,605.323275,"[[[[0, [18, 9, 32, 22, 42, 1, 41, 12, 10, 17, 34, 35, 2, 8, 16, 28, 36, 5]], [14, [14, 11, 29, 45]], [31, [31, 30]], [11, []], [29, []], [45, []], [18, []], [9, []], [32, []], [22, []], [42, [49]], [1, []], [36, []], [49, []], [41, []], [12, []], [10, []], [17, []], [34, []], [35, []], [2, []], [8, []], [16, []], [28, []], [5, []], [30, []]], [[0, [15, 27, 48, 23, 40, 50, 33, 4, 44, 21, 37, 24, 3, 39, 13, 26, 20]], [46, [46, 43, 19]], [39, [7, 6, 25, 47]], [13, []], [19, []], [7, []], [6, []], [25, []], [47, []], [15, []], [27, []], [3, []], [48, []], [23, []], [40, []], [50, []], [33, []], [4, []], [44, []], [21, []], [37, []], [24, []], [26, []], [43, []], [20, []], [38, [38]]]], [[[14, [14, 11, 29, 45]]], [[46, [46, 43, 19]]], [[31, [31, 30]]], [[39, [7, 6, 25, 47]]], [[38, [38]]], [[42, [49]]]]]",,,29.70121203,0,6,2.5,,,,,,(not found),,2.019654119,0,,
92,test_data/data_demand_random_50_batch_all1_equal_random/C201_0.5.dat,4,90,1,556.3689466,"[[[[0, [1]], [11, [11, 8, 2, 9]], [29, [29, 18, 16, 14]], [9, []], [18, []], [45, [45, 35, 32, 28]], [31, [31, 42, 36, 34]], [32, []], [22, [22, 17, 12, 10]], [42, []], [35, []], [17, []], [34, []], [36, []], [1, []], [49, [49, 41, 38]], [41, []], [12, []], [10, []], [2, []], [8, []], [16, []], [28, []], [38, []], [14, []]], [[0, [3, 4]], [15, [15, 7, 6, 13]], [6, []], [13, []], [19, [19, 24, 26]], [7, []], [3, []], [24, []], [48, [48, 40, 23, 33]], [23, []], [50, [50, 44, 37, 21]], [40, []], [33, []], [4, []], [44, []], [37, []], [21, []], [26, []], [43, [43, 20, 30, 5]], [5, [25, 27]], [20, []], [30, []], [27, []], [39, [39, 47, 46]], [47, []], [25, []], [46, []]]], [[[11, [11, 8, 2, 9]]], [[15, [15, 7, 6, 13]]], [[29, [29, 18, 16, 14]]], [[19, [19, 24, 26]]], [[45, [45, 35, 32, 28]]], [[31, [31, 42, 36, 34]]], [[22, [22, 17, 12, 10]]], [[48, [48, 40, 23, 33]]], [[50, [50, 44, 37, 21]]], [[49, [49, 41, 38]]], [[43, [43, 20, 30, 5]]], [[5, [25, 27]]], [[39, [39, 47, 46]]]]]",,,50.52254118,0,13,3.615384615,,,,,,(not found),,3.355064011,0,,
93,test_data/data_demand_random_50_batch_all1_equal_random/C201_0.5.dat,4,120,4,542,"[[[[0, [1]], [11, [11, 10, 9, 5]], [38, [38, 14, 18, 17]], [14, []], [31, [31, 29, 12]], [9, []], [18, []], [45, [45, 42, 22, 30]], [29, []], [22, [41, 32, 36, 26]], [32, []], [42, []], [1, []], [36, []], [49, [49, 34, 35]], [41, []], [12, []], [10, []], [17, []], [34, []], [35, []], [43, [43]], [26, []], [5, []], [30, []]], [[0, [3, 2, 4]], [13, [13, 7, 6, 15]], [19, [19, 24, 23, 25]], [7, []], [6, []], [15, []], [3, []], [47, [47, 40, 27, 21]], [25, []], [46, [46, 39, 37, 16]], [39, []], [27, []], [24, []], [37, []], [48, [48, 50, 8]], [23, []], [50, []], [40, []], [21, []], [44, [44, 33, 28, 20]], [4, []], [33, []], [16, []], [8, []], [2, []], [28, []], [20, []]]], [[[11, [11, 10, 9, 5]]], [[13, [13, 7, 6, 15]]], [[19, [19, 24, 23, 25]]], [[38, [38, 14, 18, 17]]], [[31, [31, 29, 12]]], [[47, [47, 40, 27, 21]]], [[46, [46, 39, 37, 16]]], [[45, [45, 42, 22, 30]]], [[22, [41, 32, 36, 26]]], [[48, [48, 50, 8]]], [[44, [44, 33, 28, 20]]], [[49, [49, 34, 35]]], [[43, [43]]]]]",643.1247837,"[[[[0, [1]], [11, [11, 9, 12, 10]], [38, [38, 14, 18, 17]], [14, []], [32, [32, 29, 34, 36]], [31, [31, 35]], [29, []], [18, []], [9, []], [45, [45, 42, 43, 41]], [22, [22, 20, 5]], [42, []], [34, []], [17, []], [10, []], [12, []], [41, []], [49, [49]], [1, []], [36, []], [35, []], [43, []], [5, []], [20, []]], [[0, [2, 4, 3]], [13, [13, 6, 15, 7]], [7, []], [19, [19, 24, 23, 27]], [6, []], [15, []], [27, []], [3, []], [47, [47, 25, 21, 8]], [25, []], [39, [39, 37, 16]], [46, [46, 30, 28, 33]], [24, []], [37, []], [48, [48, 50, 40, 26]], [23, []], [50, []], [40, []], [21, []], [44, [44]], [4, []], [33, []], [16, []], [8, []], [2, []], [28, []], [26, []], [30, []]]], [[[11, [11, 9, 12, 10]]], [[13, [13, 6, 15, 7]]], [[19, [19, 24, 23, 27]]], [[38, [38, 14, 18, 17]]], [[32, [32, 29, 34, 36]]], [[31, [31, 35]]], [[47, [47, 25, 21, 8]]], [[39, [39, 37, 16]]], [[46, [46, 30, 28, 33]]], [[45, [45, 42, 43, 41]]], [[48, [48, 50, 40, 26]]], [[44, [44]], [22, [22, 20, 5]]], [[49, [49]]]]]",47.80046881,0,13,3.538461538,49.0687108,1,13,3.538461538,,,,0.940035078,0,7.701906441,0
94,test_data/data_demand_random_50_batch_all1_equal_random/C201_0.5.dat,8,60,5,521.6619038,"[[[[0, [4, 3]], [5, [5, 6, 7]], [3, []], [6, [19, 13, 15, 25, 21, 23, 24, 26]], [19, []], [13, []], [7, []], [15, []], [25, []], [46, [46, 47, 39, 27, 33, 37, 20, 30]], [47, []], [39, []], [27, [44, 50, 40, 48, 43, 38]], [21, []], [44, []], [4, []], [33, []], [50, []], [40, []], [23, []], [48, []], [37, []], [24, []], [26, []], [43, []], [20, []], [38, []], [30, []]], [[0, [1, 2]], [14, [14, 8, 16, 10, 12, 9, 11]], [2, []], [8, []], [16, []], [28, [28, 35, 34, 17, 22, 18, 29]], [35, [41, 49, 36, 42, 32, 31]], [34, []], [17, []], [10, []], [12, []], [41, []], [49, []], [36, []], [1, []], [42, []], [22, []], [32, []], [9, []], [18, []], [45, [45]], [29, []], [11, []], [31, []]]], [[[5, [5, 6, 7]]], [[14, [14, 8, 16, 10, 12, 9, 11]]], [[6, [19, 13, 15, 25, 21, 23, 24, 26]]], [[28, [28, 35, 34, 17, 22, 18, 29]]], [[35, [41, 49, 36, 42, 32, 31]]], [[46, [46, 47, 39, 27, 33, 37, 20, 30]]], [[27, [44, 50, 40, 48, 43, 38]]], [[45, [45]]]]]",832.824552,"[[[[0, [4, 3]], [20, [20, 6, 15, 16, 13, 7]], [15, [19, 27, 23, 28, 21, 24, 25, 30]], [7, []], [19, []], [13, []], [6, []], [47, [47, 48, 40, 37, 44, 33, 39]], [25, []], [39, []], [46, [46, 50]], [27, []], [3, []], [48, []], [23, []], [50, []], [40, []], [21, []], [37, []], [24, []], [44, []], [4, []], [33, []], [16, []], [28, []], [30, []]], [[0, []], [14, [14, 9, 18, 12, 10, 17, 11, 22]], [31, [31, 29, 8, 5]], [9, []], [18, []], [45, [45, 2, 1, 41, 35]], [29, []], [11, [34, 36, 49, 38, 32, 42, 26]], [22, []], [32, []], [42, []], [35, []], [34, []], [1, []], [36, []], [49, []], [41, []], [12, []], [10, []], [17, []], [2, []], [8, []], [38, []], [43, [43]], [26, []], [5, []]]], [[[14, [14, 9, 18, 12, 10, 17, 11, 22]]], [[20, [20, 6, 15, 16, 13, 7]]], [[15, [19, 27, 23, 28, 21, 24, 25, 30]]], [[31, [31, 29, 8, 5]]], [[45, [45, 2, 1, 41, 35]]], [[11, [34, 36, 49, 38, 32, 42, 26]]], [[47, [47, 48, 40, 37, 44, 33, 39]]], [[43, [43]], [46, [46, 50]]]]]",38.19396886,0,8,5.75,37.73663198,1,8,6,,,,2.707737974,0,43.994662239,0
95,test_data/data_demand_random_50_batch_all1_equal_random/C201_0.5.dat,8,90,2,510.4960379,"[[[[0, [1]], [9, [9, 18, 22, 12, 17, 8, 16, 11]], [18, []], [29, [29]], [45, [45, 31, 32, 2, 36, 10, 34, 42]], [11, []], [31, []], [32, []], [22, []], [42, [49, 41, 35, 28, 30]], [1, []], [36, []], [49, []], [41, []], [12, []], [10, []], [17, []], [34, []], [35, []], [2, []], [8, []], [16, []], [28, []], [30, []]], [[0, [3, 4]], [5, [5, 7, 6]], [3, []], [15, [15, 19, 13, 14, 20]], [7, []], [19, []], [13, []], [6, []], [47, [47, 46, 39, 27, 40, 50, 23, 26]], [25, [25, 21, 24, 44, 48, 37, 33]], [46, []], [39, []], [27, []], [48, []], [23, []], [37, []], [21, []], [40, []], [50, []], [33, []], [4, []], [44, []], [24, []], [26, []], [43, [43, 38]], [20, []], [38, []], [14, []]]], [[[5, [5, 7, 6]]], [[9, [9, 18, 22, 12, 17, 8, 16, 11]]], [[15, [15, 19, 13, 14, 20]]], [[29, [29]]], [[45, [45, 31, 32, 2, 36, 10, 34, 42]]], [[47, [47, 46, 39, 27, 40, 50, 23, 26]]], [[25, [25, 21, 24, 44, 48, 37, 33]]], [[42, [49, 41, 35, 28, 30]]], [[43, [43, 38]]]]]",614.5190311,"[[[[0, [1]], [13, [13, 7, 6, 15, 10, 12, 14]], [19, [19, 25, 24, 26]], [7, []], [6, []], [15, []], [39, [39, 47, 43, 34, 41, 36, 42, 38]], [25, []], [47, []], [46, [46, 49, 28, 17, 20, 30]], [24, []], [26, []], [43, []], [28, []], [17, []], [34, []], [10, []], [12, []], [41, []], [49, []], [36, []], [1, []], [42, []], [14, []], [38, []], [20, []], [30, []]], [[0, [3, 4, 2]], [5, [5, 16, 8, 11, 9]], [3, []], [27, [27, 23, 21, 22, 29, 18]], [23, []], [48, [48, 40, 50, 33, 37, 35, 32, 31]], [37, []], [21, []], [40, []], [50, []], [33, []], [4, []], [44, [44, 45]], [16, []], [8, []], [2, []], [35, []], [32, []], [22, []], [11, []], [29, []], [45, []], [18, []], [9, []], [31, []]]], [[[13, [13, 7, 6, 15, 10, 12, 14]]], [[5, [5, 16, 8, 11, 9]]], [[19, [19, 25, 24, 26]]], [[27, [27, 23, 21, 22, 29, 18]]], [[39, [39, 47, 43, 34, 41, 36, 42, 38]]], [[48, [48, 40, 50, 33, 37, 35, 32, 31]]], [[44, [44, 45]], [46, [46, 49, 28, 17, 20, 30]]]]]",43.56601645,0,9,5.222222222,52.06281828,1,7,6.571428571,,,,2.903672597,0,16.799305264,0
96,test_data/data_demand_random_50_batch_all1_equal_random/C201_0.5.dat,8,120,2,500,"[[[[0, [4, 3]], [13, [13, 6, 7, 15]], [19, [19, 24, 23, 21, 16, 25, 20]], [7, []], [6, []], [15, []], [3, []], [25, []], [47, [47, 39, 46, 33, 40, 37, 28, 27]], [27, []], [39, []], [46, []], [24, []], [4, []], [33, []], [50, [50, 48, 44, 43, 26]], [40, []], [23, []], [48, []], [37, []], [21, []], [44, []], [16, []], [28, []], [26, []], [43, []], [20, []]], [[0, [2, 1]], [5, [5, 8, 11, 12, 10]], [8, []], [2, []], [35, [35, 34, 29, 18, 22, 9, 14, 17]], [34, []], [17, []], [10, []], [12, []], [41, [41, 49, 42, 45, 32, 31, 36]], [49, []], [36, []], [1, []], [42, []], [32, []], [22, []], [11, []], [29, []], [45, []], [18, []], [9, []], [31, []], [14, []], [38, [38, 30]], [30, []]]], [[[5, [5, 8, 11, 12, 10]]], [[13, [13, 6, 7, 15]]], [[19, [19, 24, 23, 21, 16, 25, 20]]], [[35, [35, 34, 29, 18, 22, 9, 14, 17]]], [[41, [41, 49, 42, 45, 32, 31, 36]]], [[47, [47, 39, 46, 33, 40, 37, 28, 27]]], [[38, [38, 30]]], [[50, [50, 48, 44, 43, 26]]]]]",553.3286219,"[[[[0, [3, 2, 1, 4]], [15, [15, 10, 8, 16, 12]], [3, []], [38, [38, 28, 17, 23, 24, 26, 20, 21]], [28, []], [17, []], [41, [41, 40, 33, 30, 36, 37]], [49, [49, 44, 50, 48]], [36, []], [1, []], [12, []], [10, []], [2, []], [8, []], [16, []], [4, []], [44, []], [33, []], [50, []], [40, []], [23, []], [48, []], [37, []], [21, []], [24, []], [26, []], [20, []], [30, []]], [[0, []], [13, [13, 6, 7, 5, 11, 9, 14]], [7, []], [19, [19, 25, 27, 29, 18, 22]], [6, []], [25, [32, 31]], [47, [42, 47, 39, 35, 34, 43, 46, 45]], [39, []], [27, []], [46, []], [5, []], [43, []], [35, []], [34, []], [42, []], [22, []], [32, []], [9, []], [18, []], [45, []], [29, []], [11, []], [31, []], [14, []]]], [[[15, [15, 10, 8, 16, 12]]], [[13, [13, 6, 7, 5, 11, 9, 14]]], [[19, [19, 25, 27, 29, 18, 22]]], [[38, [38, 28, 17, 23, 24, 26, 20, 21]]], [[25, [32, 31]], [41, [41, 40, 33, 30, 36, 37]]], [[47, [42, 47, 39, 35, 34, 43, 46, 45]]], [[49, [49, 44, 50, 48]]]]]",52.66056256,0,8,5.75,59.84501993,1,7,6.571428571,,,,1.625,0,3.14753531,0
97,test_data/data_demand_random_50_batch_all1_equal_random/C201_1.5.dat,4,60,3,747.132746,"[[[[0, [4, 2, 3]], [4, []], [2, []], [20, [20, 6, 7, 17]], [6, [28]], [7, []], [17, []], [28, []], [30, [30, 23, 33]], [23, []], [35, [35, 29, 12, 16]], [33, []], [29, [41, 14, 27, 25]], [12, []], [16, []], [41, []], [14, []], [27, []], [3, []], [25, []], [50, [50, 22, 24, 48]], [22, []], [44, [44, 37, 43, 46]], [37, []], [43, []], [46, []], [24, []], [48, []]], [[0, [5]], [9, [9, 1]], [13, [13, 8, 10]], [8, []], [19, [19, 11, 15, 18]], [10, []], [11, []], [38, [38, 32, 31, 26]], [32, []], [31, []], [1, []], [5, []], [26, []], [36, [36, 39, 40, 21]], [15, [49, 47, 42, 34]], [39, []], [49, []], [18, []], [40, []], [21, []], [47, []], [42, []], [34, []], [45, [45]]]], [[[20, [20, 6, 7, 17]]], [[9, [9, 1]]], [[13, [13, 8, 10]]], [[19, [19, 11, 15, 18]]], [[6, [28]]], [[30, [30, 23, 33]]], [[38, [38, 32, 31, 26]]], [[35, [35, 29, 12, 16]]], [[29, [41, 14, 27, 25]]], [[36, [36, 39, 40, 21]]], [[15, [49, 47, 42, 34]]], [[50, [50, 22, 24, 48]]], [[45, [45]]], [[44, [44, 37, 43, 46]]]]]",,,35.28303717,0,14,3.285714286,,,,,,(not found),,5.635414326,0,,
98,test_data/data_demand_random_50_batch_all1_equal_random/C201_1.5.dat,4,90,3,716.0688837,"[[[[0, [2, 4, 3]], [9, [9]], [13, [13, 8, 10]], [8, []], [10, []], [19, [19, 16, 12, 21]], [2, []], [25, [25, 27, 14, 28]], [27, []], [14, []], [4, []], [16, []], [3, []], [34, [34, 41, 42, 39]], [41, []], [12, []], [42, []], [47, [47, 49, 40, 23]], [21, [30, 29]], [49, []], [39, []], [40, []], [28, []], [30, []], [23, []], [29, []]], [[0, [1, 5]], [5, []], [18, [18, 17, 7, 11]], [17, []], [7, []], [15, [15, 6]], [1, []], [31, [31, 32, 22, 24]], [32, []], [38, [38, 26, 37]], [26, []], [36, [36, 20, 33]], [6, []], [20, []], [45, [45, 35, 44, 43]], [11, []], [33, []], [35, []], [50, [50, 46, 48]], [22, []], [44, []], [37, []], [43, []], [46, []], [24, []], [48, []]]], [[[18, [18, 17, 7, 11]]], [[9, [9]]], [[13, [13, 8, 10]]], [[15, [15, 6]]], [[19, [19, 16, 12, 21]]], [[25, [25, 27, 14, 28]]], [[31, [31, 32, 22, 24]]], [[34, [34, 41, 42, 39]]], [[38, [38, 26, 37]]], [[36, [36, 20, 33]]], [[45, [45, 35, 44, 43]]], [[50, [50, 46, 48]]], [[47, [47, 49, 40, 23]]], [[21, [30, 29]]]]]",,,49.14792162,0,14,3.214285714,,,,,,(not found),,8.842237697,0,,
99,test_data/data_demand_random_50_batch_all1_equal_random/C201_1.5.dat,4,120,5,713.840522,"[[[[0, [5, 1]], [5, [7, 9]], [18, [18, 17, 15, 6]], [17, []], [7, []], [15, []], [6, []], [32, [32, 31, 20, 24]], [31, []], [1, []], [26, [26, 36, 38, 19]], [38, []], [36, []], [20, []], [45, [45, 43, 37, 46]], [9, []], [50, [50, 22, 44, 48]], [19, []], [43, []], [22, []], [44, []], [37, []], [46, []], [24, []], [48, []]], [[0, [2, 4, 3]], [10, [10, 13, 8, 12]], [8, []], [13, [23, 16, 21, 14]], [14, []], [27, [27, 25, 34, 28]], [4, []], [2, []], [3, []], [25, []], [35, [35, 41, 42, 39]], [23, []], [12, []], [16, []], [41, []], [34, []], [42, []], [47, [47, 49, 40, 30]], [21, []], [49, []], [39, []], [40, []], [28, []], [30, []], [29, [29, 33, 11]], [33, []], [11, []]]], [[[5, [7, 9]]], [[18, [18, 17, 15, 6]]], [[10, [10, 13, 8, 12]]], [[13, [23, 16, 21, 14]]], [[27, [27, 25, 34, 28]]], [[32, [32, 31, 20, 24]]], [[26, [26, 36, 38, 19]]], [[35, [35, 41, 42, 39]]], [[45, [45, 43, 37, 46]]], [[50, [50, 22, 44, 48]]], [[47, [47, 49, 40, 30]]], [[29, [29, 33, 11]]]]]",829.4798584,"[[[[0, [5, 1]], [7, [7, 10, 13, 6]], [17, [17, 18, 8, 15]], [18, []], [15, []], [5, []], [1, []], [31, [31, 32, 24, 22]], [32, []], [26, [26, 38, 37, 36]], [38, []], [36, [46, 44, 20, 33]], [6, []], [20, []], [33, []], [22, []], [43, [43, 48]], [8, []], [48, []], [24, []], [46, []], [10, []], [37, []], [44, []], [13, []], [45, [45, 29]], [29, []]], [[0, [3]], [9, [9, 4, 12, 2]], [19, [19, 14, 21, 23]], [25, [25, 27, 11, 16]], [2, []], [4, []], [27, []], [14, []], [34, [34, 28, 30]], [3, []], [23, []], [28, []], [39, [39, 49, 40, 47]], [49, []], [21, []], [40, []], [42, [42, 50]], [47, []], [30, []], [50, []], [12, []], [16, []], [41, [41, 35]], [35, []], [11, []]]], [[[9, [9, 4, 12, 2]]], [[7, [7, 10, 13, 6]]], [[17, [17, 18, 8, 15]]], [[19, [19, 14, 21, 23]]], [[25, [25, 27, 11, 16]]], [[31, [31, 32, 24, 22]]], [[34, [34, 28, 30]]], [[26, [26, 38, 37, 36]]], [[36, [46, 44, 20, 33]]], [[39, [39, 49, 40, 47]]], [[43, [43, 48]], [42, [42, 50]]], [[45, [45, 29]]], [[41, [41, 35]]]]]",47.93697378,0,12,3.75,59.29514027,1,13,3.615384615,,,,10.76119062,0,18.240518545,0
100,test_data/data_demand_random_50_batch_all1_equal_random/C201_1.5.dat,8,60,1,719,"[[[[0, [4, 2, 1]], [13, [13, 6]], [4, []], [2, []], [19, [19, 10, 20, 21, 23, 22]], [22, []], [10, []], [20, []], [38, [38, 32, 31, 26, 36, 30, 28, 34]], [32, []], [31, []], [1, []], [26, []], [36, []], [6, []], [30, [40, 39, 49, 47, 42, 45]], [28, []], [40, []], [39, []], [49, []], [21, []], [47, []], [42, []], [34, []], [23, []], [45, []]], [[0, [5, 3]], [5, []], [11, [11, 15, 18, 17, 7, 9, 12, 16]], [15, []], [18, []], [17, []], [7, []], [9, []], [33, [33, 29, 35, 37]], [29, []], [35, [41, 14, 27, 25, 8]], [12, []], [16, []], [41, []], [14, []], [27, []], [3, []], [25, []], [50, [50, 43, 48, 24, 46, 44]], [43, []], [8, []], [48, []], [24, []], [46, []], [37, []], [44, []]]], [[[13, [13, 6]]], [[11, [11, 15, 18, 17, 7, 9, 12, 16]]], [[19, [19, 10, 20, 21, 23, 22]]], [[33, [33, 29, 35, 37]]], [[38, [38, 32, 31, 26, 36, 30, 28, 34]]], [[35, [41, 14, 27, 25, 8]]], [[50, [50, 43, 48, 24, 46, 44]]], [[30, [40, 39, 49, 47, 42, 45]]]]]",,,35.77199863,0,8,5.625,,,,,,(not found),,11.346291202,0,,
101,test_data/data_demand_random_50_batch_all1_equal_random/C201_1.5.dat,8,90,3,706.0483494,"[[[[0, [4, 2, 3]], [4, []], [3, []], [12, [12, 13, 10, 9]], [2, []], [22, [22, 8]], [13, []], [10, [24, 19, 27, 14, 16, 25, 21]], [24, []], [8, []], [19, [30, 28, 20]], [25, []], [27, []], [14, []], [41, [41, 42, 34, 36, 39, 40]], [16, []], [34, []], [42, []], [47, [47, 45, 49]], [21, []], [49, []], [39, []], [40, []], [28, []], [30, []], [36, []], [20, []], [45, []], [9, []]], [[0, [1, 5]], [6, [6]], [7, [7, 18, 17, 15]], [18, []], [17, []], [15, []], [26, [26]], [5, []], [1, [31, 32, 23, 33, 11]], [31, []], [32, []], [38, [38, 37, 35, 29]], [48, [48, 46, 50, 44, 43]], [46, []], [43, []], [37, []], [44, []], [50, []], [35, []], [23, []], [29, []], [33, []], [11, []]]], [[[6, [6]]], [[12, [12, 13, 10, 9]]], [[7, [7, 18, 17, 15]]], [[22, [22, 8]]], [[26, [26]]], [[10, [24, 19, 27, 14, 16, 25, 21]]], [[19, [30, 28, 20]]], [[1, [31, 32, 23, 33, 11]]], [[38, [38, 37, 35, 29]]], [[41, [41, 42, 34, 36, 39, 40]]], [[47, [47, 45, 49]]], [[48, [48, 46, 50, 44, 43]]]]]",744.6619038,"[[[[0, [3, 4, 2]], [8, [8, 9]], [9, [11, 13, 10, 12, 16, 14]], [11, []], [13, []], [10, []], [19, [19, 25, 23, 22]], [4, []], [2, []], [25, []], [3, []], [12, []], [23, []], [42, [42, 41, 37, 34, 27]], [34, []], [16, []], [41, []], [14, []], [27, []], [50, [50, 44, 43, 46, 24, 48]], [22, []], [44, []], [37, []], [43, []], [46, []], [24, []], [48, []]], [[0, [5, 1]], [5, []], [15, [15, 6, 18, 17, 7]], [6, []], [20, [20]], [18, []], [17, []], [7, []], [35, [35, 33, 29, 28, 21, 30, 26, 31]], [33, [38]], [29, []], [45, [45, 40, 39, 36, 32]], [28, []], [40, []], [39, []], [49, [49, 47]], [21, []], [47, []], [30, []], [36, []], [26, []], [1, []], [31, []], [32, []], [38, []]]], [[[8, [8, 9]]], [[15, [15, 6, 18, 17, 7]]], [[9, [11, 13, 10, 12, 16, 14]]], [[20, [20]]], [[19, [19, 25, 23, 22]]], [[35, [35, 33, 29, 28, 21, 30, 26, 31]]], [[33, [38]], [42, [42, 41, 37, 34, 27]]], [[45, [45, 40, 39, 36, 32]]], [[50, [50, 44, 43, 46, 24, 48]]], [[49, [49, 47]]]]]",51.88113859,0,12,3.75,47.06846515,1,10,4.5,,,,7.310824257,0,5.646541229,0.667104888
102,test_data/data_demand_random_50_batch_all1_equal_random/C201_1.5.dat,8,120,3,712.0512484,"[[[[0, [1, 5, 3]], [3, []], [13, [13, 6, 16, 12, 11]], [6, []], [20, [20]], [32, [32, 31, 26, 30, 28, 21, 34]], [31, []], [1, []], [5, []], [26, []], [38, [38, 36, 40, 39, 42, 41]], [36, []], [30, []], [28, []], [40, []], [39, []], [49, [49, 47, 50]], [21, []], [47, []], [42, []], [34, []], [41, []], [16, []], [12, []], [50, []], [11, []]], [[0, [4, 2]], [17, [17, 18, 7, 15, 14, 8, 10]], [18, []], [7, []], [15, []], [29, [29, 33, 23, 19]], [33, []], [23, []], [35, [35, 25, 27, 24, 37, 22]], [25, []], [27, []], [14, []], [4, []], [2, []], [19, []], [43, [43, 48, 46, 44, 45, 9]], [8, []], [48, []], [24, []], [46, []], [10, []], [37, []], [44, []], [22, []], [45, []], [9, []]]], [[[13, [13, 6, 16, 12, 11]]], [[17, [17, 18, 7, 15, 14, 8, 10]]], [[20, [20]]], [[29, [29, 33, 23, 19]]], [[32, [32, 31, 26, 30, 28, 21, 34]]], [[35, [35, 25, 27, 24, 37, 22]]], [[38, [38, 36, 40, 39, 42, 41]]], [[43, [43, 48, 46, 44, 45, 9]]], [[49, [49, 47, 50]]]]]",737.5301454,"[[[[0, [1]], [11, [11, 6, 12]], [13, [13]], [6, []], [20, [20]], [31, [31, 32, 26, 28, 33]], [1, []], [32, []], [26, []], [38, [38, 36, 30, 21, 42, 34]], [36, []], [28, []], [30, []], [40, [40, 39, 49, 47, 41, 50]], [39, []], [49, []], [21, []], [47, []], [42, []], [34, []], [41, []], [12, []], [50, []], [33, []]], [[0, [4, 2, 5]], [5, []], [7, [7, 8, 15, 16, 14]], [18, [18, 17, 9, 10, 3]], [17, []], [15, []], [9, []], [29, [29, 25, 27, 22, 23]], [25, []], [3, []], [16, []], [27, []], [14, []], [4, []], [2, []], [22, []], [44, [44, 43, 19, 46, 37, 24, 35]], [37, []], [10, []], [24, []], [48, [48, 45]], [8, []], [46, []], [43, []], [19, []], [35, []], [23, []], [45, []]]], [[[11, [11, 6, 12]]], [[7, [7, 8, 15, 16, 14]]], [[13, [13]], [18, [18, 17, 9, 10, 3]]], [[20, [20]]], [[29, [29, 25, 27, 22, 23]]], [[31, [31, 32, 26, 28, 33]]], [[38, [38, 36, 30, 21, 42, 34]]], [[40, [40, 39, 49, 47, 41, 50]]], [[44, [44, 43, 19, 46, 37, 24, 35]]], [[48, [48, 45]]]]]",44.68088545,0,9,5,50.27666103,1,10,4.6,,,,13.672360931,0,14.334978021,0
103,test_data/data_demand_random_50_batch_all1_equal_random/C201_1.dat,4,60,3,729.0277564,"[[[[0, [3, 1, 2, 4]], [1, []], [2, [6, 5]], [3, []], [6, []], [5, []], [18, [18, 20, 14]], [20, [38, 32, 13, 16]], [36, [36, 41, 7, 17]], [41, [43, 35, 46, 24]], [38, []], [32, [47, 39, 49, 27]], [14, []], [47, []], [39, []], [13, []], [16, []], [7, []], [49, []], [27, []], [43, []], [17, []], [35, []], [4, []], [46, []], [24, []]], [[0, [11, 10, 12, 8, 9]], [11, []], [29, [29, 25, 31, 22]], [10, [26, 23, 19, 15]], [12, []], [25, []], [31, []], [22, []], [45, [45, 48, 40, 28]], [48, []], [40, []], [28, [50, 44, 21, 33]], [33, []], [26, []], [23, []], [8, []], [19, []], [50, []], [44, []], [9, []], [21, []], [15, []], [37, [37, 30, 42, 34]], [42, []], [34, []], [30, []]]], [[[2, [6, 5]]], [[29, [29, 25, 31, 22]]], [[18, [18, 20, 14]]], [[10, [26, 23, 19, 15]]], [[20, [38, 32, 13, 16]]], [[36, [36, 41, 7, 17]]], [[41, [43, 35, 46, 24]]], [[45, [45, 48, 40, 28]]], [[32, [47, 39, 49, 27]]], [[28, [50, 44, 21, 33]]], [[37, [37, 30, 42, 34]]]]]",,,36.8207213,0,11,3.727272727,,,,,,(not found),,4.044222057,0,,
104,test_data/data_demand_random_50_batch_all1_equal_random/C201_1.dat,4,90,3,627.3573373,"[[[[0, [1]], [1, [4]], [12, [12, 11, 10, 18]], [11, []], [10, []], [31, [31, 25, 22, 29]], [25, []], [40, [40, 17, 20, 24]], [18, []], [29, []], [48, [48, 45, 35, 38]], [22, []], [45, []], [20, []], [24, []], [4, []], [35, []], [17, []], [43, [43, 37, 41, 36]], [37, []], [38, []], [41, []], [36, []]], [[0, [2, 3]], [2, []], [3, []], [6, [6, 5, 9, 7]], [5, []], [9, []], [7, [15, 13, 16, 14]], [16, []], [13, []], [32, [32, 27, 23, 26]], [15, []], [27, []], [14, []], [47, [47, 39, 49, 44]], [39, []], [49, []], [21, [21, 28, 19, 8]], [44, []], [50, [50, 33, 42, 34]], [19, []], [8, []], [23, []], [26, []], [33, []], [28, []], [42, []], [34, []], [46, [46, 30]], [30, []]]], [[[1, [4]]], [[6, [6, 5, 9, 7]]], [[12, [12, 11, 10, 18]]], [[7, [15, 13, 16, 14]]], [[31, [31, 25, 22, 29]]], [[32, [32, 27, 23, 26]]], [[40, [40, 17, 20, 24]]], [[48, [48, 45, 35, 38]]], [[47, [47, 39, 49, 44]]], [[21, [21, 28, 19, 8]]], [[50, [50, 33, 42, 34]]], [[43, [43, 37, 41, 36]]], [[46, [46, 30]]]]]",,,53.70527988,0,13,3.615384615,,,,,,(not found),,0.354336023,0,,
105,test_data/data_demand_random_50_batch_all1_equal_random/C201_1.dat,4,120,3,627.3573373,"[[[[0, [1]], [1, [4]], [12, [12, 11, 10, 18]], [11, []], [10, []], [31, [31, 25, 22, 29]], [25, []], [40, [40, 17, 20, 24]], [18, []], [29, []], [48, [48, 45, 35, 38]], [22, []], [45, []], [20, []], [24, []], [4, []], [35, []], [17, []], [43, [43, 37, 41, 36]], [37, []], [38, []], [41, []], [36, []]], [[0, [2, 3]], [2, []], [3, []], [6, [6, 5, 9, 7]], [5, []], [9, []], [7, [15, 13, 16, 14]], [16, []], [13, []], [32, [32, 27, 23, 26]], [15, []], [27, []], [14, []], [47, [47, 39, 49, 44]], [39, []], [49, []], [21, [21, 28, 19, 8]], [44, []], [50, [50, 33, 42, 34]], [19, []], [8, []], [23, []], [26, []], [33, []], [28, []], [42, []], [34, []], [46, [46, 30]], [30, []]]], [[[1, [4]]], [[6, [6, 5, 9, 7]]], [[12, [12, 11, 10, 18]]], [[7, [15, 13, 16, 14]]], [[31, [31, 25, 22, 29]]], [[32, [32, 27, 23, 26]]], [[40, [40, 17, 20, 24]]], [[48, [48, 45, 35, 38]]], [[47, [47, 39, 49, 44]]], [[21, [21, 28, 19, 8]]], [[50, [50, 33, 42, 34]]], [[43, [43, 37, 41, 36]]], [[46, [46, 30]]]]]",739.9930165,"[[[[0, [2, 3]], [2, [5, 8, 13, 6]], [6, []], [23, [23, 9, 7, 16]], [5, []], [8, []], [3, []], [9, []], [21, [21, 27, 19, 31]], [7, []], [16, []], [13, []], [27, []], [32, [32, 38, 40, 30]], [38, []], [48, [48, 33, 45, 18]], [18, []], [22, [22, 28, 26]], [45, []], [31, []], [40, []], [28, []], [33, []], [26, []], [50, [50, 44, 42]], [19, []], [44, []], [42, []], [30, []]], [[0, [4]], [4, []], [11, [11, 10, 12, 17]], [10, [15, 25, 14]], [25, []], [12, []], [29, [29, 24, 34]], [24, []], [37, [37, 35, 43, 39]], [35, []], [17, []], [43, []], [14, []], [47, [47, 41, 36, 46]], [39, []], [49, [49]], [15, [20, 1]], [41, []], [36, []], [20, []], [46, []], [34, []], [1, []]]], [[[2, [5, 8, 13, 6]]], [[11, [11, 10, 12, 17]]], [[23, [23, 9, 7, 16]]], [[10, [15, 25, 14]]], [[29, [29, 24, 34]]], [[21, [21, 27, 19, 31]]], [[37, [37, 35, 43, 39]]], [[32, [32, 38, 40, 30]]], [[48, [48, 33, 45, 18]]], [[22, [22, 28, 26]]], [[47, [47, 41, 36, 46]]], [[49, [49]], [50, [50, 44, 42]]], [[15, [20, 1]]]]]",53.70527988,0,13,3.615384615,54.04205127,1,13,3.615384615,,,A4L120<=A4L90,0.354336023,0,5.517768775,0
106,test_data/data_demand_random_50_batch_all1_equal_random/C201_1.dat,8,60,3,608.7630546,"[[[[0, [1, 2, 4, 3]], [2, [5, 6]], [6, []], [5, []], [3, []], [1, [17, 14, 13, 16, 7, 15]], [36, [36, 24, 35, 37, 32, 27, 20]], [41, [41]], [24, []], [4, []], [35, []], [17, [43, 38, 47, 39, 49]], [43, []], [37, []], [38, []], [32, []], [14, []], [47, []], [39, []], [13, []], [16, []], [7, []], [49, []], [27, []], [15, []], [20, []]], [[0, [11, 12, 10, 8, 9]], [11, []], [12, []], [10, [25, 18, 26, 23, 19, 21, 22]], [25, []], [29, [29, 31, 28, 34, 30, 40, 33]], [18, []], [31, []], [22, []], [45, [45, 50, 44, 42, 48]], [48, []], [40, []], [28, []], [33, []], [26, []], [23, []], [8, []], [19, []], [50, []], [44, []], [9, []], [21, []], [42, []], [34, []], [46, [46]], [30, []]]], [[[2, [5, 6]]], [[1, [17, 14, 13, 16, 7, 15]]], [[10, [25, 18, 26, 23, 19, 21, 22]]], [[36, [36, 24, 35, 37, 32, 27, 20]]], [[29, [29, 31, 28, 34, 30, 40, 33]]], [[41, [41]]], [[45, [45, 50, 44, 42, 48]]], [[17, [43, 38, 47, 39, 49]]], [[46, [46]]]]]",664.6619038,"[[[[0, [12, 4, 2, 1]], [12, []], [10, [10, 20, 13, 16, 17, 14]], [30, [30]], [20, [36, 24, 35, 37, 32, 27, 34]], [36, []], [24, []], [4, []], [35, []], [17, [43, 39, 47, 7, 38, 41, 49]], [43, []], [37, []], [38, []], [41, []], [32, []], [27, []], [39, []], [47, []], [14, []], [13, []], [16, []], [7, []], [49, []], [42, [42]], [2, []], [1, []], [34, []]], [[0, [5, 6, 3]], [3, []], [5, []], [6, []], [22, [22, 23, 8, 9, 11, 18, 15]], [29, [29, 25, 31, 28, 26, 19, 21]], [11, []], [25, []], [31, []], [45, [45, 40, 33, 48, 50, 44, 46]], [18, []], [48, []], [40, []], [28, []], [33, []], [26, []], [23, []], [8, []], [19, []], [50, []], [44, []], [9, []], [21, []], [15, []], [46, []]]], [[[10, [10, 20, 13, 16, 17, 14]]], [[22, [22, 23, 8, 9, 11, 18, 15]]], [[29, [29, 25, 31, 28, 26, 19, 21]], [30, [30]]], [[20, [36, 24, 35, 37, 32, 27, 34]]], [[45, [45, 40, 33, 48, 50, 44, 46]]], [[17, [43, 39, 47, 7, 38, 41, 49]]], [[42, [42]]]]]",34.89016396,0,9,4.555555556,38.76897678,1,7,6.142857143,,,,5.087867888,0,1.38027197,0
107,test_data/data_demand_random_50_batch_all1_equal_random/C201_1.dat,8,90,4,587.328408,"[[[[0, []], [11, [11, 12, 6, 5, 8, 10]], [10, []], [12, []], [25, [25, 26, 23, 19, 20, 22, 18]], [28, [28, 33, 34, 30, 29]], [26, []], [33, []], [6, []], [5, []], [23, []], [8, []], [19, []], [50, [50, 44, 42, 46, 45, 48, 40, 31]], [44, []], [42, []], [34, []], [46, []], [20, []], [30, []], [45, []], [40, []], [31, []], [18, []], [48, []], [22, []], [29, []]], [[0, [3]], [1, [1, 2, 9, 4, 7]], [2, []], [3, []], [9, []], [21, [21, 15, 17]], [15, []], [4, []], [35, [35, 24, 14, 13, 16, 27]], [17, []], [43, [43, 37, 41, 38, 32, 39, 36]], [37, []], [24, []], [41, []], [38, []], [32, []], [14, []], [47, [47, 49]], [39, []], [13, []], [16, []], [7, []], [49, []], [27, []], [36, []]]], [[[11, [11, 12, 6, 5, 8, 10]]], [[1, [1, 2, 9, 4, 7]]], [[21, [21, 15, 17]]], [[25, [25, 26, 23, 19, 20, 22, 18]]], [[35, [35, 24, 14, 13, 16, 27]]], [[28, [28, 33, 34, 30, 29]]], [[43, [43, 37, 41, 38, 32, 39, 36]]], [[50, [50, 44, 42, 46, 45, 48, 40, 31]]], [[47, [47, 49]]]]]",643.0483494,"[[[[0, [1]], [1, []], [6, [6]], [22, [22, 10, 23, 19, 8, 11, 12, 18]], [10, []], [11, []], [12, []], [25, [25, 31, 29, 28, 33, 26, 30, 34]], [31, []], [18, []], [29, []], [48, [48, 45, 40, 50, 44, 42, 46, 20]], [45, []], [40, []], [28, []], [33, []], [26, []], [23, []], [8, []], [19, []], [50, []], [44, []], [42, []], [34, []], [46, []], [30, []], [20, []], [38, [38]]], [[0, [3, 2]], [2, []], [3, []], [5, [5, 9, 7, 4]], [9, [16, 14, 21, 15]], [21, []], [41, [41, 39, 27, 35, 36, 32, 37, 24]], [15, []], [27, []], [14, []], [47, [47, 13, 49, 17, 43]], [39, []], [13, []], [16, []], [7, []], [49, []], [32, []], [37, []], [4, []], [35, []], [17, []], [43, []], [24, []], [36, []]]], [[[6, [6]], [5, [5, 9, 7, 4]]], [[22, [22, 10, 23, 19, 8, 11, 12, 18]]], [[9, [16, 14, 21, 15]]], [[25, [25, 31, 29, 28, 33, 26, 30, 34]]], [[41, [41, 39, 27, 35, 36, 32, 37, 24]]], [[48, [48, 45, 40, 50, 44, 42, 46, 20]]], [[47, [47, 13, 49, 17, 43]]], [[38, [38]]]]]",58.76355654,0,9,5.444444444,53.79193372,1,8,5.875,,,,9.264084155,0,4.800710838,0
108,test_data/data_demand_random_50_batch_all1_equal_random/C201_1.dat,8,120,4,583.3606798,"[[[[0, []], [11, [11, 12, 10, 18, 6, 5, 8]], [12, []], [10, []], [18, []], [31, [31, 26, 23, 19, 30, 29, 25, 22]], [25, []], [40, [40, 28, 33, 34]], [28, []], [26, []], [33, []], [6, []], [5, []], [23, []], [8, []], [19, []], [50, [50, 44, 42, 46, 45, 48]], [44, []], [42, []], [34, []], [46, []], [30, []], [45, []], [22, []], [48, []], [29, []]], [[0, []], [1, [1, 9, 2, 3, 4, 7, 13]], [2, []], [3, []], [9, []], [21, [21, 15, 17, 14, 16, 20]], [15, []], [24, [24, 37, 35, 36, 32, 27]], [37, []], [4, []], [35, []], [17, []], [43, [43, 38, 41, 47, 39, 49]], [27, []], [49, []], [7, []], [16, []], [13, []], [39, []], [47, []], [14, []], [32, []], [38, []], [41, []], [36, []], [20, []]]], [[[1, [1, 9, 2, 3, 4, 7, 13]]], [[11, [11, 12, 10, 18, 6, 5, 8]]], [[21, [21, 15, 17, 14, 16, 20]]], [[31, [31, 26, 23, 19, 30, 29, 25, 22]]], [[24, [24, 37, 35, 36, 32, 27]]], [[40, [40, 28, 33, 34]]], [[43, [43, 38, 41, 47, 39, 49]]], [[50, [50, 44, 42, 46, 45, 48]]]]]",652.3132079,"[[[[0, [3]], [3, []], [8, [8, 5, 6, 9, 15, 7, 16, 13]], [5, []], [6, []], [28, [28, 26, 23, 19, 21, 27, 14, 20]], [40, [40]], [33, [33, 44, 39, 32, 30]], [26, []], [23, []], [19, []], [50, [50, 49, 47]], [44, []], [9, []], [21, []], [15, []], [27, []], [49, []], [7, []], [16, []], [13, []], [39, []], [47, []], [14, []], [32, []], [20, []], [30, []]], [[0, [1, 2]], [1, []], [2, []], [18, [18, 10, 11, 12, 17, 4]], [10, []], [11, []], [12, []], [25, [25, 31]], [31, []], [29, [29, 22, 36, 37, 35, 24, 34]], [22, []], [45, [45]], [48, [48, 41, 38, 43, 42, 46]], [36, []], [41, []], [38, []], [37, []], [43, []], [17, []], [35, []], [4, []], [24, []], [42, []], [34, []], [46, []]]], [[[8, [8, 5, 6, 9, 15, 7, 16, 13]]], [[18, [18, 10, 11, 12, 17, 4]]], [[28, [28, 26, 23, 19, 21, 27, 14, 20]]], [[25, [25, 31]]], [[40, [40]]], [[29, [29, 22, 36, 37, 35, 24, 34]]], [[45, [45]], [33, [33, 44, 39, 32, 30]]], [[48, [48, 41, 38, 43, 42, 46]]], [[50, [50, 49, 47]]]]]",49.99003674,0,8,6.25,53.25212984,1,9,5.222222222,,,,12.295084972,0,11.588329201,0
109,test_data/data_demand_random_50_batch_all1_equal_random/C201_2.5.dat,4,60,5,1057.907248,"[[[[0, [3, 1, 7]], [7, []], [12, [12, 6, 13]], [19, [19, 21, 17]], [21, []], [6, []], [29, [29, 27, 26]], [34, [34, 9, 11, 10]], [27, []], [3, []], [9, []], [37, [37, 38, 39]], [11, [46, 40, 45, 41]], [46, []], [38, []], [39, [50, 28, 42]], [50, []], [28, []], [40, []], [45, []], [41, []], [10, []], [17, []], [13, []], [26, []], [1, []], [42, []]], [[0, [2, 4]], [15, [15, 5, 16, 8]], [5, []], [18, [18, 20]], [20, [23, 14]], [16, []], [33, [33, 24, 30, 25]], [2, []], [24, [32, 35, 36, 31]], [23, []], [25, []], [35, []], [30, []], [4, []], [14, []], [8, []], [47, [47, 22]], [32, []], [48, [48, 44, 43, 49]], [22, []], [44, []], [43, []], [36, []], [31, []], [49, []]]], [[[12, [12, 6, 13]]], [[15, [15, 5, 16, 8]]], [[18, [18, 20]]], [[19, [19, 21, 17]]], [[20, [23, 14]]], [[29, [29, 27, 26]]], [[33, [33, 24, 30, 25]]], [[34, [34, 9, 11, 10]]], [[24, [32, 35, 36, 31]]], [[37, [37, 38, 39]]], [[11, [46, 40, 45, 41]]], [[39, [50, 28, 42]]], [[47, [47, 22]]], [[48, [48, 44, 43, 49]]]]]",,,39.94294524,0,14,3.214285714,,,,,,(not found),,23.326367992,0,,
110,test_data/data_demand_random_50_batch_all1_equal_random/C201_2.5.dat,4,90,2,1006.803509,"[[[[0, [1]], [7, [7]], [10, [10, 6, 12]], [6, []], [1, []], [18, [18, 15, 13]], [25, [25, 23]], [23, []], [26, [26, 17, 29]], [29, []], [36, [36, 32, 31]], [12, []], [32, []], [31, []], [42, [42, 5, 34, 40]], [5, []], [34, []], [15, []], [40, []], [45, [45, 41, 33, 22]], [41, []], [17, []], [13, []], [33, []], [49, [49, 48, 43, 44]], [48, []], [43, []], [22, []], [44, []]], [[0, [3]], [2, [2]], [9, [9, 4, 8, 11]], [3, []], [19, [19, 14, 16]], [14, []], [4, []], [16, []], [28, [28, 21, 24]], [21, []], [24, [20, 27]], [8, []], [30, [30, 35]], [35, []], [27, []], [20, []], [11, []], [37, [37, 46, 38, 39]], [46, []], [38, []], [39, []], [50, [50, 47]], [47, []]]], [[[7, [7]]], [[2, [2]]], [[9, [9, 4, 8, 11]]], [[10, [10, 6, 12]]], [[19, [19, 14, 16]]], [[18, [18, 15, 13]]], [[25, [25, 23]]], [[26, [26, 17, 29]]], [[28, [28, 21, 24]]], [[24, [20, 27]]], [[36, [36, 32, 31]]], [[30, [30, 35]]], [[42, [42, 5, 34, 40]]], [[37, [37, 46, 38, 39]]], [[45, [45, 41, 33, 22]]], [[49, [49, 48, 43, 44]]], [[50, [50, 47]]]]]",,,53.85336903,0,17,2.823529412,,,,,,(not found),,9.639004195,0,,
111,test_data/data_demand_random_50_batch_all1_equal_random/C201_2.5.dat,4,120,5,1004.70992,"[[[[0, [4, 2, 3]], [4, []], [20, [20, 11, 8, 16]], [11, []], [3, []], [27, [27, 28, 25, 14]], [28, []], [25, []], [8, []], [14, []], [30, [30, 35, 23, 19]], [35, []], [23, []], [38, [38, 34, 18]], [46, [46, 37, 39]], [37, []], [19, []], [18, []], [39, []], [50, [50, 47]], [34, []], [16, []], [2, []], [47, []]], [[0, [1]], [1, []], [9, [9, 7, 10, 6]], [5, [5, 15, 12, 13]], [6, []], [17, [17, 21, 24]], [7, []], [13, []], [21, []], [24, []], [29, [29, 31, 26, 33]], [15, []], [33, [32, 36, 22]], [32, []], [36, []], [31, []], [22, []], [44, [44, 43, 42, 40]], [43, []], [48, [48, 49, 41, 45]], [12, []], [49, []], [26, []], [10, []], [41, []], [45, []], [40, []], [42, []]]], [[[9, [9, 7, 10, 6]]], [[5, [5, 15, 12, 13]]], [[20, [20, 11, 8, 16]]], [[17, [17, 21, 24]]], [[27, [27, 28, 25, 14]]], [[29, [29, 31, 26, 33]]], [[30, [30, 35, 23, 19]]], [[33, [32, 36, 22]]], [[38, [38, 34, 18]]], [[44, [44, 43, 42, 40]]], [[46, [46, 37, 39]]], [[48, [48, 49, 41, 45]]], [[50, [50, 47]]]]]",1038.132746,"[[[[0, [3]], [3, []], [16, [16]], [7, [7, 6, 13, 10]], [21, [21, 12]], [6, []], [13, []], [10, []], [17, [17, 26, 29]], [26, []], [29, [9]], [36, [36, 32, 33, 37]], [12, []], [32, []], [33, []], [37, []], [9, []], [46, [46, 38, 35, 39]], [47, [47, 50, 34, 42]], [38, []], [35, []], [50, []], [39, []], [34, []], [42, []]], [[0, [4, 2, 1]], [4, []], [2, []], [19, [19, 20, 18, 11]], [11, []], [20, []], [18, []], [24, [24, 8, 14, 5]], [28, [28]], [8, []], [14, []], [30, [30, 25, 23, 31]], [23, []], [25, []], [27, [27, 15, 22]], [5, []], [15, []], [41, [41, 45, 40]], [45, []], [40, []], [49, [49, 48, 43, 44]], [1, []], [31, []], [48, []], [43, []], [22, []], [44, []]]], [[[16, [16]]], [[7, [7, 6, 13, 10]]], [[19, [19, 20, 18, 11]]], [[24, [24, 8, 14, 5]]], [[21, [21, 12]]], [[17, [17, 26, 29]], [28, [28]]], [[29, [9]]], [[30, [30, 25, 23, 31]]], [[36, [36, 32, 33, 37]]], [[27, [27, 15, 22]]], [[46, [46, 38, 35, 39]]], [[41, [41, 45, 40]]], [[49, [49, 48, 43, 44]]], [[47, [47, 50, 34, 42]]]]]",52.44666629,0,13,3.538461538,54.26156247,1,14,3.285714286,,,,19.110828424,0,20.066875318,0.127655876
112,test_data/data_demand_random_50_batch_all1_equal_random/C201_2.5.dat,8,60,5,1028.313208,"[[[[0, [2]], [5, [5, 7]], [7, []], [15, [15, 14, 8, 11, 13]], [2, []], [13, []], [29, [29, 26, 17, 21, 28, 24, 23, 25]], [26, []], [17, []], [21, []], [28, []], [24, [30, 35, 27, 20, 9]], [14, []], [30, []], [8, []], [35, []], [23, []], [25, []], [27, []], [20, []], [11, []], [9, []], [37, [37, 46, 38, 39, 50, 47]], [46, []], [38, []], [39, []], [50, []], [47, []]], [[0, [1, 4, 3]], [4, []], [18, [18, 19, 10, 6, 16, 12]], [19, []], [3, [22]], [22, []], [31, [31]], [33, [33]], [32, [32, 36, 34]], [1, []], [36, []], [34, []], [12, [43, 44]], [43, []], [44, []], [48, [48, 49, 41, 45, 40, 42]], [49, []], [10, []], [41, []], [45, []], [6, []], [40, []], [16, []], [42, []]]], [[[5, [5, 7]]], [[15, [15, 14, 8, 11, 13]]], [[18, [18, 19, 10, 6, 16, 12]]], [[3, [22]]], [[29, [29, 26, 17, 21, 28, 24, 23, 25]]], [[31, [31]]], [[33, [33]]], [[32, [32, 36, 34]]], [[24, [30, 35, 27, 20, 9]]], [[12, [43, 44]]], [[48, [48, 49, 41, 45, 40, 42]]], [[37, [37, 46, 38, 39, 50, 47]]]]]",,,39.48956467,0,12,3.833333333,,,,,,(not found),,27.300952433,0,,
113,test_data/data_demand_random_50_batch_all1_equal_random/C201_2.5.dat,8,90,1,1004.70992,"[[[[0, [1, 2]], [6, [6, 7]], [7, []], [2, []], [19, [19, 16, 13, 10, 12]], [16, []], [13, []], [10, []], [1, []], [12, []], [33, [33, 29, 17, 22]], [29, []], [34, [34, 36, 31, 32, 26]], [36, []], [31, []], [32, []], [44, [44, 43]], [22, []], [43, []], [48, [48, 49, 41, 45, 40, 42]], [49, []], [26, []], [17, []], [41, []], [45, []], [40, []], [42, []]], [[0, [4]], [14, [14, 5, 3, 15, 11, 9, 8]], [4, []], [15, []], [5, []], [3, []], [28, [28, 21, 27, 20, 18, 23, 24, 25]], [21, []], [24, []], [25, []], [30, [30, 35, 37]], [8, []], [35, []], [27, []], [20, []], [46, [46, 38]], [11, []], [9, []], [37, []], [18, []], [38, []], [23, [50, 39, 47]], [50, []], [39, []], [47, []]]], [[[14, [14, 5, 3, 15, 11, 9, 8]]], [[6, [6, 7]]], [[19, [19, 16, 13, 10, 12]]], [[28, [28, 21, 27, 20, 18, 23, 24, 25]]], [[33, [33, 29, 17, 22]]], [[34, [34, 36, 31, 32, 26]]], [[30, [30, 35, 37]]], [[46, [46, 38]]], [[44, [44, 43]]], [[48, [48, 49, 41, 45, 40, 42]]], [[23, [50, 39, 47]]]]]",1072.142136,"[[[[0, []], [13, [13, 9, 12, 16]], [12, []], [24, [24, 21]], [21, []], [16, []], [32, [32, 22, 33, 19, 20, 11]], [22, []], [33, []], [19, []], [20, []], [9, []], [37, [37, 46, 36, 31]], [11, []], [46, []], [49, [49, 48, 43, 44]], [36, []], [31, []], [48, []], [43, []], [44, []]], [[0, [1, 2, 4]], [4, []], [8, [8, 7, 5]], [15, [15, 10, 14, 6]], [7, []], [1, []], [2, []], [5, []], [26, [26, 17, 3, 29, 25, 23, 27, 18]], [10, []], [17, []], [29, []], [25, []], [23, []], [35, [35, 30]], [30, []], [14, []], [27, [38, 39, 28, 34]], [38, []], [39, []], [18, []], [3, []], [50, [50, 40, 41, 45, 42, 47]], [28, []], [6, []], [40, []], [41, []], [45, []], [34, []], [42, []], [47, []]]], [[[8, [8, 7, 5]]], [[15, [15, 10, 14, 6]], [13, [13, 9, 12, 16]]], [[26, [26, 17, 3, 29, 25, 23, 27, 18]]], [[24, [24, 21]]], [[32, [32, 22, 33, 19, 20, 11]]], [[35, [35, 30]]], [[27, [38, 39, 28, 34]]], [[37, [37, 46, 36, 31]]], [[49, [49, 48, 43, 44]]], [[50, [50, 40, 41, 45, 42, 47]]]]]",56.73904662,0,11,4.272727273,55.36904633,1,10,4.7,,,,18.55156887,0,21.814213562,0
114,test_data/data_demand_random_50_batch_all1_equal_random/C201_2.5.dat,8,120,5,1004.70992,"[[[[0, [4, 2, 3]], [4, []], [20, [20, 11, 8, 16]], [11, []], [3, []], [27, [27, 28, 25, 14]], [28, []], [25, []], [8, []], [14, []], [30, [30, 35, 23, 19]], [35, []], [23, []], [38, [38, 34, 18]], [46, [46, 37, 39]], [37, []], [19, []], [18, []], [39, []], [50, [50, 47]], [34, []], [16, []], [2, []], [47, []]], [[0, [1]], [1, []], [9, [9, 7, 10, 6]], [5, [5, 15, 12, 13]], [6, []], [17, [17, 21, 24]], [7, []], [13, []], [21, []], [24, []], [29, [29, 31, 26, 33]], [15, []], [33, [32, 36, 22]], [32, []], [36, []], [31, []], [22, []], [44, [44, 43, 42, 40]], [43, []], [48, [48, 49, 41, 45]], [12, []], [49, []], [26, []], [10, []], [41, []], [45, []], [40, []], [42, []]]], [[[9, [9, 7, 10, 6]]], [[5, [5, 15, 12, 13]]], [[20, [20, 11, 8, 16]]], [[17, [17, 21, 24]]], [[27, [27, 28, 25, 14]]], [[29, [29, 31, 26, 33]]], [[30, [30, 35, 23, 19]]], [[33, [32, 36, 22]]], [[38, [38, 34, 18]]], [[44, [44, 43, 42, 40]]], [[46, [46, 37, 39]]], [[48, [48, 49, 41, 45]]], [[50, [50, 47]]]]]",1016.730849,"[[[[0, [3]], [7, [7, 14, 8, 12]], [19, [19, 23, 25, 24, 22]], [18, [18, 20, 27]], [20, []], [3, []], [27, []], [30, [30, 35, 34, 36, 31, 32, 33]], [14, []], [8, []], [35, []], [23, []], [25, []], [24, []], [34, []], [36, []], [31, []], [48, [48, 43, 44, 49, 47]], [43, []], [44, []], [22, []], [32, []], [12, []], [49, []], [33, []], [47, []]], [[0, [4, 2, 1]], [4, []], [6, [6, 9, 11, 10]], [13, [13, 5, 15, 16]], [5, []], [15, []], [16, []], [2, []], [1, []], [26, [26, 29, 17, 28, 21]], [29, []], [17, []], [9, []], [37, [37]], [11, []], [46, [46, 38, 39, 41, 45, 40, 42]], [38, []], [39, []], [50, [50]], [28, []], [21, []], [10, []], [41, []], [45, []], [40, []], [42, []]]], [[[6, [6, 9, 11, 10]]], [[13, [13, 5, 15, 16]], [7, [7, 14, 8, 12]]], [[19, [19, 23, 25, 24, 22]]], [[26, [26, 29, 17, 28, 21]]], [[18, [18, 20, 27]]], [[37, [37]]], [[30, [30, 35, 34, 36, 31, 32, 33]]], [[46, [46, 38, 39, 41, 45, 40, 42]]], [[48, [48, 43, 44, 49, 47]]], [[50, [50]]]]]",52.44666629,0,13,3.538461538,57.8143489,1,10,4.6,,,A8L120<=A4L120,19.110828424,0,26.644076951,0
115,test_data/data_demand_random_50_batch_all1_equal_random/C201_2.dat,4,60,5,877.9706903,"[[[[0, [1, 2, 8]], [17, [17, 9, 18]], [1, []], [9, []], [2, [24, 27, 10]], [10, []], [24, []], [27, []], [30, [30, 15]], [15, []], [42, [42, 38, 35, 33]], [38, []], [35, []], [18, []], [47, [47, 40, 46, 44]], [40, [48, 39, 31]], [46, []], [8, []], [48, []], [44, []], [39, []], [31, []], [33, []]], [[0, [13, 4, 6, 12, 7, 5, 3]], [4, []], [6, []], [12, []], [13, []], [23, [23, 16, 14, 20]], [7, []], [21, [21, 29, 28, 11]], [29, []], [28, []], [16, []], [14, []], [5, [34, 36, 19, 22]], [34, []], [36, []], [41, [41, 32, 25, 26]], [45, [45, 49, 43, 37]], [3, []], [26, []], [32, [50]], [20, []], [50, []], [25, []], [19, []], [49, []], [43, []], [37, []], [11, []], [22, []]]], [[[17, [17, 9, 18]]], [[23, [23, 16, 14, 20]]], [[2, [24, 27, 10]]], [[21, [21, 29, 28, 11]]], [[30, [30, 15]]], [[5, [34, 36, 19, 22]]], [[41, [41, 32, 25, 26]]], [[42, [42, 38, 35, 33]]], [[45, [45, 49, 43, 37]]], [[47, [47, 40, 46, 44]]], [[40, [48, 39, 31]]], [[32, [50]]]]]",935.6709133,"[[[[0, [4, 13, 12, 6, 7, 5]], [13, []], [12, []], [4, []], [6, []], [7, []], [17, [17, 20, 19, 16]], [29, [29, 28, 14]], [28, []], [16, []], [5, [34, 32, 25, 37]], [14, []], [34, []], [36, [41, 36, 43, 33]], [41, []], [45, [45, 50, 49]], [32, []], [20, []], [50, []], [25, []], [19, []], [49, []], [43, []], [37, []], [33, []]], [[0, [3, 9, 1, 2]], [9, []], [15, [15, 18, 8, 11]], [3, []], [11, []], [23, [23, 21, 10]], [21, []], [22, [22, 24, 27, 26]], [1, []], [2, []], [27, []], [24, []], [30, [30, 35]], [42, [42, 38, 39, 31]], [38, []], [35, []], [18, []], [47, [47, 44, 48, 46]], [40, [40]], [44, []], [39, []], [48, []], [8, []], [46, []], [10, []], [31, []], [26, []]]], [[[15, [15, 18, 8, 11]]], [[23, [23, 21, 10]]], [[17, [17, 20, 19, 16]]], [[22, [22, 24, 27, 26]]], [[29, [29, 28, 14]]], [[30, [30, 35]]], [[5, [34, 32, 25, 37]]], [[42, [42, 38, 39, 31]]], [[36, [41, 36, 43, 33]]], [[47, [47, 44, 48, 46]]], [[40, [40]], [45, [45, 50, 49]]]]]",37.6248363,0,12,3.333333333,36.21813526,1,11,3.636363636,,,,6.886049506,0,7.207858309,0
116,test_data/data_demand_random_50_batch_all1_equal_random/C201_2.dat,4,90,4,853.6155281,"[[[[0, [4, 1, 3, 7]], [1, []], [4, []], [3, []], [7, []], [16, [16, 14]], [14, []], [22, [22, 18, 11]], [11, []], [26, [26, 27, 24]], [27, []], [24, []], [30, [30, 15]], [15, []], [42, [42, 35, 40, 38]], [38, []], [35, []], [18, []], [47, [47, 46, 48, 45]], [40, []], [46, []], [48, []], [39, [39, 44]], [44, []], [45, []]], [[0, [2, 5, 6]], [2, []], [9, [9]], [10, [10, 8, 12]], [8, []], [12, [17, 19, 20, 21]], [19, []], [20, []], [28, [28, 29, 23]], [21, []], [29, []], [17, []], [5, []], [34, [34, 36, 32, 31]], [36, []], [41, [41, 25, 37, 13]], [32, []], [6, []], [25, []], [50, [50, 43, 49, 33]], [37, []], [43, []], [49, []], [13, []], [31, []], [33, []], [23, []]]], [[[9, [9]]], [[10, [10, 8, 12]]], [[16, [16, 14]]], [[12, [17, 19, 20, 21]]], [[22, [22, 18, 11]]], [[26, [26, 27, 24]]], [[28, [28, 29, 23]]], [[30, [30, 15]]], [[34, [34, 36, 32, 31]]], [[42, [42, 35, 40, 38]]], [[41, [41, 25, 37, 13]]], [[50, [50, 43, 49, 33]]], [[47, [47, 46, 48, 45]]], [[39, [39, 44]]]]]",,,50.88323596,0,14,3.071428571,,,,,,(not found),,1.225467699,0,,
117,test_data/data_demand_random_50_batch_all1_equal_random/C201_2.dat,4,120,1,853.6155281,"[[[[0, [5, 7, 6, 3, 1]], [6, []], [13, [13]], [16, [16, 12]], [7, []], [5, []], [14, [14, 17, 20, 21]], [28, [28, 29, 19, 25]], [21, []], [17, []], [36, [36, 34, 32, 23]], [34, []], [41, [41, 37, 43]], [29, []], [20, []], [37, []], [43, []], [49, [49, 50, 33, 22]], [19, []], [12, []], [25, []], [50, []], [32, []], [3, []], [33, []], [1, []], [23, []], [22, []]], [[0, [2, 4]], [4, []], [10, [10, 8, 9, 11]], [8, []], [9, []], [2, []], [11, []], [26, [26, 24, 27, 15]], [24, []], [27, []], [31, [31, 30, 35, 18]], [30, []], [15, []], [42, [42, 38]], [38, []], [35, []], [18, []], [47, [47, 40, 45]], [40, []], [46, [46, 48, 39, 44]], [48, []], [39, []], [44, []], [45, []]]], [[[13, [13]]], [[10, [10, 8, 9, 11]]], [[16, [16, 12]]], [[14, [14, 17, 20, 21]]], [[26, [26, 24, 27, 15]]], [[28, [28, 29, 19, 25]]], [[36, [36, 34, 32, 23]]], [[31, [31, 30, 35, 18]]], [[41, [41, 37, 43]]], [[42, [42, 38]]], [[47, [47, 40, 45]]], [[49, [49, 50, 33, 22]]], [[46, [46, 48, 39, 44]]]]]",935.3664914,"[[[[0, [2, 1]], [1, []], [9, [9, 8, 11, 12]], [10, [10]], [8, []], [2, []], [12, [16, 17, 22]], [19, [19, 21, 20]], [21, []], [29, [29, 34, 28, 36]], [34, []], [16, []], [28, []], [17, []], [36, []], [41, [41, 26, 37, 33]], [11, []], [26, []], [37, []], [43, [43, 49, 25, 32]], [49, []], [25, []], [50, [50, 45]], [20, []], [32, []], [33, []], [22, []], [45, []]], [[0, [6, 5, 7, 4, 3]], [6, []], [14, [14, 18, 13, 15]], [5, []], [7, []], [23, [23]], [3, []], [4, []], [13, []], [31, [31, 24, 27, 30]], [42, [42, 38, 40]], [38, []], [35, [35, 39]], [18, []], [47, [47, 44, 48, 46]], [40, []], [44, []], [39, []], [48, []], [46, []], [24, []], [27, []], [30, []], [15, []]]], [[[9, [9, 8, 11, 12]]], [[10, [10]]], [[14, [14, 18, 13, 15]]], [[12, [16, 17, 22]], [23, [23]]], [[19, [19, 21, 20]]], [[29, [29, 34, 28, 36]]], [[31, [31, 24, 27, 30]]], [[41, [41, 26, 37, 33]]], [[42, [42, 38, 40]]], [[35, [35, 39]]], [[47, [47, 44, 48, 46]]], [[43, [43, 49, 25, 32]]], [[50, [50, 45]]]]]",53.99652765,0,13,3.307692308,56.56595392,1,13,3.307692308,,,,3.45590899,0,10.165938886,0
118,test_data/data_demand_random_50_batch_all1_equal_random/C201_2.dat,8,60,4,856.6155281,"[[[[0, [5, 4, 7, 3]], [3, []], [4, []], [23, [23, 22, 14, 17, 21, 16, 20, 12]], [22, []], [14, []], [7, []], [28, [19, 34, 36, 28, 29, 25, 26]], [17, []], [21, []], [29, []], [5, []], [16, []], [34, []], [36, [41, 32, 43, 37, 33]], [41, []], [32, [50, 49, 45]], [20, []], [50, []], [25, []], [12, []], [19, []], [49, []], [43, []], [37, []], [26, []], [33, []], [45, []]], [[0, [13, 9, 2, 1, 6]], [11, [11]], [6, []], [13, []], [9, []], [1, []], [30, [30, 31, 15, 18, 8, 10]], [31, []], [15, []], [42, [42, 38, 35, 24, 27]], [38, []], [35, []], [18, []], [47, [47, 46, 48, 39, 44, 40]], [2, []], [46, []], [8, []], [48, []], [10, []], [24, []], [27, []], [39, []], [44, []], [40, []]]], [[[11, [11]]], [[23, [23, 22, 14, 17, 21, 16, 20, 12]]], [[28, [19, 34, 36, 28, 29, 25, 26]]], [[30, [30, 31, 15, 18, 8, 10]]], [[42, [42, 38, 35, 24, 27]]], [[36, [41, 32, 43, 37, 33]]], [[47, [47, 46, 48, 39, 44, 40]]], [[32, [50, 49, 45]]]]]",869.6155281,"[[[[0, [4, 12, 6, 13, 7]], [12, []], [13, []], [4, []], [6, []], [17, [17, 21, 22, 23, 11]], [21, []], [29, [29]], [23, []], [11, []], [32, [32, 20, 14, 16, 37]], [20, []], [41, [41, 36, 34, 25, 19]], [36, []], [34, []], [14, []], [16, []], [7, [50, 49, 43]], [50, []], [25, []], [19, []], [49, []], [43, []], [37, []], [22, []]], [[0, [1, 9, 3, 5]], [9, []], [3, [2]], [1, []], [5, []], [28, [28, 26, 15, 18, 10, 8]], [26, []], [33, [33, 31, 30, 27, 24]], [31, []], [30, []], [15, []], [42, [42, 35, 40, 38]], [38, []], [35, []], [18, []], [47, [47, 44, 39, 48, 46, 45]], [2, []], [44, []], [39, []], [27, []], [24, []], [10, []], [48, []], [8, []], [46, []], [40, []], [45, []]]], [[[17, [17, 21, 22, 23, 11]]], [[3, [2]]], [[29, [29]], [28, [28, 26, 15, 18, 10, 8]]], [[33, [33, 31, 30, 27, 24]]], [[32, [32, 20, 14, 16, 37]]], [[42, [42, 35, 40, 38]]], [[41, [41, 36, 34, 25, 19]]], [[7, [50, 49, 43]]], [[47, [47, 44, 39, 48, 46, 45]]]]]",38.33435776,0,8,5.125,38.67524462,1,9,4.555555556,,,,16.864218676,0,1.153984194,0
119,test_data/data_demand_random_50_batch_all1_equal_random/C201_2.dat,8,90,1,848.6155281,"[[[[0, [6, 5, 1, 2]], [6, []], [10, [10]], [9, [9, 17, 16, 14, 12]], [2, []], [1, []], [22, [22, 28, 29, 21, 20, 25, 19, 26]], [28, []], [17, []], [16, []], [5, []], [14, []], [34, [34]], [41, [41, 36, 32, 43, 37, 33]], [36, []], [29, []], [21, []], [32, []], [20, []], [50, [50, 49]], [25, []], [12, []], [19, []], [49, []], [43, []], [37, []], [33, []], [26, []]], [[0, [7, 3, 4]], [7, []], [4, []], [13, [13]], [3, [18, 8, 23, 11, 15]], [11, []], [23, []], [24, [24, 27]], [27, []], [31, [31, 30]], [15, []], [42, [42, 38, 35, 40, 39]], [38, []], [35, []], [18, []], [47, [47, 46, 48, 44, 45]], [40, []], [46, []], [8, []], [48, []], [39, []], [44, []], [30, []], [45, []]]], [[[10, [10]]], [[13, [13]]], [[3, [18, 8, 23, 11, 15]]], [[9, [9, 17, 16, 14, 12]]], [[22, [22, 28, 29, 21, 20, 25, 19, 26]]], [[24, [24, 27]]], [[31, [31, 30]]], [[34, [34]]], [[42, [42, 38, 35, 40, 39]]], [[41, [41, 36, 32, 43, 37, 33]]], [[47, [47, 46, 48, 44, 45]]], [[50, [50, 49]]]]]",900.0788655,"[[[[0, [2, 3, 1]], [3, []], [1, []], [9, [9, 11, 10, 8, 16, 18, 15]], [11, []], [21, [21, 20]], [16, []], [20, []], [32, [32]], [26, [26, 27, 24, 30, 31]], [30, []], [31, [39, 35, 38, 42]], [39, []], [27, []], [24, []], [10, []], [46, [46, 48, 44, 47, 45]], [48, []], [8, []], [44, []], [2, []], [47, []], [18, []], [35, []], [38, []], [42, []], [15, []], [45, []]], [[0, [7, 4, 5, 6]], [4, []], [7, []], [22, [22, 13, 14, 17, 12]], [23, [23, 19]], [13, []], [6, []], [12, []], [28, [28, 29, 25]], [5, []], [14, []], [34, [34, 36, 41, 43, 37, 33, 40]], [36, []], [17, []], [29, []], [41, []], [50, [50, 49]], [25, []], [19, []], [49, []], [43, []], [37, []], [33, []], [40, []]]], [[[22, [22, 13, 14, 17, 12]]], [[9, [9, 11, 10, 8, 16, 18, 15]]], [[23, [23, 19]], [21, [21, 20]]], [[28, [28, 29, 25]]], [[32, [32]]], [[26, [26, 27, 24, 30, 31]]], [[34, [34, 36, 41, 43, 37, 33, 40]]], [[31, [39, 35, 38, 42]]], [[50, [50, 49]]], [[46, [46, 48, 44, 47, 45]]]]]",51.52295771,0,12,3.583333333,56.94988138,1,10,4.3,,,,9.884627344,0,11.532789652,4.261360648
120,test_data/data_demand_random_50_batch_all1_equal_random/C201_2.dat,8,120,4,848.6155281,"[[[[0, [6, 3, 4]], [4, []], [12, [12, 13, 14, 16, 17]], [13, []], [20, [20, 19]], [19, []], [28, [28, 21, 29, 25, 26, 22]], [21, []], [29, []], [16, []], [14, []], [34, [34, 36, 37, 32, 33]], [17, []], [36, []], [41, [41]], [50, [50, 49, 43]], [25, []], [49, []], [43, []], [37, []], [6, []], [32, []], [26, []], [33, []], [3, []], [22, []]], [[0, [2, 5, 1, 7]], [5, []], [7, []], [9, [9, 11, 10]], [1, []], [23, [23]], [11, [24, 27, 15, 18, 8]], [10, []], [24, []], [27, []], [31, [31, 30]], [30, []], [15, []], [42, [42, 38, 35, 40, 39]], [38, []], [35, []], [18, []], [47, [47, 46, 48, 44, 45]], [40, []], [46, []], [8, []], [48, []], [39, []], [44, []], [2, []], [45, []]]], [[[9, [9, 11, 10]]], [[12, [12, 13, 14, 16, 17]]], [[23, [23]]], [[20, [20, 19]]], [[11, [24, 27, 15, 18, 8]]], [[28, [28, 21, 29, 25, 26, 22]]], [[31, [31, 30]]], [[34, [34, 36, 37, 32, 33]]], [[42, [42, 38, 35, 40, 39]]], [[41, [41]]], [[47, [47, 46, 48, 44, 45]]], [[50, [50, 49, 43]]]]]",892.3112887,"[[[[0, [6]], [6, []], [13, [13]], [9, [9, 15, 12, 17]], [15, []], [24, [24, 26, 23, 20, 25, 19, 22]], [26, []], [33, [33]], [23, []], [41, [41, 34, 36, 43, 37, 32]], [34, []], [36, []], [17, []], [20, []], [50, [50, 49, 45]], [25, []], [12, []], [19, []], [49, []], [43, []], [37, []], [32, []], [22, []], [45, []]], [[0, [2, 4, 7, 5, 1]], [3, [3, 10, 11, 8]], [2, []], [10, []], [4, [16, 14, 18]], [11, []], [7, []], [28, [28, 29, 21, 27]], [16, []], [14, []], [5, []], [29, []], [21, []], [1, []], [30, [30, 31, 40, 38, 35, 42, 39]], [31, []], [27, []], [39, []], [48, [48, 46, 44, 47]], [8, []], [46, []], [44, []], [40, []], [38, []], [35, []], [18, []], [47, []], [42, []]]], [[[3, [3, 10, 11, 8]], [13, [13]]], [[9, [9, 15, 12, 17]]], [[4, [16, 14, 18]]], [[28, [28, 29, 21, 27]]], [[24, [24, 26, 23, 20, 25, 19, 22]]], [[33, [33]]], [[30, [30, 31, 40, 38, 35, 42, 39]]], [[41, [41, 34, 36, 43, 37, 32]]], [[50, [50, 49, 45]]], [[48, [48, 46, 44, 47]]]]]",48.50182091,0,12,3.583333333,57.79784859,1,10,4.4,,,,9.513045649,0,9.566391557,0
121,test_data/data_demand_random_50_batch_all1_equal_random/C201_3.dat,4,60,5,1228.70992,"[[[[0, [3, 6]], [14, [14, 17, 19, 8]], [17, [18, 15, 13, 12]], [19, []], [8, []], [18, []], [15, []], [3, []], [13, [27, 7]], [20, [20, 32, 9, 16]], [12, []], [32, []], [9, []], [30, [30, 38, 33, 28]], [38, []], [33, []], [28, []], [41, [41, 36, 31]], [16, []], [36, []], [7, [44, 48, 49, 43]], [44, []], [6, []], [31, []], [48, []], [27, []], [49, []], [43, []]], [[0, [10, 2, 5, 1, 4]], [10, []], [2, []], [23, [23, 21, 11]], [21, []], [4, []], [24, [24]], [5, []], [35, [35, 37, 22, 26]], [37, []], [22, []], [26, [34, 25, 29]], [34, []], [1, []], [25, []], [47, [47, 46, 39, 50]], [29, []], [46, []], [39, [42, 45, 40]], [11, []], [50, []], [42, []], [45, []], [40, []]]], [[[14, [14, 17, 19, 8]]], [[17, [18, 15, 13, 12]]], [[23, [23, 21, 11]]], [[24, [24]]], [[13, [27, 7]]], [[20, [20, 32, 9, 16]]], [[35, [35, 37, 22, 26]]], [[30, [30, 38, 33, 28]]], [[26, [34, 25, 29]]], [[41, [41, 36, 31]]], [[7, [44, 48, 49, 43]]], [[47, [47, 46, 39, 50]]], [[39, [42, 45, 40]]]]]",,,40.12715979,0,13,3.307692308,,,,,,(not found),,25.509012951,0,,
122,test_data/data_demand_random_50_batch_all1_equal_random/C201_3.dat,4,90,5,1203.051248,"[[[[0, [14, 10, 12, 9, 11, 13]], [14, []], [10, []], [12, []], [9, []], [11, []], [22, [22, 15, 23, 24]], [15, []], [33, [33, 31]], [23, [29]], [31, [36, 16, 26]], [36, []], [24, []], [16, []], [13, []], [26, []], [35, [35, 40]], [40, []], [47, [47, 46, 44]], [29, []], [46, []], [44, []]], [[0, [5, 4, 2, 3]], [5, [6, 1]], [4, [7]], [2, []], [3, []], [7, []], [6, []], [8, [8, 17, 19, 18]], [17, []], [20, [20, 21]], [21, [27, 28]], [27, []], [28, []], [19, []], [18, []], [38, [38, 30, 34, 25]], [30, []], [34, []], [39, [39, 37, 32]], [1, []], [25, []], [37, []], [32, []], [50, [50, 42, 43, 49]], [42, []], [43, []], [49, []], [48, [48, 41, 45]], [41, []], [45, []]]], [[[5, [6, 1]]], [[4, [7]]], [[22, [22, 15, 23, 24]]], [[8, [8, 17, 19, 18]]], [[20, [20, 21]]], [[21, [27, 28]]], [[33, [33, 31]]], [[23, [29]]], [[31, [36, 16, 26]]], [[38, [38, 30, 34, 25]]], [[39, [39, 37, 32]]], [[35, [35, 40]]], [[47, [47, 46, 44]]], [[50, [50, 42, 43, 49]]], [[48, [48, 41, 45]]]]]",,,52.58912202,0,15,2.666666667,,,,,,(not found),,15.738600317,0,,
123,test_data/data_demand_random_50_batch_all1_equal_random/C201_3.dat,4,120,2,1190.612497,"[[[[0, [2, 6, 4, 3]], [13, [13, 14, 8, 7]], [14, []], [8, []], [2, []], [6, []], [7, []], [4, []], [24, [24, 18, 21]], [21, []], [3, []], [18, []], [28, [28, 33, 31, 23]], [33, []], [16, [16, 26, 27]], [31, []], [23, []], [26, []], [38, [38, 41, 36, 42]], [42, []], [41, []], [43, [43, 49, 48, 44]], [49, []], [27, []], [48, []], [36, []], [44, []]], [[0, [5]], [1, [1, 9]], [12, [12, 17, 11, 10]], [19, [19, 15, 25, 20]], [15, []], [17, []], [30, [30]], [25, []], [5, []], [11, []], [10, []], [37, [37, 34]], [9, []], [22, [22, 29, 32]], [35, [35, 39, 40]], [34, []], [29, []], [46, [46, 47, 50, 45]], [47, []], [39, []], [32, []], [50, []], [20, []], [45, []], [40, []]]], [[[1, [1, 9]]], [[13, [13, 14, 8, 7]]], [[12, [12, 17, 11, 10]]], [[24, [24, 18, 21]]], [[19, [19, 15, 25, 20]]], [[30, [30]]], [[28, [28, 33, 31, 23]]], [[16, [16, 26, 27]]], [[37, [37, 34]]], [[22, [22, 29, 32]]], [[38, [38, 41, 36, 42]]], [[35, [35, 39, 40]]], [[46, [46, 47, 50, 45]]], [[43, [43, 49, 48, 44]]]]]",1276.508126,"[[[[0, [5, 4, 6]], [6, []], [5, []], [4, []], [12, [12, 17, 13]], [23, [23, 9]], [17, [10, 18]], [13, []], [18, []], [33, [33, 25, 22, 32]], [20, [20]], [25, []], [38, [38, 34, 35, 37]], [34, []], [35, []], [10, []], [9, []], [22, []], [37, []], [32, []], [50, [50, 42, 39, 47]], [42, []], [39, []], [47, []], [29, [29]], [46, [46]]], [[0, [1, 3]], [2, [2]], [1, []], [16, [16, 8, 11, 15]], [14, [14, 19, 7]], [8, []], [21, [21, 26]], [3, []], [11, [30, 28]], [26, []], [30, []], [15, []], [19, []], [28, []], [31, [31, 36, 24, 27]], [36, []], [24, []], [7, []], [44, [44, 48, 49, 43]], [48, []], [49, []], [43, []], [27, []], [41, [41, 45, 40]], [45, []], [40, []]]], [[[2, [2]]], [[12, [12, 17, 13]]], [[16, [16, 8, 11, 15]]], [[14, [14, 19, 7]]], [[23, [23, 9]]], [[17, [10, 18]]], [[21, [21, 26]]], [[33, [33, 25, 22, 32]]], [[20, [20]]], [[11, [30, 28]]], [[31, [31, 36, 24, 27]]], [[38, [38, 34, 35, 37]]], [[44, [44, 48, 49, 43]]], [[50, [50, 42, 39, 47]]], [[29, [29]]], [[46, [46]], [41, [41, 45, 40]]]]]",56.79618618,0,14,3.214285714,54.08843942,1,16,2.8125,,,,34.378145617,0,11.556024707,0
124,test_data/data_demand_random_50_batch_all1_equal_random/C201_3.dat,8,60,4,1202.298221,"[[[[0, [5, 3]], [17, [17, 8, 18, 19, 16]], [8, []], [18, []], [19, []], [3, []], [16, []], [5, []], [25, [25, 23, 20, 29]], [23, []], [20, [27, 28, 38, 34, 32]], [27, []], [28, []], [38, []], [39, [39]], [29, []], [46, [46, 47, 50, 42, 45, 40]], [47, []], [34, []], [32, []], [50, []], [42, []], [45, []], [40, []]], [[0, [1, 6, 2]], [13, [13, 14, 12, 9, 10, 11, 15, 7]], [14, []], [1, []], [12, []], [26, [26, 4, 21]], [24, [24]], [4, []], [21, []], [6, []], [2, []], [31, [31]], [35, [35, 37, 22, 30, 33, 36]], [9, []], [37, []], [22, []], [10, []], [11, []], [30, []], [15, []], [33, []], [41, [41, 43, 49, 48, 44]], [43, []], [49, []], [48, []], [36, []], [7, []], [44, []]]], [[[13, [13, 14, 12, 9, 10, 11, 15, 7]]], [[17, [17, 8, 18, 19, 16]]], [[25, [25, 23, 20, 29]]], [[26, [26, 4, 21]]], [[24, [24]]], [[31, [31]]], [[20, [27, 28, 38, 34, 32]]], [[35, [35, 37, 22, 30, 33, 36]]], [[41, [41, 43, 49, 48, 44]]], [[39, [39]]], [[46, [46, 47, 50, 42, 45, 40]]]]]",,,39.61228823,0,11,4.090909091,,,,,,(not found),,46.831070408,0,,
125,test_data/data_demand_random_50_batch_all1_equal_random/C201_3.dat,8,90,5,1190.612497,"[[[[0, []], [14, [14, 10, 11, 15, 19, 12, 8, 18]], [12, []], [10, []], [11, []], [8, []], [18, []], [15, []], [19, []], [28, [28, 33, 17, 23, 25, 22]], [33, []], [17, []], [23, []], [25, []], [35, [35, 30, 37, 29, 34, 32]], [30, []], [22, []], [37, []], [39, [39]], [29, []], [46, [46, 47, 50, 45, 40]], [47, []], [34, []], [32, []], [50, []], [45, []], [40, []]], [[0, [6, 1, 4, 5, 3, 2]], [5, []], [9, [9, 7, 13]], [3, []], [2, []], [6, []], [16, [16]], [13, []], [26, [26, 21, 24, 31, 20, 27]], [1, []], [21, []], [24, []], [31, []], [4, []], [42, [42]], [38, [38, 41, 36]], [20, []], [41, []], [27, []], [43, [43, 49, 48, 44]], [49, []], [48, []], [36, []], [7, []], [44, []]]], [[[14, [14, 10, 11, 15, 19, 12, 8, 18]]], [[9, [9, 7, 13]]], [[16, [16]]], [[26, [26, 21, 24, 31, 20, 27]]], [[28, [28, 33, 17, 23, 25, 22]]], [[35, [35, 30, 37, 29, 34, 32]]], [[42, [42]]], [[38, [38, 41, 36]]], [[39, [39]]], [[46, [46, 47, 50, 45, 40]]], [[43, [43, 49, 48, 44]]]]]",1271.217576,"[[[[0, [1]], [17, [17, 8, 9, 12, 10, 11, 14, 18]], [8, []], [9, []], [20, [20, 25, 26]], [12, []], [10, [32, 30, 29, 22, 23]], [11, []], [32, []], [35, [35]], [14, []], [18, []], [38, [38]], [30, [39, 34, 37, 42]], [25, []], [26, []], [1, []], [39, []], [29, []], [46, [46, 47, 50, 45]], [47, []], [34, []], [37, []], [22, []], [50, []], [42, []], [45, []], [23, []]], [[0, [3, 5, 6, 4, 2]], [3, []], [5, []], [19, [19, 15, 13, 16, 7]], [15, []], [13, []], [6, []], [21, [21, 33, 24, 31, 27, 28]], [33, []], [4, []], [36, [36, 40, 41]], [16, []], [24, []], [31, []], [40, []], [41, []], [27, []], [28, []], [43, [43, 49, 48, 44]], [49, []], [48, []], [7, []], [2, []], [44, []]]], [[[17, [17, 8, 9, 12, 10, 11, 14, 18]]], [[19, [19, 15, 13, 16, 7]]], [[21, [21, 33, 24, 31, 27, 28]]], [[20, [20, 25, 26]]], [[10, [32, 30, 29, 22, 23]]], [[35, [35]]], [[38, [38]]], [[30, [39, 34, 37, 42]], [36, [36, 40, 41]]], [[46, [46, 47, 50, 45]]], [[43, [43, 49, 48, 44]]]]]",54.03122713,0,11,4,58.07632388,1,10,4.4,,,,38.900569305,0,56.954138357,0
126,test_data/data_demand_random_50_batch_all1_equal_random/C201_3.dat,8,120,3,1190.612497,"[[[[0, [5, 4, 6, 3, 1]], [5, []], [14, [14, 16, 15, 9, 10, 12, 11]], [4, []], [6, []], [3, []], [16, []], [26, [26, 25]], [25, []], [1, [23, 33, 22, 32, 29]], [23, []], [33, []], [15, []], [38, [38, 35, 37, 34]], [35, []], [37, []], [22, []], [9, []], [32, []], [10, []], [34, []], [29, []], [46, [46, 47, 39, 50, 45]], [47, []], [39, []], [50, []], [12, []], [11, []], [45, []]], [[0, [2]], [2, []], [18, [18, 19, 13, 8, 7, 17]], [19, []], [13, []], [8, []], [7, []], [31, [31, 21, 28, 30, 27, 24, 20]], [21, []], [28, []], [20, []], [40, [40, 42, 41, 36]], [17, []], [30, []], [42, []], [41, []], [27, []], [43, [43, 49, 44, 48]], [49, []], [48, []], [36, []], [24, []], [44, []]]], [[[18, [18, 19, 13, 8, 7, 17]]], [[14, [14, 16, 15, 9, 10, 12, 11]]], [[31, [31, 21, 28, 30, 27, 24, 20]]], [[26, [26, 25]]], [[1, [23, 33, 22, 32, 29]]], [[38, [38, 35, 37, 34]]], [[40, [40, 42, 41, 36]]], [[46, [46, 47, 39, 50, 45]]], [[43, [43, 49, 44, 48]]]]]",1201.70992,"[[[[0, [2]], [13, [13, 16, 19, 15, 8, 18, 17, 14]], [16, []], [14, []], [17, []], [22, [22, 20, 30]], [30, []], [20, []], [19, []], [15, []], [8, []], [18, []], [33, [33, 24, 27, 36]], [36, []], [24, []], [2, []], [44, [44, 48, 49, 43, 45, 41, 40]], [48, []], [27, []], [49, []], [43, []], [41, []], [45, []], [40, []]], [[0, [3, 5, 4, 6, 1]], [3, []], [7, [7, 11, 10, 9, 12]], [11, []], [5, []], [4, []], [6, []], [25, [25, 26, 23, 21]], [1, [31, 28, 32]], [26, []], [23, []], [21, []], [31, []], [28, []], [38, [38, 42, 34, 29, 37, 35]], [42, []], [35, []], [10, []], [9, []], [37, []], [32, []], [50, [50, 46, 47, 39]], [12, []], [34, []], [46, []], [29, []], [47, []], [39, []]]], [[[13, [13, 16, 19, 15, 8, 18, 17, 14]]], [[7, [7, 11, 10, 9, 12]]], [[25, [25, 26, 23, 21]]], [[1, [31, 28, 32]], [22, [22, 20, 30]]], [[33, [33, 24, 27, 36]]], [[38, [38, 42, 34, 29, 37, 35]]], [[44, [44, 48, 49, 43, 45, 41, 40]]], [[50, [50, 46, 47, 39]]]]]",46.64380663,0,9,4.888888889,58.17238986,1,8,5.5,,,,44.211806929,0,56.463013972,0
127,test_data/data_demand_random_50_batch_all1_equal_random/RC101_0.5.dat,4,60,1,776,"[[[[0, [30, 48, 13, 26, 29, 19, 18, 46, 36, 45, 7, 39, 42, 17, 5, 33, 47, 14, 16, 44, 35, 1, 22]], [30, []], [48, []], [13, []], [26, []], [29, []], [19, []], [18, []], [46, []], [36, []], [45, []], [7, []], [39, []], [42, []], [17, []], [5, []], [33, []], [47, []], [14, []], [16, []], [44, []], [35, []], [1, []], [22, []]], [[0, [34, 38, 10, 12, 21, 28, 25, 20, 27, 41, 11, 49, 32, 8, 31, 6, 4, 15, 43, 37, 23, 50, 40, 9, 24, 3, 2]], [34, []], [38, []], [10, []], [12, []], [21, []], [28, []], [25, []], [20, []], [27, []], [41, []], [11, []], [49, []], [32, []], [8, []], [31, []], [6, []], [4, []], [15, []], [43, []], [37, []], [23, []], [50, []], [40, []], [9, []], [24, []], [3, []], [2, []]]], []]",,,0,0,0,0,,,,,results/sol_best_RC101_0.5.dat_A4_L60_pid2765.txt,(not found),,0,0,,
128,test_data/data_demand_random_50_batch_all1_equal_random/RC101_0.5.dat,4,90,1,776,"[[[[0, [48, 13, 26, 29, 19, 18, 46, 36, 45, 7, 39, 42, 17, 5, 33, 47, 14, 16, 44, 35, 1, 22]], [48, []], [13, []], [26, []], [29, []], [19, []], [18, []], [46, []], [36, []], [45, []], [7, []], [39, []], [42, []], [17, []], [5, []], [33, []], [47, []], [14, []], [16, []], [44, []], [35, []], [1, []], [22, []]], [[0, [30, 38, 10, 12, 34, 28, 21, 25, 20, 27, 41, 11, 49, 32, 8, 31, 6, 4, 15, 43, 37, 23, 50, 40, 9, 24, 3, 2]], [30, []], [38, []], [10, []], [12, []], [34, []], [28, []], [21, []], [25, []], [20, []], [27, []], [41, []], [11, []], [49, []], [32, []], [8, []], [31, []], [6, []], [4, []], [15, []], [43, []], [37, []], [23, []], [50, []], [40, []], [9, []], [24, []], [3, []], [2, []]]], []]",,,0,0,0,0,,,,,results/sol_best_RC101_0.5.dat_A4_L90_pid2737.txt,(not found),,0,0,,
129,test_data/data_demand_random_50_batch_all1_equal_random/RC101_0.5.dat,4,120,1,776,"[[[[0, [30, 48, 13, 26, 29, 19, 18, 46, 36, 45, 7, 39, 42, 17, 5, 33, 47, 14, 16, 44, 35, 1, 22]], [30, []], [48, []], [13, []], [26, []], [29, []], [19, []], [18, []], [46, []], [36, []], [45, []], [7, []], [39, []], [42, []], [17, []], [5, []], [33, []], [47, []], [14, []], [16, []], [44, []], [35, []], [1, []], [22, []]], [[0, [38, 10, 12, 34, 21, 28, 25, 20, 27, 41, 11, 49, 32, 8, 31, 6, 4, 15, 43, 37, 23, 50, 40, 9, 24, 3, 2]], [38, []], [10, []], [12, []], [34, []], [21, []], [28, []], [25, []], [20, []], [27, []], [41, []], [11, []], [49, []], [32, []], [8, []], [31, []], [6, []], [4, []], [15, []], [43, []], [37, []], [23, []], [50, []], [40, []], [9, []], [24, []], [3, []], [2, []]]], []]",,,0,0,0,0,,,,,results/sol_best_RC101_0.5.dat_A4_L120_pid2742.txt,(not found),,0,0,,
130,test_data/data_demand_random_50_batch_all1_equal_random/RC101_0.5.dat,8,60,1,776,"[[[[0, [48, 13, 26, 29, 19, 18, 46, 36, 45, 7, 39, 42, 17, 5, 33, 47, 14, 16, 44, 35, 1, 22]], [48, []], [13, []], [26, []], [29, []], [19, []], [18, []], [46, []], [36, []], [45, []], [7, []], [39, []], [42, []], [17, []], [5, []], [33, []], [47, []], [14, []], [16, []], [44, []], [35, []], [1, []], [22, []]], [[0, [30, 38, 10, 12, 34, 21, 28, 25, 20, 27, 41, 11, 49, 32, 8, 31, 6, 4, 15, 43, 37, 23, 50, 40, 9, 24, 3, 2]], [30, []], [38, []], [10, []], [12, []], [34, []], [21, []], [28, []], [25, []], [20, []], [27, []], [41, []], [11, []], [49, []], [32, []], [8, []], [31, []], [6, []], [4, []], [15, []], [43, []], [37, []], [23, []], [50, []], [40, []], [9, []], [24, []], [3, []], [2, []]]], []]",,,0,0,0,0,,,,,results/sol_best_RC101_0.5.dat_A8_L60_pid2746.txt,(not found),,0,0,,
131,test_data/data_demand_random_50_batch_all1_equal_random/RC101_0.5.dat,8,90,1,776,"[[[[0, [48, 13, 26, 29, 19, 18, 46, 36, 45, 7, 39, 42, 17, 5, 33, 47, 14, 16, 44, 35, 1, 22]], [48, []], [13, []], [26, []], [29, []], [19, []], [18, []], [46, []], [36, []], [45, []], [7, []], [39, []], [42, []], [17, []], [5, []], [33, []], [47, []], [14, []], [16, []], [44, []], [35, []], [1, []], [22, []]], [[0, [30, 38, 10, 12, 34, 21, 28, 25, 20, 27, 41, 11, 49, 32, 8, 31, 6, 4, 15, 43, 37, 23, 50, 40, 9, 24, 3, 2]], [30, []], [38, []], [10, []], [12, []], [34, []], [21, []], [28, []], [25, []], [20, []], [27, []], [41, []], [11, []], [49, []], [32, []], [8, []], [31, []], [6, []], [4, []], [15, []], [43, []], [37, []], [23, []], [50, []], [40, []], [9, []], [24, []], [3, []], [2, []]]], []]",,,0,0,0,0,,,,,results/sol_best_RC101_0.5.dat_A8_L90_pid2803.txt,(not found),,0,0,,
132,test_data/data_demand_random_50_batch_all1_equal_random/RC101_0.5.dat,8,120,1,744,"[[[[0, [26, 29, 19, 18, 46, 36, 45, 7, 39, 42, 17, 5, 33, 47, 14, 16, 44, 35, 1, 22, 24, 9, 3, 2]], [26, []], [29, []], [19, []], [18, []], [46, []], [36, []], [45, []], [7, []], [39, []], [42, []], [17, []], [5, []], [33, []], [47, []], [14, []], [16, []], [44, []], [35, []], [1, []], [22, []], [24, []], [9, []], [3, []], [2, []]], [[0, [30, 48, 13, 10, 12, 38, 34, 21, 28, 25, 20, 27, 41, 11, 49, 32, 8, 31, 6, 4, 40, 50, 23, 37, 43, 15]], [30, []], [48, []], [13, []], [10, []], [12, []], [38, []], [34, []], [21, []], [28, []], [25, []], [20, []], [27, []], [41, []], [11, []], [49, []], [32, []], [8, []], [31, []], [6, []], [4, []], [40, []], [50, []], [23, []], [37, []], [43, []], [15, []]]], []]",,,0,0,0,0,,,,,results/sol_best_RC101_0.5.dat_A8_L120_pid2752.txt,(not found),,0,0,,
133,test_data/data_demand_random_50_batch_all1_equal_random/RC101_1.5.dat,4,60,1,1168,"[[[[0, [12, 45, 20, 34, 26, 31, 49, 10, 6, 37, 40, 44, 14, 27, 47, 35, 13, 43, 39, 50, 23, 22, 29, 41, 16, 9, 33, 32, 1]], [12, []], [45, []], [20, []], [34, []], [26, []], [31, []], [49, []], [10, []], [6, []], [37, []], [40, []], [44, []], [14, []], [27, []], [47, []], [35, []], [13, []], [43, []], [39, []], [50, []], [23, []], [22, []], [29, []], [41, []], [16, []], [9, []], [33, []], [32, []], [1, []]], [[0, [36, 21, 8, 24, 17, 15, 3, 5, 2, 46, 4, 38, 48, 42, 19, 30, 7, 28, 11, 18, 25]], [36, []], [21, []], [8, []], [24, []], [17, []], [15, []], [3, []], [5, []], [2, []], [46, []], [4, []], [38, []], [48, []], [42, []], [19, []], [30, []], [7, []], [28, []], [11, []], [18, []], [25, []]]], []]",,,0,0,0,0,,,,,results/sol_best_RC101_1.5.dat_A4_L60_pid2668.txt,(not found),,0,0,,
134,test_data/data_demand_random_50_batch_all1_equal_random/RC101_1.5.dat,4,90,1,1096,"[[[[0, [12, 34, 31, 24, 8, 21, 37, 6, 36, 40, 44, 14, 27, 35, 13, 43, 39, 1, 32, 33, 9, 16, 41, 29, 22, 23]], [12, []], [34, []], [49, [49, 47, 50]], [31, []], [24, []], [8, []], [21, []], [37, []], [6, []], [36, []], [40, []], [44, []], [14, []], [27, []], [47, []], [35, []], [13, []], [43, []], [39, []], [1, []], [32, []], [33, []], [9, []], [16, []], [41, []], [29, []], [22, []], [23, []], [50, []]], [[0, [10, 17, 26, 15, 3, 45, 20, 5, 2, 46, 4, 38, 48, 42, 19, 30, 7, 28, 11, 18, 25]], [10, []], [17, []], [26, []], [15, []], [3, []], [45, []], [20, []], [5, []], [2, []], [46, []], [4, []], [38, []], [48, []], [42, []], [19, []], [30, []], [7, []], [28, []], [11, []], [18, []], [25, []]]], [[[49, [49, 47, 50]]]]]",,,72.11102551,0,1,3,,,,,results/sol_best_RC101_1.5.dat_A4_L90_pid2749.txt,(not found),,0,0,,
135,test_data/data_demand_random_50_batch_all1_equal_random/RC101_1.5.dat,4,120,1,1096,"[[[[0, [12, 34, 26, 31, 24, 8, 21, 6, 37, 36, 40, 44, 14, 27, 35, 13, 43, 39, 1, 32, 33, 9, 16, 41, 29, 22, 23]], [12, []], [34, []], [26, []], [31, []], [24, []], [49, [49, 47, 50]], [8, []], [21, []], [6, []], [37, []], [36, []], [40, []], [44, []], [14, []], [27, []], [47, []], [35, []], [13, []], [43, []], [39, []], [1, []], [32, []], [33, []], [9, []], [16, []], [41, []], [29, []], [22, []], [23, []], [50, []]], [[0, [10, 17, 15, 3, 45, 20, 5, 2, 46, 4, 38, 48, 42, 19, 30, 7, 28, 11, 18, 25]], [10, []], [17, []], [15, []], [3, []], [45, []], [20, []], [5, []], [2, []], [46, []], [4, []], [38, []], [48, []], [42, []], [19, []], [30, []], [7, []], [28, []], [11, []], [18, []], [25, []]]], [[[49, [49, 47, 50]]]]]",,,72.11102551,0,1,3,,,,,results/sol_best_RC101_1.5.dat_A4_L120_pid2752.txt,(not found),,0,0,,
136,test_data/data_demand_random_50_batch_all1_equal_random/RC101_1.5.dat,8,60,1,1104,"[[[[0, [10, 17, 31, 24, 49, 21, 8, 6, 37, 36, 40, 44, 14, 27, 47, 35, 13, 43, 39, 50, 23, 29, 22, 41, 16, 9, 33, 32, 1]], [10, []], [17, []], [31, []], [24, []], [49, []], [21, []], [8, []], [6, []], [37, []], [36, []], [40, []], [44, []], [14, []], [27, []], [47, []], [35, []], [13, []], [43, []], [39, []], [50, []], [23, []], [29, []], [22, []], [41, []], [16, []], [9, []], [33, []], [32, []], [1, []]], [[0, [26, 15, 3, 34, 12, 45, 20, 5, 2, 46, 4, 38, 48, 42, 19, 30, 7, 28, 11, 18, 25]], [26, []], [15, []], [3, []], [34, []], [12, []], [45, []], [20, []], [5, []], [2, []], [46, []], [4, []], [38, []], [48, []], [42, []], [19, []], [30, []], [7, []], [28, []], [11, []], [18, []], [25, []]]], []]",,,0,0,0,0,,,,,results/sol_best_RC101_1.5.dat_A8_L60_pid2754.txt,(not found),,0,0,,
137,test_data/data_demand_random_50_batch_all1_equal_random/RC101_1.5.dat,8,90,1,1096,"[[[[0, [12, 34, 26, 31, 24, 8, 21, 37, 6, 36, 40, 44, 14, 27, 35, 13, 43, 39, 1, 32, 33, 9, 16, 41, 29, 22, 23]], [12, []], [34, []], [26, []], [31, []], [24, []], [49, [49, 47, 50]], [8, []], [21, []], [37, []], [6, []], [36, []], [40, []], [44, []], [14, []], [27, []], [47, []], [35, []], [13, []], [43, []], [39, []], [1, []], [32, []], [33, []], [9, []], [16, []], [41, []], [29, []], [22, []], [23, []], [50, []]], [[0, [10, 17, 15, 3, 45, 20, 5, 2, 46, 4, 38, 48, 42, 19, 30, 7, 28, 11, 18, 25]], [10, []], [17, []], [15, []], [3, []], [45, []], [20, []], [5, []], [2, []], [46, []], [4, []], [38, []], [48, []], [42, []], [19, []], [30, []], [7, []], [28, []], [11, []], [18, []], [25, []]]], [[[49, [49, 47, 50]]]]]",,,72.11102551,0,1,3,,,,,results/sol_best_RC101_1.5.dat_A8_L90_pid2748.txt,(not found),,0,0,,
138,test_data/data_demand_random_50_batch_all1_equal_random/RC101_1.5.dat,8,120,3,1096,"[[[[0, [12, 20, 34, 21, 37, 36, 40, 44, 14, 27, 35, 13, 43, 39, 23, 22, 29, 41, 16, 9, 33, 32, 1]], [12, []], [45, [45, 49, 47, 50]], [20, []], [34, []], [49, []], [21, []], [37, []], [36, []], [40, []], [44, []], [14, []], [27, []], [47, []], [35, []], [13, []], [43, []], [39, []], [50, []], [23, []], [22, []], [29, []], [41, []], [16, []], [9, []], [33, []], [32, []], [1, []]], [[0, [10, 6, 8, 24, 31, 17, 26, 3, 15, 5, 2, 46, 4, 38, 48, 42, 19, 30, 7, 28, 11, 18, 25]], [10, []], [6, []], [8, []], [24, []], [31, []], [17, []], [26, []], [3, []], [15, []], [5, []], [2, []], [46, []], [4, []], [38, []], [48, []], [42, []], [19, []], [30, []], [7, []], [28, []], [11, []], [18, []], [25, []]]], [[[45, [45, 49, 47, 50]]]]]",,,74.40430095,0,1,4,,,,,results/sol_best_RC101_1.5.dat_A8_L120_pid2758.txt,(not found),,8.202150475,0,,
139,test_data/data_demand_random_50_batch_all1_equal_random/RC101_1.dat,4,60,2,876,"[[[[0, [35, 30, 42, 4, 23, 34, 21, 37, 46, 7, 44, 38, 27, 33, 8, 24, 22, 47, 31, 41, 50, 10, 49, 15, 9, 26, 5, 11, 1, 40]], [35, []], [30, []], [42, []], [4, []], [23, []], [34, []], [21, []], [37, []], [46, []], [7, []], [44, []], [38, []], [27, []], [33, []], [8, []], [24, []], [22, []], [47, []], [31, []], [41, []], [50, []], [10, []], [49, []], [15, []], [9, []], [26, []], [5, []], [11, []], [1, []], [40, []]], [[0, [14, 18, 48, 25, 20, 29, 3, 19, 39, 6, 17, 36, 12, 43, 16, 45, 28, 13, 32, 2]], [14, []], [18, []], [48, []], [25, []], [20, []], [29, []], [3, []], [19, []], [39, []], [6, []], [17, []], [36, []], [12, []], [43, []], [16, []], [45, []], [28, []], [13, []], [32, []], [2, []]]], []]",,,0,0,0,0,,,,,results/sol_best_RC101_1.dat_A4_L60_pid2757.txt,(not found),,0,0,,
140,test_data/data_demand_random_50_batch_all1_equal_random/RC101_1.dat,4,90,2,876,"[[[[0, [35, 30, 42, 4, 23, 34, 21, 37, 46, 7, 44, 38, 27, 33, 8, 24, 22, 47, 31, 41, 50, 10, 49, 15, 9, 26, 5, 11, 1, 40]], [35, []], [30, []], [42, []], [4, []], [23, []], [34, []], [21, []], [37, []], [46, []], [7, []], [44, []], [38, []], [27, []], [33, []], [8, []], [24, []], [22, []], [47, []], [31, []], [41, []], [50, []], [10, []], [49, []], [15, []], [9, []], [26, []], [5, []], [11, []], [1, []], [40, []]], [[0, [14, 18, 48, 25, 20, 29, 3, 19, 39, 6, 17, 36, 12, 43, 16, 45, 28, 13, 32, 2]], [14, []], [18, []], [48, []], [25, []], [20, []], [29, []], [3, []], [19, []], [39, []], [6, []], [17, []], [36, []], [12, []], [43, []], [16, []], [45, []], [28, []], [13, []], [32, []], [2, []]]], []]",,,0,0,0,0,,,,,results/sol_best_RC101_1.dat_A4_L60_pid2757.txt,,A4L90<=A4L60,0,0,,
141,test_data/data_demand_random_50_batch_all1_equal_random/RC101_1.dat,4,120,2,876,"[[[[0, [35, 30, 42, 4, 23, 34, 21, 37, 46, 7, 44, 38, 27, 33, 8, 24, 22, 47, 31, 41, 50, 10, 49, 15, 9, 26, 5, 11, 1, 40]], [35, []], [30, []], [42, []], [4, []], [23, []], [34, []], [21, []], [37, []], [46, []], [7, []], [44, []], [38, []], [27, []], [33, []], [8, []], [24, []], [22, []], [47, []], [31, []], [41, []], [50, []], [10, []], [49, []], [15, []], [9, []], [26, []], [5, []], [11, []], [1, []], [40, []]], [[0, [14, 18, 48, 25, 20, 29, 3, 19, 39, 6, 17, 36, 12, 43, 16, 45, 28, 13, 32, 2]], [14, []], [18, []], [48, []], [25, []], [20, []], [29, []], [3, []], [19, []], [39, []], [6, []], [17, []], [36, []], [12, []], [43, []], [16, []], [45, []], [28, []], [13, []], [32, []], [2, []]]], []]",,,0,0,0,0,,,,,results/sol_best_RC101_1.dat_A4_L60_pid2757.txt,,A4L120<=A4L90,0,0,,
142,test_data/data_demand_random_50_batch_all1_equal_random/RC101_1.dat,8,60,1,876,"[[[[0, [46, 37, 21, 34, 23, 4, 42, 35, 30, 7, 44, 38, 27, 33, 8, 24, 22, 47, 31, 41, 50, 10, 49, 15, 9, 26, 5, 11, 1, 40]], [46, []], [37, []], [21, []], [34, []], [23, []], [4, []], [42, []], [35, []], [30, []], [7, []], [44, []], [38, []], [27, []], [33, []], [8, []], [24, []], [22, []], [47, []], [31, []], [41, []], [50, []], [10, []], [49, []], [15, []], [9, []], [26, []], [5, []], [11, []], [1, []], [40, []]], [[0, [14, 18, 48, 25, 20, 29, 3, 19, 39, 6, 17, 36, 12, 43, 16, 45, 28, 13, 32, 2]], [14, []], [18, []], [48, []], [25, []], [20, []], [29, []], [3, []], [19, []], [39, []], [6, []], [17, []], [36, []], [12, []], [43, []], [16, []], [45, []], [28, []], [13, []], [32, []], [2, []]]], []]",,,0,0,0,0,,,,,results/sol_best_RC101_1.dat_A8_L60_pid2744.txt,(not found),,0,0,,
143,test_data/data_demand_random_50_batch_all1_equal_random/RC101_1.dat,8,90,2,786.5410197,"[[[[0, [7, 30, 4, 23, 21, 27, 8, 24, 22, 31, 10, 15, 9, 26, 5, 11, 1]], [7, [37, 38, 40, 34, 33, 35]], [30, []], [35, []], [42, [42]], [4, []], [23, []], [34, []], [21, [47, 50, 49, 44, 41, 46]], [37, []], [46, []], [44, []], [38, []], [27, []], [33, []], [8, []], [24, []], [22, []], [47, []], [31, []], [41, []], [50, []], [10, []], [49, []], [15, []], [9, []], [26, []], [5, []], [11, []], [1, []], [40, []]], [[0, [14, 18, 48, 25, 20, 29, 3, 19, 39, 6, 17, 36, 12, 43, 16, 45, 28, 13, 32, 2]], [14, []], [18, []], [48, []], [25, []], [20, []], [29, []], [3, []], [19, []], [39, []], [6, []], [17, []], [36, []], [12, []], [43, []], [16, []], [45, []], [28, []], [13, []], [32, []], [2, []]]], [[[7, [37, 38, 40, 34, 33, 35]]], [[42, [42]]], [[21, [47, 50, 49, 44, 41, 46]]]]]",,,70.82705192,0,3,4.333333333,,,,,results/sol_best_RC101_1.dat_A8_L90_pid2672.txt,(not found),,12.180339887,0,,
144,test_data/data_demand_random_50_batch_all1_equal_random/RC101_1.dat,8,120,2,876,"[[[[0, [35, 30, 42, 4, 23, 34, 21, 37, 46, 7, 44, 38, 27, 33, 8, 24, 22, 47, 31, 41, 50, 10, 49, 15, 9, 26, 5, 11, 1, 40]], [35, []], [30, []], [42, []], [4, []], [23, []], [34, []], [21, []], [37, []], [46, []], [7, []], [44, []], [38, []], [27, []], [33, []], [8, []], [24, []], [22, []], [47, []], [31, []], [41, []], [50, []], [10, []], [49, []], [15, []], [9, []], [26, []], [5, []], [11, []], [1, []], [40, []]], [[0, [14, 18, 48, 25, 20, 29, 3, 19, 39, 6, 17, 36, 12, 43, 16, 45, 28, 13, 32, 2]], [14, []], [18, []], [48, []], [25, []], [20, []], [29, []], [3, []], [19, []], [39, []], [6, []], [17, []], [36, []], [12, []], [43, []], [16, []], [45, []], [28, []], [13, []], [32, []], [2, []]]], []]",,,0,0,0,0,,,,,results/sol_best_RC101_1.dat_A4_L60_pid2757.txt,,A8L120<=A4L120,0,0,,
145,test_data/data_demand_random_50_batch_all1_equal_random/RC101_2.5.dat,4,60,1,1429,"[[[[0, [30, 40, 26, 3, 14, 20, 13, 49, 15, 12, 18, 1, 29, 41, 19, 34, 33, 42, 36, 37, 21, 46]], [30, []], [40, []], [26, []], [3, []], [14, []], [20, []], [13, []], [49, []], [15, []], [12, []], [18, []], [1, []], [29, []], [41, []], [19, []], [34, []], [33, []], [42, []], [36, []], [37, []], [21, []], [46, []]], [[0, [4, 47, 39, 6, 38, 27, 35, 5, 28, 11, 45, 16, 50, 44, 10, 9, 23, 7, 17, 32, 43, 24, 25, 48, 31, 2, 22, 8]], [4, []], [47, []], [39, []], [6, []], [38, []], [27, []], [35, []], [5, []], [28, []], [11, []], [45, []], [16, []], [50, []], [44, []], [10, []], [9, []], [23, []], [7, []], [17, []], [32, []], [43, []], [24, []], [25, []], [48, []], [31, []], [2, []], [22, []], [8, []]]], []]",,,0,0,0,0,,,,,results/sol_best_RC101_2.5.dat_A4_L60_pid2749.txt,(not found),,0,0,,
146,test_data/data_demand_random_50_batch_all1_equal_random/RC101_2.5.dat,4,90,1,1429,"[[[[0, [30, 40, 26, 3, 14, 20, 13, 49, 15, 12, 18, 1, 29, 41, 19, 34, 33, 42, 36, 37, 21, 46]], [30, []], [40, []], [26, []], [3, []], [14, []], [20, []], [13, []], [49, []], [15, []], [12, []], [18, []], [1, []], [29, []], [41, []], [19, []], [34, []], [33, []], [42, []], [36, []], [37, []], [21, []], [46, []]], [[0, [4, 47, 39, 6, 38, 27, 35, 5, 28, 11, 45, 16, 50, 44, 10, 9, 23, 7, 17, 32, 43, 24, 25, 48, 31, 2, 22, 8]], [4, []], [47, []], [39, []], [6, []], [38, []], [27, []], [35, []], [5, []], [28, []], [11, []], [45, []], [16, []], [50, []], [44, []], [10, []], [9, []], [23, []], [7, []], [17, []], [32, []], [43, []], [24, []], [25, []], [48, []], [31, []], [2, []], [22, []], [8, []]]], []]",,,0,0,0,0,,,,,results/sol_best_RC101_2.5.dat_A4_L60_pid2749.txt,,A4L90<=A4L60,0,0,,
147,test_data/data_demand_random_50_batch_all1_equal_random/RC101_2.5.dat,4,120,1,1429,"[[[[0, [30, 40, 26, 3, 14, 20, 13, 49, 15, 12, 18, 1, 29, 41, 19, 34, 33, 42, 36, 37, 21, 46]], [30, []], [40, []], [26, []], [3, []], [14, []], [20, []], [13, []], [49, []], [15, []], [12, []], [18, []], [1, []], [29, []], [41, []], [19, []], [34, []], [33, []], [42, []], [36, []], [37, []], [21, []], [46, []]], [[0, [4, 47, 39, 6, 38, 27, 35, 5, 28, 11, 45, 16, 50, 44, 10, 9, 23, 7, 17, 32, 43, 24, 25, 48, 31, 2, 22, 8]], [4, []], [47, []], [39, []], [6, []], [38, []], [27, []], [35, []], [5, []], [28, []], [11, []], [45, []], [16, []], [50, []], [44, []], [10, []], [9, []], [23, []], [7, []], [17, []], [32, []], [43, []], [24, []], [25, []], [48, []], [31, []], [2, []], [22, []], [8, []]]], []]",,,0,0,0,0,,,,,results/sol_best_RC101_2.5.dat_A4_L60_pid2749.txt,,A4L120<=A4L90,0,0,,
148,test_data/data_demand_random_50_batch_all1_equal_random/RC101_2.5.dat,8,60,1,1429,"[[[[0, [30, 40, 26, 3, 14, 20, 13, 49, 15, 12, 18, 1, 29, 41, 19, 34, 33, 42, 36, 37, 21, 46]], [30, []], [40, []], [26, []], [3, []], [14, []], [20, []], [13, []], [49, []], [15, []], [12, []], [18, []], [1, []], [29, []], [41, []], [19, []], [34, []], [33, []], [42, []], [36, []], [37, []], [21, []], [46, []]], [[0, [4, 47, 39, 6, 38, 27, 35, 5, 28, 11, 45, 16, 50, 44, 10, 9, 23, 7, 17, 32, 43, 24, 25, 48, 31, 2, 22, 8]], [4, []], [47, []], [39, []], [6, []], [38, []], [27, []], [35, []], [5, []], [28, []], [11, []], [45, []], [16, []], [50, []], [44, []], [10, []], [9, []], [23, []], [7, []], [17, []], [32, []], [43, []], [24, []], [25, []], [48, []], [31, []], [2, []], [22, []], [8, []]]], []]",,,0,0,0,0,,,,,results/sol_best_RC101_2.5.dat_A4_L60_pid2749.txt,(not found),A8L60<=A4L60,0,0,,
149,test_data/data_demand_random_50_batch_all1_equal_random/RC101_2.5.dat,8,90,1,1429,"[[[[0, [30, 40, 26, 3, 14, 20, 13, 49, 15, 12, 18, 1, 29, 41, 19, 34, 33, 42, 36, 37, 21, 46]], [30, []], [40, []], [26, []], [3, []], [14, []], [20, []], [13, []], [49, []], [15, []], [12, []], [18, []], [1, []], [29, []], [41, []], [19, []], [34, []], [33, []], [42, []], [36, []], [37, []], [21, []], [46, []]], [[0, [4, 47, 39, 6, 38, 27, 35, 5, 28, 11, 45, 16, 50, 44, 10, 9, 23, 7, 17, 32, 43, 24, 25, 48, 31, 2, 22, 8]], [4, []], [47, []], [39, []], [6, []], [38, []], [27, []], [35, []], [5, []], [28, []], [11, []], [45, []], [16, []], [50, []], [44, []], [10, []], [9, []], [23, []], [7, []], [17, []], [32, []], [43, []], [24, []], [25, []], [48, []], [31, []], [2, []], [22, []], [8, []]]], []]",,,0,0,0,0,,,,,results/sol_best_RC101_2.5.dat_A4_L60_pid2749.txt,,A8L90<=A4L90,0,0,,
150,test_data/data_demand_random_50_batch_all1_equal_random/RC101_2.5.dat,8,120,1,1429,"[[[[0, [30, 40, 26, 3, 14, 20, 13, 49, 15, 12, 18, 1, 29, 41, 19, 34, 33, 42, 36, 37, 21, 46]], [30, []], [40, []], [26, []], [3, []], [14, []], [20, []], [13, []], [49, []], [15, []], [12, []], [18, []], [1, []], [29, []], [41, []], [19, []], [34, []], [33, []], [42, []], [36, []], [37, []], [21, []], [46, []]], [[0, [4, 47, 39, 6, 38, 27, 35, 5, 28, 11, 45, 16, 50, 44, 10, 9, 23, 7, 17, 32, 43, 24, 25, 48, 31, 2, 22, 8]], [4, []], [47, []], [39, []], [6, []], [38, []], [27, []], [35, []], [5, []], [28, []], [11, []], [45, []], [16, []], [50, []], [44, []], [10, []], [9, []], [23, []], [7, []], [17, []], [32, []], [43, []], [24, []], [25, []], [48, []], [31, []], [2, []], [22, []], [8, []]]], []]",,,0,0,0,0,,,,,results/sol_best_RC101_2.5.dat_A4_L60_pid2749.txt,,A8L120<=A4L120,0,0,,
151,test_data/data_demand_random_50_batch_all1_equal_random/RC101_2.dat,4,60,1,1257,"[[[[0, [17, 28, 12, 38, 48, 26, 13, 36, 43, 50, 10, 22, 14, 24, 34, 5, 19, 11, 23, 6, 16, 47, 3, 44, 33, 7]], [17, []], [28, []], [12, []], [38, []], [48, []], [26, []], [13, []], [36, []], [43, []], [50, []], [10, []], [22, []], [14, []], [24, []], [34, []], [5, []], [19, []], [11, []], [23, []], [6, []], [16, []], [47, []], [3, []], [44, []], [33, []], [7, []]], [[0, [39, 35, 46, 29, 30, 45, 15, 42, 21, 20, 37, 49, 32, 27, 9, 41, 31, 25, 40, 8, 1, 4, 2, 18]], [39, []], [35, []], [46, []], [29, []], [30, []], [45, []], [15, []], [42, []], [21, []], [20, []], [37, []], [49, []], [32, []], [27, []], [9, []], [41, []], [31, []], [25, []], [40, []], [8, []], [1, []], [4, []], [2, []], [18, []]]], []]",,,0,0,0,0,,,,,results/sol_best_RC101_2.dat_A4_L60_pid2750.txt,(not found),,0,0,,
152,test_data/data_demand_random_50_batch_all1_equal_random/RC101_2.dat,4,90,1,1257,"[[[[0, [17, 28, 12, 38, 48, 26, 13, 36, 43, 50, 10, 22, 14, 24, 34, 5, 19, 11, 23, 6, 16, 47, 3, 44, 33, 7]], [17, []], [28, []], [12, []], [38, []], [48, []], [26, []], [13, []], [36, []], [43, []], [50, []], [10, []], [22, []], [14, []], [24, []], [34, []], [5, []], [19, []], [11, []], [23, []], [6, []], [16, []], [47, []], [3, []], [44, []], [33, []], [7, []]], [[0, [39, 35, 46, 29, 30, 45, 15, 42, 21, 20, 37, 49, 32, 27, 9, 41, 31, 25, 40, 8, 1, 4, 2, 18]], [39, []], [35, []], [46, []], [29, []], [30, []], [45, []], [15, []], [42, []], [21, []], [20, []], [37, []], [49, []], [32, []], [27, []], [9, []], [41, []], [31, []], [25, []], [40, []], [8, []], [1, []], [4, []], [2, []], [18, []]]], []]",,,0,0,0,0,,,,,results/sol_best_RC101_2.dat_A4_L60_pid2750.txt,,A4L90<=A4L60,0,0,,
153,test_data/data_demand_random_50_batch_all1_equal_random/RC101_2.dat,4,120,1,1257,"[[[[0, [17, 28, 12, 38, 48, 26, 13, 36, 43, 50, 10, 22, 14, 24, 34, 5, 19, 11, 23, 6, 16, 47, 3, 44, 33, 7]], [17, []], [28, []], [12, []], [38, []], [48, []], [26, []], [13, []], [36, []], [43, []], [50, []], [10, []], [22, []], [14, []], [24, []], [34, []], [5, []], [19, []], [11, []], [23, []], [6, []], [16, []], [47, []], [3, []], [44, []], [33, []], [7, []]], [[0, [39, 35, 46, 29, 30, 45, 15, 42, 21, 20, 37, 49, 32, 27, 9, 41, 31, 25, 40, 8, 1, 4, 2, 18]], [39, []], [35, []], [46, []], [29, []], [30, []], [45, []], [15, []], [42, []], [21, []], [20, []], [37, []], [49, []], [32, []], [27, []], [9, []], [41, []], [31, []], [25, []], [40, []], [8, []], [1, []], [4, []], [2, []], [18, []]]], []]",,,0,0,0,0,,,,,results/sol_best_RC101_2.dat_A4_L60_pid2750.txt,,A4L120<=A4L90,0,0,,
154,test_data/data_demand_random_50_batch_all1_equal_random/RC101_2.dat,8,60,2,1249,"[[[[0, [17, 36, 28, 48, 12, 38, 43, 50, 26, 13, 10, 22, 14, 24, 19, 34, 5, 11, 23, 6, 47, 3, 16, 7, 44, 33, 35, 39]], [17, []], [36, []], [28, []], [48, []], [12, []], [38, []], [43, []], [50, []], [26, []], [13, []], [10, []], [22, []], [14, []], [24, []], [19, []], [34, []], [5, []], [11, []], [23, []], [6, []], [47, []], [3, []], [16, []], [7, []], [44, []], [33, []], [35, []], [39, []]], [[0, [46, 29, 30, 45, 15, 42, 21, 20, 37, 49, 32, 27, 9, 41, 31, 25, 40, 8, 1, 4, 2, 18]], [46, []], [29, []], [30, []], [45, []], [15, []], [42, []], [21, []], [20, []], [37, []], [49, []], [32, []], [27, []], [9, []], [41, []], [31, []], [25, []], [40, []], [8, []], [1, []], [4, []], [2, []], [18, []]]], []]",,,0,0,0,0,,,,,results/sol_best_RC101_2.dat_A8_L60_pid2752.txt,(not found),,0,0,,
155,test_data/data_demand_random_50_batch_all1_equal_random/RC101_2.dat,8,90,1,1257,"[[[[0, [17, 28, 12, 38, 48, 26, 13, 36, 43, 50, 10, 22, 14, 24, 34, 5, 19, 11, 23, 6, 16, 47, 3, 44, 33, 7]], [17, []], [28, []], [12, []], [38, []], [48, []], [26, []], [13, []], [36, []], [43, []], [50, []], [10, []], [22, []], [14, []], [24, []], [34, []], [5, []], [19, []], [11, []], [23, []], [6, []], [16, []], [47, []], [3, []], [44, []], [33, []], [7, []]], [[0, [39, 35, 46, 29, 30, 45, 15, 42, 21, 20, 37, 49, 32, 27, 9, 41, 31, 25, 40, 8, 1, 4, 2, 18]], [39, []], [35, []], [46, []], [29, []], [30, []], [45, []], [15, []], [42, []], [21, []], [20, []], [37, []], [49, []], [32, []], [27, []], [9, []], [41, []], [31, []], [25, []], [40, []], [8, []], [1, []], [4, []], [2, []], [18, []]]], []]",,,0,0,0,0,,,,,results/sol_best_RC101_2.dat_A4_L60_pid2750.txt,,A8L90<=A4L90,0,0,,
156,test_data/data_demand_random_50_batch_all1_equal_random/RC101_2.dat,8,120,1,1257,"[[[[0, [17, 28, 12, 38, 48, 26, 13, 36, 43, 50, 10, 22, 14, 24, 34, 5, 19, 11, 23, 6, 16, 47, 3, 44, 33, 7]], [17, []], [28, []], [12, []], [38, []], [48, []], [26, []], [13, []], [36, []], [43, []], [50, []], [10, []], [22, []], [14, []], [24, []], [34, []], [5, []], [19, []], [11, []], [23, []], [6, []], [16, []], [47, []], [3, []], [44, []], [33, []], [7, []]], [[0, [39, 35, 46, 29, 30, 45, 15, 42, 21, 20, 37, 49, 32, 27, 9, 41, 31, 25, 40, 8, 1, 4, 2, 18]], [39, []], [35, []], [46, []], [29, []], [30, []], [45, []], [15, []], [42, []], [21, []], [20, []], [37, []], [49, []], [32, []], [27, []], [9, []], [41, []], [31, []], [25, []], [40, []], [8, []], [1, []], [4, []], [2, []], [18, []]]], []]",,,0,0,0,0,,,,,results/sol_best_RC101_2.dat_A4_L60_pid2750.txt,,A8L120<=A4L120,0,0,,
157,test_data/data_demand_random_50_batch_all1_equal_random/RC101_3.dat,4,60,3,1633,"[[[[0, [5, 12, 31, 19, 37, 39, 1, 23, 17, 47, 28, 25, 42, 22, 41, 40, 44, 27, 50, 43, 20, 9, 29, 33]], [5, []], [12, []], [31, []], [19, []], [37, []], [39, []], [1, []], [23, []], [17, []], [47, []], [28, []], [25, []], [42, []], [22, []], [41, []], [40, []], [44, []], [27, []], [50, []], [43, []], [20, []], [9, []], [29, []], [33, []]], [[0, [21, 16, 46, 30, 34, 10, 45, 26, 35, 32, 3, 48, 11, 13, 4, 38, 18, 15, 6, 36, 14, 49, 7, 24, 8, 2]], [21, []], [16, []], [46, []], [30, []], [34, []], [10, []], [45, []], [26, []], [35, []], [32, []], [3, []], [48, []], [11, []], [13, []], [4, []], [38, []], [18, []], [15, []], [6, []], [36, []], [14, []], [49, []], [7, []], [24, []], [8, []], [2, []]]], []]",,,0,0,0,0,,,,,results/sol_best_RC101_3.dat_A4_L60_pid2759.txt,(not found),,0,0,,
158,test_data/data_demand_random_50_batch_all1_equal_random/RC101_3.dat,4,90,1,1633,"[[[[0, [19, 12, 39, 37, 23, 17, 5, 1, 31, 22, 28, 33, 42, 41, 40, 34, 27, 25, 29, 20, 9]], [19, []], [12, []], [39, []], [37, []], [23, []], [17, []], [5, []], [1, []], [31, [47, 50, 44, 43]], [47, []], [22, []], [28, []], [33, []], [42, []], [41, []], [40, []], [44, []], [50, []], [34, []], [27, []], [25, []], [29, []], [20, []], [9, []], [43, []]], [[0, [21, 16, 46, 30, 10, 45, 26, 35, 32, 3, 48, 11, 13, 4, 38, 18, 15, 6, 36, 14, 49, 7, 24, 8, 2]], [21, []], [16, []], [46, []], [30, []], [10, []], [45, []], [26, []], [35, []], [32, []], [3, []], [48, []], [11, []], [13, []], [4, []], [38, []], [18, []], [15, []], [6, []], [36, []], [14, []], [49, []], [7, []], [24, []], [8, []], [2, []]]], [[[31, [47, 50, 44, 43]]]]]",,,80.62257748,0,1,4,,,,,results/sol_best_RC101_3.dat_A4_L90_pid2674.txt,(not found),,0,0,,
159,test_data/data_demand_random_50_batch_all1_equal_random/RC101_3.dat,4,120,1,1633,"[[[[0, [19, 12, 39, 37, 23, 17, 5, 1, 31, 22, 28, 33, 42, 41, 40, 34, 27, 25, 29, 20, 9]], [19, []], [12, []], [39, []], [37, []], [23, []], [17, []], [5, []], [1, []], [31, [47, 50, 44, 43]], [47, []], [22, []], [28, []], [33, []], [42, []], [41, []], [40, []], [44, []], [50, []], [34, []], [27, []], [25, []], [29, []], [20, []], [9, []], [43, []]], [[0, [21, 16, 46, 30, 10, 45, 26, 35, 32, 3, 48, 11, 13, 4, 38, 18, 15, 6, 36, 14, 49, 7, 24, 8, 2]], [21, []], [16, []], [46, []], [30, []], [10, []], [45, []], [26, []], [35, []], [32, []], [3, []], [48, []], [11, []], [13, []], [4, []], [38, []], [18, []], [15, []], [6, []], [36, []], [14, []], [49, []], [7, []], [24, []], [8, []], [2, []]]], [[[31, [47, 50, 44, 43]]]]]",,,80.62257748,0,1,4,,,,,results/sol_best_RC101_3.dat_A4_L90_pid2674.txt,,A4L120<=A4L90,0,0,,
160,test_data/data_demand_random_50_batch_all1_equal_random/RC101_3.dat,8,60,1,1633,"[[[[0, [47, 39, 37, 1, 23, 17, 5, 12, 31, 19, 28, 22, 41, 29, 33, 42, 25, 9, 20, 43, 10, 27, 44, 40]], [47, []], [39, []], [37, []], [1, []], [23, []], [17, []], [5, []], [12, []], [31, []], [19, []], [28, []], [22, []], [41, []], [29, []], [33, []], [42, []], [25, []], [9, []], [20, []], [43, []], [10, []], [27, []], [44, []], [40, []]], [[0, [21, 16, 46, 30, 34, 50, 45, 26, 35, 32, 3, 48, 11, 13, 4, 38, 18, 15, 6, 36, 14, 49, 7, 24, 8, 2]], [21, []], [16, []], [46, []], [30, []], [34, []], [50, []], [45, []], [26, []], [35, []], [32, []], [3, []], [48, []], [11, []], [13, []], [4, []], [38, []], [18, []], [15, []], [6, []], [36, []], [14, []], [49, []], [7, []], [24, []], [8, []], [2, []]]], []]",,,0,0,0,0,,,,,results/sol_best_RC101_3.dat_A8_L60_pid2697.txt,(not found),,0,0,,
161,test_data/data_demand_random_50_batch_all1_equal_random/RC101_3.dat,8,90,1,1633,"[[[[0, [19, 12, 39, 37, 23, 17, 5, 1, 31, 22, 28, 33, 42, 41, 40, 34, 27, 25, 29, 20, 9]], [19, []], [12, []], [39, []], [37, []], [23, []], [17, []], [5, []], [1, []], [31, [47, 50, 44, 43]], [47, []], [22, []], [28, []], [33, []], [42, []], [41, []], [40, []], [44, []], [50, []], [34, []], [27, []], [25, []], [29, []], [20, []], [9, []], [43, []]], [[0, [21, 16, 46, 30, 10, 45, 26, 35, 32, 3, 48, 11, 13, 4, 38, 18, 15, 6, 36, 14, 49, 7, 24, 8, 2]], [21, []], [16, []], [46, []], [30, []], [10, []], [45, []], [26, []], [35, []], [32, []], [3, []], [48, []], [11, []], [13, []], [4, []], [38, []], [18, []], [15, []], [6, []], [36, []], [14, []], [49, []], [7, []], [24, []], [8, []], [2, []]]], [[[31, [47, 50, 44, 43]]]]]",,,80.62257748,0,1,4,,,,,results/sol_best_RC101_3.dat_A4_L90_pid2674.txt,,A8L90<=A4L90,0,0,,
162,test_data/data_demand_random_50_batch_all1_equal_random/RC101_3.dat,8,120,1,1633,"[[[[0, [19, 12, 39, 37, 23, 17, 5, 1, 31, 22, 28, 33, 42, 41, 40, 34, 27, 25, 29, 20, 9]], [19, []], [12, []], [39, []], [37, []], [23, []], [17, []], [5, []], [1, []], [31, [47, 50, 44, 43]], [47, []], [22, []], [28, []], [33, []], [42, []], [41, []], [40, []], [44, []], [50, []], [34, []], [27, []], [25, []], [29, []], [20, []], [9, []], [43, []]], [[0, [21, 16, 46, 30, 10, 45, 26, 35, 32, 3, 48, 11, 13, 4, 38, 18, 15, 6, 36, 14, 49, 7, 24, 8, 2]], [21, []], [16, []], [46, []], [30, []], [10, []], [45, []], [26, []], [35, []], [32, []], [3, []], [48, []], [11, []], [13, []], [4, []], [38, []], [18, []], [15, []], [6, []], [36, []], [14, []], [49, []], [7, []], [24, []], [8, []], [2, []]]], [[[31, [47, 50, 44, 43]]]]]",,,80.62257748,0,1,4,,,,,results/sol_best_RC101_3.dat_A4_L90_pid2674.txt,,A8L120<=A4L120,0,0,,
