job_id,instance,A,L,run_index,best_fitness,best_solution,best_multi_fitness,best_multi_solution,best_drone_avg_trip_time,best_multi_visit_trip_count,best_drone_trip_count,best_avg_customers_per_trip,best_multi_drone_avg_trip_time,best_multi_multi_visit_trip_count,best_multi_drone_trip_count,best_multi_avg_customers_per_trip,best_solution_file,best_multi_solution_file,log
1,test_data/data_demand_random_50_batch_all1_equal_random/C101_0.5.dat,4.0,60.0,1,428.0,"[
    [
        [
            [0, [23, 5, 29, 15, 25, 28, 27, 17, 20, 6, 30, 19, 16, 4, 31, 22, 26, 13, 12, 1]],
            [23, [32, 33]],
            [5, [39, 36, 37, 38]],
            [29, []],
            [15, []],
            [25, [46, 47, 41]],
            [28, []],
            [46, []],
            [36, []],
            [39, []],
            [27, []],
            [17, []],
            [20, []],
            [6, []],
            [30, []],
            [19, []],
            [16, []],
            [4, []],
            [41, []],
            [31, []],
            [22, []],
            [26, []],
            [13, []],
            [32, []],
            [37, []],
            [12, []],
            [33, []],
            [47, []],
            [1, []],
            [38, []]
        ],
        [
            [0, [14, 3, 10, 24, 35, 34, 45, 48, 8, 11, 21, 43, 50, 49, 7, 44, 9, 42, 18, 40, 2]],
            [14, []],
            [3, []],
            [10, []],
            [24, []],
            [35, []],
            [34, []],
            [45, []],
            [48, []],
            [8, []],
            [11, []],
            [21, []],
            [43, []],
            [50, []],
            [49, []],
            [7, []],
            [44, []],
            [9, []],
            [42, []],
            [18, []],
            [40, []],
            [2, []]
        ]
    ],
    [
        [
            [23, [32, 33]]
        ],
        [
            [5, [39, 36, 37, 38]]
        ],
        [
            [25, [46, 47, 41]]
        ]
    ]
]",,,131.4145054088988,0,3,3.0,,,,,results/sol_best_C101_0.5.dat_A4_L60_pid2664.txt,(not found),C101_0.5.dat_A4_L60_r1.log
1,test_data/data_demand_random_50_batch_all1_equal_random/C101_0.5.dat,4.0,60.0,2,428.0,"[
    [
        [
            [0, [23, 25, 29, 15, 5, 28, 27, 17, 20, 6, 30, 19, 16, 4, 31, 22, 26, 13, 1]],
            [23, [32, 33]],
            [25, [39, 36, 37, 38]],
            [29, []],
            [15, []],
            [5, [46, 47, 41]],
            [28, []],
            [27, []],
            [17, []],
            [39, []],
            [46, []],
            [36, []],
            [20, []],
            [6, []],
            [30, []],
            [19, []],
            [16, []],
            [4, []],
            [41, []],
            [31, []],
            [22, []],
            [26, []],
            [13, []],
            [32, [32]],
            [37, []],
            [33, [33]],
            [47, []],
            [1, []],
            [38, []]
        ],
        [
            [0, [14, 3, 10, 24, 35, 34, 45, 8, 11, 21, 43, 7, 40, 42, 9, 44, 18, 2, 12]],
            [14, [48, 50, 49]],
            [3, []],
            [10, []],
            [24, []],
            [35, []],
            [34, []],
            [45, []],
            [48, []],
            [8, []],
            [11, []],
            [21, []],
            [50, []],
            [43, []],
            [7, []],
            [49, []],
            [40, []],
            [42, []],
            [9, []],
            [44, []],
            [18, []],
            [2, []],
            [12, []]
        ]
    ],
    [
        [
            [23, [32, 33]]
        ],
        [
            [25, [39, 36, 37, 38]]
        ],
        [
            [5, [46, 47, 41]]
        ],
        [
            [14, [48, 50, 49]]
        ]
    ]
]",,,138.6991153959858,0,4,3.0,,,,,results/sol_best_C101_0.5.dat_A4_L60_pid2666.txt,(not found),C101_0.5.dat_A4_L60_r2.log
1,test_data/data_demand_random_50_batch_all1_equal_random/C101_0.5.dat,4.0,60.0,3,403.69,"[
    [
        [
            [0, [25, 15, 29, 5, 28, 23, 27, 17, 20, 6, 30, 19, 16, 4, 31, 22, 26, 13, 32, 33]],
            [25, [36, 39, 38]],
            [15, [46, 47, 41]],
            [29, []],
            [5, []],
            [28, []],
            [23, []],
            [46, []],
            [36, []],
            [39, []],
            [27, []],
            [17, []],
            [20, []],
            [6, []],
            [30, []],
            [19, []],
            [16, []],
            [4, []],
            [41, []],
            [31, []],
            [22, []],
            [26, []],
            [13, []],
            [32, []],
            [33, []],
            [47, []],
            [38, []]
        ],
        [
            [0, [14, 3, 10, 24, 35, 34, 45, 8, 11, 21, 43, 7, 44, 9, 42, 18, 40, 1, 2, 37, 12]],
            [14, [48, 50, 49]],
            [3, []],
            [10, []],
            [24, []],
            [35, []],
            [34, []],
            [45, []],
            [48, []],
            [8, []],
            [11, []],
            [21, []],
            [50, []],
            [43, []],
            [49, []],
            [7, []],
            [44, []],
            [9, []],
            [42, []],
            [18, []],
            [40, []],
            [1, []],
            [2, []],
            [37, []],
            [12, []]
        ]
    ],
    [
        [
            [25, [36, 39, 38]]
        ],
        [
            [15, [46, 47, 41]]
        ],
        [
            [14, [48, 50, 49]]
        ]
    ]
]",,,148.10040647858557,0,3,3.0,,,,,results/sol_best_C101_0.5.dat_A4_L60_pid2667.txt,(not found),C101_0.5.dat_A4_L60_r3.log
2,test_data/data_demand_random_50_batch_all1_equal_random/C101_0.5.dat,4.0,90.0,1,401.0,"[
    [
        [
            [0, [23, 28, 25, 15, 29, 5, 27, 17, 20, 6, 30, 19, 16, 4, 31, 22, 26, 13]],
            [23, [32, 33]],
            [28, [39, 36, 37, 38]],
            [25, []],
            [15, []],
            [29, [46, 47, 41]],
            [5, []],
            [46, []],
            [36, []],
            [39, []],
            [27, []],
            [17, []],
            [20, []],
            [6, []],
            [30, []],
            [19, []],
            [16, []],
            [4, []],
            [41, []],
            [31, []],
            [22, []],
            [26, []],
            [13, []],
            [32, []],
            [37, []],
            [33, []],
            [47, []],
            [38, []]
        ],
        [
            [0, [14, 3, 10, 24, 35, 34, 45, 8, 11, 21, 43, 7, 44, 9, 42, 18, 40, 1, 2, 12]],
            [14, [48, 50, 49]],
            [3, []],
            [10, []],
            [24, []],
            [35, []],
            [34, []],
            [45, []],
            [48, []],
            [8, []],
            [11, []],
            [21, []],
            [50, []],
            [43, []],
            [7, []],
            [49, []],
            [44, []],
            [9, []],
            [42, []],
            [18, []],
            [40, []],
            [1, []],
            [2, []],
            [12, []]
        ]
    ],
    [
        [
            [23, [32, 33]]
        ],
        [
            [28, [39, 36, 37, 38]]
        ],
        [
            [29, [46, 47, 41]]
        ],
        [
            [14, [48, 50, 49]]
        ]
    ]
]",,,137.08975063652832,0,4,3.0,,,,,results/sol_best_C101_0.5.dat_A4_L90_pid2744.txt,(not found),C101_0.5.dat_A4_L90_r1.log
2,test_data/data_demand_random_50_batch_all1_equal_random/C101_0.5.dat,4.0,90.0,2,405.0,"[
    [
        [
            [0, [23, 25, 28, 5, 29, 15, 36, 39, 27, 17, 20, 6, 30, 19, 16, 4, 31, 22, 26, 13, 32, 37, 33, 38]],
            [23, []],
            [25, [46, 47, 41]],
            [28, []],
            [5, []],
            [29, []],
            [15, []],
            [46, []],
            [36, []],
            [39, []],
            [27, []],
            [17, []],
            [20, []],
            [6, []],
            [30, []],
            [19, []],
            [16, []],
            [4, []],
            [41, []],
            [31, []],
            [22, []],
            [26, []],
            [13, []],
            [32, []],
            [37, []],
            [33, []],
            [47, []],
            [38, []]
        ],
        [
            [0, [14, 3, 10, 24, 35, 34, 8, 11, 21, 45, 43, 7, 44, 9, 42, 18, 40, 1, 2, 12]],
            [14, [48, 50, 49]],
            [3, []],
            [10, []],
            [24, []],
            [35, []],
            [34, []],
            [8, []],
            [11, []],
            [21, []],
            [45, []],
            [48, [48]],
            [50, [50]],
            [43, []],
            [7, []],
            [49, [49]],
            [44, []],
            [9, []],
            [42, []],
            [18, []],
            [40, []],
            [1, []],
            [2, []],
            [12, []]
        ]
    ],
    [
        [
            [14, [48, 50, 49]]
        ],
        [
            [25, [46, 47, 41]]
        ]
    ]
]",,,154.84284565383422,0,2,3.0,,,,,results/sol_best_C101_0.5.dat_A4_L90_pid2746.txt,(not found),C101_0.5.dat_A4_L90_r2.log
2,test_data/data_demand_random_50_batch_all1_equal_random/C101_0.5.dat,4.0,90.0,3,430.62,"[
    [
        [
            [0, [25, 15, 29, 5, 28, 23, 27, 17, 20, 6, 30, 19, 16, 4, 31, 22, 26, 13, 32, 33, 1]],
            [25, [39, 36, 38]],
            [15, [46, 47, 41]],
            [29, []],
            [5, []],
            [28, []],
            [23, []],
            [27, []],
            [17, []],
            [39, []],
            [46, []],
            [36, []],
            [20, []],
            [6, []],
            [30, []],
            [19, []],
            [16, []],
            [4, []],
            [41, []],
            [31, []],
            [22, []],
            [26, []],
            [13, []],
            [32, []],
            [33, []],
            [47, []],
            [1, []],
            [38, []]
        ],
        [
            [0, [14, 3, 10, 24, 35, 34, 45, 8, 11, 21, 43, 7, 40, 42, 9, 44, 18, 2, 37, 12]],
            [14, [48, 50, 49]],
            [3, []],
            [10, []],
            [24, []],
            [35, []],
            [34, []],
            [45, []],
            [48, []],
            [8, []],
            [11, []],
            [21, []],
            [50, []],
            [43, []],
            [7, []],
            [49, []],
            [40, []],
            [42, []],
            [9, []],
            [44, []],
            [18, []],
            [2, []],
            [37, []],
            [12, []]
        ]
    ],
    [
        [
            [25, [39, 36, 38]]
        ],
        [
            [15, [46, 47, 41]]
        ],
        [
            [14, [48, 50, 49]]
        ]
    ]
]",,,148.10040647858557,0,3,3.0,,,,,results/sol_best_C101_0.5.dat_A4_L90_pid2747.txt,(not found),C101_0.5.dat_A4_L90_r3.log
3,test_data/data_demand_random_50_batch_all1_equal_random/C101_0.5.dat,4.0,120.0,1,421.0,"[
    [
        [
            [0, [25, 15, 29, 5, 28, 23, 27, 17, 20, 6, 30, 19, 16, 4, 31, 26, 22, 1, 13, 12]],
            [25, [39, 36, 37, 38]],
            [15, []],
            [29, []],
            [5, [46, 47, 41, 32]],
            [28, []],
            [23, []],
            [27, []],
            [17, []],
            [39, []],
            [46, []],
            [36, []],
            [20, []],
            [6, []],
            [30, []],
            [19, []],
            [16, []],
            [4, []],
            [41, []],
            [31, []],
            [26, []],
            [22, []],
            [1, []],
            [47, []],
            [13, []],
            [32, []],
            [37, []],
            [12, []],
            [38, []]
        ],
        [
            [0, [14, 3, 10, 24, 35, 34, 45, 8, 11, 21, 43, 7, 40, 42, 9, 44, 18, 2]],
            [14, [48, 50, 49, 33]],
            [3, []],
            [10, []],
            [24, []],
            [35, []],
            [34, []],
            [45, []],
            [48, []],
            [8, []],
            [11, []],
            [21, []],
            [50, []],
            [43, []],
            [7, []],
            [49, []],
            [40, []],
            [42, []],
            [9, []],
            [44, []],
            [18, []],
            [2, []],
            [33, []]
        ]
    ],
    [
        [
            [25, [39, 36, 37, 38]]
        ],
        [
            [5, [46, 47, 41, 32]]
        ],
        [
            [14, [48, 50, 49, 33]]
        ]
    ]
]",,,143.26548719464773,0,3,4.0,,,,,results/sol_best_C101_0.5.dat_A4_L120_pid2737.txt,(not found),C101_0.5.dat_A4_L120_r1.log
3,test_data/data_demand_random_50_batch_all1_equal_random/C101_0.5.dat,4.0,120.0,2,428.0,"[
    [
        [
            [0, [23, 5, 15, 29, 25, 28, 27, 17, 20, 6, 30, 19, 16, 4, 31, 22, 26, 13, 12, 1]],
            [23, [32, 33]],
            [5, [39, 36, 37, 38]],
            [15, []],
            [29, []],
            [25, [46, 47, 41]],
            [28, []],
            [46, []],
            [36, []],
            [39, []],
            [27, []],
            [17, []],
            [20, []],
            [6, []],
            [30, []],
            [19, []],
            [16, []],
            [4, []],
            [41, []],
            [31, []],
            [22, []],
            [26, []],
            [13, []],
            [32, []],
            [37, []],
            [12, []],
            [33, []],
            [47, []],
            [1, []],
            [38, []]
        ],
        [
            [0, [14, 3, 10, 24, 35, 34, 45, 48, 8, 11, 21, 50, 43, 7, 49, 44, 9, 42, 18, 40, 2]],
            [14, []],
            [3, []],
            [10, []],
            [24, []],
            [35, []],
            [34, []],
            [45, []],
            [48, []],
            [8, []],
            [11, []],
            [21, []],
            [50, []],
            [43, []],
            [7, []],
            [49, []],
            [44, []],
            [9, []],
            [42, []],
            [18, []],
            [40, []],
            [2, []]
        ]
    ],
    [
        [
            [23, [32, 33]]
        ],
        [
            [5, [39, 36, 37, 38]]
        ],
        [
            [25, [46, 47, 41]]
        ]
    ]
]",,,131.4145054088988,0,3,3.0,,,,,results/sol_best_C101_0.5.dat_A4_L120_pid2739.txt,(not found),C101_0.5.dat_A4_L120_r2.log
3,test_data/data_demand_random_50_batch_all1_equal_random/C101_0.5.dat,4.0,120.0,3,421.0,"[
    [
        [
            [0, [23, 25, 28, 5, 29, 15, 36, 39, 27, 17, 20, 6, 30, 19, 16, 4, 31, 22, 26, 13, 32, 37, 33, 1, 38]],
            [23, []],
            [25, []],
            [28, [46, 47, 41]],
            [5, []],
            [29, []],
            [15, []],
            [46, []],
            [36, []],
            [39, []],
            [27, []],
            [17, []],
            [20, []],
            [6, []],
            [30, []],
            [19, []],
            [16, []],
            [4, []],
            [41, []],
            [31, []],
            [22, []],
            [26, []],
            [13, []],
            [32, []],
            [37, []],
            [33, []],
            [47, []],
            [1, []],
            [38, []]
        ],
        [
            [0, [14, 3, 10, 24, 35, 34, 45, 8, 11, 21, 43, 7, 40, 42, 9, 44, 18, 2, 12]],
            [14, [48, 50, 49]],
            [3, []],
            [10, []],
            [24, []],
            [35, []],
            [34, []],
            [45, []],
            [48, []],
            [8, []],
            [11, []],
            [21, []],
            [50, []],
            [43, []],
            [7, []],
            [49, []],
            [40, []],
            [42, []],
            [9, []],
            [44, []],
            [18, []],
            [2, []],
            [12, []]
        ]
    ],
    [
        [
            [28, [46, 47, 41]]
        ],
        [
            [14, [48, 50, 49]]
        ]
    ]
]",,,156.33873042692198,0,2,3.0,,,,,results/sol_best_C101_0.5.dat_A4_L120_pid2740.txt,(not found),C101_0.5.dat_A4_L120_r3.log
4,test_data/data_demand_random_50_batch_all1_equal_random/C101_0.5.dat,8.0,60.0,1,413.13,"[
    [
        [
            [0, [5, 15, 25, 23, 27, 17, 20, 6, 19, 16, 4, 22, 26, 13, 1]],
            [5, [32, 33, 29, 28, 30, 31]],
            [15, []],
            [29, []],
            [25, [46, 47, 41, 39, 36, 37, 38]],
            [28, []],
            [23, []],
            [27, []],
            [17, []],
            [39, []],
            [46, []],
            [36, []],
            [20, []],
            [6, []],
            [30, []],
            [19, []],
            [16, []],
            [4, []],
            [41, []],
            [31, []],
            [22, []],
            [26, []],
            [13, []],
            [32, []],
            [37, []],
            [33, []],
            [47, []],
            [1, []],
            [38, []]
        ],
        [
            [0, [3, 8, 11, 21, 14, 10, 24, 7, 9, 18, 2, 12]],
            [3, []],
            [8, []],
            [11, []],
            [21, []],
            [14, [48, 50, 49, 45, 43, 44, 40, 42]],
            [10, []],
            [24, []],
            [35, [35, 34]],
            [34, []],
            [45, []],
            [48, []],
            [50, []],
            [43, []],
            [7, []],
            [49, []],
            [40, []],
            [42, []],
            [9, []],
            [44, []],
            [18, []],
            [2, []],
            [12, []]
        ]
    ],
    [
        [
            [5, [32, 33, 29, 28, 30, 31]]
        ],
        [
            [25, [46, 47, 41, 39, 36, 37, 38]]
        ],
        [
            [14, [48, 50, 49, 45, 43, 44, 40, 42]]
        ],
        [
            [35, [35, 34]]
        ]
    ]
]",,,145.3342802031203,0,4,5.75,,,,,results/sol_best_C101_0.5.dat_A8_L60_pid2795.txt,(not found),C101_0.5.dat_A8_L60_r1.log
4,test_data/data_demand_random_50_batch_all1_equal_random/C101_0.5.dat,8.0,60.0,2,387.92,"[
    [
        [
            [0, [23, 28, 25, 5, 29, 15, 27, 17, 20, 6, 30, 19, 16, 4, 31, 13, 32, 33]],
            [23, []],
            [28, []],
            [25, []],
            [5, []],
            [29, []],
            [15, [46, 47, 41, 39, 36, 37, 38]],
            [46, []],
            [36, []],
            [39, []],
            [27, []],
            [17, []],
            [20, []],
            [6, []],
            [30, []],
            [19, []],
            [16, []],
            [4, []],
            [41, []],
            [31, []],
            [13, []],
            [32, []],
            [37, []],
            [33, []],
            [47, []],
            [38, []]
        ],
        [
            [0, [10, 3, 14, 11, 8, 21, 9, 18, 7, 1, 22, 2, 12]],
            [10, [34, 35, 24, 26]],
            [35, []],
            [24, []],
            [3, []],
            [14, [48, 50, 49, 45, 43, 44, 40, 42]],
            [11, []],
            [8, []],
            [34, []],
            [45, []],
            [48, []],
            [21, []],
            [50, []],
            [43, []],
            [44, []],
            [9, []],
            [42, []],
            [18, []],
            [40, []],
            [7, []],
            [49, []],
            [1, []],
            [22, []],
            [26, [26]],
            [2, []],
            [12, []]
        ]
    ],
    [
        [
            [15, [46, 47, 41, 39, 36, 37, 38]]
        ],
        [
            [10, [34, 35, 24, 26]]
        ],
        [
            [14, [48, 50, 49, 45, 43, 44, 40, 42]]
        ]
    ]
]",,,134.61667172586817,0,3,6.333333333333333,,,,,results/sol_best_C101_0.5.dat_A8_L60_pid2797.txt,(not found),C101_0.5.dat_A8_L60_r2.log
4,test_data/data_demand_random_50_batch_all1_equal_random/C101_0.5.dat,8.0,60.0,3,405.13,"[
    [
        [
            [0, [5, 15, 25, 23, 27, 17, 20, 6, 19, 16, 4, 13, 1]],
            [5, [32, 33, 29, 28, 30, 31]],
            [15, []],
            [29, []],
            [25, [46, 47, 41, 39, 36, 37, 38]],
            [28, []],
            [23, []],
            [27, []],
            [17, []],
            [39, []],
            [46, []],
            [36, []],
            [20, []],
            [6, []],
            [30, []],
            [19, []],
            [16, []],
            [4, []],
            [41, []],
            [31, []],
            [13, []],
            [32, []],
            [37, []],
            [33, []],
            [47, []],
            [1, []],
            [38, []]
        ],
        [
            [0, [10, 24, 8, 11, 21, 14, 3, 9, 18, 7, 22, 26, 2, 12]],
            [10, []],
            [24, []],
            [8, []],
            [11, []],
            [21, []],
            [14, [48, 50, 49, 45, 43, 44, 40, 42]],
            [3, []],
            [35, [35, 34]],
            [34, [34]],
            [45, []],
            [48, []],
            [50, []],
            [43, []],
            [44, []],
            [9, []],
            [42, []],
            [18, []],
            [40, []],
            [7, []],
            [49, []],
            [22, []],
            [26, []],
            [2, []],
            [12, []]
        ]
    ],
    [
        [
            [5, [32, 33, 29, 28, 30, 31]]
        ],
        [
            [25, [46, 47, 41, 39, 36, 37, 38]]
        ],
        [
            [14, [48, 50, 49, 45, 43, 44, 40, 42]]
        ],
        [
            [35, [35, 34]]
        ]
    ]
]",,,147.3342802031203,0,4,5.75,,,,,results/sol_best_C101_0.5.dat_A8_L60_pid2798.txt,(not found),C101_0.5.dat_A8_L60_r3.log
5,test_data/data_demand_random_50_batch_all1_equal_random/C101_0.5.dat,8.0,90.0,1,398.11,"[
    [
        [
            [0, [25, 15, 5, 23, 27, 17, 20, 6, 19, 16, 4, 22, 26, 13, 12]],
            [25, [32, 33, 29, 28, 30, 31]],
            [15, []],
            [29, []],
            [5, [46, 47, 41, 39, 36, 37, 38]],
            [28, []],
            [23, []],
            [46, []],
            [36, []],
            [39, []],
            [27, []],
            [17, []],
            [20, []],
            [6, []],
            [30, []],
            [19, []],
            [16, []],
            [4, []],
            [41, []],
            [31, []],
            [22, []],
            [26, []],
            [13, []],
            [32, []],
            [33, []],
            [47, []],
            [37, []],
            [12, []],
            [38, []]
        ],
        [
            [0, [24, 10, 14, 3, 8, 11, 21, 7, 9, 18, 1, 2]],
            [24, []],
            [10, []],
            [14, [48, 50, 49, 45, 43, 44, 40, 42]],
            [3, []],
            [8, []],
            [11, []],
            [21, []],
            [34, [34, 35]],
            [35, []],
            [45, []],
            [48, []],
            [50, []],
            [43, []],
            [49, []],
            [7, []],
            [44, []],
            [9, []],
            [42, []],
            [18, []],
            [40, []],
            [1, []],
            [2, []]
        ]
    ],
    [
        [
            [25, [32, 33, 29, 28, 30, 31]]
        ],
        [
            [5, [46, 47, 41, 39, 36, 37, 38]]
        ],
        [
            [14, [48, 50, 49, 45, 43, 44, 40, 42]]
        ],
        [
            [34, [34, 35]]
        ]
    ]
]",,,140.53928533973527,0,4,5.75,,,,,results/sol_best_C101_0.5.dat_A8_L90_pid2742.txt,(not found),C101_0.5.dat_A8_L90_r1.log
5,test_data/data_demand_random_50_batch_all1_equal_random/C101_0.5.dat,8.0,90.0,2,398.0,"[
    [
        [
            [0, [5, 29, 15, 25, 28, 23, 27, 17, 20, 6, 30, 19, 16, 4, 31, 22, 26, 13]],
            [5, []],
            [29, []],
            [15, []],
            [25, [46, 47, 41, 39, 36, 38, 32, 33]],
            [28, []],
            [23, []],
            [27, []],
            [17, []],
            [39, []],
            [46, []],
            [36, []],
            [20, []],
            [6, []],
            [30, []],
            [19, []],
            [16, []],
            [4, []],
            [41, []],
            [31, []],
            [22, []],
            [26, []],
            [13, []],
            [32, []],
            [33, []],
            [47, []],
            [38, []]
        ],
        [
            [0, [3, 10, 14, 11, 21, 8, 7, 9, 18, 1, 2, 12]],
            [3, [34, 35, 24]],
            [35, []],
            [24, []],
            [10, []],
            [14, []],
            [11, []],
            [21, []],
            [8, [48, 50, 49, 45, 43, 44, 40, 42]],
            [34, []],
            [45, []],
            [48, []],
            [50, []],
            [43, []],
            [7, []],
            [49, []],
            [40, []],
            [42, []],
            [9, []],
            [44, []],
            [18, []],
            [1, []],
            [2, []],
            [37, [37]],
            [12, []]
        ]
    ],
    [
        [
            [25, [46, 47, 41, 39, 36, 38, 32, 33]]
        ],
        [
            [3, [34, 35, 24]]
        ],
        [
            [8, [48, 50, 49, 45, 43, 44, 40, 42]]
        ],
        [
            [37, [37]]
        ]
    ]
]",,,196.550684802205,0,4,5.0,,,,,results/sol_best_C101_0.5.dat_A8_L90_pid2744.txt,(not found),C101_0.5.dat_A8_L90_r2.log
5,test_data/data_demand_random_50_batch_all1_equal_random/C101_0.5.dat,8.0,90.0,3,385.55,"[
    [
        [
            [0, [5, 17, 15, 20, 6, 19, 16, 4, 13]],
            [25, [28, 29, 30, 31, 25, 23, 27]],
            [5, []],
            [28, [28]],
            [23, [23]],
            [27, [27]],
            [17, []],
            [15, [46, 47, 41, 39, 36, 38, 32, 33]],
            [29, [29]],
            [46, []],
            [39, []],
            [36, []],
            [20, []],
            [6, []],
            [30, [30]],
            [19, []],
            [16, []],
            [4, []],
            [41, []],
            [31, [31]],
            [13, []],
            [32, []],
            [33, []],
            [47, []],
            [38, []]
        ],
        [
            [0, [3, 10, 14, 11, 21, 8, 7, 9, 18, 1, 22, 2, 12]],
            [3, [34, 35, 24, 26]],
            [35, []],
            [24, []],
            [10, []],
            [14, [48, 50, 49, 45, 43, 44, 40, 42]],
            [11, []],
            [21, []],
            [8, []],
            [34, []],
            [45, []],
            [48, []],
            [50, []],
            [43, []],
            [49, []],
            [7, []],
            [44, []],
            [9, []],
            [42, []],
            [18, []],
            [40, []],
            [1, []],
            [22, []],
            [26, []],
            [2, []],
            [37, [37]],
            [12, []]
        ]
    ],
    [
        [
            [25, [28, 29, 30, 31, 25, 23, 27]]
        ],
        [
            [3, [34, 35, 24, 26]]
        ],
        [
            [14, [48, 50, 49, 45, 43, 44, 40, 42]]
        ],
        [
            [15, [46, 47, 41, 39, 36, 38, 32, 33]]
        ],
        [
            [37, [37]]
        ]
    ]
]",,,170.35599048243623,0,5,5.6,,,,,results/sol_best_C101_0.5.dat_A8_L90_pid2745.txt,(not found),C101_0.5.dat_A8_L90_r3.log
6,test_data/data_demand_random_50_batch_all1_equal_random/C101_0.5.dat,8.0,120.0,1,413.13,"[
    [
        [
            [0, [5, 15, 25, 23, 27, 17, 20, 6, 19, 16, 4, 22, 26, 13, 12, 1]],
            [5, [32, 33, 29, 28, 30, 31]],
            [29, []],
            [15, []],
            [25, [46, 47, 41, 39, 36, 37, 38]],
            [28, []],
            [23, []],
            [46, []],
            [36, []],
            [39, []],
            [27, []],
            [17, []],
            [20, []],
            [6, []],
            [30, []],
            [19, []],
            [16, []],
            [4, []],
            [41, []],
            [31, []],
            [22, []],
            [26, []],
            [13, []],
            [32, []],
            [37, []],
            [12, []],
            [33, []],
            [47, []],
            [1, []],
            [38, []]
        ],
        [
            [0, [10, 24, 8, 11, 21, 14, 3, 7, 9, 18, 2]],
            [10, []],
            [24, []],
            [8, []],
            [11, []],
            [21, []],
            [14, [48, 50, 49, 45, 43, 44, 40, 42]],
            [3, []],
            [35, [35, 34]],
            [34, [34]],
            [45, []],
            [48, []],
            [50, []],
            [43, []],
            [7, []],
            [49, []],
            [40, []],
            [42, []],
            [9, []],
            [44, []],
            [18, []],
            [2, []]
        ]
    ],
    [
        [
            [5, [32, 33, 29, 28, 30, 31]]
        ],
        [
            [25, [46, 47, 41, 39, 36, 37, 38]]
        ],
        [
            [14, [48, 50, 49, 45, 43, 44, 40, 42]]
        ],
        [
            [35, [35, 34]]
        ]
    ]
]",,,147.3342802031203,0,4,5.75,,,,,results/sol_best_C101_0.5.dat_A8_L120_pid2658.txt,(not found),C101_0.5.dat_A8_L120_r1.log
6,test_data/data_demand_random_50_batch_all1_equal_random/C101_0.5.dat,8.0,120.0,2,382.11,"[
    [
        [
            [0, [23, 25, 28, 29, 15, 5, 27, 17, 20, 6, 30, 19, 16, 4, 31, 22, 26, 13]],
            [23, []],
            [25, []],
            [28, []],
            [29, []],
            [15, []],
            [5, [46, 47, 41, 39, 36, 38, 32, 33]],
            [46, []],
            [36, []],
            [39, []],
            [27, []],
            [17, []],
            [20, []],
            [6, []],
            [30, []],
            [19, []],
            [16, []],
            [4, []],
            [41, []],
            [31, []],
            [22, []],
            [26, []],
            [32, []],
            [13, []],
            [33, []],
            [47, []],
            [38, []]
        ],
        [
            [0, [10, 8, 3, 14, 11, 21, 7, 9, 18, 1, 2, 12]],
            [10, [34, 35, 24]],
            [24, []],
            [35, []],
            [34, []],
            [8, []],
            [3, []],
            [14, [48, 50, 49, 45, 43, 44, 40, 42]],
            [11, []],
            [21, []],
            [45, []],
            [48, []],
            [43, []],
            [50, []],
            [49, []],
            [7, []],
            [44, []],
            [9, []],
            [42, []],
            [18, []],
            [40, []],
            [1, []],
            [2, []],
            [37, [37]],
            [12, []]
        ]
    ],
    [
        [
            [5, [46, 47, 41, 39, 36, 38, 32, 33]]
        ],
        [
            [10, [34, 35, 24]]
        ],
        [
            [14, [48, 50, 49, 45, 43, 44, 40, 42]]
        ],
        [
            [37, [37]]
        ]
    ]
]",,,182.62769559659688,0,4,5.0,,,,,results/sol_best_C101_0.5.dat_A8_L120_pid2660.txt,(not found),C101_0.5.dat_A8_L120_r2.log
6,test_data/data_demand_random_50_batch_all1_equal_random/C101_0.5.dat,8.0,120.0,3,390.38,"[
    [
        [
            [0, [25, 15, 5, 23, 27, 17, 20, 6, 19, 16, 4, 13]],
            [25, [32, 33, 29, 28, 30, 31]],
            [29, []],
            [15, []],
            [5, [46, 47, 41, 39, 36, 37, 38]],
            [28, []],
            [23, []],
            [27, []],
            [17, []],
            [39, []],
            [46, []],
            [36, []],
            [20, []],
            [6, []],
            [30, []],
            [19, []],
            [16, []],
            [4, []],
            [41, []],
            [31, []],
            [13, []],
            [32, []],
            [37, []],
            [33, []],
            [47, []],
            [38, []]
        ],
        [
            [0, [10, 8, 11, 21, 14, 3, 7, 9, 18, 1, 22, 2, 12]],
            [10, [35, 34, 24, 26]],
            [24, [24]],
            [8, []],
            [11, []],
            [21, []],
            [14, [48, 50, 49, 45, 43, 44, 40, 42]],
            [3, []],
            [35, [35]],
            [34, [34]],
            [45, []],
            [48, []],
            [50, []],
            [43, []],
            [49, []],
            [7, []],
            [44, []],
            [9, []],
            [42, []],
            [18, []],
            [40, []],
            [1, []],
            [22, []],
            [26, [26]],
            [2, []],
            [12, []]
        ]
    ],
    [
        [
            [10, [35, 34, 24, 26]]
        ],
        [
            [25, [32, 33, 29, 28, 30, 31]]
        ],
        [
            [5, [46, 47, 41, 39, 36, 37, 38]]
        ],
        [
            [14, [48, 50, 49, 45, 43, 44, 40, 42]]
        ]
    ]
]",,,125.11950081905316,0,4,6.25,,,,,results/sol_best_C101_0.5.dat_A8_L120_pid2661.txt,(not found),C101_0.5.dat_A8_L120_r3.log
7,test_data/data_demand_random_50_batch_all1_equal_random/C101_1.5.dat,4.0,60.0,1,644.76,"[
    [
        [
            [0, [21, 3, 13, 9, 11, 14]],
            [16, [16, 26, 24]],
            [18, [18]],
            [21, [28, 27]],
            [27, []],
            [37, [37, 36, 33, 34]],
            [33, []],
            [34, []],
            [39, [46, 42, 44, 39]],
            [46, []],
            [44, []],
            [48, [48, 49, 45, 50]],
            [28, []],
            [49, []],
            [42, []],
            [26, [26]],
            [3, []],
            [13, []],
            [9, []],
            [24, [24]],
            [45, []],
            [11, []],
            [50, []],
            [14, []],
            [36, []]
        ],
        [
            [0, [4, 17, 6, 10, 7, 5, 2, 29, 20, 23, 25, 19, 12, 30, 15, 22, 8, 1]],
            [4, []],
            [17, []],
            [6, []],
            [10, []],
            [7, []],
            [5, []],
            [2, []],
            [29, []],
            [20, [43, 41, 40]],
            [47, [47, 38, 35]],
            [23, []],
            [25, [32, 31]],
            [41, []],
            [19, []],
            [12, []],
            [32, [32]],
            [30, []],
            [38, []],
            [15, []],
            [22, []],
            [31, [31]],
            [8, []],
            [35, []],
            [1, []],
            [43, []],
            [40, []]
        ]
    ],
    [
        [
            [16, [16, 26, 24]]
        ],
        [
            [18, [18]]
        ],
        [
            [21, [28, 27]]
        ],
        [
            [37, [37, 36, 33, 34]]
        ],
        [
            [39, [46, 42, 44, 39]]
        ],
        [
            [48, [48, 49, 45, 50]]
        ],
        [
            [20, [43, 41, 40]]
        ],
        [
            [47, [47, 38, 35]]
        ],
        [
            [25, [32, 31]]
        ]
    ]
]",,,291.50688274795607,0,9,2.888888888888889,,,,,results/sol_best_C101_1.5.dat_A4_L60_pid2675.txt,(not found),C101_1.5.dat_A4_L60_r1.log
7,test_data/data_demand_random_50_batch_all1_equal_random/C101_1.5.dat,4.0,60.0,2,688.38,"[
    [
        [
            [0, [8, 22, 18, 21, 28, 26, 3, 13, 9, 24, 27, 1, 16, 11]],
            [8, [31, 33, 34]],
            [22, []],
            [31, [31]],
            [18, [48, 49, 46, 44]],
            [21, [39, 42]],
            [48, []],
            [33, [33]],
            [46, []],
            [39, []],
            [34, [34]],
            [44, []],
            [28, []],
            [49, []],
            [42, []],
            [26, []],
            [3, []],
            [13, []],
            [9, []],
            [24, []],
            [27, []],
            [1, []],
            [16, []],
            [11, []]
        ],
        [
            [0, [6, 17, 4, 37, 10, 35, 15, 38, 30, 32, 12, 19, 25, 23, 14, 20, 7, 36, 5, 2, 29]],
            [6, [41, 40]],
            [17, []],
            [4, []],
            [37, []],
            [10, [50, 47, 43, 45]],
            [45, []],
            [35, []],
            [15, []],
            [38, []],
            [30, []],
            [32, []],
            [12, []],
            [19, []],
            [41, [41, 41]],
            [25, []],
            [23, []],
            [47, []],
            [50, []],
            [14, []],
            [20, []],
            [7, []],
            [36, []],
            [5, []],
            [2, []],
            [29, []],
            [43, []],
            [40, [40, 40]]
        ]
    ],
    [
        [
            [8, [31, 33, 34]]
        ],
        [
            [6, [41, 40]]
        ],
        [
            [10, [50, 47, 43, 45]]
        ],
        [
            [18, [48, 49, 46, 44]]
        ],
        [
            [21, [39, 42]]
        ]
    ]
]",,,325.1993245331351,0,5,3.0,,,,,results/sol_best_C101_1.5.dat_A4_L60_pid2677.txt,(not found),C101_1.5.dat_A4_L60_r2.log
7,test_data/data_demand_random_50_batch_all1_equal_random/C101_1.5.dat,4.0,60.0,3,677.38,"[
    [
        [
            [0, [2, 1, 18, 21, 9, 13, 3, 11]],
            [2, []],
            [5, [5]],
            [29, [26, 24, 23, 29]],
            [1, []],
            [18, [33, 34, 27, 28]],
            [35, [35, 36]],
            [45, [45]],
            [21, []],
            [27, [48, 49, 42]],
            [24, []],
            [9, []],
            [13, []],
            [3, []],
            [26, []],
            [42, []],
            [49, []],
            [28, []],
            [34, []],
            [33, []],
            [48, []],
            [11, []],
            [23, []],
            [36, []]
        ],
        [
            [0, [6, 10, 37, 17, 4, 16, 8, 15, 38, 30, 32, 12, 31, 22, 19, 25, 14, 20, 7]],
            [6, []],
            [10, []],
            [39, [39, 41, 40, 44]],
            [37, []],
            [17, []],
            [46, [50, 47, 43, 46]],
            [4, []],
            [44, []],
            [40, []],
            [43, []],
            [16, []],
            [8, []],
            [15, []],
            [38, []],
            [30, []],
            [32, []],
            [12, []],
            [31, []],
            [22, []],
            [19, []],
            [41, []],
            [25, []],
            [47, []],
            [50, []],
            [14, []],
            [20, []],
            [7, []]
        ]
    ],
    [
        [
            [5, [5]]
        ],
        [
            [29, [26, 24, 23, 29]]
        ],
        [
            [18, [33, 34, 27, 28]]
        ],
        [
            [35, [35, 36]]
        ],
        [
            [45, [45]]
        ],
        [
            [39, [39, 41, 40, 44]]
        ],
        [
            [27, [48, 49, 42]]
        ],
        [
            [46, [50, 47, 43, 46]]
        ]
    ]
]",,,281.9359873427179,0,8,2.875,,,,,results/sol_best_C101_1.5.dat_A4_L60_pid2678.txt,(not found),C101_1.5.dat_A4_L60_r3.log
8,test_data/data_demand_random_50_batch_all1_equal_random/C101_1.5.dat,4.0,90.0,1,665.65,"[
    [
        [
            [0, [13, 3, 9, 6, 1, 16, 11, 14, 7, 5]],
            [21, [21, 20, 18]],
            [13, [26, 24, 23]],
            [3, []],
            [26, []],
            [24, []],
            [9, [34, 33, 28, 27]],
            [6, []],
            [34, []],
            [46, [46, 39, 42, 44]],
            [39, []],
            [33, []],
            [44, []],
            [48, [48, 49, 35, 45]],
            [28, []],
            [49, []],
            [42, []],
            [35, []],
            [27, []],
            [45, []],
            [1, []],
            [16, []],
            [18, []],
            [40, [40, 36]],
            [11, []],
            [23, []],
            [14, []],
            [20, []],
            [7, []],
            [36, []],
            [5, []]
        ],
        [
            [0, [4, 37, 17, 10, 29, 2, 25, 41, 19, 12, 32, 30, 38, 15, 22, 31, 8]],
            [4, []],
            [37, []],
            [17, []],
            [10, [50, 47, 43]],
            [43, []],
            [29, []],
            [2, []],
            [50, []],
            [47, []],
            [25, []],
            [41, []],
            [19, []],
            [12, []],
            [32, []],
            [30, []],
            [38, []],
            [15, []],
            [22, []],
            [31, []],
            [8, []]
        ]
    ],
    [
        [
            [21, [21, 20, 18]]
        ],
        [
            [13, [26, 24, 23]]
        ],
        [
            [9, [34, 33, 28, 27]]
        ],
        [
            [46, [46, 39, 42, 44]]
        ],
        [
            [10, [50, 47, 43]]
        ],
        [
            [48, [48, 49, 35, 45]]
        ],
        [
            [40, [40, 36]]
        ]
    ]
]",,,313.9307079621258,0,7,3.2857142857142856,,,,,results/sol_best_C101_1.5.dat_A4_L90_pid2755.txt,(not found),C101_1.5.dat_A4_L90_r1.log
8,test_data/data_demand_random_50_batch_all1_equal_random/C101_1.5.dat,4.0,90.0,2,702.68,"[
    [
        [
            [0, [16, 8, 21, 9, 13, 3, 26, 24, 6, 34, 33, 28, 27, 11]],
            [16, []],
            [8, []],
            [1, [1]],
            [35, [39, 42, 35]],
            [21, [44, 46, 45]],
            [9, []],
            [13, []],
            [3, []],
            [26, []],
            [24, []],
            [6, []],
            [44, []],
            [34, []],
            [46, []],
            [39, []],
            [33, []],
            [48, [48, 49]],
            [28, []],
            [49, []],
            [42, []],
            [27, []],
            [45, []],
            [11, []]
        ],
        [
            [0, [10, 17, 37, 4, 40, 18, 15, 38, 30, 32, 12, 22, 31, 19, 41, 25, 23, 36, 7, 20, 14, 29, 2, 5]],
            [10, []],
            [17, []],
            [37, [50, 47, 43]],
            [4, []],
            [40, []],
            [43, []],
            [18, []],
            [15, []],
            [38, []],
            [30, []],
            [32, []],
            [12, []],
            [22, []],
            [31, []],
            [19, []],
            [41, []],
            [25, []],
            [23, []],
            [36, []],
            [7, []],
            [20, []],
            [14, []],
            [50, []],
            [47, []],
            [29, []],
            [2, []],
            [5, []]
        ]
    ],
    [
        [
            [1, [1]]
        ],
        [
            [35, [39, 42, 35]]
        ],
        [
            [21, [44, 46, 45]]
        ],
        [
            [37, [50, 47, 43]]
        ],
        [
            [48, [48, 49]]
        ]
    ]
]",,,358.9977511008127,0,5,2.4,,,,,results/sol_best_C101_1.5.dat_A4_L90_pid2757.txt,(not found),C101_1.5.dat_A4_L90_r2.log
8,test_data/data_demand_random_50_batch_all1_equal_random/C101_1.5.dat,4.0,90.0,3,705.26,"[
    [
        [
            [0, [16, 11, 8, 3, 13, 9, 6, 14]],
            [21, [21, 18, 20]],
            [16, []],
            [11, []],
            [8, [26, 24, 23]],
            [18, [28, 27]],
            [26, []],
            [3, []],
            [13, []],
            [9, []],
            [24, [39, 42, 33]],
            [27, [48, 49, 46, 45]],
            [48, []],
            [33, []],
            [46, []],
            [39, []],
            [6, []],
            [28, []],
            [42, []],
            [49, []],
            [45, []],
            [23, []],
            [14, []],
            [20, [20]]
        ],
        [
            [0, [37, 17, 4, 34, 10, 40, 1, 35, 15, 38, 30, 32, 12, 22, 31, 41, 19, 25, 29, 2, 5, 36, 7]],
            [37, []],
            [17, []],
            [4, []],
            [34, []],
            [10, [50, 47, 44, 43]],
            [44, []],
            [40, []],
            [43, []],
            [1, []],
            [35, []],
            [15, []],
            [38, []],
            [30, []],
            [32, []],
            [12, []],
            [22, []],
            [31, []],
            [41, []],
            [19, []],
            [25, []],
            [50, []],
            [47, []],
            [29, []],
            [2, []],
            [5, []],
            [36, []],
            [7, []]
        ]
    ],
    [
        [
            [21, [21, 18, 20]]
        ],
        [
            [8, [26, 24, 23]]
        ],
        [
            [18, [28, 27]]
        ],
        [
            [24, [39, 42, 33]]
        ],
        [
            [27, [48, 49, 46, 45]]
        ],
        [
            [10, [50, 47, 44, 43]]
        ]
    ]
]",,,262.40379336193365,0,6,3.1666666666666665,,,,,results/sol_best_C101_1.5.dat_A4_L90_pid2758.txt,(not found),C101_1.5.dat_A4_L90_r3.log
9,test_data/data_demand_random_50_batch_all1_equal_random/C101_1.5.dat,4.0,120.0,1,718.1,"[
    [
        [
            [0, [18, 21, 8, 26, 3, 13, 9, 24, 33, 46, 39, 44, 28, 42, 27, 45, 11]],
            [18, []],
            [21, []],
            [8, [48, 49]],
            [26, []],
            [3, []],
            [13, []],
            [9, []],
            [24, []],
            [48, []],
            [33, []],
            [46, []],
            [39, []],
            [44, []],
            [28, []],
            [49, []],
            [42, []],
            [27, []],
            [45, []],
            [11, []]
        ],
        [
            [0, [34, 17, 4, 37, 6, 10, 16, 1, 35, 31, 22, 15, 38, 30, 32, 12, 19, 25, 23, 29, 2, 5, 36, 14, 20, 7]],
            [34, []],
            [17, [41, 40]],
            [4, []],
            [37, []],
            [6, [50, 47, 43]],
            [10, []],
            [40, []],
            [43, []],
            [16, []],
            [1, []],
            [35, []],
            [31, []],
            [22, []],
            [15, []],
            [38, []],
            [30, []],
            [32, []],
            [12, []],
            [19, []],
            [41, []],
            [25, []],
            [23, []],
            [50, []],
            [47, []],
            [29, []],
            [2, []],
            [5, []],
            [36, []],
            [14, []],
            [20, []],
            [7, []]
        ]
    ],
    [
        [
            [8, [48, 49]]
        ],
        [
            [17, [41, 40]]
        ],
        [
            [6, [50, 47, 43]]
        ]
    ]
]",,,352.90509312344335,0,3,2.3333333333333335,,,,,results/sol_best_C101_1.5.dat_A4_L120_pid2756.txt,(not found),C101_1.5.dat_A4_L120_r1.log
9,test_data/data_demand_random_50_batch_all1_equal_random/C101_1.5.dat,4.0,120.0,2,665.65,"[
    [
        [
            [0, [16, 8, 3, 13, 9, 6, 1, 11, 2, 14, 7, 5]],
            [21, [21, 20]],
            [16, []],
            [8, [24, 26, 23]],
            [26, []],
            [3, []],
            [13, []],
            [9, []],
            [24, [34, 33, 28, 27]],
            [6, []],
            [34, []],
            [33, []],
            [39, [46, 42, 44, 39]],
            [46, []],
            [44, []],
            [48, [48, 49, 35, 45]],
            [28, []],
            [49, []],
            [42, []],
            [35, []],
            [27, []],
            [1, []],
            [45, []],
            [11, []],
            [2, []],
            [29, [29, 36]],
            [23, []],
            [14, []],
            [20, []],
            [7, []],
            [36, []],
            [5, []]
        ],
        [
            [0, [4, 37, 17, 10, 40, 25, 41, 19, 12, 32, 30, 38, 15, 22, 31, 18]],
            [4, []],
            [37, []],
            [17, []],
            [10, [50, 47, 43]],
            [40, []],
            [50, []],
            [47, []],
            [25, []],
            [41, []],
            [19, []],
            [12, []],
            [32, []],
            [30, []],
            [38, []],
            [15, []],
            [22, []],
            [31, []],
            [18, []],
            [43, []]
        ]
    ],
    [
        [
            [21, [21, 20]]
        ],
        [
            [8, [24, 26, 23]]
        ],
        [
            [24, [34, 33, 28, 27]]
        ],
        [
            [10, [50, 47, 43]]
        ],
        [
            [39, [46, 42, 44, 39]]
        ],
        [
            [48, [48, 49, 35, 45]]
        ],
        [
            [29, [29, 36]]
        ]
    ]
]",,,309.95241598537814,0,7,3.142857142857143,,,,,results/sol_best_C101_1.5.dat_A4_L120_pid2758.txt,(not found),C101_1.5.dat_A4_L120_r2.log
9,test_data/data_demand_random_50_batch_all1_equal_random/C101_1.5.dat,4.0,120.0,3,723.0,"[
    [
        [
            [0, [21, 8, 3, 13, 9, 24, 39, 33, 28, 42, 26, 27, 11]],
            [21, []],
            [8, []],
            [3, [48, 49]],
            [13, []],
            [9, []],
            [24, [46, 44, 45]],
            [48, []],
            [39, [39]],
            [46, [46, 46]],
            [33, []],
            [44, [44, 44]],
            [28, []],
            [49, []],
            [42, [42]],
            [26, []],
            [27, []],
            [45, [45, 45]],
            [11, []]
        ],
        [
            [0, [16, 6, 17, 4, 10, 5, 2, 23, 7, 20, 14, 25, 29, 19, 12, 30, 15, 22, 1, 18]],
            [16, [34, 32, 31, 36]],
            [6, [37, 38, 35, 40]],
            [17, []],
            [37, []],
            [4, [50, 47, 43, 41]],
            [34, []],
            [10, []],
            [5, []],
            [2, []],
            [23, []],
            [36, []],
            [7, []],
            [20, []],
            [14, []],
            [50, []],
            [47, []],
            [25, []],
            [29, []],
            [41, []],
            [19, []],
            [12, []],
            [32, []],
            [30, []],
            [38, []],
            [15, []],
            [22, []],
            [31, []],
            [35, []],
            [1, []],
            [18, []],
            [43, []],
            [40, []]
        ]
    ],
    [
        [
            [16, [34, 32, 31, 36]]
        ],
        [
            [6, [37, 38, 35, 40]]
        ],
        [
            [4, [50, 47, 43, 41]]
        ],
        [
            [3, [48, 49]]
        ],
        [
            [24, [46, 44, 45]]
        ]
    ]
]",,,326.6135226999097,0,5,3.4,,,,,results/sol_best_C101_1.5.dat_A4_L120_pid2759.txt,(not found),C101_1.5.dat_A4_L120_r3.log
10,test_data/data_demand_random_50_batch_all1_equal_random/C101_1.5.dat,8.0,60.0,1,690.65,"[
    [
        [
            [0, [39, 46, 37, 33, 34, 44, 28, 42, 21, 23, 20, 14, 36]],
            [39, []],
            [46, []],
            [37, []],
            [33, []],
            [34, [48, 49]],
            [44, []],
            [48, []],
            [28, []],
            [42, []],
            [49, []],
            [21, []],
            [23, []],
            [20, []],
            [14, []],
            [36, []]
        ],
        [
            [0, [2, 1, 3, 4]],
            [2, [8, 6, 7, 5]],
            [5, []],
            [16, [16, 13, 15, 11, 9, 10, 12]],
            [1, []],
            [11, [18]],
            [18, []],
            [8, [26, 25, 22, 17, 19, 24]],
            [9, []],
            [13, []],
            [3, []],
            [26, []],
            [24, []],
            [6, []],
            [17, []],
            [4, []],
            [10, [50, 47, 43, 41, 40, 38, 35, 45]],
            [7, [32, 31, 29, 30, 27]],
            [50, []],
            [47, []],
            [25, []],
            [29, []],
            [41, []],
            [19, []],
            [12, []],
            [32, []],
            [30, []],
            [38, []],
            [15, []],
            [22, []],
            [31, []],
            [35, []],
            [27, []],
            [45, []],
            [43, []],
            [40, []]
        ]
    ],
    [
        [
            [34, [48, 49]]
        ],
        [
            [2, [8, 6, 7, 5]]
        ],
        [
            [16, [16, 13, 15, 11, 9, 10, 12]]
        ],
        [
            [11, [18]]
        ],
        [
            [8, [26, 25, 22, 17, 19, 24]]
        ],
        [
            [10, [50, 47, 43, 41, 40, 38, 35, 45]]
        ],
        [
            [7, [32, 31, 29, 30, 27]]
        ]
    ]
]",,,242.05088296771115,0,7,4.714285714285714,,,,,results/sol_best_C101_1.5.dat_A8_L60_pid2754.txt,(not found),C101_1.5.dat_A8_L60_r1.log
10,test_data/data_demand_random_50_batch_all1_equal_random/C101_1.5.dat,8.0,60.0,2,704.0,"[
    [
        [
            [0, [16, 8, 21, 35, 1, 18, 11, 28, 26, 3, 13, 9, 24, 27, 23, 36]],
            [16, []],
            [8, []],
            [21, []],
            [35, []],
            [1, []],
            [18, []],
            [11, [48, 49, 46, 44, 45, 39, 42]],
            [48, []],
            [46, []],
            [39, []],
            [44, []],
            [28, []],
            [49, []],
            [42, []],
            [26, []],
            [3, []],
            [13, []],
            [9, []],
            [24, []],
            [27, []],
            [45, []],
            [23, []],
            [36, []]
        ],
        [
            [0, [33, 34, 37, 17, 4, 6, 10, 2, 5, 7, 20, 14, 25, 29, 19, 12, 32, 30, 38, 15, 22, 31]],
            [33, [40, 41]],
            [34, []],
            [37, []],
            [17, []],
            [4, []],
            [6, []],
            [10, [47, 43, 50]],
            [40, [40]],
            [2, []],
            [5, []],
            [7, []],
            [20, []],
            [14, []],
            [50, []],
            [47, []],
            [25, []],
            [29, []],
            [41, [41]],
            [19, []],
            [12, []],
            [32, []],
            [30, []],
            [38, []],
            [15, []],
            [22, []],
            [31, []],
            [43, []]
        ]
    ],
    [
        [
            [11, [48, 49, 46, 44, 45, 39, 42]]
        ],
        [
            [33, [40, 41]]
        ],
        [
            [10, [47, 43, 50]]
        ]
    ]
]",,,335.5489609014628,0,3,4.0,,,,,results/sol_best_C101_1.5.dat_A8_L60_pid2756.txt,(not found),C101_1.5.dat_A8_L60_r2.log
10,test_data/data_demand_random_50_batch_all1_equal_random/C101_1.5.dat,8.0,60.0,3,630.11,"[
    [
        [
            [0, [21, 11, 1, 16, 12, 8, 3, 13, 9]],
            [21, []],
            [11, [26, 24]],
            [1, [27, 28]],
            [27, []],
            [16, [31, 33, 30, 32, 22]],
            [30, []],
            [32, []],
            [12, []],
            [22, [22]],
            [31, []],
            [8, [48, 49, 44, 45, 39, 42, 35]],
            [35, []],
            [45, []],
            [28, []],
            [49, []],
            [42, []],
            [26, []],
            [3, []],
            [13, []],
            [9, []],
            [24, []],
            [48, []],
            [44, []],
            [39, []],
            [33, []]
        ],
        [
            [0, [17, 10, 6, 4, 18, 15, 19, 25, 23, 7, 20, 14, 29, 2, 5]],
            [17, []],
            [10, []],
            [6, []],
            [37, [41, 40, 38, 36, 37, 34]],
            [34, []],
            [4, [43, 46]],
            [46, []],
            [40, []],
            [43, []],
            [18, []],
            [15, []],
            [38, []],
            [19, []],
            [41, []],
            [25, []],
            [23, []],
            [36, []],
            [7, []],
            [20, []],
            [14, []],
            [50, [50, 47]],
            [47, []],
            [29, []],
            [2, []],
            [5, []]
        ]
    ],
    [
        [
            [11, [26, 24]]
        ],
        [
            [1, [27, 28]]
        ],
        [
            [16, [31, 33, 30, 32, 22]]
        ],
        [
            [37, [41, 40, 38, 36, 37, 34]]
        ],
        [
            [4, [43, 46]]
        ],
        [
            [8, [48, 49, 44, 45, 39, 42, 35]]
        ],
        [
            [50, [50, 47]]
        ]
    ]
]",,,311.994911434912,0,7,3.7142857142857144,,,,,results/sol_best_C101_1.5.dat_A8_L60_pid2757.txt,(not found),C101_1.5.dat_A8_L60_r3.log
11,test_data/data_demand_random_50_batch_all1_equal_random/C101_1.5.dat,8.0,90.0,1,646.81,"[
    [
        [
            [0, [11, 9, 3]],
            [1, [1]],
            [16, [13, 16, 18]],
            [11, []],
            [18, []],
            [21, [26, 24, 23, 21]],
            [9, []],
            [3, []],
            [13, []],
            [24, [37, 36, 33, 34, 28, 27]],
            [44, [44]],
            [34, []],
            [37, []],
            [46, [46, 39, 42, 48, 49, 45, 50]],
            [39, []],
            [33, []],
            [48, []],
            [28, []],
            [49, []],
            [42, []],
            [26, []],
            [27, []],
            [45, []],
            [23, []],
            [50, []],
            [36, []]
        ],
        [
            [0, [4, 17, 6, 10, 20, 7, 14, 5, 2, 25, 19, 12, 15, 22, 8]],
            [4, []],
            [17, []],
            [6, []],
            [10, []],
            [20, []],
            [7, [41, 40, 38, 35, 32, 31, 29, 30]],
            [14, []],
            [5, []],
            [2, []],
            [29, []],
            [47, [47, 43]],
            [25, []],
            [41, []],
            [19, []],
            [12, []],
            [32, []],
            [30, []],
            [38, []],
            [15, []],
            [22, []],
            [31, []],
            [8, []],
            [35, []],
            [43, []],
            [40, []]
        ]
    ],
    [
        [
            [1, [1]]
        ],
        [
            [16, [13, 16, 18]]
        ],
        [
            [21, [26, 24, 23, 21]]
        ],
        [
            [24, [37, 36, 33, 34, 28, 27]]
        ],
        [
            [44, [44]]
        ],
        [
            [46, [46, 39, 42, 48, 49, 45, 50]]
        ],
        [
            [7, [41, 40, 38, 35, 32, 31, 29, 30]]
        ],
        [
            [47, [47, 43]]
        ]
    ]
]",,,250.9979175211639,0,8,4.0,,,,,results/sol_best_C101_1.5.dat_A8_L90_pid2776.txt,(not found),C101_1.5.dat_A8_L90_r1.log
11,test_data/data_demand_random_50_batch_all1_equal_random/C101_1.5.dat,8.0,90.0,2,693.65,"[
    [
        [
            [0, [8, 9, 13, 3, 21, 14, 20, 11, 16, 18, 1]],
            [8, []],
            [9, [26, 24, 23]],
            [13, []],
            [3, []],
            [26, []],
            [24, [33, 34, 28, 27, 36]],
            [21, []],
            [14, []],
            [20, []],
            [36, []],
            [23, []],
            [11, []],
            [16, []],
            [18, [48, 49, 46, 44, 45, 39, 42]],
            [1, []],
            [45, []],
            [27, []],
            [42, []],
            [49, []],
            [28, []],
            [48, []],
            [44, []],
            [34, []],
            [33, []],
            [39, []],
            [46, []]
        ],
        [
            [0, [6, 17, 37, 4, 10, 35, 15, 38, 30, 32, 12, 31, 22, 19, 25, 7, 5, 2, 29]],
            [6, []],
            [17, []],
            [37, []],
            [4, []],
            [10, [50, 47, 43, 41, 40]],
            [35, []],
            [15, []],
            [38, []],
            [30, []],
            [32, []],
            [12, []],
            [31, []],
            [22, []],
            [19, []],
            [41, [41]],
            [25, []],
            [47, []],
            [50, []],
            [7, []],
            [5, []],
            [2, []],
            [29, []],
            [43, []],
            [40, [40]]
        ]
    ],
    [
        [
            [9, [26, 24, 23]]
        ],
        [
            [24, [33, 34, 28, 27, 36]]
        ],
        [
            [18, [48, 49, 46, 44, 45, 39, 42]]
        ],
        [
            [10, [50, 47, 43, 41, 40]]
        ]
    ]
]",,,337.72178096675054,0,4,5.0,,,,,results/sol_best_C101_1.5.dat_A8_L90_pid2778.txt,(not found),C101_1.5.dat_A8_L90_r2.log
11,test_data/data_demand_random_50_batch_all1_equal_random/C101_1.5.dat,8.0,90.0,3,689.0,"[
    [
        [
            [0, [9, 3, 8, 1, 11]],
            [9, [13, 16, 14]],
            [24, [24, 26, 23, 21, 18, 20]],
            [13, []],
            [3, []],
            [26, []],
            [35, [28, 27, 35]],
            [8, []],
            [21, [33, 34]],
            [18, []],
            [16, []],
            [45, [48, 49, 46, 44, 39, 42, 36, 45]],
            [1, []],
            [27, []],
            [42, []],
            [49, []],
            [28, []],
            [44, []],
            [34, []],
            [33, []],
            [39, []],
            [46, []],
            [48, []],
            [11, []],
            [23, []],
            [36, []],
            [14, []],
            [20, []]
        ],
        [
            [0, [17, 37, 4, 6, 10, 7, 5, 2, 29, 25, 19, 12, 32, 30, 38, 15, 22, 31]],
            [17, []],
            [37, []],
            [4, []],
            [6, []],
            [10, [50, 47, 43, 41, 40]],
            [7, []],
            [5, []],
            [2, []],
            [29, []],
            [47, []],
            [50, []],
            [25, []],
            [41, []],
            [19, []],
            [12, []],
            [32, []],
            [30, []],
            [38, []],
            [15, []],
            [22, []],
            [31, []],
            [43, []],
            [40, []]
        ]
    ],
    [
        [
            [9, [13, 16, 14]]
        ],
        [
            [24, [24, 26, 23, 21, 18, 20]]
        ],
        [
            [35, [28, 27, 35]]
        ],
        [
            [21, [33, 34]]
        ],
        [
            [45, [48, 49, 46, 44, 39, 42, 36, 45]]
        ],
        [
            [10, [50, 47, 43, 41, 40]]
        ]
    ]
]",,,266.41452480221545,0,6,4.5,,,,,results/sol_best_C101_1.5.dat_A8_L90_pid2779.txt,(not found),C101_1.5.dat_A8_L90_r3.log
12,test_data/data_demand_random_50_batch_all1_equal_random/C101_1.5.dat,8.0,120.0,1,705.65,"[
    [
        [
            [0, [16, 8, 3, 13, 9, 21, 18, 1, 11, 14, 20]],
            [16, []],
            [8, []],
            [26, [26, 24, 23]],
            [24, [33, 34, 28, 27]],
            [3, []],
            [13, []],
            [9, []],
            [21, []],
            [18, [48, 49, 46, 44, 45, 39, 42, 36]],
            [1, []],
            [27, []],
            [42, []],
            [49, []],
            [28, []],
            [44, []],
            [34, []],
            [33, []],
            [39, []],
            [46, []],
            [48, []],
            [45, []],
            [11, []],
            [23, []],
            [36, []],
            [14, []],
            [20, []]
        ],
        [
            [0, [6, 17, 37, 4, 10, 29, 2, 5, 7, 25, 19, 22, 31, 12, 32, 30, 38, 15, 35]],
            [6, [41, 40]],
            [17, []],
            [37, []],
            [4, []],
            [10, [50, 47, 43]],
            [43, []],
            [29, []],
            [2, []],
            [5, []],
            [7, []],
            [50, []],
            [47, []],
            [25, []],
            [41, []],
            [19, []],
            [22, []],
            [31, []],
            [12, []],
            [32, []],
            [30, []],
            [38, []],
            [15, []],
            [35, []],
            [40, []]
        ]
    ],
    [
        [
            [26, [26, 24, 23]]
        ],
        [
            [24, [33, 34, 28, 27]]
        ],
        [
            [18, [48, 49, 46, 44, 45, 39, 42, 36]]
        ],
        [
            [6, [41, 40]]
        ],
        [
            [10, [50, 47, 43]]
        ]
    ]
]",,,310.94814725063804,0,5,4.0,,,,,results/sol_best_C101_1.5.dat_A8_L120_pid2750.txt,(not found),C101_1.5.dat_A8_L120_r1.log
12,test_data/data_demand_random_50_batch_all1_equal_random/C101_1.5.dat,8.0,120.0,2,689.13,"[
    [
        [
            [0, [8, 1, 11, 27, 21, 18, 28, 26, 3, 13, 9, 24, 16, 23]],
            [8, []],
            [1, [33]],
            [11, []],
            [35, [35]],
            [27, []],
            [21, []],
            [18, [46, 44, 45, 39, 42, 36]],
            [45, []],
            [48, [48, 49]],
            [39, []],
            [46, []],
            [33, [33]],
            [44, []],
            [28, []],
            [49, []],
            [42, []],
            [26, []],
            [3, []],
            [13, []],
            [9, []],
            [24, []],
            [16, []],
            [23, []],
            [36, []]
        ],
        [
            [0, [37, 34, 6, 4, 17, 10, 29, 2, 5, 7, 20, 14, 25, 19, 12, 32, 30, 38, 15, 22, 31]],
            [37, []],
            [34, []],
            [6, []],
            [4, []],
            [17, []],
            [10, [50, 47, 43, 41, 40]],
            [40, []],
            [43, []],
            [29, []],
            [2, []],
            [5, []],
            [7, []],
            [20, []],
            [14, []],
            [50, []],
            [47, []],
            [25, []],
            [41, []],
            [19, []],
            [12, []],
            [32, []],
            [30, []],
            [38, []],
            [15, []],
            [22, []],
            [31, []]
        ]
    ],
    [
        [
            [1, [33]]
        ],
        [
            [35, [35]]
        ],
        [
            [18, [46, 44, 45, 39, 42, 36]]
        ],
        [
            [10, [50, 47, 43, 41, 40]]
        ],
        [
            [48, [48, 49]]
        ]
    ]
]",,,333.7939199395961,0,5,3.0,,,,,results/sol_best_C101_1.5.dat_A8_L120_pid2752.txt,(not found),C101_1.5.dat_A8_L120_r2.log
12,test_data/data_demand_random_50_batch_all1_equal_random/C101_1.5.dat,8.0,120.0,3,659.13,"[
    [
        [
            [0, [16, 21, 18, 11, 2, 5, 7, 14, 1, 3, 9, 13]],
            [16, []],
            [21, []],
            [18, []],
            [11, []],
            [2, []],
            [29, [23, 26, 24, 29, 25, 27]],
            [5, []],
            [7, []],
            [36, [33, 34, 28, 36, 35]],
            [14, []],
            [25, []],
            [23, []],
            [45, [48, 49, 44, 39, 42, 45]],
            [1, []],
            [27, []],
            [35, []],
            [26, []],
            [28, []],
            [49, []],
            [42, []],
            [3, []],
            [9, []],
            [13, []],
            [24, []],
            [48, []],
            [44, []],
            [34, []],
            [39, []],
            [33, []]
        ],
        [
            [0, [4, 37, 17, 10, 6, 8, 15, 38, 30, 32, 12, 31, 22, 19, 20]],
            [4, []],
            [37, [40, 41]],
            [17, []],
            [10, []],
            [6, []],
            [46, [47, 43, 50, 46]],
            [40, [40]],
            [43, []],
            [8, []],
            [15, []],
            [38, []],
            [30, []],
            [32, []],
            [12, []],
            [31, []],
            [22, []],
            [19, []],
            [41, [41]],
            [47, []],
            [50, []],
            [20, []]
        ]
    ],
    [
        [
            [29, [23, 26, 24, 29, 25, 27]]
        ],
        [
            [36, [33, 34, 28, 36, 35]]
        ],
        [
            [37, [40, 41]]
        ],
        [
            [45, [48, 49, 44, 39, 42, 45]]
        ],
        [
            [46, [47, 43, 50, 46]]
        ]
    ]
]",,,300.8673736541635,0,5,4.6,,,,,results/sol_best_C101_1.5.dat_A8_L120_pid2753.txt,(not found),C101_1.5.dat_A8_L120_r3.log
13,test_data/data_demand_random_50_batch_all1_equal_random/C101_1.dat,4.0,60.0,1,551.65,"[
    [
        [
            [0, [40, 39, 8, 20, 41, 4, 38, 21, 32, 7, 10, 11, 14, 34, 37, 36, 29, 26, 31, 27, 33, 3, 42, 17]],
            [40, []],
            [39, []],
            [8, []],
            [20, []],
            [41, [50, 45, 49]],
            [4, []],
            [38, []],
            [21, []],
            [32, []],
            [7, []],
            [10, []],
            [11, []],
            [14, []],
            [34, []],
            [37, []],
            [50, [50]],
            [36, []],
            [45, [45]],
            [29, []],
            [26, []],
            [31, []],
            [27, []],
            [33, []],
            [49, [49]],
            [3, []],
            [42, []],
            [17, []]
        ],
        [
            [0, [25, 15, 19, 9, 1, 6, 13, 2, 5, 22, 18, 24, 23, 12, 16]],
            [25, []],
            [15, []],
            [19, []],
            [9, []],
            [1, [28, 30, 35]],
            [6, []],
            [13, [48, 43, 44, 47]],
            [2, []],
            [28, []],
            [5, []],
            [22, []],
            [18, []],
            [24, []],
            [48, []],
            [23, []],
            [44, []],
            [30, []],
            [43, []],
            [12, []],
            [35, []],
            [16, []],
            [46, [46]],
            [47, []]
        ]
    ],
    [
        [
            [41, [50, 45, 49]]
        ],
        [
            [1, [28, 30, 35]]
        ],
        [
            [13, [48, 43, 44, 47]]
        ],
        [
            [46, [46]]
        ]
    ]
]",,,311.49267257094243,0,4,2.75,,,,,results/sol_best_C101_1.dat_A4_L60_pid2684.txt,(not found),C101_1.dat_A4_L60_r1.log
13,test_data/data_demand_random_50_batch_all1_equal_random/C101_1.dat,4.0,60.0,2,549.0,"[
    [
        [
            [0, [32, 21, 40, 39, 8, 20, 41, 4, 38, 7, 10, 14, 11, 34, 37, 36, 29, 26, 31, 42, 12]],
            [32, []],
            [21, []],
            [40, []],
            [39, []],
            [8, [50, 45, 46, 49]],
            [20, []],
            [41, []],
            [4, []],
            [38, []],
            [7, []],
            [10, []],
            [14, []],
            [11, []],
            [34, []],
            [37, []],
            [50, []],
            [36, []],
            [45, []],
            [29, []],
            [26, []],
            [31, []],
            [46, []],
            [49, []],
            [42, []],
            [12, []]
        ],
        [
            [0, [17, 3, 27, 16, 15, 2, 5, 22, 18, 24, 23, 13, 1, 19, 6, 25, 9]],
            [17, []],
            [3, []],
            [33, [28, 30, 35, 33]],
            [27, []],
            [16, []],
            [35, []],
            [15, [48, 43, 44, 47]],
            [2, []],
            [28, []],
            [5, []],
            [22, []],
            [18, []],
            [24, []],
            [48, []],
            [23, []],
            [13, []],
            [1, []],
            [19, []],
            [6, []],
            [25, []],
            [43, []],
            [30, []],
            [44, []],
            [9, []],
            [47, []]
        ]
    ],
    [
        [
            [8, [50, 45, 46, 49]]
        ],
        [
            [33, [28, 30, 35, 33]]
        ],
        [
            [15, [48, 43, 44, 47]]
        ]
    ]
]",,,235.14031887046733,0,3,4.0,,,,,results/sol_best_C101_1.dat_A4_L60_pid2686.txt,(not found),C101_1.dat_A4_L60_r2.log
13,test_data/data_demand_random_50_batch_all1_equal_random/C101_1.dat,4.0,60.0,3,518.11,"[
    [
        [
            [0, [38, 21, 40, 39, 8, 20, 41, 4, 32, 7, 10, 14, 11, 36, 29, 26, 37, 34, 42]],
            [38, []],
            [21, [50, 45, 46, 49]],
            [40, []],
            [39, []],
            [8, []],
            [20, []],
            [41, []],
            [4, []],
            [32, []],
            [7, []],
            [10, []],
            [14, []],
            [11, []],
            [50, [50]],
            [36, []],
            [45, [45]],
            [29, []],
            [26, []],
            [37, []],
            [34, []],
            [46, [46]],
            [49, [49]],
            [42, []]
        ],
        [
            [0, [3, 13, 6, 12, 1, 9, 5, 2]],
            [3, [17, 15, 18, 16]],
            [17, []],
            [13, [22, 24, 23, 27]],
            [6, []],
            [12, []],
            [1, []],
            [19, [28, 30, 35, 19]],
            [25, [25]],
            [15, []],
            [9, [48, 43, 44, 47]],
            [43, []],
            [30, []],
            [44, []],
            [23, []],
            [48, []],
            [24, []],
            [18, []],
            [22, []],
            [5, []],
            [28, []],
            [2, []],
            [27, []],
            [31, [31, 33]],
            [33, []],
            [16, []],
            [35, []],
            [47, []]
        ]
    ],
    [
        [
            [3, [17, 15, 18, 16]]
        ],
        [
            [13, [22, 24, 23, 27]]
        ],
        [
            [19, [28, 30, 35, 19]]
        ],
        [
            [25, [25]]
        ],
        [
            [9, [48, 43, 44, 47]]
        ],
        [
            [21, [50, 45, 46, 49]]
        ],
        [
            [31, [31, 33]]
        ]
    ]
]",,,217.1688044532523,0,7,3.2857142857142856,,,,,results/sol_best_C101_1.dat_A4_L60_pid2687.txt,(not found),C101_1.dat_A4_L60_r3.log
14,test_data/data_demand_random_50_batch_all1_equal_random/C101_1.dat,4.0,90.0,1,521.05,"[
    [
        [
            [0, [32, 7, 38, 21, 40, 39, 8, 20, 41, 4, 10, 14, 11, 34, 37, 36, 29, 26, 31, 3]],
            [32, []],
            [7, []],
            [38, []],
            [21, []],
            [40, []],
            [39, []],
            [8, []],
            [20, [50, 45, 46, 49]],
            [41, []],
            [4, []],
            [10, []],
            [14, []],
            [11, []],
            [34, []],
            [37, []],
            [50, []],
            [36, []],
            [45, []],
            [29, []],
            [26, []],
            [31, []],
            [46, []],
            [49, []],
            [3, []]
        ],
        [
            [0, [19, 9, 15, 25, 1, 13, 2, 5, 22, 18, 24, 23, 6, 12, 27, 16, 17]],
            [19, []],
            [9, []],
            [15, []],
            [25, [28, 30, 33, 35]],
            [1, []],
            [13, []],
            [2, []],
            [28, []],
            [5, [48, 43, 44, 42]],
            [22, []],
            [18, []],
            [24, []],
            [48, []],
            [23, []],
            [44, []],
            [30, []],
            [43, []],
            [6, []],
            [12, []],
            [35, []],
            [27, []],
            [16, []],
            [33, []],
            [42, []],
            [17, []],
            [47, [47]]
        ]
    ],
    [
        [
            [20, [50, 45, 46, 49]]
        ],
        [
            [25, [28, 30, 33, 35]]
        ],
        [
            [5, [48, 43, 44, 42]]
        ],
        [
            [47, [47]]
        ]
    ]
]",,,322.1306746077015,0,4,3.25,,,,,results/sol_best_C101_1.dat_A4_L90_pid2714.txt,(not found),C101_1.dat_A4_L90_r1.log
14,test_data/data_demand_random_50_batch_all1_equal_random/C101_1.dat,4.0,90.0,2,520.05,"[
    [
        [
            [0, [32, 7, 38, 21, 40, 39, 8, 20, 41, 4, 10, 14, 11, 34, 37, 36, 29, 26, 31, 42, 3]],
            [32, []],
            [7, []],
            [38, []],
            [21, []],
            [40, []],
            [39, []],
            [8, [50, 45, 46, 49]],
            [20, []],
            [41, []],
            [4, []],
            [10, []],
            [14, []],
            [11, []],
            [34, []],
            [37, []],
            [50, []],
            [36, []],
            [45, []],
            [29, []],
            [26, []],
            [31, []],
            [46, []],
            [49, []],
            [42, []],
            [3, []]
        ],
        [
            [0, [19, 6, 12, 9, 15, 2, 5, 22, 18, 24, 23, 25, 1, 13, 27, 16, 17]],
            [19, []],
            [6, []],
            [12, []],
            [9, [28, 30, 35, 33]],
            [15, []],
            [2, []],
            [28, []],
            [5, [48, 43, 44, 47]],
            [22, []],
            [18, []],
            [24, []],
            [48, []],
            [23, []],
            [44, []],
            [30, []],
            [43, []],
            [25, []],
            [1, []],
            [13, []],
            [35, []],
            [27, []],
            [16, []],
            [33, []],
            [17, []],
            [47, []]
        ]
    ],
    [
        [
            [8, [50, 45, 46, 49]]
        ],
        [
            [9, [28, 30, 35, 33]]
        ],
        [
            [5, [48, 43, 44, 47]]
        ]
    ]
]",,,252.90089262811534,0,3,4.0,,,,,results/sol_best_C101_1.dat_A4_L90_pid2716.txt,(not found),C101_1.dat_A4_L90_r2.log
14,test_data/data_demand_random_50_batch_all1_equal_random/C101_1.dat,4.0,90.0,3,521.05,"[
    [
        [
            [0, [32, 10, 7, 38, 21, 40, 39, 8, 20, 41, 4, 14, 34, 37, 11, 36, 29, 26, 31, 17]],
            [32, []],
            [10, []],
            [7, []],
            [38, [50, 45, 46, 49]],
            [21, []],
            [40, []],
            [39, []],
            [8, []],
            [20, []],
            [41, []],
            [4, []],
            [14, []],
            [34, []],
            [37, []],
            [11, []],
            [50, []],
            [36, []],
            [45, []],
            [29, []],
            [26, []],
            [31, []],
            [46, []],
            [49, []],
            [17, []]
        ],
        [
            [0, [19, 15, 6, 12, 25, 1, 13, 2, 5, 22, 18, 24, 23, 9, 3, 27, 16]],
            [19, []],
            [15, []],
            [6, []],
            [12, []],
            [25, [28, 30, 35, 33]],
            [1, []],
            [13, []],
            [2, []],
            [28, []],
            [5, [48, 43, 44, 42]],
            [22, []],
            [18, []],
            [24, []],
            [48, []],
            [23, []],
            [44, []],
            [30, []],
            [43, []],
            [9, []],
            [3, []],
            [35, []],
            [27, []],
            [16, []],
            [33, []],
            [42, []],
            [47, [47]]
        ]
    ],
    [
        [
            [38, [50, 45, 46, 49]]
        ],
        [
            [25, [28, 30, 35, 33]]
        ],
        [
            [5, [48, 43, 44, 42]]
        ],
        [
            [47, [47]]
        ]
    ]
]",,,314.6883197344455,0,4,3.25,,,,,results/sol_best_C101_1.dat_A4_L90_pid2717.txt,(not found),C101_1.dat_A4_L90_r3.log
15,test_data/data_demand_random_50_batch_all1_equal_random/C101_1.dat,4.0,120.0,1,525.05,"[
    [
        [
            [0, [32, 21, 40, 39, 8, 20, 41, 4, 38, 7, 10, 14, 11, 34, 37, 36, 29, 26, 31, 33, 3]],
            [32, []],
            [21, []],
            [40, []],
            [39, []],
            [8, [50, 45, 46, 49]],
            [20, []],
            [41, []],
            [4, []],
            [38, []],
            [7, []],
            [10, []],
            [14, []],
            [11, []],
            [34, []],
            [37, []],
            [50, []],
            [36, []],
            [45, []],
            [29, []],
            [26, []],
            [31, []],
            [46, []],
            [49, []],
            [33, []],
            [3, []]
        ],
        [
            [0, [15, 19, 6, 12, 9, 2, 5, 22, 18, 24, 23, 25, 1, 13, 16, 27, 17]],
            [15, []],
            [19, []],
            [6, []],
            [12, [28, 30, 35]],
            [9, []],
            [2, []],
            [28, []],
            [5, [48, 43, 44, 47]],
            [22, []],
            [18, []],
            [24, []],
            [48, []],
            [23, []],
            [44, []],
            [30, []],
            [43, []],
            [25, []],
            [1, []],
            [13, []],
            [16, []],
            [27, []],
            [35, []],
            [42, [42]],
            [17, []],
            [47, []]
        ]
    ],
    [
        [
            [8, [50, 45, 46, 49]]
        ],
        [
            [12, [28, 30, 35]]
        ],
        [
            [5, [48, 43, 44, 47]]
        ],
        [
            [42, [42]]
        ]
    ]
]",,,312.2225446547723,0,4,3.0,,,,,results/sol_best_C101_1.dat_A4_L120_pid2732.txt,(not found),C101_1.dat_A4_L120_r1.log
15,test_data/data_demand_random_50_batch_all1_equal_random/C101_1.dat,4.0,120.0,2,534.11,"[
    [
        [
            [0, [32, 7, 38, 21, 40, 39, 8, 20, 41, 4, 10, 14, 11, 34, 37, 36, 29, 26, 31, 3]],
            [32, []],
            [7, []],
            [38, []],
            [21, []],
            [40, []],
            [39, []],
            [8, [50, 45, 46, 49]],
            [20, []],
            [41, []],
            [4, []],
            [10, []],
            [14, []],
            [11, []],
            [34, []],
            [37, []],
            [50, []],
            [36, []],
            [45, []],
            [29, []],
            [26, []],
            [31, []],
            [46, []],
            [49, []],
            [3, []]
        ],
        [
            [0, [19, 6, 12, 9, 15, 16, 27, 2, 5, 22, 18, 24, 23, 25, 1, 13, 17]],
            [19, []],
            [6, []],
            [12, []],
            [9, [28, 30, 35, 33]],
            [15, []],
            [35, []],
            [33, []],
            [16, []],
            [27, []],
            [2, []],
            [28, []],
            [5, [48, 43, 44, 47]],
            [22, []],
            [18, []],
            [24, []],
            [48, []],
            [23, []],
            [44, []],
            [30, []],
            [43, []],
            [25, []],
            [1, []],
            [13, []],
            [42, [42]],
            [17, []],
            [47, []]
        ]
    ],
    [
        [
            [8, [50, 45, 46, 49]]
        ],
        [
            [9, [28, 30, 35, 33]]
        ],
        [
            [5, [48, 43, 44, 47]]
        ],
        [
            [42, [42]]
        ]
    ]
]",,,328.46705073623565,0,4,3.25,,,,,results/sol_best_C101_1.dat_A4_L120_pid2734.txt,(not found),C101_1.dat_A4_L120_r2.log
15,test_data/data_demand_random_50_batch_all1_equal_random/C101_1.dat,4.0,120.0,3,525.05,"[
    [
        [
            [0, [32, 21, 40, 39, 8, 20, 41, 4, 38, 7, 10, 11, 14, 34, 37, 36, 29, 26, 31, 33, 3]],
            [32, []],
            [21, []],
            [40, []],
            [39, []],
            [8, []],
            [20, []],
            [41, [50, 45, 46, 49]],
            [4, []],
            [38, []],
            [7, []],
            [10, []],
            [11, []],
            [14, []],
            [34, []],
            [37, []],
            [50, []],
            [36, []],
            [45, []],
            [29, []],
            [26, []],
            [31, []],
            [33, []],
            [46, []],
            [49, []],
            [3, []]
        ],
        [
            [0, [19, 6, 12, 9, 15, 2, 5, 22, 18, 24, 23, 25, 1, 13, 16, 27, 17]],
            [19, []],
            [6, []],
            [12, []],
            [9, [28, 30, 35]],
            [15, []],
            [2, []],
            [28, []],
            [5, [48, 43, 44, 47]],
            [22, []],
            [18, []],
            [24, []],
            [48, []],
            [23, []],
            [44, []],
            [30, []],
            [43, []],
            [25, []],
            [1, []],
            [13, []],
            [16, []],
            [27, []],
            [35, []],
            [42, [42]],
            [17, []],
            [47, []]
        ]
    ],
    [
        [
            [41, [50, 45, 46, 49]]
        ],
        [
            [9, [28, 30, 35]]
        ],
        [
            [5, [48, 43, 44, 47]]
        ],
        [
            [42, [42]]
        ]
    ]
]",,,307.91283782394646,0,4,3.0,,,,,results/sol_best_C101_1.dat_A4_L120_pid2735.txt,(not found),C101_1.dat_A4_L120_r3.log
16,test_data/data_demand_random_50_batch_all1_equal_random/C101_1.dat,8.0,60.0,1,530.21,"[
    [
        [
            [0, [10, 11, 7, 8, 4, 6, 12]],
            [10, [14, 21, 20, 17, 19, 15]],
            [14, []],
            [11, []],
            [32, [32, 34, 29, 31, 33, 26, 25]],
            [7, [40, 39, 41, 38, 37, 36, 42]],
            [38, []],
            [21, []],
            [40, []],
            [39, []],
            [8, []],
            [20, []],
            [41, []],
            [4, [50, 45, 46, 49, 47]],
            [34, []],
            [37, []],
            [50, []],
            [36, []],
            [45, []],
            [29, []],
            [26, []],
            [31, []],
            [46, []],
            [49, []],
            [33, []],
            [42, []],
            [47, []],
            [17, []],
            [15, []],
            [19, []],
            [25, []],
            [6, []],
            [12, []]
        ],
        [
            [0, [3, 27, 16, 9, 1, 13, 2, 5, 22, 18, 24, 23]],
            [3, []],
            [35, [35]],
            [27, []],
            [16, []],
            [9, []],
            [1, [48, 43, 44, 28, 30]],
            [13, []],
            [2, []],
            [28, []],
            [5, []],
            [22, []],
            [18, []],
            [24, []],
            [48, []],
            [23, []],
            [44, []],
            [30, []],
            [43, []]
        ]
    ],
    [
        [
            [35, [35]]
        ],
        [
            [10, [14, 21, 20, 17, 19, 15]]
        ],
        [
            [32, [32, 34, 29, 31, 33, 26, 25]]
        ],
        [
            [7, [40, 39, 41, 38, 37, 36, 42]]
        ],
        [
            [1, [48, 43, 44, 28, 30]]
        ],
        [
            [4, [50, 45, 46, 49, 47]]
        ]
    ]
]",,,204.56749520828166,0,6,5.166666666666667,,,,,results/sol_best_C101_1.dat_A8_L60_pid2683.txt,(not found),C101_1.dat_A8_L60_r1.log
16,test_data/data_demand_random_50_batch_all1_equal_random/C101_1.dat,8.0,60.0,2,486.65,"[
    [
        [
            [0, [10, 7, 8, 21, 20, 4, 14, 11, 26]],
            [10, []],
            [7, [32, 34, 29, 31, 33]],
            [32, []],
            [8, []],
            [21, [40, 39, 41, 38, 37, 36, 42]],
            [40, []],
            [39, []],
            [38, []],
            [20, []],
            [41, []],
            [4, [50, 45, 46, 49, 47]],
            [14, []],
            [11, []],
            [34, []],
            [37, []],
            [50, []],
            [36, []],
            [45, []],
            [29, []],
            [26, []],
            [31, []],
            [33, []],
            [46, []],
            [49, []],
            [42, []],
            [47, []]
        ],
        [
            [0, [17, 3, 16, 15, 9, 13, 2, 5, 18, 1, 6, 12, 19]],
            [17, [27, 22, 24, 23, 25]],
            [3, []],
            [27, [27]],
            [35, [35, 28, 30]],
            [16, []],
            [15, []],
            [9, []],
            [13, [48, 43, 44]],
            [2, []],
            [28, [28]],
            [5, []],
            [22, [22]],
            [18, []],
            [24, [24]],
            [48, []],
            [23, [23]],
            [44, []],
            [1, []],
            [30, [30]],
            [43, []],
            [25, [25]],
            [6, []],
            [12, []],
            [19, []]
        ]
    ],
    [
        [
            [17, [27, 22, 24, 23, 25]]
        ],
        [
            [35, [35, 28, 30]]
        ],
        [
            [7, [32, 34, 29, 31, 33]]
        ],
        [
            [21, [40, 39, 41, 38, 37, 36, 42]]
        ],
        [
            [13, [48, 43, 44]]
        ],
        [
            [4, [50, 45, 46, 49, 47]]
        ]
    ]
]",,,192.3001304712578,0,6,4.666666666666667,,,,,results/sol_best_C101_1.dat_A8_L60_pid2685.txt,(not found),C101_1.dat_A8_L60_r2.log
16,test_data/data_demand_random_50_batch_all1_equal_random/C101_1.dat,8.0,60.0,3,502.24,"[
    [
        [
            [0, [12, 3, 7, 10, 20, 8, 21, 4, 14, 11, 17]],
            [12, []],
            [3, []],
            [7, [34, 29, 31, 33, 39, 41, 32, 38]],
            [32, []],
            [10, []],
            [41, []],
            [20, []],
            [8, []],
            [39, []],
            [40, [37, 36, 42, 40, 26]],
            [21, []],
            [38, []],
            [4, [50, 45, 46, 49, 47]],
            [14, []],
            [11, []],
            [50, []],
            [36, []],
            [45, []],
            [29, []],
            [26, [26]],
            [37, []],
            [34, []],
            [31, []],
            [33, []],
            [46, []],
            [49, []],
            [42, []],
            [17, []],
            [47, []]
        ],
        [
            [0, [6, 25, 16, 27, 23, 2, 5, 22, 18, 24, 13, 15, 9, 1, 19]],
            [6, [35, 28, 30]],
            [25, []],
            [35, [35]],
            [16, [48, 44, 43]],
            [27, []],
            [23, []],
            [2, []],
            [28, [28]],
            [5, []],
            [22, []],
            [18, []],
            [48, []],
            [24, []],
            [13, []],
            [15, []],
            [9, []],
            [44, []],
            [1, []],
            [30, [30]],
            [43, []],
            [19, []]
        ]
    ],
    [
        [
            [6, [35, 28, 30]]
        ],
        [
            [16, [48, 44, 43]]
        ],
        [
            [7, [34, 29, 31, 33, 39, 41, 32, 38]]
        ],
        [
            [40, [37, 36, 42, 40, 26]]
        ],
        [
            [4, [50, 45, 46, 49, 47]]
        ]
    ]
]",,,235.67147344296774,0,5,4.8,,,,,results/sol_best_C101_1.dat_A8_L60_pid2686.txt,(not found),C101_1.dat_A8_L60_r3.log
17,test_data/data_demand_random_50_batch_all1_equal_random/C101_1.dat,8.0,90.0,1,468.31,"[
    [
        [
            [0, [3, 7, 4]],
            [13, [13]],
            [9, [10, 8, 11, 9]],
            [19, [19, 21, 20, 14, 17, 15]],
            [15, []],
            [3, []],
            [10, [10]],
            [7, []],
            [32, [32, 26]],
            [21, [40, 39, 41, 37, 36, 42, 38, 34]],
            [40, []],
            [39, []],
            [8, [8]],
            [38, []],
            [20, []],
            [41, []],
            [4, [50, 45, 46, 49, 47]],
            [14, [29, 31, 33]],
            [11, [11]],
            [50, []],
            [36, []],
            [45, []],
            [29, []],
            [26, []],
            [37, []],
            [34, []],
            [31, []],
            [33, []],
            [46, []],
            [49, []],
            [42, []],
            [17, []],
            [47, []]
        ],
        [
            [0, [27, 16, 35, 2, 28, 5, 22, 18, 24, 23, 1, 30, 25, 6, 12]],
            [27, []],
            [16, []],
            [35, []],
            [2, []],
            [28, []],
            [5, []],
            [22, []],
            [18, []],
            [24, [43, 44, 48]],
            [48, []],
            [23, []],
            [44, []],
            [1, []],
            [30, []],
            [43, []],
            [25, []],
            [6, []],
            [12, []]
        ]
    ],
    [
        [
            [13, [13]]
        ],
        [
            [9, [10, 8, 11, 9]]
        ],
        [
            [19, [19, 21, 20, 14, 17, 15]]
        ],
        [
            [32, [32, 26]]
        ],
        [
            [21, [40, 39, 41, 37, 36, 42, 38, 34]]
        ],
        [
            [4, [50, 45, 46, 49, 47]]
        ],
        [
            [14, [29, 31, 33]]
        ],
        [
            [24, [43, 44, 48]]
        ]
    ]
]",,,179.63089999344217,0,8,4.0,,,,,results/sol_best_C101_1.dat_A8_L90_pid2701.txt,(not found),C101_1.dat_A8_L90_r1.log
17,test_data/data_demand_random_50_batch_all1_equal_random/C101_1.dat,8.0,90.0,2,490.13,"[
    [
        [
            [0, [6, 7, 4]],
            [6, []],
            [9, [12, 10, 8, 11, 13, 9]],
            [13, []],
            [12, [21, 20, 14, 16, 17, 19]],
            [19, []],
            [21, [32, 34, 29, 31, 33, 26, 27]],
            [7, []],
            [10, []],
            [32, [40, 39, 41, 38, 37, 36, 42]],
            [38, []],
            [40, []],
            [39, []],
            [8, [50, 45, 46, 49, 47]],
            [20, []],
            [41, []],
            [4, []],
            [14, []],
            [11, []],
            [50, []],
            [36, []],
            [45, []],
            [29, []],
            [26, []],
            [37, []],
            [34, []],
            [31, []],
            [27, []],
            [16, []],
            [33, []],
            [46, []],
            [49, []],
            [42, []],
            [17, []],
            [47, []]
        ],
        [
            [0, [35, 3, 23, 2, 28, 5, 22, 18, 24, 15, 25, 30, 1]],
            [35, []],
            [3, []],
            [23, []],
            [2, [48, 43, 44]],
            [28, []],
            [5, []],
            [22, []],
            [18, []],
            [48, []],
            [24, []],
            [15, []],
            [25, []],
            [43, []],
            [30, []],
            [44, []],
            [1, []]
        ]
    ],
    [
        [
            [9, [12, 10, 8, 11, 13, 9]]
        ],
        [
            [12, [21, 20, 14, 16, 17, 19]]
        ],
        [
            [21, [32, 34, 29, 31, 33, 26, 27]]
        ],
        [
            [32, [40, 39, 41, 38, 37, 36, 42]]
        ],
        [
            [8, [50, 45, 46, 49, 47]]
        ],
        [
            [2, [48, 43, 44]]
        ]
    ]
]",,,181.82533005650043,0,6,5.666666666666667,,,,,results/sol_best_C101_1.dat_A8_L90_pid2703.txt,(not found),C101_1.dat_A8_L90_r2.log
17,test_data/data_demand_random_50_batch_all1_equal_random/C101_1.dat,8.0,90.0,3,504.05,"[
    [
        [
            [0, [32, 7, 10, 38, 20, 39, 40, 21, 8, 41, 4, 11, 14, 34, 37, 36, 29, 26, 31]],
            [32, []],
            [7, []],
            [10, []],
            [38, []],
            [20, []],
            [39, []],
            [40, []],
            [21, []],
            [8, []],
            [41, []],
            [4, []],
            [11, [50, 45, 46, 49, 47]],
            [14, []],
            [34, []],
            [37, []],
            [50, []],
            [36, []],
            [45, []],
            [29, []],
            [26, []],
            [31, []],
            [46, []],
            [49, []],
            [47, []]
        ],
        [
            [0, [1, 13, 6, 12, 3, 2, 5, 9]],
            [1, []],
            [13, [19, 18, 15, 16, 17]],
            [19, []],
            [6, [27, 22, 24, 23, 25]],
            [12, []],
            [3, [28, 30, 35, 33]],
            [27, []],
            [2, []],
            [28, []],
            [5, [48, 43, 44, 42]],
            [22, []],
            [18, []],
            [24, []],
            [48, []],
            [23, []],
            [44, []],
            [30, []],
            [43, []],
            [25, []],
            [9, []],
            [15, []],
            [35, []],
            [16, []],
            [33, []],
            [42, []],
            [17, []]
        ]
    ],
    [
        [
            [13, [19, 18, 15, 16, 17]]
        ],
        [
            [6, [27, 22, 24, 23, 25]]
        ],
        [
            [11, [50, 45, 46, 49, 47]]
        ],
        [
            [3, [28, 30, 35, 33]]
        ],
        [
            [5, [48, 43, 44, 42]]
        ]
    ]
]",,,210.7803024219677,0,5,4.6,,,,,results/sol_best_C101_1.dat_A8_L90_pid2704.txt,(not found),C101_1.dat_A8_L90_r3.log
18,test_data/data_demand_random_50_batch_all1_equal_random/C101_1.dat,8.0,120.0,1,467.59,"[
    [
        [
            [0, [12, 3, 10, 7, 8, 4, 11]],
            [12, [15, 21, 20, 14]],
            [15, []],
            [3, []],
            [10, [32, 34, 29, 31, 33, 26]],
            [7, []],
            [32, [40, 39, 41, 38, 37, 36, 42]],
            [21, []],
            [40, []],
            [39, []],
            [8, []],
            [41, []],
            [20, []],
            [38, [50, 45, 46, 49, 47]],
            [4, []],
            [14, []],
            [11, []],
            [50, []],
            [36, []],
            [45, []],
            [29, []],
            [26, []],
            [37, []],
            [34, []],
            [31, []],
            [33, []],
            [46, []],
            [49, []],
            [42, []],
            [47, []]
        ],
        [
            [0, [17, 27, 16, 23, 2, 5, 22, 18, 24, 13, 9, 1, 25, 6, 19]],
            [17, [35, 28, 30]],
            [27, []],
            [35, [35, 35, 35, 35]],
            [16, []],
            [23, []],
            [2, []],
            [28, [28, 28, 28, 28]],
            [5, [48, 43, 44]],
            [22, []],
            [18, []],
            [48, []],
            [24, []],
            [13, []],
            [9, []],
            [44, []],
            [1, []],
            [30, [30, 30, 30, 30]],
            [43, []],
            [25, []],
            [6, []],
            [19, []]
        ]
    ],
    [
        [
            [17, [35, 28, 30]]
        ],
        [
            [12, [15, 21, 20, 14]]
        ],
        [
            [10, [32, 34, 29, 31, 33, 26]]
        ],
        [
            [32, [40, 39, 41, 38, 37, 36, 42]]
        ],
        [
            [38, [50, 45, 46, 49, 47]]
        ],
        [
            [5, [48, 43, 44]]
        ]
    ]
]",,,187.45593528477661,0,6,4.666666666666667,,,,,results/sol_best_C101_1.dat_A8_L120_pid2758.txt,(not found),C101_1.dat_A8_L120_r1.log
18,test_data/data_demand_random_50_batch_all1_equal_random/C101_1.dat,8.0,120.0,2,498.03,"[
    [
        [
            [0, [21, 8, 20, 4, 10, 7, 14, 11, 26, 3, 17]],
            [21, []],
            [8, []],
            [20, []],
            [4, [32, 34, 29, 31, 33, 27, 35]],
            [10, []],
            [7, [40, 39, 41, 38, 37, 36, 42]],
            [32, []],
            [39, []],
            [40, []],
            [38, []],
            [41, []],
            [14, [50, 45, 46, 49, 47]],
            [11, []],
            [50, []],
            [36, []],
            [45, []],
            [29, []],
            [26, []],
            [37, []],
            [34, []],
            [31, []],
            [27, []],
            [33, []],
            [46, []],
            [49, []],
            [35, []],
            [3, []],
            [42, []],
            [17, []],
            [47, []]
        ],
        [
            [0, [19, 9, 13, 2, 5, 22, 18, 24, 23, 1, 25, 6, 12, 15, 16]],
            [19, [28, 30]],
            [9, []],
            [13, []],
            [2, []],
            [28, [28, 28, 28, 28, 28, 28, 28, 28, 28, 28, 28, 28, 28, 28, 28, 28, 28, 28, 28, 28, 28, 28, 28, 28]],
            [5, []],
            [22, []],
            [18, [48, 44, 43]],
            [24, []],
            [48, []],
            [23, []],
            [44, []],
            [1, []],
            [30, [30, 30, 30, 30, 30, 30, 30, 30, 30, 30, 30, 30, 30, 30, 30, 30, 30, 30, 30, 30, 30, 30, 30, 30]],
            [43, []],
            [25, []],
            [6, []],
            [12, []],
            [15, []],
            [16, []]
        ]
    ],
    [
        [
            [19, [28, 30]]
        ],
        [
            [4, [32, 34, 29, 31, 33, 27, 35]]
        ],
        [
            [7, [40, 39, 41, 38, 37, 36, 42]]
        ],
        [
            [18, [48, 44, 43]]
        ],
        [
            [14, [50, 45, 46, 49, 47]]
        ]
    ]
]",,,239.93671465665847,0,5,4.8,,,,,results/sol_best_C101_1.dat_A8_L120_pid2760.txt,(not found),C101_1.dat_A8_L120_r2.log
18,test_data/data_demand_random_50_batch_all1_equal_random/C101_1.dat,8.0,120.0,3,466.55,"[
    [
        [
            [0, [10, 7, 21, 8, 20, 4, 14, 11, 26]],
            [10, []],
            [7, [32, 34, 29, 31, 33]],
            [32, [40, 39, 41, 38, 37, 36, 42]],
            [21, []],
            [40, []],
            [39, []],
            [8, []],
            [20, []],
            [41, []],
            [38, []],
            [4, [50, 45, 46, 49, 47]],
            [14, []],
            [11, []],
            [34, []],
            [37, []],
            [50, []],
            [36, []],
            [45, []],
            [29, []],
            [26, []],
            [31, []],
            [33, []],
            [46, []],
            [49, []],
            [42, []],
            [47, []]
        ],
        [
            [0, [17, 3, 16, 27, 2, 5, 22, 18, 24, 23, 13, 15, 9, 1, 25, 12, 6, 19]],
            [17, []],
            [3, []],
            [35, [35, 28, 30]],
            [16, []],
            [27, []],
            [2, []],
            [28, [28, 28, 28, 28, 28, 28, 28]],
            [5, []],
            [22, []],
            [18, []],
            [24, []],
            [48, [48]],
            [23, []],
            [13, []],
            [15, [43, 44]],
            [9, []],
            [44, []],
            [1, []],
            [30, [30, 30, 30, 30, 30, 30, 30]],
            [43, []],
            [25, []],
            [12, []],
            [6, []],
            [19, []]
        ]
    ],
    [
        [
            [35, [35, 28, 30]]
        ],
        [
            [7, [32, 34, 29, 31, 33]]
        ],
        [
            [32, [40, 39, 41, 38, 37, 36, 42]]
        ],
        [
            [4, [50, 45, 46, 49, 47]]
        ],
        [
            [48, [48]]
        ],
        [
            [15, [43, 44]]
        ]
    ]
]",,,240.88599840999007,0,6,3.8333333333333335,,,,,results/sol_best_C101_1.dat_A8_L120_pid2761.txt,(not found),C101_1.dat_A8_L120_r3.log
19,test_data/data_demand_random_50_batch_all1_equal_random/C101_2.5.dat,4.0,60.0,1,807.11,"[
    [
        [
            [0, [20, 1, 5, 28, 10, 16, 12, 22, 15, 3, 26, 25, 24, 17, 18, 6, 7, 27]],
            [20, []],
            [1, []],
            [5, []],
            [28, []],
            [10, []],
            [16, []],
            [12, []],
            [22, []],
            [34, [34, 29]],
            [29, []],
            [15, []],
            [38, [32, 41, 43, 38]],
            [3, []],
            [26, []],
            [25, []],
            [24, []],
            [41, []],
            [17, []],
            [32, [45, 44, 46]],
            [18, []],
            [6, []],
            [43, []],
            [39, [39, 40]],
            [40, []],
            [7, []],
            [45, []],
            [44, []],
            [27, []],
            [46, []]
        ],
        [
            [0, [21, 11, 13, 8, 23, 14, 2, 9, 4, 30, 31, 19, 33, 35]],
            [21, []],
            [11, []],
            [13, [36, 37, 42]],
            [8, []],
            [23, []],
            [14, []],
            [2, []],
            [9, []],
            [36, [36]],
            [4, []],
            [37, [50, 47, 49, 48]],
            [48, []],
            [50, []],
            [30, []],
            [31, []],
            [42, [42]],
            [19, []],
            [33, []],
            [35, []],
            [47, []],
            [49, []]
        ]
    ],
    [
        [
            [34, [34, 29]]
        ],
        [
            [38, [32, 41, 43, 38]]
        ],
        [
            [13, [36, 37, 42]]
        ],
        [
            [37, [50, 47, 49, 48]]
        ],
        [
            [32, [45, 44, 46]]
        ],
        [
            [39, [39, 40]]
        ]
    ]
]",,,553.9653696231371,0,6,3.0,,,,,results/sol_best_C101_2.5.dat_A4_L60_pid2751.txt,(not found),C101_2.5.dat_A4_L60_r1.log
19,test_data/data_demand_random_50_batch_all1_equal_random/C101_2.5.dat,4.0,60.0,2,851.62,"[
    [
        [
            [0, [2, 14, 23, 21, 5, 22, 12, 16, 10, 28, 18, 6, 1, 20, 17, 7, 27, 25, 3, 24, 15, 26]],
            [2, []],
            [14, []],
            [23, []],
            [21, []],
            [5, []],
            [22, []],
            [12, []],
            [16, []],
            [10, []],
            [28, []],
            [18, [40, 41, 38, 32]],
            [6, []],
            [1, []],
            [20, []],
            [17, []],
            [32, [45, 44, 46]],
            [40, []],
            [7, []],
            [45, []],
            [44, []],
            [27, []],
            [41, []],
            [25, []],
            [3, [34, 29]],
            [34, []],
            [29, []],
            [24, []],
            [15, []],
            [38, []],
            [26, []],
            [46, []]
        ],
        [
            [0, [8, 13, 39, 43, 11, 35, 33, 19, 42, 31, 30, 37, 9, 36, 4]],
            [8, []],
            [13, []],
            [39, [47, 49, 50, 48]],
            [47, []],
            [49, []],
            [43, []],
            [11, []],
            [35, []],
            [33, []],
            [19, []],
            [42, []],
            [31, []],
            [30, []],
            [50, []],
            [48, []],
            [37, []],
            [9, []],
            [36, []],
            [4, []]
        ]
    ],
    [
        [
            [39, [47, 49, 50, 48]]
        ],
        [
            [18, [40, 41, 38, 32]]
        ],
        [
            [32, [45, 44, 46]]
        ],
        [
            [3, [34, 29]]
        ]
    ]
]",,,632.5742674550894,0,4,3.25,,,,,results/sol_best_C101_2.5.dat_A4_L60_pid2753.txt,(not found),C101_2.5.dat_A4_L60_r2.log
19,test_data/data_demand_random_50_batch_all1_equal_random/C101_2.5.dat,4.0,60.0,3,839.0,"[
    [
        [
            [0, [21, 9, 5, 28, 10, 16, 12, 24, 25, 26, 3, 15, 17, 20, 1, 6, 18, 7, 22, 27]],
            [21, []],
            [9, []],
            [5, []],
            [28, []],
            [10, []],
            [16, []],
            [12, []],
            [34, [34, 32, 29]],
            [29, []],
            [24, []],
            [25, []],
            [26, []],
            [3, []],
            [38, [40, 41, 38]],
            [15, []],
            [32, []],
            [17, []],
            [20, []],
            [1, []],
            [6, []],
            [18, [45, 44, 46]],
            [40, []],
            [7, []],
            [22, []],
            [44, []],
            [45, []],
            [27, []],
            [41, []],
            [46, []]
        ],
        [
            [0, [14, 2, 23, 4, 36, 8, 13, 37, 11, 35, 33, 19, 31, 30, 42, 39, 43]],
            [14, []],
            [2, []],
            [23, []],
            [4, []],
            [36, []],
            [8, []],
            [13, []],
            [37, [47, 49, 50, 48]],
            [48, []],
            [11, []],
            [35, []],
            [33, []],
            [19, []],
            [31, []],
            [50, []],
            [30, []],
            [42, []],
            [39, []],
            [47, []],
            [43, []],
            [49, []]
        ]
    ],
    [
        [
            [34, [34, 32, 29]]
        ],
        [
            [38, [40, 41, 38]]
        ],
        [
            [37, [47, 49, 50, 48]]
        ],
        [
            [18, [45, 44, 46]]
        ]
    ]
]",,,603.1324517265864,0,4,3.25,,,,,results/sol_best_C101_2.5.dat_A4_L60_pid2754.txt,(not found),C101_2.5.dat_A4_L60_r3.log
20,test_data/data_demand_random_50_batch_all1_equal_random/C101_2.5.dat,4.0,90.0,1,818.1,"[
    [
        [
            [0, [20, 1, 5, 18, 13, 23, 9, 21, 26, 25, 24, 22, 12, 16, 10, 28, 7, 15, 3, 27]],
            [20, []],
            [1, []],
            [5, []],
            [18, []],
            [13, []],
            [23, []],
            [9, []],
            [21, [32, 29, 34]],
            [26, []],
            [25, [41, 38]],
            [24, []],
            [29, []],
            [22, []],
            [12, []],
            [16, []],
            [10, [45, 44, 46, 40]],
            [28, []],
            [40, []],
            [7, []],
            [45, []],
            [44, []],
            [34, []],
            [15, []],
            [38, []],
            [3, []],
            [46, []],
            [27, []],
            [41, []],
            [32, []]
        ],
        [
            [0, [4, 36, 2, 14, 37, 8, 30, 31, 42, 19, 33, 35, 11, 39, 43, 6, 17]],
            [4, []],
            [36, []],
            [2, []],
            [14, []],
            [37, []],
            [8, []],
            [48, [48, 50]],
            [50, []],
            [30, []],
            [31, []],
            [42, []],
            [19, []],
            [33, []],
            [35, []],
            [11, [47, 49]],
            [39, []],
            [47, []],
            [43, []],
            [6, []],
            [49, []],
            [17, []]
        ]
    ],
    [
        [
            [21, [32, 29, 34]]
        ],
        [
            [25, [41, 38]]
        ],
        [
            [10, [45, 44, 46, 40]]
        ],
        [
            [48, [48, 50]]
        ],
        [
            [11, [47, 49]]
        ]
    ]
]",,,587.1616287734414,0,5,2.6,,,,,results/sol_best_C101_2.5.dat_A4_L90_pid2807.txt,(not found),C101_2.5.dat_A4_L90_r1.log
20,test_data/data_demand_random_50_batch_all1_equal_random/C101_2.5.dat,4.0,90.0,2,818.1,"[
    [
        [
            [0, [17, 20, 1, 5, 22, 18, 6, 3, 7, 12, 16, 10, 28, 27, 25, 24, 15, 26]],
            [17, []],
            [20, []],
            [1, []],
            [5, []],
            [22, []],
            [18, []],
            [6, [34, 32, 29]],
            [34, []],
            [3, []],
            [38, [38]],
            [29, [40, 41]],
            [7, []],
            [12, []],
            [16, []],
            [10, [45, 44, 46]],
            [28, []],
            [40, []],
            [45, []],
            [44, []],
            [27, []],
            [41, []],
            [25, []],
            [24, []],
            [15, []],
            [26, []],
            [46, []],
            [32, []]
        ],
        [
            [0, [21, 14, 2, 37, 13, 8, 4, 36, 9, 23, 30, 31, 42, 19, 33, 35, 11, 39, 43]],
            [21, []],
            [14, []],
            [2, []],
            [37, []],
            [13, []],
            [8, []],
            [4, []],
            [36, []],
            [9, []],
            [23, []],
            [48, [48, 50]],
            [50, []],
            [30, []],
            [31, []],
            [42, []],
            [19, []],
            [33, []],
            [35, []],
            [11, [47, 49]],
            [39, []],
            [47, []],
            [43, []],
            [49, []]
        ]
    ],
    [
        [
            [6, [34, 32, 29]]
        ],
        [
            [38, [38]]
        ],
        [
            [29, [40, 41]]
        ],
        [
            [10, [45, 44, 46]]
        ],
        [
            [48, [48, 50]]
        ],
        [
            [11, [47, 49]]
        ]
    ]
]",,,587.7148275405208,0,6,2.1666666666666665,,,,,results/sol_best_C101_2.5.dat_A4_L90_pid2809.txt,(not found),C101_2.5.dat_A4_L90_r2.log
20,test_data/data_demand_random_50_batch_all1_equal_random/C101_2.5.dat,4.0,90.0,3,818.1,"[
    [
        [
            [0, [3, 5, 20, 1, 6, 18, 27, 26, 22, 7, 16, 12, 10, 28, 25, 24, 15, 17]],
            [3, []],
            [5, []],
            [20, []],
            [1, []],
            [6, [34, 29, 32]],
            [18, []],
            [32, []],
            [27, []],
            [26, []],
            [38, [40, 41, 38]],
            [41, []],
            [22, []],
            [7, []],
            [16, []],
            [12, []],
            [10, [45, 44, 46]],
            [40, []],
            [28, []],
            [45, []],
            [44, []],
            [34, []],
            [25, []],
            [29, []],
            [24, []],
            [15, []],
            [46, []],
            [17, []]
        ],
        [
            [0, [21, 23, 9, 2, 14, 13, 8, 4, 36, 37, 30, 31, 42, 19, 33, 35, 11, 39, 43]],
            [21, []],
            [23, []],
            [9, []],
            [2, []],
            [14, []],
            [13, []],
            [8, []],
            [4, []],
            [36, []],
            [37, []],
            [48, [48, 50]],
            [50, []],
            [30, []],
            [31, []],
            [42, []],
            [19, []],
            [33, []],
            [35, []],
            [11, [47, 49]],
            [39, []],
            [47, []],
            [43, []],
            [49, []]
        ]
    ],
    [
        [
            [6, [34, 29, 32]]
        ],
        [
            [38, [40, 41, 38]]
        ],
        [
            [10, [45, 44, 46]]
        ],
        [
            [48, [48, 50]]
        ],
        [
            [11, [47, 49]]
        ]
    ]
]",,,591.7930315327486,0,5,2.6,,,,,results/sol_best_C101_2.5.dat_A4_L90_pid2810.txt,(not found),C101_2.5.dat_A4_L90_r3.log
21,test_data/data_demand_random_50_batch_all1_equal_random/C101_2.5.dat,4.0,120.0,1,833.0,"[
    [
        [
            [0, [2, 14, 1, 20, 5, 6, 18, 3, 7, 12, 16, 10, 28, 22, 27, 25, 24, 15, 26]],
            [2, []],
            [14, []],
            [1, []],
            [20, []],
            [5, []],
            [6, []],
            [18, []],
            [32, [32, 34, 29]],
            [29, []],
            [3, [40, 41, 38]],
            [34, []],
            [7, []],
            [12, []],
            [16, []],
            [10, []],
            [28, [45, 44, 46]],
            [40, []],
            [22, []],
            [45, []],
            [44, []],
            [27, []],
            [41, []],
            [25, []],
            [24, []],
            [15, []],
            [38, []],
            [26, []],
            [46, []]
        ],
        [
            [0, [21, 8, 13, 11, 35, 33, 19, 30, 31, 42, 39, 43, 17, 37, 23, 9, 36, 4]],
            [21, []],
            [8, []],
            [13, []],
            [11, []],
            [35, []],
            [33, []],
            [19, []],
            [50, [47, 49, 48, 50]],
            [30, []],
            [31, []],
            [42, []],
            [39, []],
            [47, []],
            [43, []],
            [49, []],
            [17, []],
            [37, []],
            [48, []],
            [23, []],
            [9, []],
            [36, []],
            [4, []]
        ]
    ],
    [
        [
            [32, [32, 34, 29]]
        ],
        [
            [3, [40, 41, 38]]
        ],
        [
            [28, [45, 44, 46]]
        ],
        [
            [50, [47, 49, 48, 50]]
        ]
    ]
]",,,574.0289365702291,0,4,3.25,,,,,results/sol_best_C101_2.5.dat_A4_L120_pid2738.txt,(not found),C101_2.5.dat_A4_L120_r1.log
21,test_data/data_demand_random_50_batch_all1_equal_random/C101_2.5.dat,4.0,120.0,2,845.06,"[
    [
        [
            [0, [21, 23, 9, 14, 2, 13, 20, 6, 18, 24, 25, 26, 3, 15, 12, 16, 10, 28, 7, 22, 27]],
            [21, []],
            [23, []],
            [9, []],
            [14, []],
            [2, []],
            [13, []],
            [20, []],
            [6, []],
            [18, []],
            [32, [32, 29, 34]],
            [29, []],
            [24, []],
            [25, []],
            [26, []],
            [3, [40, 41, 38]],
            [38, []],
            [15, []],
            [34, []],
            [12, []],
            [16, []],
            [10, [45, 44, 46]],
            [28, []],
            [40, []],
            [7, []],
            [22, []],
            [44, []],
            [45, []],
            [27, []],
            [41, []],
            [46, []]
        ],
        [
            [0, [11, 33, 35, 19, 42, 31, 30, 1, 5, 39, 43, 17, 8, 37, 36, 4]],
            [11, []],
            [33, []],
            [35, []],
            [19, []],
            [42, [47, 49, 48, 50]],
            [31, []],
            [30, []],
            [50, []],
            [1, []],
            [5, []],
            [39, []],
            [47, []],
            [43, []],
            [49, []],
            [17, []],
            [8, []],
            [48, []],
            [37, []],
            [36, []],
            [4, []]
        ]
    ],
    [
        [
            [32, [32, 29, 34]]
        ],
        [
            [3, [40, 41, 38]]
        ],
        [
            [10, [45, 44, 46]]
        ],
        [
            [42, [47, 49, 48, 50]]
        ]
    ]
]",,,563.2620857971006,0,4,3.25,,,,,results/sol_best_C101_2.5.dat_A4_L120_pid2740.txt,(not found),C101_2.5.dat_A4_L120_r2.log
21,test_data/data_demand_random_50_batch_all1_equal_random/C101_2.5.dat,4.0,120.0,3,795.31,"[
    [
        [
            [0, [32, 17, 20, 1, 5, 22, 7, 12, 16, 10, 28, 27, 25, 34, 29, 24, 3, 26]],
            [32, [43, 40, 41, 38]],
            [17, []],
            [20, []],
            [1, []],
            [5, []],
            [43, [43]],
            [40, [40]],
            [22, []],
            [7, []],
            [12, []],
            [16, []],
            [10, [45, 44, 46]],
            [28, []],
            [45, []],
            [44, []],
            [27, []],
            [41, [41]],
            [25, []],
            [34, []],
            [29, []],
            [24, []],
            [38, [38]],
            [3, []],
            [26, []],
            [46, []]
        ],
        [
            [0, [6, 13, 11, 8, 4, 14, 2, 9]],
            [6, [18, 15, 21, 19]],
            [18, []],
            [15, []],
            [13, []],
            [11, [33, 35, 30, 31]],
            [19, []],
            [33, []],
            [35, []],
            [8, [36, 37, 42, 39]],
            [23, [23]],
            [21, []],
            [4, []],
            [36, []],
            [14, []],
            [2, []],
            [9, []],
            [37, []],
            [48, [48]],
            [50, [47, 49, 50]],
            [30, []],
            [31, []],
            [42, []],
            [39, []],
            [47, []],
            [49, []]
        ]
    ],
    [
        [
            [32, [43, 40, 41, 38]]
        ],
        [
            [6, [18, 15, 21, 19]]
        ],
        [
            [11, [33, 35, 30, 31]]
        ],
        [
            [8, [36, 37, 42, 39]]
        ],
        [
            [23, [23]]
        ],
        [
            [10, [45, 44, 46]]
        ],
        [
            [48, [48]]
        ],
        [
            [50, [47, 49, 50]]
        ]
    ]
]",,,421.0239437099018,0,8,3.0,,,,,results/sol_best_C101_2.5.dat_A4_L120_pid2741.txt,(not found),C101_2.5.dat_A4_L120_r3.log
22,test_data/data_demand_random_50_batch_all1_equal_random/C101_2.5.dat,8.0,60.0,1,815.0,"[
    [
        [
            [0, [22, 12, 16, 10, 28, 1, 20, 17, 32, 18, 7, 27, 25, 34, 29, 24, 15, 3, 26]],
            [22, []],
            [12, []],
            [16, []],
            [10, []],
            [28, []],
            [1, []],
            [20, []],
            [17, []],
            [32, [45, 44, 46, 40, 41, 38]],
            [18, []],
            [40, []],
            [7, []],
            [45, []],
            [44, []],
            [27, []],
            [41, []],
            [25, []],
            [34, []],
            [29, []],
            [24, []],
            [15, []],
            [38, []],
            [3, []],
            [26, []],
            [46, []]
        ],
        [
            [0, [6, 5, 2, 14, 11, 13, 9, 4, 8]],
            [6, []],
            [5, []],
            [2, [19, 21]],
            [14, []],
            [19, []],
            [11, []],
            [21, [33, 35, 31, 30, 23]],
            [35, []],
            [33, []],
            [13, []],
            [37, [37]],
            [9, [42, 39, 43, 36]],
            [4, []],
            [36, []],
            [8, []],
            [23, [47, 49, 50, 48]],
            [48, []],
            [50, []],
            [30, []],
            [31, []],
            [42, []],
            [39, []],
            [47, []],
            [43, []],
            [49, []]
        ]
    ],
    [
        [
            [2, [19, 21]]
        ],
        [
            [21, [33, 35, 31, 30, 23]]
        ],
        [
            [37, [37]]
        ],
        [
            [9, [42, 39, 43, 36]]
        ],
        [
            [32, [45, 44, 46, 40, 41, 38]]
        ],
        [
            [23, [47, 49, 50, 48]]
        ]
    ]
]",,,469.98384704080314,0,6,3.6666666666666665,,,,,results/sol_best_C101_2.5.dat_A8_L60_pid2811.txt,(not found),C101_2.5.dat_A8_L60_r1.log
22,test_data/data_demand_random_50_batch_all1_equal_random/C101_2.5.dat,8.0,60.0,2,799.0,"[
    [
        [
            [0, [14, 2, 17, 3, 7, 12, 16, 10, 18, 15]],
            [14, []],
            [2, []],
            [17, [22, 28, 27, 25, 24, 26]],
            [3, [32, 34, 29]],
            [29, []],
            [34, []],
            [22, []],
            [7, []],
            [12, []],
            [16, []],
            [10, []],
            [32, [45, 44, 46, 40, 41, 38]],
            [18, []],
            [40, []],
            [28, []],
            [45, []],
            [44, []],
            [27, []],
            [41, []],
            [25, []],
            [24, []],
            [15, []],
            [38, []],
            [26, []],
            [46, []]
        ],
        [
            [0, [6, 1, 20, 5, 19, 11, 21, 13, 9, 8, 4]],
            [6, []],
            [1, []],
            [20, []],
            [5, []],
            [19, []],
            [11, []],
            [21, [33, 35, 31, 30, 23]],
            [35, []],
            [33, []],
            [13, []],
            [9, [42, 39, 43, 36, 37]],
            [37, []],
            [8, []],
            [4, []],
            [36, []],
            [23, [47, 49, 50, 48]],
            [48, []],
            [50, []],
            [30, []],
            [31, []],
            [42, []],
            [39, []],
            [47, []],
            [43, []],
            [49, []]
        ]
    ],
    [
        [
            [17, [22, 28, 27, 25, 24, 26]]
        ],
        [
            [3, [32, 34, 29]]
        ],
        [
            [21, [33, 35, 31, 30, 23]]
        ],
        [
            [32, [45, 44, 46, 40, 41, 38]]
        ],
        [
            [9, [42, 39, 43, 36, 37]]
        ],
        [
            [23, [47, 49, 50, 48]]
        ]
    ]
]",,,463.9983918326216,0,6,4.833333333333333,,,,,results/sol_best_C101_2.5.dat_A8_L60_pid2813.txt,(not found),C101_2.5.dat_A8_L60_r2.log
22,test_data/data_demand_random_50_batch_all1_equal_random/C101_2.5.dat,8.0,60.0,3,807.11,"[
    [
        [
            [0, [1, 4, 2, 6, 3]],
            [1, []],
            [4, []],
            [9, [9, 14, 7]],
            [2, []],
            [14, []],
            [20, [20, 15]],
            [17, [17, 18]],
            [6, []],
            [15, []],
            [3, [27, 26, 22, 28, 25, 24]],
            [25, []],
            [7, []],
            [28, []],
            [22, []],
            [34, [34]],
            [26, [32, 29, 38]],
            [38, []],
            [24, []],
            [29, []],
            [18, []],
            [32, [45, 44, 46, 40, 41]],
            [40, []],
            [44, []],
            [45, []],
            [27, []],
            [41, []],
            [46, []]
        ],
        [
            [0, [5, 12, 16, 10, 19, 11, 8, 13, 21]],
            [5, []],
            [12, []],
            [16, []],
            [10, []],
            [19, []],
            [11, []],
            [8, [42, 39, 43, 37, 36, 23]],
            [13, []],
            [36, []],
            [23, []],
            [21, [33, 35, 31, 30]],
            [37, [47, 49, 50, 48]],
            [48, []],
            [50, []],
            [30, []],
            [31, []],
            [42, []],
            [35, []],
            [33, []],
            [39, []],
            [47, []],
            [43, []],
            [49, []]
        ]
    ],
    [
        [
            [9, [9, 14, 7]]
        ],
        [
            [20, [20, 15]]
        ],
        [
            [17, [17, 18]]
        ],
        [
            [8, [42, 39, 43, 37, 36, 23]]
        ],
        [
            [3, [27, 26, 22, 28, 25, 24]]
        ],
        [
            [34, [34]]
        ],
        [
            [26, [32, 29, 38]]
        ],
        [
            [32, [45, 44, 46, 40, 41]]
        ],
        [
            [21, [33, 35, 31, 30]]
        ],
        [
            [37, [47, 49, 50, 48]]
        ]
    ]
]",,,379.89808923040556,0,10,3.6,,,,,results/sol_best_C101_2.5.dat_A8_L60_pid2814.txt,(not found),C101_2.5.dat_A8_L60_r3.log
23,test_data/data_demand_random_50_batch_all1_equal_random/C101_2.5.dat,8.0,90.0,1,827.08,"[
    [
        [
            [0, [5, 2, 1, 6, 3]],
            [5, []],
            [14, [14]],
            [9, [9, 7, 12, 10]],
            [18, [18, 17, 16, 15, 21]],
            [20, [20]],
            [8, [8]],
            [21, []],
            [2, [28, 22, 27, 25, 24, 26, 23]],
            [23, []],
            [1, []],
            [6, []],
            [17, []],
            [32, [32, 29, 34]],
            [24, []],
            [26, []],
            [25, []],
            [34, []],
            [3, []],
            [38, [40, 41, 38]],
            [15, []],
            [29, []],
            [27, []],
            [22, []],
            [7, []],
            [12, []],
            [16, []],
            [10, []],
            [40, []],
            [28, [45, 44, 46]],
            [45, []],
            [44, []],
            [41, []],
            [46, []]
        ],
        [
            [0, [33, 11, 19, 30, 35, 31, 13, 4]],
            [33, []],
            [11, []],
            [19, []],
            [42, [39, 43, 37, 36, 42]],
            [30, []],
            [35, []],
            [50, [47, 49, 48, 50]],
            [31, []],
            [39, []],
            [47, []],
            [43, []],
            [49, []],
            [13, []],
            [48, []],
            [37, []],
            [36, []],
            [4, []]
        ]
    ],
    [
        [
            [14, [14]]
        ],
        [
            [9, [9, 7, 12, 10]]
        ],
        [
            [18, [18, 17, 16, 15, 21]]
        ],
        [
            [20, [20]]
        ],
        [
            [8, [8]]
        ],
        [
            [2, [28, 22, 27, 25, 24, 26, 23]]
        ],
        [
            [32, [32, 29, 34]]
        ],
        [
            [38, [40, 41, 38]]
        ],
        [
            [42, [39, 43, 37, 36, 42]]
        ],
        [
            [28, [45, 44, 46]]
        ],
        [
            [50, [47, 49, 48, 50]]
        ]
    ]
]",,,359.1160127438407,0,11,3.3636363636363638,,,,,results/sol_best_C101_2.5.dat_A8_L90_pid2661.txt,(not found),C101_2.5.dat_A8_L90_r1.log
23,test_data/data_demand_random_50_batch_all1_equal_random/C101_2.5.dat,8.0,90.0,2,828.62,"[
    [
        [
            [0, [14, 4, 8, 13, 11, 5, 2, 3, 1, 6, 10, 12, 7]],
            [14, []],
            [4, []],
            [8, []],
            [13, []],
            [11, [17, 20, 18, 16, 15]],
            [5, [28, 22, 27, 25, 24, 26, 21]],
            [2, []],
            [23, [34, 32, 29, 23]],
            [21, []],
            [38, [40, 41, 38]],
            [3, []],
            [25, []],
            [41, []],
            [32, []],
            [17, []],
            [20, []],
            [1, []],
            [6, []],
            [18, []],
            [40, []],
            [28, []],
            [10, [45, 44, 46]],
            [16, []],
            [12, []],
            [22, []],
            [7, []],
            [45, []],
            [44, []],
            [27, []],
            [34, []],
            [29, []],
            [24, []],
            [15, []],
            [26, []],
            [46, []]
        ],
        [
            [0, [33, 19, 35, 9, 30, 31]],
            [33, []],
            [19, []],
            [35, [42, 39, 43, 37, 36]],
            [36, [47, 49, 50, 48]],
            [9, []],
            [37, []],
            [48, []],
            [50, []],
            [30, []],
            [31, []],
            [42, []],
            [39, []],
            [47, []],
            [43, []],
            [49, []]
        ]
    ],
    [
        [
            [11, [17, 20, 18, 16, 15]]
        ],
        [
            [5, [28, 22, 27, 25, 24, 26, 21]]
        ],
        [
            [23, [34, 32, 29, 23]]
        ],
        [
            [38, [40, 41, 38]]
        ],
        [
            [35, [42, 39, 43, 37, 36]]
        ],
        [
            [10, [45, 44, 46]]
        ],
        [
            [36, [47, 49, 50, 48]]
        ]
    ]
]",,,443.4112675321485,0,7,4.428571428571429,,,,,results/sol_best_C101_2.5.dat_A8_L90_pid2663.txt,(not found),C101_2.5.dat_A8_L90_r2.log
23,test_data/data_demand_random_50_batch_all1_equal_random/C101_2.5.dat,8.0,90.0,3,844.76,"[
    [
        [
            [0, [13, 9, 14, 2, 11, 5, 6, 1, 3, 12, 10, 7]],
            [13, []],
            [9, []],
            [14, [20, 18, 17, 16, 15, 19]],
            [2, []],
            [19, []],
            [11, []],
            [5, []],
            [6, []],
            [1, []],
            [20, [27, 25, 24, 26, 22, 28]],
            [17, [29, 34, 32]],
            [32, []],
            [18, []],
            [27, []],
            [24, []],
            [15, []],
            [26, []],
            [3, [40, 38, 41]],
            [25, []],
            [41, []],
            [22, []],
            [12, []],
            [10, []],
            [16, []],
            [28, []],
            [40, []],
            [7, [45, 46, 44]],
            [45, []],
            [44, []],
            [34, []],
            [29, []],
            [38, []],
            [46, []]
        ],
        [
            [0, [23, 4, 21, 8]],
            [33, [33, 35, 31, 30]],
            [35, [35]],
            [36, [36, 37]],
            [23, []],
            [4, []],
            [21, []],
            [37, []],
            [8, [47, 49, 50, 48, 43]],
            [49, []],
            [43, []],
            [47, [39, 42]],
            [39, []],
            [42, []],
            [31, [31]],
            [30, [30]],
            [50, []],
            [48, []]
        ]
    ],
    [
        [
            [14, [20, 18, 17, 16, 15, 19]]
        ],
        [
            [20, [27, 25, 24, 26, 22, 28]]
        ],
        [
            [17, [29, 34, 32]]
        ],
        [
            [33, [33, 35, 31, 30]]
        ],
        [
            [3, [40, 38, 41]]
        ],
        [
            [36, [36, 37]]
        ],
        [
            [8, [47, 49, 50, 48, 43]]
        ],
        [
            [7, [45, 46, 44]]
        ],
        [
            [47, [39, 42]]
        ]
    ]
]",,,443.1404585829098,0,9,3.7777777777777777,,,,,results/sol_best_C101_2.5.dat_A8_L90_pid2664.txt,(not found),C101_2.5.dat_A8_L90_r3.log
24,test_data/data_demand_random_50_batch_all1_equal_random/C101_2.5.dat,8.0,120.0,1,834.36,"[
    [
        [
            [0, [12, 7, 6, 1, 5, 10, 3]],
            [12, []],
            [7, [15, 16, 18, 20, 17]],
            [24, [24]],
            [15, [28, 22, 27, 25, 26]],
            [22, []],
            [16, []],
            [28, [32, 34, 29]],
            [6, []],
            [20, []],
            [18, []],
            [32, []],
            [17, []],
            [1, []],
            [5, []],
            [10, [45, 44, 46, 40, 41, 38]],
            [40, []],
            [45, []],
            [44, []],
            [27, []],
            [41, []],
            [25, []],
            [34, []],
            [29, []],
            [38, []],
            [3, []],
            [26, []],
            [46, []]
        ],
        [
            [0, [14, 13, 2, 21, 23, 9, 19, 11, 8, 4]],
            [14, []],
            [13, []],
            [2, []],
            [21, []],
            [23, []],
            [9, [33, 35, 31, 30]],
            [31, []],
            [19, [42, 39, 43, 37, 36]],
            [33, []],
            [35, []],
            [11, []],
            [30, [47, 49, 50, 48]],
            [50, []],
            [42, []],
            [39, []],
            [47, []],
            [43, []],
            [49, []],
            [8, []],
            [48, []],
            [37, []],
            [36, []],
            [4, []]
        ]
    ],
    [
        [
            [7, [15, 16, 18, 20, 17]]
        ],
        [
            [24, [24]]
        ],
        [
            [15, [28, 22, 27, 25, 26]]
        ],
        [
            [28, [32, 34, 29]]
        ],
        [
            [9, [33, 35, 31, 30]]
        ],
        [
            [10, [45, 44, 46, 40, 41, 38]]
        ],
        [
            [19, [42, 39, 43, 37, 36]]
        ],
        [
            [30, [47, 49, 50, 48]]
        ]
    ]
]",,,423.95167899961916,0,8,4.125,,,,,results/sol_best_C101_2.5.dat_A8_L120_pid2717.txt,(not found),C101_2.5.dat_A8_L120_r1.log
24,test_data/data_demand_random_50_batch_all1_equal_random/C101_2.5.dat,8.0,120.0,2,798.06,"[
    [
        [
            [0, [6, 5, 17, 16, 12, 7, 18, 10, 15, 3]],
            [6, []],
            [5, []],
            [17, [22, 25, 28, 27, 24, 26]],
            [16, []],
            [12, []],
            [7, []],
            [22, [34, 32, 29]],
            [29, []],
            [34, []],
            [25, []],
            [32, []],
            [18, []],
            [10, []],
            [28, [45, 44, 46, 40, 41, 38]],
            [40, []],
            [45, []],
            [44, []],
            [27, []],
            [41, []],
            [24, []],
            [15, []],
            [38, []],
            [3, []],
            [26, []],
            [46, []]
        ],
        [
            [0, [4, 2, 8, 14, 13, 20, 11, 19, 21, 9, 1]],
            [4, []],
            [2, []],
            [8, []],
            [14, []],
            [13, []],
            [20, []],
            [11, [33, 35, 31, 30, 23]],
            [31, []],
            [30, []],
            [19, []],
            [33, []],
            [35, []],
            [42, [39, 43, 37, 36, 42]],
            [23, []],
            [21, []],
            [36, []],
            [9, [47, 49, 50, 48]],
            [37, []],
            [48, []],
            [50, []],
            [1, []],
            [39, []],
            [47, []],
            [43, []],
            [49, []]
        ]
    ],
    [
        [
            [17, [22, 25, 28, 27, 24, 26]]
        ],
        [
            [22, [34, 32, 29]]
        ],
        [
            [11, [33, 35, 31, 30, 23]]
        ],
        [
            [28, [45, 44, 46, 40, 41, 38]]
        ],
        [
            [42, [39, 43, 37, 36, 42]]
        ],
        [
            [9, [47, 49, 50, 48]]
        ]
    ]
]",,,464.02471355343505,0,6,4.833333333333333,,,,,results/sol_best_C101_2.5.dat_A8_L120_pid2719.txt,(not found),C101_2.5.dat_A8_L120_r2.log
24,test_data/data_demand_random_50_batch_all1_equal_random/C101_2.5.dat,8.0,120.0,3,828.3,"[
    [
        [
            [0, [5, 6, 1, 4, 2, 3]],
            [5, []],
            [6, []],
            [1, []],
            [4, []],
            [9, [9]],
            [2, [7, 10, 12]],
            [11, [11]],
            [18, [17, 18]],
            [20, [20]],
            [17, [16, 15, 28]],
            [7, []],
            [26, [26]],
            [29, [34, 22, 27, 25, 24, 29]],
            [34, [40, 41, 38]],
            [22, []],
            [40, []],
            [12, []],
            [16, []],
            [10, [45, 44, 46]],
            [28, []],
            [45, []],
            [44, []],
            [27, []],
            [41, []],
            [25, []],
            [24, []],
            [15, []],
            [38, []],
            [3, []],
            [46, []]
        ],
        [
            [0, [32, 13, 23, 14, 21, 33, 19, 35, 31, 30, 8]],
            [32, []],
            [13, []],
            [23, []],
            [14, []],
            [36, [42, 39, 43, 37, 36]],
            [21, []],
            [37, []],
            [33, []],
            [19, []],
            [35, [47, 49, 50, 48]],
            [42, []],
            [31, []],
            [30, []],
            [50, []],
            [48, []],
            [8, []],
            [39, []],
            [47, []],
            [43, []],
            [49, []]
        ]
    ],
    [
        [
            [9, [9]]
        ],
        [
            [2, [7, 10, 12]]
        ],
        [
            [11, [11]]
        ],
        [
            [18, [17, 18]]
        ],
        [
            [20, [20]]
        ],
        [
            [17, [16, 15, 28]]
        ],
        [
            [26, [26]]
        ],
        [
            [29, [34, 22, 27, 25, 24, 29]]
        ],
        [
            [34, [40, 41, 38]]
        ],
        [
            [36, [42, 39, 43, 37, 36]]
        ],
        [
            [10, [45, 44, 46]]
        ],
        [
            [35, [47, 49, 50, 48]]
        ]
    ]
]",,,358.247847870267,0,12,2.75,,,,,results/sol_best_C101_2.5.dat_A8_L120_pid2720.txt,(not found),C101_2.5.dat_A8_L120_r3.log
25,test_data/data_demand_random_50_batch_all1_equal_random/C101_2.dat,4.0,60.0,1,869.65,"[
    [
        [
            [0, [25, 12, 11, 16, 6, 19, 27, 18, 24, 9, 28, 21, 30, 7, 1]],
            [25, []],
            [12, [32, 33]],
            [14, [14]],
            [29, [29, 39, 36, 40]],
            [11, []],
            [16, [46, 48, 41, 44]],
            [6, []],
            [19, []],
            [40, []],
            [27, []],
            [18, []],
            [24, []],
            [41, []],
            [9, []],
            [32, []],
            [39, []],
            [33, []],
            [28, []],
            [21, []],
            [30, []],
            [44, []],
            [36, []],
            [46, []],
            [7, []],
            [1, []],
            [48, []]
        ],
        [
            [0, [4, 5, 3, 2, 15, 8, 13, 20, 22, 17, 37, 38, 34, 10, 35, 26, 31, 23]],
            [4, [42, 43, 45]],
            [5, []],
            [3, []],
            [2, [49, 47, 50]],
            [15, []],
            [8, []],
            [13, []],
            [20, []],
            [22, []],
            [17, []],
            [37, []],
            [49, []],
            [47, []],
            [38, []],
            [42, []],
            [34, []],
            [10, []],
            [35, []],
            [26, []],
            [31, []],
            [43, []],
            [50, []],
            [45, []],
            [23, []]
        ]
    ],
    [
        [
            [12, [32, 33]]
        ],
        [
            [14, [14]]
        ],
        [
            [29, [29, 39, 36, 40]]
        ],
        [
            [16, [46, 48, 41, 44]]
        ],
        [
            [4, [42, 43, 45]]
        ],
        [
            [2, [49, 47, 50]]
        ]
    ]
]",,,413.45920087210544,0,6,2.8333333333333335,,,,,results/sol_best_C101_2.dat_A4_L60_pid2738.txt,(not found),C101_2.dat_A4_L60_r1.log
25,test_data/data_demand_random_50_batch_all1_equal_random/C101_2.dat,4.0,60.0,2,816.75,"[
    [
        [
            [0, [6, 12, 35, 16, 11, 23, 19, 40, 24, 9, 33, 21, 30, 36, 7, 1, 25]],
            [6, []],
            [12, []],
            [35, [45]],
            [16, []],
            [45, []],
            [11, []],
            [23, [46, 48, 41, 44]],
            [19, []],
            [40, []],
            [24, []],
            [41, []],
            [9, []],
            [33, []],
            [21, []],
            [30, []],
            [44, []],
            [36, []],
            [46, []],
            [7, []],
            [1, []],
            [25, []],
            [48, []]
        ],
        [
            [0, [4, 3, 15, 20, 8, 13, 18, 5, 2, 14, 22, 17, 10]],
            [4, []],
            [3, [27, 28, 29, 26]],
            [15, []],
            [27, [27]],
            [20, []],
            [8, []],
            [13, []],
            [18, []],
            [39, [39, 37, 38]],
            [28, [28]],
            [5, []],
            [32, [32, 34, 31]],
            [2, [49, 47, 50]],
            [14, [42, 43]],
            [29, [29]],
            [22, []],
            [17, []],
            [37, []],
            [49, []],
            [47, []],
            [38, []],
            [42, []],
            [34, []],
            [10, []],
            [26, [26]],
            [31, []],
            [43, []],
            [50, []]
        ]
    ],
    [
        [
            [3, [27, 28, 29, 26]]
        ],
        [
            [35, [45]]
        ],
        [
            [39, [39, 37, 38]]
        ],
        [
            [23, [46, 48, 41, 44]]
        ],
        [
            [32, [32, 34, 31]]
        ],
        [
            [2, [49, 47, 50]]
        ],
        [
            [14, [42, 43]]
        ]
    ]
]",,,450.8804983194849,0,7,2.857142857142857,,,,,results/sol_best_C101_2.dat_A4_L60_pid2740.txt,(not found),C101_2.dat_A4_L60_r2.log
25,test_data/data_demand_random_50_batch_all1_equal_random/C101_2.dat,4.0,60.0,3,863.0,"[
    [
        [
            [0, [11, 6, 16, 23, 12, 29, 19, 27, 18, 24, 9, 32, 33, 28, 21, 30, 14, 7, 1, 25]],
            [11, []],
            [6, []],
            [16, []],
            [23, [40, 39, 36, 35]],
            [35, []],
            [45, [45]],
            [12, []],
            [29, [46, 48, 41, 44]],
            [19, []],
            [40, []],
            [27, []],
            [18, []],
            [24, []],
            [41, []],
            [9, []],
            [32, []],
            [39, []],
            [33, []],
            [28, []],
            [21, []],
            [30, []],
            [14, []],
            [44, []],
            [36, []],
            [46, []],
            [7, []],
            [1, []],
            [25, []],
            [48, []]
        ],
        [
            [0, [4, 5, 3, 2, 15, 8, 13, 20, 22, 17, 37, 42, 34, 38, 10, 26, 31, 43]],
            [4, []],
            [5, []],
            [3, [49, 47, 50]],
            [2, []],
            [15, []],
            [8, []],
            [13, []],
            [20, []],
            [22, []],
            [17, []],
            [37, []],
            [49, []],
            [47, []],
            [42, []],
            [34, []],
            [38, []],
            [10, []],
            [26, []],
            [31, []],
            [43, []],
            [50, []]
        ]
    ],
    [
        [
            [23, [40, 39, 36, 35]]
        ],
        [
            [45, [45]]
        ],
        [
            [29, [46, 48, 41, 44]]
        ],
        [
            [3, [49, 47, 50]]
        ]
    ]
]",,,444.7165383182687,0,4,3.0,,,,,results/sol_best_C101_2.dat_A4_L60_pid2741.txt,(not found),C101_2.dat_A4_L60_r3.log
26,test_data/data_demand_random_50_batch_all1_equal_random/C101_2.dat,4.0,90.0,1,835.36,"[
    [
        [
            [0, [29, 19, 14, 1, 7, 16, 23, 26, 12, 6, 11, 30, 28, 9, 21, 24, 18, 27, 25]],
            [29, []],
            [19, []],
            [14, [31, 32, 33]],
            [1, []],
            [7, []],
            [16, []],
            [23, []],
            [26, [39, 36, 40, 35]],
            [35, []],
            [31, []],
            [12, []],
            [6, []],
            [11, [46, 48, 41, 44]],
            [30, []],
            [32, []],
            [39, []],
            [28, []],
            [33, []],
            [9, []],
            [21, []],
            [41, []],
            [24, []],
            [18, []],
            [27, []],
            [40, []],
            [46, []],
            [36, []],
            [44, []],
            [25, []],
            [48, []]
        ],
        [
            [0, [5, 3, 13, 8, 20, 15, 4, 2, 22, 17, 10]],
            [5, []],
            [3, []],
            [13, [37, 38, 34]],
            [8, []],
            [20, []],
            [15, []],
            [4, [42, 45, 43]],
            [2, [49, 47, 50]],
            [22, []],
            [17, []],
            [37, [37]],
            [49, []],
            [47, []],
            [34, [34]],
            [42, []],
            [38, [38]],
            [10, []],
            [45, []],
            [43, []],
            [50, []]
        ]
    ],
    [
        [
            [13, [37, 38, 34]]
        ],
        [
            [14, [31, 32, 33]]
        ],
        [
            [26, [39, 36, 40, 35]]
        ],
        [
            [11, [46, 48, 41, 44]]
        ],
        [
            [4, [42, 45, 43]]
        ],
        [
            [2, [49, 47, 50]]
        ]
    ]
]",,,426.4732114447548,0,6,3.3333333333333335,,,,,results/sol_best_C101_2.dat_A4_L90_pid2751.txt,(not found),C101_2.dat_A4_L90_r1.log
26,test_data/data_demand_random_50_batch_all1_equal_random/C101_2.dat,4.0,90.0,2,857.65,"[
    [
        [
            [0, [7, 11, 16, 6, 12, 19, 18, 24, 9, 21, 1]],
            [7, [27, 28, 30, 25]],
            [14, [14]],
            [26, [26]],
            [31, [33, 32, 31]],
            [29, [29, 40, 39, 36]],
            [11, []],
            [16, [46, 48, 41, 44]],
            [6, []],
            [12, []],
            [19, []],
            [40, []],
            [18, []],
            [27, [27]],
            [24, []],
            [41, []],
            [9, []],
            [21, []],
            [33, [33]],
            [28, [28]],
            [39, []],
            [32, [32]],
            [30, [30]],
            [46, []],
            [36, []],
            [44, []],
            [1, []],
            [25, [25]],
            [48, []]
        ],
        [
            [0, [4, 5, 3, 2, 13, 8, 20, 15, 22, 17, 37, 38, 34, 10, 35, 23]],
            [4, [42, 43, 45]],
            [5, []],
            [3, []],
            [2, [49, 47, 50]],
            [13, []],
            [8, []],
            [20, []],
            [15, []],
            [22, []],
            [17, []],
            [37, []],
            [49, []],
            [47, []],
            [38, []],
            [42, []],
            [34, []],
            [10, []],
            [35, []],
            [43, []],
            [50, []],
            [45, []],
            [23, []]
        ]
    ],
    [
        [
            [7, [27, 28, 30, 25]]
        ],
        [
            [14, [14]]
        ],
        [
            [26, [26]]
        ],
        [
            [31, [33, 32, 31]]
        ],
        [
            [29, [29, 40, 39, 36]]
        ],
        [
            [16, [46, 48, 41, 44]]
        ],
        [
            [4, [42, 43, 45]]
        ],
        [
            [2, [49, 47, 50]]
        ]
    ]
]",,,350.9356096277912,0,8,2.875,,,,,results/sol_best_C101_2.dat_A4_L90_pid2753.txt,(not found),C101_2.dat_A4_L90_r2.log
26,test_data/data_demand_random_50_batch_all1_equal_random/C101_2.dat,4.0,90.0,3,812.39,"[
    [
        [
            [0, [5, 4, 1, 6]],
            [9, [9]],
            [5, [7, 10, 8]],
            [4, [16, 12, 13]],
            [20, [20]],
            [15, [19, 15]],
            [19, [27, 30, 28, 25]],
            [14, [22, 24, 21, 14]],
            [1, []],
            [25, []],
            [7, []],
            [12, [39, 36, 40, 35]],
            [6, [32, 33, 29]],
            [16, []],
            [35, []],
            [10, []],
            [22, [46, 48, 41, 44]],
            [27, []],
            [24, []],
            [8, []],
            [13, []],
            [41, []],
            [21, []],
            [33, []],
            [28, []],
            [39, []],
            [32, []],
            [30, []],
            [46, []],
            [40, []],
            [36, []],
            [44, []],
            [29, []],
            [48, []]
        ],
        [
            [0, [3, 2, 18, 17, 37, 34, 42, 38, 26, 31, 43, 11, 45, 23]],
            [3, []],
            [2, [49, 47, 50]],
            [18, []],
            [17, []],
            [37, []],
            [49, []],
            [47, []],
            [34, []],
            [42, []],
            [38, []],
            [26, []],
            [31, []],
            [43, []],
            [50, []],
            [11, []],
            [45, []],
            [23, []]
        ]
    ],
    [
        [
            [9, [9]]
        ],
        [
            [5, [7, 10, 8]]
        ],
        [
            [4, [16, 12, 13]]
        ],
        [
            [20, [20]]
        ],
        [
            [15, [19, 15]]
        ],
        [
            [19, [27, 30, 28, 25]]
        ],
        [
            [14, [22, 24, 21, 14]]
        ],
        [
            [12, [39, 36, 40, 35]]
        ],
        [
            [6, [32, 33, 29]]
        ],
        [
            [22, [46, 48, 41, 44]]
        ],
        [
            [2, [49, 47, 50]]
        ]
    ]
]",,,251.58565768923353,0,11,2.909090909090909,,,,,results/sol_best_C101_2.dat_A4_L90_pid2754.txt,(not found),C101_2.dat_A4_L90_r3.log
27,test_data/data_demand_random_50_batch_all1_equal_random/C101_2.dat,4.0,120.0,1,865.65,"[
    [
        [
            [0, [11, 6, 16, 48, 19, 22, 27, 24, 41, 18, 40, 46, 36, 44]],
            [11, []],
            [6, []],
            [16, []],
            [48, []],
            [19, []],
            [22, []],
            [27, []],
            [24, []],
            [41, []],
            [18, []],
            [40, []],
            [46, []],
            [36, []],
            [44, []]
        ],
        [
            [0, [7, 9, 1, 4, 5, 3, 2, 8, 10]],
            [12, [12, 14, 15, 13]],
            [7, [20, 17]],
            [9, [21, 23]],
            [25, [25, 26, 28]],
            [14, []],
            [29, [29, 32]],
            [1, []],
            [32, []],
            [30, [34, 31, 33, 30]],
            [21, []],
            [39, [39, 37, 38, 35]],
            [4, [42, 43, 45]],
            [33, []],
            [28, []],
            [5, []],
            [3, []],
            [2, [49, 47, 50]],
            [13, []],
            [8, []],
            [20, []],
            [15, []],
            [17, []],
            [37, []],
            [49, []],
            [47, []],
            [34, []],
            [42, []],
            [38, []],
            [10, []],
            [35, []],
            [26, []],
            [31, []],
            [43, []],
            [50, []],
            [45, []],
            [23, []]
        ]
    ],
    [
        [
            [12, [12, 14, 15, 13]]
        ],
        [
            [7, [20, 17]]
        ],
        [
            [9, [21, 23]]
        ],
        [
            [25, [25, 26, 28]]
        ],
        [
            [29, [29, 32]]
        ],
        [
            [30, [34, 31, 33, 30]]
        ],
        [
            [39, [39, 37, 38, 35]]
        ],
        [
            [4, [42, 43, 45]]
        ],
        [
            [2, [49, 47, 50]]
        ]
    ]
]",,,307.9742775041175,0,9,3.0,,,,,results/sol_best_C101_2.dat_A4_L120_pid2734.txt,(not found),C101_2.dat_A4_L120_r1.log
27,test_data/data_demand_random_50_batch_all1_equal_random/C101_2.dat,4.0,120.0,2,861.65,"[
    [
        [
            [0, [19, 12, 16, 6, 11, 10, 22, 18, 24, 9, 21, 7, 1]],
            [14, [14]],
            [19, [27, 28, 30, 25]],
            [12, [33, 32, 23]],
            [16, []],
            [6, []],
            [11, []],
            [23, []],
            [35, [35]],
            [29, [29, 39, 36, 40]],
            [10, []],
            [22, [46, 48, 41, 44]],
            [27, []],
            [18, []],
            [24, []],
            [41, []],
            [9, []],
            [21, []],
            [28, []],
            [33, []],
            [39, []],
            [32, []],
            [30, []],
            [25, []],
            [44, []],
            [36, []],
            [40, []],
            [46, []],
            [7, []],
            [1, []],
            [48, []]
        ],
        [
            [0, [4, 5, 3, 2, 15, 8, 13, 20, 17, 37, 38, 34, 26, 31]],
            [4, [42, 43, 45]],
            [5, []],
            [3, []],
            [2, [49, 47, 50]],
            [15, []],
            [8, []],
            [13, []],
            [20, []],
            [17, []],
            [37, []],
            [49, []],
            [47, []],
            [38, []],
            [42, [42]],
            [34, []],
            [26, []],
            [31, []],
            [43, [43]],
            [50, []],
            [45, [45]]
        ]
    ],
    [
        [
            [14, [14]]
        ],
        [
            [19, [27, 28, 30, 25]]
        ],
        [
            [4, [42, 43, 45]]
        ],
        [
            [12, [33, 32, 23]]
        ],
        [
            [35, [35]]
        ],
        [
            [29, [29, 39, 36, 40]]
        ],
        [
            [22, [46, 48, 41, 44]]
        ],
        [
            [2, [49, 47, 50]]
        ]
    ]
]",,,379.3513189145448,0,8,2.875,,,,,results/sol_best_C101_2.dat_A4_L120_pid2736.txt,(not found),C101_2.dat_A4_L120_r2.log
27,test_data/data_demand_random_50_batch_all1_equal_random/C101_2.dat,4.0,120.0,3,786.98,"[
    [
        [
            [0, [9, 3, 5, 1, 6, 11, 8]],
            [9, [14, 16, 12, 13]],
            [3, []],
            [5, []],
            [14, [24, 19, 18]],
            [1, []],
            [6, []],
            [16, [26, 27, 29]],
            [11, []],
            [12, [31, 33, 32]],
            [31, []],
            [26, []],
            [19, []],
            [40, [36, 39, 40]],
            [36, [46, 48, 41, 44]],
            [46, []],
            [18, []],
            [27, []],
            [24, []],
            [8, []],
            [13, []],
            [41, []],
            [33, []],
            [39, []],
            [32, []],
            [44, []],
            [29, []],
            [48, []]
        ],
        [
            [0, [7, 15, 20, 4, 21, 2, 22, 17, 10, 23]],
            [25, [25, 30, 28]],
            [7, []],
            [15, []],
            [20, []],
            [30, [37, 38, 35, 34]],
            [4, [42, 43, 45]],
            [28, [28, 28]],
            [21, []],
            [2, [49, 47, 50]],
            [22, []],
            [17, []],
            [37, []],
            [49, []],
            [47, []],
            [38, []],
            [42, []],
            [34, []],
            [10, []],
            [35, []],
            [43, []],
            [50, []],
            [45, []],
            [23, []]
        ]
    ],
    [
        [
            [25, [25, 30, 28]]
        ],
        [
            [9, [14, 16, 12, 13]]
        ],
        [
            [14, [24, 19, 18]]
        ],
        [
            [16, [26, 27, 29]]
        ],
        [
            [12, [31, 33, 32]]
        ],
        [
            [30, [37, 38, 35, 34]]
        ],
        [
            [4, [42, 43, 45]]
        ],
        [
            [40, [36, 39, 40]]
        ],
        [
            [2, [49, 47, 50]]
        ],
        [
            [36, [46, 48, 41, 44]]
        ]
    ]
]",,,313.0548821013012,0,10,3.3,,,,,results/sol_best_C101_2.dat_A4_L120_pid2737.txt,(not found),C101_2.dat_A4_L120_r3.log
28,test_data/data_demand_random_50_batch_all1_equal_random/C101_2.dat,8.0,60.0,1,845.65,"[
    [
        [
            [0, [9, 5, 3, 11, 12, 15, 6, 16, 14, 7, 1]],
            [9, []],
            [5, []],
            [3, [24, 21]],
            [11, [19, 18]],
            [12, [32, 33, 29, 27, 30, 28, 25]],
            [23, [39, 36, 40, 23, 35]],
            [35, []],
            [29, []],
            [19, []],
            [40, []],
            [15, []],
            [27, []],
            [24, []],
            [18, []],
            [30, []],
            [32, []],
            [39, []],
            [33, []],
            [28, []],
            [21, []],
            [6, []],
            [16, [46, 48, 44]],
            [25, []],
            [44, []],
            [36, []],
            [46, []],
            [14, []],
            [7, []],
            [1, []],
            [48, []]
        ],
        [
            [0, [4, 2, 41, 13, 8, 20, 22, 17, 37, 38, 42, 34, 10, 26, 31, 43, 45]],
            [4, []],
            [2, [49, 47, 50]],
            [41, []],
            [13, []],
            [8, []],
            [20, []],
            [22, []],
            [17, []],
            [37, []],
            [49, []],
            [47, []],
            [38, []],
            [42, []],
            [34, []],
            [10, []],
            [26, []],
            [31, []],
            [43, []],
            [50, []],
            [45, []]
        ]
    ],
    [
        [
            [3, [24, 21]]
        ],
        [
            [11, [19, 18]]
        ],
        [
            [12, [32, 33, 29, 27, 30, 28, 25]]
        ],
        [
            [23, [39, 36, 40, 23, 35]]
        ],
        [
            [16, [46, 48, 44]]
        ],
        [
            [2, [49, 47, 50]]
        ]
    ]
]",,,366.50759300514756,0,6,3.6666666666666665,,,,,results/sol_best_C101_2.dat_A8_L60_pid2732.txt,(not found),C101_2.dat_A8_L60_r1.log
28,test_data/data_demand_random_50_batch_all1_equal_random/C101_2.dat,8.0,60.0,2,827.1,"[
    [
        [
            [0, [7, 8, 9, 6, 11, 1]],
            [7, [13, 14, 12, 16]],
            [8, []],
            [13, []],
            [9, [30, 28, 21, 29]],
            [14, []],
            [29, []],
            [35, [34, 35, 32, 33, 38]],
            [34, []],
            [38, [38]],
            [12, []],
            [16, [46, 48, 44, 41, 39, 40, 36]],
            [6, []],
            [11, []],
            [30, []],
            [32, []],
            [39, []],
            [28, []],
            [33, []],
            [21, []],
            [41, []],
            [40, []],
            [46, []],
            [36, []],
            [44, []],
            [1, []],
            [48, []]
        ],
        [
            [0, [25, 4, 5, 3, 2, 18, 15, 27, 20, 24, 19, 22, 17, 37, 10, 26, 31, 23]],
            [25, []],
            [4, [42, 43, 45]],
            [5, []],
            [3, []],
            [2, [49, 47, 50]],
            [18, []],
            [15, []],
            [27, []],
            [20, []],
            [24, []],
            [19, []],
            [22, []],
            [17, []],
            [37, []],
            [49, []],
            [47, []],
            [42, []],
            [10, []],
            [26, []],
            [31, []],
            [43, []],
            [50, []],
            [45, []],
            [23, []]
        ]
    ],
    [
        [
            [7, [13, 14, 12, 16]]
        ],
        [
            [9, [30, 28, 21, 29]]
        ],
        [
            [35, [34, 35, 32, 33, 38]]
        ],
        [
            [16, [46, 48, 44, 41, 39, 40, 36]]
        ],
        [
            [4, [42, 43, 45]]
        ],
        [
            [2, [49, 47, 50]]
        ]
    ]
]",,,353.3779693415616,0,6,4.333333333333333,,,,,results/sol_best_C101_2.dat_A8_L60_pid2734.txt,(not found),C101_2.dat_A8_L60_r2.log
28,test_data/data_demand_random_50_batch_all1_equal_random/C101_2.dat,8.0,60.0,3,777.65,"[
    [
        [
            [0, [7, 9, 11, 6, 1]],
            [14, [14]],
            [7, [8, 13]],
            [9, [16, 12, 15]],
            [16, [23, 24, 21, 19, 18]],
            [11, []],
            [12, [26, 29, 25, 30, 28, 31]],
            [23, []],
            [26, []],
            [31, []],
            [6, [33, 32]],
            [35, [39, 36, 40, 35]],
            [29, []],
            [19, []],
            [36, []],
            [1, []],
            [25, []],
            [48, [46, 41, 44, 48]],
            [44, []],
            [46, []],
            [40, [20, 27]],
            [15, []],
            [24, []],
            [8, []],
            [13, []],
            [41, []],
            [20, []],
            [27, [27]],
            [18, []],
            [30, []],
            [21, []],
            [28, []],
            [33, []],
            [39, []],
            [32, []]
        ],
        [
            [0, [5, 3, 4, 2, 22, 17, 37, 38, 34, 10]],
            [5, []],
            [3, []],
            [4, []],
            [2, [49, 47, 50, 42, 45, 43]],
            [22, []],
            [17, []],
            [37, []],
            [49, []],
            [47, []],
            [38, []],
            [42, []],
            [34, []],
            [10, []],
            [45, []],
            [43, []],
            [50, []]
        ]
    ],
    [
        [
            [14, [14]]
        ],
        [
            [7, [8, 13]]
        ],
        [
            [9, [16, 12, 15]]
        ],
        [
            [16, [23, 24, 21, 19, 18]]
        ],
        [
            [12, [26, 29, 25, 30, 28, 31]]
        ],
        [
            [6, [33, 32]]
        ],
        [
            [35, [39, 36, 40, 35]]
        ],
        [
            [2, [49, 47, 50, 42, 45, 43]]
        ],
        [
            [48, [46, 41, 44, 48]]
        ],
        [
            [40, [20, 27]]
        ]
    ]
]",,,298.6956755311835,0,10,3.5,,,,,results/sol_best_C101_2.dat_A8_L60_pid2735.txt,(not found),C101_2.dat_A8_L60_r3.log
29,test_data/data_demand_random_50_batch_all1_equal_random/C101_2.dat,8.0,90.0,1,789.65,"[
    [
        [
            [0, [6, 25, 32, 30, 18, 24, 9, 21, 28, 33, 14]],
            [6, []],
            [25, []],
            [32, []],
            [30, [46, 48, 41, 44, 39, 36, 40]],
            [18, []],
            [24, []],
            [41, []],
            [9, []],
            [21, []],
            [28, []],
            [33, []],
            [39, []],
            [14, []],
            [46, []],
            [40, []],
            [36, []],
            [44, []],
            [48, []]
        ],
        [
            [0, [4, 1, 5, 3, 2]],
            [4, []],
            [1, [11, 8, 7, 10]],
            [11, [16, 15, 12, 13]],
            [16, []],
            [12, [19, 20, 17]],
            [19, [22, 23]],
            [8, []],
            [13, []],
            [20, []],
            [27, [34, 31, 29, 27, 26]],
            [15, []],
            [5, []],
            [3, [42, 43, 45, 37, 38, 35]],
            [2, [49, 47, 50]],
            [7, []],
            [29, []],
            [22, []],
            [17, []],
            [37, []],
            [49, []],
            [47, []],
            [38, []],
            [42, []],
            [34, []],
            [10, []],
            [35, []],
            [26, []],
            [31, []],
            [43, []],
            [50, []],
            [45, []],
            [23, []]
        ]
    ],
    [
        [
            [1, [11, 8, 7, 10]]
        ],
        [
            [11, [16, 15, 12, 13]]
        ],
        [
            [12, [19, 20, 17]]
        ],
        [
            [30, [46, 48, 41, 44, 39, 36, 40]]
        ],
        [
            [19, [22, 23]]
        ],
        [
            [27, [34, 31, 29, 27, 26]]
        ],
        [
            [3, [42, 43, 45, 37, 38, 35]]
        ],
        [
            [2, [49, 47, 50]]
        ]
    ]
]",,,298.1769814541006,0,8,4.25,,,,,results/sol_best_C101_2.dat_A8_L90_pid2695.txt,(not found),C101_2.dat_A8_L90_r1.log
29,test_data/data_demand_random_50_batch_all1_equal_random/C101_2.dat,8.0,90.0,2,823.65,"[
    [
        [
            [0, [32, 33, 28, 5, 21, 30, 27, 24, 18, 14, 11]],
            [32, [39, 40, 36]],
            [33, []],
            [28, []],
            [5, []],
            [39, [39, 39, 39, 39, 39, 39]],
            [21, []],
            [30, []],
            [27, [41, 44, 46]],
            [24, []],
            [18, []],
            [41, []],
            [46, []],
            [14, []],
            [40, [40, 40, 40, 40, 40, 40]],
            [36, [36, 36, 36, 36, 36, 36]],
            [44, []],
            [11, []]
        ],
        [
            [0, [7, 6, 12, 16, 1, 4, 3, 9, 2, 13, 8, 15, 10]],
            [7, []],
            [6, []],
            [12, []],
            [16, [19, 20, 17]],
            [1, [26, 22, 23, 29, 25]],
            [19, []],
            [29, [34, 31]],
            [25, []],
            [4, [37, 38, 35]],
            [3, []],
            [9, []],
            [2, [42, 43, 45]],
            [13, []],
            [8, []],
            [20, []],
            [15, [49, 47, 50, 48]],
            [22, []],
            [17, []],
            [37, []],
            [49, []],
            [47, []],
            [34, []],
            [42, []],
            [38, []],
            [10, []],
            [26, []],
            [31, []],
            [43, []],
            [50, []],
            [45, []],
            [23, []],
            [35, []],
            [48, []]
        ]
    ],
    [
        [
            [32, [39, 40, 36]]
        ],
        [
            [16, [19, 20, 17]]
        ],
        [
            [1, [26, 22, 23, 29, 25]]
        ],
        [
            [29, [34, 31]]
        ],
        [
            [4, [37, 38, 35]]
        ],
        [
            [2, [42, 43, 45]]
        ],
        [
            [27, [41, 44, 46]]
        ],
        [
            [15, [49, 47, 50, 48]]
        ]
    ]
]",,,362.12035302005313,0,8,3.25,,,,,results/sol_best_C101_2.dat_A8_L90_pid2697.txt,(not found),C101_2.dat_A8_L90_r2.log
29,test_data/data_demand_random_50_batch_all1_equal_random/C101_2.dat,8.0,90.0,3,841.54,"[
    [
        [
            [0, [9, 6, 11, 10, 7, 1]],
            [9, []],
            [8, [12, 16, 14, 8]],
            [18, [18, 19, 15]],
            [15, []],
            [19, []],
            [25, [25, 29, 27, 28, 30, 22, 24, 21]],
            [29, []],
            [22, []],
            [12, [39, 36, 40, 32, 33]],
            [16, []],
            [6, []],
            [11, []],
            [10, [46, 48, 41, 44]],
            [27, []],
            [24, []],
            [41, []],
            [21, []],
            [28, []],
            [33, []],
            [39, []],
            [32, []],
            [30, []],
            [14, []],
            [44, []],
            [36, []],
            [40, []],
            [46, []],
            [7, []],
            [1, []],
            [48, []]
        ],
        [
            [0, [4, 5, 3, 13, 20, 2, 17, 26, 23]],
            [4, []],
            [5, []],
            [3, []],
            [13, []],
            [20, []],
            [2, [49, 47, 50, 42, 43, 45, 34, 31]],
            [17, [37, 38, 35]],
            [37, []],
            [49, []],
            [47, []],
            [38, []],
            [42, []],
            [34, []],
            [35, []],
            [26, []],
            [31, []],
            [43, []],
            [50, []],
            [45, []],
            [23, []]
        ]
    ],
    [
        [
            [8, [12, 16, 14, 8]]
        ],
        [
            [18, [18, 19, 15]]
        ],
        [
            [25, [25, 29, 27, 28, 30, 22, 24, 21]]
        ],
        [
            [12, [39, 36, 40, 32, 33]]
        ],
        [
            [10, [46, 48, 41, 44]]
        ],
        [
            [2, [49, 47, 50, 42, 43, 45, 34, 31]]
        ],
        [
            [17, [37, 38, 35]]
        ]
    ]
]",,,389.3802744711961,0,7,5.0,,,,,results/sol_best_C101_2.dat_A8_L90_pid2698.txt,(not found),C101_2.dat_A8_L90_r3.log
30,test_data/data_demand_random_50_batch_all1_equal_random/C101_2.dat,8.0,120.0,1,789.65,"[
    [
        [
            [0, [11, 19, 22, 7, 18, 27, 24, 9, 30, 1, 25]],
            [11, []],
            [19, []],
            [22, []],
            [7, [46, 48, 41, 44, 36, 40, 33]],
            [46, []],
            [40, []],
            [18, []],
            [27, []],
            [24, []],
            [41, []],
            [9, []],
            [33, []],
            [30, []],
            [1, []],
            [36, []],
            [44, []],
            [25, []],
            [48, []]
        ],
        [
            [0, [6, 4, 8, 5, 3, 2, 10]],
            [12, [12, 16, 13, 15, 14]],
            [6, []],
            [16, []],
            [4, []],
            [21, [21, 23, 20, 17]],
            [13, []],
            [8, []],
            [20, [34, 31, 32]],
            [15, []],
            [5, []],
            [28, [29, 26, 28, 39]],
            [39, []],
            [32, [42, 43, 45]],
            [3, []],
            [2, [49, 47, 50, 37, 38, 35]],
            [14, []],
            [29, []],
            [17, []],
            [37, []],
            [49, []],
            [47, []],
            [38, []],
            [42, []],
            [34, []],
            [10, []],
            [35, []],
            [26, []],
            [31, []],
            [43, []],
            [50, []],
            [45, []],
            [23, []]
        ]
    ],
    [
        [
            [12, [12, 16, 13, 15, 14]]
        ],
        [
            [21, [21, 23, 20, 17]]
        ],
        [
            [20, [34, 31, 32]]
        ],
        [
            [28, [29, 26, 28, 39]]
        ],
        [
            [32, [42, 43, 45]]
        ],
        [
            [2, [49, 47, 50, 37, 38, 35]]
        ],
        [
            [7, [46, 48, 41, 44, 36, 40, 33]]
        ]
    ]
]",,,365.0419930792069,0,7,4.571428571428571,,,,,results/sol_best_C101_2.dat_A8_L120_pid2749.txt,(not found),C101_2.dat_A8_L120_r1.log
30,test_data/data_demand_random_50_batch_all1_equal_random/C101_2.dat,8.0,120.0,2,857.54,"[
    [
        [
            [0, [9, 6, 11, 10, 7, 1]],
            [9, [16, 14]],
            [8, [8]],
            [13, [18, 19, 13]],
            [18, [18]],
            [25, [25, 29, 27, 28, 30, 22, 24, 21]],
            [29, []],
            [19, [32, 33]],
            [35, [39, 36, 40, 35]],
            [12, [12]],
            [16, [16]],
            [6, []],
            [11, []],
            [10, [46, 48, 41, 44]],
            [22, []],
            [27, []],
            [24, []],
            [41, []],
            [32, []],
            [39, []],
            [33, []],
            [28, []],
            [21, []],
            [30, []],
            [40, []],
            [46, []],
            [36, []],
            [44, []],
            [14, [14]],
            [7, []],
            [1, []],
            [48, []]
        ],
        [
            [0, [4, 5, 3, 2, 15, 20, 17, 37, 38, 34, 26, 31, 23]],
            [4, [42, 43, 45]],
            [5, []],
            [3, []],
            [2, [49, 47, 50]],
            [15, []],
            [20, []],
            [17, []],
            [37, []],
            [49, []],
            [47, []],
            [38, []],
            [42, []],
            [34, []],
            [26, []],
            [31, []],
            [43, []],
            [50, []],
            [45, []],
            [23, []]
        ]
    ],
    [
        [
            [9, [16, 14]]
        ],
        [
            [8, [8]]
        ],
        [
            [13, [18, 19, 13]]
        ],
        [
            [25, [25, 29, 27, 28, 30, 22, 24, 21]]
        ],
        [
            [19, [32, 33]]
        ],
        [
            [35, [39, 36, 40, 35]]
        ],
        [
            [12, [12]]
        ],
        [
            [4, [42, 43, 45]]
        ],
        [
            [10, [46, 48, 41, 44]]
        ],
        [
            [2, [49, 47, 50]]
        ]
    ]
]",,,307.51183295158387,0,10,3.1,,,,,results/sol_best_C101_2.dat_A8_L120_pid2751.txt,(not found),C101_2.dat_A8_L120_r2.log
30,test_data/data_demand_random_50_batch_all1_equal_random/C101_2.dat,8.0,120.0,3,786.0,"[
    [
        [
            [0, [1, 6, 12, 16, 14, 7, 11, 10, 9]],
            [1, []],
            [6, []],
            [12, []],
            [16, [19, 18]],
            [29, [29, 26, 22, 21, 24]],
            [14, [27, 30, 28, 25]],
            [7, []],
            [26, []],
            [11, [32, 33]],
            [35, [35]],
            [10, []],
            [22, []],
            [19, [46, 48, 41, 44, 39, 36, 40]],
            [40, []],
            [30, []],
            [32, []],
            [39, []],
            [28, []],
            [33, []],
            [21, []],
            [9, []],
            [41, []],
            [24, []],
            [27, []],
            [18, []],
            [46, []],
            [36, []],
            [44, []],
            [25, []],
            [48, []]
        ],
        [
            [0, [4, 5, 15, 8, 13, 20, 3, 2, 17]],
            [4, [23]],
            [5, []],
            [15, []],
            [8, []],
            [13, []],
            [20, []],
            [3, [42, 43, 45, 37, 38, 34, 31]],
            [2, [49, 47, 50]],
            [17, []],
            [37, [37]],
            [49, []],
            [47, []],
            [38, [38]],
            [42, []],
            [34, [34]],
            [31, [31]],
            [43, []],
            [50, []],
            [45, []],
            [23, [23]]
        ]
    ],
    [
        [
            [4, [23]]
        ],
        [
            [16, [19, 18]]
        ],
        [
            [29, [29, 26, 22, 21, 24]]
        ],
        [
            [14, [27, 30, 28, 25]]
        ],
        [
            [11, [32, 33]]
        ],
        [
            [35, [35]]
        ],
        [
            [19, [46, 48, 41, 44, 39, 36, 40]]
        ],
        [
            [3, [42, 43, 45, 37, 38, 34, 31]]
        ],
        [
            [2, [49, 47, 50]]
        ]
    ]
]",,,325.2956660889155,0,9,3.5555555555555554,,,,,results/sol_best_C101_2.dat_A8_L120_pid2752.txt,(not found),C101_2.dat_A8_L120_r3.log
31,test_data/data_demand_random_50_batch_all1_equal_random/C101_3.dat,4.0,60.0,1,996.59,"[
    [
        [
            [0, [2, 6, 21, 24, 9, 23, 15, 22, 25, 3, 20, 5, 4]],
            [2, []],
            [6, []],
            [21, []],
            [28, [28, 30, 31, 32]],
            [30, []],
            [24, []],
            [9, [36, 34, 38, 44]],
            [44, []],
            [34, [45, 46]],
            [38, []],
            [23, [49, 48]],
            [15, []],
            [31, []],
            [22, []],
            [25, []],
            [45, []],
            [36, []],
            [3, []],
            [49, []],
            [46, []],
            [20, []],
            [32, []],
            [5, []],
            [4, []],
            [48, []]
        ],
        [
            [0, [16, 12, 8, 7, 19, 11, 13, 18, 17, 10, 14, 1, 26]],
            [29, [29, 33, 27]],
            [33, [33]],
            [16, [39, 37, 35]],
            [12, [42, 43, 40, 41]],
            [42, []],
            [8, []],
            [7, []],
            [19, []],
            [11, [50, 47]],
            [13, []],
            [43, []],
            [39, [39]],
            [40, []],
            [18, []],
            [17, []],
            [50, []],
            [37, [37]],
            [27, [27]],
            [41, []],
            [10, []],
            [35, [35]],
            [14, []],
            [1, []],
            [26, []],
            [47, []]
        ]
    ],
    [
        [
            [29, [29, 33, 27]]
        ],
        [
            [16, [39, 37, 35]]
        ],
        [
            [28, [28, 30, 31, 32]]
        ],
        [
            [12, [42, 43, 40, 41]]
        ],
        [
            [9, [36, 34, 38, 44]]
        ],
        [
            [34, [45, 46]]
        ],
        [
            [23, [49, 48]]
        ],
        [
            [11, [50, 47]]
        ]
    ]
]",,,571.6788440317148,0,8,3.0,,,,,results/sol_best_C101_3.dat_A4_L60_pid2773.txt,(not found),C101_3.dat_A4_L60_r1.log
31,test_data/data_demand_random_50_batch_all1_equal_random/C101_3.dat,4.0,60.0,2,984.59,"[
    [
        [
            [0, [2, 4, 3, 9, 7, 8, 6, 1]],
            [2, []],
            [4, [16, 17, 18]],
            [16, []],
            [18, [22, 24, 23, 25]],
            [17, []],
            [28, [28, 30]],
            [30, []],
            [22, []],
            [24, []],
            [3, [36, 34, 38]],
            [38, []],
            [9, []],
            [34, [45, 44, 46]],
            [7, []],
            [8, []],
            [23, [49, 48, 31]],
            [6, []],
            [31, []],
            [25, []],
            [45, []],
            [36, []],
            [44, []],
            [49, []],
            [46, []],
            [48, []],
            [1, []]
        ],
        [
            [0, [29, 26, 32, 14, 12, 21, 15, 13, 11, 19, 27, 10, 33, 20, 5]],
            [29, []],
            [26, []],
            [32, []],
            [14, []],
            [12, [42, 43, 40, 41]],
            [21, [39, 37, 35]],
            [42, []],
            [15, []],
            [43, []],
            [13, []],
            [11, []],
            [19, [50, 47]],
            [39, []],
            [40, []],
            [50, []],
            [37, []],
            [27, []],
            [41, []],
            [10, []],
            [35, []],
            [33, []],
            [20, []],
            [5, []],
            [47, []]
        ]
    ],
    [
        [
            [4, [16, 17, 18]]
        ],
        [
            [18, [22, 24, 23, 25]]
        ],
        [
            [28, [28, 30]]
        ],
        [
            [3, [36, 34, 38]]
        ],
        [
            [34, [45, 44, 46]]
        ],
        [
            [12, [42, 43, 40, 41]]
        ],
        [
            [21, [39, 37, 35]]
        ],
        [
            [23, [49, 48, 31]]
        ],
        [
            [19, [50, 47]]
        ]
    ]
]",,,541.1408197211806,0,9,3.0,,,,,results/sol_best_C101_3.dat_A4_L60_pid2775.txt,(not found),C101_3.dat_A4_L60_r2.log
31,test_data/data_demand_random_50_batch_all1_equal_random/C101_3.dat,4.0,60.0,3,996.59,"[
    [
        [
            [0, [10, 14, 4, 16, 3, 9, 1]],
            [10, []],
            [14, []],
            [4, [32, 28, 31]],
            [32, [36, 34, 38]],
            [16, [23, 25]],
            [28, [45, 44, 46]],
            [3, []],
            [9, []],
            [23, [49, 48]],
            [31, []],
            [25, [25]],
            [45, []],
            [36, []],
            [44, []],
            [49, []],
            [34, []],
            [38, []],
            [46, []],
            [48, []],
            [1, []]
        ],
        [
            [0, [24, 22, 30, 2, 6, 21, 19, 7, 8, 15, 11, 13, 12, 18, 17, 27, 33, 20, 5, 29, 26]],
            [24, []],
            [22, []],
            [30, []],
            [2, []],
            [6, []],
            [21, []],
            [19, []],
            [7, []],
            [8, [39, 37, 35]],
            [15, [42, 43, 40, 41]],
            [11, []],
            [42, []],
            [13, [50, 47]],
            [43, []],
            [39, []],
            [40, []],
            [12, []],
            [18, []],
            [17, []],
            [50, []],
            [37, []],
            [27, []],
            [41, []],
            [35, []],
            [33, []],
            [20, []],
            [5, []],
            [29, []],
            [26, []],
            [47, []]
        ]
    ],
    [
        [
            [4, [32, 28, 31]]
        ],
        [
            [32, [36, 34, 38]]
        ],
        [
            [16, [23, 25]]
        ],
        [
            [28, [45, 44, 46]]
        ],
        [
            [8, [39, 37, 35]]
        ],
        [
            [15, [42, 43, 40, 41]]
        ],
        [
            [23, [49, 48]]
        ],
        [
            [13, [50, 47]]
        ]
    ]
]",,,574.3053774189211,0,8,2.75,,,,,results/sol_best_C101_3.dat_A4_L60_pid2776.txt,(not found),C101_3.dat_A4_L60_r3.log
32,test_data/data_demand_random_50_batch_all1_equal_random/C101_3.dat,4.0,90.0,1,1002.62,"[
    [
        [
            [0, [28, 30, 36, 10, 14, 34, 38, 20, 32, 16, 5, 4, 1, 26, 29]],
            [28, []],
            [30, []],
            [36, []],
            [45, [45, 44, 46]],
            [44, [44, 44, 44, 44, 44, 44, 44, 44]],
            [10, []],
            [14, [49, 48]],
            [49, []],
            [34, []],
            [38, []],
            [46, [46, 46, 46, 46, 46, 46, 46, 46]],
            [20, []],
            [32, []],
            [16, []],
            [5, []],
            [4, []],
            [48, []],
            [1, []],
            [26, []],
            [29, []]
        ],
        [
            [0, [8, 11, 6, 2, 7, 13, 12]],
            [3, [9, 3]],
            [9, []],
            [8, []],
            [11, [15, 19, 18, 17]],
            [15, []],
            [6, []],
            [22, [22, 25, 24, 21]],
            [23, [23, 27, 33]],
            [25, []],
            [24, [39, 37, 35, 31]],
            [31, []],
            [2, [42, 43, 40, 41]],
            [19, []],
            [7, [50, 47]],
            [13, []],
            [43, []],
            [42, []],
            [21, []],
            [39, []],
            [40, []],
            [12, []],
            [18, []],
            [17, []],
            [50, []],
            [37, []],
            [27, []],
            [41, []],
            [35, []],
            [33, []],
            [47, []]
        ]
    ],
    [
        [
            [3, [9, 3]]
        ],
        [
            [11, [15, 19, 18, 17]]
        ],
        [
            [22, [22, 25, 24, 21]]
        ],
        [
            [23, [23, 27, 33]]
        ],
        [
            [24, [39, 37, 35, 31]]
        ],
        [
            [2, [42, 43, 40, 41]]
        ],
        [
            [45, [45, 44, 46]]
        ],
        [
            [7, [50, 47]]
        ],
        [
            [14, [49, 48]]
        ]
    ]
]",,,529.4683291209518,0,9,3.111111111111111,,,,,results/sol_best_C101_3.dat_A4_L90_pid2751.txt,(not found),C101_3.dat_A4_L90_r1.log
32,test_data/data_demand_random_50_batch_all1_equal_random/C101_3.dat,4.0,90.0,2,1000.53,"[
    [
        [
            [0, [17, 9, 15, 18, 16, 4, 3, 10, 14, 5, 1]],
            [17, []],
            [9, []],
            [15, [26, 20]],
            [18, []],
            [16, []],
            [4, []],
            [26, [28, 30, 29]],
            [28, [36, 34, 38]],
            [30, [44, 46, 45]],
            [45, []],
            [36, []],
            [3, []],
            [10, []],
            [14, [49, 48]],
            [44, []],
            [49, []],
            [34, []],
            [38, []],
            [46, []],
            [20, []],
            [5, []],
            [48, []],
            [1, []],
            [29, []]
        ],
        [
            [0, [7, 8, 11, 19, 6, 31, 25, 22, 24, 2, 23, 13, 21, 12, 27, 33, 32]],
            [7, []],
            [8, []],
            [11, []],
            [19, []],
            [6, [39, 37, 35]],
            [31, []],
            [25, []],
            [22, []],
            [24, []],
            [2, [42, 43, 40, 41]],
            [23, []],
            [43, []],
            [13, [50, 47]],
            [42, []],
            [21, []],
            [39, [39]],
            [40, []],
            [12, []],
            [50, []],
            [37, [37]],
            [27, []],
            [41, []],
            [35, [35]],
            [33, []],
            [32, []],
            [47, []]
        ]
    ],
    [
        [
            [6, [39, 37, 35]]
        ],
        [
            [15, [26, 20]]
        ],
        [
            [26, [28, 30, 29]]
        ],
        [
            [28, [36, 34, 38]]
        ],
        [
            [30, [44, 46, 45]]
        ],
        [
            [2, [42, 43, 40, 41]]
        ],
        [
            [14, [49, 48]]
        ],
        [
            [13, [50, 47]]
        ]
    ]
]",,,606.4046817811374,0,8,2.75,,,,,results/sol_best_C101_3.dat_A4_L90_pid2753.txt,(not found),C101_3.dat_A4_L90_r2.log
32,test_data/data_demand_random_50_batch_all1_equal_random/C101_3.dat,4.0,90.0,3,1007.0,"[
    [
        [
            [0, [4, 5, 23, 3, 10, 14, 1, 26]],
            [4, []],
            [29, [29, 32, 28]],
            [5, []],
            [32, []],
            [23, [36, 34, 38]],
            [28, []],
            [3, [45, 44, 46]],
            [36, []],
            [45, []],
            [10, []],
            [14, [49, 48]],
            [44, []],
            [49, []],
            [34, []],
            [38, []],
            [46, []],
            [48, []],
            [1, []],
            [26, []]
        ],
        [
            [0, [8, 7, 13, 15, 6, 24, 22, 25, 2, 9, 12, 21, 11, 19, 18, 17, 20, 16]],
            [8, [31, 30, 27, 33]],
            [7, []],
            [13, []],
            [15, []],
            [6, []],
            [31, [31, 31]],
            [24, []],
            [22, []],
            [25, []],
            [30, [30, 30]],
            [2, [39, 37, 35]],
            [9, [42, 43, 40, 41]],
            [12, []],
            [21, []],
            [42, []],
            [43, []],
            [11, []],
            [19, [50, 47]],
            [39, []],
            [40, []],
            [18, []],
            [17, []],
            [50, []],
            [37, []],
            [27, [27, 27]],
            [41, []],
            [35, []],
            [33, [33, 33]],
            [20, []],
            [16, []],
            [47, []]
        ]
    ],
    [
        [
            [8, [31, 30, 27, 33]]
        ],
        [
            [29, [29, 32, 28]]
        ],
        [
            [23, [36, 34, 38]]
        ],
        [
            [2, [39, 37, 35]]
        ],
        [
            [3, [45, 44, 46]]
        ],
        [
            [9, [42, 43, 40, 41]]
        ],
        [
            [14, [49, 48]]
        ],
        [
            [19, [50, 47]]
        ]
    ]
]",,,577.3305790288896,0,8,3.0,,,,,results/sol_best_C101_3.dat_A4_L90_pid2754.txt,(not found),C101_3.dat_A4_L90_r3.log
33,test_data/data_demand_random_50_batch_all1_equal_random/C101_3.dat,4.0,120.0,1,1042.0,"[
    [
        [
            [0, [45, 36, 31, 30, 3, 10, 14, 46]],
            [45, []],
            [36, []],
            [31, []],
            [30, []],
            [3, []],
            [10, []],
            [14, [49, 48]],
            [49, []],
            [46, []],
            [48, []]
        ],
        [
            [0, [4, 1, 20, 5, 16, 17, 12, 9, 24, 22, 25, 2, 6, 15, 13, 7, 8, 11, 19, 21, 18, 26]],
            [4, []],
            [1, []],
            [20, []],
            [5, []],
            [16, []],
            [29, [27, 33, 29, 23]],
            [17, []],
            [12, [39, 37, 35, 34]],
            [34, []],
            [9, []],
            [24, []],
            [22, []],
            [25, []],
            [2, [42, 43, 40, 41]],
            [6, []],
            [15, []],
            [23, []],
            [42, []],
            [43, []],
            [13, [47, 44, 50, 38]],
            [7, []],
            [8, []],
            [11, []],
            [19, []],
            [39, []],
            [21, []],
            [28, [28, 32]],
            [40, []],
            [38, []],
            [18, []],
            [44, []],
            [50, []],
            [37, []],
            [27, []],
            [41, []],
            [35, []],
            [33, []],
            [32, []],
            [26, []],
            [47, []]
        ]
    ],
    [
        [
            [14, [49, 48]]
        ],
        [
            [29, [27, 33, 29, 23]]
        ],
        [
            [12, [39, 37, 35, 34]]
        ],
        [
            [2, [42, 43, 40, 41]]
        ],
        [
            [13, [47, 44, 50, 38]]
        ],
        [
            [28, [28, 32]]
        ]
    ]
]",,,679.2346377366897,0,6,3.3333333333333335,,,,,results/sol_best_C101_3.dat_A4_L120_pid2815.txt,(not found),C101_3.dat_A4_L120_r1.log
33,test_data/data_demand_random_50_batch_all1_equal_random/C101_3.dat,4.0,120.0,2,1016.0,"[
    [
        [
            [0, [4, 7, 8, 13, 9, 3, 10, 14, 5, 1]],
            [4, []],
            [11, [11]],
            [7, [15, 23, 20, 26]],
            [8, []],
            [13, []],
            [15, []],
            [30, [30]],
            [31, [31, 28, 29]],
            [23, [36, 34, 38]],
            [9, []],
            [28, [45, 44, 46]],
            [3, []],
            [36, []],
            [45, []],
            [10, []],
            [14, [49, 48]],
            [49, []],
            [44, []],
            [34, []],
            [38, []],
            [46, []],
            [20, []],
            [5, []],
            [48, []],
            [1, []],
            [26, []],
            [29, []]
        ],
        [
            [0, [12, 6, 2, 19, 18, 17, 16]],
            [24, [24, 22, 25, 21]],
            [22, [22, 22]],
            [12, []],
            [6, [39, 37, 35, 32]],
            [25, [25, 25]],
            [2, [42, 43, 40, 41]],
            [21, [21, 21]],
            [42, []],
            [43, []],
            [39, [50, 47, 27, 33]],
            [19, []],
            [40, []],
            [18, []],
            [17, []],
            [50, []],
            [37, []],
            [27, []],
            [41, []],
            [35, []],
            [33, []],
            [32, []],
            [16, []],
            [47, []]
        ]
    ],
    [
        [
            [24, [24, 22, 25, 21]]
        ],
        [
            [11, [11]]
        ],
        [
            [7, [15, 23, 20, 26]]
        ],
        [
            [30, [30]]
        ],
        [
            [31, [31, 28, 29]]
        ],
        [
            [23, [36, 34, 38]]
        ],
        [
            [6, [39, 37, 35, 32]]
        ],
        [
            [28, [45, 44, 46]]
        ],
        [
            [2, [42, 43, 40, 41]]
        ],
        [
            [14, [49, 48]]
        ],
        [
            [39, [50, 47, 27, 33]]
        ]
    ]
]",,,506.5257871578103,0,11,3.0,,,,,results/sol_best_C101_3.dat_A4_L120_pid2817.txt,(not found),C101_3.dat_A4_L120_r2.log
33,test_data/data_demand_random_50_batch_all1_equal_random/C101_3.dat,4.0,120.0,3,1129.54,"[
    [
        [
            [0, [24, 15, 23, 3, 9, 31, 30, 10, 14, 28, 29, 26, 16, 32, 5, 4]],
            [24, []],
            [15, []],
            [23, [36, 34, 38]],
            [3, [45, 44, 46]],
            [9, []],
            [31, []],
            [30, []],
            [45, []],
            [36, []],
            [10, []],
            [14, [49, 48]],
            [44, []],
            [49, []],
            [28, []],
            [34, []],
            [38, []],
            [46, []],
            [29, []],
            [26, []],
            [16, []],
            [32, []],
            [5, []],
            [4, []],
            [48, []]
        ],
        [
            [0, [1, 20, 12, 19, 11, 8, 7, 13, 6, 2, 25, 22, 21, 18, 17, 27, 33]],
            [1, []],
            [20, []],
            [35, [35, 39, 37]],
            [12, [42, 43, 40, 41]],
            [19, []],
            [11, []],
            [8, []],
            [7, []],
            [13, [50, 47]],
            [6, []],
            [2, []],
            [25, []],
            [22, []],
            [21, []],
            [42, []],
            [43, []],
            [39, [39]],
            [40, []],
            [18, []],
            [17, []],
            [50, []],
            [37, [37]],
            [27, []],
            [41, []],
            [33, []],
            [47, []]
        ]
    ],
    [
        [
            [35, [35, 39, 37]]
        ],
        [
            [23, [36, 34, 38]]
        ],
        [
            [3, [45, 44, 46]]
        ],
        [
            [12, [42, 43, 40, 41]]
        ],
        [
            [14, [49, 48]]
        ],
        [
            [13, [50, 47]]
        ]
    ]
]",,,683.6222745681229,0,6,2.8333333333333335,,,,,results/sol_best_C101_3.dat_A4_L120_pid2818.txt,(not found),C101_3.dat_A4_L120_r3.log
34,test_data/data_demand_random_50_batch_all1_equal_random/C101_3.dat,8.0,60.0,1,1004.59,"[
    [
        [
            [0, [5, 3, 9, 10, 14, 4, 1]],
            [5, []],
            [3, []],
            [9, []],
            [10, []],
            [14, []],
            [28, [28]],
            [20, [30, 31, 29, 32, 20, 23, 26, 16]],
            [30, []],
            [23, [49, 48, 45, 44, 46, 36, 34, 38]],
            [31, []],
            [45, []],
            [36, []],
            [44, []],
            [49, []],
            [34, []],
            [38, []],
            [46, []],
            [16, [16]],
            [32, []],
            [4, []],
            [48, []],
            [1, []],
            [26, []],
            [29, []]
        ],
        [
            [0, [12, 13, 11, 8, 15, 6, 2, 25, 22, 24, 21, 7, 19, 18, 17]],
            [12, []],
            [13, [27, 33]],
            [11, []],
            [8, []],
            [15, []],
            [6, []],
            [2, []],
            [25, []],
            [22, []],
            [24, []],
            [21, [42, 43, 40, 41, 39, 37, 35]],
            [42, [42]],
            [43, [43]],
            [7, []],
            [19, [50, 47]],
            [39, [39]],
            [40, [40]],
            [18, []],
            [17, []],
            [50, []],
            [37, [37]],
            [27, [27, 27]],
            [41, [41]],
            [35, [35]],
            [33, [33, 33]],
            [47, []]
        ]
    ],
    [
        [
            [13, [27, 33]]
        ],
        [
            [28, [28]]
        ],
        [
            [20, [30, 31, 29, 32, 20, 23, 26, 16]]
        ],
        [
            [23, [49, 48, 45, 44, 46, 36, 34, 38]]
        ],
        [
            [21, [42, 43, 40, 41, 39, 37, 35]]
        ],
        [
            [19, [50, 47]]
        ]
    ]
]",,,572.256853380741,0,6,4.666666666666667,,,,,results/sol_best_C101_3.dat_A8_L60_pid2751.txt,(not found),C101_3.dat_A8_L60_r1.log
34,test_data/data_demand_random_50_batch_all1_equal_random/C101_3.dat,8.0,60.0,2,961.0,"[
    [
        [
            [0, [3, 2]],
            [8, [6, 8, 9, 10, 7]],
            [9, []],
            [3, []],
            [12, [12, 14]],
            [10, []],
            [14, []],
            [18, [26, 25, 18, 19, 21, 15, 20]],
            [19, []],
            [21, []],
            [15, []],
            [13, [13, 24]],
            [7, [30, 28, 29, 32, 22, 31]],
            [31, []],
            [6, []],
            [2, []],
            [30, []],
            [22, []],
            [25, []],
            [24, []],
            [44, [44, 34, 38]],
            [38, []],
            [34, []],
            [28, [49, 48, 45, 46, 36]],
            [36, []],
            [45, []],
            [49, []],
            [46, []],
            [20, []],
            [32, []],
            [48, []],
            [26, []],
            [29, []]
        ],
        [
            [0, [4, 16, 1, 5, 11, 17]],
            [4, []],
            [16, []],
            [1, []],
            [5, []],
            [11, []],
            [23, [23, 39]],
            [43, [41, 37, 35, 43, 40, 42]],
            [42, []],
            [39, []],
            [40, []],
            [17, [27, 33, 50, 47]],
            [50, []],
            [37, []],
            [27, []],
            [41, []],
            [35, []],
            [33, []],
            [47, []]
        ]
    ],
    [
        [
            [8, [6, 8, 9, 10, 7]]
        ],
        [
            [12, [12, 14]]
        ],
        [
            [18, [26, 25, 18, 19, 21, 15, 20]]
        ],
        [
            [13, [13, 24]]
        ],
        [
            [7, [30, 28, 29, 32, 22, 31]]
        ],
        [
            [44, [44, 34, 38]]
        ],
        [
            [23, [23, 39]]
        ],
        [
            [43, [41, 37, 35, 43, 40, 42]]
        ],
        [
            [28, [49, 48, 45, 46, 36]]
        ],
        [
            [17, [27, 33, 50, 47]]
        ]
    ]
]",,,401.72907674412215,0,10,4.2,,,,,results/sol_best_C101_3.dat_A8_L60_pid2753.txt,(not found),C101_3.dat_A8_L60_r2.log
34,test_data/data_demand_random_50_batch_all1_equal_random/C101_3.dat,8.0,60.0,3,1004.55,"[
    [
        [
            [0, [4, 14, 9, 10, 3, 1]],
            [4, []],
            [14, []],
            [20, [20]],
            [16, [16]],
            [28, [28]],
            [9, [30, 31, 29, 23, 26]],
            [10, []],
            [3, []],
            [30, []],
            [23, [49, 48, 45, 44, 46, 36, 34, 38]],
            [31, []],
            [45, []],
            [36, []],
            [44, []],
            [49, []],
            [34, []],
            [38, []],
            [46, []],
            [29, []],
            [48, []],
            [1, []],
            [26, []]
        ],
        [
            [0, [24, 25, 8, 7, 11, 13, 15, 2, 22, 6, 19, 21, 12, 18, 17, 5]],
            [24, []],
            [25, []],
            [8, []],
            [7, []],
            [11, [39, 37, 35, 27, 33, 32]],
            [13, []],
            [15, []],
            [2, []],
            [22, []],
            [6, []],
            [19, [50, 47, 42, 43, 40, 41]],
            [21, []],
            [42, []],
            [43, []],
            [39, []],
            [40, []],
            [12, []],
            [18, []],
            [17, []],
            [50, []],
            [37, []],
            [27, []],
            [41, []],
            [35, []],
            [33, []],
            [32, []],
            [5, []],
            [47, []]
        ]
    ],
    [
        [
            [20, [20]]
        ],
        [
            [16, [16]]
        ],
        [
            [28, [28]]
        ],
        [
            [9, [30, 31, 29, 23, 26]]
        ],
        [
            [23, [49, 48, 45, 44, 46, 36, 34, 38]]
        ],
        [
            [11, [39, 37, 35, 27, 33, 32]]
        ],
        [
            [19, [50, 47, 42, 43, 40, 41]]
        ]
    ]
]",,,511.04747275776225,0,7,4.0,,,,,results/sol_best_C101_3.dat_A8_L60_pid2754.txt,(not found),C101_3.dat_A8_L60_r3.log
35,test_data/data_demand_random_50_batch_all1_equal_random/C101_3.dat,8.0,90.0,1,972.03,"[
    [
        [
            [0, [3, 4, 1, 2]],
            [3, []],
            [4, [10, 8, 7, 6]],
            [1, []],
            [14, [14]],
            [10, []],
            [16, [16, 11, 15, 18]],
            [8, [23, 24, 25]],
            [7, []],
            [11, []],
            [23, []],
            [15, []],
            [30, [26, 20, 30, 31]],
            [2, []],
            [25, []],
            [31, []],
            [6, []],
            [24, []],
            [18, []],
            [38, [29, 32, 28, 38, 34]],
            [28, [45, 46, 44, 36, 48]],
            [45, []],
            [36, []],
            [34, []],
            [44, []],
            [46, []],
            [20, []],
            [32, []],
            [48, []],
            [26, []],
            [29, []]
        ],
        [
            [0, [9, 22, 17, 13, 21, 19, 12, 5]],
            [9, []],
            [22, []],
            [17, []],
            [13, []],
            [21, []],
            [42, [43, 40, 41, 37, 35, 39, 42]],
            [19, []],
            [43, []],
            [39, [50, 47, 27, 33, 49]],
            [40, []],
            [12, []],
            [49, []],
            [50, []],
            [37, []],
            [27, []],
            [41, []],
            [35, []],
            [33, []],
            [5, []],
            [47, []]
        ]
    ],
    [
        [
            [4, [10, 8, 7, 6]]
        ],
        [
            [14, [14]]
        ],
        [
            [16, [16, 11, 15, 18]]
        ],
        [
            [8, [23, 24, 25]]
        ],
        [
            [30, [26, 20, 30, 31]]
        ],
        [
            [38, [29, 32, 28, 38, 34]]
        ],
        [
            [28, [45, 46, 44, 36, 48]]
        ],
        [
            [42, [43, 40, 41, 37, 35, 39, 42]]
        ],
        [
            [39, [50, 47, 27, 33, 49]]
        ]
    ]
]",,,456.8402686487022,0,9,4.222222222222222,,,,,results/sol_best_C101_3.dat_A8_L90_pid2772.txt,(not found),C101_3.dat_A8_L90_r1.log
35,test_data/data_demand_random_50_batch_all1_equal_random/C101_3.dat,8.0,90.0,2,995.0,"[
    [
        [
            [0, [23, 9, 3, 24, 10, 14, 1, 26]],
            [18, [12, 18]],
            [30, [30]],
            [23, [36, 34, 38]],
            [38, []],
            [12, []],
            [9, []],
            [34, [28, 29]],
            [28, []],
            [3, [45, 44, 46]],
            [45, []],
            [36, []],
            [24, []],
            [10, []],
            [14, [49, 48]],
            [49, []],
            [44, []],
            [46, []],
            [48, []],
            [1, []],
            [26, []],
            [29, []]
        ],
        [
            [0, [4, 7, 8, 11, 13, 6, 2, 5]],
            [19, [19, 16, 15, 17]],
            [16, [16, 16, 16, 16, 16, 16, 16, 16]],
            [4, []],
            [7, []],
            [8, []],
            [11, []],
            [13, [31, 27, 33, 32, 25, 22, 21, 20]],
            [6, []],
            [31, []],
            [25, []],
            [22, []],
            [2, []],
            [15, [42, 43, 40, 41, 39, 37, 35]],
            [42, []],
            [43, []],
            [21, []],
            [39, [50, 47]],
            [40, []],
            [17, [17, 17, 17, 17, 17, 17, 17, 17]],
            [50, []],
            [37, []],
            [27, []],
            [41, []],
            [35, []],
            [33, []],
            [20, []],
            [32, []],
            [5, []],
            [47, []]
        ]
    ],
    [
        [
            [19, [19, 16, 15, 17]]
        ],
        [
            [13, [31, 27, 33, 32, 25, 22, 21, 20]]
        ],
        [
            [18, [12, 18]]
        ],
        [
            [30, [30]]
        ],
        [
            [23, [36, 34, 38]]
        ],
        [
            [34, [28, 29]]
        ],
        [
            [3, [45, 44, 46]]
        ],
        [
            [15, [42, 43, 40, 41, 39, 37, 35]]
        ],
        [
            [14, [49, 48]]
        ],
        [
            [39, [50, 47]]
        ]
    ]
]",,,529.7253850455284,0,10,3.4,,,,,results/sol_best_C101_3.dat_A8_L90_pid2774.txt,(not found),C101_3.dat_A8_L90_r2.log
35,test_data/data_demand_random_50_batch_all1_equal_random/C101_3.dat,8.0,90.0,3,948.0,"[
    [
        [
            [0, [29, 38, 23, 28, 34, 9, 3, 36]],
            [29, []],
            [38, []],
            [23, []],
            [28, []],
            [34, []],
            [9, []],
            [3, [49, 48, 45, 44, 46]],
            [36, []],
            [45, []],
            [44, []],
            [49, []],
            [46, []],
            [48, []]
        ],
        [
            [0, [4, 8, 7, 6, 2, 10, 5, 1]],
            [4, []],
            [14, [14]],
            [18, [18, 16]],
            [16, [15, 19, 17, 11, 13, 12]],
            [19, []],
            [11, []],
            [8, []],
            [7, []],
            [13, []],
            [15, [27, 33, 31, 30, 25, 22, 24, 20]],
            [6, []],
            [24, []],
            [2, []],
            [30, []],
            [22, []],
            [25, []],
            [31, [26, 21, 39]],
            [43, [42, 43]],
            [42, []],
            [21, []],
            [39, [40, 41, 37, 35]],
            [40, []],
            [12, [50, 47, 32]],
            [17, []],
            [50, []],
            [37, []],
            [27, []],
            [41, []],
            [10, []],
            [35, []],
            [33, []],
            [20, []],
            [32, []],
            [5, []],
            [47, []],
            [1, []],
            [26, []]
        ]
    ],
    [
        [
            [14, [14]]
        ],
        [
            [18, [18, 16]]
        ],
        [
            [16, [15, 19, 17, 11, 13, 12]]
        ],
        [
            [15, [27, 33, 31, 30, 25, 22, 24, 20]]
        ],
        [
            [31, [26, 21, 39]]
        ],
        [
            [43, [42, 43]]
        ],
        [
            [39, [40, 41, 37, 35]]
        ],
        [
            [3, [49, 48, 45, 44, 46]]
        ],
        [
            [12, [50, 47, 32]]
        ]
    ]
]",,,507.6251078944234,0,9,3.7777777777777777,,,,,results/sol_best_C101_3.dat_A8_L90_pid2775.txt,(not found),C101_3.dat_A8_L90_r3.log
36,test_data/data_demand_random_50_batch_all1_equal_random/C101_3.dat,8.0,120.0,1,1004.55,"[
    [
        [
            [0, [16, 20, 14, 10, 9, 23, 3, 5, 4, 1, 26]],
            [16, []],
            [32, [32, 28, 29]],
            [20, []],
            [14, []],
            [10, []],
            [9, []],
            [28, [28, 28, 28, 28, 28, 28, 28, 28, 28, 28, 28, 28]],
            [23, []],
            [3, [49, 48, 45, 44, 46, 36, 34, 38]],
            [36, []],
            [45, []],
            [44, []],
            [49, []],
            [34, []],
            [38, []],
            [46, []],
            [29, [29, 29, 29, 29, 29, 29, 29, 29, 29, 29, 29, 29]],
            [5, []],
            [4, []],
            [48, []],
            [1, []],
            [26, []]
        ],
        [
            [0, [7, 8, 15, 6, 12, 2, 19, 11, 13, 18, 17]],
            [7, []],
            [8, []],
            [15, []],
            [6, [22, 25, 24, 21]],
            [22, []],
            [25, []],
            [31, [31]],
            [12, [39, 37, 35]],
            [24, []],
            [30, [27, 33, 30]],
            [2, [42, 43, 40, 41]],
            [19, [50, 47]],
            [11, []],
            [13, []],
            [43, []],
            [42, []],
            [21, []],
            [39, []],
            [40, []],
            [18, []],
            [17, []],
            [50, []],
            [37, []],
            [27, []],
            [41, []],
            [35, []],
            [33, []],
            [47, []]
        ]
    ],
    [
        [
            [32, [32, 28, 29]]
        ],
        [
            [6, [22, 25, 24, 21]]
        ],
        [
            [31, [31]]
        ],
        [
            [12, [39, 37, 35]]
        ],
        [
            [30, [27, 33, 30]]
        ],
        [
            [2, [42, 43, 40, 41]]
        ],
        [
            [3, [49, 48, 45, 44, 46, 36, 34, 38]]
        ],
        [
            [19, [50, 47]]
        ]
    ]
]",,,534.6983740852583,0,8,3.5,,,,,results/sol_best_C101_3.dat_A8_L120_pid2752.txt,(not found),C101_3.dat_A8_L120_r1.log
36,test_data/data_demand_random_50_batch_all1_equal_random/C101_3.dat,8.0,120.0,2,972.03,"[
    [
        [
            [0, [9, 10, 4, 6, 2]],
            [9, []],
            [10, [14]],
            [14, []],
            [4, []],
            [12, [15, 12, 18, 16]],
            [18, []],
            [17, [17, 24]],
            [15, []],
            [21, [20, 26, 21, 31, 25, 30]],
            [6, []],
            [30, []],
            [31, []],
            [2, [36, 34, 38, 29, 32, 28]],
            [25, []],
            [36, []],
            [24, []],
            [45, [45, 44]],
            [28, [46, 49, 48]],
            [44, []],
            [49, []],
            [34, []],
            [38, []],
            [46, []],
            [20, []],
            [32, []],
            [16, []],
            [48, []],
            [26, []],
            [29, []]
        ],
        [
            [0, [23, 11, 22, 3, 13, 7, 19, 8, 5, 1]],
            [23, []],
            [11, []],
            [22, []],
            [3, []],
            [13, [40, 41, 39, 37, 35, 42, 43]],
            [43, []],
            [42, []],
            [7, []],
            [19, []],
            [8, []],
            [39, [50, 47, 27, 33]],
            [40, []],
            [50, []],
            [37, []],
            [27, []],
            [41, []],
            [35, []],
            [33, []],
            [5, []],
            [1, []],
            [47, []]
        ]
    ],
    [
        [
            [10, [14]]
        ],
        [
            [12, [15, 12, 18, 16]]
        ],
        [
            [17, [17, 24]]
        ],
        [
            [21, [20, 26, 21, 31, 25, 30]]
        ],
        [
            [2, [36, 34, 38, 29, 32, 28]]
        ],
        [
            [45, [45, 44]]
        ],
        [
            [13, [40, 41, 39, 37, 35, 42, 43]]
        ],
        [
            [28, [46, 49, 48]]
        ],
        [
            [39, [50, 47, 27, 33]]
        ]
    ]
]",,,509.86713284350117,0,9,3.888888888888889,,,,,results/sol_best_C101_3.dat_A8_L120_pid2754.txt,(not found),C101_3.dat_A8_L120_r2.log
36,test_data/data_demand_random_50_batch_all1_equal_random/C101_3.dat,8.0,120.0,3,972.03,"[
    [
        [
            [0, [3, 4, 2, 5, 1]],
            [3, []],
            [4, [10, 6, 9]],
            [10, [14]],
            [14, []],
            [18, [12, 18, 17]],
            [9, []],
            [17, []],
            [12, []],
            [2, []],
            [25, [25, 23, 20, 26, 21]],
            [30, [24, 31, 28, 29, 32, 30]],
            [24, []],
            [31, []],
            [6, []],
            [21, [36, 34, 38]],
            [23, []],
            [34, []],
            [38, []],
            [28, [45, 44, 46]],
            [45, []],
            [36, [49, 48]],
            [44, []],
            [49, []],
            [46, []],
            [20, []],
            [32, []],
            [5, []],
            [48, []],
            [1, []],
            [26, []],
            [29, []]
        ],
        [
            [0, [15, 16, 7, 8, 11, 19, 13]],
            [15, []],
            [22, [22]],
            [16, []],
            [7, [42, 43, 40, 41, 39, 37, 35]],
            [8, []],
            [11, []],
            [42, []],
            [43, []],
            [19, []],
            [13, []],
            [39, [50, 47, 27, 33]],
            [40, []],
            [50, []],
            [37, []],
            [27, []],
            [41, []],
            [35, []],
            [33, []],
            [47, []]
        ]
    ],
    [
        [
            [22, [22]]
        ],
        [
            [4, [10, 6, 9]]
        ],
        [
            [10, [14]]
        ],
        [
            [18, [12, 18, 17]]
        ],
        [
            [25, [25, 23, 20, 26, 21]]
        ],
        [
            [30, [24, 31, 28, 29, 32, 30]]
        ],
        [
            [21, [36, 34, 38]]
        ],
        [
            [28, [45, 44, 46]]
        ],
        [
            [7, [42, 43, 40, 41, 39, 37, 35]]
        ],
        [
            [36, [49, 48]]
        ],
        [
            [39, [50, 47, 27, 33]]
        ]
    ]
]",,,472.6532494581863,0,11,3.4545454545454546,,,,,results/sol_best_C101_3.dat_A8_L120_pid2755.txt,(not found),C101_3.dat_A8_L120_r3.log
37,test_data/data_demand_random_50_batch_all1_equal_random/C201_0.5.dat,4.0,60.0,1,612.0,"[
    [
        [
            [0, [13, 19, 7, 6, 25, 15, 27, 39, 5, 26, 28, 35, 34, 17, 10, 12, 41, 36, 1, 42, 22, 32, 14, 38]],
            [13, []],
            [19, []],
            [7, []],
            [6, [47, 49, 46, 43]],
            [25, []],
            [47, []],
            [15, []],
            [27, []],
            [39, []],
            [46, []],
            [5, []],
            [43, []],
            [26, []],
            [28, []],
            [35, []],
            [34, []],
            [17, []],
            [10, []],
            [12, []],
            [41, []],
            [49, []],
            [36, []],
            [1, []],
            [42, []],
            [22, []],
            [32, []],
            [14, []],
            [38, []]
        ],
        [
            [0, [3, 20, 21, 4, 16, 8, 2, 11, 18, 9]],
            [3, [30, 29, 23]],
            [20, [48, 50, 44, 45]],
            [30, [40, 33, 31]],
            [24, [24, 37]],
            [37, []],
            [21, []],
            [48, []],
            [23, []],
            [40, []],
            [50, []],
            [33, []],
            [44, []],
            [4, []],
            [16, []],
            [8, []],
            [2, []],
            [11, []],
            [29, []],
            [45, []],
            [18, []],
            [9, []],
            [31, []]
        ]
    ],
    [
        [
            [3, [30, 29, 23]]
        ],
        [
            [20, [48, 50, 44, 45]]
        ],
        [
            [30, [40, 33, 31]]
        ],
        [
            [6, [47, 49, 46, 43]]
        ],
        [
            [24, [24, 37]]
        ]
    ]
]",,,204.9954350216582,0,5,3.2,,,,,results/sol_best_C201_0.5.dat_A4_L60_pid2769.txt,(not found),C201_0.5.dat_A4_L60_r1.log
37,test_data/data_demand_random_50_batch_all1_equal_random/C201_0.5.dat,4.0,60.0,2,620.0,"[
    [
        [
            [0, [13, 19, 7, 6, 25, 39, 15, 27, 5, 26, 28, 35, 34, 17, 10, 12, 41, 36, 1, 42, 14, 38]],
            [13, []],
            [19, []],
            [7, []],
            [6, [47, 49, 46, 43]],
            [25, []],
            [46, []],
            [39, []],
            [47, []],
            [15, []],
            [27, []],
            [5, []],
            [43, []],
            [26, []],
            [28, []],
            [35, []],
            [34, []],
            [17, []],
            [10, []],
            [12, []],
            [41, []],
            [49, []],
            [36, []],
            [1, []],
            [42, []],
            [14, []],
            [38, []]
        ],
        [
            [0, [30, 20, 3, 24, 4, 23, 21, 33, 16, 8, 2, 32, 22, 11, 29, 18, 9, 31]],
            [30, []],
            [20, [37]],
            [3, [48, 50, 45, 40]],
            [24, [44]],
            [44, []],
            [4, []],
            [23, []],
            [48, []],
            [37, []],
            [21, []],
            [40, []],
            [50, []],
            [33, []],
            [16, []],
            [8, []],
            [2, []],
            [32, []],
            [22, []],
            [11, []],
            [29, []],
            [45, []],
            [18, []],
            [9, []],
            [31, []]
        ]
    ],
    [
        [
            [6, [47, 49, 46, 43]]
        ],
        [
            [20, [37]]
        ],
        [
            [3, [48, 50, 45, 40]]
        ],
        [
            [24, [44]]
        ]
    ]
]",,,212.99429377707278,0,4,2.5,,,,,results/sol_best_C201_0.5.dat_A4_L60_pid2771.txt,(not found),C201_0.5.dat_A4_L60_r2.log
37,test_data/data_demand_random_50_batch_all1_equal_random/C201_0.5.dat,4.0,60.0,3,608.17,"[
    [
        [
            [0, [13, 19, 7, 6, 25, 15, 24, 26, 5, 17, 10, 12, 1, 22, 14]],
            [13, []],
            [19, []],
            [7, []],
            [6, [47, 49, 46, 43]],
            [25, [34, 32, 27, 28]],
            [47, []],
            [15, []],
            [27, []],
            [39, [39, 41, 42]],
            [46, [35, 36, 38]],
            [24, []],
            [26, []],
            [5, []],
            [43, []],
            [28, []],
            [35, []],
            [34, []],
            [17, []],
            [10, []],
            [12, []],
            [41, []],
            [49, []],
            [36, []],
            [1, []],
            [42, []],
            [22, []],
            [32, []],
            [14, []],
            [38, []]
        ],
        [
            [0, [30, 20, 3, 23, 37, 21, 40, 33, 4, 16, 8, 2, 11, 29, 18, 9, 31]],
            [30, [44, 45]],
            [20, [48, 50]],
            [3, []],
            [23, []],
            [48, [48, 48]],
            [37, []],
            [21, []],
            [40, []],
            [50, [50, 50]],
            [33, []],
            [4, []],
            [44, [44, 44]],
            [16, []],
            [8, []],
            [2, []],
            [11, []],
            [29, []],
            [45, [45, 45]],
            [18, []],
            [9, []],
            [31, []]
        ]
    ],
    [
        [
            [30, [44, 45]]
        ],
        [
            [20, [48, 50]]
        ],
        [
            [6, [47, 49, 46, 43]]
        ],
        [
            [25, [34, 32, 27, 28]]
        ],
        [
            [39, [39, 41, 42]]
        ],
        [
            [46, [35, 36, 38]]
        ]
    ]
]",,,219.9800436647911,0,6,3.0,,,,,results/sol_best_C201_0.5.dat_A4_L60_pid2772.txt,(not found),C201_0.5.dat_A4_L60_r3.log
38,test_data/data_demand_random_50_batch_all1_equal_random/C201_0.5.dat,4.0,90.0,1,624.0,"[
    [
        [
            [0, [13, 19, 7, 6, 25, 15, 27, 39, 24, 26, 28, 17, 10, 12, 41, 36, 1, 42, 22, 32, 14, 38]],
            [13, [47, 49, 46, 43]],
            [19, []],
            [7, []],
            [6, []],
            [25, []],
            [47, []],
            [15, []],
            [27, []],
            [39, []],
            [46, []],
            [24, []],
            [26, []],
            [43, []],
            [28, []],
            [17, []],
            [10, []],
            [12, []],
            [41, []],
            [49, []],
            [36, []],
            [1, []],
            [42, []],
            [22, []],
            [32, []],
            [14, []],
            [38, []]
        ],
        [
            [0, [5, 20, 3, 23, 21, 4, 16, 8, 2, 18, 9, 11]],
            [5, [30, 29]],
            [30, [30]],
            [20, [37, 35, 34]],
            [3, [48, 50, 44, 45]],
            [48, []],
            [23, []],
            [21, []],
            [37, []],
            [40, [40, 33, 31]],
            [50, []],
            [33, [33]],
            [4, []],
            [44, []],
            [16, []],
            [8, []],
            [2, []],
            [35, []],
            [34, []],
            [29, [29]],
            [45, []],
            [18, []],
            [9, []],
            [11, []],
            [31, [31]]
        ]
    ],
    [
        [
            [5, [30, 29]]
        ],
        [
            [20, [37, 35, 34]]
        ],
        [
            [13, [47, 49, 46, 43]]
        ],
        [
            [3, [48, 50, 44, 45]]
        ],
        [
            [40, [40, 33, 31]]
        ]
    ]
]",,,189.86222967277524,0,5,3.2,,,,,results/sol_best_C201_0.5.dat_A4_L90_pid2786.txt,(not found),C201_0.5.dat_A4_L90_r1.log
38,test_data/data_demand_random_50_batch_all1_equal_random/C201_0.5.dat,4.0,90.0,2,631.0,"[
    [
        [
            [0, [13, 19, 7, 6, 25, 15, 27, 24, 26, 5, 28, 35, 34, 17, 10, 12, 36, 1, 22, 32, 14, 38]],
            [13, [47, 49, 46, 43]],
            [19, [39, 41, 42]],
            [7, []],
            [6, []],
            [25, []],
            [47, []],
            [15, []],
            [27, []],
            [39, []],
            [46, []],
            [24, []],
            [26, []],
            [5, []],
            [43, []],
            [28, []],
            [35, []],
            [34, []],
            [17, []],
            [10, []],
            [12, []],
            [41, []],
            [49, []],
            [36, []],
            [1, []],
            [42, []],
            [22, []],
            [32, []],
            [14, []],
            [38, []]
        ],
        [
            [0, [30, 20, 3, 23, 37, 21, 40, 33, 4, 16, 8, 2, 11, 29, 18, 9, 31]],
            [30, []],
            [20, [48, 50, 44, 45]],
            [3, []],
            [23, []],
            [48, [48, 48, 48, 48, 48]],
            [37, []],
            [21, []],
            [40, []],
            [50, [50, 50, 50, 50, 50]],
            [33, []],
            [44, [44, 44, 44, 44, 44]],
            [4, []],
            [16, []],
            [8, []],
            [2, []],
            [11, []],
            [29, []],
            [45, [45, 45, 45, 45, 45]],
            [18, []],
            [9, []],
            [31, []]
        ]
    ],
    [
        [
            [20, [48, 50, 44, 45]]
        ],
        [
            [13, [47, 49, 46, 43]]
        ],
        [
            [19, [39, 41, 42]]
        ]
    ]
]",,,212.15430181543692,0,3,3.6666666666666665,,,,,results/sol_best_C201_0.5.dat_A4_L90_pid2788.txt,(not found),C201_0.5.dat_A4_L90_r2.log
38,test_data/data_demand_random_50_batch_all1_equal_random/C201_0.5.dat,4.0,90.0,3,612.0,"[
    [
        [
            [0, [13, 19, 7, 6, 15, 25, 39, 27, 5, 28, 34, 17, 10, 12, 41, 36, 1, 22, 32, 14, 38]],
            [13, [47, 49, 46, 43]],
            [19, []],
            [7, []],
            [6, []],
            [15, []],
            [25, []],
            [47, []],
            [39, []],
            [27, []],
            [46, []],
            [5, []],
            [43, []],
            [28, []],
            [34, []],
            [17, []],
            [10, []],
            [12, []],
            [41, []],
            [49, []],
            [36, []],
            [1, []],
            [22, []],
            [32, []],
            [14, []],
            [38, []]
        ],
        [
            [0, [20, 3, 4, 21, 16, 8, 2, 11, 18, 9]],
            [20, [26, 24, 23]],
            [26, [30, 29]],
            [30, [37, 33, 31, 40]],
            [3, [48, 50, 45, 44]],
            [24, [24, 24, 24, 24, 24]],
            [44, []],
            [4, []],
            [23, [23, 23, 23, 23, 23]],
            [48, []],
            [37, []],
            [21, []],
            [40, []],
            [50, []],
            [33, []],
            [16, []],
            [8, []],
            [2, []],
            [35, [35, 42]],
            [42, []],
            [11, []],
            [29, []],
            [45, []],
            [18, []],
            [9, []],
            [31, []]
        ]
    ],
    [
        [
            [20, [26, 24, 23]]
        ],
        [
            [26, [30, 29]]
        ],
        [
            [30, [37, 33, 31, 40]]
        ],
        [
            [13, [47, 49, 46, 43]]
        ],
        [
            [3, [48, 50, 45, 44]]
        ],
        [
            [35, [35, 42]]
        ]
    ]
]",,,199.1834286854473,0,6,3.1666666666666665,,,,,results/sol_best_C201_0.5.dat_A4_L90_pid2789.txt,(not found),C201_0.5.dat_A4_L90_r3.log
39,test_data/data_demand_random_50_batch_all1_equal_random/C201_0.5.dat,4.0,120.0,1,612.0,"[
    [
        [
            [0, [13, 19, 7, 6, 25, 15, 27, 39, 24, 26, 28, 35, 34, 17, 10, 12, 41, 36, 1, 42, 22, 32]],
            [13, [47, 49, 46, 43]],
            [19, []],
            [7, []],
            [6, []],
            [25, []],
            [47, []],
            [15, []],
            [27, []],
            [39, []],
            [46, []],
            [24, []],
            [26, []],
            [43, []],
            [28, []],
            [35, []],
            [34, []],
            [17, []],
            [10, []],
            [12, []],
            [41, []],
            [49, []],
            [36, []],
            [1, []],
            [42, []],
            [22, []],
            [32, []]
        ],
        [
            [0, [14, 3, 4, 16, 8, 2, 11, 9]],
            [14, [20, 21, 18]],
            [20, [20]],
            [5, [30, 29, 5]],
            [38, [38, 37, 23]],
            [30, [48, 50, 44, 45]],
            [3, [33, 31, 40]],
            [48, []],
            [23, []],
            [21, [21]],
            [37, []],
            [40, []],
            [50, []],
            [33, []],
            [4, []],
            [44, []],
            [16, []],
            [8, []],
            [2, []],
            [11, []],
            [29, []],
            [45, []],
            [18, [18]],
            [9, []],
            [31, []]
        ]
    ],
    [
        [
            [14, [20, 21, 18]]
        ],
        [
            [5, [30, 29, 5]]
        ],
        [
            [38, [38, 37, 23]]
        ],
        [
            [30, [48, 50, 44, 45]]
        ],
        [
            [13, [47, 49, 46, 43]]
        ],
        [
            [3, [33, 31, 40]]
        ]
    ]
]",,,160.19594424564733,0,6,3.3333333333333335,,,,,results/sol_best_C201_0.5.dat_A4_L120_pid2820.txt,(not found),C201_0.5.dat_A4_L120_r1.log
39,test_data/data_demand_random_50_batch_all1_equal_random/C201_0.5.dat,4.0,120.0,2,623.0,"[
    [
        [
            [0, [13, 19, 7, 6, 25, 15, 27, 24, 26, 28, 35, 34, 17, 10, 12, 36, 1, 22, 32, 14, 38]],
            [13, [47, 49, 46, 43]],
            [19, [39, 41, 42]],
            [7, []],
            [6, []],
            [25, []],
            [47, []],
            [15, []],
            [27, []],
            [39, [39]],
            [46, []],
            [24, []],
            [26, []],
            [43, []],
            [28, []],
            [35, []],
            [34, []],
            [17, []],
            [10, []],
            [12, []],
            [41, [41]],
            [49, []],
            [36, []],
            [1, []],
            [42, [42]],
            [22, []],
            [32, []],
            [14, []],
            [38, []]
        ],
        [
            [0, [20, 5, 30, 3, 23, 21, 33, 4, 16, 8, 2, 11, 29, 18, 9, 31]],
            [20, [40, 37]],
            [5, []],
            [30, [48, 50, 44, 45]],
            [3, []],
            [48, []],
            [23, []],
            [21, []],
            [37, [37]],
            [40, [40]],
            [50, []],
            [33, []],
            [44, []],
            [4, []],
            [16, []],
            [8, []],
            [2, []],
            [11, []],
            [29, []],
            [45, []],
            [18, []],
            [9, []],
            [31, []]
        ]
    ],
    [
        [
            [20, [40, 37]]
        ],
        [
            [30, [48, 50, 44, 45]]
        ],
        [
            [13, [47, 49, 46, 43]]
        ],
        [
            [19, [39, 41, 42]]
        ]
    ]
]",,,191.36572636157769,0,4,3.25,,,,,results/sol_best_C201_0.5.dat_A4_L120_pid2822.txt,(not found),C201_0.5.dat_A4_L120_r2.log
39,test_data/data_demand_random_50_batch_all1_equal_random/C201_0.5.dat,4.0,120.0,3,630.0,"[
    [
        [
            [0, [13, 19, 7, 6, 25, 39, 15, 27, 5, 26, 28, 35, 34, 17, 10, 12, 41, 36, 1, 42, 22, 32, 14, 38]],
            [13, [47, 49, 46, 43]],
            [19, []],
            [7, []],
            [6, []],
            [25, []],
            [46, []],
            [39, []],
            [47, []],
            [15, []],
            [27, []],
            [5, []],
            [26, []],
            [43, []],
            [28, []],
            [35, []],
            [34, []],
            [17, []],
            [10, []],
            [12, []],
            [41, []],
            [49, []],
            [36, []],
            [1, []],
            [42, []],
            [22, []],
            [32, []],
            [14, []],
            [38, []]
        ],
        [
            [0, [20, 30, 3, 24, 4, 23, 37, 21, 40, 33, 16, 8, 2, 11, 29, 18, 9, 31]],
            [20, []],
            [30, [48, 50, 44, 45]],
            [3, []],
            [24, []],
            [44, [44]],
            [4, []],
            [23, []],
            [48, []],
            [37, []],
            [21, []],
            [40, []],
            [50, []],
            [33, []],
            [16, []],
            [8, []],
            [2, []],
            [11, []],
            [29, []],
            [45, [45]],
            [18, []],
            [9, []],
            [31, []]
        ]
    ],
    [
        [
            [13, [47, 49, 46, 43]]
        ],
        [
            [30, [48, 50, 44, 45]]
        ]
    ]
]",,,203.52417469626002,0,2,4.0,,,,,results/sol_best_C201_0.5.dat_A4_L120_pid2823.txt,(not found),C201_0.5.dat_A4_L120_r3.log
40,test_data/data_demand_random_50_batch_all1_equal_random/C201_0.5.dat,8.0,60.0,1,605.0,"[
    [
        [
            [0, [13, 19, 7, 6, 15, 17, 10, 12, 1, 14]],
            [13, []],
            [19, []],
            [7, []],
            [6, [47, 49, 46, 43, 39, 41, 42, 34]],
            [25, [36, 38, 27, 25, 24]],
            [47, []],
            [15, []],
            [27, [27]],
            [39, []],
            [46, []],
            [24, [24]],
            [43, []],
            [34, [34]],
            [17, []],
            [10, []],
            [12, []],
            [41, []],
            [49, []],
            [36, [36]],
            [1, []],
            [42, []],
            [38, [38]],
            [14, []]
        ],
        [
            [0, [20, 5, 3, 21, 4, 16, 8, 2, 22, 11, 18, 9]],
            [20, []],
            [30, [30, 26, 23]],
            [26, [26]],
            [28, [33, 32, 31, 29, 28]],
            [5, [48, 50, 44, 45, 40, 37, 35]],
            [3, []],
            [48, []],
            [23, [23]],
            [21, []],
            [37, []],
            [40, []],
            [50, []],
            [33, []],
            [44, []],
            [4, []],
            [16, []],
            [8, []],
            [2, []],
            [35, []],
            [32, []],
            [22, []],
            [11, []],
            [29, []],
            [45, []],
            [18, []],
            [9, []],
            [31, []]
        ]
    ],
    [
        [
            [30, [30, 26, 23]]
        ],
        [
            [28, [33, 32, 31, 29, 28]]
        ],
        [
            [5, [48, 50, 44, 45, 40, 37, 35]]
        ],
        [
            [6, [47, 49, 46, 43, 39, 41, 42, 34]]
        ],
        [
            [25, [36, 38, 27, 25, 24]]
        ]
    ]
]",,,166.80139801694452,0,5,5.6,,,,,results/sol_best_C201_0.5.dat_A8_L60_pid2726.txt,(not found),C201_0.5.dat_A8_L60_r1.log
40,test_data/data_demand_random_50_batch_all1_equal_random/C201_0.5.dat,8.0,60.0,2,598.0,"[
    [
        [
            [0, [13, 19, 7, 6, 25, 15, 27, 24, 28, 35, 34, 17, 10, 12, 36, 1, 38]],
            [13, []],
            [19, []],
            [7, []],
            [6, [47, 49, 46, 43, 39, 41, 42]],
            [25, []],
            [47, []],
            [15, []],
            [27, []],
            [39, []],
            [46, []],
            [24, []],
            [43, []],
            [28, []],
            [35, []],
            [34, []],
            [17, []],
            [10, []],
            [12, []],
            [41, []],
            [49, []],
            [36, []],
            [1, []],
            [42, []],
            [38, []]
        ],
        [
            [0, [5, 3, 4, 8, 2, 11, 9]],
            [14, [20, 21, 22, 18, 14, 16]],
            [20, [20]],
            [30, [30, 29, 26, 23]],
            [26, [33, 32, 31]],
            [5, []],
            [3, [48, 50, 44, 45, 40, 37]],
            [23, [23]],
            [48, []],
            [37, []],
            [21, [21]],
            [40, []],
            [50, []],
            [33, []],
            [44, []],
            [4, []],
            [16, [16]],
            [8, []],
            [2, []],
            [32, []],
            [22, [22]],
            [11, []],
            [29, []],
            [45, []],
            [18, [18]],
            [9, []],
            [31, []]
        ]
    ],
    [
        [
            [14, [20, 21, 22, 18, 14, 16]]
        ],
        [
            [30, [30, 29, 26, 23]]
        ],
        [
            [26, [33, 32, 31]]
        ],
        [
            [6, [47, 49, 46, 43, 39, 41, 42]]
        ],
        [
            [3, [48, 50, 44, 45, 40, 37]]
        ]
    ]
]",,,153.83506651120766,0,5,5.2,,,,,results/sol_best_C201_0.5.dat_A8_L60_pid2728.txt,(not found),C201_0.5.dat_A8_L60_r2.log
40,test_data/data_demand_random_50_batch_all1_equal_random/C201_0.5.dat,8.0,60.0,3,590.8,"[
    [
        [
            [0, [13, 19, 7, 6, 15, 27, 25, 28, 35, 34, 17, 10, 12, 36, 1, 14, 38]],
            [13, []],
            [19, []],
            [7, []],
            [6, [47, 49, 46, 43, 39, 41, 42]],
            [15, []],
            [27, []],
            [39, []],
            [47, []],
            [25, []],
            [46, []],
            [43, []],
            [28, []],
            [35, []],
            [34, []],
            [17, []],
            [10, []],
            [12, []],
            [41, []],
            [49, []],
            [36, []],
            [1, []],
            [42, []],
            [14, []],
            [38, []]
        ],
        [
            [0, [5, 3, 4, 16, 8, 2, 11, 9]],
            [5, [26, 24, 23, 20, 21, 22, 18]],
            [26, []],
            [30, [33, 32, 31, 30, 29]],
            [20, []],
            [3, [48, 50, 45, 40, 37, 44]],
            [24, []],
            [37, []],
            [21, []],
            [48, []],
            [23, []],
            [40, []],
            [50, []],
            [33, []],
            [44, []],
            [4, []],
            [16, []],
            [8, []],
            [2, []],
            [32, []],
            [22, []],
            [11, []],
            [29, []],
            [45, []],
            [18, []],
            [9, []],
            [31, []]
        ]
    ],
    [
        [
            [6, [47, 49, 46, 43, 39, 41, 42]]
        ],
        [
            [5, [26, 24, 23, 20, 21, 22, 18]]
        ],
        [
            [30, [33, 32, 31, 30, 29]]
        ],
        [
            [3, [48, 50, 45, 40, 37, 44]]
        ]
    ]
]",,,161.1283571915869,0,4,6.25,,,,,results/sol_best_C201_0.5.dat_A8_L60_pid2729.txt,(not found),C201_0.5.dat_A8_L60_r3.log
41,test_data/data_demand_random_50_batch_all1_equal_random/C201_0.5.dat,8.0,90.0,1,595.97,"[
    [
        [
            [0, [13, 19, 7, 6, 25, 24, 28, 34, 17, 10, 12, 36, 1, 14, 38]],
            [13, [47, 49, 46, 43, 39, 41, 42]],
            [19, []],
            [7, []],
            [6, []],
            [25, []],
            [47, []],
            [39, []],
            [46, []],
            [24, []],
            [43, []],
            [28, []],
            [34, []],
            [17, []],
            [10, []],
            [12, []],
            [41, []],
            [49, []],
            [36, []],
            [1, []],
            [42, []],
            [14, []],
            [38, []]
        ],
        [
            [0, [3, 5, 4, 8, 2]],
            [3, [20, 21, 22, 18, 16, 15]],
            [15, []],
            [27, [27, 30]],
            [30, []],
            [20, [33, 32, 31, 29, 26, 23]],
            [5, []],
            [26, [48, 50, 44, 45, 40, 37, 35]],
            [37, []],
            [48, []],
            [23, []],
            [50, []],
            [40, []],
            [21, [11, 9]],
            [44, []],
            [4, []],
            [33, []],
            [16, []],
            [8, []],
            [2, []],
            [35, []],
            [32, []],
            [22, []],
            [11, []],
            [29, []],
            [45, []],
            [18, []],
            [9, []],
            [31, []]
        ]
    ],
    [
        [
            [3, [20, 21, 22, 18, 16, 15]]
        ],
        [
            [27, [27, 30]]
        ],
        [
            [20, [33, 32, 31, 29, 26, 23]]
        ],
        [
            [13, [47, 49, 46, 43, 39, 41, 42]]
        ],
        [
            [26, [48, 50, 44, 45, 40, 37, 35]]
        ],
        [
            [21, [11, 9]]
        ]
    ]
]",,,175.76187476014994,0,6,5.0,,,,,results/sol_best_C201_0.5.dat_A8_L90_pid2713.txt,(not found),C201_0.5.dat_A8_L90_r1.log
41,test_data/data_demand_random_50_batch_all1_equal_random/C201_0.5.dat,8.0,90.0,2,598.8,"[
    [
        [
            [0, [13, 19, 7, 6, 25, 15, 27, 5, 26, 28, 35, 34, 17, 10, 12, 36, 1, 22, 32, 14, 38]],
            [13, [47, 49, 46, 43, 39, 41, 42]],
            [19, []],
            [7, []],
            [6, []],
            [25, []],
            [47, []],
            [15, []],
            [27, []],
            [39, []],
            [46, []],
            [5, []],
            [43, []],
            [26, []],
            [28, []],
            [35, []],
            [34, []],
            [17, []],
            [10, []],
            [12, []],
            [41, []],
            [49, []],
            [36, []],
            [1, []],
            [42, []],
            [22, []],
            [32, []],
            [14, []],
            [38, []]
        ],
        [
            [0, [20, 3, 4, 23, 21, 16, 8, 2, 11, 18, 9]],
            [30, [30, 29, 24]],
            [20, []],
            [3, [48, 50, 45, 40, 37, 33, 31, 44]],
            [24, []],
            [44, []],
            [4, []],
            [23, []],
            [48, []],
            [37, []],
            [21, []],
            [40, []],
            [50, []],
            [33, []],
            [16, []],
            [8, []],
            [2, []],
            [11, []],
            [29, []],
            [45, []],
            [18, []],
            [9, []],
            [31, []]
        ]
    ],
    [
        [
            [13, [47, 49, 46, 43, 39, 41, 42]]
        ],
        [
            [30, [30, 29, 24]]
        ],
        [
            [3, [48, 50, 45, 40, 37, 33, 31, 44]]
        ]
    ]
]",,,161.61728596483428,0,3,6.0,,,,,results/sol_best_C201_0.5.dat_A8_L90_pid2715.txt,(not found),C201_0.5.dat_A8_L90_r2.log
41,test_data/data_demand_random_50_batch_all1_equal_random/C201_0.5.dat,8.0,90.0,3,595.05,"[
    [
        [
            [0, [13, 19, 7, 6, 25, 15, 27, 24, 26, 28, 34, 17, 10, 12, 1]],
            [13, [47, 49, 46, 43, 39, 41, 42, 36]],
            [19, []],
            [7, []],
            [6, []],
            [25, []],
            [47, []],
            [15, []],
            [27, []],
            [39, []],
            [46, []],
            [24, []],
            [26, []],
            [43, []],
            [28, []],
            [34, []],
            [17, []],
            [10, []],
            [12, []],
            [41, []],
            [49, []],
            [36, [36]],
            [1, []],
            [42, []]
        ],
        [
            [0, [5, 3, 4, 8, 2, 11, 9]],
            [14, [20, 21, 22, 18, 14, 16]],
            [20, [30]],
            [30, []],
            [38, [33, 31, 29, 23, 32, 38]],
            [5, []],
            [3, [48, 50, 44, 45, 40, 37, 35]],
            [48, []],
            [23, []],
            [40, []],
            [50, []],
            [21, []],
            [37, []],
            [44, []],
            [4, []],
            [33, []],
            [16, []],
            [8, []],
            [2, []],
            [35, []],
            [32, []],
            [22, []],
            [11, []],
            [29, []],
            [45, []],
            [18, []],
            [9, []],
            [31, []]
        ]
    ],
    [
        [
            [14, [20, 21, 22, 18, 14, 16]]
        ],
        [
            [20, [30]]
        ],
        [
            [38, [33, 31, 29, 23, 32, 38]]
        ],
        [
            [13, [47, 49, 46, 43, 39, 41, 42, 36]]
        ],
        [
            [3, [48, 50, 44, 45, 40, 37, 35]]
        ]
    ]
]",,,137.6682381068961,0,5,5.6,,,,,results/sol_best_C201_0.5.dat_A8_L90_pid2716.txt,(not found),C201_0.5.dat_A8_L90_r3.log
42,test_data/data_demand_random_50_batch_all1_equal_random/C201_0.5.dat,8.0,120.0,1,607.05,"[
    [
        [
            [0, [13, 19, 7, 6, 25, 15, 27, 24, 26, 28, 34, 17, 10, 12, 1, 14]],
            [13, [47, 49, 46, 43, 39, 41, 42, 36]],
            [19, []],
            [7, []],
            [6, []],
            [25, []],
            [46, []],
            [39, []],
            [47, []],
            [15, []],
            [27, []],
            [24, []],
            [26, []],
            [43, []],
            [28, []],
            [34, []],
            [17, []],
            [10, []],
            [12, []],
            [41, []],
            [49, []],
            [36, []],
            [1, []],
            [42, []],
            [14, []]
        ],
        [
            [0, [30, 3, 23, 21, 4, 16, 8, 2, 22, 11, 29, 18, 9]],
            [5, [5]],
            [20, [38, 37, 35, 20]],
            [38, [38]],
            [30, [48, 50, 44, 45, 40, 33, 32, 31]],
            [3, []],
            [23, []],
            [48, []],
            [37, [37]],
            [21, []],
            [40, []],
            [50, []],
            [33, [33]],
            [4, []],
            [44, []],
            [16, []],
            [8, []],
            [2, []],
            [35, [35]],
            [32, [32]],
            [22, []],
            [11, []],
            [29, []],
            [45, []],
            [18, []],
            [9, []],
            [31, [31]]
        ]
    ],
    [
        [
            [5, [5]]
        ],
        [
            [20, [38, 37, 35, 20]]
        ],
        [
            [13, [47, 49, 46, 43, 39, 41, 42, 36]]
        ],
        [
            [30, [48, 50, 44, 45, 40, 33, 32, 31]]
        ]
    ]
]",,,158.0534686132791,0,4,5.25,,,,,results/sol_best_C201_0.5.dat_A8_L120_pid2702.txt,(not found),C201_0.5.dat_A8_L120_r1.log
42,test_data/data_demand_random_50_batch_all1_equal_random/C201_0.5.dat,8.0,120.0,2,610.0,"[
    [
        [
            [0, [13, 19, 7, 6, 25, 15, 27, 24, 26, 5, 28, 35, 34, 17, 10, 12, 36, 1, 22, 32, 14]],
            [13, [47, 49, 46, 43, 39, 41, 42]],
            [19, []],
            [7, []],
            [6, []],
            [25, []],
            [47, []],
            [15, []],
            [27, []],
            [39, []],
            [46, []],
            [24, []],
            [26, []],
            [5, []],
            [43, []],
            [28, []],
            [35, []],
            [34, []],
            [17, []],
            [10, []],
            [12, []],
            [41, []],
            [49, []],
            [36, []],
            [1, []],
            [42, []],
            [22, []],
            [32, []],
            [14, []]
        ],
        [
            [0, [38, 20, 30, 3, 23, 37, 21, 33, 4, 16, 8, 2, 11, 29, 18, 9, 31]],
            [38, []],
            [20, []],
            [30, [48, 50, 44, 45, 40]],
            [3, []],
            [23, []],
            [48, []],
            [37, []],
            [21, []],
            [40, []],
            [50, []],
            [33, []],
            [44, []],
            [4, []],
            [16, []],
            [8, []],
            [2, []],
            [11, []],
            [29, []],
            [45, []],
            [18, []],
            [9, []],
            [31, []]
        ]
    ],
    [
        [
            [13, [47, 49, 46, 43, 39, 41, 42]]
        ],
        [
            [30, [48, 50, 44, 45, 40]]
        ]
    ]
]",,,197.52417469626002,0,2,6.0,,,,,results/sol_best_C201_0.5.dat_A8_L120_pid2704.txt,(not found),C201_0.5.dat_A8_L120_r2.log
42,test_data/data_demand_random_50_batch_all1_equal_random/C201_0.5.dat,8.0,120.0,3,595.05,"[
    [
        [
            [0, [13, 19, 7, 6, 25, 15, 27, 24, 28, 34, 17, 10, 12, 1, 14]],
            [13, [47, 49, 46, 43, 39, 41, 42, 36]],
            [19, []],
            [7, []],
            [6, []],
            [25, []],
            [47, []],
            [15, []],
            [27, []],
            [39, []],
            [46, []],
            [24, []],
            [43, []],
            [28, []],
            [34, []],
            [17, []],
            [10, []],
            [12, []],
            [41, []],
            [49, []],
            [36, []],
            [1, []],
            [42, []],
            [14, []]
        ],
        [
            [0, [5, 3, 4, 8, 2]],
            [5, [11, 9]],
            [3, [20, 21, 22, 18, 16]],
            [30, [33, 31, 29, 26, 23, 30, 35, 32]],
            [38, [48, 50, 44, 45, 40, 37, 38]],
            [20, []],
            [26, []],
            [44, []],
            [21, []],
            [37, []],
            [48, []],
            [23, []],
            [40, []],
            [50, []],
            [33, []],
            [4, []],
            [16, []],
            [8, []],
            [2, []],
            [35, []],
            [32, []],
            [22, []],
            [11, []],
            [29, []],
            [45, []],
            [18, []],
            [9, []],
            [31, []]
        ]
    ],
    [
        [
            [13, [47, 49, 46, 43, 39, 41, 42, 36]]
        ],
        [
            [5, [11, 9]]
        ],
        [
            [3, [20, 21, 22, 18, 16]]
        ],
        [
            [30, [33, 31, 29, 26, 23, 30, 35, 32]]
        ],
        [
            [38, [48, 50, 44, 45, 40, 37, 38]]
        ]
    ]
]",,,131.10275233683868,0,5,6.0,,,,,results/sol_best_C201_0.5.dat_A8_L120_pid2705.txt,(not found),C201_0.5.dat_A8_L120_r3.log
43,test_data/data_demand_random_50_batch_all1_equal_random/C201_1.5.dat,4.0,60.0,1,875.8,"[
    [
        [
            [0, [38, 32, 31, 1, 5, 26, 42, 30, 28, 40, 21, 39, 18, 17, 7, 15, 36, 6, 20]],
            [38, []],
            [32, []],
            [31, []],
            [1, []],
            [5, [47, 49, 45]],
            [26, []],
            [47, []],
            [42, []],
            [30, []],
            [28, []],
            [40, []],
            [21, []],
            [49, []],
            [39, []],
            [18, []],
            [17, []],
            [7, []],
            [15, []],
            [36, []],
            [6, []],
            [20, []],
            [45, []]
        ],
        [
            [0, [8, 19, 13, 3, 12, 16, 14, 4, 2, 22, 10, 23, 9, 11]],
            [8, []],
            [19, [34, 29, 33]],
            [33, [25, 27, 24]],
            [13, [41, 37, 35]],
            [25, []],
            [3, []],
            [12, []],
            [16, []],
            [34, []],
            [41, []],
            [14, []],
            [27, []],
            [4, []],
            [2, []],
            [22, [44, 46, 43]],
            [44, []],
            [37, []],
            [10, [48, 50]],
            [24, []],
            [48, []],
            [46, []],
            [43, []],
            [50, []],
            [35, []],
            [23, []],
            [29, []],
            [9, []],
            [11, []]
        ]
    ],
    [
        [
            [5, [47, 49, 45]]
        ],
        [
            [19, [34, 29, 33]]
        ],
        [
            [33, [25, 27, 24]]
        ],
        [
            [13, [41, 37, 35]]
        ],
        [
            [22, [44, 46, 43]]
        ],
        [
            [10, [48, 50]]
        ]
    ]
]",,,464.6689975722609,0,6,2.8333333333333335,,,,,results/sol_best_C201_1.5.dat_A4_L60_pid2744.txt,(not found),C201_1.5.dat_A4_L60_r1.log
43,test_data/data_demand_random_50_batch_all1_equal_random/C201_1.5.dat,4.0,60.0,2,827.0,"[
    [
        [
            [0, [5, 1]],
            [5, []],
            [11, [11, 15, 17, 18]],
            [9, [9, 6, 7]],
            [23, [21, 23, 20]],
            [20, []],
            [33, [33, 29]],
            [29, []],
            [30, [30, 34]],
            [6, [31, 32, 26, 36]],
            [26, []],
            [1, []],
            [31, []],
            [32, [40, 39, 28, 38]],
            [38, [47, 49, 45, 42]],
            [36, []],
            [15, []],
            [28, []],
            [7, []],
            [17, []],
            [18, []],
            [39, []],
            [49, []],
            [40, []],
            [21, []],
            [47, []],
            [42, []],
            [34, []],
            [45, []],
            [35, [35]]
        ],
        [
            [0, [22, 2, 4, 27, 14, 16, 12, 3, 25, 13, 10, 37, 24, 8, 19]],
            [22, [41]],
            [2, []],
            [4, []],
            [27, []],
            [14, []],
            [41, []],
            [16, []],
            [12, []],
            [3, []],
            [25, []],
            [50, [50, 48]],
            [13, []],
            [10, []],
            [37, [44, 46, 43]],
            [44, []],
            [46, []],
            [24, []],
            [48, []],
            [8, []],
            [43, []],
            [19, []]
        ]
    ],
    [
        [
            [11, [11, 15, 17, 18]]
        ],
        [
            [9, [9, 6, 7]]
        ],
        [
            [23, [21, 23, 20]]
        ],
        [
            [33, [33, 29]]
        ],
        [
            [30, [30, 34]]
        ],
        [
            [6, [31, 32, 26, 36]]
        ],
        [
            [22, [41]]
        ],
        [
            [32, [40, 39, 28, 38]]
        ],
        [
            [38, [47, 49, 45, 42]]
        ],
        [
            [50, [50, 48]]
        ],
        [
            [35, [35]]
        ],
        [
            [37, [44, 46, 43]]
        ]
    ]
]",,,394.33431045292974,0,12,2.75,,,,,results/sol_best_C201_1.5.dat_A4_L60_pid2746.txt,(not found),C201_1.5.dat_A4_L60_r2.log
43,test_data/data_demand_random_50_batch_all1_equal_random/C201_1.5.dat,4.0,60.0,3,854.77,"[
    [
        [
            [0, [20, 5, 1, 31, 32, 26, 6, 30, 21, 28, 18, 17, 7, 15]],
            [20, []],
            [38, [38, 36]],
            [5, []],
            [1, []],
            [31, []],
            [32, []],
            [26, [47, 49, 45]],
            [36, [42, 39, 40]],
            [6, []],
            [30, []],
            [42, [42, 42]],
            [47, []],
            [21, []],
            [49, []],
            [39, [39, 39]],
            [40, [40, 40]],
            [28, []],
            [18, []],
            [17, []],
            [7, []],
            [15, []],
            [45, []]
        ],
        [
            [0, [9, 23, 10, 13, 25, 3, 12, 16, 14, 27, 4, 2, 22, 24, 8, 19, 11]],
            [9, []],
            [23, []],
            [10, [37, 35]],
            [13, [41, 34, 29, 33]],
            [25, []],
            [3, []],
            [12, []],
            [16, []],
            [34, []],
            [41, []],
            [14, []],
            [27, []],
            [4, []],
            [2, []],
            [22, [48, 50]],
            [44, [44, 46, 43]],
            [37, []],
            [46, []],
            [48, []],
            [24, []],
            [8, []],
            [43, []],
            [19, []],
            [50, []],
            [35, []],
            [29, []],
            [33, []],
            [11, []]
        ]
    ],
    [
        [
            [38, [38, 36]]
        ],
        [
            [10, [37, 35]]
        ],
        [
            [13, [41, 34, 29, 33]]
        ],
        [
            [26, [47, 49, 45]]
        ],
        [
            [36, [42, 39, 40]]
        ],
        [
            [22, [48, 50]]
        ],
        [
            [44, [44, 46, 43]]
        ]
    ]
]",,,470.77538997485766,0,7,2.7142857142857144,,,,,results/sol_best_C201_1.5.dat_A4_L60_pid2747.txt,(not found),C201_1.5.dat_A4_L60_r3.log
44,test_data/data_demand_random_50_batch_all1_equal_random/C201_1.5.dat,4.0,90.0,1,843.12,"[
    [
        [
            [0, [20, 6, 26, 5, 1, 21, 28, 18, 17, 7, 15]],
            [20, []],
            [6, [31, 32, 30]],
            [26, []],
            [5, [38, 36]],
            [1, [42, 40, 39]],
            [31, [31]],
            [32, [32]],
            [38, [47, 49, 45]],
            [36, []],
            [30, [30]],
            [47, []],
            [42, []],
            [49, []],
            [21, []],
            [40, []],
            [28, []],
            [39, []],
            [18, []],
            [17, []],
            [7, []],
            [15, []],
            [45, []]
        ],
        [
            [0, [13, 33, 9, 29, 23, 34, 12, 16, 14, 27, 4, 3, 25, 2, 22, 10, 24, 8, 19, 11]],
            [13, []],
            [33, []],
            [9, []],
            [29, [37, 35, 41]],
            [23, []],
            [34, []],
            [12, []],
            [16, []],
            [41, []],
            [14, []],
            [27, []],
            [4, []],
            [3, [48, 50]],
            [25, [44, 46, 43]],
            [2, []],
            [22, []],
            [44, []],
            [37, []],
            [10, []],
            [46, []],
            [48, []],
            [24, []],
            [8, []],
            [43, []],
            [19, []],
            [50, []],
            [35, []],
            [11, []]
        ]
    ],
    [
        [
            [29, [37, 35, 41]]
        ],
        [
            [6, [31, 32, 30]]
        ],
        [
            [5, [38, 36]]
        ],
        [
            [1, [42, 40, 39]]
        ],
        [
            [38, [47, 49, 45]]
        ],
        [
            [3, [48, 50]]
        ],
        [
            [25, [44, 46, 43]]
        ]
    ]
]",,,417.8285752150459,0,7,2.7142857142857144,,,,,results/sol_best_C201_1.5.dat_A4_L90_pid2741.txt,(not found),C201_1.5.dat_A4_L90_r1.log
44,test_data/data_demand_random_50_batch_all1_equal_random/C201_1.5.dat,4.0,90.0,2,802.11,"[
    [
        [
            [0, [38, 26, 5, 1, 31, 32, 6, 36, 15, 7, 17, 18, 21, 28, 30, 20]],
            [38, [39, 40, 42]],
            [26, []],
            [5, []],
            [1, []],
            [31, []],
            [32, []],
            [6, []],
            [36, []],
            [15, []],
            [7, [47, 49, 45]],
            [17, []],
            [18, []],
            [39, [39, 39]],
            [49, []],
            [21, []],
            [40, [40, 40]],
            [28, []],
            [30, []],
            [47, []],
            [42, [42, 42]],
            [20, []],
            [45, []]
        ],
        [
            [0, [9, 14, 2, 4, 16, 12, 3, 13, 10, 8, 11]],
            [9, []],
            [23, [23, 22, 19]],
            [25, [25, 27, 24]],
            [27, []],
            [14, []],
            [2, [34, 29, 33]],
            [4, []],
            [34, []],
            [41, [41]],
            [16, []],
            [12, []],
            [3, [37, 35]],
            [13, [48, 50]],
            [22, [44, 46, 43]],
            [44, []],
            [37, []],
            [10, []],
            [46, []],
            [48, []],
            [24, []],
            [8, []],
            [43, []],
            [19, []],
            [50, []],
            [35, []],
            [29, []],
            [33, []],
            [11, []]
        ]
    ],
    [
        [
            [23, [23, 22, 19]]
        ],
        [
            [25, [25, 27, 24]]
        ],
        [
            [2, [34, 29, 33]]
        ],
        [
            [38, [39, 40, 42]]
        ],
        [
            [41, [41]]
        ],
        [
            [3, [37, 35]]
        ],
        [
            [7, [47, 49, 45]]
        ],
        [
            [13, [48, 50]]
        ],
        [
            [22, [44, 46, 43]]
        ]
    ]
]",,,395.9584910926191,0,9,2.5555555555555554,,,,,results/sol_best_C201_1.5.dat_A4_L90_pid2743.txt,(not found),C201_1.5.dat_A4_L90_r2.log
44,test_data/data_demand_random_50_batch_all1_equal_random/C201_1.5.dat,4.0,90.0,3,798.57,"[
    [
        [
            [0, [26, 5, 1, 15, 7, 17, 18, 28, 21, 6, 20]],
            [26, [32, 31, 30]],
            [32, [38, 36]],
            [31, []],
            [5, []],
            [1, [42, 40, 39]],
            [38, []],
            [15, []],
            [7, [47, 49, 45]],
            [17, []],
            [18, []],
            [39, []],
            [28, []],
            [40, []],
            [21, []],
            [49, []],
            [42, []],
            [47, []],
            [30, []],
            [36, []],
            [6, []],
            [20, []],
            [45, []]
        ],
        [
            [0, [9, 23, 4, 27, 14, 16, 12, 3, 25, 2, 22, 13, 10, 24, 8, 19, 11]],
            [9, []],
            [29, [29, 34, 33]],
            [23, []],
            [34, [34]],
            [4, []],
            [27, []],
            [14, []],
            [41, [41, 37, 35]],
            [16, []],
            [12, []],
            [3, []],
            [25, []],
            [2, []],
            [22, []],
            [13, [44, 46, 43]],
            [44, []],
            [37, []],
            [10, [48, 50]],
            [46, []],
            [24, []],
            [48, []],
            [8, []],
            [43, []],
            [19, []],
            [50, []],
            [35, []],
            [33, [33]],
            [11, []]
        ]
    ],
    [
        [
            [29, [29, 34, 33]]
        ],
        [
            [26, [32, 31, 30]]
        ],
        [
            [32, [38, 36]]
        ],
        [
            [41, [41, 37, 35]]
        ],
        [
            [1, [42, 40, 39]]
        ],
        [
            [7, [47, 49, 45]]
        ],
        [
            [13, [44, 46, 43]]
        ],
        [
            [10, [48, 50]]
        ]
    ]
]",,,418.76181768974266,0,8,2.75,,,,,results/sol_best_C201_1.5.dat_A4_L90_pid2744.txt,(not found),C201_1.5.dat_A4_L90_r3.log
45,test_data/data_demand_random_50_batch_all1_equal_random/C201_1.5.dat,4.0,120.0,1,804.73,"[
    [
        [
            [0, [10, 8, 13, 9, 6, 1, 5, 7]],
            [11, [11, 18, 17, 15]],
            [10, []],
            [8, []],
            [13, [20, 21]],
            [33, [32, 31, 30, 33]],
            [9, [38, 36, 26, 28]],
            [20, []],
            [6, [42, 40, 39]],
            [38, []],
            [32, []],
            [31, []],
            [1, []],
            [5, [47, 49, 45]],
            [26, []],
            [36, []],
            [15, []],
            [28, []],
            [7, []],
            [17, []],
            [18, []],
            [39, []],
            [49, []],
            [40, []],
            [21, []],
            [42, []],
            [47, []],
            [30, []],
            [45, []]
        ],
        [
            [0, [29, 23, 34, 4, 27, 14, 16, 12, 3, 25, 2, 22, 24, 19]],
            [29, []],
            [23, []],
            [34, []],
            [4, [37, 35, 41]],
            [27, []],
            [14, []],
            [41, []],
            [16, []],
            [12, []],
            [3, []],
            [25, [44, 46, 43]],
            [2, []],
            [22, []],
            [44, []],
            [37, [48, 50]],
            [46, []],
            [24, []],
            [48, []],
            [43, []],
            [19, []],
            [50, []],
            [35, []]
        ]
    ],
    [
        [
            [11, [11, 18, 17, 15]]
        ],
        [
            [13, [20, 21]]
        ],
        [
            [33, [32, 31, 30, 33]]
        ],
        [
            [9, [38, 36, 26, 28]]
        ],
        [
            [6, [42, 40, 39]]
        ],
        [
            [4, [37, 35, 41]]
        ],
        [
            [25, [44, 46, 43]]
        ],
        [
            [5, [47, 49, 45]]
        ],
        [
            [37, [48, 50]]
        ]
    ]
]",,,361.27162317596236,0,9,3.111111111111111,,,,,results/sol_best_C201_1.5.dat_A4_L120_pid2805.txt,(not found),C201_1.5.dat_A4_L120_r1.log
45,test_data/data_demand_random_50_batch_all1_equal_random/C201_1.5.dat,4.0,120.0,2,819.31,"[
    [
        [
            [0, [38, 32, 31, 1, 5, 26, 36, 6, 30, 42, 40, 21, 39, 18, 17, 7, 28, 15]],
            [38, []],
            [32, []],
            [31, []],
            [1, []],
            [5, [47, 49, 45]],
            [26, []],
            [36, []],
            [6, []],
            [30, []],
            [47, []],
            [42, []],
            [40, []],
            [21, []],
            [49, []],
            [39, []],
            [18, []],
            [17, []],
            [7, []],
            [28, []],
            [15, []],
            [45, []]
        ],
        [
            [0, [9, 13, 14, 4, 2, 3, 16, 12, 10, 8, 11]],
            [9, []],
            [20, [22, 19, 23, 20]],
            [13, [27, 25, 24]],
            [14, []],
            [27, []],
            [4, [34, 29, 33]],
            [2, []],
            [3, [37, 35]],
            [34, []],
            [41, [41, 44, 46, 43]],
            [16, []],
            [12, []],
            [25, []],
            [22, []],
            [44, []],
            [37, []],
            [10, [48, 50]],
            [46, []],
            [48, []],
            [24, []],
            [8, []],
            [43, []],
            [19, []],
            [50, []],
            [35, []],
            [23, []],
            [29, []],
            [33, []],
            [11, []]
        ]
    ],
    [
        [
            [20, [22, 19, 23, 20]]
        ],
        [
            [13, [27, 25, 24]]
        ],
        [
            [4, [34, 29, 33]]
        ],
        [
            [3, [37, 35]]
        ],
        [
            [5, [47, 49, 45]]
        ],
        [
            [41, [41, 44, 46, 43]]
        ],
        [
            [10, [48, 50]]
        ]
    ]
]",,,390.25155540617794,0,7,3.0,,,,,results/sol_best_C201_1.5.dat_A4_L120_pid2807.txt,(not found),C201_1.5.dat_A4_L120_r2.log
45,test_data/data_demand_random_50_batch_all1_equal_random/C201_1.5.dat,4.0,120.0,3,792.53,"[
    [
        [
            [0, [4, 2, 1, 5]],
            [4, []],
            [2, []],
            [9, [9, 7, 6]],
            [11, [11, 18, 17, 15]],
            [20, [20, 21]],
            [6, []],
            [1, []],
            [32, [31, 30, 32]],
            [31, []],
            [5, [38, 36, 26, 28]],
            [26, [42, 40, 39]],
            [38, []],
            [36, []],
            [15, []],
            [30, []],
            [39, []],
            [17, []],
            [18, []],
            [7, []],
            [28, [47, 49, 45]],
            [40, []],
            [21, []],
            [49, []],
            [47, []],
            [42, []],
            [45, []]
        ],
        [
            [0, [22, 23, 3, 14, 16, 12, 19, 8, 10, 13]],
            [22, []],
            [33, [33, 34, 29]],
            [23, []],
            [34, [34]],
            [35, [35, 25, 27, 24]],
            [29, [44, 46, 43, 41]],
            [25, [25]],
            [3, [48, 50, 37]],
            [27, [27]],
            [14, []],
            [41, []],
            [16, []],
            [12, []],
            [50, []],
            [19, []],
            [43, []],
            [8, []],
            [48, []],
            [24, [24]],
            [46, []],
            [10, []],
            [37, []],
            [44, []],
            [13, []]
        ]
    ],
    [
        [
            [9, [9, 7, 6]]
        ],
        [
            [11, [11, 18, 17, 15]]
        ],
        [
            [33, [33, 34, 29]]
        ],
        [
            [20, [20, 21]]
        ],
        [
            [32, [31, 30, 32]]
        ],
        [
            [5, [38, 36, 26, 28]]
        ],
        [
            [26, [42, 40, 39]]
        ],
        [
            [35, [35, 25, 27, 24]]
        ],
        [
            [29, [44, 46, 43, 41]]
        ],
        [
            [28, [47, 49, 45]]
        ],
        [
            [3, [48, 50, 37]]
        ]
    ]
]",,,344.20322716131216,0,11,3.272727272727273,,,,,results/sol_best_C201_1.5.dat_A4_L120_pid2808.txt,(not found),C201_1.5.dat_A4_L120_r3.log
46,test_data/data_demand_random_50_batch_all1_equal_random/C201_1.5.dat,8.0,60.0,1,849.77,"[
    [
        [
            [0, [26, 1, 32, 31, 5, 30, 12, 21, 18, 17, 7, 28, 15]],
            [26, [38, 36]],
            [1, []],
            [32, []],
            [31, []],
            [5, []],
            [38, [47, 49, 45, 42, 40, 39]],
            [36, [36]],
            [30, []],
            [47, []],
            [12, []],
            [42, []],
            [21, []],
            [40, []],
            [49, []],
            [39, []],
            [18, []],
            [17, []],
            [7, []],
            [28, []],
            [15, []],
            [45, []]
        ],
        [
            [0, [10, 13, 3, 4, 2, 8, 9, 11]],
            [6, [6]],
            [20, [23, 22, 19, 20, 14, 16]],
            [23, [25, 27, 24]],
            [33, [33]],
            [10, [37, 35, 34, 29]],
            [13, [41]],
            [25, []],
            [3, []],
            [27, []],
            [14, []],
            [41, []],
            [34, []],
            [16, []],
            [4, []],
            [2, []],
            [22, []],
            [44, [48, 50, 46, 43, 44]],
            [37, []],
            [46, []],
            [48, []],
            [24, []],
            [8, []],
            [43, []],
            [19, []],
            [50, []],
            [35, []],
            [29, []],
            [9, []],
            [11, []]
        ]
    ],
    [
        [
            [26, [38, 36]]
        ],
        [
            [6, [6]]
        ],
        [
            [20, [23, 22, 19, 20, 14, 16]]
        ],
        [
            [23, [25, 27, 24]]
        ],
        [
            [33, [33]]
        ],
        [
            [10, [37, 35, 34, 29]]
        ],
        [
            [13, [41]]
        ],
        [
            [38, [47, 49, 45, 42, 40, 39]]
        ],
        [
            [44, [48, 50, 46, 43, 44]]
        ]
    ]
]",,,292.9770641415905,0,9,3.2222222222222223,,,,,results/sol_best_C201_1.5.dat_A8_L60_pid2677.txt,(not found),C201_1.5.dat_A8_L60_r1.log
46,test_data/data_demand_random_50_batch_all1_equal_random/C201_1.5.dat,8.0,60.0,2,834.22,"[
    [
        [
            [0, [9, 23, 18, 17, 7, 5, 1, 26, 6, 21, 28, 15, 20]],
            [9, []],
            [29, [29, 31, 32, 30]],
            [23, []],
            [18, []],
            [17, []],
            [7, []],
            [5, []],
            [1, []],
            [31, []],
            [32, []],
            [26, [47, 49, 45, 42, 40, 39, 38, 36]],
            [38, []],
            [6, []],
            [30, []],
            [42, []],
            [47, []],
            [21, []],
            [49, []],
            [39, []],
            [40, []],
            [28, []],
            [15, []],
            [36, []],
            [20, []],
            [45, []]
        ],
        [
            [0, [2, 4, 27, 14, 12, 3, 25, 22, 13, 10, 24, 8, 19, 16, 11]],
            [2, []],
            [4, []],
            [27, []],
            [14, []],
            [12, []],
            [3, []],
            [25, []],
            [22, []],
            [13, [48, 50, 44, 41, 37, 35, 34]],
            [44, []],
            [37, []],
            [10, [46, 43, 33]],
            [46, []],
            [48, []],
            [24, []],
            [8, []],
            [43, []],
            [19, []],
            [50, []],
            [16, []],
            [41, []],
            [34, []],
            [35, []],
            [33, []],
            [11, []]
        ]
    ],
    [
        [
            [29, [29, 31, 32, 30]]
        ],
        [
            [26, [47, 49, 45, 42, 40, 39, 38, 36]]
        ],
        [
            [13, [48, 50, 44, 41, 37, 35, 34]]
        ],
        [
            [10, [46, 43, 33]]
        ]
    ]
]",,,450.2961605508126,0,4,5.5,,,,,results/sol_best_C201_1.5.dat_A8_L60_pid2679.txt,(not found),C201_1.5.dat_A8_L60_r2.log
46,test_data/data_demand_random_50_batch_all1_equal_random/C201_1.5.dat,8.0,60.0,3,768.73,"[
    [
        [
            [0, [9, 7, 6, 1, 5]],
            [9, []],
            [7, []],
            [15, [20, 21, 15, 18, 17]],
            [20, [26, 28]],
            [11, [11]],
            [29, [29, 31, 32, 30]],
            [6, [38, 36]],
            [36, []],
            [38, []],
            [26, []],
            [31, []],
            [32, []],
            [1, []],
            [5, [47, 49, 45, 42, 40, 39]],
            [40, []],
            [21, []],
            [49, []],
            [39, []],
            [18, []],
            [17, []],
            [28, []],
            [30, []],
            [47, []],
            [42, []],
            [45, []]
        ],
        [
            [0, [12, 16, 4, 2, 19, 23, 14, 3, 10, 8, 22, 13]],
            [12, []],
            [16, []],
            [4, []],
            [2, []],
            [19, []],
            [33, [35, 37, 33, 34, 27, 25, 24, 41]],
            [35, []],
            [23, []],
            [34, []],
            [41, []],
            [14, []],
            [27, []],
            [3, []],
            [25, []],
            [50, [50, 44, 48]],
            [44, [46, 43]],
            [37, []],
            [10, []],
            [46, []],
            [48, []],
            [24, []],
            [8, []],
            [43, []],
            [22, []],
            [13, []]
        ]
    ],
    [
        [
            [15, [20, 21, 15, 18, 17]]
        ],
        [
            [20, [26, 28]]
        ],
        [
            [11, [11]]
        ],
        [
            [29, [29, 31, 32, 30]]
        ],
        [
            [6, [38, 36]]
        ],
        [
            [33, [35, 37, 33, 34, 27, 25, 24, 41]]
        ],
        [
            [5, [47, 49, 45, 42, 40, 39]]
        ],
        [
            [50, [50, 44, 48]]
        ],
        [
            [44, [46, 43]]
        ]
    ]
]",,,359.04978051536153,0,9,3.6666666666666665,,,,,results/sol_best_C201_1.5.dat_A8_L60_pid2680.txt,(not found),C201_1.5.dat_A8_L60_r3.log
47,test_data/data_demand_random_50_batch_all1_equal_random/C201_1.5.dat,8.0,90.0,1,813.08,"[
    [
        [
            [0, [32, 1, 31, 5, 26, 15, 7, 18, 17, 30, 21, 28, 6, 20]],
            [32, []],
            [1, []],
            [31, []],
            [5, []],
            [26, []],
            [15, []],
            [7, [47, 49, 45, 42, 40, 39, 38, 36]],
            [18, []],
            [17, []],
            [30, []],
            [42, []],
            [47, []],
            [21, []],
            [49, []],
            [39, []],
            [40, []],
            [28, []],
            [36, []],
            [6, []],
            [38, []],
            [20, []],
            [45, []]
        ],
        [
            [0, [9, 2, 4, 3, 8]],
            [10, [10, 12, 13, 11]],
            [9, []],
            [23, [23, 16, 14]],
            [2, []],
            [4, [22, 19, 27]],
            [3, [34, 29, 33, 25, 24]],
            [12, []],
            [34, []],
            [16, []],
            [27, []],
            [41, [41]],
            [14, []],
            [25, []],
            [13, [37, 35, 43, 44]],
            [22, []],
            [44, []],
            [37, [48, 50, 46]],
            [46, []],
            [24, []],
            [48, []],
            [8, []],
            [43, []],
            [19, []],
            [50, []],
            [35, []],
            [29, []],
            [33, []],
            [11, []]
        ]
    ],
    [
        [
            [10, [10, 12, 13, 11]]
        ],
        [
            [23, [23, 16, 14]]
        ],
        [
            [4, [22, 19, 27]]
        ],
        [
            [3, [34, 29, 33, 25, 24]]
        ],
        [
            [7, [47, 49, 45, 42, 40, 39, 38, 36]]
        ],
        [
            [41, [41]]
        ],
        [
            [13, [37, 35, 43, 44]]
        ],
        [
            [37, [48, 50, 46]]
        ]
    ]
]",,,338.54696704738336,0,8,3.875,,,,,results/sol_best_C201_1.5.dat_A8_L90_pid2730.txt,(not found),C201_1.5.dat_A8_L90_r1.log
47,test_data/data_demand_random_50_batch_all1_equal_random/C201_1.5.dat,8.0,90.0,2,789.31,"[
    [
        [
            [0, [5, 1, 6, 7, 18, 17, 15]],
            [9, [9]],
            [11, [11]],
            [20, [26, 28, 20, 21]],
            [5, []],
            [26, []],
            [1, [38, 36, 31, 32, 30]],
            [31, []],
            [32, []],
            [38, []],
            [6, []],
            [36, []],
            [7, [47, 49, 45, 42, 40, 39]],
            [28, []],
            [30, []],
            [42, []],
            [47, []],
            [21, [21]],
            [40, []],
            [49, []],
            [39, []],
            [18, []],
            [17, []],
            [15, []],
            [45, []]
        ],
        [
            [0, [13, 25, 3, 12, 16, 14, 27, 4, 2, 22, 10, 24, 8, 19, 23]],
            [13, []],
            [25, [34, 29, 33]],
            [3, []],
            [12, []],
            [16, []],
            [34, [34]],
            [41, [41, 37, 35]],
            [14, []],
            [27, []],
            [4, []],
            [2, []],
            [22, []],
            [37, []],
            [10, [48, 50, 44, 46, 43]],
            [44, []],
            [46, []],
            [48, []],
            [24, []],
            [8, []],
            [43, []],
            [19, []],
            [50, []],
            [35, []],
            [23, []],
            [29, [29]],
            [33, [33]]
        ]
    ],
    [
        [
            [25, [34, 29, 33]]
        ],
        [
            [9, [9]]
        ],
        [
            [11, [11]]
        ],
        [
            [20, [26, 28, 20, 21]]
        ],
        [
            [1, [38, 36, 31, 32, 30]]
        ],
        [
            [41, [41, 37, 35]]
        ],
        [
            [7, [47, 49, 45, 42, 40, 39]]
        ],
        [
            [10, [48, 50, 44, 46, 43]]
        ]
    ]
]",,,335.55364368864997,0,8,3.5,,,,,results/sol_best_C201_1.5.dat_A8_L90_pid2732.txt,(not found),C201_1.5.dat_A8_L90_r2.log
47,test_data/data_demand_random_50_batch_all1_equal_random/C201_1.5.dat,8.0,90.0,3,798.15,"[
    [
        [
            [0, [6, 5, 1, 7]],
            [9, [9]],
            [10, [17, 18, 15, 10, 11]],
            [11, []],
            [20, [20]],
            [6, []],
            [5, [26, 28, 21]],
            [26, []],
            [32, [38, 36, 31, 30, 32]],
            [1, []],
            [31, []],
            [38, []],
            [36, []],
            [7, [47, 49, 45, 42, 40, 39]],
            [18, []],
            [17, []],
            [30, []],
            [47, []],
            [42, []],
            [40, []],
            [21, []],
            [49, []],
            [39, []],
            [28, []],
            [15, []],
            [45, []]
        ],
        [
            [0, [23, 12, 3, 2, 4, 16, 14, 27, 25, 13, 22, 24, 8, 19]],
            [23, []],
            [34, [34]],
            [12, []],
            [3, []],
            [2, []],
            [4, []],
            [16, [37, 35, 29, 33, 41]],
            [41, []],
            [14, []],
            [27, []],
            [25, []],
            [13, [48, 50]],
            [22, [44, 46, 43]],
            [44, []],
            [37, []],
            [46, []],
            [48, []],
            [24, []],
            [8, []],
            [43, []],
            [19, []],
            [50, []],
            [35, []],
            [29, []],
            [33, []]
        ]
    ],
    [
        [
            [34, [34]]
        ],
        [
            [9, [9]]
        ],
        [
            [10, [17, 18, 15, 10, 11]]
        ],
        [
            [20, [20]]
        ],
        [
            [5, [26, 28, 21]]
        ],
        [
            [32, [38, 36, 31, 30, 32]]
        ],
        [
            [16, [37, 35, 29, 33, 41]]
        ],
        [
            [7, [47, 49, 45, 42, 40, 39]]
        ],
        [
            [13, [48, 50]]
        ],
        [
            [22, [44, 46, 43]]
        ]
    ]
]",,,342.843017101102,0,10,3.2,,,,,results/sol_best_C201_1.5.dat_A8_L90_pid2733.txt,(not found),C201_1.5.dat_A8_L90_r3.log
48,test_data/data_demand_random_50_batch_all1_equal_random/C201_1.5.dat,8.0,120.0,1,791.35,"[
    [
        [
            [0, [6, 5, 1, 7]],
            [10, [9, 10]],
            [11, [11, 15, 18, 17]],
            [9, []],
            [15, [15]],
            [6, [26, 28, 20, 21]],
            [20, []],
            [26, [38, 36, 31, 32, 30]],
            [5, []],
            [1, []],
            [31, []],
            [32, []],
            [38, []],
            [36, []],
            [28, [47, 49, 45, 42, 40, 39]],
            [40, []],
            [21, []],
            [49, []],
            [39, []],
            [18, [18]],
            [17, [17]],
            [7, []],
            [30, []],
            [47, []],
            [42, []],
            [45, []]
        ],
        [
            [0, [23, 16, 12, 25, 2, 4, 14, 27, 3, 13, 22, 24, 8, 19]],
            [23, []],
            [34, [34]],
            [16, []],
            [12, []],
            [25, []],
            [2, []],
            [4, []],
            [41, [41]],
            [14, []],
            [27, []],
            [3, [37, 35, 29, 33]],
            [13, [48, 50, 44]],
            [22, []],
            [44, []],
            [37, [46, 43]],
            [46, []],
            [24, []],
            [48, []],
            [8, []],
            [43, []],
            [19, []],
            [50, []],
            [35, []],
            [29, []],
            [33, []]
        ]
    ],
    [
        [
            [34, [34]]
        ],
        [
            [10, [9, 10]]
        ],
        [
            [11, [11, 15, 18, 17]]
        ],
        [
            [6, [26, 28, 20, 21]]
        ],
        [
            [26, [38, 36, 31, 32, 30]]
        ],
        [
            [41, [41]]
        ],
        [
            [3, [37, 35, 29, 33]]
        ],
        [
            [28, [47, 49, 45, 42, 40, 39]]
        ],
        [
            [13, [48, 50, 44]]
        ],
        [
            [37, [46, 43]]
        ]
    ]
]",,,352.71324672269395,0,10,3.2,,,,,results/sol_best_C201_1.5.dat_A8_L120_pid2738.txt,(not found),C201_1.5.dat_A8_L120_r1.log
48,test_data/data_demand_random_50_batch_all1_equal_random/C201_1.5.dat,8.0,120.0,2,793.11,"[
    [
        [
            [0, [9, 11, 6, 15, 5, 1, 7, 17, 18]],
            [23, [23]],
            [9, []],
            [11, []],
            [20, [26, 28, 20, 21]],
            [6, []],
            [15, []],
            [26, [38, 36, 31, 32, 30]],
            [5, []],
            [31, []],
            [1, []],
            [32, []],
            [38, []],
            [36, []],
            [30, []],
            [28, []],
            [7, []],
            [17, []],
            [18, [47, 49, 45, 42, 40, 39]],
            [39, []],
            [49, []],
            [21, []],
            [40, []],
            [47, []],
            [42, []],
            [45, []]
        ],
        [
            [0, [10, 2, 4, 3, 16, 12, 14, 13, 8]],
            [10, []],
            [2, []],
            [4, []],
            [3, []],
            [16, []],
            [12, []],
            [14, []],
            [27, [34, 29, 33, 27, 25, 24, 22, 19]],
            [34, []],
            [41, [41]],
            [25, []],
            [13, [37, 35, 43]],
            [22, [48, 50, 44, 46]],
            [44, []],
            [37, []],
            [46, []],
            [48, []],
            [24, []],
            [8, []],
            [43, []],
            [19, []],
            [50, []],
            [35, []],
            [29, []],
            [33, []]
        ]
    ],
    [
        [
            [23, [23]]
        ],
        [
            [20, [26, 28, 20, 21]]
        ],
        [
            [26, [38, 36, 31, 32, 30]]
        ],
        [
            [27, [34, 29, 33, 27, 25, 24, 22, 19]]
        ],
        [
            [18, [47, 49, 45, 42, 40, 39]]
        ],
        [
            [41, [41]]
        ],
        [
            [13, [37, 35, 43]]
        ],
        [
            [22, [48, 50, 44, 46]]
        ]
    ]
]",,,393.95092361615235,0,8,4.0,,,,,results/sol_best_C201_1.5.dat_A8_L120_pid2740.txt,(not found),C201_1.5.dat_A8_L120_r2.log
48,test_data/data_demand_random_50_batch_all1_equal_random/C201_1.5.dat,8.0,120.0,3,801.53,"[
    [
        [
            [0, [5, 1, 7, 6]],
            [13, [13, 17, 18, 15]],
            [10, [10]],
            [9, [9]],
            [23, [26, 28, 23, 21, 20]],
            [26, [38, 36, 31, 32, 30]],
            [5, []],
            [1, []],
            [31, []],
            [32, []],
            [38, []],
            [30, []],
            [17, [17]],
            [7, []],
            [18, [47, 49, 45, 42, 40, 39]],
            [39, []],
            [49, []],
            [42, []],
            [47, []],
            [21, []],
            [40, []],
            [28, []],
            [15, [15]],
            [36, []],
            [6, []],
            [20, []],
            [45, []]
        ],
        [
            [0, [2, 4, 27, 14, 16, 12, 3, 25, 22, 24, 8, 19, 11]],
            [29, [29, 34, 33]],
            [2, []],
            [4, []],
            [34, [41, 37, 35]],
            [27, []],
            [14, []],
            [41, []],
            [16, []],
            [12, []],
            [3, [48, 50, 44]],
            [25, []],
            [50, []],
            [22, [46, 43]],
            [44, []],
            [37, []],
            [46, []],
            [24, []],
            [48, []],
            [8, []],
            [43, []],
            [19, []],
            [35, []],
            [33, [33]],
            [11, []]
        ]
    ],
    [
        [
            [13, [13, 17, 18, 15]]
        ],
        [
            [10, [10]]
        ],
        [
            [9, [9]]
        ],
        [
            [23, [26, 28, 23, 21, 20]]
        ],
        [
            [29, [29, 34, 33]]
        ],
        [
            [26, [38, 36, 31, 32, 30]]
        ],
        [
            [18, [47, 49, 45, 42, 40, 39]]
        ],
        [
            [34, [41, 37, 35]]
        ],
        [
            [3, [48, 50, 44]]
        ],
        [
            [22, [46, 43]]
        ]
    ]
]",,,304.01764134300004,0,10,3.3,,,,,results/sol_best_C201_1.5.dat_A8_L120_pid2741.txt,(not found),C201_1.5.dat_A8_L120_r3.log
49,test_data/data_demand_random_50_batch_all1_equal_random/C201_1.dat,4.0,60.0,1,818.73,"[
    [
        [
            [0, [1, 26, 23, 8, 19, 3, 5, 6, 33, 28, 9, 21, 15, 36, 20, 30, 22, 25, 10, 18, 29]],
            [1, [42, 44, 46, 45]],
            [42, [42]],
            [44, [44]],
            [26, []],
            [23, []],
            [8, []],
            [19, []],
            [3, []],
            [5, []],
            [6, []],
            [33, []],
            [28, [50, 48]],
            [50, []],
            [9, []],
            [21, []],
            [15, []],
            [36, []],
            [20, []],
            [46, [46]],
            [30, []],
            [45, [45]],
            [22, []],
            [48, []],
            [25, []],
            [10, []],
            [18, []],
            [29, []]
        ],
        [
            [0, [37, 17, 35, 4, 11, 12, 31, 2, 34, 27, 7, 16, 13, 14, 32, 24]],
            [37, []],
            [43, [43, 40, 39, 38]],
            [17, []],
            [35, [49, 47, 41]],
            [4, []],
            [11, []],
            [12, []],
            [31, []],
            [40, []],
            [2, []],
            [34, []],
            [27, []],
            [49, []],
            [7, []],
            [16, []],
            [13, []],
            [39, []],
            [47, []],
            [14, []],
            [32, []],
            [38, []],
            [41, []],
            [24, []]
        ]
    ],
    [
        [
            [1, [42, 44, 46, 45]]
        ],
        [
            [43, [43, 40, 39, 38]]
        ],
        [
            [35, [49, 47, 41]]
        ],
        [
            [28, [50, 48]]
        ]
    ]
]",,,349.7744885591421,0,4,3.25,,,,,results/sol_best_C201_1.dat_A4_L60_pid2660.txt,(not found),C201_1.dat_A4_L60_r1.log
49,test_data/data_demand_random_50_batch_all1_equal_random/C201_1.dat,4.0,60.0,2,808.76,"[
    [
        [
            [0, [46, 42, 28, 26, 33, 6, 5, 23, 8, 19, 3, 44, 9, 21, 15, 20, 45, 22, 25, 12, 18, 29]],
            [46, []],
            [42, []],
            [28, [50, 48, 7, 16]],
            [26, []],
            [33, []],
            [6, []],
            [5, []],
            [23, []],
            [8, []],
            [19, []],
            [50, [50]],
            [3, []],
            [44, []],
            [9, []],
            [21, []],
            [7, []],
            [16, []],
            [15, []],
            [20, []],
            [45, []],
            [22, []],
            [48, [48]],
            [25, []],
            [12, []],
            [18, []],
            [29, []]
        ],
        [
            [0, [2, 4, 17, 11, 10, 13, 14]],
            [1, [1]],
            [2, [27, 24]],
            [30, [30, 31, 32]],
            [36, [35, 34, 37, 36]],
            [41, [40, 39, 41, 38]],
            [24, []],
            [37, []],
            [4, [49, 47, 43]],
            [35, []],
            [17, []],
            [43, []],
            [11, []],
            [10, []],
            [31, []],
            [40, []],
            [34, []],
            [27, []],
            [49, []],
            [13, []],
            [39, []],
            [47, []],
            [14, []],
            [32, []],
            [38, []]
        ]
    ],
    [
        [
            [1, [1]]
        ],
        [
            [2, [27, 24]]
        ],
        [
            [30, [30, 31, 32]]
        ],
        [
            [36, [35, 34, 37, 36]]
        ],
        [
            [41, [40, 39, 41, 38]]
        ],
        [
            [28, [50, 48, 7, 16]]
        ],
        [
            [4, [49, 47, 43]]
        ]
    ]
]",,,219.6193823764299,0,7,3.0,,,,,results/sol_best_C201_1.dat_A4_L60_pid2662.txt,(not found),C201_1.dat_A4_L60_r2.log
49,test_data/data_demand_random_50_batch_all1_equal_random/C201_1.dat,4.0,60.0,3,796.13,"[
    [
        [
            [0, [30, 20, 2, 5, 6, 33, 28, 26, 23, 8, 19, 3, 9, 21, 15, 34, 1, 22, 18, 10, 25, 12, 29]],
            [30, []],
            [20, []],
            [46, [46, 42, 44, 45]],
            [2, []],
            [42, [42]],
            [44, [44]],
            [5, []],
            [6, []],
            [33, []],
            [28, [50, 48]],
            [26, []],
            [23, []],
            [8, []],
            [19, []],
            [50, []],
            [3, []],
            [9, []],
            [21, []],
            [15, []],
            [34, []],
            [1, []],
            [45, [45]],
            [22, []],
            [48, []],
            [18, []],
            [10, []],
            [25, []],
            [12, []],
            [29, []]
        ],
        [
            [0, [24, 37, 17, 35, 4, 11, 31, 27, 7, 16, 13, 14, 32]],
            [24, [40, 39, 38, 41]],
            [37, []],
            [43, [43, 36]],
            [17, []],
            [35, [49, 47]],
            [4, []],
            [11, []],
            [31, []],
            [40, []],
            [27, []],
            [49, []],
            [7, []],
            [16, []],
            [13, []],
            [39, []],
            [47, []],
            [14, []],
            [32, []],
            [38, []],
            [41, []],
            [36, []]
        ]
    ],
    [
        [
            [24, [40, 39, 38, 41]]
        ],
        [
            [43, [43, 36]]
        ],
        [
            [46, [46, 42, 44, 45]]
        ],
        [
            [35, [49, 47]]
        ],
        [
            [28, [50, 48]]
        ]
    ]
]",,,327.2792450495173,0,5,2.8,,,,,results/sol_best_C201_1.dat_A4_L60_pid2663.txt,(not found),C201_1.dat_A4_L60_r3.log
50,test_data/data_demand_random_50_batch_all1_equal_random/C201_1.dat,4.0,90.0,1,770.05,"[
    [
        [
            [0, [1, 2, 28, 26, 33, 6, 5, 23, 8, 19, 3, 9, 21, 15, 36, 20, 30, 22, 25, 12, 18, 29]],
            [1, []],
            [2, []],
            [34, [38, 41, 34]],
            [42, [42, 44, 46, 45]],
            [28, []],
            [26, []],
            [33, []],
            [6, []],
            [5, []],
            [23, []],
            [8, []],
            [19, []],
            [3, []],
            [50, [50, 48]],
            [44, []],
            [9, []],
            [21, []],
            [15, []],
            [38, []],
            [41, []],
            [36, []],
            [20, []],
            [46, []],
            [30, []],
            [45, []],
            [22, []],
            [48, []],
            [25, []],
            [12, []],
            [18, []],
            [29, []]
        ],
        [
            [0, [11, 10, 31, 40, 27, 7, 16, 13, 39, 14, 32, 37, 17, 35, 4, 24]],
            [11, [49, 47, 43]],
            [10, []],
            [31, []],
            [40, []],
            [27, []],
            [49, []],
            [7, []],
            [16, []],
            [13, []],
            [39, []],
            [47, []],
            [14, []],
            [32, []],
            [37, []],
            [43, []],
            [17, []],
            [35, []],
            [4, []],
            [24, []]
        ]
    ],
    [
        [
            [34, [38, 41, 34]]
        ],
        [
            [42, [42, 44, 46, 45]]
        ],
        [
            [11, [49, 47, 43]]
        ],
        [
            [50, [50, 48]]
        ]
    ]
]",,,345.78411483713984,0,4,3.0,,,,,results/sol_best_C201_1.dat_A4_L90_pid2664.txt,(not found),C201_1.dat_A4_L90_r1.log
50,test_data/data_demand_random_50_batch_all1_equal_random/C201_1.dat,4.0,90.0,2,810.07,"[
    [
        [
            [0, [20, 30, 1, 28, 26, 6, 5, 19, 8, 23, 3, 9, 21, 15, 2, 22, 18, 12, 25, 29]],
            [20, [36, 33, 34]],
            [36, []],
            [30, []],
            [1, [42, 44, 46, 45]],
            [28, []],
            [33, []],
            [26, []],
            [6, [50, 48]],
            [5, []],
            [19, []],
            [8, []],
            [23, []],
            [50, []],
            [3, []],
            [44, []],
            [9, []],
            [21, []],
            [15, []],
            [42, []],
            [2, []],
            [34, []],
            [46, []],
            [45, []],
            [22, []],
            [48, []],
            [18, []],
            [12, []],
            [25, []],
            [29, []]
        ],
        [
            [0, [24, 37, 17, 4, 35, 11, 10, 31, 27, 7, 16, 13, 14, 32]],
            [24, [40, 39, 38, 41]],
            [37, []],
            [17, []],
            [4, []],
            [35, [49, 47, 43]],
            [43, []],
            [11, []],
            [10, []],
            [31, []],
            [40, [40]],
            [27, []],
            [49, []],
            [7, []],
            [16, []],
            [13, []],
            [39, [39]],
            [47, []],
            [14, []],
            [32, []],
            [38, [38]],
            [41, [41]]
        ]
    ],
    [
        [
            [24, [40, 39, 38, 41]]
        ],
        [
            [20, [36, 33, 34]]
        ],
        [
            [1, [42, 44, 46, 45]]
        ],
        [
            [35, [49, 47, 43]]
        ],
        [
            [6, [50, 48]]
        ]
    ]
]",,,300.08091062202124,0,5,3.2,,,,,results/sol_best_C201_1.dat_A4_L90_pid2666.txt,(not found),C201_1.dat_A4_L90_r2.log
50,test_data/data_demand_random_50_batch_all1_equal_random/C201_1.dat,4.0,90.0,3,775.0,"[
    [
        [
            [0, [1, 21, 9, 3, 5, 6, 26, 23, 8, 19, 15, 20, 25, 12, 18, 22]],
            [1, []],
            [2, [30, 29, 2]],
            [28, [28]],
            [21, [33, 36]],
            [9, []],
            [3, []],
            [5, [42, 44, 46, 45]],
            [6, []],
            [33, []],
            [26, []],
            [23, []],
            [8, []],
            [19, [50, 48, 38, 41]],
            [50, []],
            [44, []],
            [42, []],
            [15, []],
            [38, []],
            [41, []],
            [36, []],
            [20, []],
            [46, []],
            [30, []],
            [45, []],
            [25, []],
            [12, []],
            [18, []],
            [48, []],
            [22, []],
            [29, []]
        ],
        [
            [0, [11, 10, 31, 40, 34, 27, 7, 16, 13, 39, 14, 32, 37, 17, 35, 4, 24]],
            [11, [49, 47, 43]],
            [10, []],
            [31, []],
            [40, []],
            [34, []],
            [27, []],
            [49, [49]],
            [7, []],
            [16, []],
            [13, []],
            [39, []],
            [47, [47]],
            [14, []],
            [32, []],
            [37, []],
            [43, [43]],
            [17, []],
            [35, []],
            [4, []],
            [24, []]
        ]
    ],
    [
        [
            [2, [30, 29, 2]]
        ],
        [
            [28, [28]]
        ],
        [
            [21, [33, 36]]
        ],
        [
            [11, [49, 47, 43]]
        ],
        [
            [5, [42, 44, 46, 45]]
        ],
        [
            [19, [50, 48, 38, 41]]
        ]
    ]
]",,,324.3775666649378,0,6,2.8333333333333335,,,,,results/sol_best_C201_1.dat_A4_L90_pid2667.txt,(not found),C201_1.dat_A4_L90_r3.log
51,test_data/data_demand_random_50_batch_all1_equal_random/C201_1.dat,4.0,120.0,1,828.61,"[
    [
        [
            [0, [1, 28, 9, 26, 6, 5, 23, 8, 19, 3, 21, 15, 20, 30, 22, 18, 25, 12, 29]],
            [1, [33, 36]],
            [28, []],
            [42, [42, 44, 46, 45]],
            [9, [50, 48, 38, 41]],
            [26, []],
            [33, [33]],
            [6, []],
            [5, []],
            [23, []],
            [8, []],
            [19, []],
            [3, []],
            [50, []],
            [44, []],
            [21, []],
            [15, []],
            [38, [38]],
            [41, [41]],
            [36, [36]],
            [20, []],
            [46, []],
            [30, []],
            [45, []],
            [22, []],
            [48, []],
            [18, []],
            [25, []],
            [12, []],
            [29, []]
        ],
        [
            [0, [37, 35, 4, 17, 11, 10, 31, 2, 34, 27, 7, 16, 13, 14, 32, 24]],
            [37, [40, 39]],
            [35, []],
            [4, [49, 47, 43]],
            [17, []],
            [43, []],
            [11, []],
            [10, []],
            [31, []],
            [40, [40]],
            [2, []],
            [34, []],
            [27, []],
            [49, []],
            [7, []],
            [16, []],
            [13, []],
            [39, [39]],
            [47, []],
            [14, []],
            [32, []],
            [24, []]
        ]
    ],
    [
        [
            [1, [33, 36]]
        ],
        [
            [37, [40, 39]]
        ],
        [
            [42, [42, 44, 46, 45]]
        ],
        [
            [4, [49, 47, 43]]
        ],
        [
            [9, [50, 48, 38, 41]]
        ]
    ]
]",,,303.60391363743565,0,5,3.0,,,,,results/sol_best_C201_1.dat_A4_L120_pid2754.txt,(not found),C201_1.dat_A4_L120_r1.log
51,test_data/data_demand_random_50_batch_all1_equal_random/C201_1.dat,4.0,120.0,2,798.03,"[
    [
        [
            [0, [1, 5, 6, 23, 8, 19, 3, 2, 9, 21, 15, 20, 22, 11, 12, 18]],
            [1, [26, 25]],
            [28, [28]],
            [26, [30, 29]],
            [5, []],
            [6, [33, 36, 34]],
            [33, []],
            [23, []],
            [8, [42, 44, 46, 45]],
            [19, []],
            [50, [50, 48, 38, 41]],
            [3, []],
            [2, []],
            [34, []],
            [42, []],
            [44, []],
            [9, []],
            [21, []],
            [15, []],
            [41, []],
            [38, []],
            [36, []],
            [20, []],
            [46, []],
            [30, []],
            [45, []],
            [22, []],
            [48, []],
            [25, []],
            [11, []],
            [12, []],
            [18, []],
            [29, []]
        ],
        [
            [0, [10, 31, 40, 27, 49, 7, 16, 13, 39, 47, 14, 32, 37, 43, 17, 35, 4, 24]],
            [10, []],
            [31, []],
            [40, []],
            [27, []],
            [49, []],
            [7, []],
            [16, []],
            [13, []],
            [39, []],
            [47, []],
            [14, []],
            [32, []],
            [37, []],
            [43, []],
            [17, []],
            [35, []],
            [4, []],
            [24, []]
        ]
    ],
    [
        [
            [1, [26, 25]]
        ],
        [
            [28, [28]]
        ],
        [
            [26, [30, 29]]
        ],
        [
            [6, [33, 36, 34]]
        ],
        [
            [8, [42, 44, 46, 45]]
        ],
        [
            [50, [50, 48, 38, 41]]
        ]
    ]
]",,,252.65862424797137,0,6,2.6666666666666665,,,,,results/sol_best_C201_1.dat_A4_L120_pid2756.txt,(not found),C201_1.dat_A4_L120_r2.log
51,test_data/data_demand_random_50_batch_all1_equal_random/C201_1.dat,4.0,120.0,3,781.73,"[
    [
        [
            [0, [30, 46, 42, 2, 28, 33, 26, 6, 5, 23, 8, 19, 3, 44, 9, 21, 15, 41, 38, 20, 45, 22, 25, 12, 18, 29]],
            [30, []],
            [46, []],
            [42, []],
            [2, []],
            [28, [50, 48]],
            [33, []],
            [26, []],
            [6, []],
            [5, []],
            [23, []],
            [8, []],
            [19, []],
            [50, []],
            [3, []],
            [44, []],
            [9, []],
            [21, []],
            [15, []],
            [41, []],
            [38, []],
            [20, []],
            [45, []],
            [22, []],
            [48, []],
            [25, []],
            [12, []],
            [18, []],
            [29, []]
        ],
        [
            [0, [24, 4, 17, 11, 10, 31, 1, 27, 7, 16, 13, 14, 32]],
            [24, []],
            [37, [37, 35, 34, 36]],
            [35, []],
            [4, []],
            [17, []],
            [43, [49, 47, 43]],
            [11, [40, 39]],
            [10, []],
            [31, []],
            [40, []],
            [1, []],
            [34, []],
            [27, []],
            [49, []],
            [7, []],
            [16, []],
            [13, []],
            [39, []],
            [47, []],
            [14, []],
            [32, []],
            [36, []]
        ]
    ],
    [
        [
            [28, [50, 48]]
        ],
        [
            [37, [37, 35, 34, 36]]
        ],
        [
            [43, [49, 47, 43]]
        ],
        [
            [11, [40, 39]]
        ]
    ]
]",,,363.42323701241986,0,4,2.75,,,,,results/sol_best_C201_1.dat_A4_L120_pid2757.txt,(not found),C201_1.dat_A4_L120_r3.log
52,test_data/data_demand_random_50_batch_all1_equal_random/C201_1.dat,8.0,60.0,1,738.71,"[
    [
        [
            [0, [1, 28, 33, 6, 5, 23, 8, 19, 3, 26, 9, 21, 15, 38, 41, 36, 20, 30, 22, 18, 29]],
            [42, [42, 44, 46, 45]],
            [1, []],
            [28, [50, 48]],
            [33, []],
            [6, []],
            [5, []],
            [23, []],
            [8, []],
            [19, []],
            [3, []],
            [26, []],
            [50, []],
            [44, [44]],
            [9, []],
            [21, []],
            [15, []],
            [38, []],
            [41, []],
            [36, []],
            [20, []],
            [46, [46]],
            [30, []],
            [45, [45]],
            [22, []],
            [48, []],
            [18, []],
            [29, []]
        ],
        [
            [0, [11, 25, 12, 10, 31, 2, 27, 7, 16, 13, 14, 32, 17, 4, 24]],
            [11, []],
            [25, []],
            [12, []],
            [10, [49, 47, 43, 40, 39, 34, 37, 35]],
            [31, []],
            [40, []],
            [2, []],
            [34, []],
            [27, []],
            [49, []],
            [7, []],
            [16, []],
            [13, []],
            [39, []],
            [47, []],
            [14, []],
            [32, []],
            [37, []],
            [43, []],
            [17, []],
            [35, []],
            [4, []],
            [24, []]
        ]
    ],
    [
        [
            [10, [49, 47, 43, 40, 39, 34, 37, 35]]
        ],
        [
            [42, [42, 44, 46, 45]]
        ],
        [
            [28, [50, 48]]
        ]
    ]
]",,,348.54122322460006,0,3,4.666666666666667,,,,,results/sol_best_C201_1.dat_A8_L60_pid2675.txt,(not found),C201_1.dat_A8_L60_r1.log
52,test_data/data_demand_random_50_batch_all1_equal_random/C201_1.dat,8.0,60.0,2,738.36,"[
    [
        [
            [0, [1, 20, 36, 15, 21, 9, 3, 28, 33, 6, 5, 26, 23, 8, 19, 30, 22, 18, 29]],
            [1, []],
            [20, []],
            [36, []],
            [15, [50, 48, 44, 42, 46, 45]],
            [21, []],
            [9, []],
            [3, []],
            [28, []],
            [33, []],
            [6, []],
            [5, []],
            [26, []],
            [23, []],
            [8, []],
            [19, []],
            [50, []],
            [44, []],
            [42, []],
            [46, []],
            [30, []],
            [45, []],
            [22, []],
            [48, []],
            [18, []],
            [29, []]
        ],
        [
            [0, [10, 11, 12, 25, 2, 27, 7, 16, 13, 14, 4, 17, 24]],
            [10, [31, 32]],
            [11, []],
            [12, []],
            [25, []],
            [31, [49, 47, 43, 40, 39, 41, 38]],
            [40, []],
            [2, [34, 35, 37]],
            [34, []],
            [27, []],
            [49, []],
            [7, []],
            [16, []],
            [13, []],
            [39, []],
            [47, []],
            [14, []],
            [32, []],
            [38, []],
            [41, []],
            [4, []],
            [35, []],
            [17, []],
            [43, []],
            [37, []],
            [24, []]
        ]
    ],
    [
        [
            [15, [50, 48, 44, 42, 46, 45]]
        ],
        [
            [10, [31, 32]]
        ],
        [
            [31, [49, 47, 43, 40, 39, 41, 38]]
        ],
        [
            [2, [34, 35, 37]]
        ]
    ]
]",,,332.03844729923685,0,4,4.5,,,,,results/sol_best_C201_1.dat_A8_L60_pid2677.txt,(not found),C201_1.dat_A8_L60_r2.log
52,test_data/data_demand_random_50_batch_all1_equal_random/C201_1.dat,8.0,60.0,3,736.0,"[
    [
        [
            [0, [9, 2, 1, 8, 5, 6, 3]],
            [9, []],
            [2, [20, 19, 23, 21, 22]],
            [20, [30, 28, 26, 25]],
            [1, [33, 36]],
            [19, []],
            [8, []],
            [23, []],
            [5, []],
            [6, []],
            [28, [50, 48, 42, 44, 46, 45, 38, 41]],
            [33, []],
            [26, []],
            [3, []],
            [50, []],
            [44, []],
            [42, []],
            [21, []],
            [41, []],
            [38, []],
            [36, []],
            [46, []],
            [30, []],
            [45, []],
            [25, []],
            [48, []],
            [22, []]
        ],
        [
            [0, [11, 12, 10, 4, 14, 13, 7]],
            [11, []],
            [12, []],
            [10, [18, 17, 16, 15]],
            [18, [18, 18]],
            [29, [29, 24, 34]],
            [24, []],
            [4, [49, 47, 43, 40, 39, 35, 37]],
            [35, []],
            [17, [17, 17]],
            [43, [32, 31, 27]],
            [37, []],
            [32, []],
            [14, []],
            [39, []],
            [47, []],
            [13, []],
            [16, [16, 16]],
            [7, []],
            [49, []],
            [27, []],
            [15, [15, 15]],
            [34, []],
            [40, []],
            [31, []]
        ]
    ],
    [
        [
            [10, [18, 17, 16, 15]]
        ],
        [
            [2, [20, 19, 23, 21, 22]]
        ],
        [
            [20, [30, 28, 26, 25]]
        ],
        [
            [1, [33, 36]]
        ],
        [
            [29, [29, 24, 34]]
        ],
        [
            [28, [50, 48, 42, 44, 46, 45, 38, 41]]
        ],
        [
            [4, [49, 47, 43, 40, 39, 35, 37]]
        ],
        [
            [43, [32, 31, 27]]
        ]
    ]
]",,,271.97296514339087,0,8,4.5,,,,,results/sol_best_C201_1.dat_A8_L60_pid2678.txt,(not found),C201_1.dat_A8_L60_r3.log
53,test_data/data_demand_random_50_batch_all1_equal_random/C201_1.dat,8.0,90.0,1,721.36,"[
    [
        [
            [0, [3, 26, 23, 8, 19, 9, 5, 6, 1, 2, 21, 15, 20, 22, 18]],
            [30, [30, 28, 29]],
            [3, []],
            [26, []],
            [23, []],
            [8, []],
            [19, []],
            [9, [50, 48, 42, 44, 46, 45, 33, 36]],
            [44, []],
            [50, []],
            [5, []],
            [6, []],
            [33, []],
            [28, []],
            [1, []],
            [2, []],
            [42, []],
            [21, []],
            [15, []],
            [36, []],
            [20, []],
            [46, []],
            [45, []],
            [22, []],
            [48, []],
            [18, []],
            [29, []]
        ],
        [
            [0, [11, 12, 10, 25, 27, 7, 16, 13, 14, 17, 4, 24]],
            [11, []],
            [12, [34, 37, 35, 31, 32]],
            [10, []],
            [25, []],
            [31, [49, 47, 43, 40, 39, 38, 41]],
            [40, []],
            [34, []],
            [27, []],
            [49, []],
            [7, []],
            [16, []],
            [13, []],
            [39, []],
            [47, []],
            [14, []],
            [32, []],
            [38, []],
            [41, []],
            [37, []],
            [43, []],
            [17, []],
            [35, []],
            [4, []],
            [24, []]
        ]
    ],
    [
        [
            [30, [30, 28, 29]]
        ],
        [
            [9, [50, 48, 42, 44, 46, 45, 33, 36]]
        ],
        [
            [12, [34, 37, 35, 31, 32]]
        ],
        [
            [31, [49, 47, 43, 40, 39, 38, 41]]
        ]
    ]
]",,,290.69643143736556,0,4,5.75,,,,,results/sol_best_C201_1.dat_A8_L90_pid2733.txt,(not found),C201_1.dat_A8_L90_r1.log
53,test_data/data_demand_random_50_batch_all1_equal_random/C201_1.dat,8.0,90.0,2,774.05,"[
    [
        [
            [0, [1, 3, 8, 2, 6, 5, 9, 7, 12]],
            [1, [16, 15, 18]],
            [3, [19, 23, 21, 20, 22]],
            [19, []],
            [23, []],
            [8, []],
            [26, [26]],
            [28, [28, 29, 25, 30, 31]],
            [2, []],
            [34, [34, 33, 36]],
            [42, [42, 44, 46, 45]],
            [33, []],
            [6, []],
            [5, []],
            [50, [50, 48]],
            [44, []],
            [9, []],
            [21, []],
            [7, []],
            [16, [16, 16]],
            [15, [15]],
            [36, []],
            [20, []],
            [46, []],
            [30, []],
            [45, []],
            [31, []],
            [25, []],
            [12, []],
            [18, [18]],
            [48, []],
            [22, []],
            [29, []]
        ],
        [
            [0, [11, 10, 27, 13, 14, 32, 37, 17, 35, 4, 24]],
            [11, [49, 47, 43, 40, 39, 38, 41]],
            [10, []],
            [40, []],
            [27, []],
            [49, []],
            [13, []],
            [39, []],
            [47, []],
            [14, []],
            [32, []],
            [41, []],
            [38, []],
            [37, []],
            [43, []],
            [17, []],
            [35, []],
            [4, []],
            [24, []]
        ]
    ],
    [
        [
            [1, [16, 15, 18]]
        ],
        [
            [3, [19, 23, 21, 20, 22]]
        ],
        [
            [26, [26]]
        ],
        [
            [28, [28, 29, 25, 30, 31]]
        ],
        [
            [34, [34, 33, 36]]
        ],
        [
            [42, [42, 44, 46, 45]]
        ],
        [
            [11, [49, 47, 43, 40, 39, 38, 41]]
        ],
        [
            [50, [50, 48]]
        ]
    ]
]",,,244.66863241747376,0,8,3.75,,,,,results/sol_best_C201_1.dat_A8_L90_pid2735.txt,(not found),C201_1.dat_A8_L90_r2.log
53,test_data/data_demand_random_50_batch_all1_equal_random/C201_1.dat,8.0,90.0,3,776.73,"[
    [
        [
            [0, [3, 8, 2, 5, 6, 9, 15, 12, 18]],
            [3, [26, 25, 23, 19, 21, 20, 22]],
            [26, []],
            [23, []],
            [8, []],
            [19, []],
            [2, [38, 41, 33, 36, 28, 30, 29]],
            [33, []],
            [50, [50, 48, 42, 44, 46, 45]],
            [5, []],
            [6, []],
            [28, []],
            [42, []],
            [44, []],
            [9, []],
            [21, []],
            [15, []],
            [38, []],
            [41, []],
            [36, []],
            [20, []],
            [46, []],
            [30, []],
            [45, []],
            [22, []],
            [48, []],
            [25, []],
            [12, []],
            [18, []],
            [29, []]
        ],
        [
            [0, [24, 17, 4, 11, 10, 31, 1, 27, 7, 16, 13, 14, 32]],
            [24, [37, 35, 34]],
            [37, [37, 37]],
            [17, []],
            [4, []],
            [35, [35, 35]],
            [43, [49, 47, 40, 39, 43]],
            [11, []],
            [10, []],
            [31, []],
            [40, []],
            [1, []],
            [34, [34]],
            [27, []],
            [49, []],
            [7, []],
            [16, []],
            [13, []],
            [39, []],
            [47, []],
            [14, []],
            [32, []]
        ]
    ],
    [
        [
            [24, [37, 35, 34]]
        ],
        [
            [3, [26, 25, 23, 19, 21, 20, 22]]
        ],
        [
            [2, [38, 41, 33, 36, 28, 30, 29]]
        ],
        [
            [50, [50, 48, 42, 44, 46, 45]]
        ],
        [
            [43, [49, 47, 40, 39, 43]]
        ]
    ]
]",,,279.92144074777525,0,5,5.6,,,,,results/sol_best_C201_1.dat_A8_L90_pid2736.txt,(not found),C201_1.dat_A8_L90_r3.log
54,test_data/data_demand_random_50_batch_all1_equal_random/C201_1.dat,8.0,120.0,1,733.35,"[
    [
        [
            [0, [8, 3, 9, 5, 6, 2, 12]],
            [21, [21, 23, 19, 20, 22, 15, 18]],
            [28, [28, 26, 25]],
            [26, []],
            [23, []],
            [8, [33, 36, 30, 29]],
            [19, []],
            [3, []],
            [9, []],
            [44, [50, 48, 42, 46, 45, 38, 41, 44]],
            [50, []],
            [5, []],
            [6, []],
            [33, []],
            [2, []],
            [42, []],
            [15, []],
            [38, []],
            [41, []],
            [36, []],
            [20, []],
            [46, []],
            [30, []],
            [45, []],
            [22, []],
            [48, []],
            [25, []],
            [12, []],
            [18, []],
            [29, []]
        ],
        [
            [0, [11, 10, 31, 1, 27, 7, 16, 13, 14, 32, 17, 4, 24]],
            [11, []],
            [10, []],
            [31, [49, 47, 43, 40, 39, 34, 37, 35]],
            [40, []],
            [1, []],
            [34, []],
            [27, []],
            [49, []],
            [7, []],
            [16, []],
            [13, []],
            [39, []],
            [47, []],
            [14, []],
            [32, []],
            [37, []],
            [43, []],
            [17, []],
            [35, []],
            [4, []],
            [24, []]
        ]
    ],
    [
        [
            [21, [21, 23, 19, 20, 22, 15, 18]]
        ],
        [
            [28, [28, 26, 25]]
        ],
        [
            [8, [33, 36, 30, 29]]
        ],
        [
            [44, [50, 48, 42, 46, 45, 38, 41, 44]]
        ],
        [
            [31, [49, 47, 43, 40, 39, 34, 37, 35]]
        ]
    ]
]",,,273.5528392096483,0,5,6.0,,,,,results/sol_best_C201_1.dat_A8_L120_pid2750.txt,(not found),C201_1.dat_A8_L120_r1.log
54,test_data/data_demand_random_50_batch_all1_equal_random/C201_1.dat,8.0,120.0,2,741.18,"[
    [
        [
            [0, [21, 9, 5, 6, 33, 26, 23, 8, 19, 3, 28, 15, 36, 20, 1, 30, 22, 18, 29]],
            [38, [38]],
            [21, []],
            [9, [50, 48, 42, 44, 46, 45, 41]],
            [44, []],
            [50, []],
            [5, []],
            [6, []],
            [33, []],
            [26, []],
            [23, []],
            [8, []],
            [19, []],
            [3, []],
            [28, []],
            [42, []],
            [15, []],
            [41, []],
            [36, []],
            [20, []],
            [46, []],
            [1, []],
            [30, []],
            [45, []],
            [22, []],
            [48, []],
            [18, []],
            [29, []]
        ],
        [
            [0, [11, 25, 12, 10, 31, 2, 27, 7, 16, 13, 14, 32, 17, 4, 24]],
            [11, [34, 37, 35]],
            [25, []],
            [12, []],
            [10, [49, 47, 43, 40, 39]],
            [31, []],
            [40, []],
            [2, []],
            [34, [34, 34]],
            [27, []],
            [49, []],
            [7, []],
            [16, []],
            [13, []],
            [39, []],
            [47, []],
            [14, []],
            [32, []],
            [37, [37, 37]],
            [43, []],
            [17, []],
            [35, [35, 35]],
            [4, []],
            [24, []]
        ]
    ],
    [
        [
            [11, [34, 37, 35]]
        ],
        [
            [38, [38]]
        ],
        [
            [9, [50, 48, 42, 44, 46, 45, 41]]
        ],
        [
            [10, [49, 47, 43, 40, 39]]
        ]
    ]
]",,,323.6452918356359,0,4,4.0,,,,,results/sol_best_C201_1.dat_A8_L120_pid2752.txt,(not found),C201_1.dat_A8_L120_r2.log
54,test_data/data_demand_random_50_batch_all1_equal_random/C201_1.dat,8.0,120.0,3,790.73,"[
    [
        [
            [0, [6, 5, 23, 8, 19, 26, 3, 2, 9, 21, 15, 20, 1, 22, 18, 25, 12]],
            [6, [33, 36, 28, 30, 29]],
            [5, []],
            [23, []],
            [8, []],
            [19, []],
            [26, []],
            [33, []],
            [28, []],
            [3, []],
            [50, [50, 48, 44, 46, 45, 38, 41, 42]],
            [2, []],
            [42, []],
            [44, []],
            [9, []],
            [21, []],
            [15, []],
            [38, []],
            [41, []],
            [36, []],
            [20, []],
            [46, []],
            [1, []],
            [30, []],
            [45, []],
            [22, []],
            [48, []],
            [18, []],
            [25, []],
            [12, []],
            [29, []]
        ],
        [
            [0, [24, 37, 17, 35, 4, 11, 10, 31, 34, 27, 7, 16, 13, 14, 32]],
            [24, []],
            [37, []],
            [43, [43]],
            [17, []],
            [35, []],
            [4, [49, 47, 40, 39]],
            [11, []],
            [10, []],
            [31, []],
            [40, []],
            [34, []],
            [27, []],
            [49, []],
            [7, []],
            [16, []],
            [13, []],
            [39, []],
            [47, []],
            [14, []],
            [32, []]
        ]
    ],
    [
        [
            [43, [43]]
        ],
        [
            [6, [33, 36, 28, 30, 29]]
        ],
        [
            [4, [49, 47, 40, 39]]
        ],
        [
            [50, [50, 48, 44, 46, 45, 38, 41, 42]]
        ]
    ]
]",,,337.55992622981995,0,4,4.5,,,,,results/sol_best_C201_1.dat_A8_L120_pid2753.txt,(not found),C201_1.dat_A8_L120_r3.log
55,test_data/data_demand_random_50_batch_all1_equal_random/C201_2.5.dat,4.0,60.0,1,1210.91,"[
    [
        [
            [0, [42, 16, 6, 21, 24, 15, 39, 5, 36, 31, 1, 12, 32, 43, 22, 44, 33]],
            [42, []],
            [16, []],
            [6, []],
            [21, []],
            [24, []],
            [15, [47, 49, 48]],
            [39, []],
            [47, []],
            [5, []],
            [36, []],
            [31, []],
            [1, []],
            [49, []],
            [12, []],
            [32, []],
            [48, []],
            [43, []],
            [22, []],
            [44, []],
            [33, []]
        ],
        [
            [0, [20, 8, 4, 19, 9, 11, 18, 2, 7, 10, 14]],
            [20, [25, 23]],
            [25, []],
            [27, [29, 26, 28, 27]],
            [3, [3]],
            [8, []],
            [4, []],
            [19, [40, 37, 30]],
            [9, []],
            [37, []],
            [11, [45, 46]],
            [46, []],
            [18, [35, 34, 50]],
            [2, []],
            [34, []],
            [29, [41, 13, 17, 38]],
            [13, []],
            [17, []],
            [26, []],
            [7, []],
            [10, []],
            [41, []],
            [45, []],
            [40, []],
            [28, []],
            [50, []],
            [23, []],
            [35, []],
            [30, []],
            [14, []],
            [38, []]
        ]
    ],
    [
        [
            [20, [25, 23]]
        ],
        [
            [27, [29, 26, 28, 27]]
        ],
        [
            [3, [3]]
        ],
        [
            [15, [47, 49, 48]]
        ],
        [
            [19, [40, 37, 30]]
        ],
        [
            [11, [45, 46]]
        ],
        [
            [18, [35, 34, 50]]
        ],
        [
            [29, [41, 13, 17, 38]]
        ]
    ]
]",,,626.5859360440018,0,8,2.75,,,,,results/sol_best_C201_2.5.dat_A4_L60_pid2729.txt,(not found),C201_2.5.dat_A4_L60_r1.log
55,test_data/data_demand_random_50_batch_all1_equal_random/C201_2.5.dat,4.0,60.0,2,1177.12,"[
    [
        [
            [0, [5, 19, 3, 16, 7, 10, 15, 6, 17, 13, 2, 1, 12]],
            [5, []],
            [19, []],
            [3, []],
            [16, [24, 21, 22]],
            [29, [29, 26, 27]],
            [26, []],
            [7, []],
            [10, []],
            [21, []],
            [24, [36, 31, 32, 33]],
            [42, [42, 40, 34]],
            [15, []],
            [6, []],
            [40, []],
            [17, []],
            [13, []],
            [34, [47, 49, 48, 50]],
            [50, []],
            [39, [43, 44, 39]],
            [27, []],
            [47, []],
            [2, []],
            [1, []],
            [49, []],
            [12, []],
            [36, []],
            [31, []],
            [43, []],
            [44, []],
            [22, []],
            [48, []],
            [32, []],
            [33, []]
        ],
        [
            [0, [18, 37, 20, 9, 11, 4, 14, 30, 8, 35, 23, 25, 28]],
            [18, []],
            [37, []],
            [20, []],
            [9, [46, 45, 38, 41]],
            [11, []],
            [46, []],
            [38, []],
            [4, []],
            [14, []],
            [30, []],
            [8, []],
            [35, []],
            [23, []],
            [25, []],
            [28, []],
            [41, []],
            [45, []]
        ]
    ],
    [
        [
            [9, [46, 45, 38, 41]]
        ],
        [
            [16, [24, 21, 22]]
        ],
        [
            [29, [29, 26, 27]]
        ],
        [
            [24, [36, 31, 32, 33]]
        ],
        [
            [42, [42, 40, 34]]
        ],
        [
            [34, [47, 49, 48, 50]]
        ],
        [
            [39, [43, 44, 39]]
        ]
    ]
]",,,655.5975807204487,0,7,3.4285714285714284,,,,,results/sol_best_C201_2.5.dat_A4_L60_pid2731.txt,(not found),C201_2.5.dat_A4_L60_r2.log
55,test_data/data_demand_random_50_batch_all1_equal_random/C201_2.5.dat,4.0,60.0,3,1197.91,"[
    [
        [
            [0, [42, 43, 44, 22, 31, 36, 39, 32, 33]],
            [42, []],
            [43, []],
            [44, []],
            [22, []],
            [31, []],
            [36, [47, 49, 48]],
            [39, []],
            [47, []],
            [49, []],
            [48, []],
            [32, []],
            [33, []]
        ],
        [
            [0, [4, 3, 1, 2]],
            [4, []],
            [3, [7, 6, 5, 8]],
            [12, [12, 10, 9, 11]],
            [1, [14, 16, 15, 13]],
            [7, []],
            [6, []],
            [10, []],
            [13, []],
            [16, [23, 25, 21, 24]],
            [5, []],
            [2, [29, 26, 17, 28]],
            [24, []],
            [21, []],
            [23, []],
            [25, []],
            [27, [27, 18, 19, 20]],
            [20, [35, 34, 30, 37]],
            [37, []],
            [9, []],
            [11, [45, 46, 40]],
            [46, []],
            [19, []],
            [34, []],
            [15, []],
            [29, [38, 41, 50]],
            [26, []],
            [17, []],
            [41, []],
            [45, []],
            [40, []],
            [28, []],
            [50, []],
            [35, []],
            [8, []],
            [30, []],
            [14, []],
            [38, []],
            [18, []]
        ]
    ],
    [
        [
            [3, [7, 6, 5, 8]]
        ],
        [
            [12, [12, 10, 9, 11]]
        ],
        [
            [1, [14, 16, 15, 13]]
        ],
        [
            [36, [47, 49, 48]]
        ],
        [
            [16, [23, 25, 21, 24]]
        ],
        [
            [2, [29, 26, 17, 28]]
        ],
        [
            [27, [27, 18, 19, 20]]
        ],
        [
            [20, [35, 34, 30, 37]]
        ],
        [
            [11, [45, 46, 40]]
        ],
        [
            [29, [38, 41, 50]]
        ]
    ]
]",,,518.3598064372175,0,10,3.7,,,,,results/sol_best_C201_2.5.dat_A4_L60_pid2732.txt,(not found),C201_2.5.dat_A4_L60_r3.log
56,test_data/data_demand_random_50_batch_all1_equal_random/C201_2.5.dat,4.0,90.0,1,1201.62,"[
    [
        [
            [0, [15, 6, 17, 10, 7, 13, 39, 38, 27, 42, 1, 12, 32, 22, 33]],
            [15, []],
            [6, []],
            [17, []],
            [10, []],
            [7, []],
            [13, [47, 49, 48]],
            [39, [43, 44]],
            [38, []],
            [27, []],
            [47, []],
            [42, []],
            [1, []],
            [49, []],
            [12, []],
            [32, []],
            [48, []],
            [43, [43, 43, 43]],
            [44, [44, 44, 44]],
            [22, []],
            [33, []]
        ],
        [
            [0, [16, 5, 8, 2, 3, 11, 9, 4, 14]],
            [16, []],
            [5, []],
            [18, [18, 20, 19]],
            [21, [21]],
            [24, [25, 23, 24]],
            [25, []],
            [8, [29, 26, 28]],
            [2, []],
            [3, [35, 36, 34, 37]],
            [19, []],
            [20, []],
            [11, []],
            [9, [41, 40, 30, 31]],
            [37, []],
            [46, [46, 45]],
            [4, []],
            [14, []],
            [30, []],
            [35, []],
            [23, []],
            [50, [50]],
            [28, []],
            [29, []],
            [36, []],
            [31, []],
            [26, []],
            [41, []],
            [45, []],
            [40, []],
            [34, []]
        ]
    ],
    [
        [
            [18, [18, 20, 19]]
        ],
        [
            [21, [21]]
        ],
        [
            [24, [25, 23, 24]]
        ],
        [
            [8, [29, 26, 28]]
        ],
        [
            [3, [35, 36, 34, 37]]
        ],
        [
            [9, [41, 40, 30, 31]]
        ],
        [
            [46, [46, 45]]
        ],
        [
            [50, [50]]
        ],
        [
            [13, [47, 49, 48]]
        ],
        [
            [39, [43, 44]]
        ]
    ]
]",,,618.8460915651567,0,10,2.6,,,,,results/sol_best_C201_2.5.dat_A4_L90_pid2684.txt,(not found),C201_2.5.dat_A4_L90_r1.log
56,test_data/data_demand_random_50_batch_all1_equal_random/C201_2.5.dat,4.0,90.0,2,1188.29,"[
    [
        [
            [0, [42, 16, 15, 13, 17, 7, 10, 6, 21, 24, 1, 36, 31, 12, 32, 22, 33]],
            [42, []],
            [16, [43, 44]],
            [15, []],
            [13, []],
            [17, []],
            [7, []],
            [10, [47, 49, 48]],
            [6, []],
            [21, []],
            [24, []],
            [47, []],
            [49, []],
            [1, []],
            [36, []],
            [31, []],
            [12, []],
            [32, []],
            [48, []],
            [43, [43]],
            [44, [44]],
            [22, []],
            [33, []]
        ],
        [
            [0, [4, 2, 18, 19, 20, 9, 11, 3, 8, 14]],
            [4, [25, 23]],
            [25, []],
            [2, []],
            [5, [29, 26, 28, 5]],
            [27, [27]],
            [18, []],
            [19, []],
            [20, []],
            [9, []],
            [11, [35, 34, 37, 30]],
            [37, []],
            [3, [45, 46, 41, 40]],
            [39, [39]],
            [34, []],
            [29, []],
            [26, []],
            [41, []],
            [45, []],
            [40, []],
            [28, []],
            [50, [50, 38]],
            [23, []],
            [35, []],
            [8, []],
            [30, []],
            [14, []],
            [38, []],
            [46, []]
        ]
    ],
    [
        [
            [16, [43, 44]]
        ],
        [
            [4, [25, 23]]
        ],
        [
            [5, [29, 26, 28, 5]]
        ],
        [
            [27, [27]]
        ],
        [
            [11, [35, 34, 37, 30]]
        ],
        [
            [3, [45, 46, 41, 40]]
        ],
        [
            [39, [39]]
        ],
        [
            [10, [47, 49, 48]]
        ],
        [
            [50, [50, 38]]
        ]
    ]
]",,,668.3364398421269,0,9,2.5555555555555554,,,,,results/sol_best_C201_2.5.dat_A4_L90_pid2686.txt,(not found),C201_2.5.dat_A4_L90_r2.log
56,test_data/data_demand_random_50_batch_all1_equal_random/C201_2.5.dat,4.0,90.0,3,1187.53,"[
    [
        [
            [0, [33, 13, 7, 17, 6, 36, 31, 32]],
            [33, []],
            [13, []],
            [7, []],
            [17, [50, 47, 49, 48]],
            [6, [43, 44]],
            [50, []],
            [47, []],
            [49, []],
            [36, []],
            [31, []],
            [43, [43]],
            [44, [44]],
            [48, []],
            [32, []]
        ],
        [
            [0, [3, 2, 4, 1]],
            [3, []],
            [5, [8, 5]],
            [2, []],
            [8, [9, 11, 10, 12]],
            [4, []],
            [16, [16]],
            [15, [14, 15]],
            [22, [22]],
            [1, [18, 20, 19, 27]],
            [12, []],
            [18, []],
            [27, []],
            [19, [28, 29, 26, 37]],
            [20, [25, 23, 24, 21]],
            [37, [30, 34, 35]],
            [9, [39, 38, 40, 41]],
            [11, []],
            [46, [46, 45, 42]],
            [38, []],
            [14, []],
            [30, []],
            [35, []],
            [23, []],
            [25, []],
            [39, []],
            [28, []],
            [21, []],
            [40, []],
            [45, []],
            [41, []],
            [10, []],
            [26, []],
            [29, []],
            [24, []],
            [34, []],
            [42, []]
        ]
    ],
    [
        [
            [5, [8, 5]]
        ],
        [
            [8, [9, 11, 10, 12]]
        ],
        [
            [16, [16]]
        ],
        [
            [15, [14, 15]]
        ],
        [
            [22, [22]]
        ],
        [
            [1, [18, 20, 19, 27]]
        ],
        [
            [19, [28, 29, 26, 37]]
        ],
        [
            [20, [25, 23, 24, 21]]
        ],
        [
            [37, [30, 34, 35]]
        ],
        [
            [9, [39, 38, 40, 41]]
        ],
        [
            [46, [46, 45, 42]]
        ],
        [
            [17, [50, 47, 49, 48]]
        ],
        [
            [6, [43, 44]]
        ]
    ]
]",,,487.73382903515545,0,13,2.923076923076923,,,,,results/sol_best_C201_2.5.dat_A4_L90_pid2687.txt,(not found),C201_2.5.dat_A4_L90_r3.log
57,test_data/data_demand_random_50_batch_all1_equal_random/C201_2.5.dat,4.0,120.0,1,1181.08,"[
    [
        [
            [0, [21, 13, 29, 26, 6, 10, 17, 7, 15, 24, 27, 1, 12, 31, 22, 32, 33]],
            [21, []],
            [13, []],
            [29, []],
            [26, []],
            [6, []],
            [10, []],
            [17, [42, 39, 38, 36]],
            [7, [43, 44]],
            [15, [47, 49, 48]],
            [24, []],
            [39, []],
            [38, []],
            [27, []],
            [47, []],
            [42, []],
            [1, []],
            [49, []],
            [12, []],
            [36, []],
            [31, []],
            [43, []],
            [44, []],
            [22, []],
            [48, []],
            [32, []],
            [33, []]
        ],
        [
            [0, [2, 25, 8, 14, 4, 18, 3, 20, 19, 9, 11, 23, 28, 16, 5]],
            [2, [30]],
            [25, []],
            [35, [35, 37, 34]],
            [8, []],
            [30, [30, 30, 30]],
            [14, []],
            [4, []],
            [18, []],
            [3, []],
            [20, []],
            [19, []],
            [37, [37, 37, 37]],
            [9, []],
            [11, []],
            [46, [46, 45, 40, 41]],
            [23, []],
            [50, [50]],
            [28, []],
            [40, []],
            [45, []],
            [41, []],
            [16, []],
            [34, [34, 34, 34]],
            [5, []]
        ]
    ],
    [
        [
            [2, [30]]
        ],
        [
            [35, [35, 37, 34]]
        ],
        [
            [17, [42, 39, 38, 36]]
        ],
        [
            [7, [43, 44]]
        ],
        [
            [15, [47, 49, 48]]
        ],
        [
            [46, [46, 45, 40, 41]]
        ],
        [
            [50, [50]]
        ]
    ]
]",,,716.9396644599565,0,7,2.5714285714285716,,,,,results/sol_best_C201_2.5.dat_A4_L120_pid2793.txt,(not found),C201_2.5.dat_A4_L120_r1.log
57,test_data/data_demand_random_50_batch_all1_equal_random/C201_2.5.dat,4.0,120.0,2,1210.53,"[
    [
        [
            [0, [15, 29, 13, 7, 17, 10, 21, 24, 36, 1, 31, 22, 32, 12, 33]],
            [16, [16]],
            [38, [38, 42, 39]],
            [39, []],
            [15, [43, 44]],
            [29, []],
            [13, []],
            [7, []],
            [17, [47, 49, 48]],
            [10, []],
            [21, []],
            [24, []],
            [36, []],
            [1, []],
            [31, []],
            [43, []],
            [44, []],
            [22, []],
            [48, []],
            [32, []],
            [12, []],
            [49, []],
            [33, []],
            [47, []],
            [42, []]
        ],
        [
            [0, [19, 9, 11, 3, 18, 2, 5, 6, 26, 28, 25, 23, 8, 30, 14, 4, 27, 20]],
            [19, []],
            [37, [37, 34, 35]],
            [9, []],
            [11, []],
            [3, []],
            [18, []],
            [2, []],
            [5, [41, 40, 45, 46]],
            [34, [34, 34, 34, 34, 34]],
            [6, []],
            [45, []],
            [41, []],
            [26, []],
            [40, []],
            [28, []],
            [50, [50]],
            [25, []],
            [23, []],
            [35, [35, 35, 35, 35, 35]],
            [8, []],
            [30, []],
            [14, []],
            [4, []],
            [27, []],
            [46, []],
            [20, []]
        ]
    ],
    [
        [
            [37, [37, 34, 35]]
        ],
        [
            [16, [16]]
        ],
        [
            [38, [38, 42, 39]]
        ],
        [
            [15, [43, 44]]
        ],
        [
            [5, [41, 40, 45, 46]]
        ],
        [
            [17, [47, 49, 48]]
        ],
        [
            [50, [50]]
        ]
    ]
]",,,716.2340928407506,0,7,2.4285714285714284,,,,,results/sol_best_C201_2.5.dat_A4_L120_pid2795.txt,(not found),C201_2.5.dat_A4_L120_r2.log
57,test_data/data_demand_random_50_batch_all1_equal_random/C201_2.5.dat,4.0,120.0,3,1133.73,"[
    [
        [
            [0, [42, 16, 15, 29, 10, 13, 36, 12, 32, 44, 22, 43, 31, 1, 33]],
            [42, []],
            [16, []],
            [15, []],
            [29, []],
            [10, [47, 49, 48]],
            [13, []],
            [36, []],
            [12, []],
            [32, []],
            [48, []],
            [44, []],
            [22, []],
            [43, []],
            [31, []],
            [1, []],
            [49, []],
            [33, []],
            [47, []]
        ],
        [
            [0, [4, 8, 3, 7, 6, 5]],
            [11, [11, 9]],
            [4, []],
            [2, [14, 18, 2]],
            [21, [21]],
            [24, [25, 23, 24]],
            [25, []],
            [8, []],
            [23, [27, 28, 26]],
            [27, []],
            [18, []],
            [19, [19, 20, 17]],
            [20, []],
            [9, []],
            [37, [37, 38, 39, 41]],
            [46, [46]],
            [3, [45, 40]],
            [39, []],
            [38, []],
            [14, [35, 34, 30, 50]],
            [30, []],
            [35, []],
            [50, []],
            [28, []],
            [17, []],
            [26, []],
            [7, []],
            [41, []],
            [45, []],
            [6, []],
            [40, []],
            [34, []],
            [5, []]
        ]
    ],
    [
        [
            [11, [11, 9]]
        ],
        [
            [2, [14, 18, 2]]
        ],
        [
            [21, [21]]
        ],
        [
            [24, [25, 23, 24]]
        ],
        [
            [23, [27, 28, 26]]
        ],
        [
            [19, [19, 20, 17]]
        ],
        [
            [37, [37, 38, 39, 41]]
        ],
        [
            [46, [46]]
        ],
        [
            [3, [45, 40]]
        ],
        [
            [10, [47, 49, 48]]
        ],
        [
            [14, [35, 34, 30, 50]]
        ]
    ]
]",,,550.0599691210343,0,11,2.6363636363636362,,,,,results/sol_best_C201_2.5.dat_A4_L120_pid2796.txt,(not found),C201_2.5.dat_A4_L120_r3.log
58,test_data/data_demand_random_50_batch_all1_equal_random/C201_2.5.dat,8.0,60.0,1,1181.0,"[
    [
        [
            [0, [5, 7, 1, 6]],
            [5, []],
            [7, []],
            [1, []],
            [12, [13, 15, 12, 10]],
            [16, [16, 21, 17]],
            [21, []],
            [29, [26, 29, 24, 22, 25]],
            [17, []],
            [13, []],
            [10, []],
            [6, []],
            [26, []],
            [24, [36, 31, 32, 33, 14, 30, 35, 23]],
            [25, []],
            [23, []],
            [35, []],
            [14, []],
            [30, []],
            [15, [47, 49, 48, 43, 44, 42, 39, 38]],
            [42, []],
            [47, []],
            [38, []],
            [39, []],
            [36, []],
            [31, []],
            [43, []],
            [44, []],
            [22, []],
            [48, []],
            [32, []],
            [49, []],
            [33, []]
        ],
        [
            [0, [19, 20, 4, 8, 3, 18, 9, 11, 2]],
            [19, []],
            [20, []],
            [4, []],
            [8, []],
            [3, []],
            [37, [37, 27, 28]],
            [18, []],
            [9, []],
            [11, [45, 41, 40]],
            [46, [46, 34, 50]],
            [27, []],
            [34, []],
            [40, []],
            [41, []],
            [45, []],
            [28, []],
            [50, []],
            [2, []]
        ]
    ],
    [
        [
            [12, [13, 15, 12, 10]]
        ],
        [
            [16, [16, 21, 17]]
        ],
        [
            [29, [26, 29, 24, 22, 25]]
        ],
        [
            [24, [36, 31, 32, 33, 14, 30, 35, 23]]
        ],
        [
            [37, [37, 27, 28]]
        ],
        [
            [15, [47, 49, 48, 43, 44, 42, 39, 38]]
        ],
        [
            [11, [45, 41, 40]]
        ],
        [
            [46, [46, 34, 50]]
        ]
    ]
]",,,525.1846939521083,0,8,4.625,,,,,results/sol_best_C201_2.5.dat_A8_L60_pid2744.txt,(not found),C201_2.5.dat_A8_L60_r1.log
58,test_data/data_demand_random_50_batch_all1_equal_random/C201_2.5.dat,8.0,60.0,2,1159.62,"[
    [
        [
            [0, [15, 26, 17, 7, 13, 6, 21, 24, 27, 1, 12, 36, 31, 22, 32, 33]],
            [15, []],
            [26, []],
            [17, []],
            [7, []],
            [13, []],
            [6, []],
            [21, []],
            [24, [47, 49, 48, 43, 44, 42, 39, 38]],
            [39, []],
            [38, []],
            [27, []],
            [47, []],
            [42, []],
            [1, []],
            [49, []],
            [12, []],
            [36, []],
            [31, []],
            [43, []],
            [44, []],
            [22, []],
            [48, []],
            [32, []],
            [33, []]
        ],
        [
            [0, [2, 8, 9, 11, 3, 4, 14, 10]],
            [2, []],
            [8, []],
            [16, [16, 23, 25, 19, 20, 18]],
            [5, [28, 29, 5]],
            [25, []],
            [23, []],
            [18, []],
            [20, []],
            [9, []],
            [37, [37, 30]],
            [19, []],
            [11, [45, 41, 40, 46]],
            [46, []],
            [3, [35, 34, 50]],
            [4, []],
            [14, []],
            [30, []],
            [35, []],
            [50, []],
            [28, []],
            [40, []],
            [45, []],
            [41, []],
            [10, []],
            [29, []],
            [34, []]
        ]
    ],
    [
        [
            [24, [47, 49, 48, 43, 44, 42, 39, 38]]
        ],
        [
            [16, [16, 23, 25, 19, 20, 18]]
        ],
        [
            [5, [28, 29, 5]]
        ],
        [
            [37, [37, 30]]
        ],
        [
            [11, [45, 41, 40, 46]]
        ],
        [
            [3, [35, 34, 50]]
        ]
    ]
]",,,614.6579468228254,0,6,4.333333333333333,,,,,results/sol_best_C201_2.5.dat_A8_L60_pid2746.txt,(not found),C201_2.5.dat_A8_L60_r2.log
58,test_data/data_demand_random_50_batch_all1_equal_random/C201_2.5.dat,8.0,60.0,3,1138.13,"[
    [
        [
            [0, [32, 36, 13, 6, 17, 10, 21, 24, 31, 22, 33]],
            [32, []],
            [36, []],
            [13, []],
            [6, []],
            [17, []],
            [10, []],
            [21, []],
            [24, [47, 49, 48, 43, 44, 42, 39, 38]],
            [38, []],
            [39, []],
            [47, []],
            [42, []],
            [31, []],
            [43, []],
            [22, []],
            [44, []],
            [48, []],
            [49, []],
            [33, []]
        ],
        [
            [0, [2, 1, 8, 3, 4, 7, 5]],
            [2, []],
            [12, [12, 9, 11]],
            [1, []],
            [20, [20, 16, 14, 15]],
            [16, []],
            [15, [23, 25, 18, 19]],
            [25, []],
            [23, []],
            [8, []],
            [37, [37, 30]],
            [18, [29, 26, 28, 27]],
            [3, []],
            [9, [9]],
            [11, [11]],
            [46, [46]],
            [19, [50, 45, 41, 40, 34, 35]],
            [27, []],
            [4, []],
            [14, []],
            [30, []],
            [35, []],
            [50, []],
            [28, []],
            [40, []],
            [45, []],
            [41, []],
            [7, []],
            [26, []],
            [29, []],
            [34, []],
            [5, []]
        ]
    ],
    [
        [
            [24, [47, 49, 48, 43, 44, 42, 39, 38]]
        ],
        [
            [12, [12, 9, 11]]
        ],
        [
            [20, [20, 16, 14, 15]]
        ],
        [
            [15, [23, 25, 18, 19]]
        ],
        [
            [37, [37, 30]]
        ],
        [
            [18, [29, 26, 28, 27]]
        ],
        [
            [46, [46]]
        ],
        [
            [19, [50, 45, 41, 40, 34, 35]]
        ]
    ]
]",,,537.8479263667653,0,8,4.0,,,,,results/sol_best_C201_2.5.dat_A8_L60_pid2747.txt,(not found),C201_2.5.dat_A8_L60_r3.log
59,test_data/data_demand_random_50_batch_all1_equal_random/C201_2.5.dat,8.0,90.0,1,1138.0,"[
    [
        [
            [0, [1, 3]],
            [1, [5, 8, 7]],
            [5, []],
            [9, [15, 16, 9, 11, 10, 12]],
            [11, []],
            [18, [18]],
            [3, [17]],
            [8, [21, 24, 22, 25]],
            [24, []],
            [25, [26, 27, 23]],
            [23, []],
            [21, []],
            [10, []],
            [7, []],
            [17, []],
            [26, [31, 32, 33, 36]],
            [36, []],
            [32, []],
            [31, []],
            [15, []],
            [16, [47, 49, 48, 43, 44, 42, 39, 38]],
            [39, []],
            [38, []],
            [27, []],
            [47, []],
            [42, []],
            [49, []],
            [12, []],
            [48, []],
            [43, []],
            [44, []],
            [22, []],
            [33, []]
        ],
        [
            [0, [19, 2, 20, 4, 14, 30, 28, 6, 13, 29]],
            [19, []],
            [2, []],
            [37, [37, 35, 34]],
            [20, [45, 46, 41, 40]],
            [46, []],
            [4, []],
            [14, []],
            [30, []],
            [35, []],
            [50, [50]],
            [28, []],
            [40, []],
            [6, []],
            [45, []],
            [41, []],
            [13, []],
            [29, []],
            [34, []]
        ]
    ],
    [
        [
            [1, [5, 8, 7]]
        ],
        [
            [9, [15, 16, 9, 11, 10, 12]]
        ],
        [
            [18, [18]]
        ],
        [
            [3, [17]]
        ],
        [
            [8, [21, 24, 22, 25]]
        ],
        [
            [25, [26, 27, 23]]
        ],
        [
            [26, [31, 32, 33, 36]]
        ],
        [
            [37, [37, 35, 34]]
        ],
        [
            [16, [47, 49, 48, 43, 44, 42, 39, 38]]
        ],
        [
            [20, [45, 46, 41, 40]]
        ],
        [
            [50, [50]]
        ]
    ]
]",,,471.1055874140039,0,11,3.4545454545454546,,,,,results/sol_best_C201_2.5.dat_A8_L90_pid2886.txt,(not found),C201_2.5.dat_A8_L90_r1.log
59,test_data/data_demand_random_50_batch_all1_equal_random/C201_2.5.dat,8.0,90.0,2,1151.62,"[
    [
        [
            [0, [17, 13, 7, 6, 15, 10, 5, 16, 1, 12]],
            [22, [22, 21, 24]],
            [29, [29, 26]],
            [17, []],
            [26, []],
            [13, []],
            [7, []],
            [6, []],
            [15, [36, 31, 32, 33, 27]],
            [21, []],
            [10, []],
            [5, []],
            [16, []],
            [24, [47, 49, 48, 43, 44, 42, 39, 38]],
            [39, []],
            [38, []],
            [27, []],
            [47, []],
            [42, []],
            [1, []],
            [49, []],
            [12, []],
            [36, []],
            [31, []],
            [43, []],
            [44, []],
            [48, []],
            [32, []],
            [33, []]
        ],
        [
            [0, [2, 20, 8, 14, 4, 3, 18, 28, 23, 25, 11, 9, 19]],
            [2, []],
            [20, []],
            [8, [37, 35, 34, 30]],
            [35, []],
            [30, []],
            [14, []],
            [4, []],
            [3, []],
            [18, [45, 46, 41, 40]],
            [34, []],
            [41, []],
            [45, []],
            [40, []],
            [28, []],
            [50, [50]],
            [23, []],
            [25, []],
            [46, []],
            [11, []],
            [9, []],
            [37, []],
            [19, []]
        ]
    ],
    [
        [
            [22, [22, 21, 24]]
        ],
        [
            [29, [29, 26]]
        ],
        [
            [15, [36, 31, 32, 33, 27]]
        ],
        [
            [8, [37, 35, 34, 30]]
        ],
        [
            [24, [47, 49, 48, 43, 44, 42, 39, 38]]
        ],
        [
            [18, [45, 46, 41, 40]]
        ],
        [
            [50, [50]]
        ]
    ]
]",,,634.072860402351,0,7,3.857142857142857,,,,,results/sol_best_C201_2.5.dat_A8_L90_pid2888.txt,(not found),C201_2.5.dat_A8_L90_r2.log
59,test_data/data_demand_random_50_batch_all1_equal_random/C201_2.5.dat,8.0,90.0,3,1216.36,"[
    [
        [
            [0, [5, 2, 16, 15, 13, 10, 17, 7, 6, 1, 12]],
            [22, [22, 21, 24]],
            [5, []],
            [2, []],
            [16, []],
            [29, [29, 27]],
            [26, [31, 32, 33, 26]],
            [21, [36, 34]],
            [34, []],
            [15, []],
            [13, [43, 44, 42, 39, 38]],
            [10, []],
            [17, []],
            [7, []],
            [6, [47, 49, 48]],
            [24, []],
            [39, []],
            [38, []],
            [27, []],
            [47, []],
            [42, []],
            [1, []],
            [49, []],
            [12, []],
            [36, []],
            [31, []],
            [43, []],
            [44, []],
            [48, []],
            [32, []],
            [33, []]
        ],
        [
            [0, [19, 25, 23, 35, 4, 14, 30, 8, 18, 28, 3, 20, 11, 9, 37]],
            [19, []],
            [25, []],
            [23, []],
            [35, []],
            [4, []],
            [14, []],
            [30, []],
            [8, []],
            [18, [45, 46, 50, 41, 40]],
            [41, []],
            [45, []],
            [40, []],
            [28, []],
            [50, []],
            [3, []],
            [20, []],
            [46, []],
            [11, []],
            [9, []],
            [37, []]
        ]
    ],
    [
        [
            [22, [22, 21, 24]]
        ],
        [
            [29, [29, 27]]
        ],
        [
            [26, [31, 32, 33, 26]]
        ],
        [
            [21, [36, 34]]
        ],
        [
            [13, [43, 44, 42, 39, 38]]
        ],
        [
            [6, [47, 49, 48]]
        ],
        [
            [18, [45, 46, 50, 41, 40]]
        ]
    ]
]",,,628.1678579861517,0,7,3.4285714285714284,,,,,results/sol_best_C201_2.5.dat_A8_L90_pid2889.txt,(not found),C201_2.5.dat_A8_L90_r3.log
60,test_data/data_demand_random_50_batch_all1_equal_random/C201_2.5.dat,8.0,120.0,1,1107.62,"[
    [
        [
            [0, [1, 31, 36, 29, 26, 21, 24, 27]],
            [1, []],
            [31, []],
            [36, []],
            [29, []],
            [26, []],
            [21, []],
            [24, [47, 49, 48, 43, 44, 39, 38, 42]],
            [39, []],
            [38, []],
            [27, []],
            [47, []],
            [42, []],
            [49, []],
            [48, []],
            [43, []],
            [44, []]
        ],
        [
            [0, [12, 10, 7, 2, 3, 9, 11, 4, 8, 6, 5]],
            [12, []],
            [10, []],
            [7, []],
            [2, [18, 19, 20, 17, 16, 14, 13, 15]],
            [16, [22, 25, 23]],
            [22, []],
            [32, [32, 28]],
            [33, [37, 35, 34, 33, 30]],
            [3, []],
            [18, []],
            [19, []],
            [20, []],
            [37, []],
            [9, []],
            [11, [45, 46, 41, 40]],
            [46, []],
            [4, []],
            [14, []],
            [30, []],
            [8, []],
            [35, []],
            [25, []],
            [23, []],
            [50, [50]],
            [28, []],
            [40, []],
            [6, []],
            [45, []],
            [41, []],
            [17, []],
            [13, []],
            [15, []],
            [34, []],
            [5, []]
        ]
    ],
    [
        [
            [24, [47, 49, 48, 43, 44, 39, 38, 42]]
        ],
        [
            [2, [18, 19, 20, 17, 16, 14, 13, 15]]
        ],
        [
            [16, [22, 25, 23]]
        ],
        [
            [32, [32, 28]]
        ],
        [
            [33, [37, 35, 34, 33, 30]]
        ],
        [
            [11, [45, 46, 41, 40]]
        ],
        [
            [50, [50]]
        ]
    ]
]",,,612.8807466233446,0,7,4.428571428571429,,,,,results/sol_best_C201_2.5.dat_A8_L120_pid2705.txt,(not found),C201_2.5.dat_A8_L120_r1.log
60,test_data/data_demand_random_50_batch_all1_equal_random/C201_2.5.dat,8.0,120.0,2,1180.62,"[
    [
        [
            [0, [6, 7, 21, 17, 10, 13, 36, 22, 1]],
            [6, []],
            [7, []],
            [21, []],
            [17, []],
            [10, []],
            [13, [47, 49, 48, 43, 44, 50, 42, 39]],
            [36, []],
            [43, []],
            [44, []],
            [22, []],
            [48, []],
            [49, []],
            [1, []],
            [42, []],
            [39, []],
            [50, []],
            [47, []]
        ],
        [
            [0, [5, 8, 4, 11, 9, 3, 12]],
            [5, []],
            [15, [14, 16, 15]],
            [2, [2]],
            [8, []],
            [4, [20, 19, 18]],
            [24, [24, 25, 23]],
            [25, []],
            [27, [26, 28, 29, 27]],
            [20, []],
            [11, []],
            [37, [37, 30, 32, 33, 31]],
            [9, []],
            [19, []],
            [18, []],
            [3, [41, 40, 35, 34, 38]],
            [46, [46, 45]],
            [38, []],
            [14, []],
            [30, []],
            [35, []],
            [23, []],
            [28, []],
            [40, []],
            [45, []],
            [41, []],
            [26, []],
            [29, []],
            [34, []],
            [16, []],
            [31, []],
            [12, []],
            [32, []],
            [33, []]
        ]
    ],
    [
        [
            [13, [47, 49, 48, 43, 44, 50, 42, 39]]
        ],
        [
            [15, [14, 16, 15]]
        ],
        [
            [2, [2]]
        ],
        [
            [4, [20, 19, 18]]
        ],
        [
            [24, [24, 25, 23]]
        ],
        [
            [27, [26, 28, 29, 27]]
        ],
        [
            [37, [37, 30, 32, 33, 31]]
        ],
        [
            [3, [41, 40, 35, 34, 38]]
        ],
        [
            [46, [46, 45]]
        ]
    ]
]",,,480.25479005888974,0,9,3.7777777777777777,,,,,results/sol_best_C201_2.5.dat_A8_L120_pid2708.txt,(not found),C201_2.5.dat_A8_L120_r2.log
60,test_data/data_demand_random_50_batch_all1_equal_random/C201_2.5.dat,8.0,120.0,3,1196.31,"[
    [
        [
            [0, [15, 6, 36, 31, 22, 1, 12, 32, 33, 39, 38, 27, 42]],
            [15, []],
            [6, []],
            [36, []],
            [31, [47, 49, 48, 43, 44, 50]],
            [48, []],
            [44, []],
            [22, []],
            [43, []],
            [1, []],
            [49, []],
            [12, []],
            [32, []],
            [33, []],
            [47, []],
            [39, []],
            [50, []],
            [38, []],
            [27, []],
            [42, []]
        ],
        [
            [0, [10, 5, 8, 4, 11, 9, 3, 7, 2]],
            [10, []],
            [13, [13]],
            [16, [16, 14]],
            [5, [25, 23]],
            [21, [21, 19, 18, 20, 24, 17]],
            [24, []],
            [8, []],
            [30, [30]],
            [14, []],
            [4, [29, 26, 28]],
            [11, []],
            [9, [37]],
            [37, []],
            [18, []],
            [3, [45, 46, 41, 40, 35, 34]],
            [25, []],
            [35, []],
            [23, []],
            [28, []],
            [17, []],
            [26, []],
            [7, []],
            [41, []],
            [45, []],
            [40, []],
            [29, []],
            [34, []],
            [2, []],
            [19, []],
            [46, []],
            [20, []]
        ]
    ],
    [
        [
            [13, [13]]
        ],
        [
            [16, [16, 14]]
        ],
        [
            [5, [25, 23]]
        ],
        [
            [21, [21, 19, 18, 20, 24, 17]]
        ],
        [
            [30, [30]]
        ],
        [
            [4, [29, 26, 28]]
        ],
        [
            [31, [47, 49, 48, 43, 44, 50]]
        ],
        [
            [9, [37]]
        ],
        [
            [3, [45, 46, 41, 40, 35, 34]]
        ]
    ]
]",,,491.0667184234165,0,9,3.111111111111111,,,,,results/sol_best_C201_2.5.dat_A8_L120_pid2707.txt,(not found),C201_2.5.dat_A8_L120_r3.log
61,test_data/data_demand_random_50_batch_all1_equal_random/C201_2.dat,4.0,60.0,1,996.31,"[
    [
        [
            [0, [3, 7, 1, 2]],
            [3, []],
            [7, []],
            [11, [11, 13, 12]],
            [1, []],
            [13, []],
            [15, [15, 18, 22, 23]],
            [2, [10, 9]],
            [23, [19]],
            [22, [24, 27, 20, 6]],
            [26, [21, 29, 25, 26]],
            [20, []],
            [6, []],
            [19, []],
            [12, []],
            [25, []],
            [41, [41]],
            [29, [38, 42, 31]],
            [21, []],
            [33, [33, 35, 45, 47]],
            [30, [30, 44, 39]],
            [31, []],
            [27, []],
            [39, []],
            [24, []],
            [10, []],
            [44, []],
            [9, []],
            [18, []],
            [35, []],
            [38, []],
            [47, []],
            [42, []],
            [45, []]
        ],
        [
            [0, [36, 16, 34, 14, 5, 28, 17, 32, 37, 4, 8]],
            [36, []],
            [16, []],
            [34, []],
            [14, []],
            [5, []],
            [28, []],
            [17, [50, 49, 46, 48]],
            [50, []],
            [32, [43, 40]],
            [37, []],
            [43, []],
            [49, []],
            [4, []],
            [48, []],
            [8, []],
            [46, []],
            [40, []]
        ]
    ],
    [
        [
            [11, [11, 13, 12]]
        ],
        [
            [15, [15, 18, 22, 23]]
        ],
        [
            [2, [10, 9]]
        ],
        [
            [23, [19]]
        ],
        [
            [22, [24, 27, 20, 6]]
        ],
        [
            [26, [21, 29, 25, 26]]
        ],
        [
            [41, [41]]
        ],
        [
            [29, [38, 42, 31]]
        ],
        [
            [33, [33, 35, 45, 47]]
        ],
        [
            [17, [50, 49, 46, 48]]
        ],
        [
            [30, [30, 44, 39]]
        ],
        [
            [32, [43, 40]]
        ]
    ]
]",,,466.15715072571516,0,12,2.9166666666666665,,,,,results/sol_best_C201_2.dat_A4_L60_pid2737.txt,(not found),C201_2.dat_A4_L60_r1.log
61,test_data/data_demand_random_50_batch_all1_equal_random/C201_2.dat,4.0,60.0,2,973.62,"[
    [
        [
            [0, [11, 13, 12, 6, 4, 2, 1, 3, 7, 9]],
            [11, []],
            [13, []],
            [12, []],
            [6, []],
            [4, []],
            [2, []],
            [1, [21, 22, 23]],
            [22, [15, 18]],
            [23, []],
            [3, [28, 24, 27, 26]],
            [7, []],
            [28, []],
            [21, [33, 30, 31, 35]],
            [32, [32]],
            [26, []],
            [33, []],
            [30, []],
            [15, []],
            [47, [47, 45, 44, 39]],
            [45, []],
            [31, []],
            [27, []],
            [24, []],
            [39, []],
            [44, []],
            [9, [38, 42]],
            [18, []],
            [35, []],
            [38, []],
            [42, []]
        ],
        [
            [0, [16, 5, 14, 29, 17, 20, 25, 19, 10, 8]],
            [16, []],
            [5, [34, 36, 37]],
            [34, [34]],
            [14, []],
            [29, [41, 43, 40]],
            [17, []],
            [36, [36]],
            [41, [50, 49, 46, 48]],
            [20, []],
            [50, []],
            [25, []],
            [19, []],
            [49, []],
            [43, []],
            [37, [37]],
            [10, []],
            [48, []],
            [8, []],
            [46, []],
            [40, []]
        ]
    ],
    [
        [
            [1, [21, 22, 23]]
        ],
        [
            [22, [15, 18]]
        ],
        [
            [5, [34, 36, 37]]
        ],
        [
            [3, [28, 24, 27, 26]]
        ],
        [
            [21, [33, 30, 31, 35]]
        ],
        [
            [32, [32]]
        ],
        [
            [47, [47, 45, 44, 39]]
        ],
        [
            [29, [41, 43, 40]]
        ],
        [
            [41, [50, 49, 46, 48]]
        ],
        [
            [9, [38, 42]]
        ]
    ]
]",,,519.7484696828675,0,10,3.0,,,,,results/sol_best_C201_2.dat_A4_L60_pid2739.txt,(not found),C201_2.dat_A4_L60_r2.log
61,test_data/data_demand_random_50_batch_all1_equal_random/C201_2.dat,4.0,60.0,3,1025.0,"[
    [
        [
            [0, [14, 1, 2, 3, 12, 15, 9, 18]],
            [14, []],
            [1, [28, 26, 21, 22]],
            [2, []],
            [3, []],
            [32, [6, 32]],
            [6, []],
            [12, []],
            [28, [33, 30, 31, 35]],
            [21, []],
            [22, []],
            [26, []],
            [33, [39, 44, 45]],
            [31, []],
            [39, []],
            [44, []],
            [30, []],
            [45, []],
            [15, [47, 42, 38]],
            [47, []],
            [9, []],
            [18, []],
            [35, []],
            [38, []],
            [42, []]
        ],
        [
            [0, [13, 4, 11, 23, 16, 17, 7, 5, 20, 19, 10, 8]],
            [13, []],
            [4, []],
            [11, [34, 36, 37]],
            [23, []],
            [16, []],
            [34, [34]],
            [17, [41, 43, 40]],
            [7, []],
            [5, []],
            [36, [50, 49, 48, 46]],
            [29, [29, 25, 27, 24]],
            [41, []],
            [20, []],
            [50, []],
            [25, [25]],
            [19, []],
            [49, []],
            [43, []],
            [37, [37]],
            [27, [27]],
            [24, [24]],
            [10, []],
            [48, []],
            [8, []],
            [46, []],
            [40, []]
        ]
    ],
    [
        [
            [11, [34, 36, 37]]
        ],
        [
            [1, [28, 26, 21, 22]]
        ],
        [
            [32, [6, 32]]
        ],
        [
            [28, [33, 30, 31, 35]]
        ],
        [
            [17, [41, 43, 40]]
        ],
        [
            [36, [50, 49, 48, 46]]
        ],
        [
            [29, [29, 25, 27, 24]]
        ],
        [
            [33, [39, 44, 45]]
        ],
        [
            [15, [47, 42, 38]]
        ]
    ]
]",,,582.8052313948565,0,9,3.3333333333333335,,,,,results/sol_best_C201_2.dat_A4_L60_pid2740.txt,(not found),C201_2.dat_A4_L60_r3.log
62,test_data/data_demand_random_50_batch_all1_equal_random/C201_2.dat,4.0,90.0,1,1011.0,"[
    [
        [
            [0, [7, 6, 5, 1, 3]],
            [7, []],
            [6, []],
            [12, [12, 9, 11]],
            [5, [14, 18, 15, 16]],
            [16, []],
            [14, [21, 22, 23, 20]],
            [9, [26, 24, 27, 28]],
            [15, []],
            [1, []],
            [23, []],
            [3, [33, 30, 31, 35]],
            [11, [39, 38, 42, 32]],
            [22, []],
            [28, []],
            [21, []],
            [20, []],
            [32, [45, 47, 44]],
            [26, []],
            [33, []],
            [30, []],
            [31, []],
            [27, []],
            [24, []],
            [39, []],
            [44, []],
            [47, []],
            [18, []],
            [35, []],
            [38, []],
            [42, []],
            [45, []]
        ],
        [
            [0, [41, 36, 34, 17, 29, 25, 19, 43, 37, 13, 4, 10, 8, 2, 40]],
            [41, []],
            [36, []],
            [34, []],
            [17, []],
            [29, [49, 48, 46, 50]],
            [50, []],
            [25, []],
            [19, []],
            [49, []],
            [43, []],
            [37, []],
            [13, []],
            [4, []],
            [10, []],
            [8, []],
            [48, []],
            [46, []],
            [2, []],
            [40, []]
        ]
    ],
    [
        [
            [12, [12, 9, 11]]
        ],
        [
            [5, [14, 18, 15, 16]]
        ],
        [
            [14, [21, 22, 23, 20]]
        ],
        [
            [9, [26, 24, 27, 28]]
        ],
        [
            [3, [33, 30, 31, 35]]
        ],
        [
            [11, [39, 38, 42, 32]]
        ],
        [
            [32, [45, 47, 44]]
        ],
        [
            [29, [49, 48, 46, 50]]
        ]
    ]
]",,,432.7189117150755,0,8,3.75,,,,,results/sol_best_C201_2.dat_A4_L90_pid2675.txt,(not found),C201_2.dat_A4_L90_r1.log
62,test_data/data_demand_random_50_batch_all1_equal_random/C201_2.dat,4.0,90.0,2,1015.53,"[
    [
        [
            [0, [13, 1, 4, 6, 9]],
            [3, [14, 15, 18, 3]],
            [13, []],
            [11, [11]],
            [16, [16, 22]],
            [14, [14]],
            [22, [26, 27]],
            [1, [39, 38, 42]],
            [4, [33, 30, 31, 35]],
            [6, [45, 47, 44]],
            [26, []],
            [33, []],
            [31, []],
            [27, []],
            [39, []],
            [44, []],
            [30, []],
            [15, [15]],
            [47, []],
            [9, []],
            [18, [18]],
            [35, []],
            [38, []],
            [42, []],
            [45, []]
        ],
        [
            [0, [7, 28, 21, 17, 29, 5, 23, 20, 25, 12, 19, 24, 10, 8, 2]],
            [7, [36, 34, 32, 37]],
            [28, []],
            [21, []],
            [17, []],
            [36, [36, 36, 36, 36, 36]],
            [29, []],
            [5, []],
            [34, [41, 43, 40]],
            [41, []],
            [23, [50, 49, 48, 46]],
            [32, [32, 32, 32, 32, 32]],
            [20, []],
            [50, []],
            [25, []],
            [12, []],
            [19, []],
            [49, []],
            [43, []],
            [37, [37, 37, 37, 37, 37]],
            [24, []],
            [10, []],
            [48, []],
            [8, []],
            [46, []],
            [2, []],
            [40, []]
        ]
    ],
    [
        [
            [7, [36, 34, 32, 37]]
        ],
        [
            [3, [14, 15, 18, 3]]
        ],
        [
            [11, [11]]
        ],
        [
            [16, [16, 22]]
        ],
        [
            [22, [26, 27]]
        ],
        [
            [1, [39, 38, 42]]
        ],
        [
            [34, [41, 43, 40]]
        ],
        [
            [4, [33, 30, 31, 35]]
        ],
        [
            [6, [45, 47, 44]]
        ],
        [
            [23, [50, 49, 48, 46]]
        ]
    ]
]",,,427.5747684716358,0,10,3.0,,,,,results/sol_best_C201_2.dat_A4_L90_pid2677.txt,(not found),C201_2.dat_A4_L90_r2.log
62,test_data/data_demand_random_50_batch_all1_equal_random/C201_2.dat,4.0,90.0,3,1008.71,"[
    [
        [
            [0, [3, 7, 2, 1, 6, 4]],
            [3, []],
            [9, [9, 13, 12, 11]],
            [15, [15, 18, 16, 5]],
            [5, [21, 22, 17, 20]],
            [14, [14]],
            [16, []],
            [28, [28, 29, 23]],
            [7, []],
            [17, []],
            [29, []],
            [21, []],
            [22, []],
            [11, []],
            [23, []],
            [2, [26, 24, 27, 32]],
            [1, [39, 38, 42, 33]],
            [33, []],
            [26, []],
            [32, []],
            [20, []],
            [6, []],
            [12, []],
            [13, []],
            [4, [30, 31, 35]],
            [31, []],
            [24, []],
            [27, []],
            [39, []],
            [44, [44, 45, 47]],
            [30, []],
            [47, []],
            [18, []],
            [35, []],
            [38, []],
            [42, []],
            [45, []]
        ],
        [
            [0, [41, 34, 36, 25, 19, 43, 37, 10, 8, 40]],
            [41, []],
            [34, []],
            [36, []],
            [25, []],
            [50, [50, 49, 48, 46]],
            [19, []],
            [49, []],
            [43, []],
            [37, []],
            [10, []],
            [48, []],
            [8, []],
            [46, []],
            [40, []]
        ]
    ],
    [
        [
            [9, [9, 13, 12, 11]]
        ],
        [
            [15, [15, 18, 16, 5]]
        ],
        [
            [5, [21, 22, 17, 20]]
        ],
        [
            [14, [14]]
        ],
        [
            [28, [28, 29, 23]]
        ],
        [
            [2, [26, 24, 27, 32]]
        ],
        [
            [1, [39, 38, 42, 33]]
        ],
        [
            [50, [50, 49, 48, 46]]
        ],
        [
            [4, [30, 31, 35]]
        ],
        [
            [44, [44, 45, 47]]
        ]
    ]
]",,,471.1121442908185,0,10,3.4,,,,,results/sol_best_C201_2.dat_A4_L90_pid2678.txt,(not found),C201_2.dat_A4_L90_r3.log
63,test_data/data_demand_random_50_batch_all1_equal_random/C201_2.dat,4.0,120.0,1,1025.32,"[
    [
        [
            [0, [14, 16, 6, 12, 13, 4, 3, 11, 1, 7, 15, 9, 18]],
            [14, []],
            [16, [21, 22]],
            [21, []],
            [6, []],
            [12, []],
            [13, [28, 26, 24, 27]],
            [4, []],
            [33, [33]],
            [3, [30, 31, 35]],
            [11, []],
            [22, [39, 38, 42]],
            [1, []],
            [28, []],
            [7, []],
            [26, []],
            [31, []],
            [27, []],
            [24, []],
            [39, []],
            [44, [44, 47, 45]],
            [30, []],
            [45, []],
            [15, []],
            [47, []],
            [9, []],
            [18, []],
            [35, []],
            [38, []],
            [42, []]
        ],
        [
            [0, [5, 17, 29, 23, 2, 20, 25, 19, 10, 8]],
            [36, [36, 34, 32, 37]],
            [34, [34]],
            [5, []],
            [17, []],
            [29, []],
            [41, [41]],
            [23, [43, 40]],
            [2, [50, 49, 48, 46]],
            [32, [32]],
            [20, []],
            [50, []],
            [25, []],
            [19, []],
            [49, []],
            [43, []],
            [37, [37]],
            [10, []],
            [48, []],
            [8, []],
            [46, []],
            [40, []]
        ]
    ],
    [
        [
            [36, [36, 34, 32, 37]]
        ],
        [
            [16, [21, 22]]
        ],
        [
            [13, [28, 26, 24, 27]]
        ],
        [
            [33, [33]]
        ],
        [
            [3, [30, 31, 35]]
        ],
        [
            [22, [39, 38, 42]]
        ],
        [
            [41, [41]]
        ],
        [
            [44, [44, 47, 45]]
        ],
        [
            [23, [43, 40]]
        ],
        [
            [2, [50, 49, 48, 46]]
        ]
    ]
]",,,510.28737315280193,0,10,2.7,,,,,results/sol_best_C201_2.dat_A4_L120_pid2765.txt,(not found),C201_2.dat_A4_L120_r1.log
63,test_data/data_demand_random_50_batch_all1_equal_random/C201_2.dat,4.0,120.0,2,992.35,"[
    [
        [
            [0, [3, 6, 7, 2, 1, 4]],
            [3, []],
            [6, []],
            [12, [12, 13]],
            [7, [11, 9]],
            [16, [16, 14]],
            [14, [21, 22, 23]],
            [5, [15, 18, 5]],
            [21, []],
            [28, [28, 26]],
            [22, []],
            [26, []],
            [11, [24, 27]],
            [23, []],
            [2, [33, 31, 35, 30]],
            [1, [39, 38, 42, 37]],
            [33, []],
            [37, []],
            [13, [45, 47, 44]],
            [4, []],
            [31, []],
            [24, []],
            [27, []],
            [39, []],
            [44, []],
            [30, []],
            [45, []],
            [15, []],
            [38, []],
            [35, []],
            [18, []],
            [9, []],
            [47, []],
            [42, []]
        ],
        [
            [0, [32, 34, 36, 17, 29, 20, 25, 19, 10, 8]],
            [32, []],
            [41, [41, 43, 40]],
            [34, []],
            [36, []],
            [17, []],
            [29, [50, 49, 48, 46]],
            [20, []],
            [50, []],
            [25, []],
            [19, []],
            [49, []],
            [43, []],
            [10, []],
            [48, []],
            [8, []],
            [46, []],
            [40, []]
        ]
    ],
    [
        [
            [12, [12, 13]]
        ],
        [
            [7, [11, 9]]
        ],
        [
            [16, [16, 14]]
        ],
        [
            [14, [21, 22, 23]]
        ],
        [
            [5, [15, 18, 5]]
        ],
        [
            [28, [28, 26]]
        ],
        [
            [11, [24, 27]]
        ],
        [
            [2, [33, 31, 35, 30]]
        ],
        [
            [1, [39, 38, 42, 37]]
        ],
        [
            [41, [41, 43, 40]]
        ],
        [
            [13, [45, 47, 44]]
        ],
        [
            [29, [50, 49, 48, 46]]
        ]
    ]
]",,,382.9932602305435,0,12,2.8333333333333335,,,,,results/sol_best_C201_2.dat_A4_L120_pid2767.txt,(not found),C201_2.dat_A4_L120_r2.log
63,test_data/data_demand_random_50_batch_all1_equal_random/C201_2.dat,4.0,120.0,3,1059.99,"[
    [
        [
            [0, [7, 6, 2, 1, 3]],
            [7, []],
            [6, [12, 9, 11, 10]],
            [12, []],
            [16, [18, 15, 16, 14]],
            [14, []],
            [9, []],
            [18, [21, 22, 20, 23]],
            [2, [28, 26, 24, 27]],
            [1, []],
            [23, []],
            [11, []],
            [3, [33, 30, 31, 35]],
            [22, [39, 38, 42, 32]],
            [21, []],
            [28, []],
            [50, [50]],
            [20, [45, 47]],
            [32, []],
            [26, []],
            [33, []],
            [39, []],
            [10, []],
            [24, []],
            [27, []],
            [31, []],
            [30, []],
            [15, []],
            [38, []],
            [35, []],
            [47, []],
            [42, []],
            [45, []]
        ],
        [
            [0, [17, 29, 41, 36, 5, 34, 25, 19, 37, 43, 13, 4, 8, 40]],
            [17, []],
            [29, []],
            [41, []],
            [36, [49, 44, 48, 46]],
            [5, []],
            [34, []],
            [25, []],
            [19, []],
            [49, [49]],
            [37, []],
            [43, []],
            [13, []],
            [4, []],
            [44, [44]],
            [48, [48]],
            [8, []],
            [46, [46]],
            [40, []]
        ]
    ],
    [
        [
            [36, [49, 44, 48, 46]]
        ],
        [
            [6, [12, 9, 11, 10]]
        ],
        [
            [16, [18, 15, 16, 14]]
        ],
        [
            [18, [21, 22, 20, 23]]
        ],
        [
            [2, [28, 26, 24, 27]]
        ],
        [
            [3, [33, 30, 31, 35]]
        ],
        [
            [22, [39, 38, 42, 32]]
        ],
        [
            [50, [50]]
        ],
        [
            [20, [45, 47]]
        ]
    ]
]",,,487.08534389106694,0,9,3.4444444444444446,,,,,results/sol_best_C201_2.dat_A4_L120_pid2768.txt,(not found),C201_2.dat_A4_L120_r3.log
64,test_data/data_demand_random_50_batch_all1_equal_random/C201_2.dat,8.0,60.0,1,1029.71,"[
    [
        [
            [0, [22, 1, 3, 21, 15]],
            [22, []],
            [1, [8]],
            [2, [2, 10, 16]],
            [8, []],
            [10, []],
            [3, [33, 30, 31, 35, 28, 26, 24, 27]],
            [33, []],
            [26, []],
            [21, []],
            [28, []],
            [16, []],
            [15, [45, 47, 39, 38, 42]],
            [45, []],
            [30, []],
            [31, []],
            [24, []],
            [27, []],
            [39, []],
            [47, []],
            [35, []],
            [38, []],
            [42, []]
        ],
        [
            [0, [9, 13, 6, 7, 5, 11, 12, 4]],
            [9, []],
            [18, [18, 17, 14]],
            [13, []],
            [6, []],
            [7, [23, 20, 19]],
            [17, [17]],
            [14, [14]],
            [5, [41, 43, 40, 34, 36, 32, 37, 29]],
            [34, []],
            [36, []],
            [29, []],
            [41, []],
            [23, []],
            [11, [50, 49, 44, 48, 46, 25]],
            [32, []],
            [20, []],
            [50, []],
            [25, []],
            [12, []],
            [19, []],
            [49, []],
            [43, []],
            [37, []],
            [4, []],
            [44, []],
            [48, []],
            [46, []],
            [40, []]
        ]
    ],
    [
        [
            [18, [18, 17, 14]]
        ],
        [
            [1, [8]]
        ],
        [
            [2, [2, 10, 16]]
        ],
        [
            [3, [33, 30, 31, 35, 28, 26, 24, 27]]
        ],
        [
            [7, [23, 20, 19]]
        ],
        [
            [15, [45, 47, 39, 38, 42]]
        ],
        [
            [5, [41, 43, 40, 34, 36, 32, 37, 29]]
        ],
        [
            [11, [50, 49, 44, 48, 46, 25]]
        ]
    ]
]",,,455.9108357015538,0,8,4.625,,,,,results/sol_best_C201_2.dat_A8_L60_pid2758.txt,(not found),C201_2.dat_A8_L60_r1.log
64,test_data/data_demand_random_50_batch_all1_equal_random/C201_2.dat,8.0,60.0,2,983.17,"[
    [
        [
            [0, [3, 1, 5, 7, 6, 4]],
            [3, []],
            [11, [11]],
            [1, []],
            [5, [14, 15, 18, 16]],
            [7, [12, 9]],
            [16, []],
            [14, []],
            [29, [29, 28]],
            [28, [26, 24, 27]],
            [21, [22, 21]],
            [22, []],
            [26, []],
            [33, [30, 31, 35, 20, 25, 33]],
            [20, []],
            [12, []],
            [25, []],
            [6, []],
            [4, []],
            [31, []],
            [30, [47, 39, 38, 42, 45]],
            [39, []],
            [27, []],
            [24, []],
            [9, []],
            [38, []],
            [35, []],
            [18, []],
            [47, []],
            [42, []],
            [15, []],
            [45, []]
        ],
        [
            [0, [8, 10, 13, 17, 2]],
            [8, []],
            [10, []],
            [13, []],
            [23, [34, 36, 32, 37, 23, 19]],
            [17, []],
            [34, []],
            [36, [41, 40]],
            [41, []],
            [40, []],
            [2, [50, 49, 44, 48, 46, 43]],
            [46, []],
            [48, []],
            [44, []],
            [37, []],
            [43, []],
            [49, []],
            [19, []],
            [50, []],
            [32, []]
        ]
    ],
    [
        [
            [11, [11]]
        ],
        [
            [5, [14, 15, 18, 16]]
        ],
        [
            [7, [12, 9]]
        ],
        [
            [29, [29, 28]]
        ],
        [
            [28, [26, 24, 27]]
        ],
        [
            [21, [22, 21]]
        ],
        [
            [33, [30, 31, 35, 20, 25, 33]]
        ],
        [
            [23, [34, 36, 32, 37, 23, 19]]
        ],
        [
            [30, [47, 39, 38, 42, 45]]
        ],
        [
            [36, [41, 40]]
        ],
        [
            [2, [50, 49, 44, 48, 46, 43]]
        ]
    ]
]",,,369.48403653580294,0,11,3.5454545454545454,,,,,results/sol_best_C201_2.dat_A8_L60_pid2760.txt,(not found),C201_2.dat_A8_L60_r2.log
64,test_data/data_demand_random_50_batch_all1_equal_random/C201_2.dat,8.0,60.0,3,988.76,"[
    [
        [
            [0, [14, 17, 3, 15, 1, 9, 18]],
            [14, []],
            [21, [21, 22]],
            [17, []],
            [29, [29, 28]],
            [28, [6]],
            [3, [33, 30, 31, 35, 26, 24, 27, 4]],
            [6, []],
            [4, []],
            [31, []],
            [30, []],
            [15, [45, 47, 39, 38, 42]],
            [45, []],
            [1, []],
            [22, []],
            [26, []],
            [33, []],
            [27, []],
            [24, []],
            [39, []],
            [9, []],
            [18, []],
            [38, []],
            [35, []],
            [47, []],
            [42, []]
        ],
        [
            [0, [13, 10, 8, 2, 11, 7, 16, 5, 12]],
            [13, []],
            [10, []],
            [8, []],
            [2, []],
            [11, []],
            [23, [34, 36, 32, 37, 25, 23, 20, 19]],
            [7, []],
            [16, []],
            [34, []],
            [5, []],
            [36, []],
            [41, [50, 49, 44, 48, 46, 43, 40, 41]],
            [32, []],
            [20, []],
            [50, []],
            [25, []],
            [12, []],
            [19, []],
            [49, []],
            [43, []],
            [37, []],
            [44, []],
            [48, []],
            [46, []],
            [40, []]
        ]
    ],
    [
        [
            [21, [21, 22]]
        ],
        [
            [29, [29, 28]]
        ],
        [
            [28, [6]]
        ],
        [
            [3, [33, 30, 31, 35, 26, 24, 27, 4]]
        ],
        [
            [23, [34, 36, 32, 37, 25, 23, 20, 19]]
        ],
        [
            [15, [45, 47, 39, 38, 42]]
        ],
        [
            [41, [50, 49, 44, 48, 46, 43, 40, 41]]
        ]
    ]
]",,,450.6796476524706,0,7,4.857142857142857,,,,,results/sol_best_C201_2.dat_A8_L60_pid2761.txt,(not found),C201_2.dat_A8_L60_r3.log
65,test_data/data_demand_random_50_batch_all1_equal_random/C201_2.dat,8.0,90.0,1,983.0,"[
    [
        [
            [0, [1, 2, 3, 6]],
            [1, []],
            [9, [9]],
            [2, []],
            [13, [13]],
            [3, [15, 18, 20, 19]],
            [26, [26, 27]],
            [19, []],
            [6, []],
            [20, []],
            [27, []],
            [15, [45, 47, 39, 38, 42, 33, 30, 35]],
            [33, []],
            [39, []],
            [30, []],
            [47, []],
            [18, []],
            [38, []],
            [35, []],
            [42, []],
            [45, []]
        ],
        [
            [0, [16, 14, 7, 5, 17, 11, 12, 4, 10, 8]],
            [16, []],
            [14, []],
            [7, [23, 22, 21]],
            [23, []],
            [22, []],
            [21, [29, 25, 24, 34]],
            [28, [36, 32, 37, 28, 31]],
            [5, []],
            [34, []],
            [29, []],
            [17, [41, 43, 40]],
            [36, []],
            [41, []],
            [11, [50, 49, 44, 48, 46]],
            [32, []],
            [50, []],
            [25, []],
            [12, []],
            [49, []],
            [43, []],
            [37, []],
            [4, []],
            [31, []],
            [24, []],
            [10, []],
            [48, []],
            [8, []],
            [46, []],
            [44, []],
            [40, []]
        ]
    ],
    [
        [
            [9, [9]]
        ],
        [
            [13, [13]]
        ],
        [
            [3, [15, 18, 20, 19]]
        ],
        [
            [26, [26, 27]]
        ],
        [
            [7, [23, 22, 21]]
        ],
        [
            [21, [29, 25, 24, 34]]
        ],
        [
            [28, [36, 32, 37, 28, 31]]
        ],
        [
            [15, [45, 47, 39, 38, 42, 33, 30, 35]]
        ],
        [
            [17, [41, 43, 40]]
        ],
        [
            [11, [50, 49, 44, 48, 46]]
        ]
    ]
]",,,405.0461862891489,0,10,3.6,,,,,results/sol_best_C201_2.dat_A8_L90_pid2787.txt,(not found),C201_2.dat_A8_L90_r1.log
65,test_data/data_demand_random_50_batch_all1_equal_random/C201_2.dat,8.0,90.0,2,1174.06,"[
    [
        [
            [0, [1, 14, 12, 6, 4, 15, 9, 18]],
            [26, [26, 28, 27]],
            [1, []],
            [28, [28, 28, 28, 28, 28, 28, 28, 28, 28, 28, 28, 28, 28]],
            [14, []],
            [12, [45, 47, 39, 38, 42, 33, 30, 35]],
            [6, []],
            [4, []],
            [27, [27, 27, 27, 27, 27, 27, 27, 27, 27, 27, 27, 27, 27]],
            [39, []],
            [30, []],
            [33, []],
            [45, []],
            [15, []],
            [47, []],
            [9, []],
            [18, []],
            [35, []],
            [38, []],
            [42, []]
        ],
        [
            [0, [11, 5, 16, 7, 13, 10, 3, 17, 8, 2]],
            [11, []],
            [5, [23, 22, 21, 20, 19]],
            [16, []],
            [7, []],
            [22, []],
            [21, []],
            [29, [29, 25, 24]],
            [32, [32]],
            [20, []],
            [25, [34, 36, 37, 31]],
            [13, [41, 43, 40]],
            [10, [50, 49, 44, 48, 46]],
            [44, []],
            [3, []],
            [23, []],
            [41, []],
            [34, []],
            [36, []],
            [17, []],
            [50, []],
            [19, []],
            [49, []],
            [43, []],
            [37, []],
            [31, []],
            [24, []],
            [48, []],
            [8, []],
            [46, []],
            [2, []],
            [40, []]
        ]
    ],
    [
        [
            [26, [26, 28, 27]]
        ],
        [
            [5, [23, 22, 21, 20, 19]]
        ],
        [
            [29, [29, 25, 24]]
        ],
        [
            [32, [32]]
        ],
        [
            [25, [34, 36, 37, 31]]
        ],
        [
            [13, [41, 43, 40]]
        ],
        [
            [12, [45, 47, 39, 38, 42, 33, 30, 35]]
        ],
        [
            [10, [50, 49, 44, 48, 46]]
        ]
    ]
]",,,463.66684928580844,0,8,4.0,,,,,results/sol_best_C201_2.dat_A8_L90_pid2789.txt,(not found),C201_2.dat_A8_L90_r2.log
65,test_data/data_demand_random_50_batch_all1_equal_random/C201_2.dat,8.0,90.0,3,978.0,"[
    [
        [
            [0, [1, 4, 6, 5, 7, 3]],
            [1, []],
            [4, [11, 9]],
            [13, [13]],
            [12, [12]],
            [6, []],
            [14, [14, 21]],
            [5, []],
            [28, [28, 29]],
            [29, []],
            [7, [17, 18, 15, 16]],
            [16, []],
            [34, [34, 36]],
            [36, []],
            [17, [26, 24, 27, 22]],
            [21, []],
            [22, []],
            [3, [39, 38, 42, 33, 30, 31, 35]],
            [11, []],
            [26, [45, 47]],
            [33, []],
            [31, []],
            [24, []],
            [27, []],
            [39, []],
            [30, []],
            [15, []],
            [47, []],
            [9, []],
            [18, []],
            [35, []],
            [38, []],
            [42, []],
            [45, []]
        ],
        [
            [0, [37, 32, 23, 20, 25, 19, 10, 8, 2]],
            [37, []],
            [32, []],
            [23, []],
            [41, [50, 49, 44, 48, 46, 41, 43, 40]],
            [20, []],
            [50, []],
            [25, []],
            [19, []],
            [49, []],
            [43, []],
            [44, []],
            [10, []],
            [48, []],
            [8, []],
            [46, []],
            [2, []],
            [40, []]
        ]
    ],
    [
        [
            [4, [11, 9]]
        ],
        [
            [13, [13]]
        ],
        [
            [12, [12]]
        ],
        [
            [14, [14, 21]]
        ],
        [
            [28, [28, 29]]
        ],
        [
            [7, [17, 18, 15, 16]]
        ],
        [
            [34, [34, 36]]
        ],
        [
            [17, [26, 24, 27, 22]]
        ],
        [
            [3, [39, 38, 42, 33, 30, 31, 35]]
        ],
        [
            [26, [45, 47]]
        ],
        [
            [41, [50, 49, 44, 48, 46, 41, 43, 40]]
        ]
    ]
]",,,375.5888811856577,0,11,3.1818181818181817,,,,,results/sol_best_C201_2.dat_A8_L90_pid2790.txt,(not found),C201_2.dat_A8_L90_r3.log
66,test_data/data_demand_random_50_batch_all1_equal_random/C201_2.dat,8.0,120.0,1,989.71,"[
    [
        [
            [0, [6, 1, 4]],
            [7, [7]],
            [6, [10, 8, 9]],
            [17, [17, 18, 15]],
            [3, [3]],
            [13, [13]],
            [24, [24]],
            [10, [26, 27, 21, 22]],
            [8, []],
            [30, [30, 31]],
            [1, [39, 38, 42, 33, 35]],
            [21, []],
            [22, []],
            [26, []],
            [33, []],
            [4, [45, 47]],
            [31, []],
            [27, []],
            [39, []],
            [9, []],
            [18, []],
            [38, []],
            [35, []],
            [47, []],
            [42, []],
            [15, []],
            [45, []]
        ],
        [
            [0, [16, 14, 5, 23, 11, 20, 12, 19, 2]],
            [16, []],
            [29, [29, 28, 25]],
            [28, [28]],
            [34, [34, 36, 32, 37]],
            [14, []],
            [5, [41, 43, 40]],
            [36, []],
            [41, []],
            [23, [50, 49, 44, 48, 46]],
            [11, []],
            [32, []],
            [20, []],
            [50, []],
            [25, [25]],
            [12, []],
            [19, []],
            [49, []],
            [43, []],
            [37, []],
            [44, []],
            [48, []],
            [46, []],
            [2, []],
            [40, []]
        ]
    ],
    [
        [
            [29, [29, 28, 25]]
        ],
        [
            [7, [7]]
        ],
        [
            [6, [10, 8, 9]]
        ],
        [
            [17, [17, 18, 15]]
        ],
        [
            [3, [3]]
        ],
        [
            [13, [13]]
        ],
        [
            [24, [24]]
        ],
        [
            [10, [26, 27, 21, 22]]
        ],
        [
            [34, [34, 36, 32, 37]]
        ],
        [
            [30, [30, 31]]
        ],
        [
            [1, [39, 38, 42, 33, 35]]
        ],
        [
            [5, [41, 43, 40]]
        ],
        [
            [4, [45, 47]]
        ],
        [
            [23, [50, 49, 44, 48, 46]]
        ]
    ]
]",,,379.057923060272,0,14,2.7142857142857144,,,,,results/sol_best_C201_2.dat_A8_L120_pid2757.txt,(not found),C201_2.dat_A8_L120_r1.log
66,test_data/data_demand_random_50_batch_all1_equal_random/C201_2.dat,8.0,120.0,2,1030.81,"[
    [
        [
            [0, [2, 1, 3, 6]],
            [2, [9, 11, 12]],
            [9, []],
            [1, []],
            [11, []],
            [23, [23, 22]],
            [3, [19, 16, 17, 18, 20, 15]],
            [20, []],
            [6, []],
            [19, [28, 26, 24, 27, 21, 25]],
            [12, []],
            [25, []],
            [36, [33, 30, 35, 31, 34, 36]],
            [17, []],
            [28, []],
            [16, []],
            [34, []],
            [21, []],
            [22, []],
            [26, [45, 47, 39, 38, 42]],
            [33, []],
            [31, []],
            [27, []],
            [24, []],
            [39, []],
            [30, []],
            [42, []],
            [38, []],
            [35, []],
            [18, []],
            [47, []],
            [15, []],
            [45, []]
        ],
        [
            [0, [14, 7, 5, 4, 13, 10, 8]],
            [14, []],
            [7, []],
            [5, []],
            [32, [37, 29, 32]],
            [29, []],
            [41, [43, 40, 41]],
            [44, [50, 49, 48, 46, 44]],
            [4, []],
            [13, []],
            [49, []],
            [43, []],
            [37, []],
            [50, []],
            [10, []],
            [48, []],
            [8, []],
            [46, []],
            [40, []]
        ]
    ],
    [
        [
            [2, [9, 11, 12]]
        ],
        [
            [23, [23, 22]]
        ],
        [
            [3, [19, 16, 17, 18, 20, 15]]
        ],
        [
            [19, [28, 26, 24, 27, 21, 25]]
        ],
        [
            [36, [33, 30, 35, 31, 34, 36]]
        ],
        [
            [32, [37, 29, 32]]
        ],
        [
            [26, [45, 47, 39, 38, 42]]
        ],
        [
            [41, [43, 40, 41]]
        ],
        [
            [44, [50, 49, 48, 46, 44]]
        ]
    ]
]",,,388.9326186504625,0,9,4.333333333333333,,,,,results/sol_best_C201_2.dat_A8_L120_pid2759.txt,(not found),C201_2.dat_A8_L120_r2.log
66,test_data/data_demand_random_50_batch_all1_equal_random/C201_2.dat,8.0,120.0,3,979.0,"[
    [
        [
            [0, [12, 6, 4, 24, 27, 9, 18]],
            [12, []],
            [6, []],
            [4, []],
            [24, []],
            [27, []],
            [30, [45, 47, 39, 38, 42, 30, 31, 35]],
            [31, []],
            [39, []],
            [9, []],
            [18, []],
            [38, []],
            [35, []],
            [47, []],
            [42, []],
            [45, []]
        ],
        [
            [0, [3, 1, 7, 5, 2]],
            [3, []],
            [1, []],
            [13, [13, 11, 10, 8]],
            [7, [14, 16, 15, 17]],
            [14, [20, 19, 23, 21, 22]],
            [29, [29, 26, 25]],
            [22, []],
            [23, []],
            [21, []],
            [28, [34, 32, 37, 28, 33, 36]],
            [17, []],
            [5, []],
            [16, []],
            [34, []],
            [36, [41, 43, 40]],
            [41, []],
            [11, [50, 49, 44, 48, 46]],
            [32, []],
            [20, []],
            [50, []],
            [25, []],
            [19, []],
            [49, []],
            [43, []],
            [37, []],
            [26, []],
            [33, []],
            [44, []],
            [10, []],
            [48, []],
            [8, []],
            [46, []],
            [2, []],
            [40, []],
            [15, []]
        ]
    ],
    [
        [
            [30, [45, 47, 39, 38, 42, 30, 31, 35]]
        ],
        [
            [13, [13, 11, 10, 8]]
        ],
        [
            [7, [14, 16, 15, 17]]
        ],
        [
            [14, [20, 19, 23, 21, 22]]
        ],
        [
            [29, [29, 26, 25]]
        ],
        [
            [28, [34, 32, 37, 28, 33, 36]]
        ],
        [
            [36, [41, 43, 40]]
        ],
        [
            [11, [50, 49, 44, 48, 46]]
        ]
    ]
]",,,400.48447219592174,0,8,4.75,,,,,results/sol_best_C201_2.dat_A8_L120_pid2760.txt,(not found),C201_2.dat_A8_L120_r3.log
67,test_data/data_demand_random_50_batch_all1_equal_random/C201_3.dat,4.0,60.0,1,1364.71,"[
    [
        [
            [0, [1, 5, 17, 15, 8, 4, 16, 14, 10, 9, 3, 19, 18]],
            [1, []],
            [5, []],
            [17, []],
            [15, []],
            [8, []],
            [4, [25, 26, 22, 21]],
            [16, []],
            [14, []],
            [25, [30, 24]],
            [30, [31, 28, 27, 33]],
            [26, [38, 37, 36, 35]],
            [35, []],
            [10, []],
            [9, []],
            [22, []],
            [37, []],
            [3, []],
            [24, []],
            [36, []],
            [31, [42, 41, 40]],
            [21, [43, 49, 48, 45]],
            [48, []],
            [27, []],
            [41, []],
            [33, []],
            [49, []],
            [43, []],
            [28, []],
            [19, []],
            [18, []],
            [38, []],
            [42, []],
            [45, []],
            [40, []]
        ],
        [
            [0, [29, 11, 23, 20, 13, 6, 2, 7, 12, 32]],
            [29, []],
            [11, []],
            [23, []],
            [20, []],
            [13, [39, 34]],
            [6, []],
            [2, []],
            [7, [47, 46, 44, 50]],
            [44, []],
            [46, []],
            [47, []],
            [34, []],
            [12, []],
            [50, []],
            [32, []],
            [39, []]
        ]
    ],
    [
        [
            [4, [25, 26, 22, 21]]
        ],
        [
            [25, [30, 24]]
        ],
        [
            [30, [31, 28, 27, 33]]
        ],
        [
            [26, [38, 37, 36, 35]]
        ],
        [
            [31, [42, 41, 40]]
        ],
        [
            [13, [39, 34]]
        ],
        [
            [21, [43, 49, 48, 45]]
        ],
        [
            [7, [47, 46, 44, 50]]
        ]
    ]
]",,,749.508776983665,0,8,3.375,,,,,results/sol_best_C201_3.dat_A4_L60_pid2748.txt,(not found),C201_3.dat_A4_L60_r1.log
67,test_data/data_demand_random_50_batch_all1_equal_random/C201_3.dat,4.0,60.0,2,1315.61,"[
    [
        [
            [0, [14, 25, 26, 24, 31, 4, 3, 13, 17, 20, 30, 29, 22, 9, 32, 12, 33]],
            [14, []],
            [25, []],
            [26, []],
            [24, []],
            [36, [36]],
            [31, []],
            [4, []],
            [3, [38, 37]],
            [13, []],
            [17, []],
            [20, []],
            [30, []],
            [35, [35, 39]],
            [39, [42]],
            [34, [41, 40, 34]],
            [46, [46, 47]],
            [29, [50, 45, 43]],
            [47, []],
            [37, []],
            [22, []],
            [9, []],
            [32, []],
            [50, []],
            [12, []],
            [42, []],
            [38, []],
            [33, []],
            [43, []],
            [41, []],
            [45, []],
            [40, []]
        ],
        [
            [0, [11, 10, 1, 5, 2, 8, 18, 15, 19, 6, 7, 21, 23]],
            [11, []],
            [10, []],
            [1, []],
            [5, []],
            [16, [16, 27, 28]],
            [2, []],
            [8, []],
            [18, []],
            [15, []],
            [19, []],
            [28, []],
            [27, []],
            [6, []],
            [7, [44, 48, 49]],
            [44, []],
            [21, []],
            [48, []],
            [49, []],
            [23, []]
        ]
    ],
    [
        [
            [36, [36]]
        ],
        [
            [16, [16, 27, 28]]
        ],
        [
            [3, [38, 37]]
        ],
        [
            [35, [35, 39]]
        ],
        [
            [39, [42]]
        ],
        [
            [34, [41, 40, 34]]
        ],
        [
            [46, [46, 47]]
        ],
        [
            [29, [50, 45, 43]]
        ],
        [
            [7, [44, 48, 49]]
        ]
    ]
]",,,848.7986965944762,0,9,2.2222222222222223,,,,,results/sol_best_C201_3.dat_A4_L60_pid2750.txt,(not found),C201_3.dat_A4_L60_r2.log
67,test_data/data_demand_random_50_batch_all1_equal_random/C201_3.dat,4.0,60.0,3,1389.66,"[
    [
        [
            [0, [33, 16, 4, 11, 10, 9, 5, 1, 24, 21, 31]],
            [33, []],
            [16, []],
            [4, [36, 38, 30]],
            [36, []],
            [14, [12, 14]],
            [30, []],
            [12, []],
            [11, []],
            [10, []],
            [9, []],
            [5, [43, 49, 48, 45]],
            [1, []],
            [24, [42, 41, 40, 2]],
            [2, []],
            [21, []],
            [31, []],
            [41, []],
            [48, []],
            [49, []],
            [43, []],
            [38, []],
            [42, []],
            [45, []],
            [40, []]
        ],
        [
            [0, [3, 8, 19, 15, 18, 20, 17, 13, 23, 6, 7, 25, 26, 22]],
            [3, [27, 28, 32, 29]],
            [8, []],
            [27, [27, 27, 27]],
            [28, [28, 28, 28]],
            [19, []],
            [15, []],
            [18, []],
            [20, []],
            [17, []],
            [13, []],
            [23, []],
            [6, []],
            [7, [37, 35, 34, 39]],
            [25, []],
            [26, [50, 47, 46, 44]],
            [37, []],
            [22, []],
            [32, [32, 32, 32]],
            [50, []],
            [35, []],
            [39, []],
            [34, []],
            [47, []],
            [29, [29, 29, 29]],
            [46, []],
            [44, []]
        ]
    ],
    [
        [
            [3, [27, 28, 32, 29]]
        ],
        [
            [4, [36, 38, 30]]
        ],
        [
            [14, [12, 14]]
        ],
        [
            [5, [43, 49, 48, 45]]
        ],
        [
            [7, [37, 35, 34, 39]]
        ],
        [
            [26, [50, 47, 46, 44]]
        ],
        [
            [24, [42, 41, 40, 2]]
        ]
    ]
]",,,798.3541240940307,0,7,3.5714285714285716,,,,,results/sol_best_C201_3.dat_A4_L60_pid2751.txt,(not found),C201_3.dat_A4_L60_r3.log
68,test_data/data_demand_random_50_batch_all1_equal_random/C201_3.dat,4.0,90.0,1,1349.47,"[
    [
        [
            [0, [1, 6, 7, 24, 14, 5, 25, 26, 11, 9, 22, 10, 21, 4, 12, 16]],
            [1, []],
            [6, []],
            [7, []],
            [24, [31, 30, 27, 28]],
            [14, []],
            [5, []],
            [25, []],
            [26, []],
            [11, []],
            [9, []],
            [37, [37]],
            [22, []],
            [10, [36, 38, 35]],
            [35, []],
            [31, []],
            [21, []],
            [36, []],
            [4, [42, 41, 40]],
            [30, []],
            [12, [43, 49, 48, 45]],
            [42, []],
            [38, []],
            [27, []],
            [41, []],
            [28, []],
            [43, []],
            [49, []],
            [48, []],
            [45, []],
            [40, []],
            [16, []]
        ],
        [
            [0, [2, 3, 13, 23, 17, 15, 19, 20, 18, 8]],
            [2, []],
            [3, [33, 32, 29]],
            [13, []],
            [23, []],
            [17, []],
            [15, []],
            [19, []],
            [33, [33]],
            [20, []],
            [18, []],
            [8, []],
            [32, [47, 46, 44, 39]],
            [50, [50, 34]],
            [39, []],
            [34, []],
            [47, []],
            [29, [29]],
            [46, []],
            [44, []]
        ]
    ],
    [
        [
            [3, [33, 32, 29]]
        ],
        [
            [24, [31, 30, 27, 28]]
        ],
        [
            [37, [37]]
        ],
        [
            [10, [36, 38, 35]]
        ],
        [
            [4, [42, 41, 40]]
        ],
        [
            [32, [47, 46, 44, 39]]
        ],
        [
            [50, [50, 34]]
        ],
        [
            [12, [43, 49, 48, 45]]
        ]
    ]
]",,,822.0181334292998,0,8,3.0,,,,,results/sol_best_C201_3.dat_A4_L90_pid2705.txt,(not found),C201_3.dat_A4_L90_r1.log
68,test_data/data_demand_random_50_batch_all1_equal_random/C201_3.dat,4.0,90.0,2,1415.31,"[
    [
        [
            [0, [16, 19, 18, 9, 11, 10, 5, 14, 4, 12, 3]],
            [16, []],
            [19, [24, 23, 21, 20]],
            [18, []],
            [9, []],
            [11, [33, 31, 28, 27]],
            [10, []],
            [30, [30, 25]],
            [25, []],
            [5, [36, 38]],
            [23, []],
            [14, []],
            [36, []],
            [24, []],
            [4, [42, 41, 40]],
            [40, []],
            [38, []],
            [42, []],
            [12, [43, 49, 48, 45]],
            [20, []],
            [45, []],
            [31, []],
            [21, []],
            [3, []],
            [48, []],
            [27, []],
            [28, []],
            [43, []],
            [49, []],
            [33, []],
            [41, []],
            [44, [44]]
        ],
        [
            [0, [26, 29, 1, 6, 2, 7, 8, 15, 17, 13, 22, 32]],
            [26, []],
            [29, []],
            [1, []],
            [6, [39, 35, 37, 34]],
            [2, []],
            [7, []],
            [8, [47, 46, 50]],
            [15, []],
            [17, []],
            [13, []],
            [35, []],
            [37, []],
            [22, []],
            [50, []],
            [32, []],
            [34, []],
            [47, []],
            [46, []],
            [39, []]
        ]
    ],
    [
        [
            [19, [24, 23, 21, 20]]
        ],
        [
            [11, [33, 31, 28, 27]]
        ],
        [
            [30, [30, 25]]
        ],
        [
            [5, [36, 38]]
        ],
        [
            [4, [42, 41, 40]]
        ],
        [
            [6, [39, 35, 37, 34]]
        ],
        [
            [8, [47, 46, 50]]
        ],
        [
            [12, [43, 49, 48, 45]]
        ],
        [
            [44, [44]]
        ]
    ]
]",,,751.8002382876641,0,9,3.0,,,,,results/sol_best_C201_3.dat_A4_L90_pid2707.txt,(not found),C201_3.dat_A4_L90_r2.log
68,test_data/data_demand_random_50_batch_all1_equal_random/C201_3.dat,4.0,90.0,3,1343.05,"[
    [
        [
            [0, [1, 5, 12, 10, 9, 11, 36, 31, 27, 28, 38, 30]],
            [1, []],
            [5, [41, 42, 40]],
            [12, []],
            [10, []],
            [9, []],
            [11, [43, 49, 48, 45]],
            [45, []],
            [41, [41]],
            [36, []],
            [31, []],
            [48, []],
            [27, []],
            [49, []],
            [28, []],
            [43, []],
            [38, []],
            [42, [42]],
            [30, []],
            [40, [40]]
        ],
        [
            [0, [25, 24, 4, 21, 2, 6, 16, 7, 3, 8, 15, 19, 18, 17, 23, 13, 14, 20, 22, 26]],
            [25, []],
            [24, []],
            [4, []],
            [21, []],
            [2, []],
            [6, []],
            [16, []],
            [7, [33, 32, 29]],
            [3, [35, 37, 34]],
            [8, []],
            [33, []],
            [15, []],
            [19, []],
            [18, []],
            [17, []],
            [23, []],
            [13, []],
            [14, []],
            [20, []],
            [50, [50, 47, 46, 44]],
            [32, []],
            [22, []],
            [37, []],
            [35, []],
            [26, []],
            [39, [39]],
            [34, []],
            [47, []],
            [29, []],
            [46, []],
            [44, []]
        ]
    ],
    [
        [
            [7, [33, 32, 29]]
        ],
        [
            [3, [35, 37, 34]]
        ],
        [
            [5, [41, 42, 40]]
        ],
        [
            [11, [43, 49, 48, 45]]
        ],
        [
            [50, [50, 47, 46, 44]]
        ],
        [
            [39, [39]]
        ]
    ]
]",,,848.1906267790588,0,6,3.0,,,,,results/sol_best_C201_3.dat_A4_L90_pid2708.txt,(not found),C201_3.dat_A4_L90_r3.log
69,test_data/data_demand_random_50_batch_all1_equal_random/C201_3.dat,4.0,120.0,1,1380.31,"[
    [
        [
            [0, [14, 25, 1, 5, 13, 11, 22, 9, 10, 26, 24, 4, 21, 23, 12]],
            [14, []],
            [25, [17]],
            [1, []],
            [5, []],
            [17, []],
            [13, []],
            [30, [30, 32]],
            [11, []],
            [22, []],
            [9, []],
            [10, [33, 31, 28, 27]],
            [32, []],
            [26, []],
            [36, [36]],
            [24, []],
            [4, [42, 40, 38]],
            [31, []],
            [21, []],
            [23, []],
            [40, [49, 48, 50, 45]],
            [50, []],
            [12, []],
            [42, []],
            [38, []],
            [33, []],
            [49, []],
            [28, []],
            [27, []],
            [48, []],
            [45, []]
        ],
        [
            [0, [16, 2, 6, 3, 15, 7, 8, 19, 18]],
            [16, []],
            [2, []],
            [6, []],
            [3, []],
            [15, []],
            [7, []],
            [34, [34]],
            [37, [37, 35, 20]],
            [41, [41, 39, 29]],
            [8, []],
            [43, [43]],
            [19, [47, 46, 44]],
            [18, []],
            [20, []],
            [35, []],
            [39, []],
            [47, []],
            [29, []],
            [46, []],
            [44, []]
        ]
    ],
    [
        [
            [34, [34]]
        ],
        [
            [25, [17]]
        ],
        [
            [30, [30, 32]]
        ],
        [
            [10, [33, 31, 28, 27]]
        ],
        [
            [37, [37, 35, 20]]
        ],
        [
            [36, [36]]
        ],
        [
            [4, [42, 40, 38]]
        ],
        [
            [40, [49, 48, 50, 45]]
        ],
        [
            [41, [41, 39, 29]]
        ],
        [
            [43, [43]]
        ],
        [
            [19, [47, 46, 44]]
        ]
    ]
]",,,792.9301118959145,0,11,2.3636363636363638,,,,,results/sol_best_C201_3.dat_A4_L120_pid2757.txt,(not found),C201_3.dat_A4_L120_r1.log
69,test_data/data_demand_random_50_batch_all1_equal_random/C201_3.dat,4.0,120.0,2,1356.0,"[
    [
        [
            [0, [16, 30, 9, 12, 11, 10, 1, 5, 31, 21, 4, 24, 27, 28]],
            [16, []],
            [30, []],
            [9, []],
            [12, [41, 40, 36]],
            [11, []],
            [10, []],
            [1, []],
            [5, [43, 49, 48, 45]],
            [31, []],
            [21, []],
            [4, []],
            [24, []],
            [36, [36]],
            [48, []],
            [27, []],
            [28, []],
            [43, []],
            [49, []],
            [41, [41]],
            [45, []],
            [40, [40]]
        ],
        [
            [0, [2, 6, 8, 15, 19, 18, 20, 17, 23, 3, 7, 13, 14, 22, 25, 26]],
            [2, []],
            [6, []],
            [8, []],
            [33, [33]],
            [15, []],
            [19, []],
            [18, []],
            [20, []],
            [17, []],
            [23, [32, 29]],
            [3, []],
            [7, [35, 37, 34]],
            [13, []],
            [14, []],
            [42, [38, 39, 42]],
            [38, []],
            [50, [50, 47, 46, 44]],
            [32, []],
            [22, []],
            [37, []],
            [35, []],
            [25, []],
            [26, []],
            [39, []],
            [34, []],
            [47, []],
            [29, []],
            [46, []],
            [44, []]
        ]
    ],
    [
        [
            [12, [41, 40, 36]]
        ],
        [
            [33, [33]]
        ],
        [
            [23, [32, 29]]
        ],
        [
            [7, [35, 37, 34]]
        ],
        [
            [42, [38, 39, 42]]
        ],
        [
            [5, [43, 49, 48, 45]]
        ],
        [
            [50, [50, 47, 46, 44]]
        ]
    ]
]",,,799.8136222884667,0,7,2.857142857142857,,,,,results/sol_best_C201_3.dat_A4_L120_pid2759.txt,(not found),C201_3.dat_A4_L120_r2.log
69,test_data/data_demand_random_50_batch_all1_equal_random/C201_3.dat,4.0,120.0,3,1286.05,"[
    [
        [
            [0, [9, 11, 12, 10, 14, 1, 5, 3, 4, 13]],
            [9, []],
            [11, []],
            [12, []],
            [10, []],
            [17, [17, 16]],
            [20, [20]],
            [18, [18, 26]],
            [14, []],
            [1, []],
            [29, [29, 31]],
            [26, []],
            [25, [24, 25]],
            [5, [33, 28, 27, 36]],
            [16, []],
            [3, []],
            [21, [21, 23]],
            [24, []],
            [4, []],
            [36, []],
            [31, []],
            [40, [40, 41, 42, 38]],
            [13, []],
            [23, []],
            [41, []],
            [42, [43, 49, 48, 45]],
            [38, []],
            [33, []],
            [49, []],
            [28, []],
            [43, []],
            [27, []],
            [48, []],
            [45, []]
        ],
        [
            [0, [2, 6, 7, 15, 8, 19, 22]],
            [2, []],
            [6, []],
            [7, []],
            [15, []],
            [8, []],
            [19, []],
            [39, [39, 32, 35]],
            [35, []],
            [30, [30, 37, 34]],
            [22, []],
            [37, []],
            [50, [50, 47, 46, 44]],
            [32, []],
            [34, []],
            [47, []],
            [46, []],
            [44, []]
        ]
    ],
    [
        [
            [17, [17, 16]]
        ],
        [
            [20, [20]]
        ],
        [
            [18, [18, 26]]
        ],
        [
            [29, [29, 31]]
        ],
        [
            [25, [24, 25]]
        ],
        [
            [5, [33, 28, 27, 36]]
        ],
        [
            [39, [39, 32, 35]]
        ],
        [
            [21, [21, 23]]
        ],
        [
            [40, [40, 41, 42, 38]]
        ],
        [
            [42, [43, 49, 48, 45]]
        ],
        [
            [30, [30, 37, 34]]
        ],
        [
            [50, [50, 47, 46, 44]]
        ]
    ]
]",,,655.850958098672,0,12,2.75,,,,,results/sol_best_C201_3.dat_A4_L120_pid2760.txt,(not found),C201_3.dat_A4_L120_r3.log
70,test_data/data_demand_random_50_batch_all1_equal_random/C201_3.dat,8.0,60.0,1,1308.66,"[
    [
        [
            [0, [10, 16, 1, 9, 11, 12, 5]],
            [20, [20, 25]],
            [26, [22, 23, 26]],
            [25, []],
            [10, []],
            [16, [30, 32, 31, 27, 33]],
            [1, [37, 38, 36]],
            [30, []],
            [22, []],
            [9, []],
            [37, []],
            [32, []],
            [11, []],
            [12, []],
            [38, []],
            [5, [43, 49, 48, 50, 45, 41, 42, 40]],
            [36, []],
            [31, []],
            [48, []],
            [27, []],
            [49, []],
            [43, []],
            [33, []],
            [41, []],
            [42, []],
            [50, []],
            [45, []],
            [23, []],
            [40, []]
        ],
        [
            [0, [14, 7, 3, 21, 6, 2, 24, 4, 8, 19, 15, 18, 17, 13]],
            [14, []],
            [7, []],
            [3, [35, 34, 29]],
            [21, []],
            [6, []],
            [2, []],
            [24, []],
            [4, [28]],
            [8, []],
            [28, []],
            [19, []],
            [15, []],
            [18, []],
            [17, [47, 46, 44, 39]],
            [13, []],
            [35, []],
            [39, []],
            [34, []],
            [47, []],
            [29, []],
            [46, []],
            [44, []]
        ]
    ],
    [
        [
            [20, [20, 25]]
        ],
        [
            [26, [22, 23, 26]]
        ],
        [
            [16, [30, 32, 31, 27, 33]]
        ],
        [
            [1, [37, 38, 36]]
        ],
        [
            [3, [35, 34, 29]]
        ],
        [
            [5, [43, 49, 48, 50, 45, 41, 42, 40]]
        ],
        [
            [4, [28]]
        ],
        [
            [17, [47, 46, 44, 39]]
        ]
    ]
]",,,584.0076686716616,0,8,3.625,,,,,results/sol_best_C201_3.dat_A8_L60_pid3362.txt,(not found),C201_3.dat_A8_L60_r1.log
70,test_data/data_demand_random_50_batch_all1_equal_random/C201_3.dat,8.0,60.0,2,1268.32,"[
    [
        [
            [0, [5, 37, 31, 24, 21, 4, 16, 27, 28, 38, 12]],
            [5, []],
            [37, []],
            [31, []],
            [24, []],
            [21, []],
            [4, []],
            [16, [43, 49, 48, 50, 45, 41, 42, 40]],
            [41, []],
            [27, []],
            [48, []],
            [28, []],
            [43, []],
            [49, []],
            [38, []],
            [42, []],
            [50, []],
            [12, []],
            [45, []],
            [40, []]
        ],
        [
            [0, [6, 2, 3]],
            [6, []],
            [2, []],
            [7, [7, 13, 11, 9, 8, 14]],
            [14, []],
            [1, [1, 10]],
            [13, [18, 17, 15, 19]],
            [18, []],
            [20, [20, 25, 26, 22]],
            [22, []],
            [10, []],
            [11, []],
            [9, []],
            [17, [23, 32, 30, 29]],
            [36, [35, 34, 36, 33]],
            [3, []],
            [8, []],
            [15, []],
            [19, []],
            [33, []],
            [23, []],
            [30, []],
            [32, []],
            [35, [47, 46, 44, 39]],
            [25, []],
            [26, []],
            [39, []],
            [34, []],
            [47, []],
            [29, []],
            [46, []],
            [44, []]
        ]
    ],
    [
        [
            [16, [43, 49, 48, 50, 45, 41, 42, 40]]
        ],
        [
            [7, [7, 13, 11, 9, 8, 14]]
        ],
        [
            [1, [1, 10]]
        ],
        [
            [13, [18, 17, 15, 19]]
        ],
        [
            [20, [20, 25, 26, 22]]
        ],
        [
            [17, [23, 32, 30, 29]]
        ],
        [
            [36, [35, 34, 36, 33]]
        ],
        [
            [35, [47, 46, 44, 39]]
        ]
    ]
]",,,505.423505590374,0,8,4.5,,,,,results/sol_best_C201_3.dat_A8_L60_pid3364.txt,(not found),C201_3.dat_A8_L60_r2.log
70,test_data/data_demand_random_50_batch_all1_equal_random/C201_3.dat,8.0,60.0,3,1380.12,"[
    [
        [
            [0, [33, 24, 4, 10, 9, 1, 5, 16, 27, 28, 12, 11, 23]],
            [33, []],
            [24, [36, 38]],
            [4, []],
            [10, []],
            [9, []],
            [1, []],
            [5, [43, 49, 48, 50, 45, 41, 42, 40]],
            [16, []],
            [36, []],
            [41, []],
            [27, []],
            [28, []],
            [43, []],
            [49, []],
            [48, []],
            [38, []],
            [42, []],
            [50, []],
            [12, []],
            [11, []],
            [45, []],
            [23, []],
            [40, []]
        ],
        [
            [0, [14, 13, 25, 20, 3, 21, 6, 2, 7, 8, 19, 15, 18, 17, 22, 26]],
            [14, []],
            [13, []],
            [25, [31, 30, 32, 29]],
            [20, []],
            [3, []],
            [31, [31]],
            [21, [35, 37, 34]],
            [6, []],
            [2, []],
            [7, []],
            [8, []],
            [19, []],
            [15, []],
            [18, []],
            [17, [47, 46, 44, 39]],
            [30, [30]],
            [37, []],
            [22, []],
            [32, [32]],
            [35, []],
            [26, []],
            [39, []],
            [34, []],
            [47, []],
            [29, [29]],
            [46, []],
            [44, []]
        ]
    ],
    [
        [
            [25, [31, 30, 32, 29]]
        ],
        [
            [24, [36, 38]]
        ],
        [
            [21, [35, 37, 34]]
        ],
        [
            [5, [43, 49, 48, 50, 45, 41, 42, 40]]
        ],
        [
            [17, [47, 46, 44, 39]]
        ]
    ]
]",,,733.5168845279644,0,5,4.2,,,,,results/sol_best_C201_3.dat_A8_L60_pid3365.txt,(not found),C201_3.dat_A8_L60_r3.log
71,test_data/data_demand_random_50_batch_all1_equal_random/C201_3.dat,8.0,90.0,1,1219.08,"[
    [
        [
            [0, [6, 4, 2, 5, 3, 1]],
            [6, []],
            [4, []],
            [2, []],
            [7, [9, 14, 11, 12, 7]],
            [5, []],
            [13, [10, 17, 13]],
            [17, []],
            [3, []],
            [20, [18, 19, 23, 20]],
            [23, []],
            [14, [24, 21, 22, 25, 26]],
            [25, []],
            [1, []],
            [29, [29]],
            [26, [31, 28, 27, 30, 32]],
            [10, []],
            [32, []],
            [9, []],
            [22, []],
            [37, [37, 35, 36]],
            [35, []],
            [36, []],
            [24, []],
            [21, []],
            [31, [42, 41, 40, 38]],
            [40, []],
            [30, []],
            [11, [43, 49, 48, 50, 45]],
            [12, []],
            [50, []],
            [42, []],
            [38, []],
            [18, []],
            [19, []],
            [28, []],
            [43, []],
            [49, []],
            [48, []],
            [27, []],
            [41, []],
            [45, []]
        ],
        [
            [0, [33, 15, 16, 8]],
            [33, []],
            [15, []],
            [16, []],
            [8, []],
            [44, [47, 46, 39, 34, 44]],
            [34, []],
            [46, []],
            [47, []],
            [39, []]
        ]
    ],
    [
        [
            [7, [9, 14, 11, 12, 7]]
        ],
        [
            [13, [10, 17, 13]]
        ],
        [
            [20, [18, 19, 23, 20]]
        ],
        [
            [14, [24, 21, 22, 25, 26]]
        ],
        [
            [29, [29]]
        ],
        [
            [26, [31, 28, 27, 30, 32]]
        ],
        [
            [37, [37, 35, 36]]
        ],
        [
            [31, [42, 41, 40, 38]]
        ],
        [
            [11, [43, 49, 48, 50, 45]]
        ],
        [
            [44, [47, 46, 39, 34, 44]]
        ]
    ]
]",,,563.832526656448,0,10,4.0,,,,,results/sol_best_C201_3.dat_A8_L90_pid2748.txt,(not found),C201_3.dat_A8_L90_r1.log
71,test_data/data_demand_random_50_batch_all1_equal_random/C201_3.dat,8.0,90.0,2,1372.62,"[
    [
        [
            [0, [36, 28, 27, 38]],
            [36, [41, 42, 40]],
            [28, []],
            [41, [41]],
            [27, [43, 49, 48, 50, 45, 44]],
            [48, []],
            [43, []],
            [49, []],
            [38, []],
            [42, [42]],
            [50, []],
            [45, []],
            [40, [40]],
            [44, []]
        ],
        [
            [0, [1, 5, 3, 4, 6, 2]],
            [10, [10, 11, 13, 14, 7, 8, 12, 9]],
            [11, []],
            [16, [16]],
            [1, [19, 18, 17, 15]],
            [13, []],
            [17, [22, 25, 26, 24]],
            [19, []],
            [18, []],
            [30, [30, 32]],
            [14, []],
            [5, []],
            [26, []],
            [25, []],
            [35, [35, 37, 34]],
            [23, [23, 29, 33, 31]],
            [20, [20, 21]],
            [31, []],
            [3, []],
            [21, []],
            [24, []],
            [4, []],
            [7, []],
            [6, []],
            [2, []],
            [8, [47, 46, 39]],
            [15, []],
            [33, []],
            [12, []],
            [32, []],
            [9, []],
            [22, []],
            [37, []],
            [34, []],
            [47, []],
            [29, []],
            [46, []],
            [39, []]
        ]
    ],
    [
        [
            [10, [10, 11, 13, 14, 7, 8, 12, 9]]
        ],
        [
            [16, [16]]
        ],
        [
            [1, [19, 18, 17, 15]]
        ],
        [
            [17, [22, 25, 26, 24]]
        ],
        [
            [30, [30, 32]]
        ],
        [
            [35, [35, 37, 34]]
        ],
        [
            [23, [23, 29, 33, 31]]
        ],
        [
            [20, [20, 21]]
        ],
        [
            [36, [41, 42, 40]]
        ],
        [
            [27, [43, 49, 48, 50, 45, 44]]
        ],
        [
            [8, [47, 46, 39]]
        ]
    ]
]",,,531.3730249352834,0,11,3.6363636363636362,,,,,results/sol_best_C201_3.dat_A8_L90_pid2750.txt,(not found),C201_3.dat_A8_L90_r2.log
71,test_data/data_demand_random_50_batch_all1_equal_random/C201_3.dat,8.0,90.0,3,1236.65,"[
    [
        [
            [0, [24, 4, 36, 31, 21, 25, 10, 11, 9, 12, 38, 33, 28, 27, 23]],
            [24, []],
            [4, []],
            [36, []],
            [31, []],
            [21, []],
            [25, []],
            [10, []],
            [11, []],
            [9, []],
            [12, [43, 49, 48, 50, 45, 42, 41, 40]],
            [50, []],
            [42, []],
            [38, []],
            [33, []],
            [28, []],
            [43, []],
            [49, []],
            [48, []],
            [27, []],
            [41, []],
            [45, []],
            [23, []],
            [40, []]
        ],
        [
            [0, [5, 3, 6, 2, 7, 8, 13, 14]],
            [5, []],
            [16, [16, 19, 18, 15, 17]],
            [1, [1]],
            [3, [26, 20, 22]],
            [6, []],
            [2, []],
            [7, [30, 32, 29]],
            [8, []],
            [15, []],
            [19, []],
            [18, []],
            [17, []],
            [13, []],
            [14, []],
            [20, []],
            [30, []],
            [32, []],
            [22, []],
            [37, [37, 35]],
            [35, []],
            [26, [47, 46, 44, 39, 34]],
            [39, []],
            [34, []],
            [47, []],
            [29, []],
            [46, []],
            [44, []]
        ]
    ],
    [
        [
            [12, [43, 49, 48, 50, 45, 42, 41, 40]]
        ],
        [
            [16, [16, 19, 18, 15, 17]]
        ],
        [
            [1, [1]]
        ],
        [
            [3, [26, 20, 22]]
        ],
        [
            [7, [30, 32, 29]]
        ],
        [
            [37, [37, 35]]
        ],
        [
            [26, [47, 46, 44, 39, 34]]
        ]
    ]
]",,,557.6425130891533,0,7,3.857142857142857,,,,,results/sol_best_C201_3.dat_A8_L90_pid2751.txt,(not found),C201_3.dat_A8_L90_r3.log
72,test_data/data_demand_random_50_batch_all1_equal_random/C201_3.dat,8.0,120.0,1,1324.66,"[
    [
        [
            [0, [4, 11, 9, 10, 12, 1, 5]],
            [4, []],
            [21, [21, 24, 22]],
            [24, []],
            [18, [18]],
            [33, [32, 31, 27, 28, 33]],
            [11, []],
            [32, [37, 35, 36, 38]],
            [9, []],
            [37, []],
            [22, []],
            [10, []],
            [35, []],
            [12, [42, 41, 40]],
            [1, []],
            [5, [43, 49, 48, 50, 45]],
            [36, []],
            [31, []],
            [41, []],
            [48, []],
            [27, []],
            [49, []],
            [43, []],
            [28, []],
            [38, []],
            [42, []],
            [50, []],
            [45, []],
            [40, []]
        ],
        [
            [0, [8, 19, 7, 2, 6, 16, 3, 13, 17, 14, 15]],
            [8, [23, 20, 25, 26]],
            [19, []],
            [23, [23, 23]],
            [7, []],
            [2, []],
            [6, []],
            [16, []],
            [3, [30, 29]],
            [13, []],
            [17, []],
            [14, []],
            [15, []],
            [20, [20, 20]],
            [30, [47, 46, 44, 39, 34]],
            [25, [25, 25]],
            [26, [26, 26]],
            [39, []],
            [34, []],
            [47, []],
            [29, []],
            [46, []],
            [44, []]
        ]
    ],
    [
        [
            [8, [23, 20, 25, 26]]
        ],
        [
            [21, [21, 24, 22]]
        ],
        [
            [18, [18]]
        ],
        [
            [33, [32, 31, 27, 28, 33]]
        ],
        [
            [32, [37, 35, 36, 38]]
        ],
        [
            [3, [30, 29]]
        ],
        [
            [12, [42, 41, 40]]
        ],
        [
            [5, [43, 49, 48, 50, 45]]
        ],
        [
            [30, [47, 46, 44, 39, 34]]
        ]
    ]
]",,,510.5703146377465,0,9,3.5555555555555554,,,,,results/sol_best_C201_3.dat_A8_L120_pid2737.txt,(not found),C201_3.dat_A8_L120_r1.log
72,test_data/data_demand_random_50_batch_all1_equal_random/C201_3.dat,8.0,120.0,2,1236.65,"[
    [
        [
            [0, [1, 4]],
            [13, [13, 9, 10, 11, 12]],
            [9, [9]],
            [2, [2]],
            [16, [16, 17]],
            [17, [24, 23, 21]],
            [1, [33, 31, 28, 27]],
            [5, [5]],
            [14, [14]],
            [23, []],
            [28, []],
            [21, []],
            [31, []],
            [24, []],
            [4, [42, 41, 40, 36, 38]],
            [36, []],
            [10, [10]],
            [11, [11]],
            [12, [12]],
            [50, [50, 43, 49, 48, 45]],
            [42, []],
            [38, []],
            [33, []],
            [43, []],
            [49, []],
            [48, []],
            [27, []],
            [41, []],
            [45, []],
            [40, []]
        ],
        [
            [0, [20, 3, 7, 19, 15, 8, 18, 22, 25, 26]],
            [20, []],
            [3, []],
            [7, []],
            [6, [6]],
            [19, []],
            [15, []],
            [8, []],
            [18, [35, 37, 34, 32, 30, 29]],
            [37, []],
            [22, []],
            [32, []],
            [30, []],
            [35, []],
            [25, []],
            [26, [47, 46, 44, 39]],
            [39, []],
            [34, []],
            [47, []],
            [29, []],
            [46, []],
            [44, []]
        ]
    ],
    [
        [
            [6, [6]]
        ],
        [
            [13, [13, 9, 10, 11, 12]]
        ],
        [
            [2, [2]]
        ],
        [
            [16, [16, 17]]
        ],
        [
            [17, [24, 23, 21]]
        ],
        [
            [1, [33, 31, 28, 27]]
        ],
        [
            [5, [5]]
        ],
        [
            [14, [14]]
        ],
        [
            [4, [42, 41, 40, 36, 38]]
        ],
        [
            [18, [35, 37, 34, 32, 30, 29]]
        ],
        [
            [50, [50, 43, 49, 48, 45]]
        ],
        [
            [26, [47, 46, 44, 39]]
        ]
    ]
]",,,527.9303278374607,0,12,3.1666666666666665,,,,,results/sol_best_C201_3.dat_A8_L120_pid2739.txt,(not found),C201_3.dat_A8_L120_r2.log
72,test_data/data_demand_random_50_batch_all1_equal_random/C201_3.dat,8.0,120.0,3,1383.08,"[
    [
        [
            [0, [1, 5, 4]],
            [1, [9, 10, 11, 12]],
            [19, [19]],
            [9, [16, 17, 18, 20]],
            [23, [23]],
            [5, [33, 31, 28, 27, 30]],
            [20, []],
            [17, [21, 24]],
            [18, []],
            [33, [36, 38]],
            [31, []],
            [36, []],
            [21, []],
            [24, []],
            [4, [42, 41, 40]],
            [16, []],
            [30, []],
            [10, []],
            [11, []],
            [12, []],
            [50, [50, 43, 49, 48, 45]],
            [42, []],
            [38, []],
            [49, []],
            [28, []],
            [43, []],
            [48, []],
            [27, []],
            [41, []],
            [45, []],
            [40, []]
        ],
        [
            [0, [6, 7, 2, 15, 3, 13, 22, 8, 14, 25, 26]],
            [6, []],
            [7, []],
            [2, []],
            [15, []],
            [3, [35, 37, 34, 32, 29]],
            [13, []],
            [35, []],
            [37, []],
            [22, []],
            [32, []],
            [8, [47, 46, 44, 39]],
            [14, []],
            [25, []],
            [26, []],
            [39, []],
            [34, []],
            [47, []],
            [29, []],
            [46, []],
            [44, []]
        ]
    ],
    [
        [
            [3, [35, 37, 34, 32, 29]]
        ],
        [
            [1, [9, 10, 11, 12]]
        ],
        [
            [19, [19]]
        ],
        [
            [9, [16, 17, 18, 20]]
        ],
        [
            [23, [23]]
        ],
        [
            [5, [33, 31, 28, 27, 30]]
        ],
        [
            [17, [21, 24]]
        ],
        [
            [33, [36, 38]]
        ],
        [
            [4, [42, 41, 40]]
        ],
        [
            [50, [50, 43, 49, 48, 45]]
        ],
        [
            [8, [47, 46, 44, 39]]
        ]
    ]
]",,,500.46996089088987,0,11,3.272727272727273,,,,,results/sol_best_C201_3.dat_A8_L120_pid2740.txt,(not found),C201_3.dat_A8_L120_r3.log
73,test_data/data_demand_random_50_batch_all1_equal_random/R101_0.5.dat,4.0,60.0,1,767.76,"[
    [
        [
            [0, [3, 6, 1]],
            [12, [12, 10]],
            [11, [14, 13, 15, 11]],
            [14, [18, 20]],
            [37, [37, 34, 35, 22]],
            [18, [30, 26, 27, 28]],
            [34, [43, 44, 45, 46]],
            [10, [47, 40, 38, 39]],
            [40, []],
            [26, []],
            [43, []],
            [13, []],
            [27, []],
            [3, []],
            [35, []],
            [38, []],
            [22, []],
            [6, []],
            [47, []],
            [44, []],
            [28, []],
            [20, []],
            [45, []],
            [30, []],
            [39, []],
            [15, []],
            [1, []],
            [46, []]
        ],
        [
            [0, [4, 7, 8, 25, 32, 21, 17, 29, 19, 16, 24, 2, 5, 9, 33, 31, 23]],
            [4, []],
            [36, [42, 41, 36]],
            [7, [48, 49, 50]],
            [8, []],
            [25, []],
            [32, []],
            [48, []],
            [21, []],
            [42, [42]],
            [49, []],
            [17, []],
            [29, []],
            [19, []],
            [16, []],
            [24, []],
            [2, []],
            [41, [41]],
            [5, []],
            [9, []],
            [33, []],
            [31, []],
            [50, []],
            [23, []]
        ]
    ],
    [
        [
            [12, [12, 10]]
        ],
        [
            [11, [14, 13, 15, 11]]
        ],
        [
            [14, [18, 20]]
        ],
        [
            [36, [42, 41, 36]]
        ],
        [
            [37, [37, 34, 35, 22]]
        ],
        [
            [18, [30, 26, 27, 28]]
        ],
        [
            [34, [43, 44, 45, 46]]
        ],
        [
            [7, [48, 49, 50]]
        ],
        [
            [10, [47, 40, 38, 39]]
        ]
    ]
]",,,170.18198989446225,0,9,3.3333333333333335,,,,,results/sol_best_R101_0.5.dat_A4_L60_pid2755.txt,(not found),R101_0.5.dat_A4_L60_r1.log
73,test_data/data_demand_random_50_batch_all1_equal_random/R101_0.5.dat,4.0,60.0,2,817.97,"[
    [
        [
            [0, [34, 18, 1, 27, 26, 13, 3, 35, 22, 6, 20, 28, 30, 11, 14, 15]],
            [34, []],
            [18, [43, 44, 45, 46]],
            [1, [47, 40, 38, 39]],
            [27, []],
            [40, []],
            [26, []],
            [43, []],
            [13, []],
            [3, []],
            [35, []],
            [38, []],
            [22, []],
            [6, []],
            [44, []],
            [47, []],
            [20, []],
            [28, []],
            [45, []],
            [30, []],
            [39, []],
            [11, []],
            [14, []],
            [15, []],
            [46, []]
        ],
        [
            [0, [4, 10, 7, 25, 32, 8, 21, 17, 29, 2, 24, 5, 9, 16, 19, 33, 31, 23, 12]],
            [4, []],
            [37, [37]],
            [36, [42, 41, 36]],
            [10, [48, 49, 50]],
            [7, []],
            [25, []],
            [32, []],
            [8, []],
            [48, []],
            [21, []],
            [42, [42]],
            [49, []],
            [17, []],
            [29, []],
            [2, []],
            [24, []],
            [41, [41]],
            [5, []],
            [9, []],
            [16, []],
            [19, []],
            [33, []],
            [31, []],
            [50, []],
            [23, []],
            [12, []]
        ]
    ],
    [
        [
            [37, [37]]
        ],
        [
            [36, [42, 41, 36]]
        ],
        [
            [18, [43, 44, 45, 46]]
        ],
        [
            [10, [48, 49, 50]]
        ],
        [
            [1, [47, 40, 38, 39]]
        ]
    ]
]",,,212.14695210907212,0,5,3.0,,,,,results/sol_best_R101_0.5.dat_A4_L60_pid2757.txt,(not found),R101_0.5.dat_A4_L60_r2.log
73,test_data/data_demand_random_50_batch_all1_equal_random/R101_0.5.dat,4.0,60.0,3,789.0,"[
    [
        [
            [0, [4, 15, 1, 18, 26, 13, 27, 3, 22, 6, 20, 28, 11, 14]],
            [4, []],
            [15, [37, 34, 35, 30]],
            [1, []],
            [18, [47, 40, 38, 39]],
            [37, [43, 44, 45, 46]],
            [34, []],
            [40, []],
            [26, []],
            [43, []],
            [13, []],
            [27, []],
            [3, []],
            [35, []],
            [38, []],
            [22, []],
            [6, []],
            [44, []],
            [47, []],
            [20, []],
            [28, []],
            [45, []],
            [30, []],
            [39, []],
            [11, []],
            [14, []],
            [46, []]
        ],
        [
            [0, [10, 25, 8, 7, 21, 17, 19, 16, 24, 2, 5, 9, 23, 12]],
            [10, [32, 29, 33, 31]],
            [25, []],
            [32, [32, 32, 32]],
            [8, []],
            [7, [48, 49, 50, 42]],
            [36, [36, 41]],
            [42, []],
            [48, []],
            [21, []],
            [49, []],
            [17, []],
            [29, [29, 29, 29]],
            [19, []],
            [16, []],
            [24, []],
            [2, []],
            [41, []],
            [5, []],
            [9, []],
            [33, [33, 33, 33]],
            [31, [31, 31, 31]],
            [50, []],
            [23, []],
            [12, []]
        ]
    ],
    [
        [
            [10, [32, 29, 33, 31]]
        ],
        [
            [15, [37, 34, 35, 30]]
        ],
        [
            [18, [47, 40, 38, 39]]
        ],
        [
            [37, [43, 44, 45, 46]]
        ],
        [
            [7, [48, 49, 50, 42]]
        ],
        [
            [36, [36, 41]]
        ]
    ]
]",,,250.07764016238676,0,6,3.6666666666666665,,,,,results/sol_best_R101_0.5.dat_A4_L60_pid2758.txt,(not found),R101_0.5.dat_A4_L60_r3.log
74,test_data/data_demand_random_50_batch_all1_equal_random/R101_0.5.dat,4.0,90.0,1,805.18,"[
    [
        [
            [0, [18, 37, 34, 26, 13, 27, 3, 35, 22, 6, 20, 28, 30, 11, 14, 1, 15]],
            [18, [40, 38, 39]],
            [37, [43, 44, 45, 46]],
            [34, []],
            [40, []],
            [26, []],
            [43, []],
            [13, []],
            [27, []],
            [3, []],
            [35, []],
            [38, []],
            [22, []],
            [6, []],
            [44, []],
            [47, [47]],
            [20, []],
            [28, []],
            [45, []],
            [30, []],
            [39, []],
            [11, []],
            [14, []],
            [46, []],
            [1, []],
            [15, []]
        ],
        [
            [0, [10, 7, 8, 25, 32, 21, 17, 29, 19, 16, 24, 2, 5, 9, 33, 31, 23, 12, 4]],
            [36, [42, 41, 36]],
            [10, []],
            [7, [48, 49, 50]],
            [8, []],
            [25, []],
            [32, []],
            [48, []],
            [42, [42]],
            [21, []],
            [49, []],
            [17, []],
            [29, []],
            [19, []],
            [16, []],
            [24, []],
            [2, []],
            [41, [41]],
            [5, []],
            [9, []],
            [33, []],
            [31, []],
            [50, []],
            [23, []],
            [12, []],
            [4, []]
        ]
    ],
    [
        [
            [36, [42, 41, 36]]
        ],
        [
            [18, [40, 38, 39]]
        ],
        [
            [37, [43, 44, 45, 46]]
        ],
        [
            [7, [48, 49, 50]]
        ],
        [
            [47, [47]]
        ]
    ]
]",,,279.3342586414227,0,5,2.8,,,,,results/sol_best_R101_0.5.dat_A4_L90_pid2860.txt,(not found),R101_0.5.dat_A4_L90_r1.log
74,test_data/data_demand_random_50_batch_all1_equal_random/R101_0.5.dat,4.0,90.0,2,793.86,"[
    [
        [
            [0, [14, 11, 18, 10, 13, 1, 3, 6, 20, 15]],
            [14, []],
            [11, [27, 26, 28, 22]],
            [18, [37, 35, 30, 36]],
            [34, [34]],
            [37, [43, 44, 45, 46]],
            [36, []],
            [10, []],
            [40, [47, 38, 39, 40]],
            [26, []],
            [43, []],
            [13, []],
            [27, []],
            [1, []],
            [38, []],
            [3, []],
            [35, []],
            [22, [22]],
            [6, []],
            [47, []],
            [44, []],
            [28, []],
            [20, []],
            [45, []],
            [30, []],
            [39, []],
            [15, []],
            [46, []]
        ],
        [
            [0, [4, 8, 7, 25, 32, 21, 17, 29, 2, 24, 5, 9, 16, 19, 33, 31, 23, 12]],
            [4, []],
            [42, [42, 41]],
            [8, []],
            [7, [48, 49, 50]],
            [25, []],
            [32, []],
            [48, []],
            [21, []],
            [49, []],
            [17, []],
            [29, []],
            [2, []],
            [24, []],
            [41, [41]],
            [5, []],
            [9, []],
            [16, []],
            [19, []],
            [33, []],
            [31, []],
            [50, []],
            [23, []],
            [12, []]
        ]
    ],
    [
        [
            [11, [27, 26, 28, 22]]
        ],
        [
            [18, [37, 35, 30, 36]]
        ],
        [
            [34, [34]]
        ],
        [
            [42, [42, 41]]
        ],
        [
            [37, [43, 44, 45, 46]]
        ],
        [
            [7, [48, 49, 50]]
        ],
        [
            [40, [47, 38, 39, 40]]
        ]
    ]
]",,,218.47140703493946,0,7,3.142857142857143,,,,,results/sol_best_R101_0.5.dat_A4_L90_pid2862.txt,(not found),R101_0.5.dat_A4_L90_r2.log
74,test_data/data_demand_random_50_batch_all1_equal_random/R101_0.5.dat,4.0,90.0,3,787.76,"[
    [
        [
            [0, [14, 11, 18, 10, 13, 3, 6, 20, 15, 1]],
            [14, []],
            [11, [27, 26, 28, 22]],
            [18, [35, 30, 36, 37]],
            [10, [43, 44, 45, 46]],
            [36, []],
            [40, [47, 38, 39, 40]],
            [26, []],
            [43, []],
            [13, []],
            [27, []],
            [3, []],
            [35, []],
            [38, []],
            [22, []],
            [6, []],
            [47, []],
            [39, []],
            [30, []],
            [45, []],
            [20, []],
            [28, []],
            [44, []],
            [15, []],
            [1, []],
            [46, []],
            [37, []]
        ],
        [
            [0, [4, 7, 25, 32, 8, 21, 17, 29, 19, 16, 24, 2, 5, 9, 33, 31, 23, 12]],
            [4, []],
            [34, [42, 41, 34]],
            [7, [48, 49, 50]],
            [25, []],
            [32, []],
            [8, []],
            [48, []],
            [21, []],
            [42, [42]],
            [49, []],
            [17, []],
            [29, []],
            [19, []],
            [16, []],
            [24, []],
            [2, []],
            [41, [41]],
            [5, []],
            [9, []],
            [33, []],
            [31, []],
            [50, []],
            [23, []],
            [12, []]
        ]
    ],
    [
        [
            [34, [42, 41, 34]]
        ],
        [
            [11, [27, 26, 28, 22]]
        ],
        [
            [18, [35, 30, 36, 37]]
        ],
        [
            [10, [43, 44, 45, 46]]
        ],
        [
            [7, [48, 49, 50]]
        ],
        [
            [40, [47, 38, 39, 40]]
        ]
    ]
]",,,213.24179318412544,0,6,3.6666666666666665,,,,,results/sol_best_R101_0.5.dat_A4_L90_pid2863.txt,(not found),R101_0.5.dat_A4_L90_r3.log
75,test_data/data_demand_random_50_batch_all1_equal_random/R101_0.5.dat,4.0,120.0,1,792.32,"[
    [
        [
            [0, [18, 1, 27, 26, 13, 3, 22, 6, 20, 28, 14, 15]],
            [34, [34, 37, 35, 30]],
            [37, [43, 44, 45, 46]],
            [18, [47, 40, 38, 39]],
            [46, []],
            [1, []],
            [27, []],
            [40, []],
            [26, []],
            [43, []],
            [13, []],
            [3, []],
            [35, []],
            [38, []],
            [22, []],
            [6, []],
            [44, []],
            [47, []],
            [20, []],
            [28, []],
            [45, []],
            [30, []],
            [39, []],
            [14, []],
            [15, []]
        ],
        [
            [0, [4, 10, 7, 25, 32, 8, 21, 17, 29, 19, 16, 24, 2, 5, 9, 33, 31, 23, 12, 11]],
            [4, []],
            [36, [36]],
            [10, []],
            [7, []],
            [25, []],
            [32, [42, 41]],
            [8, [48, 49, 50]],
            [48, []],
            [21, []],
            [42, []],
            [49, []],
            [17, []],
            [29, []],
            [19, []],
            [16, []],
            [24, []],
            [2, []],
            [41, []],
            [5, []],
            [9, []],
            [33, []],
            [31, []],
            [50, []],
            [23, []],
            [12, []],
            [11, []]
        ]
    ],
    [
        [
            [36, [36]]
        ],
        [
            [34, [34, 37, 35, 30]]
        ],
        [
            [37, [43, 44, 45, 46]]
        ],
        [
            [18, [47, 40, 38, 39]]
        ],
        [
            [32, [42, 41]]
        ],
        [
            [8, [48, 49, 50]]
        ]
    ]
]",,,228.63143861068235,0,6,3.0,,,,,results/sol_best_R101_0.5.dat_A4_L120_pid2744.txt,(not found),R101_0.5.dat_A4_L120_r1.log
75,test_data/data_demand_random_50_batch_all1_equal_random/R101_0.5.dat,4.0,120.0,2,817.97,"[
    [
        [
            [0, [18, 1, 27, 34, 40, 26, 13, 3, 35, 38, 22, 6, 20, 28, 30, 39, 11, 14, 15]],
            [18, [43, 44, 45, 46]],
            [1, []],
            [27, []],
            [34, []],
            [40, []],
            [26, []],
            [43, []],
            [13, []],
            [3, []],
            [35, []],
            [38, []],
            [22, []],
            [6, []],
            [44, []],
            [47, [47]],
            [20, []],
            [28, []],
            [45, []],
            [30, []],
            [39, []],
            [11, []],
            [14, []],
            [15, []],
            [46, []]
        ],
        [
            [0, [4, 10, 7, 25, 32, 8, 21, 17, 29, 2, 24, 5, 9, 16, 19, 33, 31, 23, 12]],
            [4, []],
            [37, [37]],
            [36, [42, 41, 36]],
            [10, [48, 49, 50]],
            [7, []],
            [25, []],
            [32, []],
            [8, []],
            [48, []],
            [21, []],
            [42, [42]],
            [49, []],
            [17, []],
            [29, []],
            [2, []],
            [24, []],
            [41, [41]],
            [5, []],
            [9, []],
            [16, []],
            [19, []],
            [33, []],
            [31, []],
            [50, []],
            [23, []],
            [12, []]
        ]
    ],
    [
        [
            [37, [37]]
        ],
        [
            [36, [42, 41, 36]]
        ],
        [
            [18, [43, 44, 45, 46]]
        ],
        [
            [10, [48, 49, 50]]
        ],
        [
            [47, [47]]
        ]
    ]
]",,,280.57660382986217,0,5,2.4,,,,,results/sol_best_R101_0.5.dat_A4_L120_pid2746.txt,(not found),R101_0.5.dat_A4_L120_r2.log
75,test_data/data_demand_random_50_batch_all1_equal_random/R101_0.5.dat,4.0,120.0,3,817.97,"[
    [
        [
            [0, [18, 1, 27, 34, 40, 26, 13, 3, 35, 38, 22, 6, 20, 28, 30, 39, 11, 14, 15]],
            [18, [43, 44, 45, 46]],
            [1, []],
            [27, []],
            [34, []],
            [40, []],
            [26, []],
            [43, []],
            [13, []],
            [3, []],
            [35, []],
            [38, []],
            [22, []],
            [6, []],
            [44, []],
            [47, [47]],
            [20, []],
            [28, []],
            [45, []],
            [30, []],
            [39, []],
            [11, []],
            [14, []],
            [15, []],
            [46, []]
        ],
        [
            [0, [4, 10, 7, 25, 32, 8, 21, 17, 29, 2, 24, 5, 9, 16, 19, 33, 31, 23, 12]],
            [4, []],
            [37, [37]],
            [36, [42, 41, 36]],
            [10, [48, 49, 50]],
            [7, []],
            [25, []],
            [32, []],
            [8, []],
            [48, []],
            [21, []],
            [42, [42]],
            [49, []],
            [17, []],
            [29, []],
            [2, []],
            [24, []],
            [41, [41]],
            [5, []],
            [9, []],
            [16, []],
            [19, []],
            [33, []],
            [31, []],
            [50, []],
            [23, []],
            [12, []]
        ]
    ],
    [
        [
            [37, [37]]
        ],
        [
            [36, [42, 41, 36]]
        ],
        [
            [18, [43, 44, 45, 46]]
        ],
        [
            [10, [48, 49, 50]]
        ],
        [
            [47, [47]]
        ]
    ]
]",,,280.57660382986217,0,5,2.4,,,,,results/sol_best_R101_0.5.dat_A4_L120_pid2747.txt,(not found),R101_0.5.dat_A4_L120_r3.log
76,test_data/data_demand_random_50_batch_all1_equal_random/R101_0.5.dat,8.0,60.0,1,790.0,"[
    [
        [
            [0, [4, 3, 6, 1]],
            [4, []],
            [14, [13, 15, 11, 10, 14, 12]],
            [11, []],
            [29, [26, 27, 28, 22, 20, 29]],
            [12, []],
            [37, [40, 38, 39, 37, 36, 35, 30]],
            [36, []],
            [10, [47, 43, 44, 45, 46]],
            [40, []],
            [26, []],
            [43, []],
            [13, []],
            [27, []],
            [3, []],
            [35, []],
            [38, []],
            [22, []],
            [6, []],
            [47, []],
            [20, []],
            [28, []],
            [45, []],
            [30, []],
            [39, []],
            [44, []],
            [15, []],
            [1, []],
            [46, []]
        ],
        [
            [0, [18, 34, 7, 8, 25, 32, 42, 21, 17, 19, 16, 24, 2, 41, 5, 9, 33, 31, 23]],
            [18, []],
            [34, [48, 49, 50]],
            [7, []],
            [8, []],
            [25, []],
            [32, []],
            [48, []],
            [42, []],
            [21, []],
            [49, []],
            [17, []],
            [19, []],
            [16, []],
            [24, []],
            [2, []],
            [41, []],
            [5, []],
            [9, []],
            [33, []],
            [31, []],
            [50, []],
            [23, []]
        ]
    ],
    [
        [
            [14, [13, 15, 11, 10, 14, 12]]
        ],
        [
            [29, [26, 27, 28, 22, 20, 29]]
        ],
        [
            [34, [48, 49, 50]]
        ],
        [
            [37, [40, 38, 39, 37, 36, 35, 30]]
        ],
        [
            [10, [47, 43, 44, 45, 46]]
        ]
    ]
]",,,192.73773227838188,0,5,5.4,,,,,results/sol_best_R101_0.5.dat_A8_L60_pid2737.txt,(not found),R101_0.5.dat_A8_L60_r1.log
76,test_data/data_demand_random_50_batch_all1_equal_random/R101_0.5.dat,8.0,60.0,2,777.03,"[
    [
        [
            [0, [18, 1, 27, 26, 13, 3, 22, 6, 20, 28, 30, 14, 15]],
            [37, [37, 34, 35]],
            [34, [34]],
            [18, []],
            [1, [47, 43, 44, 45, 46, 40, 38, 39]],
            [27, []],
            [40, []],
            [26, []],
            [43, []],
            [13, []],
            [3, []],
            [35, [35]],
            [38, []],
            [22, []],
            [6, []],
            [44, []],
            [47, []],
            [20, []],
            [28, []],
            [45, []],
            [30, []],
            [39, []],
            [14, []],
            [15, []],
            [46, []]
        ],
        [
            [0, [4, 7, 8, 2, 5]],
            [12, [12, 10, 9, 11]],
            [4, []],
            [17, [21, 24, 23, 17, 19, 16]],
            [29, [29, 32, 33, 31, 25, 36]],
            [36, []],
            [10, [48, 49, 50, 42, 41]],
            [7, []],
            [25, []],
            [32, []],
            [8, []],
            [48, []],
            [42, []],
            [49, []],
            [21, []],
            [2, []],
            [24, []],
            [41, []],
            [5, []],
            [9, [9]],
            [16, [16]],
            [19, []],
            [33, []],
            [31, []],
            [50, []],
            [23, []],
            [11, [11]]
        ]
    ],
    [
        [
            [12, [12, 10, 9, 11]]
        ],
        [
            [37, [37, 34, 35]]
        ],
        [
            [17, [21, 24, 23, 17, 19, 16]]
        ],
        [
            [29, [29, 32, 33, 31, 25, 36]]
        ],
        [
            [1, [47, 43, 44, 45, 46, 40, 38, 39]]
        ],
        [
            [10, [48, 49, 50, 42, 41]]
        ]
    ]
]",,,166.96861922985752,0,6,5.333333333333333,,,,,results/sol_best_R101_0.5.dat_A8_L60_pid2739.txt,(not found),R101_0.5.dat_A8_L60_r2.log
76,test_data/data_demand_random_50_batch_all1_equal_random/R101_0.5.dat,8.0,60.0,3,807.36,"[
    [
        [
            [0, [10, 7, 8, 26, 43, 13, 27, 3, 35, 38, 22, 6, 47, 44, 28, 20, 45, 30, 39, 46, 37]],
            [10, []],
            [7, []],
            [8, []],
            [26, []],
            [43, []],
            [13, []],
            [27, []],
            [3, []],
            [35, []],
            [38, []],
            [22, []],
            [6, []],
            [47, []],
            [44, []],
            [28, []],
            [20, []],
            [45, []],
            [30, []],
            [39, []],
            [46, []],
            [37, []]
        ],
        [
            [0, [2, 5, 4]],
            [11, [9, 12, 11]],
            [14, [14]],
            [15, [16, 15]],
            [1, [1]],
            [18, [18, 21, 24, 23, 17, 19]],
            [34, [34, 36, 32, 29, 33, 31, 25]],
            [40, [42, 41, 40, 48, 49, 50]],
            [25, []],
            [32, []],
            [48, []],
            [21, []],
            [49, []],
            [42, []],
            [36, []],
            [17, []],
            [29, []],
            [19, []],
            [16, []],
            [24, []],
            [2, []],
            [41, []],
            [5, []],
            [9, []],
            [33, []],
            [31, []],
            [50, []],
            [23, []],
            [12, []],
            [4, []]
        ]
    ],
    [
        [
            [11, [9, 12, 11]]
        ],
        [
            [14, [14]]
        ],
        [
            [15, [16, 15]]
        ],
        [
            [1, [1]]
        ],
        [
            [18, [18, 21, 24, 23, 17, 19]]
        ],
        [
            [34, [34, 36, 32, 29, 33, 31, 25]]
        ],
        [
            [40, [42, 41, 40, 48, 49, 50]]
        ]
    ]
]",,,134.41849368783068,0,7,3.7142857142857144,,,,,results/sol_best_R101_0.5.dat_A8_L60_pid2740.txt,(not found),R101_0.5.dat_A8_L60_r3.log
77,test_data/data_demand_random_50_batch_all1_equal_random/R101_0.5.dat,8.0,90.0,1,777.0,"[
    [
        [
            [0, [18, 1, 27, 26, 13, 3, 22, 6, 20, 28, 30, 14, 15]],
            [34, [34, 35, 37]],
            [18, []],
            [1, [43, 44, 45, 46, 40, 38, 39]],
            [27, []],
            [40, []],
            [26, []],
            [43, []],
            [13, []],
            [3, []],
            [35, [35]],
            [38, []],
            [22, []],
            [6, []],
            [44, []],
            [47, [47]],
            [20, []],
            [28, []],
            [45, []],
            [30, []],
            [39, []],
            [14, []],
            [15, []],
            [46, []],
            [37, [37]]
        ],
        [
            [0, [4, 12, 17, 10, 7, 8, 21, 2, 24, 5, 9, 16, 19, 23, 11]],
            [4, []],
            [12, []],
            [29, [29, 32, 33, 31, 25]],
            [17, [36]],
            [36, []],
            [10, [48, 49, 50, 42, 41]],
            [7, []],
            [25, []],
            [32, []],
            [8, []],
            [48, []],
            [21, []],
            [42, []],
            [49, []],
            [2, []],
            [24, []],
            [41, []],
            [5, []],
            [9, []],
            [16, []],
            [19, []],
            [33, []],
            [31, []],
            [50, []],
            [23, []],
            [11, []]
        ]
    ],
    [
        [
            [34, [34, 35, 37]]
        ],
        [
            [29, [29, 32, 33, 31, 25]]
        ],
        [
            [17, [36]]
        ],
        [
            [1, [43, 44, 45, 46, 40, 38, 39]]
        ],
        [
            [10, [48, 49, 50, 42, 41]]
        ],
        [
            [47, [47]]
        ]
    ]
]",,,262.97529778987274,0,6,3.6666666666666665,,,,,results/sol_best_R101_0.5.dat_A8_L90_pid2759.txt,(not found),R101_0.5.dat_A8_L90_r1.log
77,test_data/data_demand_random_50_batch_all1_equal_random/R101_0.5.dat,8.0,90.0,2,757.21,"[
    [
        [
            [0, [37, 18, 34, 26, 27, 13, 3, 35, 22, 6, 20, 28, 30, 15, 1]],
            [37, []],
            [18, []],
            [34, []],
            [43, [47, 43, 45, 44, 46, 40, 38, 39]],
            [26, []],
            [40, [40]],
            [27, []],
            [13, []],
            [3, []],
            [35, []],
            [38, [38]],
            [22, []],
            [6, []],
            [47, []],
            [20, []],
            [28, []],
            [45, []],
            [30, []],
            [39, [39]],
            [44, []],
            [15, []],
            [1, []],
            [46, []]
        ],
        [
            [0, [4, 7, 8, 2, 5]],
            [4, []],
            [14, [14, 11, 12, 10, 9]],
            [11, [17, 19, 16]],
            [12, [12]],
            [29, [29, 32, 33, 31, 25, 21, 24, 23]],
            [17, [36]],
            [36, []],
            [10, [48, 49, 50, 42, 41]],
            [7, []],
            [25, []],
            [32, []],
            [8, []],
            [48, []],
            [21, []],
            [42, []],
            [49, []],
            [24, []],
            [2, []],
            [41, []],
            [5, []],
            [16, []],
            [19, []],
            [9, [9]],
            [33, []],
            [31, []],
            [50, []],
            [23, []]
        ]
    ],
    [
        [
            [14, [14, 11, 12, 10, 9]]
        ],
        [
            [11, [17, 19, 16]]
        ],
        [
            [29, [29, 32, 33, 31, 25, 21, 24, 23]]
        ],
        [
            [17, [36]]
        ],
        [
            [43, [47, 43, 45, 44, 46, 40, 38, 39]]
        ],
        [
            [10, [48, 49, 50, 42, 41]]
        ]
    ]
]",,,171.16811585927408,0,6,5.0,,,,,results/sol_best_R101_0.5.dat_A8_L90_pid2761.txt,(not found),R101_0.5.dat_A8_L90_r2.log
77,test_data/data_demand_random_50_batch_all1_equal_random/R101_0.5.dat,8.0,90.0,3,778.0,"[
    [
        [
            [0, [37, 34, 18, 1, 27, 26, 13, 3, 35, 22, 6, 20, 28, 30, 14, 15]],
            [37, []],
            [34, []],
            [18, []],
            [1, [47, 43, 44, 45, 46, 40, 38, 39]],
            [27, []],
            [40, []],
            [26, []],
            [43, []],
            [13, []],
            [3, []],
            [35, []],
            [38, []],
            [22, []],
            [6, []],
            [44, []],
            [47, []],
            [20, []],
            [28, []],
            [45, []],
            [30, []],
            [39, []],
            [14, []],
            [15, []],
            [46, []]
        ],
        [
            [0, [11, 10, 7, 8, 2, 5, 9, 16, 12, 4]],
            [11, [17, 19]],
            [29, [29, 32, 33, 31, 25, 21, 24, 23]],
            [17, [36]],
            [36, []],
            [10, [48, 49, 50, 42, 41]],
            [7, []],
            [8, []],
            [25, []],
            [32, []],
            [48, []],
            [21, [21]],
            [42, []],
            [49, []],
            [2, []],
            [24, [24]],
            [41, []],
            [5, []],
            [9, []],
            [16, []],
            [19, [19]],
            [33, []],
            [31, []],
            [50, []],
            [23, [23]],
            [12, []],
            [4, []]
        ]
    ],
    [
        [
            [11, [17, 19]]
        ],
        [
            [29, [29, 32, 33, 31, 25, 21, 24, 23]]
        ],
        [
            [17, [36]]
        ],
        [
            [1, [47, 43, 44, 45, 46, 40, 38, 39]]
        ],
        [
            [10, [48, 49, 50, 42, 41]]
        ]
    ]
]",,,183.9712223290931,0,5,4.8,,,,,results/sol_best_R101_0.5.dat_A8_L90_pid2762.txt,(not found),R101_0.5.dat_A8_L90_r3.log
78,test_data/data_demand_random_50_batch_all1_equal_random/R101_0.5.dat,8.0,120.0,1,752.46,"[
    [
        [
            [0, [15, 1, 18, 10, 13, 3, 22, 6, 20, 14]],
            [15, [26, 27, 28]],
            [1, [34, 35, 37, 30]],
            [18, []],
            [34, [43, 44, 45, 46, 40, 38, 39]],
            [10, []],
            [40, []],
            [26, [26]],
            [43, []],
            [13, []],
            [27, [27]],
            [3, []],
            [35, []],
            [38, []],
            [22, []],
            [6, []],
            [44, []],
            [47, [47]],
            [20, []],
            [28, [28]],
            [45, []],
            [30, []],
            [39, []],
            [14, []],
            [46, []],
            [37, []]
        ],
        [
            [0, [4, 7, 8, 2, 16, 5, 9, 12, 11]],
            [4, []],
            [17, [21, 24, 23, 17, 19]],
            [21, [21, 21, 21]],
            [36, [36, 32, 29, 33, 31, 25]],
            [7, []],
            [25, []],
            [32, [48, 49, 50, 42, 41]],
            [8, []],
            [48, []],
            [42, []],
            [49, []],
            [2, []],
            [24, [24, 24, 24]],
            [16, []],
            [41, []],
            [5, []],
            [9, []],
            [19, [19, 19]],
            [29, []],
            [12, []],
            [33, []],
            [31, []],
            [50, []],
            [23, [23, 23, 23]],
            [11, []]
        ]
    ],
    [
        [
            [15, [26, 27, 28]]
        ],
        [
            [17, [21, 24, 23, 17, 19]]
        ],
        [
            [1, [34, 35, 37, 30]]
        ],
        [
            [36, [36, 32, 29, 33, 31, 25]]
        ],
        [
            [34, [43, 44, 45, 46, 40, 38, 39]]
        ],
        [
            [47, [47]]
        ],
        [
            [32, [48, 49, 50, 42, 41]]
        ]
    ]
]",,,247.70516226060818,0,7,4.428571428571429,,,,,results/sol_best_R101_0.5.dat_A8_L120_pid2720.txt,(not found),R101_0.5.dat_A8_L120_r1.log
78,test_data/data_demand_random_50_batch_all1_equal_random/R101_0.5.dat,8.0,120.0,2,765.03,"[
    [
        [
            [0, [18, 1, 27, 26, 13, 3, 22, 6, 28, 20, 30, 14, 15]],
            [37, [37, 34, 35]],
            [34, [34]],
            [18, []],
            [1, [47, 43, 44, 45, 46, 40, 38, 39]],
            [27, []],
            [40, []],
            [26, []],
            [43, []],
            [13, []],
            [3, []],
            [35, [35]],
            [38, []],
            [22, []],
            [6, []],
            [47, []],
            [44, []],
            [28, []],
            [20, []],
            [45, []],
            [30, []],
            [39, []],
            [14, []],
            [15, []],
            [46, []]
        ],
        [
            [0, [4, 12, 17, 10, 7, 8, 21, 24, 2, 5, 16, 19, 9, 23, 11]],
            [4, []],
            [12, []],
            [29, [29, 32, 33, 31, 25]],
            [17, [36]],
            [36, []],
            [10, [48, 49, 50, 42, 41]],
            [7, []],
            [8, []],
            [25, []],
            [32, []],
            [48, []],
            [21, []],
            [42, []],
            [49, []],
            [24, []],
            [2, []],
            [41, []],
            [5, []],
            [16, []],
            [19, []],
            [9, []],
            [33, []],
            [31, []],
            [50, []],
            [23, []],
            [11, []]
        ]
    ],
    [
        [
            [37, [37, 34, 35]]
        ],
        [
            [29, [29, 32, 33, 31, 25]]
        ],
        [
            [17, [36]]
        ],
        [
            [1, [47, 43, 44, 45, 46, 40, 38, 39]]
        ],
        [
            [10, [48, 49, 50, 42, 41]]
        ]
    ]
]",,,203.20006541566065,0,5,4.4,,,,,results/sol_best_R101_0.5.dat_A8_L120_pid2722.txt,(not found),R101_0.5.dat_A8_L120_r2.log
78,test_data/data_demand_random_50_batch_all1_equal_random/R101_0.5.dat,8.0,120.0,3,842.0,"[
    [
        [
            [0, [37, 10, 18, 1, 27, 13, 26, 3, 35, 38, 22, 6, 20, 28, 30, 39, 11, 14, 15]],
            [37, []],
            [10, [47, 43, 44, 45, 46]],
            [18, []],
            [1, []],
            [27, []],
            [13, []],
            [43, []],
            [26, []],
            [3, []],
            [35, []],
            [38, []],
            [22, []],
            [6, []],
            [44, []],
            [47, []],
            [20, []],
            [28, []],
            [45, []],
            [30, []],
            [39, []],
            [11, []],
            [14, []],
            [15, []],
            [46, []]
        ],
        [
            [0, [4, 7, 8, 25, 32, 21, 17, 29, 2, 24, 5, 9, 16, 19, 33, 31, 23, 12]],
            [4, []],
            [36, [36]],
            [34, [48, 49, 50, 34, 40, 42, 41]],
            [40, []],
            [7, []],
            [8, []],
            [25, []],
            [32, []],
            [48, []],
            [21, []],
            [42, []],
            [49, []],
            [17, []],
            [29, []],
            [2, []],
            [24, []],
            [41, []],
            [5, []],
            [9, []],
            [16, []],
            [19, []],
            [33, []],
            [31, []],
            [50, []],
            [23, []],
            [12, []]
        ]
    ],
    [
        [
            [10, [47, 43, 44, 45, 46]]
        ],
        [
            [36, [36]]
        ],
        [
            [34, [48, 49, 50, 34, 40, 42, 41]]
        ]
    ]
]",,,224.06736965340164,0,3,4.333333333333333,,,,,results/sol_best_R101_0.5.dat_A8_L120_pid2723.txt,(not found),R101_0.5.dat_A8_L120_r3.log
79,test_data/data_demand_random_50_batch_all1_equal_random/R101_1.5.dat,4.0,60.0,1,1232.15,"[
    [
        [
            [0, [25, 10, 5, 14, 1, 30, 32, 31, 23, 19, 15, 28, 13, 37, 11]],
            [25, []],
            [10, []],
            [5, [38, 41, 40]],
            [14, []],
            [1, []],
            [30, [46, 49, 50, 44]],
            [32, []],
            [46, []],
            [31, []],
            [49, []],
            [23, []],
            [19, []],
            [38, [38]],
            [15, []],
            [28, []],
            [13, []],
            [37, []],
            [50, []],
            [44, []],
            [41, [41]],
            [40, [40]],
            [11, []]
        ],
        [
            [0, [7, 9, 6, 4, 3, 2, 8]],
            [7, [17, 16, 12]],
            [9, []],
            [6, [22, 21, 20, 18]],
            [22, []],
            [4, [29, 26, 24, 27]],
            [21, []],
            [3, []],
            [17, []],
            [2, []],
            [29, [39, 42, 43]],
            [35, [36, 34, 33, 35]],
            [20, [45, 47, 48]],
            [48, []],
            [39, []],
            [36, []],
            [16, []],
            [18, []],
            [27, []],
            [45, []],
            [12, []],
            [26, []],
            [42, []],
            [24, []],
            [34, []],
            [8, []],
            [33, []],
            [43, []],
            [47, []]
        ]
    ],
    [
        [
            [5, [38, 41, 40]]
        ],
        [
            [7, [17, 16, 12]]
        ],
        [
            [6, [22, 21, 20, 18]]
        ],
        [
            [4, [29, 26, 24, 27]]
        ],
        [
            [29, [39, 42, 43]]
        ],
        [
            [35, [36, 34, 33, 35]]
        ],
        [
            [20, [45, 47, 48]]
        ],
        [
            [30, [46, 49, 50, 44]]
        ]
    ]
]",,,458.1833067377483,0,8,3.5,,,,,results/sol_best_R101_1.5.dat_A4_L60_pid2782.txt,(not found),R101_1.5.dat_A4_L60_r1.log
79,test_data/data_demand_random_50_batch_all1_equal_random/R101_1.5.dat,4.0,60.0,2,1220.39,"[
    [
        [
            [0, [2, 17, 3, 5, 15, 14, 1, 13, 7, 11]],
            [2, []],
            [17, []],
            [3, []],
            [30, [30, 23, 21, 19]],
            [21, []],
            [20, [20, 28]],
            [5, [35, 32, 31, 37]],
            [15, []],
            [23, []],
            [14, [38, 41, 40]],
            [1, [46, 49, 50, 44]],
            [35, []],
            [32, []],
            [46, []],
            [31, []],
            [49, []],
            [19, []],
            [38, []],
            [28, []],
            [13, []],
            [37, []],
            [7, []],
            [50, []],
            [44, []],
            [41, []],
            [40, []],
            [11, []]
        ],
        [
            [0, [10, 25, 24, 9, 8, 26, 6, 12, 22, 27, 18, 16, 29, 4]],
            [10, []],
            [25, [34, 33, 36]],
            [34, [34, 34]],
            [24, []],
            [9, []],
            [8, [42, 39, 43]],
            [33, [48, 45, 47]],
            [42, []],
            [26, []],
            [6, []],
            [12, []],
            [22, []],
            [27, []],
            [18, []],
            [16, []],
            [36, [36, 36]],
            [39, []],
            [29, []],
            [48, []],
            [47, []],
            [4, []],
            [45, []],
            [43, []]
        ]
    ],
    [
        [
            [25, [34, 33, 36]]
        ],
        [
            [30, [30, 23, 21, 19]]
        ],
        [
            [20, [20, 28]]
        ],
        [
            [5, [35, 32, 31, 37]]
        ],
        [
            [14, [38, 41, 40]]
        ],
        [
            [8, [42, 39, 43]]
        ],
        [
            [1, [46, 49, 50, 44]]
        ],
        [
            [33, [48, 45, 47]]
        ]
    ]
]",,,543.828751756217,0,8,3.25,,,,,results/sol_best_R101_1.5.dat_A4_L60_pid2784.txt,(not found),R101_1.5.dat_A4_L60_r2.log
79,test_data/data_demand_random_50_batch_all1_equal_random/R101_1.5.dat,4.0,60.0,3,1176.0,"[
    [
        [
            [0, [44, 10, 48, 46, 31, 49, 23, 5, 15, 19, 38, 28, 13, 37, 7, 50, 25, 11]],
            [44, []],
            [10, []],
            [48, []],
            [46, []],
            [31, []],
            [49, []],
            [23, []],
            [5, []],
            [15, []],
            [19, []],
            [38, []],
            [28, []],
            [13, []],
            [37, []],
            [7, []],
            [50, []],
            [25, []],
            [11, []]
        ],
        [
            [0, [3, 1, 4, 2]],
            [3, []],
            [1, [6, 9, 8]],
            [14, [14, 17, 16, 12]],
            [6, [21, 18, 22, 20]],
            [22, []],
            [4, [29, 27, 26, 24]],
            [30, [30]],
            [20, []],
            [21, []],
            [17, []],
            [2, []],
            [32, [32, 41, 40]],
            [29, [39, 42, 43]],
            [35, [35, 36]],
            [39, []],
            [36, []],
            [16, []],
            [18, []],
            [27, [34, 33, 47, 45]],
            [45, []],
            [12, []],
            [26, []],
            [40, []],
            [42, []],
            [24, []],
            [34, []],
            [9, []],
            [8, []],
            [33, []],
            [41, []],
            [43, []],
            [47, []]
        ]
    ],
    [
        [
            [1, [6, 9, 8]]
        ],
        [
            [14, [14, 17, 16, 12]]
        ],
        [
            [6, [21, 18, 22, 20]]
        ],
        [
            [4, [29, 27, 26, 24]]
        ],
        [
            [30, [30]]
        ],
        [
            [32, [32, 41, 40]]
        ],
        [
            [29, [39, 42, 43]]
        ],
        [
            [35, [35, 36]]
        ],
        [
            [27, [34, 33, 47, 45]]
        ]
    ]
]",,,436.39133375999387,0,9,3.111111111111111,,,,,results/sol_best_R101_1.5.dat_A4_L60_pid2785.txt,(not found),R101_1.5.dat_A4_L60_r3.log
80,test_data/data_demand_random_50_batch_all1_equal_random/R101_1.5.dat,4.0,90.0,1,1186.0,"[
    [
        [
            [0, [25, 5, 14, 31, 3, 17, 23, 19, 38, 15, 28, 13, 37, 7, 33, 41, 40, 11]],
            [25, []],
            [5, []],
            [14, []],
            [31, []],
            [3, [48, 46, 49, 50]],
            [17, []],
            [48, []],
            [46, []],
            [49, []],
            [23, []],
            [19, []],
            [38, []],
            [15, []],
            [28, []],
            [13, []],
            [37, []],
            [7, []],
            [50, []],
            [33, []],
            [41, []],
            [40, []],
            [11, []]
        ],
        [
            [0, [1, 4, 2]],
            [10, [10, 9, 6, 8]],
            [1, []],
            [9, []],
            [6, [21, 18, 22, 20]],
            [22, []],
            [4, [29, 27, 26, 24]],
            [30, [16, 12, 30]],
            [20, []],
            [2, [36, 34, 32]],
            [29, []],
            [18, []],
            [36, []],
            [16, []],
            [12, []],
            [26, []],
            [42, [42]],
            [24, []],
            [34, []],
            [8, [44, 35, 47, 45]],
            [44, []],
            [47, []],
            [21, [39, 43]],
            [32, []],
            [35, []],
            [39, []],
            [27, []],
            [45, []],
            [43, []]
        ]
    ],
    [
        [
            [3, [48, 46, 49, 50]]
        ],
        [
            [10, [10, 9, 6, 8]]
        ],
        [
            [6, [21, 18, 22, 20]]
        ],
        [
            [4, [29, 27, 26, 24]]
        ],
        [
            [30, [16, 12, 30]]
        ],
        [
            [2, [36, 34, 32]]
        ],
        [
            [42, [42]]
        ],
        [
            [8, [44, 35, 47, 45]]
        ],
        [
            [21, [39, 43]]
        ]
    ]
]",,,479.5207879355322,0,9,3.2222222222222223,,,,,results/sol_best_R101_1.5.dat_A4_L90_pid2662.txt,(not found),R101_1.5.dat_A4_L90_r1.log
80,test_data/data_demand_random_50_batch_all1_equal_random/R101_1.5.dat,4.0,90.0,2,1177.18,"[
    [
        [
            [0, [30, 31, 3, 17, 23, 19, 15, 28, 13, 37, 7, 33, 25]],
            [30, [38, 40, 41]],
            [31, []],
            [3, [48, 46, 49, 50]],
            [17, []],
            [48, []],
            [46, []],
            [49, []],
            [23, []],
            [19, []],
            [38, [38]],
            [15, []],
            [28, []],
            [13, []],
            [37, []],
            [7, []],
            [33, []],
            [40, [40]],
            [41, [41]],
            [25, []],
            [50, []]
        ],
        [
            [0, [4, 2, 1, 5]],
            [4, []],
            [2, []],
            [1, []],
            [10, [10, 6, 9, 8]],
            [5, [14, 16, 12]],
            [14, []],
            [11, [11]],
            [6, []],
            [22, [22, 20, 18, 21]],
            [16, []],
            [18, [29, 27, 26, 24]],
            [27, []],
            [35, [35]],
            [21, []],
            [20, [36, 34]],
            [29, [39, 42, 43]],
            [39, []],
            [36, []],
            [12, []],
            [26, []],
            [42, []],
            [9, []],
            [24, []],
            [34, []],
            [8, []],
            [43, []],
            [45, [45]],
            [32, [47, 44, 32]],
            [47, []],
            [44, []]
        ]
    ],
    [
        [
            [10, [10, 6, 9, 8]]
        ],
        [
            [5, [14, 16, 12]]
        ],
        [
            [11, [11]]
        ],
        [
            [22, [22, 20, 18, 21]]
        ],
        [
            [18, [29, 27, 26, 24]]
        ],
        [
            [35, [35]]
        ],
        [
            [30, [38, 40, 41]]
        ],
        [
            [20, [36, 34]]
        ],
        [
            [29, [39, 42, 43]]
        ],
        [
            [3, [48, 46, 49, 50]]
        ],
        [
            [45, [45]]
        ],
        [
            [32, [47, 44, 32]]
        ]
    ]
]",,,524.1837715525645,0,12,2.75,,,,,results/sol_best_R101_1.5.dat_A4_L90_pid2664.txt,(not found),R101_1.5.dat_A4_L90_r2.log
80,test_data/data_demand_random_50_batch_all1_equal_random/R101_1.5.dat,4.0,90.0,3,1256.5,"[
    [
        [
            [0, [35, 32, 30, 3, 17, 31, 38, 28, 13, 37, 7, 33, 40, 41, 11]],
            [35, []],
            [32, []],
            [30, []],
            [3, [48, 46, 49, 50]],
            [17, []],
            [48, []],
            [46, []],
            [31, []],
            [49, []],
            [38, []],
            [28, []],
            [13, []],
            [37, []],
            [50, []],
            [7, []],
            [33, []],
            [40, []],
            [41, []],
            [11, []]
        ],
        [
            [0, [4, 5, 2]],
            [4, []],
            [6, [9, 8, 10, 6]],
            [9, []],
            [14, [14]],
            [5, [21, 20, 18, 22]],
            [15, [23, 15, 19]],
            [19, []],
            [23, [29, 27, 26, 24]],
            [25, [36, 34, 25]],
            [10, []],
            [1, [16, 12, 1]],
            [2, [39, 42, 43]],
            [29, []],
            [39, []],
            [36, []],
            [16, []],
            [18, []],
            [22, []],
            [12, []],
            [26, []],
            [42, []],
            [24, []],
            [34, []],
            [8, []],
            [43, []],
            [45, [45]],
            [27, []],
            [20, []],
            [21, [47, 44]],
            [47, []],
            [44, []]
        ]
    ],
    [
        [
            [6, [9, 8, 10, 6]]
        ],
        [
            [14, [14]]
        ],
        [
            [5, [21, 20, 18, 22]]
        ],
        [
            [15, [23, 15, 19]]
        ],
        [
            [3, [48, 46, 49, 50]]
        ],
        [
            [23, [29, 27, 26, 24]]
        ],
        [
            [25, [36, 34, 25]]
        ],
        [
            [1, [16, 12, 1]]
        ],
        [
            [2, [39, 42, 43]]
        ],
        [
            [45, [45]]
        ],
        [
            [21, [47, 44]]
        ]
    ]
]",,,531.0702023131195,0,11,2.909090909090909,,,,,results/sol_best_R101_1.5.dat_A4_L90_pid2665.txt,(not found),R101_1.5.dat_A4_L90_r3.log
81,test_data/data_demand_random_50_batch_all1_equal_random/R101_1.5.dat,4.0,120.0,1,1239.41,"[
    [
        [
            [0, [10, 31, 3, 17, 32, 25, 41, 33, 7, 37, 13, 28, 38, 19, 14]],
            [10, []],
            [31, []],
            [3, [48, 46, 49, 50]],
            [46, []],
            [17, []],
            [48, []],
            [32, []],
            [50, []],
            [25, []],
            [41, []],
            [33, []],
            [7, []],
            [37, []],
            [13, []],
            [28, []],
            [38, []],
            [19, []],
            [49, []],
            [14, []]
        ],
        [
            [0, [5, 23, 15, 1, 21, 20, 2, 16, 18, 12, 22, 6, 9, 8, 4, 11]],
            [5, []],
            [23, []],
            [15, [29, 27, 24, 26]],
            [1, []],
            [30, [35, 36, 34, 30]],
            [21, []],
            [20, []],
            [2, [39, 43, 42, 40]],
            [29, []],
            [35, []],
            [39, []],
            [36, []],
            [16, []],
            [18, []],
            [27, []],
            [45, [45, 44, 47]],
            [12, []],
            [22, []],
            [6, []],
            [43, []],
            [40, [40]],
            [26, []],
            [42, []],
            [24, []],
            [34, []],
            [9, []],
            [8, []],
            [44, []],
            [47, []],
            [4, []],
            [11, []]
        ]
    ],
    [
        [
            [3, [48, 46, 49, 50]]
        ],
        [
            [15, [29, 27, 24, 26]]
        ],
        [
            [30, [35, 36, 34, 30]]
        ],
        [
            [2, [39, 43, 42, 40]]
        ],
        [
            [45, [45, 44, 47]]
        ]
    ]
]",,,595.4032469007908,0,5,3.8,,,,,results/sol_best_R101_1.5.dat_A4_L120_pid2768.txt,(not found),R101_1.5.dat_A4_L120_r1.log
81,test_data/data_demand_random_50_batch_all1_equal_random/R101_1.5.dat,4.0,120.0,2,1226.02,"[
    [
        [
            [0, [44, 1, 30, 48, 46, 31, 23, 49, 19, 38, 15, 28, 13, 37, 7, 50, 25, 41, 40, 11]],
            [44, []],
            [1, []],
            [30, []],
            [48, []],
            [46, []],
            [31, []],
            [23, []],
            [49, []],
            [19, []],
            [38, []],
            [15, []],
            [28, []],
            [13, []],
            [37, []],
            [7, []],
            [50, []],
            [25, []],
            [41, []],
            [40, []],
            [11, []]
        ],
        [
            [0, [6, 4, 3, 2, 9, 8]],
            [10, [5, 10]],
            [5, []],
            [14, [14, 12, 16, 17]],
            [6, []],
            [22, [22]],
            [16, [21, 20, 18]],
            [29, [29]],
            [4, [36, 34, 33, 32]],
            [35, [35]],
            [20, []],
            [17, [27, 26, 24]],
            [3, []],
            [21, [45, 47]],
            [47, []],
            [32, []],
            [2, [39, 42, 43]],
            [39, []],
            [36, []],
            [18, []],
            [27, []],
            [45, []],
            [12, []],
            [26, []],
            [42, []],
            [24, []],
            [34, []],
            [9, []],
            [8, []],
            [33, []],
            [43, []]
        ]
    ],
    [
        [
            [10, [5, 10]]
        ],
        [
            [14, [14, 12, 16, 17]]
        ],
        [
            [22, [22]]
        ],
        [
            [16, [21, 20, 18]]
        ],
        [
            [29, [29]]
        ],
        [
            [4, [36, 34, 33, 32]]
        ],
        [
            [35, [35]]
        ],
        [
            [17, [27, 26, 24]]
        ],
        [
            [21, [45, 47]]
        ],
        [
            [2, [39, 42, 43]]
        ]
    ]
]",,,429.3198524329371,0,10,2.4,,,,,results/sol_best_R101_1.5.dat_A4_L120_pid2770.txt,(not found),R101_1.5.dat_A4_L120_r2.log
81,test_data/data_demand_random_50_batch_all1_equal_random/R101_1.5.dat,4.0,120.0,3,1176.81,"[
    [
        [
            [0, [11, 10, 5, 30, 3, 31, 23, 19, 38, 15, 28, 13, 37, 7, 40, 41, 25]],
            [11, []],
            [10, []],
            [5, []],
            [30, [46, 49, 50, 44]],
            [46, []],
            [3, []],
            [31, []],
            [49, []],
            [23, []],
            [19, []],
            [38, []],
            [15, []],
            [28, []],
            [13, []],
            [37, []],
            [7, []],
            [40, []],
            [41, []],
            [25, []],
            [50, []],
            [44, []]
        ],
        [
            [0, [4, 2]],
            [9, [9, 6, 8]],
            [6, []],
            [1, [1, 14]],
            [14, [21, 20, 18, 22]],
            [4, [29, 27, 26, 24]],
            [22, [12, 16, 17]],
            [12, []],
            [16, []],
            [36, [36]],
            [18, []],
            [35, [35, 34, 33]],
            [2, [39, 42, 43, 32]],
            [17, []],
            [21, [48, 45, 47]],
            [48, []],
            [20, []],
            [47, []],
            [32, []],
            [29, []],
            [39, []],
            [27, []],
            [45, []],
            [43, []],
            [26, []],
            [42, []],
            [24, []],
            [34, []],
            [8, []],
            [33, []]
        ]
    ],
    [
        [
            [9, [9, 6, 8]]
        ],
        [
            [1, [1, 14]]
        ],
        [
            [14, [21, 20, 18, 22]]
        ],
        [
            [4, [29, 27, 26, 24]]
        ],
        [
            [22, [12, 16, 17]]
        ],
        [
            [36, [36]]
        ],
        [
            [35, [35, 34, 33]]
        ],
        [
            [2, [39, 42, 43, 32]]
        ],
        [
            [30, [46, 49, 50, 44]]
        ],
        [
            [21, [48, 45, 47]]
        ]
    ]
]",,,420.93149004227035,0,10,3.1,,,,,results/sol_best_R101_1.5.dat_A4_L120_pid2771.txt,(not found),R101_1.5.dat_A4_L120_r3.log
82,test_data/data_demand_random_50_batch_all1_equal_random/R101_1.5.dat,8.0,60.0,1,1145.18,"[
    [
        [
            [0, [3, 5, 10, 7, 1]],
            [3, []],
            [14, [14, 15, 13]],
            [23, [23, 19]],
            [5, []],
            [10, []],
            [15, []],
            [7, []],
            [25, [25, 30, 28, 31]],
            [30, []],
            [31, []],
            [1, [48, 46, 49, 50, 44, 38, 41, 40]],
            [47, [47, 32, 37]],
            [32, []],
            [48, []],
            [46, []],
            [49, []],
            [19, []],
            [38, []],
            [28, []],
            [13, []],
            [37, []],
            [50, []],
            [44, []],
            [41, []],
            [40, []]
        ],
        [
            [0, [4, 2, 17, 21, 20, 18, 16, 22, 12, 6, 9, 8, 11]],
            [4, []],
            [2, []],
            [29, [29, 27, 26, 24]],
            [17, []],
            [21, []],
            [20, [42, 43, 39, 36, 34, 33, 35]],
            [35, []],
            [18, []],
            [16, []],
            [36, []],
            [39, []],
            [45, [45]],
            [27, [27, 27]],
            [22, []],
            [12, []],
            [6, []],
            [43, []],
            [26, [26, 26]],
            [42, []],
            [9, []],
            [24, [24, 24]],
            [34, []],
            [8, []],
            [33, []],
            [11, []]
        ]
    ],
    [
        [
            [29, [29, 27, 26, 24]]
        ],
        [
            [14, [14, 15, 13]]
        ],
        [
            [23, [23, 19]]
        ],
        [
            [25, [25, 30, 28, 31]]
        ],
        [
            [1, [48, 46, 49, 50, 44, 38, 41, 40]]
        ],
        [
            [20, [42, 43, 39, 36, 34, 33, 35]]
        ],
        [
            [47, [47, 32, 37]]
        ],
        [
            [45, [45]]
        ]
    ]
]",,,492.14172268938205,0,8,4.0,,,,,results/sol_best_R101_1.5.dat_A8_L60_pid2719.txt,(not found),R101_1.5.dat_A8_L60_r1.log
82,test_data/data_demand_random_50_batch_all1_equal_random/R101_1.5.dat,8.0,60.0,2,1137.18,"[
    [
        [
            [0, [7, 10, 3, 5, 1, 11]],
            [7, []],
            [15, [14, 13, 15]],
            [10, []],
            [14, []],
            [20, [17, 20, 23]],
            [17, []],
            [3, []],
            [23, []],
            [5, [25, 28, 19, 31]],
            [19, []],
            [31, []],
            [1, [48, 46, 49, 50, 44, 38, 41, 40]],
            [47, [47, 32, 37]],
            [32, []],
            [48, []],
            [46, []],
            [49, []],
            [38, []],
            [28, []],
            [13, []],
            [37, []],
            [50, []],
            [44, []],
            [25, []],
            [41, []],
            [40, []],
            [11, []]
        ],
        [
            [0, [12, 16, 18, 2, 21, 4, 22, 6, 9, 8]],
            [12, []],
            [16, []],
            [18, []],
            [29, [29, 30, 27, 26, 24]],
            [2, []],
            [21, []],
            [30, [39, 42, 43, 36, 34, 33, 35]],
            [4, []],
            [35, []],
            [39, []],
            [36, []],
            [22, []],
            [27, [45]],
            [45, []],
            [43, []],
            [6, []],
            [26, [26]],
            [42, []],
            [24, [24]],
            [34, []],
            [9, []],
            [8, []],
            [33, []]
        ]
    ],
    [
        [
            [15, [14, 13, 15]]
        ],
        [
            [20, [17, 20, 23]]
        ],
        [
            [5, [25, 28, 19, 31]]
        ],
        [
            [29, [29, 30, 27, 26, 24]]
        ],
        [
            [1, [48, 46, 49, 50, 44, 38, 41, 40]]
        ],
        [
            [30, [39, 42, 43, 36, 34, 33, 35]]
        ],
        [
            [47, [47, 32, 37]]
        ],
        [
            [27, [45]]
        ]
    ]
]",,,530.0892545106603,0,8,4.25,,,,,results/sol_best_R101_1.5.dat_A8_L60_pid2722.txt,(not found),R101_1.5.dat_A8_L60_r2.log
82,test_data/data_demand_random_50_batch_all1_equal_random/R101_1.5.dat,8.0,60.0,3,1117.18,"[
    [
        [
            [0, [1, 3]],
            [1, []],
            [7, [7, 10, 11]],
            [14, [14, 17, 15, 13]],
            [17, []],
            [3, []],
            [23, [23, 19, 25]],
            [15, []],
            [5, [30, 28, 5]],
            [10, []],
            [25, [35, 32, 31, 37]],
            [35, []],
            [32, []],
            [30, [48, 46, 49, 50, 44, 38, 41, 40]],
            [48, []],
            [46, []],
            [31, []],
            [49, []],
            [19, []],
            [38, []],
            [28, []],
            [13, []],
            [37, []],
            [50, []],
            [44, []],
            [41, []],
            [40, []],
            [11, []]
        ],
        [
            [0, [6, 22, 12, 16, 2, 21, 20, 4, 18, 9, 8]],
            [6, []],
            [22, []],
            [12, []],
            [16, []],
            [29, [29, 27, 26, 24]],
            [2, []],
            [21, []],
            [20, []],
            [47, [47]],
            [4, []],
            [27, [45, 39, 42, 43, 36, 34, 33]],
            [18, []],
            [36, []],
            [39, []],
            [45, []],
            [43, []],
            [26, []],
            [42, []],
            [9, []],
            [24, []],
            [34, []],
            [8, []],
            [33, []]
        ]
    ],
    [
        [
            [29, [29, 27, 26, 24]]
        ],
        [
            [7, [7, 10, 11]]
        ],
        [
            [14, [14, 17, 15, 13]]
        ],
        [
            [23, [23, 19, 25]]
        ],
        [
            [5, [30, 28, 5]]
        ],
        [
            [25, [35, 32, 31, 37]]
        ],
        [
            [30, [48, 46, 49, 50, 44, 38, 41, 40]]
        ],
        [
            [47, [47]]
        ],
        [
            [27, [45, 39, 42, 43, 36, 34, 33]]
        ]
    ]
]",,,483.77666620606277,0,9,4.111111111111111,,,,,results/sol_best_R101_1.5.dat_A8_L60_pid2721.txt,(not found),R101_1.5.dat_A8_L60_r3.log
83,test_data/data_demand_random_50_batch_all1_equal_random/R101_1.5.dat,8.0,90.0,1,1114.02,"[
    [
        [
            [0, [1, 10, 5, 7, 37, 13, 28, 15, 19, 14, 30, 32, 25, 11]],
            [1, []],
            [10, []],
            [5, []],
            [7, []],
            [37, []],
            [13, []],
            [28, []],
            [15, [48, 46, 49, 50, 44, 47, 38, 41]],
            [38, []],
            [19, []],
            [49, []],
            [14, []],
            [46, []],
            [48, []],
            [30, []],
            [32, []],
            [47, []],
            [44, []],
            [50, []],
            [25, []],
            [41, []],
            [11, []]
        ],
        [
            [0, [4, 2, 3]],
            [9, [9, 6, 8]],
            [6, []],
            [16, [16, 12]],
            [12, []],
            [4, []],
            [2, []],
            [17, [17, 21, 20, 18, 22, 23]],
            [3, []],
            [31, [31]],
            [23, [36, 33, 34, 35, 29, 27, 24, 26]],
            [21, [39, 42, 43, 40]],
            [20, []],
            [29, []],
            [35, []],
            [39, []],
            [36, []],
            [18, []],
            [22, []],
            [27, []],
            [45, [45]],
            [43, []],
            [40, []],
            [26, []],
            [42, []],
            [24, []],
            [34, []],
            [8, []],
            [33, []]
        ]
    ],
    [
        [
            [9, [9, 6, 8]]
        ],
        [
            [16, [16, 12]]
        ],
        [
            [17, [17, 21, 20, 18, 22, 23]]
        ],
        [
            [31, [31]]
        ],
        [
            [23, [36, 33, 34, 35, 29, 27, 24, 26]]
        ],
        [
            [15, [48, 46, 49, 50, 44, 47, 38, 41]]
        ],
        [
            [21, [39, 42, 43, 40]]
        ],
        [
            [45, [45]]
        ]
    ]
]",,,484.49278183015736,0,8,4.125,,,,,results/sol_best_R101_1.5.dat_A8_L90_pid2753.txt,(not found),R101_1.5.dat_A8_L90_r1.log
83,test_data/data_demand_random_50_batch_all1_equal_random/R101_1.5.dat,8.0,90.0,2,1122.81,"[
    [
        [
            [0, [10, 15, 5, 14, 32, 30, 23, 19, 28, 13, 25, 11]],
            [10, []],
            [15, []],
            [5, []],
            [14, []],
            [32, []],
            [30, [48, 46, 49, 50, 44, 38, 41, 40]],
            [48, []],
            [46, []],
            [23, []],
            [49, []],
            [19, []],
            [38, []],
            [28, []],
            [13, []],
            [50, []],
            [44, []],
            [25, []],
            [41, []],
            [40, []],
            [11, []]
        ],
        [
            [0, [1, 4, 3, 2]],
            [1, []],
            [8, [6, 9, 8, 7]],
            [9, []],
            [6, []],
            [16, [17, 16, 12]],
            [12, []],
            [22, [22]],
            [4, [29, 26, 24, 21, 20, 18, 27]],
            [21, []],
            [31, [36, 34, 37, 33, 31]],
            [3, []],
            [17, []],
            [20, []],
            [2, []],
            [29, [39, 42, 43, 35]],
            [35, []],
            [39, []],
            [36, []],
            [18, []],
            [27, []],
            [45, [45, 47]],
            [43, []],
            [26, []],
            [42, []],
            [24, []],
            [34, []],
            [37, []],
            [7, []],
            [33, []],
            [47, []]
        ]
    ],
    [
        [
            [8, [6, 9, 8, 7]]
        ],
        [
            [16, [17, 16, 12]]
        ],
        [
            [22, [22]]
        ],
        [
            [30, [48, 46, 49, 50, 44, 38, 41, 40]]
        ],
        [
            [4, [29, 26, 24, 21, 20, 18, 27]]
        ],
        [
            [31, [36, 34, 37, 33, 31]]
        ],
        [
            [29, [39, 42, 43, 35]]
        ],
        [
            [45, [45, 47]]
        ]
    ]
]",,,478.06407382052174,0,8,4.25,,,,,results/sol_best_R101_1.5.dat_A8_L90_pid2755.txt,(not found),R101_1.5.dat_A8_L90_r2.log
83,test_data/data_demand_random_50_batch_all1_equal_random/R101_1.5.dat,8.0,90.0,3,1125.18,"[
    [
        [
            [0, [9, 8, 5, 10, 1, 3, 7, 11]],
            [9, [15, 14, 17, 13]],
            [8, []],
            [15, []],
            [19, [19]],
            [23, [25, 30, 28, 23]],
            [5, []],
            [14, []],
            [10, [32, 31, 37]],
            [25, []],
            [1, []],
            [32, []],
            [30, []],
            [3, [48, 46, 49, 50, 44, 38, 47]],
            [17, []],
            [48, []],
            [46, []],
            [31, []],
            [49, []],
            [38, []],
            [28, []],
            [13, []],
            [37, []],
            [7, []],
            [50, []],
            [44, []],
            [47, []],
            [11, []]
        ],
        [
            [0, [16, 2, 12, 6, 4]],
            [16, []],
            [27, [27, 29, 26, 24, 21, 20, 18, 22]],
            [21, [35, 36, 34, 33]],
            [20, [20]],
            [2, [39, 42, 43, 41, 40]],
            [29, []],
            [35, []],
            [39, []],
            [36, []],
            [18, [18]],
            [22, [22]],
            [12, []],
            [6, []],
            [26, []],
            [42, []],
            [24, []],
            [34, []],
            [33, []],
            [41, []],
            [40, []],
            [43, []],
            [45, [45]],
            [4, []]
        ]
    ],
    [
        [
            [9, [15, 14, 17, 13]]
        ],
        [
            [19, [19]]
        ],
        [
            [23, [25, 30, 28, 23]]
        ],
        [
            [27, [27, 29, 26, 24, 21, 20, 18, 22]]
        ],
        [
            [10, [32, 31, 37]]
        ],
        [
            [21, [35, 36, 34, 33]]
        ],
        [
            [3, [48, 46, 49, 50, 44, 38, 47]]
        ],
        [
            [2, [39, 42, 43, 41, 40]]
        ],
        [
            [45, [45]]
        ]
    ]
]",,,478.75542529660146,0,9,4.111111111111111,,,,,results/sol_best_R101_1.5.dat_A8_L90_pid2756.txt,(not found),R101_1.5.dat_A8_L90_r3.log
84,test_data/data_demand_random_50_batch_all1_equal_random/R101_1.5.dat,8.0,120.0,1,1173.0,"[
    [
        [
            [0, [11, 6, 9, 8, 10, 5, 1, 7]],
            [11, []],
            [6, []],
            [9, []],
            [8, []],
            [10, [14, 17, 13]],
            [15, [15]],
            [5, [25, 30, 28, 23, 19]],
            [23, []],
            [1, [35, 32, 31, 37]],
            [32, []],
            [35, []],
            [30, []],
            [14, [48, 46, 49, 50, 44, 38, 41, 40]],
            [46, []],
            [48, []],
            [17, []],
            [31, []],
            [49, []],
            [19, []],
            [38, []],
            [28, []],
            [13, []],
            [37, []],
            [7, []],
            [41, []],
            [40, []],
            [25, []],
            [50, []],
            [44, []]
        ],
        [
            [0, [16, 2, 12, 4]],
            [3, [3]],
            [21, [20, 18, 22, 21]],
            [20, [20]],
            [18, [18]],
            [22, [22]],
            [36, [34, 33, 27, 29, 26, 24, 36]],
            [16, []],
            [39, [39]],
            [2, [42, 43, 45, 47]],
            [29, []],
            [27, []],
            [12, []],
            [26, []],
            [42, []],
            [24, []],
            [34, []],
            [33, []],
            [43, []],
            [45, []],
            [4, []],
            [47, []]
        ]
    ],
    [
        [
            [3, [3]]
        ],
        [
            [21, [20, 18, 22, 21]]
        ],
        [
            [10, [14, 17, 13]]
        ],
        [
            [15, [15]]
        ],
        [
            [5, [25, 30, 28, 23, 19]]
        ],
        [
            [1, [35, 32, 31, 37]]
        ],
        [
            [36, [34, 33, 27, 29, 26, 24, 36]]
        ],
        [
            [14, [48, 46, 49, 50, 44, 38, 41, 40]]
        ],
        [
            [39, [39]]
        ],
        [
            [2, [42, 43, 45, 47]]
        ]
    ]
]",,,446.78626637631487,0,10,3.8,,,,,results/sol_best_R101_1.5.dat_A8_L120_pid2748.txt,(not found),R101_1.5.dat_A8_L120_r1.log
84,test_data/data_demand_random_50_batch_all1_equal_random/R101_1.5.dat,8.0,120.0,2,1269.02,"[
    [
        [
            [0, [17, 1, 14, 15, 10, 5, 3, 13, 7, 11]],
            [17, [23, 19]],
            [1, [30, 28, 25]],
            [14, []],
            [15, []],
            [23, []],
            [10, []],
            [5, [38, 41, 40, 35, 32, 31, 37]],
            [31, []],
            [3, [48, 46, 49, 50, 44]],
            [30, []],
            [32, []],
            [35, []],
            [48, []],
            [46, []],
            [49, []],
            [19, []],
            [38, []],
            [28, []],
            [13, []],
            [37, []],
            [7, []],
            [50, []],
            [44, []],
            [25, []],
            [41, []],
            [40, []],
            [11, []]
        ],
        [
            [0, [4, 2, 21, 20, 29, 16, 18, 27, 22, 12, 6, 26, 24, 9, 8]],
            [33, [33, 36, 34]],
            [4, []],
            [2, []],
            [21, [45, 47, 39, 42, 43]],
            [20, []],
            [29, []],
            [39, []],
            [36, [36, 36]],
            [16, []],
            [18, []],
            [27, []],
            [22, []],
            [12, []],
            [6, []],
            [26, []],
            [42, []],
            [24, []],
            [34, [34, 34]],
            [9, []],
            [8, []],
            [43, []],
            [45, []],
            [47, []]
        ]
    ],
    [
        [
            [33, [33, 36, 34]]
        ],
        [
            [17, [23, 19]]
        ],
        [
            [1, [30, 28, 25]]
        ],
        [
            [5, [38, 41, 40, 35, 32, 31, 37]]
        ],
        [
            [3, [48, 46, 49, 50, 44]]
        ],
        [
            [21, [45, 47, 39, 42, 43]]
        ]
    ]
]",,,514.4661170088206,0,6,4.166666666666667,,,,,results/sol_best_R101_1.5.dat_A8_L120_pid2750.txt,(not found),R101_1.5.dat_A8_L120_r2.log
84,test_data/data_demand_random_50_batch_all1_equal_random/R101_1.5.dat,8.0,120.0,3,1285.02,"[
    [
        [
            [0, [17, 1, 14, 10, 5, 3, 15, 13, 7, 11]],
            [17, []],
            [30, [30]],
            [1, [25, 28, 23, 19]],
            [14, []],
            [23, []],
            [25, []],
            [10, []],
            [5, [38, 41, 40, 35, 32, 31, 37]],
            [31, []],
            [3, [48, 46, 49, 50, 44]],
            [32, []],
            [35, []],
            [48, []],
            [46, []],
            [49, []],
            [19, []],
            [38, []],
            [15, []],
            [28, []],
            [13, []],
            [37, []],
            [7, []],
            [50, []],
            [44, []],
            [41, []],
            [40, []],
            [11, []]
        ],
        [
            [0, [4, 29, 2, 21, 20, 18, 16, 27, 22, 12, 6, 26, 24, 9, 8]],
            [33, [33, 36, 34]],
            [4, []],
            [29, []],
            [2, [39, 42, 43]],
            [21, [45, 47]],
            [20, []],
            [18, []],
            [16, []],
            [36, [36, 36]],
            [39, []],
            [27, []],
            [22, []],
            [12, []],
            [6, []],
            [26, []],
            [42, []],
            [24, []],
            [34, [34, 34]],
            [9, []],
            [8, []],
            [43, []],
            [45, []],
            [47, []]
        ]
    ],
    [
        [
            [30, [30]]
        ],
        [
            [1, [25, 28, 23, 19]]
        ],
        [
            [33, [33, 36, 34]]
        ],
        [
            [5, [38, 41, 40, 35, 32, 31, 37]]
        ],
        [
            [2, [39, 42, 43]]
        ],
        [
            [3, [48, 46, 49, 50, 44]]
        ],
        [
            [21, [45, 47]]
        ]
    ]
]",,,526.4281873241168,0,7,3.5714285714285716,,,,,results/sol_best_R101_1.5.dat_A8_L120_pid2751.txt,(not found),R101_1.5.dat_A8_L120_r3.log
85,test_data/data_demand_random_50_batch_all1_equal_random/R101_1.dat,4.0,60.0,1,957.94,"[
    [
        [
            [0, [30, 9, 14, 25, 34, 24, 6, 3, 1, 20, 33, 18, 12]],
            [30, []],
            [9, [37, 38, 41, 40]],
            [14, [42, 43, 44]],
            [25, [48, 46, 50]],
            [34, []],
            [24, []],
            [6, []],
            [3, []],
            [42, []],
            [48, []],
            [37, []],
            [43, []],
            [44, []],
            [1, []],
            [20, []],
            [33, []],
            [38, []],
            [18, []],
            [41, []],
            [46, []],
            [12, []],
            [40, []],
            [50, []]
        ],
        [
            [0, [26, 29, 16, 11, 31, 15, 4, 21, 10, 17, 13, 19, 32, 28, 23, 5, 22, 2, 8, 27, 7]],
            [26, []],
            [29, []],
            [16, []],
            [11, []],
            [31, []],
            [15, []],
            [4, []],
            [21, [47, 49, 45]],
            [45, [39, 36, 35]],
            [39, []],
            [36, []],
            [35, []],
            [10, []],
            [17, []],
            [13, []],
            [19, []],
            [32, []],
            [28, []],
            [47, []],
            [49, []],
            [23, []],
            [5, []],
            [22, []],
            [2, []],
            [8, []],
            [27, []],
            [7, []]
        ]
    ],
    [
        [
            [9, [37, 38, 41, 40]]
        ],
        [
            [14, [42, 43, 44]]
        ],
        [
            [25, [48, 46, 50]]
        ],
        [
            [21, [47, 49, 45]]
        ],
        [
            [45, [39, 36, 35]]
        ]
    ]
]",,,440.46717324246356,0,5,3.2,,,,,results/sol_best_R101_1.dat_A4_L60_pid2748.txt,(not found),R101_1.dat_A4_L60_r1.log
85,test_data/data_demand_random_50_batch_all1_equal_random/R101_1.dat,4.0,60.0,2,964.0,"[
    [
        [
            [0, [30, 14, 34, 24, 6, 3, 42, 37, 43, 44, 1, 20, 33, 38, 18, 41, 5, 12, 40]],
            [30, []],
            [14, []],
            [34, []],
            [24, []],
            [6, []],
            [3, [48, 46, 50]],
            [42, []],
            [48, []],
            [37, []],
            [43, []],
            [44, []],
            [1, []],
            [20, []],
            [33, []],
            [38, []],
            [18, []],
            [41, []],
            [46, []],
            [5, []],
            [12, []],
            [40, []],
            [50, []]
        ],
        [
            [0, [7, 9, 25, 16, 11, 15, 4, 21, 26, 10, 17, 13, 19, 28, 23, 22, 2, 8, 27]],
            [7, []],
            [9, [31, 29, 32]],
            [25, []],
            [16, []],
            [11, []],
            [29, [39, 36, 35]],
            [31, []],
            [15, []],
            [4, []],
            [21, []],
            [45, [45]],
            [26, [47, 49]],
            [39, []],
            [36, []],
            [35, []],
            [10, []],
            [17, []],
            [13, []],
            [19, []],
            [32, []],
            [28, []],
            [47, []],
            [49, []],
            [23, []],
            [22, []],
            [2, []],
            [8, []],
            [27, []]
        ]
    ],
    [
        [
            [3, [48, 46, 50]]
        ],
        [
            [9, [31, 29, 32]]
        ],
        [
            [29, [39, 36, 35]]
        ],
        [
            [45, [45]]
        ],
        [
            [26, [47, 49]]
        ]
    ]
]",,,457.4137961557117,0,5,2.4,,,,,results/sol_best_R101_1.dat_A4_L60_pid2750.txt,(not found),R101_1.dat_A4_L60_r2.log
85,test_data/data_demand_random_50_batch_all1_equal_random/R101_1.dat,4.0,60.0,3,938.86,"[
    [
        [
            [0, [7, 14, 6, 3, 1, 20, 18, 5, 12]],
            [9, [9]],
            [7, [25, 24, 22]],
            [30, [30, 34, 33]],
            [25, [37, 38, 41, 40]],
            [34, []],
            [14, [42, 43, 44]],
            [24, []],
            [6, []],
            [3, [48, 46, 50]],
            [42, []],
            [48, []],
            [37, []],
            [43, []],
            [44, []],
            [1, []],
            [20, []],
            [33, []],
            [38, []],
            [18, []],
            [41, []],
            [46, []],
            [5, []],
            [22, []],
            [12, []],
            [40, []],
            [50, []]
        ],
        [
            [0, [16, 11, 15, 21, 4, 10, 17, 13, 19, 8, 2]],
            [16, []],
            [11, []],
            [15, []],
            [21, [31, 29, 32]],
            [4, []],
            [31, [31]],
            [29, [39, 36, 35, 45]],
            [45, [26, 27, 28, 23]],
            [26, [47, 49]],
            [39, []],
            [36, []],
            [35, []],
            [10, []],
            [27, [27]],
            [17, []],
            [13, []],
            [19, []],
            [32, [32]],
            [28, [28]],
            [47, []],
            [49, []],
            [23, [23]],
            [8, []],
            [2, []]
        ]
    ],
    [
        [
            [21, [31, 29, 32]]
        ],
        [
            [9, [9]]
        ],
        [
            [7, [25, 24, 22]]
        ],
        [
            [30, [30, 34, 33]]
        ],
        [
            [25, [37, 38, 41, 40]]
        ],
        [
            [29, [39, 36, 35, 45]]
        ],
        [
            [14, [42, 43, 44]]
        ],
        [
            [45, [26, 27, 28, 23]]
        ],
        [
            [3, [48, 46, 50]]
        ],
        [
            [26, [47, 49]]
        ]
    ]
]",,,359.4011303667781,0,10,3.0,,,,,results/sol_best_R101_1.dat_A4_L60_pid2751.txt,(not found),R101_1.dat_A4_L60_r3.log
86,test_data/data_demand_random_50_batch_all1_equal_random/R101_1.dat,4.0,90.0,1,925.06,"[
    [
        [
            [0, [30, 14, 25, 34, 24, 6, 3, 1, 20, 33, 18, 5, 22, 12]],
            [30, []],
            [14, [37, 38, 41, 40]],
            [25, []],
            [34, [42, 43, 44]],
            [24, []],
            [6, []],
            [3, []],
            [42, [48, 46, 50]],
            [48, []],
            [37, [37, 37, 37, 37, 37, 37, 37, 37, 37, 37, 37, 37, 37, 37, 37, 37, 37, 37, 37, 37, 37, 37, 37, 37, 37, 37, 37, 37, 37, 37, 37, 37, 37, 37, 37, 37, 37, 37, 37, 37, 37, 37, 37, 37, 37, 37, 37, 37, 37, 37, 37, 37, 37, 37, 37, 37, 37, 37, 37, 37, 37, 37, 37, 37, 37, 37, 37, 37, 37, 37, 37, 37, 37, 37, 37, 37, 37, 37, 37, 37, 37, 37, 37, 37, 37, 37, 37, 37, 37, 37, 37, 37, 37, 37, 37, 37, 37, 37, 37, 37, 37, 37, 37, 37, 37, 37, 37, 37, 37, 37, 37, 37, 37, 37, 37, 37, 37, 37, 37, 37, 37, 37, 37, 37, 37, 37, 37, 37, 37, 37, 37, 37, 37, 37, 37, 37, 37, 37, 37, 37, 37, 37, 37, 37, 37, 37, 37, 37, 37, 37, 37, 37, 37, 37, 37, 37, 37, 37, 37, 37, 37, 37, 37, 37, 37, 37, 37, 37, 37, 37, 37, 37, 37, 37, 37, 37, 37, 37, 37, 37, 37, 37, 37, 37, 37, 37, 37, 37, 37, 37, 37, 37, 37, 37, 37, 37, 37, 37, 37, 37, 37, 37, 37, 37, 37, 37, 37, 37, 37, 37, 37, 37, 37, 37, 37, 37, 37, 37, 37, 37, 37, 37, 37, 37, 37, 37, 37, 37, 37, 37, 37, 37, 37, 37, 37, 37, 37, 37, 37, 37, 37, 37, 37, 37, 37, 37, 37, 37, 37, 37, 37, 37, 37, 37, 37, 37, 37, 37, 37, 37, 37, 37, 37, 37, 37, 37]],
            [43, [43, 43, 43, 43, 43, 43, 43, 43, 43, 43, 43, 43, 43, 43, 43, 43, 43, 43, 43, 43, 43, 43, 43, 43, 43, 43, 43, 43, 43, 43, 43, 43, 43, 43, 43, 43, 43, 43, 43, 43, 43, 43, 43, 43, 43, 43, 43, 43, 43, 43, 43, 43, 43, 43, 43, 43, 43, 43, 43, 43, 43, 43, 43, 43, 43, 43, 43, 43, 43, 43, 43, 43, 43, 43, 43, 43, 43, 43, 43, 43, 43, 43, 43, 43, 43, 43, 43, 43, 43, 43, 43, 43, 43, 43, 43, 43, 43, 43, 43, 43, 43, 43, 43, 43, 43, 43, 43, 43, 43, 43, 43, 43, 43, 43, 43, 43, 43, 43, 43, 43, 43, 43, 43, 43, 43, 43, 43, 43, 43, 43, 43, 43, 43, 43, 43, 43, 43, 43, 43, 43, 43, 43, 43, 43, 43, 43, 43, 43, 43, 43, 43, 43, 43, 43, 43, 43, 43, 43, 43, 43, 43, 43, 43, 43, 43, 43, 43, 43, 43, 43, 43, 43, 43, 43, 43, 43, 43, 43, 43, 43, 43, 43, 43, 43, 43, 43, 43, 43, 43, 43, 43, 43, 43, 43, 43, 43, 43, 43, 43, 43, 43, 43, 43, 43, 43, 43, 43, 43, 43, 43, 43, 43, 43, 43, 43, 43, 43, 43, 43, 43, 43, 43, 43, 43, 43, 43, 43, 43, 43, 43, 43, 43, 43, 43, 43, 43, 43, 43, 43, 43, 43, 43, 43, 43, 43, 43, 43, 43, 43, 43, 43, 43, 43, 43, 43, 43, 43, 43, 43, 43, 43, 43, 43, 43, 43, 43]],
            [44, [44, 44, 44, 44, 44, 44, 44, 44, 44, 44, 44, 44, 44, 44, 44, 44, 44, 44, 44, 44, 44, 44, 44, 44, 44, 44, 44, 44, 44, 44, 44, 44, 44, 44, 44, 44, 44, 44, 44, 44, 44, 44, 44, 44, 44, 44, 44, 44, 44, 44, 44, 44, 44, 44, 44, 44, 44, 44, 44, 44, 44, 44, 44, 44, 44, 44, 44, 44, 44, 44, 44, 44, 44, 44, 44, 44, 44, 44, 44, 44, 44, 44, 44, 44, 44, 44, 44, 44, 44, 44, 44, 44, 44, 44, 44, 44, 44, 44, 44, 44, 44, 44, 44, 44, 44, 44, 44, 44, 44, 44, 44, 44, 44, 44, 44, 44, 44, 44, 44, 44, 44, 44, 44, 44, 44, 44, 44, 44, 44, 44, 44, 44, 44, 44, 44, 44, 44, 44, 44, 44, 44, 44, 44, 44, 44, 44, 44, 44, 44, 44, 44, 44, 44, 44, 44, 44, 44, 44, 44, 44, 44, 44, 44, 44, 44, 44, 44, 44, 44, 44, 44, 44, 44, 44, 44, 44, 44, 44, 44, 44, 44, 44, 44, 44, 44, 44, 44, 44, 44, 44, 44, 44, 44, 44, 44, 44, 44, 44, 44, 44, 44, 44, 44, 44, 44, 44, 44, 44, 44, 44, 44, 44, 44, 44, 44, 44, 44, 44, 44, 44, 44, 44, 44, 44, 44, 44, 44, 44, 44, 44, 44, 44, 44, 44, 44, 44, 44, 44, 44, 44, 44, 44, 44, 44, 44, 44, 44, 44, 44, 44, 44, 44, 44, 44, 44, 44, 44, 44, 44, 44, 44, 44, 44, 44, 44, 44]],
            [1, []],
            [20, []],
            [33, []],
            [38, [38, 38, 38, 38, 38, 38, 38, 38, 38, 38, 38, 38, 38, 38, 38, 38, 38, 38, 38, 38, 38, 38, 38, 38, 38, 38, 38, 38, 38, 38, 38, 38, 38, 38, 38, 38, 38, 38, 38, 38, 38, 38, 38, 38, 38, 38, 38, 38, 38, 38, 38, 38, 38, 38, 38, 38, 38, 38, 38, 38, 38, 38, 38, 38, 38, 38, 38, 38, 38, 38, 38, 38, 38, 38, 38, 38, 38, 38, 38, 38, 38, 38, 38, 38, 38, 38, 38, 38, 38, 38, 38, 38, 38, 38, 38, 38, 38, 38, 38, 38, 38, 38, 38, 38, 38, 38, 38, 38, 38, 38, 38, 38, 38, 38, 38, 38, 38, 38, 38, 38, 38, 38, 38, 38, 38, 38, 38, 38, 38, 38, 38, 38, 38, 38, 38, 38, 38, 38, 38, 38, 38, 38, 38, 38, 38, 38, 38, 38, 38, 38, 38, 38, 38, 38, 38, 38, 38, 38, 38, 38, 38, 38, 38, 38, 38, 38, 38, 38, 38, 38, 38, 38, 38, 38, 38, 38, 38, 38, 38, 38, 38, 38, 38, 38, 38, 38, 38, 38, 38, 38, 38, 38, 38, 38, 38, 38, 38, 38, 38, 38, 38, 38, 38, 38, 38, 38, 38, 38, 38, 38, 38, 38, 38, 38, 38, 38, 38, 38, 38, 38, 38, 38, 38, 38, 38, 38, 38, 38, 38, 38, 38, 38, 38, 38, 38, 38, 38, 38, 38, 38, 38, 38, 38, 38, 38, 38, 38, 38, 38, 38, 38, 38, 38, 38, 38, 38, 38, 38, 38, 38, 38, 38, 38, 38, 38, 38]],
            [18, []],
            [41, [41, 41, 41, 41, 41, 41, 41, 41, 41, 41, 41, 41, 41, 41, 41, 41, 41, 41, 41, 41, 41, 41, 41, 41, 41, 41, 41, 41, 41, 41, 41, 41, 41, 41, 41, 41, 41, 41, 41, 41, 41, 41, 41, 41, 41, 41, 41, 41, 41, 41, 41, 41, 41, 41, 41, 41, 41, 41, 41, 41, 41, 41, 41, 41, 41, 41, 41, 41, 41, 41, 41, 41, 41, 41, 41, 41, 41, 41, 41, 41, 41, 41, 41, 41, 41, 41, 41, 41, 41, 41, 41, 41, 41, 41, 41, 41, 41, 41, 41, 41, 41, 41, 41, 41, 41, 41, 41, 41, 41, 41, 41, 41, 41, 41, 41, 41, 41, 41, 41, 41, 41, 41, 41, 41, 41, 41, 41, 41, 41, 41, 41, 41, 41, 41, 41, 41, 41, 41, 41, 41, 41, 41, 41, 41, 41, 41, 41, 41, 41, 41, 41, 41, 41, 41, 41, 41, 41, 41, 41, 41, 41, 41, 41, 41, 41, 41, 41, 41, 41, 41, 41, 41, 41, 41, 41, 41, 41, 41, 41, 41, 41, 41, 41, 41, 41, 41, 41, 41, 41, 41, 41, 41, 41, 41, 41, 41, 41, 41, 41, 41, 41, 41, 41, 41, 41, 41, 41, 41, 41, 41, 41, 41, 41, 41, 41, 41, 41, 41, 41, 41, 41, 41, 41, 41, 41, 41, 41, 41, 41, 41, 41, 41, 41, 41, 41, 41, 41, 41, 41, 41, 41, 41, 41, 41, 41, 41, 41, 41, 41, 41, 41, 41, 41, 41, 41, 41, 41, 41, 41, 41, 41, 41, 41, 41, 41, 41]],
            [46, []],
            [5, []],
            [22, []],
            [12, []],
            [40, [40, 40, 40, 40, 40, 40, 40, 40, 40, 40, 40, 40, 40, 40, 40, 40, 40, 40, 40, 40, 40, 40, 40, 40, 40, 40, 40, 40, 40, 40, 40, 40, 40, 40, 40, 40, 40, 40, 40, 40, 40, 40, 40, 40, 40, 40, 40, 40, 40, 40, 40, 40, 40, 40, 40, 40, 40, 40, 40, 40, 40, 40, 40, 40, 40, 40, 40, 40, 40, 40, 40, 40, 40, 40, 40, 40, 40, 40, 40, 40, 40, 40, 40, 40, 40, 40, 40, 40, 40, 40, 40, 40, 40, 40, 40, 40, 40, 40, 40, 40, 40, 40, 40, 40, 40, 40, 40, 40, 40, 40, 40, 40, 40, 40, 40, 40, 40, 40, 40, 40, 40, 40, 40, 40, 40, 40, 40, 40, 40, 40, 40, 40, 40, 40, 40, 40, 40, 40, 40, 40, 40, 40, 40, 40, 40, 40, 40, 40, 40, 40, 40, 40, 40, 40, 40, 40, 40, 40, 40, 40, 40, 40, 40, 40, 40, 40, 40, 40, 40, 40, 40, 40, 40, 40, 40, 40, 40, 40, 40, 40, 40, 40, 40, 40, 40, 40, 40, 40, 40, 40, 40, 40, 40, 40, 40, 40, 40, 40, 40, 40, 40, 40, 40, 40, 40, 40, 40, 40, 40, 40, 40, 40, 40, 40, 40, 40, 40, 40, 40, 40, 40, 40, 40, 40, 40, 40, 40, 40, 40, 40, 40, 40, 40, 40, 40, 40, 40, 40, 40, 40, 40, 40, 40, 40, 40, 40, 40, 40, 40, 40, 40, 40, 40, 40, 40, 40, 40, 40, 40, 40, 40, 40, 40, 40, 40, 40]],
            [50, []]
        ],
        [
            [0, [2, 8, 9, 4, 10, 7]],
            [2, []],
            [8, []],
            [13, [13, 15, 11, 16]],
            [15, [21, 17, 19]],
            [11, [29, 31, 32]],
            [29, []],
            [9, [45, 39, 36, 35]],
            [26, [26, 27, 28, 23]],
            [39, []],
            [16, [47, 49]],
            [31, []],
            [4, []],
            [21, []],
            [45, []],
            [36, []],
            [35, []],
            [10, []],
            [17, []],
            [47, []],
            [28, []],
            [32, []],
            [19, []],
            [49, []],
            [23, []],
            [27, []],
            [7, []]
        ]
    ],
    [
        [
            [13, [13, 15, 11, 16]]
        ],
        [
            [15, [21, 17, 19]]
        ],
        [
            [11, [29, 31, 32]]
        ],
        [
            [14, [37, 38, 41, 40]]
        ],
        [
            [34, [42, 43, 44]]
        ],
        [
            [9, [45, 39, 36, 35]]
        ],
        [
            [26, [26, 27, 28, 23]]
        ],
        [
            [42, [48, 46, 50]]
        ],
        [
            [16, [47, 49]]
        ]
    ]
]",,,376.5393670165023,0,9,3.3333333333333335,,,,,results/sol_best_R101_1.dat_A4_L90_pid2741.txt,(not found),R101_1.dat_A4_L90_r1.log
86,test_data/data_demand_random_50_batch_all1_equal_random/R101_1.dat,4.0,90.0,2,912.18,"[
    [
        [
            [0, [30, 25, 14, 34, 24, 6, 3, 37, 1, 20, 33, 38, 18, 41, 12, 40]],
            [30, []],
            [25, []],
            [14, []],
            [34, []],
            [24, []],
            [6, [48, 46, 50]],
            [3, []],
            [42, [42, 43, 44]],
            [48, []],
            [37, []],
            [43, [43, 43, 43, 43]],
            [44, [44, 44, 44, 44]],
            [1, []],
            [20, []],
            [33, []],
            [38, []],
            [18, []],
            [41, []],
            [46, []],
            [12, []],
            [40, []],
            [50, []]
        ],
        [
            [0, [5, 8, 7, 9, 4, 10, 2]],
            [5, []],
            [8, [17, 21, 19]],
            [17, []],
            [27, [27, 26, 28, 23]],
            [7, []],
            [9, [16, 11, 15, 13]],
            [26, [39, 36, 35, 22]],
            [39, []],
            [29, [29, 31, 32, 45]],
            [16, []],
            [11, [47, 49]],
            [15, []],
            [31, []],
            [4, []],
            [21, []],
            [45, []],
            [36, []],
            [35, []],
            [10, []],
            [13, []],
            [19, []],
            [32, []],
            [28, []],
            [47, []],
            [49, []],
            [23, []],
            [22, []],
            [2, []]
        ]
    ],
    [
        [
            [8, [17, 21, 19]]
        ],
        [
            [27, [27, 26, 28, 23]]
        ],
        [
            [9, [16, 11, 15, 13]]
        ],
        [
            [26, [39, 36, 35, 22]]
        ],
        [
            [29, [29, 31, 32, 45]]
        ],
        [
            [11, [47, 49]]
        ],
        [
            [6, [48, 46, 50]]
        ],
        [
            [42, [42, 43, 44]]
        ]
    ]
]",,,390.57814501256087,0,8,3.375,,,,,results/sol_best_R101_1.dat_A4_L90_pid2743.txt,(not found),R101_1.dat_A4_L90_r2.log
86,test_data/data_demand_random_50_batch_all1_equal_random/R101_1.dat,4.0,90.0,3,957.93,"[
    [
        [
            [0, [30, 25, 14, 34, 24, 6, 3, 1, 20, 33, 18, 5, 22, 12]],
            [30, [37, 38, 41, 40]],
            [25, []],
            [14, [42, 44, 43]],
            [34, []],
            [24, []],
            [6, []],
            [3, []],
            [42, [48, 46, 50]],
            [48, []],
            [37, [37]],
            [1, []],
            [20, []],
            [33, []],
            [38, [38]],
            [18, []],
            [41, [41]],
            [44, [44]],
            [43, [43]],
            [46, []],
            [5, []],
            [22, []],
            [12, []],
            [40, [40]],
            [50, []]
        ],
        [
            [0, [9, 4, 10, 8, 2, 7]],
            [13, [13, 15, 11, 16]],
            [15, [21, 17, 19]],
            [11, [29, 31, 32]],
            [29, []],
            [9, [39, 36, 35]],
            [26, [26, 27, 28, 23]],
            [16, [47, 49, 45]],
            [31, []],
            [4, []],
            [21, []],
            [45, []],
            [39, []],
            [36, []],
            [35, []],
            [10, []],
            [17, []],
            [27, []],
            [8, []],
            [47, []],
            [28, []],
            [19, []],
            [32, []],
            [49, []],
            [23, []],
            [2, []],
            [7, []]
        ]
    ],
    [
        [
            [13, [13, 15, 11, 16]]
        ],
        [
            [15, [21, 17, 19]]
        ],
        [
            [11, [29, 31, 32]]
        ],
        [
            [30, [37, 38, 41, 40]]
        ],
        [
            [14, [42, 44, 43]]
        ],
        [
            [9, [39, 36, 35]]
        ],
        [
            [26, [26, 27, 28, 23]]
        ],
        [
            [16, [47, 49, 45]]
        ],
        [
            [42, [48, 46, 50]]
        ]
    ]
]",,,352.31097671043125,0,9,3.3333333333333335,,,,,results/sol_best_R101_1.dat_A4_L90_pid2744.txt,(not found),R101_1.dat_A4_L90_r3.log
87,test_data/data_demand_random_50_batch_all1_equal_random/R101_1.dat,4.0,120.0,1,982.18,"[
    [
        [
            [0, [7, 27, 30, 34, 24, 6, 3, 1, 20, 33, 18, 5, 22, 12]],
            [7, []],
            [27, []],
            [36, [36, 38, 41, 40]],
            [30, []],
            [34, []],
            [24, []],
            [6, [48, 46, 50, 42]],
            [3, []],
            [42, [42]],
            [48, []],
            [1, []],
            [20, []],
            [33, []],
            [38, [38]],
            [18, []],
            [41, [41]],
            [46, []],
            [5, []],
            [22, []],
            [12, []],
            [40, [40]],
            [50, []]
        ],
        [
            [0, [9, 16, 14, 11, 15, 4, 10, 13, 8, 2]],
            [9, [21, 17, 19]],
            [16, [25, 26, 28, 23]],
            [14, []],
            [25, [29, 31, 32]],
            [26, [26]],
            [39, [39, 35, 37, 45]],
            [45, []],
            [29, []],
            [11, [47, 49, 43, 44]],
            [15, []],
            [31, []],
            [4, []],
            [21, [21]],
            [35, []],
            [10, []],
            [17, [17]],
            [13, []],
            [19, [19]],
            [32, []],
            [28, [28]],
            [47, []],
            [49, []],
            [23, [23]],
            [8, []],
            [2, []],
            [44, []],
            [43, []],
            [37, []]
        ]
    ],
    [
        [
            [9, [21, 17, 19]]
        ],
        [
            [16, [25, 26, 28, 23]]
        ],
        [
            [25, [29, 31, 32]]
        ],
        [
            [36, [36, 38, 41, 40]]
        ],
        [
            [6, [48, 46, 50, 42]]
        ],
        [
            [39, [39, 35, 37, 45]]
        ],
        [
            [11, [47, 49, 43, 44]]
        ]
    ]
]",,,335.99554208252397,0,7,3.7142857142857144,,,,,results/sol_best_R101_1.dat_A4_L120_pid2756.txt,(not found),R101_1.dat_A4_L120_r1.log
87,test_data/data_demand_random_50_batch_all1_equal_random/R101_1.dat,4.0,120.0,2,964.0,"[
    [
        [
            [0, [30, 34, 24, 6, 3, 42, 37, 43, 44, 1, 20, 33, 38, 18, 41, 5, 12, 40]],
            [30, []],
            [34, []],
            [24, []],
            [6, [48, 46, 50]],
            [3, []],
            [42, []],
            [48, []],
            [37, []],
            [43, []],
            [44, []],
            [1, []],
            [20, []],
            [33, []],
            [38, []],
            [18, []],
            [41, []],
            [46, []],
            [5, []],
            [12, []],
            [40, []],
            [50, []]
        ],
        [
            [0, [2, 8, 9, 4, 10, 7]],
            [2, []],
            [8, [16, 11, 15, 13]],
            [13, []],
            [17, [17, 21, 19]],
            [27, [27, 25, 22]],
            [29, [29, 31, 32]],
            [25, []],
            [14, [26, 28, 23, 14]],
            [9, [45, 39, 36, 35]],
            [26, []],
            [16, [47, 49]],
            [11, []],
            [15, []],
            [31, []],
            [4, []],
            [21, []],
            [45, []],
            [39, []],
            [36, []],
            [35, []],
            [10, []],
            [28, []],
            [47, []],
            [49, []],
            [19, []],
            [32, []],
            [23, []],
            [22, []],
            [7, []]
        ]
    ],
    [
        [
            [8, [16, 11, 15, 13]]
        ],
        [
            [17, [17, 21, 19]]
        ],
        [
            [27, [27, 25, 22]]
        ],
        [
            [6, [48, 46, 50]]
        ],
        [
            [29, [29, 31, 32]]
        ],
        [
            [14, [26, 28, 23, 14]]
        ],
        [
            [9, [45, 39, 36, 35]]
        ],
        [
            [16, [47, 49]]
        ]
    ]
]",,,333.7286868797969,0,8,3.25,,,,,results/sol_best_R101_1.dat_A4_L120_pid2758.txt,(not found),R101_1.dat_A4_L120_r2.log
87,test_data/data_demand_random_50_batch_all1_equal_random/R101_1.dat,4.0,120.0,3,925.93,"[
    [
        [
            [0, [3, 1]],
            [6, [6, 9, 5]],
            [9, [16, 11, 14, 12]],
            [11, []],
            [16, [20, 18]],
            [26, [30, 34, 33, 26]],
            [30, [37, 38, 41, 40]],
            [25, [25, 24, 22]],
            [14, [42, 43, 44]],
            [34, []],
            [24, []],
            [3, [48, 46, 50]],
            [42, []],
            [48, []],
            [37, []],
            [43, []],
            [44, []],
            [1, []],
            [20, []],
            [33, []],
            [38, []],
            [18, []],
            [41, []],
            [46, []],
            [5, []],
            [22, []],
            [12, []],
            [40, []],
            [50, []]
        ],
        [
            [0, [7, 27, 21, 4, 15, 10, 28, 19, 13, 17, 23, 8, 2]],
            [7, []],
            [27, [31, 29, 32]],
            [21, []],
            [4, []],
            [15, []],
            [31, [31]],
            [29, [47, 49, 45, 39]],
            [39, [36, 35]],
            [45, []],
            [36, []],
            [35, []],
            [10, []],
            [28, []],
            [32, [32]],
            [19, []],
            [13, []],
            [17, []],
            [47, []],
            [49, []],
            [23, []],
            [8, []],
            [2, []]
        ]
    ],
    [
        [
            [27, [31, 29, 32]]
        ],
        [
            [6, [6, 9, 5]]
        ],
        [
            [9, [16, 11, 14, 12]]
        ],
        [
            [16, [20, 18]]
        ],
        [
            [26, [30, 34, 33, 26]]
        ],
        [
            [30, [37, 38, 41, 40]]
        ],
        [
            [25, [25, 24, 22]]
        ],
        [
            [14, [42, 43, 44]]
        ],
        [
            [29, [47, 49, 45, 39]]
        ],
        [
            [3, [48, 46, 50]]
        ],
        [
            [39, [36, 35]]
        ]
    ]
]",,,325.59908193275334,0,11,3.1818181818181817,,,,,results/sol_best_R101_1.dat_A4_L120_pid2759.txt,(not found),R101_1.dat_A4_L120_r3.log
88,test_data/data_demand_random_50_batch_all1_equal_random/R101_1.dat,8.0,60.0,1,903.57,"[
    [
        [
            [0, [30, 24, 34, 25, 14, 37, 1, 20, 33, 38, 18, 41, 5, 12, 40]],
            [30, []],
            [24, []],
            [34, []],
            [25, [48, 46, 50, 42, 43, 44]],
            [14, []],
            [42, []],
            [48, []],
            [37, []],
            [43, []],
            [44, []],
            [1, []],
            [20, []],
            [33, []],
            [38, []],
            [18, []],
            [41, []],
            [46, []],
            [5, []],
            [12, []],
            [40, []],
            [50, []]
        ],
        [
            [0, [6, 3, 9, 4, 10, 8, 2, 7]],
            [6, []],
            [3, [16, 11, 15, 13]],
            [9, [26, 27, 28, 23, 21, 17, 19, 22]],
            [16, []],
            [29, [29, 31, 32]],
            [11, []],
            [15, []],
            [31, []],
            [4, []],
            [21, []],
            [45, [45]],
            [26, [47, 49, 39, 36, 35]],
            [39, []],
            [36, []],
            [35, []],
            [10, []],
            [17, []],
            [27, []],
            [8, []],
            [47, []],
            [28, []],
            [13, []],
            [19, []],
            [32, []],
            [49, []],
            [23, []],
            [22, [22]],
            [2, []],
            [7, []]
        ]
    ],
    [
        [
            [25, [48, 46, 50, 42, 43, 44]]
        ],
        [
            [3, [16, 11, 15, 13]]
        ],
        [
            [9, [26, 27, 28, 23, 21, 17, 19, 22]]
        ],
        [
            [29, [29, 31, 32]]
        ],
        [
            [45, [45]]
        ],
        [
            [26, [47, 49, 39, 36, 35]]
        ]
    ]
]",,,357.6551200263136,0,6,4.5,,,,,results/sol_best_R101_1.dat_A8_L60_pid2728.txt,(not found),R101_1.dat_A8_L60_r1.log
88,test_data/data_demand_random_50_batch_all1_equal_random/R101_1.dat,8.0,60.0,2,898.31,"[
    [
        [
            [0, [16, 14, 6, 3, 1, 5, 12]],
            [9, [9]],
            [16, []],
            [25, [25, 24, 22, 20, 18]],
            [14, [30, 34, 33]],
            [34, []],
            [24, []],
            [6, []],
            [3, []],
            [42, [42, 43, 44]],
            [30, [48, 46, 50, 37, 38, 41, 40]],
            [48, []],
            [37, []],
            [43, []],
            [44, []],
            [1, []],
            [20, []],
            [33, []],
            [38, []],
            [18, []],
            [41, []],
            [46, []],
            [5, []],
            [22, []],
            [12, []],
            [40, []],
            [50, []]
        ],
        [
            [0, [17, 21, 15, 11, 4, 10, 13, 19, 8, 2, 7]],
            [27, [27, 26, 28, 23]],
            [17, []],
            [21, []],
            [15, []],
            [11, []],
            [29, [29, 31, 32]],
            [31, []],
            [4, []],
            [26, [47, 49, 45, 39, 36, 35]],
            [45, []],
            [39, []],
            [36, []],
            [35, []],
            [10, []],
            [13, []],
            [19, []],
            [32, []],
            [28, [28]],
            [47, []],
            [49, []],
            [23, [23]],
            [8, []],
            [2, []],
            [7, []]
        ]
    ],
    [
        [
            [27, [27, 26, 28, 23]]
        ],
        [
            [9, [9]]
        ],
        [
            [25, [25, 24, 22, 20, 18]]
        ],
        [
            [14, [30, 34, 33]]
        ],
        [
            [42, [42, 43, 44]]
        ],
        [
            [29, [29, 31, 32]]
        ],
        [
            [30, [48, 46, 50, 37, 38, 41, 40]]
        ],
        [
            [26, [47, 49, 45, 39, 36, 35]]
        ]
    ]
]",,,318.435310679515,0,8,4.0,,,,,results/sol_best_R101_1.dat_A8_L60_pid2730.txt,(not found),R101_1.dat_A8_L60_r2.log
88,test_data/data_demand_random_50_batch_all1_equal_random/R101_1.dat,8.0,60.0,3,946.93,"[
    [
        [
            [0, [24, 6, 25, 14, 3, 1, 20, 18, 5, 12, 7]],
            [24, []],
            [6, []],
            [30, [37, 38, 41, 40, 30, 34, 33]],
            [25, []],
            [14, [48, 46, 50, 42, 43, 44]],
            [34, []],
            [3, []],
            [42, []],
            [48, []],
            [37, []],
            [43, []],
            [44, []],
            [1, []],
            [20, []],
            [33, []],
            [38, []],
            [18, []],
            [41, []],
            [46, []],
            [5, []],
            [12, []],
            [40, []],
            [50, []],
            [7, []]
        ],
        [
            [0, [9, 16, 11, 15, 4, 10, 8, 13, 2]],
            [9, []],
            [16, []],
            [11, []],
            [15, []],
            [4, []],
            [21, [21, 17, 19, 22]],
            [29, [29, 31, 32, 26, 27, 28, 23, 39]],
            [31, []],
            [39, []],
            [26, [47, 49, 45, 36, 35]],
            [45, []],
            [36, []],
            [35, []],
            [10, []],
            [17, [17]],
            [27, []],
            [8, []],
            [47, []],
            [28, []],
            [13, []],
            [19, [19]],
            [32, []],
            [49, []],
            [23, []],
            [22, []],
            [2, []]
        ]
    ],
    [
        [
            [21, [21, 17, 19, 22]]
        ],
        [
            [29, [29, 31, 32, 26, 27, 28, 23, 39]]
        ],
        [
            [30, [37, 38, 41, 40, 30, 34, 33]]
        ],
        [
            [14, [48, 46, 50, 42, 43, 44]]
        ],
        [
            [26, [47, 49, 45, 36, 35]]
        ]
    ]
]",,,410.9512041930724,0,5,6.0,,,,,results/sol_best_R101_1.dat_A8_L60_pid2731.txt,(not found),R101_1.dat_A8_L60_r3.log
89,test_data/data_demand_random_50_batch_all1_equal_random/R101_1.dat,8.0,90.0,1,910.18,"[
    [
        [
            [0, [30, 25, 14, 34, 24, 6, 3, 33, 20, 1, 18, 5, 12]],
            [30, []],
            [25, []],
            [14, [37, 38, 41, 40]],
            [34, []],
            [24, []],
            [6, []],
            [3, [48, 46, 50, 42, 43, 44]],
            [42, []],
            [48, []],
            [37, [37, 37]],
            [33, []],
            [20, []],
            [1, []],
            [43, []],
            [44, []],
            [38, [38, 38]],
            [18, []],
            [41, [41, 41]],
            [46, []],
            [5, []],
            [12, []],
            [40, [40, 40]],
            [50, []]
        ],
        [
            [0, [4, 2]],
            [9, [9, 8, 10, 7]],
            [8, [13, 16, 11, 15]],
            [13, []],
            [27, [27, 26, 28, 23, 21, 19, 22, 17]],
            [31, [31, 29, 32]],
            [29, []],
            [39, [39]],
            [26, [45, 36, 35]],
            [16, [47, 49]],
            [11, []],
            [15, []],
            [4, []],
            [21, []],
            [45, []],
            [36, []],
            [35, []],
            [10, []],
            [17, []],
            [47, []],
            [28, []],
            [32, []],
            [19, []],
            [49, []],
            [23, []],
            [22, []],
            [2, []],
            [7, []]
        ]
    ],
    [
        [
            [14, [37, 38, 41, 40]]
        ],
        [
            [9, [9, 8, 10, 7]]
        ],
        [
            [8, [13, 16, 11, 15]]
        ],
        [
            [27, [27, 26, 28, 23, 21, 19, 22, 17]]
        ],
        [
            [31, [31, 29, 32]]
        ],
        [
            [39, [39]]
        ],
        [
            [26, [45, 36, 35]]
        ],
        [
            [16, [47, 49]]
        ],
        [
            [3, [48, 46, 50, 42, 43, 44]]
        ]
    ]
]",,,304.5467632525848,0,9,3.888888888888889,,,,,results/sol_best_R101_1.dat_A8_L90_pid2738.txt,(not found),R101_1.dat_A8_L90_r1.log
89,test_data/data_demand_random_50_batch_all1_equal_random/R101_1.dat,8.0,90.0,2,883.5,"[
    [
        [
            [0, [4, 3, 1]],
            [16, [14, 12, 16, 15]],
            [15, []],
            [4, [21, 20, 18]],
            [21, []],
            [29, [34, 33, 29, 30, 25, 24, 22]],
            [30, []],
            [14, [37, 38, 41, 40]],
            [25, []],
            [34, []],
            [24, []],
            [3, []],
            [42, [48, 46, 50, 42, 43, 44]],
            [48, []],
            [37, []],
            [43, []],
            [44, []],
            [1, []],
            [20, []],
            [33, []],
            [38, []],
            [18, []],
            [41, []],
            [46, []],
            [12, []],
            [22, []],
            [40, []],
            [50, []]
        ],
        [
            [0, [2]],
            [6, [6]],
            [9, [7, 5, 8, 10, 9]],
            [7, [7]],
            [5, [5]],
            [2, []],
            [8, [8]],
            [26, [36, 35, 26, 28, 27, 23, 31]],
            [39, [39, 32, 45]],
            [11, [19, 17, 11, 13]],
            [31, []],
            [45, [47, 49]],
            [36, []],
            [35, []],
            [10, [10]],
            [13, []],
            [19, []],
            [32, []],
            [23, []],
            [49, []],
            [28, []],
            [47, []],
            [17, []],
            [27, []]
        ]
    ],
    [
        [
            [6, [6]]
        ],
        [
            [16, [14, 12, 16, 15]]
        ],
        [
            [9, [7, 5, 8, 10, 9]]
        ],
        [
            [4, [21, 20, 18]]
        ],
        [
            [29, [34, 33, 29, 30, 25, 24, 22]]
        ],
        [
            [14, [37, 38, 41, 40]]
        ],
        [
            [26, [36, 35, 26, 28, 27, 23, 31]]
        ],
        [
            [39, [39, 32, 45]]
        ],
        [
            [42, [48, 46, 50, 42, 43, 44]]
        ],
        [
            [11, [19, 17, 11, 13]]
        ],
        [
            [45, [47, 49]]
        ]
    ]
]",,,305.7476532556829,0,11,4.181818181818182,,,,,results/sol_best_R101_1.dat_A8_L90_pid2740.txt,(not found),R101_1.dat_A8_L90_r2.log
89,test_data/data_demand_random_50_batch_all1_equal_random/R101_1.dat,8.0,90.0,3,929.0,"[
    [
        [
            [0, [7, 6, 3, 1, 5]],
            [7, []],
            [6, []],
            [3, [14, 12]],
            [14, []],
            [25, [25]],
            [30, [30]],
            [26, [26, 24, 22, 20, 18]],
            [29, [29, 37, 38, 41, 40, 34, 33]],
            [34, []],
            [24, [48, 46, 50, 42, 43, 44]],
            [42, []],
            [48, []],
            [37, []],
            [43, []],
            [44, []],
            [1, []],
            [20, []],
            [33, []],
            [38, []],
            [18, []],
            [41, []],
            [46, []],
            [5, []],
            [22, []],
            [12, []],
            [40, []],
            [50, []]
        ],
        [
            [0, [8, 17, 9, 16, 11, 15, 4, 21, 10, 13, 19, 2]],
            [27, [27, 23, 28]],
            [8, []],
            [17, []],
            [39, [39, 31, 32]],
            [9, [45, 36, 35]],
            [16, [47, 49]],
            [11, []],
            [15, []],
            [31, []],
            [4, []],
            [21, []],
            [45, []],
            [36, []],
            [35, []],
            [10, []],
            [13, []],
            [19, []],
            [32, []],
            [23, [23, 23]],
            [49, []],
            [28, [28, 28]],
            [47, []],
            [2, []]
        ]
    ],
    [
        [
            [27, [27, 23, 28]]
        ],
        [
            [3, [14, 12]]
        ],
        [
            [25, [25]]
        ],
        [
            [30, [30]]
        ],
        [
            [26, [26, 24, 22, 20, 18]]
        ],
        [
            [29, [29, 37, 38, 41, 40, 34, 33]]
        ],
        [
            [39, [39, 31, 32]]
        ],
        [
            [9, [45, 36, 35]]
        ],
        [
            [24, [48, 46, 50, 42, 43, 44]]
        ],
        [
            [16, [47, 49]]
        ]
    ]
]",,,324.30936330650434,0,10,3.3,,,,,results/sol_best_R101_1.dat_A8_L90_pid2741.txt,(not found),R101_1.dat_A8_L90_r3.log
90,test_data/data_demand_random_50_batch_all1_equal_random/R101_1.dat,8.0,120.0,1,905.18,"[
    [
        [
            [0, [7, 2, 6, 3, 1, 5]],
            [7, []],
            [2, []],
            [13, [14, 12, 13]],
            [26, [26, 25, 24, 22, 20, 18]],
            [30, [34, 33, 30]],
            [25, []],
            [14, [37, 38, 41, 40]],
            [34, []],
            [24, []],
            [6, []],
            [3, [48, 46, 50, 42, 43, 44]],
            [42, []],
            [48, []],
            [37, []],
            [43, []],
            [44, []],
            [1, []],
            [20, []],
            [33, []],
            [38, []],
            [18, []],
            [41, []],
            [46, []],
            [5, []],
            [22, []],
            [12, []],
            [40, []],
            [50, []]
        ],
        [
            [0, [27, 9, 16, 11, 15, 4, 21, 10, 17, 28, 19, 23, 8]],
            [27, []],
            [9, [36, 35]],
            [39, [39, 29, 31, 32]],
            [29, []],
            [16, []],
            [11, [47, 49, 45]],
            [15, []],
            [31, []],
            [4, []],
            [21, []],
            [45, []],
            [36, []],
            [35, []],
            [10, []],
            [17, []],
            [28, []],
            [19, []],
            [32, []],
            [23, []],
            [49, []],
            [47, []],
            [8, []]
        ]
    ],
    [
        [
            [13, [14, 12, 13]]
        ],
        [
            [26, [26, 25, 24, 22, 20, 18]]
        ],
        [
            [30, [34, 33, 30]]
        ],
        [
            [14, [37, 38, 41, 40]]
        ],
        [
            [9, [36, 35]]
        ],
        [
            [39, [39, 29, 31, 32]]
        ],
        [
            [3, [48, 46, 50, 42, 43, 44]]
        ],
        [
            [11, [47, 49, 45]]
        ]
    ]
]",,,350.138894297672,0,8,3.875,,,,,results/sol_best_R101_1.dat_A8_L120_pid2741.txt,(not found),R101_1.dat_A8_L120_r1.log
90,test_data/data_demand_random_50_batch_all1_equal_random/R101_1.dat,8.0,120.0,2,926.9,"[
    [
        [
            [0, [30, 25, 14, 34, 24, 6, 3, 1, 20, 33, 18, 5, 22, 12]],
            [30, []],
            [25, [37, 38, 41, 40]],
            [14, []],
            [34, []],
            [24, []],
            [6, [48, 46, 50, 42, 43, 44]],
            [3, []],
            [42, []],
            [48, []],
            [37, [37, 37]],
            [43, []],
            [44, []],
            [1, []],
            [20, []],
            [33, []],
            [38, [38, 38]],
            [18, []],
            [41, [41, 41]],
            [46, []],
            [5, []],
            [22, []],
            [12, []],
            [40, [40, 40]],
            [50, []]
        ],
        [
            [0, [8, 9, 16, 11, 15, 4, 10, 13, 2, 7]],
            [8, []],
            [23, [23, 27, 26, 28, 21, 17, 19]],
            [27, [29, 31, 32]],
            [39, [39]],
            [26, [36, 35]],
            [9, []],
            [29, []],
            [16, [47, 49, 45]],
            [11, []],
            [15, []],
            [31, []],
            [4, []],
            [21, []],
            [45, []],
            [36, []],
            [35, []],
            [10, []],
            [17, []],
            [13, []],
            [19, []],
            [32, []],
            [28, []],
            [49, []],
            [47, []],
            [2, []],
            [7, []]
        ]
    ],
    [
        [
            [25, [37, 38, 41, 40]]
        ],
        [
            [23, [23, 27, 26, 28, 21, 17, 19]]
        ],
        [
            [27, [29, 31, 32]]
        ],
        [
            [39, [39]]
        ],
        [
            [26, [36, 35]]
        ],
        [
            [6, [48, 46, 50, 42, 43, 44]]
        ],
        [
            [16, [47, 49, 45]]
        ]
    ]
]",,,337.504237061664,0,7,3.7142857142857144,,,,,results/sol_best_R101_1.dat_A8_L120_pid2742.txt,(not found),R101_1.dat_A8_L120_r2.log
90,test_data/data_demand_random_50_batch_all1_equal_random/R101_1.dat,8.0,120.0,3,938.06,"[
    [
        [
            [0, [10, 4, 1]],
            [8, [8]],
            [13, [13]],
            [10, [14, 12, 17, 21]],
            [17, []],
            [21, []],
            [4, [24, 25, 22, 20, 18]],
            [31, [31]],
            [29, [37, 38, 41, 40, 29]],
            [30, [30, 34, 33]],
            [14, []],
            [25, []],
            [34, [48, 46, 50, 43, 44, 42]],
            [24, []],
            [42, []],
            [48, []],
            [37, []],
            [43, []],
            [44, []],
            [1, []],
            [20, []],
            [33, []],
            [38, []],
            [18, []],
            [41, []],
            [46, []],
            [12, []],
            [22, []],
            [40, []],
            [50, []]
        ],
        [
            [0, [6, 3, 9, 16, 11, 15, 5, 2, 7]],
            [6, []],
            [3, [26, 27, 28, 23, 19]],
            [9, []],
            [26, [26]],
            [16, []],
            [11, []],
            [15, []],
            [27, [47, 49, 45, 39, 36, 35, 32]],
            [45, []],
            [39, []],
            [36, []],
            [35, []],
            [28, [28]],
            [19, [19]],
            [32, []],
            [5, []],
            [23, [23]],
            [49, []],
            [47, []],
            [2, []],
            [7, []]
        ]
    ],
    [
        [
            [8, [8]]
        ],
        [
            [13, [13]]
        ],
        [
            [10, [14, 12, 17, 21]]
        ],
        [
            [3, [26, 27, 28, 23, 19]]
        ],
        [
            [4, [24, 25, 22, 20, 18]]
        ],
        [
            [31, [31]]
        ],
        [
            [29, [37, 38, 41, 40, 29]]
        ],
        [
            [30, [30, 34, 33]]
        ],
        [
            [34, [48, 46, 50, 43, 44, 42]]
        ],
        [
            [27, [47, 49, 45, 39, 36, 35, 32]]
        ]
    ]
]",,,298.4104315860573,0,10,3.8,,,,,results/sol_best_R101_1.dat_A8_L120_pid2744.txt,(not found),R101_1.dat_A8_L120_r3.log
91,test_data/data_demand_random_50_batch_all1_equal_random/R101_2.5.dat,4.0,60.0,1,1547.0,"[
    [
        [
            [0, [11, 8, 5, 6, 3, 1]],
            [11, []],
            [16, [16]],
            [15, [15, 18]],
            [8, []],
            [5, [27, 26, 28, 29]],
            [23, [23, 21]],
            [6, [34, 35, 36]],
            [28, []],
            [27, []],
            [26, []],
            [3, [39, 41]],
            [18, []],
            [1, [43, 44, 48, 47]],
            [44, []],
            [43, []],
            [41, []],
            [39, []],
            [48, []],
            [35, []],
            [34, []],
            [21, []],
            [29, []],
            [47, []],
            [36, []]
        ],
        [
            [0, [4, 10, 9, 12, 20, 22, 17, 30, 24, 2, 7, 31, 25, 13, 19, 14]],
            [4, []],
            [10, []],
            [9, []],
            [12, []],
            [20, []],
            [22, []],
            [17, []],
            [30, [32, 33]],
            [24, []],
            [32, []],
            [2, [40, 42, 38, 37]],
            [7, []],
            [31, []],
            [25, []],
            [40, [49, 46, 50, 45]],
            [49, []],
            [37, []],
            [38, []],
            [13, []],
            [19, []],
            [14, []],
            [46, []],
            [50, []],
            [45, []],
            [33, []],
            [42, []]
        ]
    ],
    [
        [
            [16, [16]]
        ],
        [
            [15, [15, 18]]
        ],
        [
            [5, [27, 26, 28, 29]]
        ],
        [
            [23, [23, 21]]
        ],
        [
            [6, [34, 35, 36]]
        ],
        [
            [3, [39, 41]]
        ],
        [
            [30, [32, 33]]
        ],
        [
            [2, [40, 42, 38, 37]]
        ],
        [
            [1, [43, 44, 48, 47]]
        ],
        [
            [40, [49, 46, 50, 45]]
        ]
    ]
]",,,702.7232130343054,0,10,2.8,,,,,results/sol_best_R101_2.5.dat_A4_L60_pid2684.txt,(not found),R101_2.5.dat_A4_L60_r1.log
91,test_data/data_demand_random_50_batch_all1_equal_random/R101_2.5.dat,4.0,60.0,2,1499.0,"[
    [
        [
            [0, [5, 15, 19, 6, 18, 3, 1]],
            [16, [16]],
            [23, [23]],
            [5, [26, 27, 28, 29]],
            [15, []],
            [19, []],
            [6, [34, 35, 32, 36]],
            [18, []],
            [33, [33]],
            [3, [39, 41]],
            [26, []],
            [27, []],
            [28, []],
            [1, [43, 44, 48, 47]],
            [29, []],
            [47, []],
            [34, []],
            [35, []],
            [48, []],
            [39, []],
            [32, []],
            [41, []],
            [43, []],
            [44, []],
            [36, []]
        ],
        [
            [0, [4, 21, 8, 10, 9, 7, 2, 17, 22, 20, 12, 13, 14, 11]],
            [4, []],
            [21, []],
            [8, []],
            [10, [25, 31, 24, 30]],
            [9, []],
            [25, [25, 25]],
            [31, [31, 31]],
            [7, []],
            [2, [40, 42, 38, 37]],
            [24, [24, 24]],
            [30, [30, 30]],
            [17, []],
            [22, []],
            [20, []],
            [12, []],
            [40, [49, 46, 50, 45]],
            [49, []],
            [38, []],
            [13, []],
            [37, []],
            [14, []],
            [46, []],
            [50, []],
            [45, []],
            [42, []],
            [11, []]
        ]
    ],
    [
        [
            [10, [25, 31, 24, 30]]
        ],
        [
            [16, [16]]
        ],
        [
            [23, [23]]
        ],
        [
            [5, [26, 27, 28, 29]]
        ],
        [
            [2, [40, 42, 38, 37]]
        ],
        [
            [6, [34, 35, 32, 36]]
        ],
        [
            [33, [33]]
        ],
        [
            [3, [39, 41]]
        ],
        [
            [1, [43, 44, 48, 47]]
        ],
        [
            [40, [49, 46, 50, 45]]
        ]
    ]
]",,,784.3500351443446,0,10,2.9,,,,,results/sol_best_R101_2.5.dat_A4_L60_pid2686.txt,(not found),R101_2.5.dat_A4_L60_r2.log
91,test_data/data_demand_random_50_batch_all1_equal_random/R101_2.5.dat,4.0,60.0,3,1538.25,"[
    [
        [
            [0, [11, 18, 3, 13, 5, 14, 6, 16, 15, 1]],
            [11, []],
            [18, []],
            [3, []],
            [13, []],
            [5, [27, 26, 28, 23]],
            [14, []],
            [6, [34, 35, 32, 36]],
            [16, []],
            [15, [25]],
            [25, [25]],
            [37, [37]],
            [23, [39, 41]],
            [26, []],
            [27, []],
            [28, []],
            [1, [43, 44, 48, 47]],
            [47, []],
            [34, []],
            [35, []],
            [48, []],
            [39, []],
            [32, []],
            [41, []],
            [43, []],
            [44, []],
            [36, []]
        ],
        [
            [0, [4, 8, 29, 21, 10, 2, 9, 30, 17, 22, 20, 12, 24, 7, 31, 19]],
            [4, []],
            [8, []],
            [29, []],
            [21, []],
            [10, []],
            [2, []],
            [9, []],
            [30, []],
            [17, []],
            [22, []],
            [20, []],
            [12, []],
            [24, [49, 46, 50, 45]],
            [7, [42, 40, 38, 33]],
            [40, []],
            [31, []],
            [49, []],
            [38, []],
            [19, []],
            [46, []],
            [50, []],
            [45, []],
            [33, []],
            [42, []]
        ]
    ],
    [
        [
            [5, [27, 26, 28, 23]]
        ],
        [
            [6, [34, 35, 32, 36]]
        ],
        [
            [15, [25]]
        ],
        [
            [37, [37]]
        ],
        [
            [23, [39, 41]]
        ],
        [
            [1, [43, 44, 48, 47]]
        ],
        [
            [24, [49, 46, 50, 45]]
        ],
        [
            [7, [42, 40, 38, 33]]
        ]
    ]
]",,,952.276878015296,0,8,3.0,,,,,results/sol_best_R101_2.5.dat_A4_L60_pid2687.txt,(not found),R101_2.5.dat_A4_L60_r3.log
92,test_data/data_demand_random_50_batch_all1_equal_random/R101_2.5.dat,4.0,90.0,1,1606.41,"[
    [
        [
            [0, [3, 14, 23, 26, 27, 28, 21, 8, 29, 1]],
            [11, [11]],
            [16, [16]],
            [3, []],
            [14, [34, 36, 35, 32]],
            [23, []],
            [26, []],
            [27, []],
            [28, []],
            [21, []],
            [8, []],
            [29, [43, 44, 48, 47]],
            [1, []],
            [42, [42, 39, 41]],
            [36, []],
            [47, []],
            [34, []],
            [35, []],
            [48, []],
            [39, []],
            [32, []],
            [41, []],
            [43, []],
            [44, []]
        ],
        [
            [0, [18, 6, 15, 5, 7, 12, 22, 20, 17, 2, 9, 10, 4, 13, 19]],
            [18, []],
            [6, [30, 24, 31, 25]],
            [15, []],
            [5, []],
            [7, []],
            [12, []],
            [22, []],
            [20, []],
            [17, []],
            [30, [30, 30, 30, 30]],
            [24, [24, 24, 24, 24]],
            [2, []],
            [9, [40, 38, 37, 33]],
            [10, []],
            [4, []],
            [33, []],
            [49, [49]],
            [40, [46, 50, 45]],
            [31, [31, 31, 31, 31]],
            [25, [25, 25, 25, 25]],
            [13, []],
            [38, []],
            [37, []],
            [19, []],
            [46, []],
            [50, []],
            [45, []]
        ]
    ],
    [
        [
            [6, [30, 24, 31, 25]]
        ],
        [
            [11, [11]]
        ],
        [
            [16, [16]]
        ],
        [
            [14, [34, 36, 35, 32]]
        ],
        [
            [29, [43, 44, 48, 47]]
        ],
        [
            [9, [40, 38, 37, 33]]
        ],
        [
            [49, [49]]
        ],
        [
            [40, [46, 50, 45]]
        ],
        [
            [42, [42, 39, 41]]
        ]
    ]
]",,,913.5952554337439,0,9,2.7777777777777777,,,,,results/sol_best_R101_2.5.dat_A4_L90_pid2851.txt,(not found),R101_2.5.dat_A4_L90_r1.log
92,test_data/data_demand_random_50_batch_all1_equal_random/R101_2.5.dat,4.0,90.0,2,1464.18,"[
    [
        [
            [0, [1, 4, 3, 2, 7, 5, 6]],
            [1, []],
            [11, [11]],
            [4, [8]],
            [10, [10]],
            [3, []],
            [16, [16, 15]],
            [2, []],
            [20, [23, 21, 17, 20]],
            [17, []],
            [7, [18]],
            [5, [27, 26, 28, 29]],
            [15, []],
            [23, []],
            [26, []],
            [27, []],
            [18, [34, 35, 32, 36]],
            [28, []],
            [6, [39, 41]],
            [36, []],
            [29, []],
            [21, []],
            [8, []],
            [34, [43, 44, 48, 47]],
            [47, []],
            [35, []],
            [48, []],
            [39, []],
            [41, []],
            [43, []],
            [32, []],
            [44, []]
        ],
        [
            [0, [31, 25, 13, 19, 9, 30, 24, 22, 12, 14]],
            [31, []],
            [25, []],
            [13, []],
            [19, []],
            [33, [33]],
            [9, [42, 40, 38, 37]],
            [30, []],
            [24, []],
            [22, []],
            [12, [49, 46, 50, 45]],
            [40, []],
            [49, []],
            [38, []],
            [37, []],
            [14, []],
            [46, []],
            [50, []],
            [45, []],
            [42, []]
        ]
    ],
    [
        [
            [33, [33]]
        ],
        [
            [11, [11]]
        ],
        [
            [4, [8]]
        ],
        [
            [10, [10]]
        ],
        [
            [16, [16, 15]]
        ],
        [
            [20, [23, 21, 17, 20]]
        ],
        [
            [7, [18]]
        ],
        [
            [5, [27, 26, 28, 29]]
        ],
        [
            [18, [34, 35, 32, 36]]
        ],
        [
            [6, [39, 41]]
        ],
        [
            [34, [43, 44, 48, 47]]
        ],
        [
            [9, [42, 40, 38, 37]]
        ],
        [
            [12, [49, 46, 50, 45]]
        ]
    ]
]",,,576.0648516480217,0,13,2.5384615384615383,,,,,results/sol_best_R101_2.5.dat_A4_L90_pid2853.txt,(not found),R101_2.5.dat_A4_L90_r2.log
92,test_data/data_demand_random_50_batch_all1_equal_random/R101_2.5.dat,4.0,90.0,3,1532.02,"[
    [
        [
            [0, [6, 10, 3, 1, 2, 7, 5]],
            [6, []],
            [11, [11]],
            [10, []],
            [3, [18, 14, 16, 15]],
            [18, []],
            [1, []],
            [2, []],
            [7, []],
            [25, [31, 25, 19]],
            [31, []],
            [13, [13, 23]],
            [19, []],
            [14, []],
            [5, [34, 35, 32, 36]],
            [16, []],
            [15, [39, 41, 26]],
            [23, []],
            [26, []],
            [34, [43, 44, 48]],
            [35, []],
            [48, []],
            [39, []],
            [32, []],
            [41, []],
            [43, []],
            [44, []],
            [36, []]
        ],
        [
            [0, [29, 27, 21, 8, 30, 24, 9, 17, 20, 22, 12, 28]],
            [4, [4]],
            [29, []],
            [27, []],
            [21, []],
            [8, []],
            [30, []],
            [24, []],
            [9, [40, 42, 38, 37]],
            [17, []],
            [20, []],
            [22, []],
            [12, [49, 46, 50, 45]],
            [40, []],
            [49, []],
            [38, []],
            [37, []],
            [46, []],
            [50, []],
            [28, []],
            [45, []],
            [47, [47, 33]],
            [33, []],
            [42, []]
        ]
    ],
    [
        [
            [4, [4]]
        ],
        [
            [11, [11]]
        ],
        [
            [3, [18, 14, 16, 15]]
        ],
        [
            [25, [31, 25, 19]]
        ],
        [
            [13, [13, 23]]
        ],
        [
            [5, [34, 35, 32, 36]]
        ],
        [
            [15, [39, 41, 26]]
        ],
        [
            [9, [40, 42, 38, 37]]
        ],
        [
            [34, [43, 44, 48]]
        ],
        [
            [12, [49, 46, 50, 45]]
        ],
        [
            [47, [47, 33]]
        ]
    ]
]",,,830.3828562685868,0,11,2.8181818181818183,,,,,results/sol_best_R101_2.5.dat_A4_L90_pid2854.txt,(not found),R101_2.5.dat_A4_L90_r3.log
93,test_data/data_demand_random_50_batch_all1_equal_random/R101_2.5.dat,4.0,120.0,1,1587.21,"[
    [
        [
            [0, [1, 26, 27, 29, 21, 34, 35, 32, 41, 39, 8, 36]],
            [1, []],
            [26, []],
            [27, []],
            [29, []],
            [21, []],
            [34, []],
            [35, [43, 44, 48, 47]],
            [48, []],
            [32, []],
            [44, []],
            [43, []],
            [41, []],
            [39, []],
            [8, []],
            [47, []],
            [36, []]
        ],
        [
            [0, [11, 7, 14, 18, 5, 6, 16, 4, 15, 2, 10, 9, 17, 12, 13, 3]],
            [11, []],
            [7, []],
            [14, []],
            [18, []],
            [5, []],
            [6, [22, 20, 19, 28]],
            [16, [30, 24, 31, 25]],
            [4, []],
            [15, []],
            [23, [23, 33]],
            [2, []],
            [10, [42, 40, 38, 37]],
            [9, []],
            [24, []],
            [30, []],
            [17, []],
            [22, []],
            [20, [49, 46, 50, 45]],
            [12, []],
            [40, []],
            [31, []],
            [25, []],
            [49, []],
            [37, []],
            [38, []],
            [13, []],
            [19, []],
            [46, []],
            [50, []],
            [3, []],
            [28, []],
            [45, []],
            [33, []],
            [42, []]
        ]
    ],
    [
        [
            [35, [43, 44, 48, 47]]
        ],
        [
            [6, [22, 20, 19, 28]]
        ],
        [
            [16, [30, 24, 31, 25]]
        ],
        [
            [23, [23, 33]]
        ],
        [
            [10, [42, 40, 38, 37]]
        ],
        [
            [20, [49, 46, 50, 45]]
        ]
    ]
]",,,904.808320548212,0,6,3.6666666666666665,,,,,results/sol_best_R101_2.5.dat_A4_L120_pid2753.txt,(not found),R101_2.5.dat_A4_L120_r1.log
93,test_data/data_demand_random_50_batch_all1_equal_random/R101_2.5.dat,4.0,120.0,2,1641.62,"[
    [
        [
            [0, [6, 16, 27, 26, 28, 29, 21, 34, 35, 8, 32, 36]],
            [6, []],
            [16, []],
            [27, []],
            [26, []],
            [28, [39, 41]],
            [29, []],
            [21, []],
            [34, []],
            [35, []],
            [8, [43, 44, 48, 47]],
            [39, [39]],
            [32, []],
            [41, [41]],
            [43, []],
            [44, []],
            [48, []],
            [47, []],
            [36, []]
        ],
        [
            [0, [10, 9, 2, 12, 7, 11]],
            [4, [4]],
            [3, [3]],
            [5, [13, 18, 17, 5]],
            [1, [1]],
            [15, [15]],
            [23, [23]],
            [14, [14]],
            [19, [19, 20, 22]],
            [13, []],
            [18, [33]],
            [10, [25, 31, 24, 30]],
            [9, [42, 40, 38, 37]],
            [2, []],
            [20, []],
            [22, []],
            [17, []],
            [30, []],
            [24, []],
            [12, []],
            [31, []],
            [40, []],
            [7, [49, 46, 50, 45]],
            [49, []],
            [25, []],
            [38, []],
            [37, []],
            [46, []],
            [50, []],
            [45, []],
            [33, []],
            [42, []],
            [11, []]
        ]
    ],
    [
        [
            [28, [39, 41]]
        ],
        [
            [4, [4]]
        ],
        [
            [3, [3]]
        ],
        [
            [5, [13, 18, 17, 5]]
        ],
        [
            [1, [1]]
        ],
        [
            [15, [15]]
        ],
        [
            [23, [23]]
        ],
        [
            [14, [14]]
        ],
        [
            [19, [19, 20, 22]]
        ],
        [
            [18, [33]]
        ],
        [
            [10, [25, 31, 24, 30]]
        ],
        [
            [9, [42, 40, 38, 37]]
        ],
        [
            [8, [43, 44, 48, 47]]
        ],
        [
            [7, [49, 46, 50, 45]]
        ]
    ]
]",,,613.8461069189025,0,14,2.2857142857142856,,,,,results/sol_best_R101_2.5.dat_A4_L120_pid2755.txt,(not found),R101_2.5.dat_A4_L120_r2.log
93,test_data/data_demand_random_50_batch_all1_equal_random/R101_2.5.dat,4.0,120.0,3,1468.02,"[
    [
        [
            [0, [2, 5, 7, 3, 1, 4, 6]],
            [2, []],
            [5, []],
            [7, []],
            [3, []],
            [1, []],
            [10, [8, 11, 10]],
            [4, []],
            [18, [18, 13, 14]],
            [6, []],
            [15, [16, 15, 23, 19]],
            [14, []],
            [13, []],
            [19, []],
            [23, []],
            [28, [28]],
            [27, [26, 27]],
            [26, [34, 35, 32, 36]],
            [16, []],
            [11, [39, 41]],
            [36, []],
            [34, []],
            [8, []],
            [39, [43, 44, 48, 47]],
            [41, []],
            [43, []],
            [44, []],
            [32, []],
            [48, []],
            [35, []],
            [47, []]
        ],
        [
            [0, [25, 31, 29, 21, 9, 30, 24, 17, 22, 20, 12]],
            [25, []],
            [31, []],
            [29, []],
            [21, []],
            [9, [42, 40, 38, 37]],
            [30, []],
            [24, []],
            [17, []],
            [22, []],
            [20, []],
            [12, [49, 46, 50, 45]],
            [40, []],
            [49, []],
            [38, []],
            [37, []],
            [46, []],
            [50, []],
            [45, [33]],
            [33, []],
            [42, []]
        ]
    ],
    [
        [
            [10, [8, 11, 10]]
        ],
        [
            [18, [18, 13, 14]]
        ],
        [
            [15, [16, 15, 23, 19]]
        ],
        [
            [28, [28]]
        ],
        [
            [27, [26, 27]]
        ],
        [
            [26, [34, 35, 32, 36]]
        ],
        [
            [11, [39, 41]]
        ],
        [
            [39, [43, 44, 48, 47]]
        ],
        [
            [9, [42, 40, 38, 37]]
        ],
        [
            [12, [49, 46, 50, 45]]
        ],
        [
            [45, [33]]
        ]
    ]
]",,,827.6893999532615,0,11,2.909090909090909,,,,,results/sol_best_R101_2.5.dat_A4_L120_pid2756.txt,(not found),R101_2.5.dat_A4_L120_r3.log
94,test_data/data_demand_random_50_batch_all1_equal_random/R101_2.5.dat,8.0,60.0,1,1482.5,"[
    [
        [
            [0, [3, 6, 11, 5, 1]],
            [3, []],
            [14, [14, 13, 18, 16, 15]],
            [13, []],
            [23, [23, 19]],
            [19, []],
            [18, []],
            [6, []],
            [11, [27, 26, 28, 29]],
            [16, [34, 35, 32, 36]],
            [15, []],
            [5, []],
            [26, []],
            [27, []],
            [28, []],
            [29, []],
            [1, [43, 44, 48, 47, 39, 41]],
            [47, []],
            [34, []],
            [35, []],
            [48, []],
            [39, []],
            [41, []],
            [43, []],
            [32, []],
            [44, []],
            [36, []]
        ],
        [
            [0, [21, 8, 10, 9, 4, 12, 22, 20, 2, 17, 7]],
            [21, []],
            [8, []],
            [10, []],
            [9, []],
            [4, [30, 24, 31, 25]],
            [12, []],
            [22, []],
            [20, []],
            [30, []],
            [24, []],
            [2, [40, 42, 38, 37, 33]],
            [17, []],
            [7, []],
            [40, [49, 46, 50, 45]],
            [31, []],
            [25, []],
            [49, []],
            [38, []],
            [37, []],
            [46, []],
            [50, []],
            [45, []],
            [33, []],
            [42, []]
        ]
    ],
    [
        [
            [14, [14, 13, 18, 16, 15]]
        ],
        [
            [23, [23, 19]]
        ],
        [
            [11, [27, 26, 28, 29]]
        ],
        [
            [16, [34, 35, 32, 36]]
        ],
        [
            [4, [30, 24, 31, 25]]
        ],
        [
            [1, [43, 44, 48, 47, 39, 41]]
        ],
        [
            [2, [40, 42, 38, 37, 33]]
        ],
        [
            [40, [49, 46, 50, 45]]
        ]
    ]
]",,,719.335046663957,0,8,4.25,,,,,results/sol_best_R101_2.5.dat_A8_L60_pid2745.txt,(not found),R101_2.5.dat_A8_L60_r1.log
94,test_data/data_demand_random_50_batch_all1_equal_random/R101_2.5.dat,8.0,60.0,2,1518.15,"[
    [
        [
            [0, [8, 16, 5, 6, 3, 1, 21]],
            [8, []],
            [33, [33, 34, 35, 36, 28, 27, 26, 29]],
            [28, [28]],
            [27, [27]],
            [26, [26]],
            [16, []],
            [5, []],
            [6, []],
            [3, []],
            [1, [43, 44, 48, 47, 39, 41]],
            [47, []],
            [29, [29]],
            [21, []],
            [34, []],
            [35, []],
            [48, []],
            [39, []],
            [41, []],
            [43, []],
            [44, []],
            [36, []]
        ],
        [
            [0, [15, 11, 7, 17, 2, 9, 10, 4, 14, 13, 12, 18]],
            [15, []],
            [11, []],
            [7, []],
            [17, []],
            [2, []],
            [9, []],
            [10, [30, 24, 31, 25, 19]],
            [4, []],
            [23, [22, 20, 23]],
            [14, []],
            [19, []],
            [13, []],
            [25, []],
            [31, []],
            [40, [40, 32]],
            [22, []],
            [20, []],
            [30, [49, 46, 50, 45, 42, 38, 37]],
            [24, []],
            [32, []],
            [12, []],
            [49, []],
            [38, []],
            [37, []],
            [46, []],
            [18, []],
            [50, []],
            [45, []],
            [42, []]
        ]
    ],
    [
        [
            [33, [33, 34, 35, 36, 28, 27, 26, 29]]
        ],
        [
            [10, [30, 24, 31, 25, 19]]
        ],
        [
            [23, [22, 20, 23]]
        ],
        [
            [1, [43, 44, 48, 47, 39, 41]]
        ],
        [
            [40, [40, 32]]
        ],
        [
            [30, [49, 46, 50, 45, 42, 38, 37]]
        ]
    ]
]",,,841.9006800233806,0,6,5.166666666666667,,,,,results/sol_best_R101_2.5.dat_A8_L60_pid2747.txt,(not found),R101_2.5.dat_A8_L60_r2.log
94,test_data/data_demand_random_50_batch_all1_equal_random/R101_2.5.dat,8.0,60.0,3,1418.5,"[
    [
        [
            [0, [6, 5, 4, 2, 1, 3]],
            [6, [8, 10, 9]],
            [5, []],
            [4, []],
            [8, []],
            [2, []],
            [16, [23, 16, 21]],
            [15, [15]],
            [23, []],
            [1, []],
            [28, [28, 29]],
            [33, [34, 35, 32, 36, 27, 26, 33]],
            [3, []],
            [26, []],
            [27, []],
            [29, []],
            [21, []],
            [34, []],
            [35, []],
            [9, []],
            [36, []],
            [47, [43, 44, 48, 39, 41, 47]],
            [10, []],
            [48, []],
            [39, []],
            [32, []],
            [41, []],
            [43, []],
            [44, []]
        ],
        [
            [0, [17, 18, 14, 13, 12, 11, 7]],
            [17, []],
            [18, []],
            [14, [30, 24, 31, 25, 19, 22, 20]],
            [19, []],
            [13, []],
            [25, []],
            [31, []],
            [22, []],
            [12, []],
            [20, []],
            [24, []],
            [30, []],
            [11, [42]],
            [42, []],
            [7, []],
            [40, [49, 46, 50, 45, 40, 38, 37]],
            [49, []],
            [38, []],
            [37, []],
            [46, []],
            [50, []],
            [45, []]
        ]
    ],
    [
        [
            [14, [30, 24, 31, 25, 19, 22, 20]]
        ],
        [
            [6, [8, 10, 9]]
        ],
        [
            [16, [23, 16, 21]]
        ],
        [
            [15, [15]]
        ],
        [
            [28, [28, 29]]
        ],
        [
            [33, [34, 35, 32, 36, 27, 26, 33]]
        ],
        [
            [47, [43, 44, 48, 39, 41, 47]]
        ],
        [
            [11, [42]]
        ],
        [
            [40, [49, 46, 50, 45, 40, 38, 37]]
        ]
    ]
]",,,652.342236608381,0,9,4.111111111111111,,,,,results/sol_best_R101_2.5.dat_A8_L60_pid2748.txt,(not found),R101_2.5.dat_A8_L60_r3.log
95,test_data/data_demand_random_50_batch_all1_equal_random/R101_2.5.dat,8.0,90.0,1,1523.43,"[
    [
        [
            [0, [6, 3]],
            [12, [12]],
            [7, [8, 7]],
            [6, [16, 15, 14, 17]],
            [3, []],
            [16, []],
            [15, []],
            [14, []],
            [19, [19]],
            [17, []],
            [22, [21, 22]],
            [31, [31, 25, 26, 28, 29]],
            [25, []],
            [33, [33, 34, 35, 32, 36]],
            [26, []],
            [28, []],
            [29, []],
            [21, []],
            [34, []],
            [35, []],
            [8, [43, 44, 48, 47, 39, 41]],
            [39, []],
            [41, []],
            [43, []],
            [44, []],
            [32, []],
            [48, []],
            [47, []],
            [36, []]
        ],
        [
            [0, [13, 23, 11, 18, 4, 10, 9, 2, 20, 5, 1]],
            [13, []],
            [23, []],
            [11, []],
            [18, [27, 30, 24]],
            [27, []],
            [4, []],
            [10, [42, 40, 38, 37]],
            [9, []],
            [2, []],
            [30, []],
            [24, []],
            [20, [49, 46, 50, 45]],
            [40, []],
            [49, []],
            [38, []],
            [37, []],
            [5, []],
            [42, []],
            [46, []],
            [50, []],
            [45, []],
            [1, []]
        ]
    ],
    [
        [
            [18, [27, 30, 24]]
        ],
        [
            [12, [12]]
        ],
        [
            [7, [8, 7]]
        ],
        [
            [6, [16, 15, 14, 17]]
        ],
        [
            [19, [19]]
        ],
        [
            [22, [21, 22]]
        ],
        [
            [31, [31, 25, 26, 28, 29]]
        ],
        [
            [33, [33, 34, 35, 32, 36]]
        ],
        [
            [8, [43, 44, 48, 47, 39, 41]]
        ],
        [
            [10, [42, 40, 38, 37]]
        ],
        [
            [20, [49, 46, 50, 45]]
        ]
    ]
]",,,621.0620398840549,0,11,3.3636363636363638,,,,,results/sol_best_R101_2.5.dat_A8_L90_pid2668.txt,(not found),R101_2.5.dat_A8_L90_r1.log
95,test_data/data_demand_random_50_batch_all1_equal_random/R101_2.5.dat,8.0,90.0,2,1479.21,"[
    [
        [
            [0, [3, 6, 1, 5, 7, 4]],
            [3, []],
            [6, []],
            [1, []],
            [11, [11]],
            [5, []],
            [7, [12, 8, 10]],
            [12, []],
            [17, [17]],
            [8, []],
            [21, [18, 13, 15, 21]],
            [10, []],
            [4, []],
            [29, [29]],
            [28, [28, 26]],
            [27, [19, 27]],
            [26, []],
            [18, []],
            [19, [34, 35, 32, 36, 25]],
            [13, []],
            [25, []],
            [37, [37]],
            [15, [39, 41]],
            [36, []],
            [47, [43, 44, 48, 47]],
            [34, []],
            [35, []],
            [48, []],
            [39, []],
            [32, []],
            [41, []],
            [43, []],
            [44, []]
        ],
        [
            [0, [9, 16, 2, 31, 22, 24, 30, 20, 23, 14]],
            [9, []],
            [16, []],
            [2, []],
            [31, []],
            [22, []],
            [24, [40, 38, 42, 33]],
            [30, []],
            [20, [49, 46, 50, 45]],
            [40, []],
            [49, []],
            [38, []],
            [23, []],
            [14, []],
            [46, []],
            [50, []],
            [45, []],
            [33, []],
            [42, []]
        ]
    ],
    [
        [
            [11, [11]]
        ],
        [
            [7, [12, 8, 10]]
        ],
        [
            [17, [17]]
        ],
        [
            [21, [18, 13, 15, 21]]
        ],
        [
            [29, [29]]
        ],
        [
            [28, [28, 26]]
        ],
        [
            [27, [19, 27]]
        ],
        [
            [19, [34, 35, 32, 36, 25]]
        ],
        [
            [37, [37]]
        ],
        [
            [15, [39, 41]]
        ],
        [
            [47, [43, 44, 48, 47]]
        ],
        [
            [24, [40, 38, 42, 33]]
        ],
        [
            [20, [49, 46, 50, 45]]
        ]
    ]
]",,,682.7105993422101,0,13,2.6153846153846154,,,,,results/sol_best_R101_2.5.dat_A8_L90_pid2670.txt,(not found),R101_2.5.dat_A8_L90_r2.log
95,test_data/data_demand_random_50_batch_all1_equal_random/R101_2.5.dat,8.0,90.0,3,1518.23,"[
    [
        [
            [0, [1, 4, 3, 10, 5, 8]],
            [1, [18, 14, 15]],
            [4, []],
            [16, [16]],
            [15, []],
            [14, []],
            [18, []],
            [3, [21, 23]],
            [10, []],
            [21, []],
            [29, [28, 26, 27, 29]],
            [27, []],
            [26, []],
            [28, []],
            [23, [34, 35, 32, 36]],
            [5, [39, 41]],
            [32, []],
            [34, []],
            [8, [43, 44, 48, 47]],
            [39, []],
            [41, []],
            [43, []],
            [44, []],
            [48, []],
            [35, []],
            [47, []],
            [36, []]
        ],
        [
            [0, [11, 2, 13, 7, 9, 17, 12]],
            [11, []],
            [2, []],
            [6, [6]],
            [13, []],
            [7, []],
            [9, []],
            [30, [30, 24, 25, 31, 20, 22, 19]],
            [24, []],
            [25, []],
            [31, []],
            [22, []],
            [17, []],
            [20, [40, 38, 37, 33, 42]],
            [12, [49, 46, 50, 45]],
            [40, []],
            [49, []],
            [38, []],
            [37, []],
            [19, []],
            [46, []],
            [50, []],
            [45, []],
            [33, []],
            [42, []]
        ]
    ],
    [
        [
            [6, [6]]
        ],
        [
            [1, [18, 14, 15]]
        ],
        [
            [16, [16]]
        ],
        [
            [30, [30, 24, 25, 31, 20, 22, 19]]
        ],
        [
            [3, [21, 23]]
        ],
        [
            [29, [28, 26, 27, 29]]
        ],
        [
            [23, [34, 35, 32, 36]]
        ],
        [
            [5, [39, 41]]
        ],
        [
            [8, [43, 44, 48, 47]]
        ],
        [
            [20, [40, 38, 37, 33, 42]]
        ],
        [
            [12, [49, 46, 50, 45]]
        ]
    ]
]",,,673.7287441080539,0,11,3.3636363636363638,,,,,results/sol_best_R101_2.5.dat_A8_L90_pid2671.txt,(not found),R101_2.5.dat_A8_L90_r3.log
96,test_data/data_demand_random_50_batch_all1_equal_random/R101_2.5.dat,8.0,120.0,1,1434.5,"[
    [
        [
            [0, [8, 2, 11, 6, 3, 1, 5]],
            [8, [16, 15, 13]],
            [2, [23, 19, 21]],
            [11, []],
            [16, []],
            [6, []],
            [3, []],
            [1, []],
            [28, [28, 26]],
            [26, []],
            [18, [18]],
            [13, [34, 35, 32, 36, 29]],
            [19, []],
            [23, []],
            [15, []],
            [5, [39, 41]],
            [36, []],
            [29, []],
            [21, []],
            [47, [43, 44, 48, 47]],
            [34, []],
            [35, []],
            [48, []],
            [39, []],
            [32, []],
            [41, []],
            [43, []],
            [44, []]
        ],
        [
            [0, [4, 10, 9, 24, 30, 17, 7, 31, 25, 20, 22, 12, 14, 27]],
            [4, []],
            [10, []],
            [9, []],
            [24, []],
            [30, []],
            [17, []],
            [7, []],
            [31, []],
            [25, []],
            [20, [42, 40, 38, 37, 33]],
            [22, []],
            [12, []],
            [40, [49, 46, 50, 45]],
            [49, []],
            [38, []],
            [37, []],
            [14, []],
            [46, []],
            [50, []],
            [27, []],
            [45, []],
            [33, []],
            [42, []]
        ]
    ],
    [
        [
            [8, [16, 15, 13]]
        ],
        [
            [2, [23, 19, 21]]
        ],
        [
            [28, [28, 26]]
        ],
        [
            [18, [18]]
        ],
        [
            [13, [34, 35, 32, 36, 29]]
        ],
        [
            [5, [39, 41]]
        ],
        [
            [47, [43, 44, 48, 47]]
        ],
        [
            [20, [42, 40, 38, 37, 33]]
        ],
        [
            [40, [49, 46, 50, 45]]
        ]
    ]
]",,,737.6853568920222,0,9,3.2222222222222223,,,,,results/sol_best_R101_2.5.dat_A8_L120_pid2748.txt,(not found),R101_2.5.dat_A8_L120_r1.log
96,test_data/data_demand_random_50_batch_all1_equal_random/R101_2.5.dat,8.0,120.0,2,1502.89,"[
    [
        [
            [0, [15, 5, 6, 3, 16, 1, 18, 8]],
            [9, [9]],
            [2, [2]],
            [15, []],
            [23, [23, 19]],
            [19, []],
            [14, [21, 14]],
            [5, [27, 26, 28, 29]],
            [6, []],
            [3, []],
            [16, []],
            [1, []],
            [18, [34, 35, 32, 36]],
            [26, []],
            [27, []],
            [28, []],
            [29, []],
            [21, []],
            [34, []],
            [8, []],
            [35, [43, 44, 48, 47, 39, 41]],
            [32, []],
            [44, []],
            [43, []],
            [41, []],
            [39, []],
            [48, []],
            [47, []],
            [36, []]
        ],
        [
            [0, [13, 11, 7, 4, 10, 17, 22, 20, 12]],
            [13, []],
            [31, [31]],
            [11, []],
            [7, []],
            [25, [25, 30, 24, 33]],
            [33, []],
            [4, []],
            [10, [42, 40, 38, 37]],
            [30, []],
            [24, []],
            [17, []],
            [22, []],
            [20, [49, 46, 50, 45]],
            [12, []],
            [40, []],
            [49, []],
            [38, []],
            [37, []],
            [46, []],
            [50, []],
            [45, []],
            [42, []]
        ]
    ],
    [
        [
            [31, [31]]
        ],
        [
            [9, [9]]
        ],
        [
            [2, [2]]
        ],
        [
            [23, [23, 19]]
        ],
        [
            [14, [21, 14]]
        ],
        [
            [5, [27, 26, 28, 29]]
        ],
        [
            [18, [34, 35, 32, 36]]
        ],
        [
            [25, [25, 30, 24, 33]]
        ],
        [
            [35, [43, 44, 48, 47, 39, 41]]
        ],
        [
            [10, [42, 40, 38, 37]]
        ],
        [
            [20, [49, 46, 50, 45]]
        ]
    ]
]",,,730.029519098815,0,11,3.0,,,,,results/sol_best_R101_2.5.dat_A8_L120_pid2750.txt,(not found),R101_2.5.dat_A8_L120_r2.log
96,test_data/data_demand_random_50_batch_all1_equal_random/R101_2.5.dat,8.0,120.0,3,1487.21,"[
    [
        [
            [0, [5, 1, 6]],
            [4, [4]],
            [5, [8]],
            [1, []],
            [2, [9, 2]],
            [9, []],
            [11, [11]],
            [14, [14, 18]],
            [19, [19]],
            [23, [23]],
            [18, [27, 26, 28, 29]],
            [27, [21, 15, 16, 3]],
            [26, []],
            [16, []],
            [6, []],
            [15, []],
            [3, [39, 41, 34, 35, 32, 36]],
            [28, []],
            [29, []],
            [21, []],
            [8, []],
            [34, [43, 44, 48, 47]],
            [47, []],
            [35, []],
            [48, []],
            [39, []],
            [41, []],
            [43, []],
            [32, []],
            [44, []],
            [36, []]
        ],
        [
            [0, [31, 25, 13, 7, 10, 24, 30, 17, 22, 20, 12]],
            [31, []],
            [25, []],
            [13, []],
            [7, []],
            [10, [42, 40, 38, 37, 33]],
            [24, []],
            [30, []],
            [17, []],
            [22, []],
            [20, [49, 46, 50, 45]],
            [12, []],
            [40, []],
            [49, []],
            [38, []],
            [37, []],
            [46, []],
            [50, []],
            [45, []],
            [33, []],
            [42, []]
        ]
    ],
    [
        [
            [4, [4]]
        ],
        [
            [5, [8]]
        ],
        [
            [2, [9, 2]]
        ],
        [
            [11, [11]]
        ],
        [
            [14, [14, 18]]
        ],
        [
            [19, [19]]
        ],
        [
            [23, [23]]
        ],
        [
            [18, [27, 26, 28, 29]]
        ],
        [
            [27, [21, 15, 16, 3]]
        ],
        [
            [3, [39, 41, 34, 35, 32, 36]]
        ],
        [
            [10, [42, 40, 38, 37, 33]]
        ],
        [
            [34, [43, 44, 48, 47]]
        ],
        [
            [20, [49, 46, 50, 45]]
        ]
    ]
]",,,556.1946700677116,0,13,2.769230769230769,,,,,results/sol_best_R101_2.5.dat_A8_L120_pid2751.txt,(not found),R101_2.5.dat_A8_L120_r3.log
97,test_data/data_demand_random_50_batch_all1_equal_random/R101_2.dat,4.0,60.0,1,1464.97,"[
    [
        [
            [0, [36, 41, 9, 1, 26, 21, 7, 18, 35, 34, 32]],
            [36, []],
            [41, []],
            [9, []],
            [1, [47, 48, 44, 45]],
            [26, []],
            [21, []],
            [47, []],
            [7, []],
            [18, []],
            [44, []],
            [35, []],
            [34, []],
            [45, []],
            [32, []],
            [48, []]
        ],
        [
            [0, [5, 4, 3, 2]],
            [5, []],
            [8, [8, 6, 11, 10]],
            [4, []],
            [13, [13, 17, 12, 14]],
            [6, [16, 22]],
            [14, []],
            [22, []],
            [16, []],
            [15, [15]],
            [23, [23, 29, 30]],
            [25, [19, 25]],
            [17, [24, 28]],
            [31, [31, 37, 33, 38]],
            [27, [20, 27]],
            [3, [39, 40, 42]],
            [24, []],
            [11, []],
            [20, []],
            [12, []],
            [19, [50, 49, 46, 43]],
            [29, []],
            [28, []],
            [30, []],
            [37, []],
            [39, []],
            [10, []],
            [2, []],
            [40, []],
            [33, []],
            [42, []],
            [46, []],
            [43, []],
            [50, []],
            [38, []],
            [49, []]
        ]
    ],
    [
        [
            [1, [47, 48, 44, 45]]
        ],
        [
            [8, [8, 6, 11, 10]]
        ],
        [
            [13, [13, 17, 12, 14]]
        ],
        [
            [6, [16, 22]]
        ],
        [
            [15, [15]]
        ],
        [
            [23, [23, 29, 30]]
        ],
        [
            [25, [19, 25]]
        ],
        [
            [17, [24, 28]]
        ],
        [
            [31, [31, 37, 33, 38]]
        ],
        [
            [27, [20, 27]]
        ],
        [
            [3, [39, 40, 42]]
        ],
        [
            [19, [50, 49, 46, 43]]
        ]
    ]
]",,,541.0986131413839,0,12,2.9166666666666665,,,,,results/sol_best_R101_2.dat_A4_L60_pid2858.txt,(not found),R101_2.dat_A4_L60_r1.log
97,test_data/data_demand_random_50_batch_all1_equal_random/R101_2.dat,4.0,60.0,2,1432.97,"[
    [
        [
            [0, [8, 43, 41, 14, 6, 1, 35, 34, 45, 32, 27]],
            [8, []],
            [43, []],
            [41, []],
            [14, []],
            [6, []],
            [1, [48, 37, 44, 18]],
            [37, []],
            [18, []],
            [44, []],
            [35, []],
            [34, []],
            [45, []],
            [32, []],
            [48, []],
            [27, []]
        ],
        [
            [0, [4, 5, 9, 11, 3, 10, 2]],
            [4, []],
            [5, [13, 12]],
            [13, []],
            [17, [16, 19, 17]],
            [15, [15]],
            [21, [21, 22, 20]],
            [9, []],
            [23, [23]],
            [25, [24, 28, 26, 25]],
            [31, [31, 29, 30]],
            [36, [36, 33, 38]],
            [22, []],
            [16, []],
            [24, []],
            [11, []],
            [20, []],
            [3, [39, 40, 42, 7]],
            [19, [50, 49, 46, 47]],
            [12, []],
            [29, []],
            [28, []],
            [30, []],
            [7, []],
            [39, []],
            [47, []],
            [10, []],
            [2, []],
            [40, []],
            [33, []],
            [26, []],
            [42, []],
            [46, []],
            [50, []],
            [38, []],
            [49, []]
        ]
    ],
    [
        [
            [1, [48, 37, 44, 18]]
        ],
        [
            [5, [13, 12]]
        ],
        [
            [17, [16, 19, 17]]
        ],
        [
            [15, [15]]
        ],
        [
            [21, [21, 22, 20]]
        ],
        [
            [23, [23]]
        ],
        [
            [25, [24, 28, 26, 25]]
        ],
        [
            [31, [31, 29, 30]]
        ],
        [
            [36, [36, 33, 38]]
        ],
        [
            [3, [39, 40, 42, 7]]
        ],
        [
            [19, [50, 49, 46, 47]]
        ]
    ]
]",,,511.24628007057765,0,11,2.909090909090909,,,,,results/sol_best_R101_2.dat_A4_L60_pid2860.txt,(not found),R101_2.dat_A4_L60_r2.log
97,test_data/data_demand_random_50_batch_all1_equal_random/R101_2.dat,4.0,60.0,3,1377.97,"[
    [
        [
            [0, [10, 2, 18, 3, 12, 5, 17, 14, 6, 1, 9, 4, 13]],
            [10, [20]],
            [2, []],
            [18, []],
            [20, [20]],
            [3, [29, 31, 25, 27]],
            [12, []],
            [29, []],
            [35, [35]],
            [5, [34, 33, 38]],
            [25, []],
            [17, []],
            [31, [44, 45, 41]],
            [41, []],
            [14, []],
            [6, []],
            [1, [47, 48]],
            [9, []],
            [33, []],
            [38, []],
            [4, []],
            [47, []],
            [44, []],
            [34, []],
            [13, []],
            [45, []],
            [48, []],
            [27, []]
        ],
        [
            [0, [16, 22, 15, 23, 8, 11, 19, 7, 21]],
            [16, []],
            [22, []],
            [15, [24, 28, 26]],
            [23, []],
            [8, []],
            [36, [36, 37, 32, 30]],
            [11, []],
            [24, [24, 24]],
            [32, []],
            [19, [50, 49, 46, 43]],
            [39, [39, 40, 42]],
            [7, []],
            [28, [28, 28]],
            [30, []],
            [37, []],
            [40, []],
            [21, []],
            [26, [26, 26]],
            [42, []],
            [46, []],
            [43, []],
            [50, []],
            [49, []]
        ]
    ],
    [
        [
            [10, [20]]
        ],
        [
            [15, [24, 28, 26]]
        ],
        [
            [36, [36, 37, 32, 30]]
        ],
        [
            [3, [29, 31, 25, 27]]
        ],
        [
            [35, [35]]
        ],
        [
            [5, [34, 33, 38]]
        ],
        [
            [31, [44, 45, 41]]
        ],
        [
            [1, [47, 48]]
        ],
        [
            [19, [50, 49, 46, 43]]
        ],
        [
            [39, [39, 40, 42]]
        ]
    ]
]",,,667.7596210707985,0,10,2.8,,,,,results/sol_best_R101_2.dat_A4_L60_pid2861.txt,(not found),R101_2.dat_A4_L60_r3.log
98,test_data/data_demand_random_50_batch_all1_equal_random/R101_2.dat,4.0,90.0,1,1429.32,"[
    [
        [
            [0, [27, 36, 16, 22, 14, 6, 8, 25, 34, 35, 13, 32]],
            [27, []],
            [36, [41]],
            [16, []],
            [22, []],
            [14, []],
            [41, [41, 41, 41, 41, 41, 41, 41, 41, 41]],
            [6, []],
            [8, [47, 48, 44, 45]],
            [25, []],
            [34, []],
            [35, []],
            [44, []],
            [47, []],
            [13, []],
            [45, []],
            [32, []],
            [48, []]
        ],
        [
            [0, [5, 1, 4, 2, 3]],
            [5, []],
            [1, []],
            [9, [9]],
            [4, [11, 10, 7]],
            [2, []],
            [7, []],
            [18, [18, 15]],
            [10, [17, 19, 12]],
            [26, [26, 24, 28, 21]],
            [21, []],
            [23, [23]],
            [15, []],
            [31, [31, 20]],
            [17, [37, 33, 38]],
            [20, []],
            [11, []],
            [24, [39, 40, 42]],
            [3, []],
            [19, [46, 43, 29, 30]],
            [43, []],
            [12, [50, 49]],
            [29, []],
            [28, []],
            [30, []],
            [39, []],
            [37, []],
            [40, []],
            [33, []],
            [42, []],
            [46, []],
            [50, []],
            [38, []],
            [49, []]
        ]
    ],
    [
        [
            [36, [41]]
        ],
        [
            [9, [9]]
        ],
        [
            [4, [11, 10, 7]]
        ],
        [
            [18, [18, 15]]
        ],
        [
            [10, [17, 19, 12]]
        ],
        [
            [26, [26, 24, 28, 21]]
        ],
        [
            [23, [23]]
        ],
        [
            [31, [31, 20]]
        ],
        [
            [17, [37, 33, 38]]
        ],
        [
            [24, [39, 40, 42]]
        ],
        [
            [19, [46, 43, 29, 30]]
        ],
        [
            [8, [47, 48, 44, 45]]
        ],
        [
            [12, [50, 49]]
        ]
    ]
]",,,555.8827968157253,0,13,2.5384615384615383,,,,,results/sol_best_R101_2.dat_A4_L90_pid2661.txt,(not found),R101_2.dat_A4_L90_r1.log
98,test_data/data_demand_random_50_batch_all1_equal_random/R101_2.dat,4.0,90.0,2,1375.62,"[
    [
        [
            [0, [23, 8, 6, 14, 41, 1, 9, 26, 21, 4, 35, 34, 25, 32]],
            [23, []],
            [8, []],
            [6, []],
            [14, []],
            [41, []],
            [1, [47, 48, 44, 45]],
            [9, []],
            [26, []],
            [21, []],
            [4, []],
            [47, []],
            [44, []],
            [35, []],
            [34, []],
            [25, []],
            [45, []],
            [32, []],
            [48, []]
        ],
        [
            [0, [2, 5, 3]],
            [2, [10, 7, 11]],
            [5, [13, 15, 12]],
            [10, [10]],
            [7, [7]],
            [18, [16, 17, 18]],
            [13, [19, 22, 20]],
            [19, []],
            [3, []],
            [24, [24]],
            [11, [27, 28]],
            [20, []],
            [27, []],
            [17, []],
            [15, [29, 30, 31]],
            [22, [36, 37, 33, 38]],
            [16, []],
            [36, [39, 40, 42]],
            [43, [43, 46]],
            [31, []],
            [12, [50, 49]],
            [29, []],
            [28, []],
            [30, []],
            [39, []],
            [37, []],
            [40, []],
            [33, []],
            [42, []],
            [46, []],
            [50, []],
            [38, []],
            [49, []]
        ]
    ],
    [
        [
            [2, [10, 7, 11]]
        ],
        [
            [5, [13, 15, 12]]
        ],
        [
            [18, [16, 17, 18]]
        ],
        [
            [13, [19, 22, 20]]
        ],
        [
            [24, [24]]
        ],
        [
            [11, [27, 28]]
        ],
        [
            [15, [29, 30, 31]]
        ],
        [
            [22, [36, 37, 33, 38]]
        ],
        [
            [36, [39, 40, 42]]
        ],
        [
            [43, [43, 46]]
        ],
        [
            [1, [47, 48, 44, 45]]
        ],
        [
            [12, [50, 49]]
        ]
    ]
]",,,509.35456698492425,0,12,2.75,,,,,results/sol_best_R101_2.dat_A4_L90_pid2663.txt,(not found),R101_2.dat_A4_L90_r2.log
98,test_data/data_demand_random_50_batch_all1_equal_random/R101_2.dat,4.0,90.0,3,1445.5,"[
    [
        [
            [0, [15, 8, 5, 18, 7, 4, 1, 9, 6, 14, 22, 16, 17, 25, 13, 27]],
            [15, []],
            [8, [31, 32]],
            [5, [35, 34]],
            [18, []],
            [7, []],
            [39, [39, 41]],
            [10, [10]],
            [2, [2]],
            [4, []],
            [1, [47, 48, 44, 45]],
            [9, []],
            [6, []],
            [41, []],
            [14, []],
            [22, []],
            [16, []],
            [31, [31]],
            [17, []],
            [25, []],
            [47, []],
            [44, []],
            [35, []],
            [34, []],
            [13, []],
            [45, []],
            [32, [32]],
            [48, []],
            [27, []]
        ],
        [
            [0, [23, 11, 24, 19, 3, 20, 12, 29, 28, 30, 26, 21]],
            [23, []],
            [36, [36, 37, 33, 38]],
            [11, []],
            [24, []],
            [19, [46, 43, 40, 42]],
            [3, []],
            [20, []],
            [12, [50, 49]],
            [29, []],
            [28, []],
            [30, []],
            [37, [37, 37, 37, 37]],
            [40, []],
            [33, [33, 33, 33, 33]],
            [46, []],
            [42, []],
            [26, []],
            [21, []],
            [50, []],
            [38, [38, 38, 38, 38]],
            [49, []],
            [43, []]
        ]
    ],
    [
        [
            [8, [31, 32]]
        ],
        [
            [36, [36, 37, 33, 38]]
        ],
        [
            [5, [35, 34]]
        ],
        [
            [39, [39, 41]]
        ],
        [
            [10, [10]]
        ],
        [
            [2, [2]]
        ],
        [
            [19, [46, 43, 40, 42]]
        ],
        [
            [1, [47, 48, 44, 45]]
        ],
        [
            [12, [50, 49]]
        ]
    ]
]",,,707.7510147371837,0,9,2.4444444444444446,,,,,results/sol_best_R101_2.dat_A4_L90_pid2664.txt,(not found),R101_2.dat_A4_L90_r3.log
99,test_data/data_demand_random_50_batch_all1_equal_random/R101_2.dat,4.0,120.0,1,1395.62,"[
    [
        [
            [0, [25, 16, 14, 22, 34, 35, 23]],
            [25, []],
            [41, [41]],
            [16, []],
            [14, []],
            [22, [47, 48, 44, 45]],
            [48, []],
            [45, []],
            [34, []],
            [35, []],
            [44, []],
            [47, []],
            [23, []]
        ],
        [
            [0, [8, 1, 9, 6, 4, 2, 10, 7, 5, 3, 11]],
            [8, []],
            [1, []],
            [9, []],
            [6, []],
            [15, [15, 13, 17, 18]],
            [17, []],
            [4, []],
            [2, []],
            [10, []],
            [7, []],
            [18, [20, 21]],
            [5, [12, 19]],
            [13, []],
            [19, []],
            [3, [24, 28, 26, 32]],
            [20, []],
            [11, []],
            [24, [36, 37, 33, 38]],
            [32, []],
            [27, [27]],
            [36, [39, 40, 42]],
            [43, [43, 46]],
            [31, [31, 29, 30]],
            [12, [50, 49]],
            [29, []],
            [28, []],
            [30, []],
            [39, []],
            [37, []],
            [40, []],
            [33, []],
            [46, []],
            [42, []],
            [26, []],
            [21, []],
            [50, []],
            [38, []],
            [49, []]
        ]
    ],
    [
        [
            [41, [41]]
        ],
        [
            [15, [15, 13, 17, 18]]
        ],
        [
            [18, [20, 21]]
        ],
        [
            [5, [12, 19]]
        ],
        [
            [3, [24, 28, 26, 32]]
        ],
        [
            [24, [36, 37, 33, 38]]
        ],
        [
            [27, [27]]
        ],
        [
            [36, [39, 40, 42]]
        ],
        [
            [43, [43, 46]]
        ],
        [
            [31, [31, 29, 30]]
        ],
        [
            [22, [47, 48, 44, 45]]
        ],
        [
            [12, [50, 49]]
        ]
    ]
]",,,661.4334860197714,0,12,2.6666666666666665,,,,,results/sol_best_R101_2.dat_A4_L120_pid2732.txt,(not found),R101_2.dat_A4_L120_r1.log
99,test_data/data_demand_random_50_batch_all1_equal_random/R101_2.dat,4.0,120.0,2,1491.62,"[
    [
        [
            [0, [11, 4, 1, 9, 6, 8, 5]],
            [11, [14, 13]],
            [18, [18, 17, 16, 19]],
            [17, [24, 25, 27]],
            [16, [20, 22, 23]],
            [31, [31, 32]],
            [19, [36, 35, 34]],
            [20, []],
            [24, []],
            [25, []],
            [4, [44, 45, 41]],
            [1, [47, 48]],
            [9, []],
            [14, [14]],
            [36, []],
            [22, []],
            [41, []],
            [6, []],
            [8, []],
            [23, []],
            [5, []],
            [47, []],
            [44, []],
            [35, []],
            [34, []],
            [13, [13]],
            [45, []],
            [32, []],
            [48, []],
            [27, []]
        ],
        [
            [0, [15, 29, 3, 12, 28, 30, 37, 7, 10, 2, 33, 26, 21, 38]],
            [15, []],
            [29, [39, 40, 42]],
            [3, [46, 43]],
            [12, [50, 49]],
            [28, []],
            [30, []],
            [37, []],
            [7, []],
            [39, [39]],
            [10, []],
            [2, []],
            [40, [40]],
            [33, []],
            [46, []],
            [42, [42]],
            [26, []],
            [21, []],
            [50, []],
            [38, []],
            [49, []],
            [43, []]
        ]
    ],
    [
        [
            [29, [39, 40, 42]]
        ],
        [
            [11, [14, 13]]
        ],
        [
            [18, [18, 17, 16, 19]]
        ],
        [
            [17, [24, 25, 27]]
        ],
        [
            [16, [20, 22, 23]]
        ],
        [
            [31, [31, 32]]
        ],
        [
            [19, [36, 35, 34]]
        ],
        [
            [4, [44, 45, 41]]
        ],
        [
            [3, [46, 43]]
        ],
        [
            [1, [47, 48]]
        ],
        [
            [12, [50, 49]]
        ]
    ]
]",,,620.5233424672828,0,11,2.6363636363636362,,,,,results/sol_best_R101_2.dat_A4_L120_pid2734.txt,(not found),R101_2.dat_A4_L120_r2.log
99,test_data/data_demand_random_50_batch_all1_equal_random/R101_2.dat,4.0,120.0,3,1411.62,"[
    [
        [
            [0, [9, 2, 10, 7, 5, 11, 4, 1, 8, 6]],
            [9, []],
            [2, []],
            [10, []],
            [7, [19, 16, 17, 18]],
            [18, []],
            [5, [14, 15, 13]],
            [13, []],
            [19, [24, 25, 27]],
            [11, [20, 22, 23]],
            [20, [31, 32]],
            [24, []],
            [16, []],
            [22, []],
            [14, []],
            [36, [36, 35, 34]],
            [15, []],
            [23, []],
            [4, [44, 45, 41]],
            [1, [47, 48]],
            [8, []],
            [6, []],
            [41, []],
            [31, []],
            [17, []],
            [25, []],
            [47, []],
            [44, []],
            [35, []],
            [34, []],
            [45, []],
            [32, []],
            [48, []],
            [27, []]
        ],
        [
            [0, [38, 3, 12, 29, 28, 30, 37, 33, 26, 21]],
            [38, []],
            [39, [39, 40, 42]],
            [3, [46, 43]],
            [12, [50, 49]],
            [29, []],
            [28, []],
            [30, []],
            [37, []],
            [40, [40]],
            [33, []],
            [42, [42]],
            [26, []],
            [21, []],
            [50, []],
            [49, []],
            [46, []],
            [43, []]
        ]
    ],
    [
        [
            [7, [19, 16, 17, 18]]
        ],
        [
            [5, [14, 15, 13]]
        ],
        [
            [19, [24, 25, 27]]
        ],
        [
            [11, [20, 22, 23]]
        ],
        [
            [20, [31, 32]]
        ],
        [
            [39, [39, 40, 42]]
        ],
        [
            [36, [36, 35, 34]]
        ],
        [
            [4, [44, 45, 41]]
        ],
        [
            [3, [46, 43]]
        ],
        [
            [12, [50, 49]]
        ],
        [
            [1, [47, 48]]
        ]
    ]
]",,,657.74393106984,0,11,2.727272727272727,,,,,results/sol_best_R101_2.dat_A4_L120_pid2735.txt,(not found),R101_2.dat_A4_L120_r3.log
100,test_data/data_demand_random_50_batch_all1_equal_random/R101_2.dat,8.0,60.0,1,1390.32,"[
    [
        [
            [0, [17, 12, 5, 18, 7, 28, 4, 1, 9, 6, 8, 25, 13, 27]],
            [17, [29, 30, 32]],
            [12, []],
            [29, [29]],
            [5, [37]],
            [18, []],
            [7, []],
            [28, []],
            [30, [30]],
            [37, []],
            [4, [44, 45, 41, 35, 34]],
            [1, [47, 48]],
            [9, []],
            [6, []],
            [41, []],
            [8, []],
            [25, []],
            [47, []],
            [44, []],
            [35, []],
            [34, []],
            [13, []],
            [45, []],
            [32, [32]],
            [48, []],
            [27, []]
        ],
        [
            [0, [22, 16, 24, 11, 20, 3, 19, 10, 2, 26, 21, 23, 15]],
            [31, [14, 31]],
            [14, []],
            [22, []],
            [36, [36, 33, 38]],
            [16, []],
            [24, []],
            [11, []],
            [20, []],
            [3, []],
            [19, [50, 49, 46, 43, 39, 40, 42]],
            [39, []],
            [10, []],
            [2, []],
            [40, []],
            [33, []],
            [46, []],
            [42, []],
            [26, []],
            [21, []],
            [50, []],
            [38, []],
            [49, []],
            [23, []],
            [15, []],
            [43, []]
        ]
    ],
    [
        [
            [17, [29, 30, 32]]
        ],
        [
            [31, [14, 31]]
        ],
        [
            [5, [37]]
        ],
        [
            [36, [36, 33, 38]]
        ],
        [
            [4, [44, 45, 41, 35, 34]]
        ],
        [
            [19, [50, 49, 46, 43, 39, 40, 42]]
        ],
        [
            [1, [47, 48]]
        ]
    ]
]",,,656.3208847173845,0,7,3.2857142857142856,,,,,results/sol_best_R101_2.dat_A8_L60_pid2693.txt,(not found),R101_2.dat_A8_L60_r1.log
100,test_data/data_demand_random_50_batch_all1_equal_random/R101_2.dat,8.0,60.0,2,1242.86,"[
    [
        [
            [0, [2, 5, 4, 1]],
            [2, []],
            [10, [10]],
            [5, [7, 8, 6]],
            [7, []],
            [4, [14, 15, 18]],
            [18, []],
            [19, [19, 17, 16, 22, 23, 21]],
            [17, []],
            [16, []],
            [14, []],
            [22, []],
            [36, [36, 35, 34, 31, 32, 26, 27, 25]],
            [15, []],
            [23, []],
            [8, []],
            [21, []],
            [26, []],
            [1, []],
            [6, [47, 48, 44, 45, 41]],
            [41, []],
            [31, []],
            [27, []],
            [48, []],
            [32, []],
            [45, []],
            [34, []],
            [35, []],
            [44, []],
            [47, []],
            [25, []]
        ],
        [
            [0, [13, 20, 11, 24, 3, 12, 28]],
            [13, []],
            [20, []],
            [11, []],
            [24, []],
            [3, [37, 33, 38, 29, 30]],
            [12, []],
            [29, []],
            [28, []],
            [30, []],
            [39, [39, 40, 42, 43]],
            [37, []],
            [40, []],
            [38, [50, 49]],
            [49, []],
            [50, [9, 46]],
            [42, []],
            [33, []],
            [9, []],
            [46, []],
            [43, []]
        ]
    ],
    [
        [
            [10, [10]]
        ],
        [
            [5, [7, 8, 6]]
        ],
        [
            [4, [14, 15, 18]]
        ],
        [
            [19, [19, 17, 16, 22, 23, 21]]
        ],
        [
            [36, [36, 35, 34, 31, 32, 26, 27, 25]]
        ],
        [
            [3, [37, 33, 38, 29, 30]]
        ],
        [
            [6, [47, 48, 44, 45, 41]]
        ],
        [
            [39, [39, 40, 42, 43]]
        ],
        [
            [38, [50, 49]]
        ],
        [
            [50, [9, 46]]
        ]
    ]
]",,,576.2747195040909,0,10,3.9,,,,,results/sol_best_R101_2.dat_A8_L60_pid2695.txt,(not found),R101_2.dat_A8_L60_r2.log
100,test_data/data_demand_random_50_batch_all1_equal_random/R101_2.dat,8.0,60.0,3,1352.97,"[
    [
        [
            [0, [21, 26, 22, 16, 8, 32, 18, 13]],
            [21, []],
            [26, []],
            [22, []],
            [16, []],
            [8, [47, 48, 44, 45, 41, 36, 35, 34]],
            [41, []],
            [36, []],
            [45, []],
            [48, []],
            [32, []],
            [34, []],
            [35, []],
            [44, []],
            [18, []],
            [47, []],
            [13, []]
        ],
        [
            [0, [2, 4, 3, 5, 1]],
            [2, []],
            [10, [10, 9, 11, 7]],
            [4, [15, 12, 14]],
            [9, []],
            [14, []],
            [6, [6]],
            [17, [17, 19]],
            [15, [23, 20]],
            [23, []],
            [25, [29, 30, 25, 24, 28, 31, 27]],
            [29, []],
            [12, []],
            [20, []],
            [11, []],
            [24, []],
            [3, [39, 40, 42, 37, 33, 38]],
            [27, []],
            [31, []],
            [43, [43]],
            [19, [50, 49, 46]],
            [5, []],
            [39, []],
            [7, []],
            [28, []],
            [30, []],
            [37, []],
            [40, []],
            [33, []],
            [42, []],
            [46, []],
            [1, []],
            [50, []],
            [38, []],
            [49, []]
        ]
    ],
    [
        [
            [8, [47, 48, 44, 45, 41, 36, 35, 34]]
        ],
        [
            [10, [10, 9, 11, 7]]
        ],
        [
            [4, [15, 12, 14]]
        ],
        [
            [6, [6]]
        ],
        [
            [17, [17, 19]]
        ],
        [
            [15, [23, 20]]
        ],
        [
            [25, [29, 30, 25, 24, 28, 31, 27]]
        ],
        [
            [3, [39, 40, 42, 37, 33, 38]]
        ],
        [
            [43, [43]]
        ],
        [
            [19, [50, 49, 46]]
        ]
    ]
]",,,471.91839883168916,0,10,3.7,,,,,results/sol_best_R101_2.dat_A8_L60_pid2696.txt,(not found),R101_2.dat_A8_L60_r3.log
101,test_data/data_demand_random_50_batch_all1_equal_random/R101_2.dat,8.0,90.0,1,1327.89,"[
    [
        [
            [0, [3, 1]],
            [3, [8, 11, 6]],
            [15, [15]],
            [8, []],
            [16, [16, 17, 19, 14, 13]],
            [11, [20, 22, 23, 21]],
            [20, []],
            [27, [27]],
            [17, []],
            [31, [31, 32]],
            [6, []],
            [36, [35, 34, 36]],
            [22, []],
            [1, []],
            [21, []],
            [26, [44, 45, 43, 26, 41, 42]],
            [42, []],
            [14, [47, 48]],
            [41, []],
            [43, []],
            [23, []],
            [47, []],
            [44, []],
            [35, []],
            [34, []],
            [13, []],
            [19, []],
            [45, []],
            [32, []],
            [48, []]
        ],
        [
            [0, [25, 10, 4, 7, 28, 5, 24, 12, 18, 2, 9]],
            [25, []],
            [10, []],
            [4, [30, 29]],
            [7, []],
            [30, [30]],
            [28, []],
            [29, [29]],
            [5, []],
            [24, []],
            [12, [50, 49, 46, 39, 40]],
            [18, [37, 33, 38]],
            [39, []],
            [37, []],
            [2, []],
            [40, []],
            [33, []],
            [46, []],
            [9, []],
            [50, []],
            [38, []],
            [49, []]
        ]
    ],
    [
        [
            [4, [30, 29]]
        ],
        [
            [3, [8, 11, 6]]
        ],
        [
            [15, [15]]
        ],
        [
            [16, [16, 17, 19, 14, 13]]
        ],
        [
            [11, [20, 22, 23, 21]]
        ],
        [
            [27, [27]]
        ],
        [
            [31, [31, 32]]
        ],
        [
            [36, [35, 34, 36]]
        ],
        [
            [26, [44, 45, 43, 26, 41, 42]]
        ],
        [
            [14, [47, 48]]
        ],
        [
            [12, [50, 49, 46, 39, 40]]
        ],
        [
            [18, [37, 33, 38]]
        ]
    ]
]",,,536.9244034653062,0,12,3.0833333333333335,,,,,results/sol_best_R101_2.dat_A8_L90_pid2808.txt,(not found),R101_2.dat_A8_L90_r1.log
101,test_data/data_demand_random_50_batch_all1_equal_random/R101_2.dat,8.0,90.0,2,1415.62,"[
    [
        [
            [0, [2, 10, 5, 7, 14, 6, 9, 1, 8, 4, 13]],
            [2, []],
            [10, []],
            [19, [22, 23, 19, 18, 17, 16]],
            [5, []],
            [18, []],
            [28, [28, 27]],
            [7, []],
            [17, [31, 32, 36]],
            [31, []],
            [36, []],
            [16, []],
            [22, []],
            [14, []],
            [41, [35, 34, 41]],
            [6, []],
            [9, []],
            [1, [47, 48, 44, 45]],
            [8, []],
            [23, []],
            [4, []],
            [47, []],
            [44, []],
            [35, []],
            [34, []],
            [13, []],
            [45, []],
            [32, []],
            [48, []],
            [27, []]
        ],
        [
            [0, [25, 20, 11, 24, 3, 12, 26, 21, 15]],
            [25, []],
            [30, [30, 29]],
            [29, [29]],
            [20, []],
            [11, []],
            [24, [39, 40, 42, 37, 33, 38]],
            [3, [46, 43]],
            [12, [50, 49]],
            [39, []],
            [37, []],
            [40, []],
            [33, []],
            [46, []],
            [42, []],
            [26, []],
            [21, []],
            [50, []],
            [38, []],
            [49, []],
            [15, []],
            [43, []]
        ]
    ],
    [
        [
            [30, [30, 29]]
        ],
        [
            [19, [22, 23, 19, 18, 17, 16]]
        ],
        [
            [28, [28, 27]]
        ],
        [
            [17, [31, 32, 36]]
        ],
        [
            [41, [35, 34, 41]]
        ],
        [
            [24, [39, 40, 42, 37, 33, 38]]
        ],
        [
            [3, [46, 43]]
        ],
        [
            [1, [47, 48, 44, 45]]
        ],
        [
            [12, [50, 49]]
        ]
    ]
]",,,678.9428237996667,0,9,3.3333333333333335,,,,,results/sol_best_R101_2.dat_A8_L90_pid2810.txt,(not found),R101_2.dat_A8_L90_r2.log
101,test_data/data_demand_random_50_batch_all1_equal_random/R101_2.dat,8.0,90.0,3,1402.4,"[
    [
        [
            [0, [11, 1, 9, 8, 6]],
            [7, [7]],
            [3, [3]],
            [11, [20, 23, 21, 22, 16, 17]],
            [20, [15, 14, 13]],
            [24, [24, 26]],
            [16, [16]],
            [15, [31, 32]],
            [23, []],
            [21, []],
            [26, []],
            [1, [25, 27, 36]],
            [9, []],
            [8, []],
            [22, []],
            [36, [47, 48, 44, 45, 41, 35, 34]],
            [14, [14]],
            [6, []],
            [41, []],
            [31, []],
            [17, [17]],
            [25, []],
            [47, []],
            [44, []],
            [35, []],
            [34, []],
            [13, [13]],
            [45, []],
            [32, []],
            [48, []],
            [27, []]
        ],
        [
            [0, [18, 5, 4, 19, 12, 29, 28, 30, 10, 2]],
            [18, []],
            [5, []],
            [4, [39, 40, 42]],
            [43, [43]],
            [19, [46, 37, 33, 38]],
            [12, [50, 49]],
            [29, []],
            [28, []],
            [30, []],
            [37, []],
            [39, []],
            [10, []],
            [2, []],
            [40, []],
            [33, []],
            [46, []],
            [42, []],
            [50, []],
            [38, []],
            [49, []]
        ]
    ],
    [
        [
            [7, [7]]
        ],
        [
            [3, [3]]
        ],
        [
            [11, [20, 23, 21, 22, 16, 17]]
        ],
        [
            [20, [15, 14, 13]]
        ],
        [
            [24, [24, 26]]
        ],
        [
            [15, [31, 32]]
        ],
        [
            [1, [25, 27, 36]]
        ],
        [
            [4, [39, 40, 42]]
        ],
        [
            [36, [47, 48, 44, 45, 41, 35, 34]]
        ],
        [
            [43, [43]]
        ],
        [
            [19, [46, 37, 33, 38]]
        ],
        [
            [12, [50, 49]]
        ]
    ]
]",,,583.8483103368509,0,12,2.9166666666666665,,,,,results/sol_best_R101_2.dat_A8_L90_pid2811.txt,(not found),R101_2.dat_A8_L90_r3.log
102,test_data/data_demand_random_50_batch_all1_equal_random/R101_2.dat,8.0,120.0,1,1406.47,"[
    [
        [
            [0, [25, 17, 15, 8, 9, 6, 14, 16, 22, 23, 1, 26, 21, 5, 13, 27]],
            [25, []],
            [17, []],
            [15, []],
            [8, []],
            [9, [32, 31]],
            [6, []],
            [14, [36, 35, 34]],
            [36, []],
            [16, []],
            [22, []],
            [41, [41]],
            [43, [43]],
            [31, []],
            [23, []],
            [1, [47, 48, 44, 45]],
            [26, []],
            [21, []],
            [47, []],
            [44, []],
            [35, []],
            [5, []],
            [34, []],
            [13, []],
            [45, []],
            [32, []],
            [48, []],
            [27, []]
        ],
        [
            [0, [19, 3, 18, 4, 20, 11, 12, 7, 10, 2]],
            [19, [24, 28]],
            [3, []],
            [18, []],
            [37, [37]],
            [4, [33, 38, 29, 30]],
            [29, []],
            [20, [39, 40, 42]],
            [24, [24]],
            [11, [50, 49, 46]],
            [12, []],
            [28, [28]],
            [30, []],
            [7, []],
            [39, []],
            [10, []],
            [2, []],
            [40, []],
            [33, []],
            [46, []],
            [42, []],
            [50, []],
            [38, []],
            [49, []]
        ]
    ],
    [
        [
            [19, [24, 28]]
        ],
        [
            [37, [37]]
        ],
        [
            [9, [32, 31]]
        ],
        [
            [14, [36, 35, 34]]
        ],
        [
            [4, [33, 38, 29, 30]]
        ],
        [
            [41, [41]]
        ],
        [
            [43, [43]]
        ],
        [
            [20, [39, 40, 42]]
        ],
        [
            [11, [50, 49, 46]]
        ],
        [
            [1, [47, 48, 44, 45]]
        ]
    ]
]",,,701.6982642712653,0,10,2.4,,,,,results/sol_best_R101_2.dat_A8_L120_pid2736.txt,(not found),R101_2.dat_A8_L120_r1.log
102,test_data/data_demand_random_50_batch_all1_equal_random/R101_2.dat,8.0,120.0,2,1451.62,"[
    [
        [
            [0, [17, 27, 24, 11, 31, 15, 23, 25, 5, 13, 32, 14, 6, 8]],
            [17, []],
            [27, []],
            [24, []],
            [11, []],
            [31, []],
            [15, []],
            [23, []],
            [25, []],
            [5, [47, 48, 44, 45, 41, 35, 34, 36]],
            [47, []],
            [44, []],
            [35, []],
            [34, []],
            [13, []],
            [45, []],
            [32, []],
            [48, []],
            [36, []],
            [14, []],
            [41, []],
            [6, []],
            [8, []]
        ],
        [
            [0, [1, 4, 3, 2]],
            [9, [7, 10, 9]],
            [1, []],
            [4, []],
            [7, []],
            [18, [19, 12, 18]],
            [21, [21, 20]],
            [16, [16, 28, 26]],
            [22, [29, 30, 22]],
            [19, []],
            [3, [37, 33, 38]],
            [29, [39, 40, 42]],
            [20, [46, 43]],
            [12, [50, 49]],
            [28, []],
            [30, []],
            [37, []],
            [39, []],
            [10, []],
            [2, []],
            [40, []],
            [33, []],
            [26, []],
            [42, []],
            [46, []],
            [43, []],
            [50, []],
            [38, []],
            [49, []]
        ]
    ],
    [
        [
            [9, [7, 10, 9]]
        ],
        [
            [18, [19, 12, 18]]
        ],
        [
            [21, [21, 20]]
        ],
        [
            [16, [16, 28, 26]]
        ],
        [
            [22, [29, 30, 22]]
        ],
        [
            [5, [47, 48, 44, 45, 41, 35, 34, 36]]
        ],
        [
            [3, [37, 33, 38]]
        ],
        [
            [29, [39, 40, 42]]
        ],
        [
            [20, [46, 43]]
        ],
        [
            [12, [50, 49]]
        ]
    ]
]",,,550.8719474599785,0,10,3.2,,,,,results/sol_best_R101_2.dat_A8_L120_pid2738.txt,(not found),R101_2.dat_A8_L120_r2.log
102,test_data/data_demand_random_50_batch_all1_equal_random/R101_2.dat,8.0,120.0,3,1444.76,"[
    [
        [
            [0, [5, 15, 23, 6, 14, 8, 22, 16, 31, 17, 25, 4, 13, 32, 27]],
            [5, []],
            [15, []],
            [23, []],
            [6, []],
            [14, []],
            [8, []],
            [22, []],
            [16, [47, 48, 44, 45, 41, 36, 35, 34]],
            [36, []],
            [41, []],
            [31, []],
            [17, []],
            [25, []],
            [4, []],
            [47, []],
            [44, []],
            [35, []],
            [34, []],
            [13, []],
            [45, []],
            [32, []],
            [48, []],
            [27, []]
        ],
        [
            [0, [7, 19, 3, 11, 12, 18, 10, 2]],
            [1, [1]],
            [9, [21, 20, 9]],
            [26, [26]],
            [21, [28, 24]],
            [7, [29, 30]],
            [28, []],
            [29, []],
            [19, [39, 40, 42, 37, 33, 38]],
            [20, []],
            [3, [46, 43]],
            [24, []],
            [11, []],
            [12, [50, 49]],
            [18, []],
            [30, []],
            [37, []],
            [39, []],
            [10, []],
            [2, []],
            [40, []],
            [33, []],
            [46, []],
            [42, []],
            [50, []],
            [38, []],
            [49, []],
            [43, []]
        ]
    ],
    [
        [
            [1, [1]]
        ],
        [
            [9, [21, 20, 9]]
        ],
        [
            [26, [26]]
        ],
        [
            [21, [28, 24]]
        ],
        [
            [16, [47, 48, 44, 45, 41, 36, 35, 34]]
        ],
        [
            [7, [29, 30]]
        ],
        [
            [19, [39, 40, 42, 37, 33, 38]]
        ],
        [
            [3, [46, 43]]
        ],
        [
            [12, [50, 49]]
        ]
    ]
]",,,583.5349742259529,0,9,3.0,,,,,results/sol_best_R101_2.dat_A8_L120_pid2739.txt,(not found),R101_2.dat_A8_L120_r3.log
103,test_data/data_demand_random_50_batch_all1_equal_random/R101_3.dat,4.0,60.0,1,1587.21,"[
    [
        [
            [0, [4, 1, 3, 6, 5]],
            [4, []],
            [1, []],
            [3, []],
            [9, [9, 8, 7, 10]],
            [8, [11, 13]],
            [11, []],
            [13, []],
            [6, [18, 17, 19, 23]],
            [19, []],
            [23, [25, 31, 28]],
            [31, []],
            [17, [27, 30]],
            [36, [34, 36, 33]],
            [33, []],
            [30, []],
            [28, []],
            [39, [39]],
            [10, []],
            [25, [43, 41, 44, 40]],
            [18, []],
            [5, []],
            [7, []],
            [40, []],
            [27, [49, 48]],
            [48, []],
            [44, []],
            [49, []],
            [34, []],
            [41, []],
            [43, []]
        ],
        [
            [0, [12, 16, 15, 14, 24, 22, 26, 2, 20, 21]],
            [12, []],
            [16, []],
            [15, []],
            [14, []],
            [24, []],
            [22, []],
            [26, []],
            [2, []],
            [20, [32, 29, 35]],
            [21, []],
            [29, [38, 37]],
            [35, [42, 45, 46]],
            [38, []],
            [37, []],
            [46, []],
            [42, []],
            [45, []],
            [32, []],
            [47, [47, 50]],
            [50, []]
        ]
    ],
    [
        [
            [9, [9, 8, 7, 10]]
        ],
        [
            [8, [11, 13]]
        ],
        [
            [6, [18, 17, 19, 23]]
        ],
        [
            [23, [25, 31, 28]]
        ],
        [
            [17, [27, 30]]
        ],
        [
            [36, [34, 36, 33]]
        ],
        [
            [39, [39]]
        ],
        [
            [20, [32, 29, 35]]
        ],
        [
            [25, [43, 41, 44, 40]]
        ],
        [
            [29, [38, 37]]
        ],
        [
            [35, [42, 45, 46]]
        ],
        [
            [27, [49, 48]]
        ],
        [
            [47, [47, 50]]
        ]
    ]
]",,,867.801919762073,0,13,2.6923076923076925,,,,,results/sol_best_R101_3.dat_A4_L60_pid2734.txt,(not found),R101_3.dat_A4_L60_r1.log
103,test_data/data_demand_random_50_batch_all1_equal_random/R101_3.dat,4.0,60.0,2,1685.46,"[
    [
        [
            [0, [14, 12, 7, 5, 25, 3, 1, 6]],
            [22, [22]],
            [14, []],
            [31, [31, 28, 30, 27]],
            [30, []],
            [28, []],
            [36, [36, 34, 33]],
            [34, []],
            [27, []],
            [12, []],
            [7, []],
            [5, [40, 39]],
            [25, []],
            [3, [43, 41, 44]],
            [1, []],
            [6, [49, 48]],
            [43, []],
            [41, []],
            [33, []],
            [49, []],
            [44, []],
            [48, []],
            [40, []],
            [39, []]
        ],
        [
            [0, [10, 13, 18, 20, 2, 21, 4, 16, 15, 17, 9, 8, 11, 19]],
            [10, []],
            [13, []],
            [18, []],
            [20, [23, 24, 26]],
            [2, []],
            [21, []],
            [23, [23]],
            [24, [24]],
            [4, []],
            [16, []],
            [15, []],
            [17, [32, 35, 29, 38]],
            [29, []],
            [9, []],
            [8, [46, 42, 45]],
            [35, []],
            [38, [50, 47, 37]],
            [37, []],
            [26, [26]],
            [11, []],
            [32, []],
            [45, []],
            [42, []],
            [46, []],
            [19, []],
            [47, []],
            [50, []]
        ]
    ],
    [
        [
            [20, [23, 24, 26]]
        ],
        [
            [22, [22]]
        ],
        [
            [31, [31, 28, 30, 27]]
        ],
        [
            [36, [36, 34, 33]]
        ],
        [
            [5, [40, 39]]
        ],
        [
            [3, [43, 41, 44]]
        ],
        [
            [17, [32, 35, 29, 38]]
        ],
        [
            [6, [49, 48]]
        ],
        [
            [8, [46, 42, 45]]
        ],
        [
            [38, [50, 47, 37]]
        ]
    ]
]",,,1040.7896801384663,0,10,2.8,,,,,results/sol_best_R101_3.dat_A4_L60_pid2736.txt,(not found),R101_3.dat_A4_L60_r2.log
103,test_data/data_demand_random_50_batch_all1_equal_random/R101_3.dat,4.0,60.0,3,1664.32,"[
    [
        [
            [0, [12, 10, 13, 16, 15, 6, 1, 5, 7]],
            [12, []],
            [10, []],
            [13, []],
            [19, [19, 18]],
            [18, []],
            [16, []],
            [15, []],
            [29, [29]],
            [6, [27, 28, 31, 30]],
            [1, [23, 25, 36]],
            [36, []],
            [23, [40, 39]],
            [5, []],
            [25, [34, 33]],
            [39, [43, 41, 44]],
            [40, []],
            [7, []],
            [44, []],
            [27, [49, 48]],
            [48, []],
            [49, []],
            [34, []],
            [28, []],
            [30, []],
            [33, []],
            [41, []],
            [43, []],
            [31, []]
        ],
        [
            [0, [17, 22, 2, 24, 14, 4, 21, 20, 3, 8, 9, 26, 11]],
            [17, []],
            [22, []],
            [2, []],
            [24, []],
            [14, []],
            [4, []],
            [35, [35]],
            [21, []],
            [20, []],
            [3, [32, 38]],
            [32, []],
            [38, []],
            [8, [46, 42, 45]],
            [9, [50, 47, 37]],
            [47, []],
            [37, []],
            [26, []],
            [11, []],
            [45, []],
            [42, []],
            [46, []],
            [50, []]
        ]
    ],
    [
        [
            [35, [35]]
        ],
        [
            [19, [19, 18]]
        ],
        [
            [29, [29]]
        ],
        [
            [6, [27, 28, 31, 30]]
        ],
        [
            [1, [23, 25, 36]]
        ],
        [
            [3, [32, 38]]
        ],
        [
            [23, [40, 39]]
        ],
        [
            [25, [34, 33]]
        ],
        [
            [39, [43, 41, 44]]
        ],
        [
            [27, [49, 48]]
        ],
        [
            [8, [46, 42, 45]]
        ],
        [
            [9, [50, 47, 37]]
        ]
    ]
]",,,1016.983730930175,0,12,2.3333333333333335,,,,,results/sol_best_R101_3.dat_A4_L60_pid2737.txt,(not found),R101_3.dat_A4_L60_r3.log
104,test_data/data_demand_random_50_batch_all1_equal_random/R101_3.dat,4.0,90.0,1,1751.5,"[
    [
        [
            [0, [9, 11, 8, 10, 7, 1, 2, 6, 5, 3]],
            [9, []],
            [11, []],
            [8, []],
            [10, []],
            [7, [12, 16, 15, 13]],
            [12, [17, 21, 18, 19]],
            [16, []],
            [15, []],
            [17, [24]],
            [24, []],
            [30, [28, 27, 31, 30]],
            [28, []],
            [33, [33]],
            [21, []],
            [1, [32, 34]],
            [2, []],
            [32, []],
            [6, []],
            [5, [43, 41, 44]],
            [18, []],
            [13, []],
            [3, [49, 48]],
            [19, []],
            [27, []],
            [41, []],
            [43, []],
            [31, []],
            [34, []],
            [49, []],
            [44, []],
            [48, []]
        ],
        [
            [0, [4, 26, 22, 25, 14, 20, 23]],
            [4, []],
            [26, []],
            [22, []],
            [25, []],
            [40, [40, 39, 38, 37]],
            [39, []],
            [36, [36, 29]],
            [29, []],
            [14, [46, 42, 45, 35]],
            [35, []],
            [38, []],
            [37, [47, 50]],
            [47, []],
            [20, []],
            [46, []],
            [42, []],
            [45, []],
            [23, []],
            [50, []]
        ]
    ],
    [
        [
            [7, [12, 16, 15, 13]]
        ],
        [
            [12, [17, 21, 18, 19]]
        ],
        [
            [17, [24]]
        ],
        [
            [30, [28, 27, 31, 30]]
        ],
        [
            [33, [33]]
        ],
        [
            [1, [32, 34]]
        ],
        [
            [40, [40, 39, 38, 37]]
        ],
        [
            [5, [43, 41, 44]]
        ],
        [
            [36, [36, 29]]
        ],
        [
            [14, [46, 42, 45, 35]]
        ],
        [
            [3, [49, 48]]
        ],
        [
            [37, [47, 50]]
        ]
    ]
]",,,934.2455094020114,0,12,2.75,,,,,results/sol_best_R101_3.dat_A4_L90_pid2755.txt,(not found),R101_3.dat_A4_L90_r1.log
104,test_data/data_demand_random_50_batch_all1_equal_random/R101_3.dat,4.0,90.0,2,1635.21,"[
    [
        [
            [0, [29, 24, 23, 5, 12, 7, 10, 13, 3, 6, 19, 27]],
            [8, [21, 8]],
            [9, [9]],
            [21, []],
            [29, []],
            [36, [36, 32, 33, 34]],
            [24, []],
            [23, [40, 39]],
            [5, []],
            [12, []],
            [7, []],
            [10, []],
            [13, []],
            [3, []],
            [32, []],
            [6, []],
            [19, [49, 48, 41, 44]],
            [27, []],
            [41, []],
            [33, []],
            [34, []],
            [49, []],
            [44, []],
            [48, []],
            [40, []],
            [39, []]
        ],
        [
            [0, [17, 15, 16, 14, 2, 1, 4, 22, 26, 11, 18, 25, 20]],
            [17, []],
            [31, [31, 28, 30]],
            [15, []],
            [28, [28, 28]],
            [16, []],
            [30, [30, 30]],
            [14, []],
            [2, []],
            [1, [38, 37, 35]],
            [35, []],
            [4, [46, 42, 45, 43]],
            [43, []],
            [22, []],
            [38, []],
            [37, []],
            [26, []],
            [11, []],
            [45, []],
            [42, []],
            [18, []],
            [25, []],
            [46, []],
            [20, []],
            [47, [47, 50]],
            [50, []]
        ]
    ],
    [
        [
            [31, [31, 28, 30]]
        ],
        [
            [8, [21, 8]]
        ],
        [
            [9, [9]]
        ],
        [
            [36, [36, 32, 33, 34]]
        ],
        [
            [23, [40, 39]]
        ],
        [
            [19, [49, 48, 41, 44]]
        ],
        [
            [1, [38, 37, 35]]
        ],
        [
            [4, [46, 42, 45, 43]]
        ],
        [
            [47, [47, 50]]
        ]
    ]
]",,,996.2767161628009,0,9,2.7777777777777777,,,,,results/sol_best_R101_3.dat_A4_L90_pid2757.txt,(not found),R101_3.dat_A4_L90_r2.log
104,test_data/data_demand_random_50_batch_all1_equal_random/R101_3.dat,4.0,90.0,3,1727.18,"[
    [
        [
            [0, [5, 1, 6, 3]],
            [11, [11, 9, 7]],
            [12, [16, 12]],
            [16, []],
            [9, [9]],
            [20, [20]],
            [18, [19, 18]],
            [30, [30]],
            [34, [34, 28]],
            [28, [33, 36]],
            [7, [27, 31]],
            [5, [40, 39]],
            [36, [43, 41, 44]],
            [41, []],
            [43, []],
            [1, []],
            [6, []],
            [3, [49, 48]],
            [19, []],
            [27, []],
            [31, []],
            [33, []],
            [49, []],
            [44, []],
            [48, []],
            [40, []],
            [39, []]
        ],
        [
            [0, [8, 22, 2, 25, 13, 10, 15, 17, 24, 14, 4, 21, 26, 23]],
            [8, []],
            [22, []],
            [2, []],
            [25, []],
            [13, []],
            [10, []],
            [15, []],
            [17, []],
            [29, [29, 35]],
            [24, []],
            [14, []],
            [4, [46, 42, 45, 32]],
            [50, [38, 37, 50, 47]],
            [47, []],
            [21, []],
            [35, []],
            [38, []],
            [37, []],
            [26, []],
            [32, []],
            [45, []],
            [42, []],
            [46, []],
            [23, []]
        ]
    ],
    [
        [
            [11, [11, 9, 7]]
        ],
        [
            [12, [16, 12]]
        ],
        [
            [20, [20]]
        ],
        [
            [18, [19, 18]]
        ],
        [
            [30, [30]]
        ],
        [
            [34, [34, 28]]
        ],
        [
            [28, [33, 36]]
        ],
        [
            [7, [27, 31]]
        ],
        [
            [5, [40, 39]]
        ],
        [
            [36, [43, 41, 44]]
        ],
        [
            [29, [29, 35]]
        ],
        [
            [4, [46, 42, 45, 32]]
        ],
        [
            [3, [49, 48]]
        ],
        [
            [50, [38, 37, 50, 47]]
        ]
    ]
]",,,813.8928373799714,0,14,2.2857142857142856,,,,,results/sol_best_R101_3.dat_A4_L90_pid2758.txt,(not found),R101_3.dat_A4_L90_r3.log
105,test_data/data_demand_random_50_batch_all1_equal_random/R101_3.dat,4.0,120.0,1,1688.32,"[
    [
        [
            [0, [14, 16, 12, 7, 5, 10, 13, 3, 6, 1]],
            [8, [8]],
            [17, [17]],
            [14, [18, 19, 15]],
            [22, [22, 25, 23]],
            [23, []],
            [28, [28, 31, 27]],
            [15, []],
            [31, []],
            [36, [36, 34]],
            [27, []],
            [16, []],
            [12, []],
            [7, []],
            [5, []],
            [10, []],
            [13, []],
            [18, [40, 39]],
            [25, [43, 41, 44]],
            [3, []],
            [19, []],
            [6, [49, 48]],
            [1, []],
            [43, []],
            [41, []],
            [34, []],
            [49, []],
            [44, []],
            [48, []],
            [40, []],
            [39, []]
        ],
        [
            [0, [30, 24, 2, 20, 21, 4, 29, 9, 26, 11]],
            [30, []],
            [24, []],
            [35, [35]],
            [2, []],
            [20, []],
            [21, []],
            [38, [38, 33, 32]],
            [4, []],
            [33, []],
            [29, [46, 42, 45]],
            [9, [50, 47, 37]],
            [47, []],
            [37, []],
            [26, []],
            [11, []],
            [45, []],
            [46, []],
            [42, []],
            [32, []],
            [50, []]
        ]
    ],
    [
        [
            [35, [35]]
        ],
        [
            [8, [8]]
        ],
        [
            [17, [17]]
        ],
        [
            [14, [18, 19, 15]]
        ],
        [
            [22, [22, 25, 23]]
        ],
        [
            [28, [28, 31, 27]]
        ],
        [
            [36, [36, 34]]
        ],
        [
            [38, [38, 33, 32]]
        ],
        [
            [18, [40, 39]]
        ],
        [
            [25, [43, 41, 44]]
        ],
        [
            [6, [49, 48]]
        ],
        [
            [29, [46, 42, 45]]
        ],
        [
            [9, [50, 47, 37]]
        ]
    ]
]",,,863.6740799825044,0,13,2.3076923076923075,,,,,results/sol_best_R101_3.dat_A4_L120_pid2773.txt,(not found),R101_3.dat_A4_L120_r1.log
105,test_data/data_demand_random_50_batch_all1_equal_random/R101_3.dat,4.0,120.0,2,1591.97,"[
    [
        [
            [0, [5, 10, 13, 7, 16, 6]],
            [14, [14]],
            [17, [17, 19]],
            [5, []],
            [10, [18, 23, 25]],
            [13, []],
            [7, [27, 28, 30, 31]],
            [16, []],
            [28, []],
            [30, [34, 33, 36]],
            [33, []],
            [31, []],
            [27, []],
            [18, []],
            [25, []],
            [6, []],
            [19, []],
            [23, [43, 41, 44]],
            [36, []],
            [43, [49, 48, 40, 39]],
            [41, []],
            [34, []],
            [49, []],
            [44, []],
            [48, []],
            [40, []],
            [39, []]
        ],
        [
            [0, [12, 15, 21, 9, 20, 2, 1, 8, 4, 11, 3]],
            [12, []],
            [15, []],
            [21, [29, 24, 22, 26]],
            [9, []],
            [29, [29]],
            [32, [32]],
            [20, []],
            [35, [35]],
            [2, [38, 37]],
            [1, []],
            [8, []],
            [24, [24]],
            [4, [46, 42, 45]],
            [22, [22]],
            [38, []],
            [37, []],
            [26, [26]],
            [11, []],
            [45, []],
            [42, []],
            [46, []],
            [3, []],
            [47, [47, 50]],
            [50, []]
        ]
    ],
    [
        [
            [21, [29, 24, 22, 26]]
        ],
        [
            [14, [14]]
        ],
        [
            [17, [17, 19]]
        ],
        [
            [10, [18, 23, 25]]
        ],
        [
            [7, [27, 28, 30, 31]]
        ],
        [
            [30, [34, 33, 36]]
        ],
        [
            [32, [32]]
        ],
        [
            [35, [35]]
        ],
        [
            [2, [38, 37]]
        ],
        [
            [23, [43, 41, 44]]
        ],
        [
            [4, [46, 42, 45]]
        ],
        [
            [43, [49, 48, 40, 39]]
        ],
        [
            [47, [47, 50]]
        ]
    ]
]",,,900.5863108143275,0,13,2.5384615384615383,,,,,results/sol_best_R101_3.dat_A4_L120_pid2775.txt,(not found),R101_3.dat_A4_L120_r2.log
105,test_data/data_demand_random_50_batch_all1_equal_random/R101_3.dat,4.0,120.0,3,1692.32,"[
    [
        [
            [0, [36, 39, 19, 3, 23, 40, 27, 28, 30, 33, 31, 34]],
            [36, []],
            [39, []],
            [19, []],
            [3, []],
            [23, []],
            [40, []],
            [27, []],
            [28, [49, 48, 41, 44]],
            [30, []],
            [33, []],
            [41, []],
            [31, []],
            [34, []],
            [49, []],
            [44, []],
            [48, []]
        ],
        [
            [0, [8, 5, 7, 10, 16, 12, 13, 1, 11, 6, 15, 14, 4, 9, 2]],
            [8, []],
            [5, []],
            [7, []],
            [10, [18, 17, 21, 20]],
            [16, []],
            [12, []],
            [18, []],
            [13, []],
            [25, [25, 26, 24, 22]],
            [1, []],
            [26, []],
            [11, [32, 35, 29]],
            [32, []],
            [6, []],
            [17, []],
            [15, []],
            [14, []],
            [4, []],
            [24, []],
            [43, [46, 42, 45, 43]],
            [22, []],
            [29, []],
            [9, [50, 47, 38, 37]],
            [47, []],
            [21, []],
            [35, []],
            [38, []],
            [37, []],
            [2, []],
            [20, []],
            [46, []],
            [42, []],
            [45, []],
            [50, []]
        ]
    ],
    [
        [
            [28, [49, 48, 41, 44]]
        ],
        [
            [10, [18, 17, 21, 20]]
        ],
        [
            [25, [25, 26, 24, 22]]
        ],
        [
            [11, [32, 35, 29]]
        ],
        [
            [43, [46, 42, 45, 43]]
        ],
        [
            [9, [50, 47, 38, 37]]
        ]
    ]
]",,,999.6559233027733,0,6,3.8333333333333335,,,,,results/sol_best_R101_3.dat_A4_L120_pid2776.txt,(not found),R101_3.dat_A4_L120_r3.log
106,test_data/data_demand_random_50_batch_all1_equal_random/R101_3.dat,8.0,60.0,1,1568.32,"[
    [
        [
            [0, [4, 1, 5, 3, 6]],
            [4, []],
            [1, []],
            [8, [8, 7, 10]],
            [7, [13, 12, 15, 16, 14]],
            [12, []],
            [16, []],
            [10, []],
            [13, []],
            [5, []],
            [19, [18, 19]],
            [23, [23, 25, 24]],
            [25, []],
            [18, []],
            [3, [27, 28, 30, 31]],
            [24, []],
            [14, []],
            [30, [34, 33]],
            [33, []],
            [15, []],
            [28, []],
            [27, []],
            [40, [40, 35, 39]],
            [39, []],
            [6, [43, 41, 44]],
            [35, []],
            [43, []],
            [41, [49, 48]],
            [48, []],
            [44, []],
            [49, []],
            [34, []],
            [31, []]
        ],
        [
            [0, [21, 17, 22, 26, 2, 20, 11, 9]],
            [21, []],
            [17, []],
            [22, []],
            [26, []],
            [2, []],
            [38, [32, 29, 36, 37, 38]],
            [37, []],
            [20, []],
            [32, []],
            [11, []],
            [29, []],
            [36, []],
            [9, [50, 47, 46, 42, 45]],
            [47, []],
            [45, []],
            [42, []],
            [46, []],
            [50, []]
        ]
    ],
    [
        [
            [8, [8, 7, 10]]
        ],
        [
            [7, [13, 12, 15, 16, 14]]
        ],
        [
            [19, [18, 19]]
        ],
        [
            [23, [23, 25, 24]]
        ],
        [
            [38, [32, 29, 36, 37, 38]]
        ],
        [
            [3, [27, 28, 30, 31]]
        ],
        [
            [30, [34, 33]]
        ],
        [
            [40, [40, 35, 39]]
        ],
        [
            [6, [43, 41, 44]]
        ],
        [
            [41, [49, 48]]
        ],
        [
            [9, [50, 47, 46, 42, 45]]
        ]
    ]
]",,,838.7091949964204,0,11,3.3636363636363638,,,,,results/sol_best_R101_3.dat_A8_L60_pid2806.txt,(not found),R101_3.dat_A8_L60_r1.log
106,test_data/data_demand_random_50_batch_all1_equal_random/R101_3.dat,8.0,60.0,2,1735.15,"[
    [
        [
            [0, [4, 23, 5, 18, 3, 25, 13, 10, 7]],
            [4, []],
            [30, [30, 27, 31]],
            [34, [28, 34, 36, 32]],
            [28, []],
            [23, []],
            [5, [40, 39]],
            [18, []],
            [32, []],
            [3, [43, 41, 44]],
            [25, []],
            [13, []],
            [10, []],
            [7, [49, 48]],
            [48, []],
            [27, [27]],
            [43, []],
            [41, []],
            [36, []],
            [31, [31]],
            [49, []],
            [44, []],
            [40, []],
            [39, []]
        ],
        [
            [0, [6, 19, 1, 2, 14, 16, 12, 17, 8, 15, 9, 21, 11, 20]],
            [6, []],
            [19, []],
            [1, []],
            [2, []],
            [14, []],
            [16, []],
            [12, []],
            [17, []],
            [8, [24, 22, 26, 29, 33]],
            [29, []],
            [24, []],
            [22, []],
            [33, []],
            [15, []],
            [9, [47, 46, 42, 45, 38, 37, 35, 50]],
            [47, []],
            [21, []],
            [35, []],
            [38, []],
            [37, []],
            [26, []],
            [11, []],
            [20, []],
            [46, []],
            [42, []],
            [45, []],
            [50, []]
        ]
    ],
    [
        [
            [30, [30, 27, 31]]
        ],
        [
            [34, [28, 34, 36, 32]]
        ],
        [
            [8, [24, 22, 26, 29, 33]]
        ],
        [
            [5, [40, 39]]
        ],
        [
            [3, [43, 41, 44]]
        ],
        [
            [7, [49, 48]]
        ],
        [
            [9, [47, 46, 42, 45, 38, 37, 35, 50]]
        ]
    ]
]",,,1000.6542941152326,0,7,3.857142857142857,,,,,results/sol_best_R101_3.dat_A8_L60_pid2808.txt,(not found),R101_3.dat_A8_L60_r2.log
106,test_data/data_demand_random_50_batch_all1_equal_random/R101_3.dat,8.0,60.0,3,1683.5,"[
    [
        [
            [0, [7, 10, 13, 18, 5, 3, 19]],
            [21, [21]],
            [1, [1]],
            [17, [17, 23, 25]],
            [29, [29]],
            [7, [27, 31, 30, 28]],
            [23, [36, 33, 34]],
            [10, []],
            [13, []],
            [18, []],
            [5, [40, 39]],
            [25, []],
            [3, [43, 41, 44]],
            [19, []],
            [27, []],
            [31, []],
            [36, []],
            [43, []],
            [41, [49, 48]],
            [33, []],
            [30, []],
            [28, []],
            [34, []],
            [49, []],
            [44, []],
            [48, []],
            [40, []],
            [39, []]
        ],
        [
            [0, [9, 8, 2, 4, 14, 16, 12, 15]],
            [9, []],
            [8, []],
            [6, [6, 11]],
            [11, []],
            [2, []],
            [4, []],
            [14, []],
            [16, []],
            [12, []],
            [15, []],
            [24, [32, 35, 24, 22, 26]],
            [35, [20]],
            [22, []],
            [38, [37, 38, 42, 45, 46]],
            [37, []],
            [26, []],
            [45, []],
            [46, []],
            [42, []],
            [32, []],
            [20, [20]],
            [47, [47, 50]],
            [50, []]
        ]
    ],
    [
        [
            [6, [6, 11]]
        ],
        [
            [21, [21]]
        ],
        [
            [1, [1]]
        ],
        [
            [17, [17, 23, 25]]
        ],
        [
            [29, [29]]
        ],
        [
            [7, [27, 31, 30, 28]]
        ],
        [
            [23, [36, 33, 34]]
        ],
        [
            [5, [40, 39]]
        ],
        [
            [24, [32, 35, 24, 22, 26]]
        ],
        [
            [35, [20]]
        ],
        [
            [3, [43, 41, 44]]
        ],
        [
            [38, [37, 38, 42, 45, 46]]
        ],
        [
            [41, [49, 48]]
        ],
        [
            [47, [47, 50]]
        ]
    ]
]",,,847.5512309650409,0,14,2.5,,,,,results/sol_best_R101_3.dat_A8_L60_pid2809.txt,(not found),R101_3.dat_A8_L60_r3.log
107,test_data/data_demand_random_50_batch_all1_equal_random/R101_3.dat,8.0,90.0,1,1696.21,"[
    [
        [
            [0, [12, 5, 7, 9, 6, 1, 3, 13, 10, 18, 19]],
            [12, []],
            [5, [25, 23]],
            [7, []],
            [28, [27, 31, 28]],
            [27, []],
            [31, []],
            [9, []],
            [29, [34, 33, 29, 30, 36]],
            [33, []],
            [30, []],
            [36, []],
            [39, [39]],
            [6, []],
            [1, []],
            [3, []],
            [13, []],
            [10, []],
            [18, [49, 48, 43, 41, 44, 40]],
            [25, []],
            [19, []],
            [23, []],
            [40, []],
            [48, []],
            [44, []],
            [49, []],
            [34, []],
            [43, []],
            [41, []]
        ],
        [
            [0, [17, 16, 15, 8, 24, 14, 21, 2, 4, 22, 26, 11, 20]],
            [17, []],
            [16, []],
            [15, []],
            [8, []],
            [24, []],
            [14, []],
            [21, []],
            [2, [32, 35, 38]],
            [35, []],
            [38, []],
            [4, [46, 42, 45, 37]],
            [22, []],
            [37, []],
            [26, []],
            [11, []],
            [32, []],
            [45, []],
            [42, []],
            [46, []],
            [20, []],
            [47, [47, 50]],
            [50, []]
        ]
    ],
    [
        [
            [5, [25, 23]]
        ],
        [
            [28, [27, 31, 28]]
        ],
        [
            [29, [34, 33, 29, 30, 36]]
        ],
        [
            [39, [39]]
        ],
        [
            [2, [32, 35, 38]]
        ],
        [
            [18, [49, 48, 43, 41, 44, 40]]
        ],
        [
            [4, [46, 42, 45, 37]]
        ],
        [
            [47, [47, 50]]
        ]
    ]
]",,,1019.7760637384843,0,8,3.25,,,,,results/sol_best_R101_3.dat_A8_L90_pid2752.txt,(not found),R101_3.dat_A8_L90_r1.log
107,test_data/data_demand_random_50_batch_all1_equal_random/R101_3.dat,8.0,90.0,2,1738.0,"[
    [
        [
            [0, [5, 7, 10, 1, 8, 6, 3]],
            [5, []],
            [7, []],
            [13, [13]],
            [10, [16, 15]],
            [18, [18]],
            [26, [26, 25, 19, 22, 17]],
            [1, []],
            [8, []],
            [21, [27, 28, 30, 31, 21]],
            [22, []],
            [28, []],
            [16, [34, 33, 36]],
            [15, []],
            [30, []],
            [33, []],
            [36, []],
            [17, []],
            [6, [43, 41, 44, 40, 39]],
            [3, []],
            [25, [49, 48]],
            [19, []],
            [27, []],
            [43, []],
            [41, []],
            [31, []],
            [34, []],
            [49, []],
            [44, []],
            [48, []],
            [40, []],
            [39, []]
        ],
        [
            [0, [23, 12, 14, 29, 9, 2, 4, 24, 11, 20]],
            [23, []],
            [12, []],
            [14, []],
            [29, []],
            [9, [38, 37, 32, 35]],
            [32, []],
            [2, []],
            [35, []],
            [4, []],
            [24, [50, 47]],
            [38, []],
            [37, []],
            [11, [46, 42, 45]],
            [20, []],
            [46, []],
            [42, []],
            [45, []],
            [47, []],
            [50, []]
        ]
    ],
    [
        [
            [13, [13]]
        ],
        [
            [10, [16, 15]]
        ],
        [
            [18, [18]]
        ],
        [
            [26, [26, 25, 19, 22, 17]]
        ],
        [
            [21, [27, 28, 30, 31, 21]]
        ],
        [
            [16, [34, 33, 36]]
        ],
        [
            [6, [43, 41, 44, 40, 39]]
        ],
        [
            [9, [38, 37, 32, 35]]
        ],
        [
            [25, [49, 48]]
        ],
        [
            [24, [50, 47]]
        ],
        [
            [11, [46, 42, 45]]
        ]
    ]
]",,,825.338367171675,0,11,3.0,,,,,results/sol_best_R101_3.dat_A8_L90_pid2754.txt,(not found),R101_3.dat_A8_L90_r2.log
107,test_data/data_demand_random_50_batch_all1_equal_random/R101_3.dat,8.0,90.0,3,1650.97,"[
    [
        [
            [0, [5, 1, 3, 6, 4]],
            [5, []],
            [11, [11, 10, 7, 9]],
            [1, []],
            [13, [13]],
            [10, []],
            [7, [12, 16, 15, 14]],
            [18, [18, 19]],
            [19, []],
            [9, [20, 21, 17]],
            [12, []],
            [16, []],
            [28, [28, 25]],
            [15, [30, 27]],
            [30, []],
            [14, []],
            [33, [33]],
            [35, [35, 34]],
            [39, [39, 40]],
            [40, []],
            [25, []],
            [20, [41, 44, 43]],
            [3, []],
            [6, []],
            [21, [49, 48]],
            [41, []],
            [43, []],
            [4, []],
            [34, []],
            [49, []],
            [44, []],
            [48, []],
            [27, []],
            [17, []]
        ],
        [
            [0, [2, 23, 8, 24, 31, 29, 22, 26]],
            [2, []],
            [23, []],
            [8, []],
            [24, [38, 37, 32, 36]],
            [31, []],
            [36, []],
            [29, []],
            [22, []],
            [38, []],
            [37, []],
            [26, []],
            [32, [46, 42, 45, 50, 47]],
            [45, []],
            [42, []],
            [46, []],
            [47, []],
            [50, []]
        ]
    ],
    [
        [
            [11, [11, 10, 7, 9]]
        ],
        [
            [13, [13]]
        ],
        [
            [7, [12, 16, 15, 14]]
        ],
        [
            [18, [18, 19]]
        ],
        [
            [9, [20, 21, 17]]
        ],
        [
            [28, [28, 25]]
        ],
        [
            [15, [30, 27]]
        ],
        [
            [24, [38, 37, 32, 36]]
        ],
        [
            [33, [33]]
        ],
        [
            [35, [35, 34]]
        ],
        [
            [39, [39, 40]]
        ],
        [
            [20, [41, 44, 43]]
        ],
        [
            [21, [49, 48]]
        ],
        [
            [32, [46, 42, 45, 50, 47]]
        ]
    ]
]",,,793.3735834918259,0,14,2.642857142857143,,,,,results/sol_best_R101_3.dat_A8_L90_pid2755.txt,(not found),R101_3.dat_A8_L90_r3.log
108,test_data/data_demand_random_50_batch_all1_equal_random/R101_3.dat,8.0,120.0,1,1578.25,"[
    [
        [
            [0, [1, 6, 5]],
            [1, [11, 7, 10, 9, 8]],
            [6, []],
            [11, []],
            [7, []],
            [10, []],
            [19, [19, 12]],
            [12, [21, 17, 18, 16, 15]],
            [9, []],
            [8, []],
            [21, []],
            [29, [27, 28, 30, 31, 29, 25, 23]],
            [16, []],
            [28, []],
            [15, [33, 34, 36]],
            [30, []],
            [33, []],
            [36, []],
            [17, [40, 39]],
            [23, []],
            [25, []],
            [18, []],
            [5, [43, 41, 44]],
            [27, []],
            [43, [49, 48]],
            [41, []],
            [31, []],
            [34, []],
            [49, []],
            [44, []],
            [48, []],
            [40, []],
            [39, []]
        ],
        [
            [0, [13, 2, 14, 4, 20, 3]],
            [13, [26, 22, 24]],
            [2, []],
            [26, [26, 26]],
            [22, [22, 22]],
            [14, []],
            [24, [24, 24]],
            [35, [35, 32, 38]],
            [4, []],
            [38, [46, 42, 45, 37]],
            [37, []],
            [20, []],
            [3, []],
            [46, []],
            [42, []],
            [45, []],
            [32, []],
            [47, [47, 50]],
            [50, []]
        ]
    ],
    [
        [
            [13, [26, 22, 24]]
        ],
        [
            [1, [11, 7, 10, 9, 8]]
        ],
        [
            [19, [19, 12]]
        ],
        [
            [12, [21, 17, 18, 16, 15]]
        ],
        [
            [29, [27, 28, 30, 31, 29, 25, 23]]
        ],
        [
            [15, [33, 34, 36]]
        ],
        [
            [17, [40, 39]]
        ],
        [
            [35, [35, 32, 38]]
        ],
        [
            [5, [43, 41, 44]]
        ],
        [
            [38, [46, 42, 45, 37]]
        ],
        [
            [43, [49, 48]]
        ],
        [
            [47, [47, 50]]
        ]
    ]
]",,,797.9813126112678,0,12,3.4166666666666665,,,,,results/sol_best_R101_3.dat_A8_L120_pid2737.txt,(not found),R101_3.dat_A8_L120_r1.log
108,test_data/data_demand_random_50_batch_all1_equal_random/R101_3.dat,8.0,120.0,2,1607.18,"[
    [
        [
            [0, [6, 1, 3, 5]],
            [6, [8, 11, 10, 7]],
            [1, []],
            [11, []],
            [10, []],
            [7, []],
            [13, [13, 15, 16, 20, 18]],
            [3, []],
            [20, []],
            [17, [19, 21, 12, 17]],
            [28, [28]],
            [16, []],
            [12, []],
            [5, []],
            [19, [34, 33, 36, 27, 30, 31]],
            [18, []],
            [25, [25, 29]],
            [40, [40]],
            [34, []],
            [15, []],
            [30, []],
            [33, []],
            [36, []],
            [8, []],
            [21, []],
            [29, [49, 48, 43, 41, 44, 39]],
            [43, []],
            [41, []],
            [31, []],
            [49, []],
            [44, []],
            [48, []],
            [27, []],
            [39, []]
        ],
        [
            [0, [23, 9, 22, 14, 4, 26, 24, 2]],
            [23, []],
            [9, []],
            [22, []],
            [14, []],
            [4, []],
            [35, [35]],
            [26, [37, 38, 32]],
            [37, []],
            [38, []],
            [24, [46, 42, 45]],
            [2, []],
            [32, []],
            [45, []],
            [42, [47, 50]],
            [46, []],
            [47, []],
            [50, []]
        ]
    ],
    [
        [
            [35, [35]]
        ],
        [
            [6, [8, 11, 10, 7]]
        ],
        [
            [13, [13, 15, 16, 20, 18]]
        ],
        [
            [17, [19, 21, 12, 17]]
        ],
        [
            [28, [28]]
        ],
        [
            [19, [34, 33, 36, 27, 30, 31]]
        ],
        [
            [25, [25, 29]]
        ],
        [
            [40, [40]]
        ],
        [
            [26, [37, 38, 32]]
        ],
        [
            [29, [49, 48, 43, 41, 44, 39]]
        ],
        [
            [24, [46, 42, 45]]
        ],
        [
            [42, [47, 50]]
        ]
    ]
]",,,775.446837521646,0,12,3.1666666666666665,,,,,results/sol_best_R101_3.dat_A8_L120_pid2739.txt,(not found),R101_3.dat_A8_L120_r2.log
108,test_data/data_demand_random_50_batch_all1_equal_random/R101_3.dat,8.0,120.0,3,1690.97,"[
    [
        [
            [0, [6, 3]],
            [4, [5, 4]],
            [5, []],
            [7, [7]],
            [8, [8, 10]],
            [15, [15, 16, 13]],
            [16, []],
            [17, [17, 19]],
            [19, [18, 21]],
            [23, [27, 31, 23, 25, 28, 30]],
            [31, []],
            [30, []],
            [34, [34, 35]],
            [28, []],
            [27, []],
            [10, []],
            [13, []],
            [18, []],
            [25, [40, 39]],
            [6, [43, 41, 44]],
            [3, []],
            [35, []],
            [21, [49, 48]],
            [39, []],
            [40, []],
            [48, []],
            [44, []],
            [49, []],
            [41, []],
            [43, []]
        ],
        [
            [0, [12, 22, 11, 20, 9, 14, 24, 26, 2]],
            [12, []],
            [22, []],
            [11, []],
            [32, [32]],
            [20, []],
            [9, []],
            [14, []],
            [33, [36, 29, 33]],
            [36, []],
            [29, []],
            [24, [46, 42, 45, 38, 37]],
            [38, []],
            [37, []],
            [26, []],
            [2, []],
            [1, [50, 1]],
            [47, [47]],
            [45, []],
            [42, []],
            [46, []],
            [50, []]
        ]
    ],
    [
        [
            [32, [32]]
        ],
        [
            [4, [5, 4]]
        ],
        [
            [7, [7]]
        ],
        [
            [8, [8, 10]]
        ],
        [
            [15, [15, 16, 13]]
        ],
        [
            [17, [17, 19]]
        ],
        [
            [19, [18, 21]]
        ],
        [
            [23, [27, 31, 23, 25, 28, 30]]
        ],
        [
            [34, [34, 35]]
        ],
        [
            [33, [36, 29, 33]]
        ],
        [
            [25, [40, 39]]
        ],
        [
            [6, [43, 41, 44]]
        ],
        [
            [24, [46, 42, 45, 38, 37]]
        ],
        [
            [21, [49, 48]]
        ],
        [
            [1, [50, 1]]
        ],
        [
            [47, [47]]
        ]
    ]
]",,,862.524567085512,0,16,2.4375,,,,,results/sol_best_R101_3.dat_A8_L120_pid2740.txt,(not found),R101_3.dat_A8_L120_r3.log
109,test_data/data_demand_random_50_batch_all1_equal_random/RC101_0.5.dat,4.0,60.0,1,744.0,"[
    [
        [
            [0, [26, 29, 19, 18, 46, 36, 39, 45, 7, 42, 17, 5, 33, 47, 14, 16, 44, 35, 1, 22, 24, 9, 3, 2]],
            [26, []],
            [29, []],
            [19, []],
            [18, []],
            [46, []],
            [36, []],
            [39, []],
            [45, []],
            [7, []],
            [42, []],
            [17, []],
            [5, []],
            [33, []],
            [47, []],
            [14, []],
            [16, []],
            [44, []],
            [35, []],
            [1, []],
            [22, []],
            [24, []],
            [9, []],
            [3, []],
            [2, []]
        ],
        [
            [0, [30, 48, 13, 10, 12, 38, 34, 21, 28, 25, 20, 27, 41, 11, 49, 32, 8, 31, 6, 4, 40, 50, 23, 37, 43, 15]],
            [30, []],
            [48, []],
            [13, []],
            [10, []],
            [12, []],
            [38, []],
            [34, []],
            [21, []],
            [28, []],
            [25, []],
            [20, []],
            [27, []],
            [41, []],
            [11, []],
            [49, []],
            [32, []],
            [8, []],
            [31, []],
            [6, []],
            [4, []],
            [40, []],
            [50, []],
            [23, []],
            [37, []],
            [43, []],
            [15, []]
        ]
    ],
    [
    ]
]",,,0.0,0,0,0.0,,,,,results/sol_best_RC101_0.5.dat_A4_L60_pid2766.txt,(not found),RC101_0.5.dat_A4_L60_r1.log
109,test_data/data_demand_random_50_batch_all1_equal_random/RC101_0.5.dat,4.0,60.0,2,776.0,"[
    [
        [
            [0, [30, 48, 13, 26, 29, 19, 18, 46, 36, 45, 7, 39, 42, 17, 5, 33, 47, 14, 16, 44, 35, 1, 22]],
            [30, []],
            [48, []],
            [13, []],
            [26, []],
            [29, []],
            [19, []],
            [18, []],
            [46, []],
            [36, []],
            [45, []],
            [7, []],
            [39, []],
            [42, []],
            [17, []],
            [5, []],
            [33, []],
            [47, []],
            [14, []],
            [16, []],
            [44, []],
            [35, []],
            [1, []],
            [22, []]
        ],
        [
            [0, [38, 10, 12, 34, 21, 28, 25, 20, 27, 41, 11, 49, 32, 8, 31, 6, 4, 15, 43, 37, 23, 50, 40, 9, 24, 3, 2]],
            [38, []],
            [10, []],
            [12, []],
            [34, []],
            [21, []],
            [28, []],
            [25, []],
            [20, []],
            [27, []],
            [41, []],
            [11, []],
            [49, []],
            [32, []],
            [8, []],
            [31, []],
            [6, []],
            [4, []],
            [15, []],
            [43, []],
            [37, []],
            [23, []],
            [50, []],
            [40, []],
            [9, []],
            [24, []],
            [3, []],
            [2, []]
        ]
    ],
    [
    ]
]",,,0.0,0,0,0.0,,,,,results/sol_best_RC101_0.5.dat_A4_L60_pid2768.txt,(not found),RC101_0.5.dat_A4_L60_r2.log
109,test_data/data_demand_random_50_batch_all1_equal_random/RC101_0.5.dat,4.0,60.0,3,776.0,"[
    [
        [
            [0, [48, 13, 26, 29, 19, 18, 46, 36, 45, 7, 39, 42, 17, 5, 33, 47, 14, 16, 44, 35, 1, 22]],
            [48, []],
            [13, []],
            [26, []],
            [29, []],
            [19, []],
            [18, []],
            [46, []],
            [36, []],
            [45, []],
            [7, []],
            [39, []],
            [42, []],
            [17, []],
            [5, []],
            [33, []],
            [47, []],
            [14, []],
            [16, []],
            [44, []],
            [35, []],
            [1, []],
            [22, []]
        ],
        [
            [0, [30, 38, 10, 12, 34, 21, 28, 25, 20, 27, 41, 11, 49, 32, 8, 31, 6, 4, 15, 43, 37, 23, 50, 40, 9, 24, 3, 2]],
            [30, []],
            [38, []],
            [10, []],
            [12, []],
            [34, []],
            [21, []],
            [28, []],
            [25, []],
            [20, []],
            [27, []],
            [41, []],
            [11, []],
            [49, []],
            [32, []],
            [8, []],
            [31, []],
            [6, []],
            [4, []],
            [15, []],
            [43, []],
            [37, []],
            [23, []],
            [50, []],
            [40, []],
            [9, []],
            [24, []],
            [3, []],
            [2, []]
        ]
    ],
    [
    ]
]",,,0.0,0,0,0.0,,,,,results/sol_best_RC101_0.5.dat_A4_L60_pid2769.txt,(not found),RC101_0.5.dat_A4_L60_r3.log
110,test_data/data_demand_random_50_batch_all1_equal_random/RC101_0.5.dat,4.0,90.0,1,776.0,"[
    [
        [
            [0, [30, 48, 13, 26, 29, 19, 18, 46, 36, 45, 7, 39, 42, 17, 5, 33, 47, 14, 16, 44, 35, 1, 22]],
            [30, []],
            [48, []],
            [13, []],
            [26, []],
            [29, []],
            [19, []],
            [18, []],
            [46, []],
            [36, []],
            [45, []],
            [7, []],
            [39, []],
            [42, []],
            [17, []],
            [5, []],
            [33, []],
            [47, []],
            [14, []],
            [16, []],
            [44, []],
            [35, []],
            [1, []],
            [22, []]
        ],
        [
            [0, [38, 12, 10, 34, 21, 28, 25, 20, 27, 41, 11, 49, 32, 8, 31, 6, 4, 15, 43, 37, 23, 50, 40, 9, 24, 3, 2]],
            [38, []],
            [12, []],
            [10, []],
            [34, []],
            [21, []],
            [28, []],
            [25, []],
            [20, []],
            [27, []],
            [41, []],
            [11, []],
            [49, []],
            [32, []],
            [8, []],
            [31, []],
            [6, []],
            [4, []],
            [15, []],
            [43, []],
            [37, []],
            [23, []],
            [50, []],
            [40, []],
            [9, []],
            [24, []],
            [3, []],
            [2, []]
        ]
    ],
    [
    ]
]",,,0.0,0,0,0.0,,,,,results/sol_best_RC101_0.5.dat_A4_L90_pid2771.txt,(not found),RC101_0.5.dat_A4_L90_r1.log
110,test_data/data_demand_random_50_batch_all1_equal_random/RC101_0.5.dat,4.0,90.0,2,776.0,"[
    [
        [
            [0, [30, 48, 13, 26, 29, 19, 18, 46, 36, 45, 7, 39, 42, 17, 5, 33, 47, 14, 16, 44, 35, 1, 22]],
            [30, []],
            [48, []],
            [13, []],
            [26, []],
            [29, []],
            [19, []],
            [18, []],
            [46, []],
            [36, []],
            [45, []],
            [7, []],
            [39, []],
            [42, []],
            [17, []],
            [5, []],
            [33, []],
            [47, []],
            [14, []],
            [16, []],
            [44, []],
            [35, []],
            [1, []],
            [22, []]
        ],
        [
            [0, [38, 10, 12, 34, 21, 28, 25, 20, 27, 41, 11, 49, 32, 8, 31, 6, 4, 15, 43, 37, 23, 50, 40, 9, 24, 3, 2]],
            [38, []],
            [10, []],
            [12, []],
            [34, []],
            [21, []],
            [28, []],
            [25, []],
            [20, []],
            [27, []],
            [41, []],
            [11, []],
            [49, []],
            [32, []],
            [8, []],
            [31, []],
            [6, []],
            [4, []],
            [15, []],
            [43, []],
            [37, []],
            [23, []],
            [50, []],
            [40, []],
            [9, []],
            [24, []],
            [3, []],
            [2, []]
        ]
    ],
    [
    ]
]",,,0.0,0,0,0.0,,,,,results/sol_best_RC101_0.5.dat_A4_L90_pid2773.txt,(not found),RC101_0.5.dat_A4_L90_r2.log
110,test_data/data_demand_random_50_batch_all1_equal_random/RC101_0.5.dat,4.0,90.0,3,776.0,"[
    [
        [
            [0, [30, 48, 13, 26, 29, 19, 18, 46, 36, 7, 45, 39, 42, 17, 5, 33, 47, 14, 16, 44, 35, 1, 22]],
            [30, []],
            [48, []],
            [13, []],
            [26, []],
            [29, []],
            [19, []],
            [18, []],
            [46, []],
            [36, []],
            [7, []],
            [45, []],
            [39, []],
            [42, []],
            [17, []],
            [5, []],
            [33, []],
            [47, []],
            [14, []],
            [16, []],
            [44, []],
            [35, []],
            [1, []],
            [22, []]
        ],
        [
            [0, [38, 10, 12, 34, 21, 28, 25, 20, 27, 41, 11, 49, 32, 8, 31, 6, 4, 15, 43, 37, 23, 50, 40, 9, 24, 3, 2]],
            [38, []],
            [10, []],
            [12, []],
            [34, []],
            [21, []],
            [28, []],
            [25, []],
            [20, []],
            [27, []],
            [41, []],
            [11, []],
            [49, []],
            [32, []],
            [8, []],
            [31, []],
            [6, []],
            [4, []],
            [15, []],
            [43, []],
            [37, []],
            [23, []],
            [50, []],
            [40, []],
            [9, []],
            [24, []],
            [3, []],
            [2, []]
        ]
    ],
    [
    ]
]",,,0.0,0,0,0.0,,,,,results/sol_best_RC101_0.5.dat_A4_L90_pid2774.txt,(not found),RC101_0.5.dat_A4_L90_r3.log
111,test_data/data_demand_random_50_batch_all1_equal_random/RC101_0.5.dat,4.0,120.0,1,776.0,"[
    [
        [
            [0, [48, 13, 26, 29, 19, 18, 46, 36, 45, 7, 39, 42, 17, 5, 33, 47, 14, 16, 44, 35, 1, 22]],
            [48, []],
            [13, []],
            [26, []],
            [29, []],
            [19, []],
            [18, []],
            [46, []],
            [36, []],
            [45, []],
            [7, []],
            [39, []],
            [42, []],
            [17, []],
            [5, []],
            [33, []],
            [47, []],
            [14, []],
            [16, []],
            [44, []],
            [35, []],
            [1, []],
            [22, []]
        ],
        [
            [0, [30, 38, 10, 12, 34, 21, 28, 25, 20, 27, 41, 11, 49, 32, 8, 31, 6, 4, 15, 43, 37, 23, 50, 40, 9, 24, 3, 2]],
            [30, []],
            [38, []],
            [10, []],
            [12, []],
            [34, []],
            [21, []],
            [28, []],
            [25, []],
            [20, []],
            [27, []],
            [41, []],
            [11, []],
            [49, []],
            [32, []],
            [8, []],
            [31, []],
            [6, []],
            [4, []],
            [15, []],
            [43, []],
            [37, []],
            [23, []],
            [50, []],
            [40, []],
            [9, []],
            [24, []],
            [3, []],
            [2, []]
        ]
    ],
    [
    ]
]",,,0.0,0,0,0.0,,,,,results/sol_best_RC101_0.5.dat_A4_L120_pid2754.txt,(not found),RC101_0.5.dat_A4_L120_r1.log
111,test_data/data_demand_random_50_batch_all1_equal_random/RC101_0.5.dat,4.0,120.0,2,776.0,"[
    [
        [
            [0, [30, 48, 13, 26, 29, 19, 18, 46, 36, 7, 45, 39, 42, 17, 5, 33, 47, 14, 16, 44, 35, 1, 22]],
            [30, []],
            [48, []],
            [13, []],
            [26, []],
            [29, []],
            [19, []],
            [18, []],
            [46, []],
            [36, []],
            [7, []],
            [45, []],
            [39, []],
            [42, []],
            [17, []],
            [5, []],
            [33, []],
            [47, []],
            [14, []],
            [16, []],
            [44, []],
            [35, []],
            [1, []],
            [22, []]
        ],
        [
            [0, [38, 12, 10, 34, 21, 28, 25, 20, 27, 41, 11, 49, 32, 8, 31, 6, 4, 15, 43, 37, 23, 50, 40, 9, 24, 3, 2]],
            [38, []],
            [12, []],
            [10, []],
            [34, []],
            [21, []],
            [28, []],
            [25, []],
            [20, []],
            [27, []],
            [41, []],
            [11, []],
            [49, []],
            [32, []],
            [8, []],
            [31, []],
            [6, []],
            [4, []],
            [15, []],
            [43, []],
            [37, []],
            [23, []],
            [50, []],
            [40, []],
            [9, []],
            [24, []],
            [3, []],
            [2, []]
        ]
    ],
    [
    ]
]",,,0.0,0,0,0.0,,,,,results/sol_best_RC101_0.5.dat_A4_L120_pid2756.txt,(not found),RC101_0.5.dat_A4_L120_r2.log
111,test_data/data_demand_random_50_batch_all1_equal_random/RC101_0.5.dat,4.0,120.0,3,776.0,"[
    [
        [
            [0, [30, 48, 13, 26, 29, 19, 18, 46, 36, 45, 7, 39, 42, 17, 5, 33, 47, 14, 16, 44, 35, 1, 22]],
            [30, []],
            [48, []],
            [13, []],
            [26, []],
            [29, []],
            [19, []],
            [18, []],
            [46, []],
            [36, []],
            [45, []],
            [7, []],
            [39, []],
            [42, []],
            [17, []],
            [5, []],
            [33, []],
            [47, []],
            [14, []],
            [16, []],
            [44, []],
            [35, []],
            [1, []],
            [22, []]
        ],
        [
            [0, [38, 10, 12, 34, 21, 28, 25, 20, 27, 41, 11, 49, 32, 8, 31, 6, 4, 15, 43, 37, 23, 50, 40, 9, 24, 3, 2]],
            [38, []],
            [10, []],
            [12, []],
            [34, []],
            [21, []],
            [28, []],
            [25, []],
            [20, []],
            [27, []],
            [41, []],
            [11, []],
            [49, []],
            [32, []],
            [8, []],
            [31, []],
            [6, []],
            [4, []],
            [15, []],
            [43, []],
            [37, []],
            [23, []],
            [50, []],
            [40, []],
            [9, []],
            [24, []],
            [3, []],
            [2, []]
        ]
    ],
    [
    ]
]",,,0.0,0,0,0.0,,,,,results/sol_best_RC101_0.5.dat_A4_L120_pid2757.txt,(not found),RC101_0.5.dat_A4_L120_r3.log
112,test_data/data_demand_random_50_batch_all1_equal_random/RC101_0.5.dat,8.0,60.0,1,776.0,"[
    [
        [
            [0, [48, 13, 26, 29, 19, 18, 46, 36, 45, 7, 39, 42, 17, 5, 33, 47, 14, 16, 44, 35, 1, 22]],
            [48, []],
            [13, []],
            [26, []],
            [29, []],
            [19, []],
            [18, []],
            [46, []],
            [36, []],
            [45, []],
            [7, []],
            [39, []],
            [42, []],
            [17, []],
            [5, []],
            [33, []],
            [47, []],
            [14, []],
            [16, []],
            [44, []],
            [35, []],
            [1, []],
            [22, []]
        ],
        [
            [0, [30, 38, 10, 12, 34, 21, 28, 25, 20, 27, 41, 11, 49, 32, 8, 31, 6, 4, 15, 43, 37, 23, 50, 40, 9, 24, 3, 2]],
            [30, []],
            [38, []],
            [10, []],
            [12, []],
            [34, []],
            [21, []],
            [28, []],
            [25, []],
            [20, []],
            [27, []],
            [41, []],
            [11, []],
            [49, []],
            [32, []],
            [8, []],
            [31, []],
            [6, []],
            [4, []],
            [15, []],
            [43, []],
            [37, []],
            [23, []],
            [50, []],
            [40, []],
            [9, []],
            [24, []],
            [3, []],
            [2, []]
        ]
    ],
    [
    ]
]",,,0.0,0,0,0.0,,,,,results/sol_best_RC101_0.5.dat_A8_L60_pid2814.txt,(not found),RC101_0.5.dat_A8_L60_r1.log
112,test_data/data_demand_random_50_batch_all1_equal_random/RC101_0.5.dat,8.0,60.0,2,752.0,"[
    [
        [
            [0, [26, 29, 19, 18, 46, 36, 39, 45, 7, 42, 2, 22, 1, 47, 14, 16, 44, 35, 33, 5, 17]],
            [26, []],
            [29, []],
            [19, []],
            [18, []],
            [46, []],
            [36, []],
            [39, []],
            [45, []],
            [7, []],
            [42, []],
            [2, []],
            [22, []],
            [1, []],
            [47, []],
            [14, []],
            [16, []],
            [44, []],
            [35, []],
            [33, []],
            [5, []],
            [17, []]
        ],
        [
            [0, [30, 48, 13, 10, 12, 38, 34, 21, 28, 25, 20, 27, 41, 11, 49, 32, 8, 31, 6, 4, 3, 24, 9, 40, 50, 23, 37, 43, 15]],
            [30, []],
            [48, []],
            [13, []],
            [10, []],
            [12, []],
            [38, []],
            [34, []],
            [21, []],
            [28, []],
            [25, []],
            [20, []],
            [27, []],
            [41, []],
            [11, []],
            [49, []],
            [32, []],
            [8, []],
            [31, []],
            [6, []],
            [4, []],
            [3, []],
            [24, []],
            [9, []],
            [40, []],
            [50, []],
            [23, []],
            [37, []],
            [43, []],
            [15, []]
        ]
    ],
    [
    ]
]",,,0.0,0,0,0.0,,,,,results/sol_best_RC101_0.5.dat_A8_L60_pid2816.txt,(not found),RC101_0.5.dat_A8_L60_r2.log
112,test_data/data_demand_random_50_batch_all1_equal_random/RC101_0.5.dat,8.0,60.0,3,744.0,"[
    [
        [
            [0, [26, 29, 19, 18, 46, 36, 7, 45, 39, 42, 17, 5, 33, 47, 14, 16, 44, 35, 1, 22, 9, 24, 3, 2]],
            [26, []],
            [29, []],
            [19, []],
            [18, []],
            [46, []],
            [36, []],
            [7, []],
            [45, []],
            [39, []],
            [42, []],
            [17, []],
            [5, []],
            [33, []],
            [47, []],
            [14, []],
            [16, []],
            [44, []],
            [35, []],
            [1, []],
            [22, []],
            [9, []],
            [24, []],
            [3, []],
            [2, []]
        ],
        [
            [0, [30, 48, 13, 10, 12, 38, 34, 21, 28, 25, 20, 27, 41, 6, 31, 32, 8, 49, 11, 4, 40, 50, 43, 37, 23, 15]],
            [30, []],
            [48, []],
            [13, []],
            [10, []],
            [12, []],
            [38, []],
            [34, []],
            [21, []],
            [28, []],
            [25, []],
            [20, []],
            [27, []],
            [41, []],
            [6, []],
            [31, []],
            [32, []],
            [8, []],
            [49, []],
            [11, []],
            [4, []],
            [40, []],
            [50, []],
            [43, []],
            [37, []],
            [23, []],
            [15, []]
        ]
    ],
    [
    ]
]",,,0.0,0,0,0.0,,,,,results/sol_best_RC101_0.5.dat_A8_L60_pid2817.txt,(not found),RC101_0.5.dat_A8_L60_r3.log
113,test_data/data_demand_random_50_batch_all1_equal_random/RC101_0.5.dat,8.0,90.0,1,776.0,"[
    [
        [
            [0, [48, 13, 26, 29, 19, 18, 46, 36, 45, 7, 39, 42, 17, 5, 33, 47, 14, 16, 44, 35, 1, 22]],
            [48, []],
            [13, []],
            [26, []],
            [29, []],
            [19, []],
            [18, []],
            [46, []],
            [36, []],
            [45, []],
            [7, []],
            [39, []],
            [42, []],
            [17, []],
            [5, []],
            [33, []],
            [47, []],
            [14, []],
            [16, []],
            [44, []],
            [35, []],
            [1, []],
            [22, []]
        ],
        [
            [0, [30, 38, 10, 12, 34, 21, 28, 25, 20, 27, 41, 11, 49, 32, 8, 31, 6, 4, 15, 43, 37, 23, 50, 40, 9, 24, 3, 2]],
            [30, []],
            [38, []],
            [10, []],
            [12, []],
            [34, []],
            [21, []],
            [28, []],
            [25, []],
            [20, []],
            [27, []],
            [41, []],
            [11, []],
            [49, []],
            [32, []],
            [8, []],
            [31, []],
            [6, []],
            [4, []],
            [15, []],
            [43, []],
            [37, []],
            [23, []],
            [50, []],
            [40, []],
            [9, []],
            [24, []],
            [3, []],
            [2, []]
        ]
    ],
    [
    ]
]",,,0.0,0,0,0.0,,,,,results/sol_best_RC101_0.5.dat_A8_L90_pid2737.txt,(not found),RC101_0.5.dat_A8_L90_r1.log
113,test_data/data_demand_random_50_batch_all1_equal_random/RC101_0.5.dat,8.0,90.0,2,776.0,"[
    [
        [
            [0, [30, 48, 13, 26, 29, 19, 18, 46, 36, 45, 7, 39, 42, 17, 5, 33, 47, 14, 16, 44, 35, 1, 22]],
            [30, []],
            [48, []],
            [13, []],
            [26, []],
            [29, []],
            [19, []],
            [18, []],
            [46, []],
            [36, []],
            [45, []],
            [7, []],
            [39, []],
            [42, []],
            [17, []],
            [5, []],
            [33, []],
            [47, []],
            [14, []],
            [16, []],
            [44, []],
            [35, []],
            [1, []],
            [22, []]
        ],
        [
            [0, [38, 10, 12, 34, 21, 28, 25, 20, 27, 41, 11, 49, 32, 8, 31, 6, 4, 15, 43, 37, 23, 50, 40, 9, 24, 3, 2]],
            [38, []],
            [10, []],
            [12, []],
            [34, []],
            [21, []],
            [28, []],
            [25, []],
            [20, []],
            [27, []],
            [41, []],
            [11, []],
            [49, []],
            [32, []],
            [8, []],
            [31, []],
            [6, []],
            [4, []],
            [15, []],
            [43, []],
            [37, []],
            [23, []],
            [50, []],
            [40, []],
            [9, []],
            [24, []],
            [3, []],
            [2, []]
        ]
    ],
    [
    ]
]",,,0.0,0,0,0.0,,,,,results/sol_best_RC101_0.5.dat_A8_L90_pid2739.txt,(not found),RC101_0.5.dat_A8_L90_r2.log
113,test_data/data_demand_random_50_batch_all1_equal_random/RC101_0.5.dat,8.0,90.0,3,776.0,"[
    [
        [
            [0, [48, 13, 26, 29, 19, 18, 46, 36, 45, 7, 39, 42, 17, 5, 33, 47, 14, 16, 44, 35, 1, 22]],
            [48, []],
            [13, []],
            [26, []],
            [29, []],
            [19, []],
            [18, []],
            [46, []],
            [36, []],
            [45, []],
            [7, []],
            [39, []],
            [42, []],
            [17, []],
            [5, []],
            [33, []],
            [47, []],
            [14, []],
            [16, []],
            [44, []],
            [35, []],
            [1, []],
            [22, []]
        ],
        [
            [0, [30, 38, 10, 12, 34, 21, 28, 25, 20, 27, 41, 11, 49, 32, 8, 31, 6, 4, 15, 43, 37, 23, 50, 40, 9, 24, 3, 2]],
            [30, []],
            [38, []],
            [10, []],
            [12, []],
            [34, []],
            [21, []],
            [28, []],
            [25, []],
            [20, []],
            [27, []],
            [41, []],
            [11, []],
            [49, []],
            [32, []],
            [8, []],
            [31, []],
            [6, []],
            [4, []],
            [15, []],
            [43, []],
            [37, []],
            [23, []],
            [50, []],
            [40, []],
            [9, []],
            [24, []],
            [3, []],
            [2, []]
        ]
    ],
    [
    ]
]",,,0.0,0,0,0.0,,,,,results/sol_best_RC101_0.5.dat_A8_L90_pid2740.txt,(not found),RC101_0.5.dat_A8_L90_r3.log
114,test_data/data_demand_random_50_batch_all1_equal_random/RC101_0.5.dat,8.0,120.0,1,776.0,"[
    [
        [
            [0, [30, 48, 13, 26, 29, 19, 18, 46, 36, 45, 7, 39, 42, 17, 5, 33, 47, 14, 16, 44, 35, 1, 22]],
            [30, []],
            [48, []],
            [13, []],
            [26, []],
            [29, []],
            [19, []],
            [18, []],
            [46, []],
            [36, []],
            [45, []],
            [7, []],
            [39, []],
            [42, []],
            [17, []],
            [5, []],
            [33, []],
            [47, []],
            [14, []],
            [16, []],
            [44, []],
            [35, []],
            [1, []],
            [22, []]
        ],
        [
            [0, [38, 10, 12, 34, 21, 28, 25, 20, 27, 41, 11, 49, 32, 8, 31, 6, 4, 15, 43, 37, 23, 50, 40, 9, 24, 3, 2]],
            [38, []],
            [10, []],
            [12, []],
            [34, []],
            [21, []],
            [28, []],
            [25, []],
            [20, []],
            [27, []],
            [41, []],
            [11, []],
            [49, []],
            [32, []],
            [8, []],
            [31, []],
            [6, []],
            [4, []],
            [15, []],
            [43, []],
            [37, []],
            [23, []],
            [50, []],
            [40, []],
            [9, []],
            [24, []],
            [3, []],
            [2, []]
        ]
    ],
    [
    ]
]",,,0.0,0,0,0.0,,,,,results/sol_best_RC101_0.5.dat_A8_L120_pid2751.txt,(not found),RC101_0.5.dat_A8_L120_r1.log
114,test_data/data_demand_random_50_batch_all1_equal_random/RC101_0.5.dat,8.0,120.0,2,776.0,"[
    [
        [
            [0, [30, 48, 13, 26, 29, 19, 18, 46, 36, 45, 7, 39, 42, 17, 5, 33, 47, 14, 16, 44, 35, 1, 22]],
            [30, []],
            [48, []],
            [13, []],
            [26, []],
            [29, []],
            [19, []],
            [18, []],
            [46, []],
            [36, []],
            [45, []],
            [7, []],
            [39, []],
            [42, []],
            [17, []],
            [5, []],
            [33, []],
            [47, []],
            [14, []],
            [16, []],
            [44, []],
            [35, []],
            [1, []],
            [22, []]
        ],
        [
            [0, [38, 10, 12, 34, 21, 28, 25, 20, 27, 41, 11, 49, 32, 8, 31, 6, 4, 15, 43, 37, 23, 50, 40, 9, 24, 3, 2]],
            [38, []],
            [10, []],
            [12, []],
            [34, []],
            [21, []],
            [28, []],
            [25, []],
            [20, []],
            [27, []],
            [41, []],
            [11, []],
            [49, []],
            [32, []],
            [8, []],
            [31, []],
            [6, []],
            [4, []],
            [15, []],
            [43, []],
            [37, []],
            [23, []],
            [50, []],
            [40, []],
            [9, []],
            [24, []],
            [3, []],
            [2, []]
        ]
    ],
    [
    ]
]",,,0.0,0,0,0.0,,,,,results/sol_best_RC101_0.5.dat_A8_L120_pid2753.txt,(not found),RC101_0.5.dat_A8_L120_r2.log
114,test_data/data_demand_random_50_batch_all1_equal_random/RC101_0.5.dat,8.0,120.0,3,776.0,"[
    [
        [
            [0, [48, 13, 26, 29, 19, 18, 46, 36, 45, 7, 39, 42, 17, 5, 33, 47, 14, 16, 44, 35, 1, 22]],
            [48, []],
            [13, []],
            [26, []],
            [29, []],
            [19, []],
            [18, []],
            [46, []],
            [36, []],
            [45, []],
            [7, []],
            [39, []],
            [42, []],
            [17, []],
            [5, []],
            [33, []],
            [47, []],
            [14, []],
            [16, []],
            [44, []],
            [35, []],
            [1, []],
            [22, []]
        ],
        [
            [0, [30, 38, 10, 12, 34, 21, 28, 25, 20, 27, 41, 11, 49, 32, 8, 31, 6, 4, 15, 43, 37, 23, 50, 40, 9, 24, 3, 2]],
            [30, []],
            [38, []],
            [10, []],
            [12, []],
            [34, []],
            [21, []],
            [28, []],
            [25, []],
            [20, []],
            [27, []],
            [41, []],
            [11, []],
            [49, []],
            [32, []],
            [8, []],
            [31, []],
            [6, []],
            [4, []],
            [15, []],
            [43, []],
            [37, []],
            [23, []],
            [50, []],
            [40, []],
            [9, []],
            [24, []],
            [3, []],
            [2, []]
        ]
    ],
    [
    ]
]",,,0.0,0,0,0.0,,,,,results/sol_best_RC101_0.5.dat_A8_L120_pid2754.txt,(not found),RC101_0.5.dat_A8_L120_r3.log
115,test_data/data_demand_random_50_batch_all1_equal_random/RC101_1.5.dat,4.0,60.0,1,1124.0,"[
    [
        [
            [0, [12, 10, 37, 36, 40, 44, 14, 27, 47, 35, 13, 43, 39, 50, 23, 22, 29, 41, 16, 9, 33, 32, 1]],
            [12, []],
            [10, []],
            [37, []],
            [36, []],
            [40, []],
            [44, []],
            [14, []],
            [27, []],
            [47, []],
            [35, []],
            [13, []],
            [43, []],
            [39, []],
            [50, []],
            [23, []],
            [22, []],
            [29, []],
            [41, []],
            [16, []],
            [9, []],
            [33, []],
            [32, []],
            [1, []]
        ],
        [
            [0, [6, 21, 8, 49, 24, 31, 17, 26, 15, 3, 34, 45, 20, 5, 2, 46, 4, 38, 48, 42, 19, 30, 7, 28, 11, 18, 25]],
            [6, []],
            [21, []],
            [8, []],
            [49, []],
            [24, []],
            [31, []],
            [17, []],
            [26, []],
            [15, []],
            [3, []],
            [34, []],
            [45, []],
            [20, []],
            [5, []],
            [2, []],
            [46, []],
            [4, []],
            [38, []],
            [48, []],
            [42, []],
            [19, []],
            [30, []],
            [7, []],
            [28, []],
            [11, []],
            [18, []],
            [25, []]
        ]
    ],
    [
    ]
]",,,0.0,0,0,0.0,,,,,results/sol_best_RC101_1.5.dat_A4_L60_pid2734.txt,(not found),RC101_1.5.dat_A4_L60_r1.log
115,test_data/data_demand_random_50_batch_all1_equal_random/RC101_1.5.dat,4.0,60.0,2,1128.0,"[
    [
        [
            [0, [12, 34, 49, 6, 36, 40, 44, 14, 27, 47, 35, 13, 43, 39, 1, 32, 33, 9, 16, 41, 29, 22, 23, 50]],
            [12, []],
            [34, []],
            [49, []],
            [6, []],
            [36, []],
            [40, []],
            [44, []],
            [14, []],
            [27, []],
            [47, []],
            [35, []],
            [13, []],
            [43, []],
            [39, []],
            [1, []],
            [32, []],
            [33, []],
            [9, []],
            [16, []],
            [41, []],
            [29, []],
            [22, []],
            [23, []],
            [50, []]
        ],
        [
            [0, [10, 37, 21, 8, 24, 31, 17, 26, 15, 3, 45, 20, 5, 2, 46, 4, 38, 48, 42, 19, 30, 7, 28, 11, 18, 25]],
            [10, []],
            [37, []],
            [21, []],
            [8, []],
            [24, []],
            [31, []],
            [17, []],
            [26, []],
            [15, []],
            [3, []],
            [45, []],
            [20, []],
            [5, []],
            [2, []],
            [46, []],
            [4, []],
            [38, []],
            [48, []],
            [42, []],
            [19, []],
            [30, []],
            [7, []],
            [28, []],
            [11, []],
            [18, []],
            [25, []]
        ]
    ],
    [
    ]
]",,,0.0,0,0,0.0,,,,,results/sol_best_RC101_1.5.dat_A4_L60_pid2736.txt,(not found),RC101_1.5.dat_A4_L60_r2.log
115,test_data/data_demand_random_50_batch_all1_equal_random/RC101_1.5.dat,4.0,60.0,3,1124.0,"[
    [
        [
            [0, [12, 10, 37, 36, 40, 44, 14, 27, 47, 35, 13, 43, 39, 50, 23, 22, 29, 41, 16, 9, 33, 32, 1]],
            [12, []],
            [10, []],
            [37, []],
            [36, []],
            [40, []],
            [44, []],
            [14, []],
            [27, []],
            [47, []],
            [35, []],
            [13, []],
            [43, []],
            [39, []],
            [50, []],
            [23, []],
            [22, []],
            [29, []],
            [41, []],
            [16, []],
            [9, []],
            [33, []],
            [32, []],
            [1, []]
        ],
        [
            [0, [6, 21, 8, 49, 24, 31, 17, 26, 15, 3, 34, 45, 20, 5, 2, 46, 4, 38, 48, 42, 19, 30, 7, 28, 11, 18, 25]],
            [6, []],
            [21, []],
            [8, []],
            [49, []],
            [24, []],
            [31, []],
            [17, []],
            [26, []],
            [15, []],
            [3, []],
            [34, []],
            [45, []],
            [20, []],
            [5, []],
            [2, []],
            [46, []],
            [4, []],
            [38, []],
            [48, []],
            [42, []],
            [19, []],
            [30, []],
            [7, []],
            [28, []],
            [11, []],
            [18, []],
            [25, []]
        ]
    ],
    [
    ]
]",,,0.0,0,0,0.0,,,,,results/sol_best_RC101_1.5.dat_A4_L60_pid2737.txt,(not found),RC101_1.5.dat_A4_L60_r3.log
116,test_data/data_demand_random_50_batch_all1_equal_random/RC101_1.5.dat,4.0,90.0,1,1096.0,"[
    [
        [
            [0, [12, 34, 26, 31, 21, 8, 6, 37, 36, 40, 44, 14, 27, 35, 13, 43, 39, 1, 32, 33, 9, 16, 41, 29, 22, 23]],
            [12, []],
            [34, []],
            [26, []],
            [31, []],
            [24, [47, 50, 24]],
            [49, [49]],
            [21, []],
            [8, []],
            [6, []],
            [37, []],
            [36, []],
            [40, []],
            [44, []],
            [14, []],
            [27, []],
            [47, []],
            [35, []],
            [13, []],
            [43, []],
            [39, []],
            [1, []],
            [32, []],
            [33, []],
            [9, []],
            [16, []],
            [41, []],
            [29, []],
            [22, []],
            [23, []],
            [50, []]
        ],
        [
            [0, [10, 17, 15, 3, 45, 20, 5, 2, 46, 4, 38, 48, 42, 19, 30, 7, 28, 11, 18, 25]],
            [10, []],
            [17, []],
            [15, []],
            [3, []],
            [45, []],
            [20, []],
            [5, []],
            [2, []],
            [46, []],
            [4, []],
            [38, []],
            [48, []],
            [42, []],
            [19, []],
            [30, []],
            [7, []],
            [28, []],
            [11, []],
            [18, []],
            [25, []]
        ]
    ],
    [
        [
            [24, [47, 50, 24]]
        ],
        [
            [49, [49]]
        ]
    ]
]",,,679.8957186414332,0,2,2.0,,,,,results/sol_best_RC101_1.5.dat_A4_L90_pid2743.txt,(not found),RC101_1.5.dat_A4_L90_r1.log
116,test_data/data_demand_random_50_batch_all1_equal_random/RC101_1.5.dat,4.0,90.0,2,1106.0,"[
    [
        [
            [0, [12, 34, 26, 31, 8, 21, 37, 10, 6, 36, 40, 44, 14, 27, 35, 13, 43, 39, 1, 32, 33, 9, 16, 41, 29, 22, 23]],
            [12, []],
            [34, []],
            [26, [49, 47, 50]],
            [31, []],
            [49, []],
            [8, []],
            [21, []],
            [37, []],
            [10, []],
            [6, []],
            [36, []],
            [40, []],
            [44, []],
            [14, []],
            [27, []],
            [47, []],
            [35, []],
            [13, []],
            [43, []],
            [39, []],
            [1, []],
            [32, []],
            [33, []],
            [9, []],
            [16, []],
            [41, []],
            [29, []],
            [22, []],
            [23, []],
            [50, []]
        ],
        [
            [0, [24, 17, 15, 3, 45, 20, 5, 2, 46, 4, 38, 48, 42, 19, 30, 7, 28, 11, 18, 25]],
            [24, []],
            [17, []],
            [15, []],
            [3, []],
            [45, []],
            [20, []],
            [5, []],
            [2, []],
            [46, []],
            [4, []],
            [38, []],
            [48, []],
            [42, []],
            [19, []],
            [30, []],
            [7, []],
            [28, []],
            [11, []],
            [18, []],
            [25, []]
        ]
    ],
    [
        [
            [26, [49, 47, 50]]
        ]
    ]
]",,,663.0788655293195,0,1,3.0,,,,,results/sol_best_RC101_1.5.dat_A4_L90_pid2745.txt,(not found),RC101_1.5.dat_A4_L90_r2.log
116,test_data/data_demand_random_50_batch_all1_equal_random/RC101_1.5.dat,4.0,90.0,3,1106.0,"[
    [
        [
            [0, [12, 34, 26, 31, 21, 8, 6, 10, 37, 36, 40, 44, 14, 27, 35, 13, 43, 39, 1, 32, 33, 9, 16, 41, 29, 22, 23]],
            [12, []],
            [34, []],
            [26, [49, 47, 50]],
            [31, []],
            [49, []],
            [21, []],
            [8, []],
            [6, []],
            [10, []],
            [37, []],
            [36, []],
            [40, []],
            [44, []],
            [14, []],
            [27, []],
            [47, []],
            [35, []],
            [13, []],
            [43, []],
            [39, []],
            [1, []],
            [32, []],
            [33, []],
            [9, []],
            [16, []],
            [41, []],
            [29, []],
            [22, []],
            [23, []],
            [50, []]
        ],
        [
            [0, [24, 17, 15, 3, 45, 20, 5, 2, 46, 4, 38, 48, 42, 19, 30, 7, 28, 11, 18, 25]],
            [24, []],
            [17, []],
            [15, []],
            [3, []],
            [45, []],
            [20, []],
            [5, []],
            [2, []],
            [46, []],
            [4, []],
            [38, []],
            [48, []],
            [42, []],
            [19, []],
            [30, []],
            [7, []],
            [28, []],
            [11, []],
            [18, []],
            [25, []]
        ]
    ],
    [
        [
            [26, [49, 47, 50]]
        ]
    ]
]",,,663.0788655293195,0,1,3.0,,,,,results/sol_best_RC101_1.5.dat_A4_L90_pid2746.txt,(not found),RC101_1.5.dat_A4_L90_r3.log
117,test_data/data_demand_random_50_batch_all1_equal_random/RC101_1.5.dat,4.0,120.0,1,1104.0,"[
    [
        [
            [0, [12, 34, 26, 31, 8, 21, 37, 6, 36, 40, 44, 14, 27, 35, 13, 43, 39, 23, 22, 29, 41, 16, 9, 33, 32, 1]],
            [12, []],
            [34, []],
            [26, [49, 47, 50]],
            [31, []],
            [49, []],
            [8, []],
            [21, []],
            [37, []],
            [6, []],
            [36, []],
            [40, []],
            [44, []],
            [14, []],
            [27, []],
            [47, []],
            [35, []],
            [13, []],
            [43, []],
            [39, []],
            [50, []],
            [23, []],
            [22, []],
            [29, []],
            [41, []],
            [16, []],
            [9, []],
            [33, []],
            [32, []],
            [1, []]
        ],
        [
            [0, [10, 24, 17, 15, 3, 45, 20, 5, 2, 46, 4, 38, 48, 42, 19, 30, 7, 28, 11, 18, 25]],
            [10, []],
            [24, []],
            [17, []],
            [15, []],
            [3, []],
            [45, []],
            [20, []],
            [5, []],
            [2, []],
            [46, []],
            [4, []],
            [38, []],
            [48, []],
            [42, []],
            [19, []],
            [30, []],
            [7, []],
            [28, []],
            [11, []],
            [18, []],
            [25, []]
        ]
    ],
    [
        [
            [26, [49, 47, 50]]
        ]
    ]
]",,,663.0788655293195,0,1,3.0,,,,,results/sol_best_RC101_1.5.dat_A4_L120_pid2739.txt,(not found),RC101_1.5.dat_A4_L120_r1.log
117,test_data/data_demand_random_50_batch_all1_equal_random/RC101_1.5.dat,4.0,120.0,2,1130.2,"[
    [
        [
            [0, [12, 20, 34, 26, 31, 21, 8, 6, 10, 37, 36, 40, 44, 14, 27, 35, 13, 43, 39, 1, 32, 33, 9, 16, 41, 29, 22, 23]],
            [12, []],
            [20, []],
            [45, [49, 47, 50, 45]],
            [34, []],
            [26, []],
            [31, []],
            [49, []],
            [21, []],
            [8, []],
            [6, []],
            [10, []],
            [37, []],
            [36, []],
            [40, []],
            [44, []],
            [14, []],
            [27, []],
            [47, []],
            [35, []],
            [13, []],
            [43, []],
            [39, []],
            [1, []],
            [32, []],
            [33, []],
            [9, []],
            [16, []],
            [41, []],
            [29, []],
            [22, []],
            [23, []],
            [50, []]
        ],
        [
            [0, [24, 17, 15, 3, 5, 2, 46, 4, 38, 48, 42, 19, 30, 7, 28, 11, 18, 25]],
            [24, []],
            [17, []],
            [15, []],
            [3, []],
            [5, []],
            [2, []],
            [46, []],
            [4, []],
            [38, []],
            [48, []],
            [42, []],
            [19, []],
            [30, []],
            [7, []],
            [28, []],
            [11, []],
            [18, []],
            [25, []]
        ]
    ],
    [
        [
            [45, [49, 47, 50, 45]]
        ]
    ]
]",,,594.2021504754765,0,1,4.0,,,,,results/sol_best_RC101_1.5.dat_A4_L120_pid2741.txt,(not found),RC101_1.5.dat_A4_L120_r2.log
117,test_data/data_demand_random_50_batch_all1_equal_random/RC101_1.5.dat,4.0,120.0,3,1106.0,"[
    [
        [
            [0, [12, 34, 26, 31, 21, 8, 6, 10, 37, 36, 40, 44, 14, 27, 35, 13, 43, 39, 1, 32, 33, 9, 16, 41, 29, 22, 23]],
            [12, []],
            [34, []],
            [26, [49, 47, 50]],
            [31, []],
            [49, []],
            [21, []],
            [8, []],
            [6, []],
            [10, []],
            [37, []],
            [36, []],
            [40, []],
            [44, []],
            [14, []],
            [27, []],
            [47, []],
            [35, []],
            [13, []],
            [43, []],
            [39, []],
            [1, []],
            [32, []],
            [33, []],
            [9, []],
            [16, []],
            [41, []],
            [29, []],
            [22, []],
            [23, []],
            [50, []]
        ],
        [
            [0, [24, 17, 15, 3, 45, 20, 5, 2, 46, 4, 38, 48, 42, 19, 30, 7, 28, 11, 18, 25]],
            [24, []],
            [17, []],
            [15, []],
            [3, []],
            [45, []],
            [20, []],
            [5, []],
            [2, []],
            [46, []],
            [4, []],
            [38, []],
            [48, []],
            [42, []],
            [19, []],
            [30, []],
            [7, []],
            [28, []],
            [11, []],
            [18, []],
            [25, []]
        ]
    ],
    [
        [
            [26, [49, 47, 50]]
        ]
    ]
]",,,663.0788655293195,0,1,3.0,,,,,results/sol_best_RC101_1.5.dat_A4_L120_pid2742.txt,(not found),RC101_1.5.dat_A4_L120_r3.log
118,test_data/data_demand_random_50_batch_all1_equal_random/RC101_1.5.dat,8.0,60.0,1,1076.0,"[
    [
        [
            [0, [10, 26, 17, 31, 24, 49, 8, 21, 6, 37, 40, 36, 47, 35, 13, 27, 43, 44, 14, 39, 33, 32, 9, 16, 41, 29, 22, 23, 1, 50]],
            [10, []],
            [26, []],
            [17, []],
            [31, []],
            [24, []],
            [49, []],
            [8, []],
            [21, []],
            [6, []],
            [37, []],
            [40, []],
            [36, []],
            [47, []],
            [35, []],
            [13, []],
            [27, []],
            [43, []],
            [44, []],
            [14, []],
            [39, []],
            [33, []],
            [32, []],
            [9, []],
            [16, []],
            [41, []],
            [29, []],
            [22, []],
            [23, []],
            [1, []],
            [50, []]
        ],
        [
            [0, [15, 3, 34, 12, 45, 20, 5, 2, 46, 4, 38, 48, 42, 19, 30, 7, 28, 11, 18, 25]],
            [15, []],
            [3, []],
            [34, []],
            [12, []],
            [45, []],
            [20, []],
            [5, []],
            [2, []],
            [46, []],
            [4, []],
            [38, []],
            [48, []],
            [42, []],
            [19, []],
            [30, []],
            [7, []],
            [28, []],
            [11, []],
            [18, []],
            [25, []]
        ]
    ],
    [
    ]
]",,,0.0,0,0,0.0,,,,,results/sol_best_RC101_1.5.dat_A8_L60_pid2765.txt,(not found),RC101_1.5.dat_A8_L60_r1.log
118,test_data/data_demand_random_50_batch_all1_equal_random/RC101_1.5.dat,8.0,60.0,2,1156.0,"[
    [
        [
            [0, [12, 45, 20, 34, 3, 24, 49, 10, 6, 37, 40, 44, 14, 27, 47, 35, 13, 43, 39, 50, 23, 22, 29, 41, 16, 9, 33, 32, 1]],
            [12, []],
            [45, []],
            [20, []],
            [34, []],
            [3, []],
            [24, []],
            [49, []],
            [10, []],
            [6, []],
            [37, []],
            [40, []],
            [44, []],
            [14, []],
            [27, []],
            [47, []],
            [35, []],
            [13, []],
            [43, []],
            [39, []],
            [50, []],
            [23, []],
            [22, []],
            [29, []],
            [41, []],
            [16, []],
            [9, []],
            [33, []],
            [32, []],
            [1, []]
        ],
        [
            [0, [36, 21, 8, 31, 17, 26, 15, 5, 46, 2, 4, 38, 48, 42, 19, 30, 7, 28, 11, 18, 25]],
            [36, []],
            [21, []],
            [8, []],
            [31, []],
            [17, []],
            [26, []],
            [15, []],
            [5, []],
            [46, []],
            [2, []],
            [4, []],
            [38, []],
            [48, []],
            [42, []],
            [19, []],
            [30, []],
            [7, []],
            [28, []],
            [11, []],
            [18, []],
            [25, []]
        ]
    ],
    [
    ]
]",,,0.0,0,0,0.0,,,,,results/sol_best_RC101_1.5.dat_A8_L60_pid2767.txt,(not found),RC101_1.5.dat_A8_L60_r2.log
118,test_data/data_demand_random_50_batch_all1_equal_random/RC101_1.5.dat,8.0,60.0,3,1088.0,"[
    [
        [
            [0, [10, 17, 26, 31, 24, 49, 8, 21, 6, 37, 14, 27, 13, 35, 47, 36, 40, 44, 43, 39, 33, 32, 9, 41, 16, 29, 22, 23, 1, 50]],
            [10, []],
            [17, []],
            [26, []],
            [31, []],
            [24, []],
            [49, []],
            [8, []],
            [21, []],
            [6, []],
            [37, []],
            [14, []],
            [27, []],
            [13, []],
            [35, []],
            [47, []],
            [36, []],
            [40, []],
            [44, []],
            [43, []],
            [39, []],
            [33, []],
            [32, []],
            [9, []],
            [41, []],
            [16, []],
            [29, []],
            [22, []],
            [23, []],
            [1, []],
            [50, []]
        ],
        [
            [0, [12, 34, 3, 15, 5, 20, 45, 4, 2, 46, 25, 48, 42, 19, 30, 7, 28, 11, 18, 38]],
            [12, []],
            [34, []],
            [3, []],
            [15, []],
            [5, []],
            [20, []],
            [45, []],
            [4, []],
            [2, []],
            [46, []],
            [25, []],
            [48, []],
            [42, []],
            [19, []],
            [30, []],
            [7, []],
            [28, []],
            [11, []],
            [18, []],
            [38, []]
        ]
    ],
    [
    ]
]",,,0.0,0,0,0.0,,,,,results/sol_best_RC101_1.5.dat_A8_L60_pid2768.txt,(not found),RC101_1.5.dat_A8_L60_r3.log
119,test_data/data_demand_random_50_batch_all1_equal_random/RC101_1.5.dat,8.0,90.0,1,1106.0,"[
    [
        [
            [0, [12, 34, 26, 31, 21, 8, 6, 10, 37, 36, 40, 44, 14, 27, 35, 13, 43, 39, 1, 32, 33, 9, 16, 41, 29, 22, 23]],
            [12, []],
            [34, []],
            [26, [49, 47, 50]],
            [31, []],
            [49, []],
            [21, []],
            [8, []],
            [6, []],
            [10, []],
            [37, []],
            [36, []],
            [40, []],
            [44, []],
            [14, []],
            [27, []],
            [47, []],
            [35, []],
            [13, []],
            [43, []],
            [39, []],
            [1, []],
            [32, []],
            [33, []],
            [9, []],
            [16, []],
            [41, []],
            [29, []],
            [22, []],
            [23, []],
            [50, []]
        ],
        [
            [0, [24, 17, 15, 3, 45, 20, 5, 2, 46, 4, 38, 48, 42, 19, 30, 7, 28, 11, 18, 25]],
            [24, []],
            [17, []],
            [15, []],
            [3, []],
            [45, []],
            [20, []],
            [5, []],
            [2, []],
            [46, []],
            [4, []],
            [38, []],
            [48, []],
            [42, []],
            [19, []],
            [30, []],
            [7, []],
            [28, []],
            [11, []],
            [18, []],
            [25, []]
        ]
    ],
    [
        [
            [26, [49, 47, 50]]
        ]
    ]
]",,,663.0788655293195,0,1,3.0,,,,,results/sol_best_RC101_1.5.dat_A8_L90_pid2847.txt,(not found),RC101_1.5.dat_A8_L90_r1.log
119,test_data/data_demand_random_50_batch_all1_equal_random/RC101_1.5.dat,8.0,90.0,2,1104.0,"[
    [
        [
            [0, [12, 34, 26, 31, 21, 8, 6, 37, 36, 40, 44, 14, 27, 35, 13, 43, 39, 1, 32, 33, 9, 16, 41, 29, 22, 23]],
            [12, []],
            [34, []],
            [26, [49, 47, 50]],
            [31, []],
            [49, []],
            [21, []],
            [8, []],
            [6, []],
            [37, []],
            [36, []],
            [40, []],
            [44, []],
            [14, []],
            [27, []],
            [47, []],
            [35, []],
            [13, []],
            [43, []],
            [39, []],
            [1, []],
            [32, []],
            [33, []],
            [9, []],
            [16, []],
            [41, []],
            [29, []],
            [22, []],
            [23, []],
            [50, []]
        ],
        [
            [0, [10, 24, 17, 15, 3, 45, 20, 5, 2, 46, 4, 38, 48, 42, 19, 30, 7, 28, 11, 18, 25]],
            [10, []],
            [24, []],
            [17, []],
            [15, []],
            [3, []],
            [45, []],
            [20, []],
            [5, []],
            [2, []],
            [46, []],
            [4, []],
            [38, []],
            [48, []],
            [42, []],
            [19, []],
            [30, []],
            [7, []],
            [28, []],
            [11, []],
            [18, []],
            [25, []]
        ]
    ],
    [
        [
            [26, [49, 47, 50]]
        ]
    ]
]",,,663.0788655293195,0,1,3.0,,,,,results/sol_best_RC101_1.5.dat_A8_L90_pid2848.txt,(not found),RC101_1.5.dat_A8_L90_r2.log
119,test_data/data_demand_random_50_batch_all1_equal_random/RC101_1.5.dat,8.0,90.0,3,1096.0,"[
    [
        [
            [0, [12, 34, 26, 31, 8, 21, 37, 6, 36, 40, 44, 14, 27, 35, 13, 43, 39, 1, 32, 33, 9, 16, 41, 29, 22, 23]],
            [12, []],
            [34, []],
            [26, []],
            [31, []],
            [24, [47, 50, 24]],
            [49, [49]],
            [8, []],
            [21, []],
            [37, []],
            [6, []],
            [36, []],
            [40, []],
            [44, []],
            [14, []],
            [27, []],
            [47, []],
            [35, []],
            [13, []],
            [43, []],
            [39, []],
            [1, []],
            [32, []],
            [33, []],
            [9, []],
            [16, []],
            [41, []],
            [29, []],
            [22, []],
            [23, []],
            [50, []]
        ],
        [
            [0, [10, 17, 15, 3, 45, 20, 5, 2, 46, 4, 38, 48, 42, 19, 30, 7, 28, 11, 18, 25]],
            [10, []],
            [17, []],
            [15, []],
            [3, []],
            [45, []],
            [20, []],
            [5, []],
            [2, []],
            [46, []],
            [4, []],
            [38, []],
            [48, []],
            [42, []],
            [19, []],
            [30, []],
            [7, []],
            [28, []],
            [11, []],
            [18, []],
            [25, []]
        ]
    ],
    [
        [
            [24, [47, 50, 24]]
        ],
        [
            [49, [49]]
        ]
    ]
]",,,679.8957186414332,0,2,2.0,,,,,results/sol_best_RC101_1.5.dat_A8_L90_pid2850.txt,(not found),RC101_1.5.dat_A8_L90_r3.log
120,test_data/data_demand_random_50_batch_all1_equal_random/RC101_1.5.dat,8.0,120.0,1,1104.0,"[
    [
        [
            [0, [12, 34, 26, 31, 21, 8, 6, 37, 36, 40, 44, 14, 27, 35, 13, 43, 39, 23, 22, 29, 41, 16, 9, 33, 32, 1]],
            [12, []],
            [34, []],
            [26, [49, 47, 50]],
            [31, []],
            [49, []],
            [21, []],
            [8, []],
            [6, []],
            [37, []],
            [36, []],
            [40, []],
            [44, []],
            [14, []],
            [27, []],
            [47, []],
            [35, []],
            [13, []],
            [43, []],
            [39, []],
            [50, []],
            [23, []],
            [22, []],
            [29, []],
            [41, []],
            [16, []],
            [9, []],
            [33, []],
            [32, []],
            [1, []]
        ],
        [
            [0, [10, 24, 17, 15, 3, 45, 20, 5, 2, 46, 4, 38, 48, 42, 19, 30, 7, 28, 11, 18, 25]],
            [10, []],
            [24, []],
            [17, []],
            [15, []],
            [3, []],
            [45, []],
            [20, []],
            [5, []],
            [2, []],
            [46, []],
            [4, []],
            [38, []],
            [48, []],
            [42, []],
            [19, []],
            [30, []],
            [7, []],
            [28, []],
            [11, []],
            [18, []],
            [25, []]
        ]
    ],
    [
        [
            [26, [49, 47, 50]]
        ]
    ]
]",,,663.0788655293195,0,1,3.0,,,,,results/sol_best_RC101_1.5.dat_A8_L120_pid2731.txt,(not found),RC101_1.5.dat_A8_L120_r1.log
120,test_data/data_demand_random_50_batch_all1_equal_random/RC101_1.5.dat,8.0,120.0,2,1112.0,"[
    [
        [
            [0, [12, 34, 26, 31, 10, 8, 21, 37, 40, 44, 14, 27, 35, 13, 43, 39, 1, 32, 33, 9, 16, 41, 29, 22, 23]],
            [12, []],
            [34, []],
            [26, [49, 47, 50, 36]],
            [31, []],
            [49, []],
            [10, []],
            [8, []],
            [21, []],
            [37, []],
            [36, []],
            [40, []],
            [44, []],
            [14, []],
            [27, []],
            [47, []],
            [35, []],
            [13, []],
            [43, []],
            [39, []],
            [1, []],
            [32, []],
            [33, []],
            [9, []],
            [16, []],
            [41, []],
            [29, []],
            [22, []],
            [23, []],
            [50, []]
        ],
        [
            [0, [6, 24, 17, 15, 3, 45, 20, 5, 2, 46, 4, 38, 48, 42, 19, 30, 7, 28, 11, 18, 25]],
            [6, []],
            [24, []],
            [17, []],
            [15, []],
            [3, []],
            [45, []],
            [20, []],
            [5, []],
            [2, []],
            [46, []],
            [4, []],
            [38, []],
            [48, []],
            [42, []],
            [19, []],
            [30, []],
            [7, []],
            [28, []],
            [11, []],
            [18, []],
            [25, []]
        ]
    ],
    [
        [
            [26, [49, 47, 50, 36]]
        ]
    ]
]",,,663.0788655293195,0,1,4.0,,,,,results/sol_best_RC101_1.5.dat_A8_L120_pid2733.txt,(not found),RC101_1.5.dat_A8_L120_r2.log
120,test_data/data_demand_random_50_batch_all1_equal_random/RC101_1.5.dat,8.0,120.0,3,1104.0,"[
    [
        [
            [0, [12, 34, 26, 31, 21, 8, 6, 37, 36, 40, 44, 14, 27, 35, 13, 43, 39, 23, 22, 29, 41, 16, 9, 33, 32, 1]],
            [12, []],
            [34, []],
            [26, [49, 47, 50]],
            [31, []],
            [49, []],
            [21, []],
            [8, []],
            [6, []],
            [37, []],
            [36, []],
            [40, []],
            [44, []],
            [14, []],
            [27, []],
            [47, []],
            [35, []],
            [13, []],
            [43, []],
            [39, []],
            [50, []],
            [23, []],
            [22, []],
            [29, []],
            [41, []],
            [16, []],
            [9, []],
            [33, []],
            [32, []],
            [1, []]
        ],
        [
            [0, [10, 24, 17, 15, 3, 45, 20, 5, 2, 46, 4, 38, 48, 42, 19, 30, 7, 28, 11, 18, 25]],
            [10, []],
            [24, []],
            [17, []],
            [15, []],
            [3, []],
            [45, []],
            [20, []],
            [5, []],
            [2, []],
            [46, []],
            [4, []],
            [38, []],
            [48, []],
            [42, []],
            [19, []],
            [30, []],
            [7, []],
            [28, []],
            [11, []],
            [18, []],
            [25, []]
        ]
    ],
    [
        [
            [26, [49, 47, 50]]
        ]
    ]
]",,,663.0788655293195,0,1,3.0,,,,,results/sol_best_RC101_1.5.dat_A8_L120_pid2734.txt,(not found),RC101_1.5.dat_A8_L120_r3.log
121,test_data/data_demand_random_50_batch_all1_equal_random/RC101_1.dat,4.0,60.0,1,876.0,"[
    [
        [
            [0, [7, 30, 35, 42, 4, 23, 34, 21, 37, 46, 44, 38, 27, 33, 8, 24, 22, 47, 31, 41, 50, 10, 49, 15, 9, 26, 5, 11, 1, 40]],
            [7, []],
            [30, []],
            [35, []],
            [42, []],
            [4, []],
            [23, []],
            [34, []],
            [21, []],
            [37, []],
            [46, []],
            [44, []],
            [38, []],
            [27, []],
            [33, []],
            [8, []],
            [24, []],
            [22, []],
            [47, []],
            [31, []],
            [41, []],
            [50, []],
            [10, []],
            [49, []],
            [15, []],
            [9, []],
            [26, []],
            [5, []],
            [11, []],
            [1, []],
            [40, []]
        ],
        [
            [0, [14, 18, 48, 25, 20, 29, 3, 19, 39, 6, 17, 36, 12, 43, 16, 45, 28, 13, 32, 2]],
            [14, []],
            [18, []],
            [48, []],
            [25, []],
            [20, []],
            [29, []],
            [3, []],
            [19, []],
            [39, []],
            [6, []],
            [17, []],
            [36, []],
            [12, []],
            [43, []],
            [16, []],
            [45, []],
            [28, []],
            [13, []],
            [32, []],
            [2, []]
        ]
    ],
    [
    ]
]",,,0.0,0,0,0.0,,,,,results/sol_best_RC101_1.dat_A4_L60_pid2735.txt,(not found),RC101_1.dat_A4_L60_r1.log
121,test_data/data_demand_random_50_batch_all1_equal_random/RC101_1.dat,4.0,60.0,2,876.0,"[
    [
        [
            [0, [35, 30, 42, 4, 23, 34, 21, 37, 46, 7, 44, 38, 27, 33, 8, 24, 22, 47, 31, 41, 50, 10, 49, 15, 9, 26, 5, 11, 1, 40]],
            [35, []],
            [30, []],
            [42, []],
            [4, []],
            [23, []],
            [34, []],
            [21, []],
            [37, []],
            [46, []],
            [7, []],
            [44, []],
            [38, []],
            [27, []],
            [33, []],
            [8, []],
            [24, []],
            [22, []],
            [47, []],
            [31, []],
            [41, []],
            [50, []],
            [10, []],
            [49, []],
            [15, []],
            [9, []],
            [26, []],
            [5, []],
            [11, []],
            [1, []],
            [40, []]
        ],
        [
            [0, [14, 18, 48, 25, 20, 29, 3, 19, 39, 6, 17, 36, 12, 43, 16, 45, 28, 13, 32, 2]],
            [14, []],
            [18, []],
            [48, []],
            [25, []],
            [20, []],
            [29, []],
            [3, []],
            [19, []],
            [39, []],
            [6, []],
            [17, []],
            [36, []],
            [12, []],
            [43, []],
            [16, []],
            [45, []],
            [28, []],
            [13, []],
            [32, []],
            [2, []]
        ]
    ],
    [
    ]
]",,,0.0,0,0,0.0,,,,,results/sol_best_RC101_1.dat_A4_L60_pid2737.txt,(not found),RC101_1.dat_A4_L60_r2.log
121,test_data/data_demand_random_50_batch_all1_equal_random/RC101_1.dat,4.0,60.0,3,876.0,"[
    [
        [
            [0, [35, 30, 42, 4, 23, 34, 21, 37, 46, 7, 44, 38, 27, 33, 8, 24, 22, 47, 31, 41, 50, 10, 49, 15, 9, 26, 5, 11, 1, 40]],
            [35, []],
            [30, []],
            [42, []],
            [4, []],
            [23, []],
            [34, []],
            [21, []],
            [37, []],
            [46, []],
            [7, []],
            [44, []],
            [38, []],
            [27, []],
            [33, []],
            [8, []],
            [24, []],
            [22, []],
            [47, []],
            [31, []],
            [41, []],
            [50, []],
            [10, []],
            [49, []],
            [15, []],
            [9, []],
            [26, []],
            [5, []],
            [11, []],
            [1, []],
            [40, []]
        ],
        [
            [0, [14, 18, 48, 25, 20, 29, 3, 19, 39, 6, 17, 36, 12, 43, 16, 45, 28, 13, 32, 2]],
            [14, []],
            [18, []],
            [48, []],
            [25, []],
            [20, []],
            [29, []],
            [3, []],
            [19, []],
            [39, []],
            [6, []],
            [17, []],
            [36, []],
            [12, []],
            [43, []],
            [16, []],
            [45, []],
            [28, []],
            [13, []],
            [32, []],
            [2, []]
        ]
    ],
    [
    ]
]",,,0.0,0,0,0.0,,,,,results/sol_best_RC101_1.dat_A4_L60_pid2738.txt,(not found),RC101_1.dat_A4_L60_r3.log
122,test_data/data_demand_random_50_batch_all1_equal_random/RC101_1.dat,4.0,90.0,1,809.39,"[
    [
        [
            [0, [7, 30, 35, 4, 23, 34, 21, 27, 33, 8, 24, 22, 31, 10, 15, 9, 26, 5, 11, 1]],
            [37, [37, 38, 40]],
            [7, [42, 44, 41]],
            [30, []],
            [35, []],
            [42, []],
            [4, []],
            [23, []],
            [34, []],
            [21, [46, 47, 50, 49]],
            [46, []],
            [44, []],
            [38, []],
            [27, []],
            [33, []],
            [8, []],
            [24, []],
            [22, []],
            [47, []],
            [31, []],
            [41, []],
            [50, []],
            [10, []],
            [49, []],
            [15, []],
            [9, []],
            [26, []],
            [5, []],
            [11, []],
            [1, []],
            [40, []]
        ],
        [
            [0, [14, 18, 48, 25, 20, 29, 3, 19, 39, 6, 17, 36, 12, 43, 16, 45, 28, 13, 32, 2]],
            [14, []],
            [18, []],
            [48, []],
            [25, []],
            [20, []],
            [29, []],
            [3, []],
            [19, []],
            [39, []],
            [6, []],
            [17, []],
            [36, []],
            [12, []],
            [43, []],
            [16, []],
            [45, []],
            [28, []],
            [13, []],
            [32, []],
            [2, []]
        ]
    ],
    [
        [
            [37, [37, 38, 40]]
        ],
        [
            [7, [42, 44, 41]]
        ],
        [
            [21, [46, 47, 50, 49]]
        ]
    ]
]",,,398.3423646721232,0,3,3.3333333333333335,,,,,results/sol_best_RC101_1.dat_A4_L90_pid2866.txt,(not found),RC101_1.dat_A4_L90_r1.log
122,test_data/data_demand_random_50_batch_all1_equal_random/RC101_1.dat,4.0,90.0,2,796.47,"[
    [
        [
            [0, [23, 4, 30, 21, 7, 27, 8, 24, 22, 31, 10, 15, 9, 26, 5, 11, 1]],
            [34, [34, 35, 33]],
            [23, []],
            [4, []],
            [42, [42, 37, 38, 40]],
            [35, [35]],
            [30, []],
            [37, []],
            [21, [46, 47, 50, 49]],
            [46, []],
            [7, [44, 41]],
            [44, []],
            [38, []],
            [27, []],
            [33, [33]],
            [8, []],
            [24, []],
            [22, []],
            [47, []],
            [31, []],
            [41, []],
            [50, []],
            [10, []],
            [49, []],
            [15, []],
            [9, []],
            [26, []],
            [5, []],
            [11, []],
            [1, []],
            [40, []]
        ],
        [
            [0, [14, 18, 48, 25, 20, 29, 3, 19, 39, 6, 17, 36, 12, 43, 16, 45, 28, 13, 32, 2]],
            [14, []],
            [18, []],
            [48, []],
            [25, []],
            [20, []],
            [29, []],
            [3, []],
            [19, []],
            [39, []],
            [6, []],
            [17, []],
            [36, []],
            [12, []],
            [43, []],
            [16, []],
            [45, []],
            [28, []],
            [13, []],
            [32, []],
            [2, []]
        ]
    ],
    [
        [
            [34, [34, 35, 33]]
        ],
        [
            [42, [42, 37, 38, 40]]
        ],
        [
            [21, [46, 47, 50, 49]]
        ],
        [
            [7, [44, 41]]
        ]
    ]
]",,,394.36790853539236,0,4,3.25,,,,,results/sol_best_RC101_1.dat_A4_L90_pid2868.txt,(not found),RC101_1.dat_A4_L90_r2.log
122,test_data/data_demand_random_50_batch_all1_equal_random/RC101_1.dat,4.0,90.0,3,799.62,"[
    [
        [
            [0, [30, 23, 4, 21, 7, 27, 8, 24, 22, 31, 10, 15, 9, 26, 5, 11, 1]],
            [30, [37, 38, 40]],
            [23, []],
            [35, [35, 34, 33, 42]],
            [42, []],
            [4, []],
            [34, []],
            [21, [46, 47, 50, 49]],
            [37, []],
            [46, []],
            [7, [44, 41]],
            [44, []],
            [38, []],
            [27, []],
            [33, []],
            [8, []],
            [24, []],
            [22, []],
            [47, []],
            [31, []],
            [41, []],
            [50, []],
            [10, []],
            [49, []],
            [15, []],
            [9, []],
            [26, []],
            [5, []],
            [11, []],
            [1, []],
            [40, []]
        ],
        [
            [0, [14, 18, 48, 25, 20, 29, 3, 19, 39, 6, 17, 36, 12, 43, 16, 45, 28, 13, 32, 2]],
            [14, []],
            [18, []],
            [48, []],
            [25, []],
            [20, []],
            [29, []],
            [3, []],
            [19, []],
            [39, []],
            [6, []],
            [17, []],
            [36, []],
            [12, []],
            [43, []],
            [16, []],
            [45, []],
            [28, []],
            [13, []],
            [32, []],
            [2, []]
        ]
    ],
    [
        [
            [30, [37, 38, 40]]
        ],
        [
            [35, [35, 34, 33, 42]]
        ],
        [
            [21, [46, 47, 50, 49]]
        ],
        [
            [7, [44, 41]]
        ]
    ]
]",,,379.46211101326503,0,4,3.25,,,,,results/sol_best_RC101_1.dat_A4_L90_pid2869.txt,(not found),RC101_1.dat_A4_L90_r3.log
123,test_data/data_demand_random_50_batch_all1_equal_random/RC101_1.dat,4.0,120.0,1,800.53,"[
    [
        [
            [0, [7, 30, 35, 4, 23, 34, 21, 27, 33, 8, 24, 22, 31, 10, 15, 9, 26, 5, 11, 1]],
            [7, [37, 38, 40]],
            [30, [42, 44, 41]],
            [35, []],
            [42, []],
            [4, []],
            [23, []],
            [34, []],
            [21, [46, 47, 50, 49]],
            [37, [37]],
            [46, []],
            [44, []],
            [38, [38]],
            [27, []],
            [33, []],
            [8, []],
            [24, []],
            [22, []],
            [47, []],
            [31, []],
            [41, []],
            [50, []],
            [10, []],
            [49, []],
            [15, []],
            [9, []],
            [26, []],
            [5, []],
            [11, []],
            [1, []],
            [40, [40]]
        ],
        [
            [0, [14, 18, 48, 25, 20, 29, 3, 19, 39, 6, 17, 36, 12, 43, 16, 45, 28, 13, 32, 2]],
            [14, []],
            [18, []],
            [48, []],
            [25, []],
            [20, []],
            [29, []],
            [3, []],
            [19, []],
            [39, []],
            [6, []],
            [17, []],
            [36, []],
            [12, []],
            [43, []],
            [16, []],
            [45, []],
            [28, []],
            [13, []],
            [32, []],
            [2, []]
        ]
    ],
    [
        [
            [7, [37, 38, 40]]
        ],
        [
            [30, [42, 44, 41]]
        ],
        [
            [21, [46, 47, 50, 49]]
        ]
    ]
]",,,380.0752224837922,0,3,3.3333333333333335,,,,,results/sol_best_RC101_1.dat_A4_L120_pid2748.txt,(not found),RC101_1.dat_A4_L120_r1.log
123,test_data/data_demand_random_50_batch_all1_equal_random/RC101_1.dat,4.0,120.0,2,799.47,"[
    [
        [
            [0, [7, 23, 4, 21, 8, 22, 10, 15, 9, 5, 11, 1]],
            [7, [30, 31]],
            [35, [35, 34, 33]],
            [23, []],
            [4, [37, 38, 40]],
            [42, [44, 41, 42]],
            [30, []],
            [34, []],
            [21, [46, 47, 50, 49]],
            [37, []],
            [46, []],
            [44, [27, 24, 26]],
            [38, []],
            [27, []],
            [33, []],
            [8, []],
            [24, []],
            [22, []],
            [47, []],
            [31, []],
            [41, []],
            [50, []],
            [10, []],
            [49, []],
            [15, []],
            [9, []],
            [26, []],
            [5, []],
            [11, []],
            [1, []],
            [40, []]
        ],
        [
            [0, [14, 18, 48, 25, 20, 29, 3, 19, 39, 6, 17, 36, 12, 43, 16, 45, 28, 13, 32, 2]],
            [14, []],
            [18, []],
            [48, []],
            [25, []],
            [20, []],
            [29, []],
            [3, []],
            [19, []],
            [39, []],
            [6, []],
            [17, []],
            [36, []],
            [12, []],
            [43, []],
            [16, []],
            [45, []],
            [28, []],
            [13, []],
            [32, []],
            [2, []]
        ]
    ],
    [
        [
            [7, [30, 31]]
        ],
        [
            [35, [35, 34, 33]]
        ],
        [
            [4, [37, 38, 40]]
        ],
        [
            [42, [44, 41, 42]]
        ],
        [
            [21, [46, 47, 50, 49]]
        ],
        [
            [44, [27, 24, 26]]
        ]
    ]
]",,,316.5495931792872,0,6,3.0,,,,,results/sol_best_RC101_1.dat_A4_L120_pid2750.txt,(not found),RC101_1.dat_A4_L120_r2.log
123,test_data/data_demand_random_50_batch_all1_equal_random/RC101_1.dat,4.0,120.0,3,799.62,"[
    [
        [
            [0, [30, 23, 4, 21, 7, 27, 8, 24, 22, 31, 10, 15, 9, 26, 5, 11, 1]],
            [30, [37, 38, 40]],
            [23, []],
            [35, [35, 34, 33, 42]],
            [42, []],
            [4, []],
            [34, []],
            [21, [46, 47, 50, 49]],
            [37, []],
            [46, []],
            [7, [44, 41]],
            [44, []],
            [38, []],
            [27, []],
            [33, []],
            [8, []],
            [24, []],
            [22, []],
            [47, []],
            [31, []],
            [41, []],
            [50, []],
            [10, []],
            [49, []],
            [15, []],
            [9, []],
            [26, []],
            [5, []],
            [11, []],
            [1, []],
            [40, []]
        ],
        [
            [0, [14, 18, 48, 25, 20, 29, 3, 19, 39, 6, 17, 36, 12, 43, 16, 45, 28, 13, 32, 2]],
            [14, []],
            [18, []],
            [48, []],
            [25, []],
            [20, []],
            [29, []],
            [3, []],
            [19, []],
            [39, []],
            [6, []],
            [17, []],
            [36, []],
            [12, []],
            [43, []],
            [16, []],
            [45, []],
            [28, []],
            [13, []],
            [32, []],
            [2, []]
        ]
    ],
    [
        [
            [30, [37, 38, 40]]
        ],
        [
            [35, [35, 34, 33, 42]]
        ],
        [
            [21, [46, 47, 50, 49]]
        ],
        [
            [7, [44, 41]]
        ]
    ]
]",,,379.46211101326503,0,4,3.25,,,,,results/sol_best_RC101_1.dat_A4_L120_pid2751.txt,(not found),RC101_1.dat_A4_L120_r3.log
124,test_data/data_demand_random_50_batch_all1_equal_random/RC101_1.dat,8.0,60.0,1,876.0,"[
    [
        [
            [0, [35, 30, 42, 4, 23, 34, 21, 37, 46, 7, 44, 38, 27, 33, 8, 24, 22, 47, 31, 41, 50, 10, 49, 15, 9, 26, 5, 11, 1, 40]],
            [35, []],
            [30, []],
            [42, []],
            [4, []],
            [23, []],
            [34, []],
            [21, []],
            [37, []],
            [46, []],
            [7, []],
            [44, []],
            [38, []],
            [27, []],
            [33, []],
            [8, []],
            [24, []],
            [22, []],
            [47, []],
            [31, []],
            [41, []],
            [50, []],
            [10, []],
            [49, []],
            [15, []],
            [9, []],
            [26, []],
            [5, []],
            [11, []],
            [1, []],
            [40, []]
        ],
        [
            [0, [14, 18, 48, 25, 20, 29, 3, 19, 39, 6, 17, 36, 12, 43, 16, 45, 28, 13, 32, 2]],
            [14, []],
            [18, []],
            [48, []],
            [25, []],
            [20, []],
            [29, []],
            [3, []],
            [19, []],
            [39, []],
            [6, []],
            [17, []],
            [36, []],
            [12, []],
            [43, []],
            [16, []],
            [45, []],
            [28, []],
            [13, []],
            [32, []],
            [2, []]
        ]
    ],
    [
    ]
]",,,0.0,0,0,0.0,,,,,results/sol_best_RC101_1.dat_A8_L60_pid2733.txt,(not found),RC101_1.dat_A8_L60_r1.log
124,test_data/data_demand_random_50_batch_all1_equal_random/RC101_1.dat,8.0,60.0,2,876.0,"[
    [
        [
            [0, [46, 37, 21, 34, 23, 4, 42, 35, 30, 7, 44, 38, 27, 33, 8, 24, 22, 47, 31, 41, 50, 10, 49, 15, 9, 26, 5, 11, 1, 40]],
            [46, []],
            [37, []],
            [21, []],
            [34, []],
            [23, []],
            [4, []],
            [42, []],
            [35, []],
            [30, []],
            [7, []],
            [44, []],
            [38, []],
            [27, []],
            [33, []],
            [8, []],
            [24, []],
            [22, []],
            [47, []],
            [31, []],
            [41, []],
            [50, []],
            [10, []],
            [49, []],
            [15, []],
            [9, []],
            [26, []],
            [5, []],
            [11, []],
            [1, []],
            [40, []]
        ],
        [
            [0, [14, 18, 48, 25, 20, 29, 3, 19, 39, 6, 17, 36, 12, 43, 16, 45, 28, 13, 32, 2]],
            [14, []],
            [18, []],
            [48, []],
            [25, []],
            [20, []],
            [29, []],
            [3, []],
            [19, []],
            [39, []],
            [6, []],
            [17, []],
            [36, []],
            [12, []],
            [43, []],
            [16, []],
            [45, []],
            [28, []],
            [13, []],
            [32, []],
            [2, []]
        ]
    ],
    [
    ]
]",,,0.0,0,0,0.0,,,,,results/sol_best_RC101_1.dat_A8_L60_pid2735.txt,(not found),RC101_1.dat_A8_L60_r2.log
124,test_data/data_demand_random_50_batch_all1_equal_random/RC101_1.dat,8.0,60.0,3,876.0,"[
    [
        [
            [0, [7, 30, 35, 42, 4, 23, 34, 21, 37, 46, 44, 38, 27, 33, 8, 24, 22, 47, 31, 41, 50, 10, 49, 15, 9, 26, 5, 11, 1, 40]],
            [7, []],
            [30, []],
            [35, []],
            [42, []],
            [4, []],
            [23, []],
            [34, []],
            [21, []],
            [37, []],
            [46, []],
            [44, []],
            [38, []],
            [27, []],
            [33, []],
            [8, []],
            [24, []],
            [22, []],
            [47, []],
            [31, []],
            [41, []],
            [50, []],
            [10, []],
            [49, []],
            [15, []],
            [9, []],
            [26, []],
            [5, []],
            [11, []],
            [1, []],
            [40, []]
        ],
        [
            [0, [14, 18, 48, 25, 20, 29, 3, 19, 39, 6, 17, 36, 12, 43, 16, 45, 28, 13, 32, 2]],
            [14, []],
            [18, []],
            [48, []],
            [25, []],
            [20, []],
            [29, []],
            [3, []],
            [19, []],
            [39, []],
            [6, []],
            [17, []],
            [36, []],
            [12, []],
            [43, []],
            [16, []],
            [45, []],
            [28, []],
            [13, []],
            [32, []],
            [2, []]
        ]
    ],
    [
    ]
]",,,0.0,0,0,0.0,,,,,results/sol_best_RC101_1.dat_A8_L60_pid2736.txt,(not found),RC101_1.dat_A8_L60_r3.log
125,test_data/data_demand_random_50_batch_all1_equal_random/RC101_1.dat,8.0,90.0,1,811.08,"[
    [
        [
            [0, [4, 23, 30, 7, 21, 27, 8, 24, 22, 31, 10, 15, 9, 26, 5, 11, 1]],
            [4, [37, 38, 40, 35, 34, 33]],
            [34, []],
            [23, []],
            [30, []],
            [35, []],
            [42, [42]],
            [7, []],
            [21, [46, 47, 50, 49, 44, 41]],
            [37, []],
            [46, []],
            [44, []],
            [38, []],
            [27, []],
            [33, []],
            [8, []],
            [24, []],
            [22, []],
            [47, []],
            [31, []],
            [41, []],
            [50, []],
            [10, []],
            [49, []],
            [15, []],
            [9, []],
            [26, []],
            [5, []],
            [11, []],
            [1, []],
            [40, []]
        ],
        [
            [0, [14, 18, 48, 25, 20, 29, 3, 19, 39, 6, 17, 36, 12, 43, 16, 45, 28, 13, 32, 2]],
            [14, []],
            [18, []],
            [48, []],
            [25, []],
            [20, []],
            [29, []],
            [3, []],
            [19, []],
            [39, []],
            [6, []],
            [17, []],
            [36, []],
            [12, []],
            [43, []],
            [16, []],
            [45, []],
            [28, []],
            [13, []],
            [32, []],
            [2, []]
        ]
    ],
    [
        [
            [4, [37, 38, 40, 35, 34, 33]]
        ],
        [
            [42, [42]]
        ],
        [
            [21, [46, 47, 50, 49, 44, 41]]
        ]
    ]
]",,,394.9770579777697,0,3,4.333333333333333,,,,,results/sol_best_RC101_1.dat_A8_L90_pid2735.txt,(not found),RC101_1.dat_A8_L90_r1.log
125,test_data/data_demand_random_50_batch_all1_equal_random/RC101_1.dat,8.0,90.0,2,796.9,"[
    [
        [
            [0, [23, 4, 30, 7, 21, 27, 8, 24, 22, 31, 10, 15, 9, 26, 5, 11, 1]],
            [23, [37, 38, 40, 34, 35, 33]],
            [34, []],
            [4, []],
            [42, [42]],
            [35, []],
            [30, []],
            [7, []],
            [21, [46, 47, 50, 49, 44, 41]],
            [37, []],
            [46, []],
            [44, []],
            [38, []],
            [27, []],
            [33, []],
            [8, []],
            [24, []],
            [22, []],
            [47, []],
            [31, []],
            [41, []],
            [50, []],
            [10, []],
            [49, []],
            [15, []],
            [9, []],
            [26, []],
            [5, []],
            [11, []],
            [1, []],
            [40, []]
        ],
        [
            [0, [14, 18, 48, 25, 20, 29, 3, 19, 39, 6, 17, 36, 12, 43, 16, 45, 28, 13, 32, 2]],
            [14, []],
            [18, []],
            [48, []],
            [25, []],
            [20, []],
            [29, []],
            [3, []],
            [19, []],
            [39, []],
            [6, []],
            [17, []],
            [36, []],
            [12, []],
            [43, []],
            [16, []],
            [45, []],
            [28, []],
            [13, []],
            [32, []],
            [2, []]
        ]
    ],
    [
        [
            [23, [37, 38, 40, 34, 35, 33]]
        ],
        [
            [42, [42]]
        ],
        [
            [21, [46, 47, 50, 49, 44, 41]]
        ]
    ]
]",,,380.71535793758886,0,3,4.333333333333333,,,,,results/sol_best_RC101_1.dat_A8_L90_pid2737.txt,(not found),RC101_1.dat_A8_L90_r2.log
125,test_data/data_demand_random_50_batch_all1_equal_random/RC101_1.dat,8.0,90.0,3,786.54,"[
    [
        [
            [0, [7, 23, 30, 4, 21, 27, 8, 24, 22, 31, 10, 15, 9, 26, 5, 11, 1]],
            [7, [35, 34, 33]],
            [23, []],
            [30, []],
            [4, []],
            [42, [42, 37, 38, 40]],
            [35, []],
            [34, []],
            [21, [46, 47, 50, 49, 44, 41]],
            [37, []],
            [46, []],
            [44, []],
            [38, []],
            [27, []],
            [33, []],
            [8, []],
            [24, []],
            [22, []],
            [47, []],
            [31, []],
            [41, []],
            [50, []],
            [10, []],
            [49, []],
            [15, []],
            [9, []],
            [26, []],
            [5, []],
            [11, []],
            [1, []],
            [40, []]
        ],
        [
            [0, [14, 18, 48, 25, 20, 29, 3, 19, 39, 6, 17, 36, 12, 43, 16, 45, 28, 13, 32, 2]],
            [14, []],
            [18, []],
            [48, []],
            [25, []],
            [20, []],
            [29, []],
            [3, []],
            [19, []],
            [39, []],
            [6, []],
            [17, []],
            [36, []],
            [12, []],
            [43, []],
            [16, []],
            [45, []],
            [28, []],
            [13, []],
            [32, []],
            [2, []]
        ]
    ],
    [
        [
            [7, [35, 34, 33]]
        ],
        [
            [42, [42, 37, 38, 40]]
        ],
        [
            [21, [46, 47, 50, 49, 44, 41]]
        ]
    ]
]",,,373.74685929513095,0,3,4.333333333333333,,,,,results/sol_best_RC101_1.dat_A8_L90_pid2738.txt,(not found),RC101_1.dat_A8_L90_r3.log
126,test_data/data_demand_random_50_batch_all1_equal_random/RC101_1.dat,8.0,120.0,1,786.54,"[
    [
        [
            [0, [23, 4, 30, 21, 7, 27, 8, 24, 22, 31, 10, 15, 9, 26, 5, 11, 1]],
            [23, [35, 34, 33]],
            [34, []],
            [4, []],
            [42, [42, 37, 38, 40]],
            [35, []],
            [30, []],
            [37, []],
            [21, [46, 47, 50, 49, 44, 41]],
            [46, []],
            [7, []],
            [44, []],
            [38, []],
            [27, []],
            [33, []],
            [8, []],
            [24, []],
            [22, []],
            [47, []],
            [31, []],
            [41, []],
            [50, []],
            [10, []],
            [49, []],
            [15, []],
            [9, []],
            [26, []],
            [5, []],
            [11, []],
            [1, []],
            [40, []]
        ],
        [
            [0, [14, 18, 48, 25, 20, 29, 3, 19, 39, 6, 17, 36, 12, 43, 16, 45, 28, 13, 32, 2]],
            [14, []],
            [18, []],
            [48, []],
            [25, []],
            [20, []],
            [29, []],
            [3, []],
            [19, []],
            [39, []],
            [6, []],
            [17, []],
            [36, []],
            [12, []],
            [43, []],
            [16, []],
            [45, []],
            [28, []],
            [13, []],
            [32, []],
            [2, []]
        ]
    ],
    [
        [
            [23, [35, 34, 33]]
        ],
        [
            [42, [42, 37, 38, 40]]
        ],
        [
            [21, [46, 47, 50, 49, 44, 41]]
        ]
    ]
]",,,380.71535793758886,0,3,4.333333333333333,,,,,results/sol_best_RC101_1.dat_A8_L120_pid2739.txt,(not found),RC101_1.dat_A8_L120_r1.log
126,test_data/data_demand_random_50_batch_all1_equal_random/RC101_1.dat,8.0,120.0,2,796.54,"[
    [
        [
            [0, [4, 23, 21, 7, 27, 8, 24, 22, 10, 15, 9, 26, 5, 11, 1]],
            [4, [30, 31]],
            [23, [37, 38, 40, 35, 34, 33]],
            [37, []],
            [21, []],
            [34, []],
            [30, []],
            [42, [46, 47, 50, 49, 44, 41, 42]],
            [35, []],
            [7, []],
            [46, []],
            [44, []],
            [38, []],
            [27, []],
            [33, []],
            [8, []],
            [24, []],
            [22, []],
            [47, []],
            [31, []],
            [41, []],
            [50, []],
            [10, []],
            [49, []],
            [15, []],
            [9, []],
            [26, []],
            [5, []],
            [11, []],
            [1, []],
            [40, []]
        ],
        [
            [0, [14, 18, 48, 25, 20, 29, 3, 19, 39, 6, 17, 36, 12, 43, 16, 45, 28, 13, 32, 2]],
            [14, []],
            [18, []],
            [48, []],
            [25, []],
            [20, []],
            [29, []],
            [3, []],
            [19, []],
            [39, []],
            [6, []],
            [17, []],
            [36, []],
            [12, []],
            [43, []],
            [16, []],
            [45, []],
            [28, []],
            [13, []],
            [32, []],
            [2, []]
        ]
    ],
    [
        [
            [4, [30, 31]]
        ],
        [
            [23, [37, 38, 40, 35, 34, 33]]
        ],
        [
            [42, [46, 47, 50, 49, 44, 41, 42]]
        ]
    ]
]",,,341.6378835335311,0,3,5.0,,,,,results/sol_best_RC101_1.dat_A8_L120_pid2741.txt,(not found),RC101_1.dat_A8_L120_r2.log
126,test_data/data_demand_random_50_batch_all1_equal_random/RC101_1.dat,8.0,120.0,3,786.54,"[
    [
        [
            [0, [7, 23, 4, 21, 27, 8, 24, 22, 10, 15, 9, 26, 5, 11, 1]],
            [7, [30, 31]],
            [23, []],
            [30, [37, 38, 40, 35, 34, 33]],
            [4, []],
            [42, [42]],
            [35, []],
            [34, []],
            [21, [46, 47, 50, 49, 44, 41]],
            [37, []],
            [46, []],
            [44, []],
            [38, []],
            [27, []],
            [33, []],
            [8, []],
            [24, []],
            [22, []],
            [47, []],
            [31, [31]],
            [41, []],
            [50, []],
            [10, []],
            [49, []],
            [15, []],
            [9, []],
            [26, []],
            [5, []],
            [11, []],
            [1, []],
            [40, []]
        ],
        [
            [0, [14, 18, 48, 25, 20, 29, 3, 19, 39, 6, 17, 36, 12, 43, 16, 45, 28, 13, 32, 2]],
            [14, []],
            [18, []],
            [48, []],
            [25, []],
            [20, []],
            [29, []],
            [3, []],
            [19, []],
            [39, []],
            [6, []],
            [17, []],
            [36, []],
            [12, []],
            [43, []],
            [16, []],
            [45, []],
            [28, []],
            [13, []],
            [32, []],
            [2, []]
        ]
    ],
    [
        [
            [7, [30, 31]]
        ],
        [
            [30, [37, 38, 40, 35, 34, 33]]
        ],
        [
            [42, [42]]
        ],
        [
            [21, [46, 47, 50, 49, 44, 41]]
        ]
    ]
]",,,333.44167177846833,0,4,3.75,,,,,results/sol_best_RC101_1.dat_A8_L120_pid2742.txt,(not found),RC101_1.dat_A8_L120_r3.log
127,test_data/data_demand_random_50_batch_all1_equal_random/RC101_2.5.dat,4.0,60.0,1,1549.0,"[
    [
        [
            [0, [28, 4, 35, 40, 26, 3, 14, 20, 13, 49, 15, 12, 18, 1, 29, 41, 19, 34, 33, 42, 36, 37, 21, 46]],
            [28, []],
            [4, []],
            [35, []],
            [40, []],
            [26, []],
            [3, []],
            [14, []],
            [20, []],
            [13, []],
            [49, []],
            [15, []],
            [12, []],
            [18, []],
            [1, []],
            [29, []],
            [41, []],
            [19, []],
            [34, []],
            [33, []],
            [42, []],
            [36, []],
            [37, []],
            [21, []],
            [46, []]
        ],
        [
            [0, [8, 32, 43, 44, 50, 11, 45, 30, 5, 38, 27, 39, 6, 47, 16, 10, 9, 23, 7, 25, 24, 48, 31, 2, 22, 17]],
            [8, []],
            [32, []],
            [43, []],
            [44, []],
            [50, []],
            [11, []],
            [45, []],
            [30, []],
            [5, []],
            [38, []],
            [27, []],
            [39, []],
            [6, []],
            [47, []],
            [16, []],
            [10, []],
            [9, []],
            [23, []],
            [7, []],
            [25, []],
            [24, []],
            [48, []],
            [31, []],
            [2, []],
            [22, []],
            [17, []]
        ]
    ],
    [
    ]
]",,,0.0,0,0,0.0,,,,,results/sol_best_RC101_2.5.dat_A4_L60_pid2678.txt,(not found),RC101_2.5.dat_A4_L60_r1.log
127,test_data/data_demand_random_50_batch_all1_equal_random/RC101_2.5.dat,4.0,60.0,2,1429.0,"[
    [
        [
            [0, [30, 40, 26, 3, 14, 20, 49, 13, 15, 12, 1, 18, 29, 41, 19, 34, 33, 42, 36, 37, 21, 46]],
            [30, []],
            [40, []],
            [26, []],
            [3, []],
            [14, []],
            [20, []],
            [49, []],
            [13, []],
            [15, []],
            [12, []],
            [1, []],
            [18, []],
            [29, []],
            [41, []],
            [19, []],
            [34, []],
            [33, []],
            [42, []],
            [36, []],
            [37, []],
            [21, []],
            [46, []]
        ],
        [
            [0, [4, 6, 39, 27, 38, 5, 35, 47, 11, 45, 16, 50, 44, 10, 9, 23, 7, 28, 8, 32, 43, 24, 25, 48, 31, 2, 22, 17]],
            [4, []],
            [6, []],
            [39, []],
            [27, []],
            [38, []],
            [5, []],
            [35, []],
            [47, []],
            [11, []],
            [45, []],
            [16, []],
            [50, []],
            [44, []],
            [10, []],
            [9, []],
            [23, []],
            [7, []],
            [28, []],
            [8, []],
            [32, []],
            [43, []],
            [24, []],
            [25, []],
            [48, []],
            [31, []],
            [2, []],
            [22, []],
            [17, []]
        ]
    ],
    [
    ]
]",,,0.0,0,0,0.0,,,,,results/sol_best_RC101_2.5.dat_A4_L60_pid2680.txt,(not found),RC101_2.5.dat_A4_L60_r2.log
127,test_data/data_demand_random_50_batch_all1_equal_random/RC101_2.5.dat,4.0,60.0,3,1485.0,"[
    [
        [
            [0, [30, 5, 4, 47, 6, 39, 27, 38, 35, 40, 14, 3, 20, 13, 49, 15, 12, 26, 18, 1, 29, 41, 19, 34, 33, 42, 36, 37, 21, 46]],
            [30, []],
            [5, []],
            [4, []],
            [47, []],
            [6, []],
            [39, []],
            [27, []],
            [38, []],
            [35, []],
            [40, []],
            [14, []],
            [3, []],
            [20, []],
            [13, []],
            [49, []],
            [15, []],
            [12, []],
            [26, []],
            [18, []],
            [1, []],
            [29, []],
            [41, []],
            [19, []],
            [34, []],
            [33, []],
            [42, []],
            [36, []],
            [37, []],
            [21, []],
            [46, []]
        ],
        [
            [0, [8, 43, 24, 48, 25, 31, 32, 16, 45, 28, 11, 50, 44, 10, 9, 23, 7, 2, 22, 17]],
            [8, []],
            [43, []],
            [24, []],
            [48, []],
            [25, []],
            [31, []],
            [32, []],
            [16, []],
            [45, []],
            [28, []],
            [11, []],
            [50, []],
            [44, []],
            [10, []],
            [9, []],
            [23, []],
            [7, []],
            [2, []],
            [22, []],
            [17, []]
        ]
    ],
    [
    ]
]",,,0.0,0,0,0.0,,,,,results/sol_best_RC101_2.5.dat_A4_L60_pid2681.txt,(not found),RC101_2.5.dat_A4_L60_r3.log
128,test_data/data_demand_random_50_batch_all1_equal_random/RC101_2.5.dat,4.0,90.0,1,1491.2,"[
    [
        [
            [0, [4, 30, 14, 20, 13, 49, 15, 12, 1, 29, 41, 19, 34, 33, 42, 36, 37, 21, 46]],
            [4, []],
            [30, []],
            [14, []],
            [20, []],
            [13, []],
            [49, []],
            [15, []],
            [12, []],
            [1, []],
            [29, []],
            [41, []],
            [19, []],
            [34, []],
            [33, []],
            [42, []],
            [36, []],
            [37, []],
            [21, []],
            [46, []]
        ],
        [
            [0, [3, 18, 5, 28, 23, 22, 25, 24, 11, 6, 16, 10, 9, 7, 2, 17, 8]],
            [3, []],
            [18, []],
            [26, [26]],
            [27, [27]],
            [5, [31, 32, 35, 38]],
            [28, [43, 40, 44, 39]],
            [23, []],
            [22, []],
            [31, []],
            [48, [48]],
            [25, []],
            [24, []],
            [43, []],
            [32, [50, 45, 47]],
            [50, []],
            [11, []],
            [45, []],
            [47, []],
            [39, []],
            [6, []],
            [38, []],
            [35, []],
            [40, []],
            [16, []],
            [44, []],
            [10, []],
            [9, []],
            [7, []],
            [2, []],
            [17, []],
            [8, []]
        ]
    ],
    [
        [
            [26, [26]]
        ],
        [
            [27, [27]]
        ],
        [
            [5, [31, 32, 35, 38]]
        ],
        [
            [28, [43, 40, 44, 39]]
        ],
        [
            [48, [48]]
        ],
        [
            [32, [50, 45, 47]]
        ]
    ]
]",,,746.1466150562188,0,6,2.3333333333333335,,,,,results/sol_best_RC101_2.5.dat_A4_L90_pid2796.txt,(not found),RC101_2.5.dat_A4_L90_r1.log
128,test_data/data_demand_random_50_batch_all1_equal_random/RC101_2.5.dat,4.0,90.0,2,1490.06,"[
    [
        [
            [0, [4, 6, 38, 27, 5, 30, 26, 3, 14, 20, 13, 49, 15, 12, 18, 1, 29, 41, 19, 34, 33, 42, 36, 37, 21, 46]],
            [4, []],
            [6, []],
            [38, []],
            [27, []],
            [5, []],
            [30, []],
            [26, []],
            [3, []],
            [14, []],
            [20, []],
            [13, []],
            [49, []],
            [15, []],
            [12, []],
            [18, []],
            [1, []],
            [29, []],
            [41, []],
            [19, []],
            [34, []],
            [33, []],
            [42, []],
            [36, []],
            [37, []],
            [21, []],
            [46, []]
        ],
        [
            [0, [23, 7, 22, 8, 28, 25, 24, 32, 11, 35, 16, 10, 9, 31, 2, 17]],
            [23, []],
            [7, []],
            [22, []],
            [8, [39]],
            [28, [43, 40, 44]],
            [43, []],
            [25, []],
            [24, []],
            [32, [50, 45, 47, 48]],
            [50, []],
            [11, []],
            [45, []],
            [47, []],
            [39, []],
            [35, []],
            [40, []],
            [16, []],
            [44, []],
            [10, []],
            [9, []],
            [31, []],
            [48, []],
            [2, []],
            [17, []]
        ]
    ],
    [
        [
            [8, [39]]
        ],
        [
            [28, [43, 40, 44]]
        ],
        [
            [32, [50, 45, 47, 48]]
        ]
    ]
]",,,823.5557333192124,0,3,2.6666666666666665,,,,,results/sol_best_RC101_2.5.dat_A4_L90_pid2798.txt,(not found),RC101_2.5.dat_A4_L90_r2.log
128,test_data/data_demand_random_50_batch_all1_equal_random/RC101_2.5.dat,4.0,90.0,3,1441.0,"[
    [
        [
            [0, [4, 6, 27, 38, 5, 30, 1, 12, 15, 13, 49, 29, 41, 19, 34, 33, 42, 36, 37, 21, 46]],
            [4, []],
            [6, []],
            [27, []],
            [38, []],
            [5, []],
            [30, []],
            [1, []],
            [12, []],
            [15, []],
            [13, []],
            [49, []],
            [29, []],
            [41, []],
            [19, []],
            [34, []],
            [33, []],
            [42, []],
            [36, []],
            [37, []],
            [21, []],
            [46, []]
        ],
        [
            [0, [20, 14, 3, 18, 26, 22, 2, 7, 28, 8, 17, 24, 25, 11, 16, 10, 9, 23]],
            [20, []],
            [14, []],
            [3, []],
            [18, []],
            [26, []],
            [22, []],
            [2, [39, 31, 32, 35]],
            [31, []],
            [7, []],
            [28, [43, 40, 44]],
            [8, []],
            [17, []],
            [32, []],
            [24, []],
            [48, [48]],
            [25, []],
            [43, [50, 45, 47]],
            [50, []],
            [11, []],
            [45, []],
            [40, []],
            [35, []],
            [47, []],
            [39, []],
            [16, []],
            [44, []],
            [10, []],
            [9, []],
            [23, []]
        ]
    ],
    [
        [
            [2, [39, 31, 32, 35]]
        ],
        [
            [28, [43, 40, 44]]
        ],
        [
            [48, [48]]
        ],
        [
            [43, [50, 45, 47]]
        ]
    ]
]",,,869.0727329542239,0,4,2.75,,,,,results/sol_best_RC101_2.5.dat_A4_L90_pid2799.txt,(not found),RC101_2.5.dat_A4_L90_r3.log
129,test_data/data_demand_random_50_batch_all1_equal_random/RC101_2.5.dat,4.0,120.0,1,1457.0,"[
    [
        [
            [0, [39, 6, 38, 27, 5, 30, 14, 20, 13, 49, 15, 12, 1, 29, 41, 19, 34, 33, 42, 36, 37, 21, 46]],
            [39, []],
            [6, []],
            [38, []],
            [27, []],
            [5, []],
            [30, []],
            [14, []],
            [20, []],
            [13, []],
            [49, []],
            [15, []],
            [12, []],
            [1, []],
            [29, []],
            [41, []],
            [19, []],
            [34, []],
            [33, []],
            [42, []],
            [36, []],
            [37, []],
            [21, []],
            [46, []]
        ],
        [
            [0, [22, 25, 24, 8, 28, 11, 4, 16, 9, 23, 7, 2, 17]],
            [26, [3, 26]],
            [3, []],
            [18, [18]],
            [10, [32, 31, 35, 10]],
            [32, [43, 40, 44]],
            [31, []],
            [22, []],
            [43, []],
            [25, []],
            [24, []],
            [8, [50, 45, 47, 48]],
            [28, []],
            [11, []],
            [45, []],
            [40, []],
            [35, []],
            [47, []],
            [4, []],
            [16, []],
            [50, []],
            [44, []],
            [9, []],
            [23, []],
            [7, []],
            [48, []],
            [2, []],
            [17, []]
        ]
    ],
    [
        [
            [26, [3, 26]]
        ],
        [
            [18, [18]]
        ],
        [
            [10, [32, 31, 35, 10]]
        ],
        [
            [32, [43, 40, 44]]
        ],
        [
            [8, [50, 45, 47, 48]]
        ]
    ]
]",,,678.9308754340562,0,5,2.8,,,,,results/sol_best_RC101_2.5.dat_A4_L120_pid2724.txt,(not found),RC101_2.5.dat_A4_L120_r1.log
129,test_data/data_demand_random_50_batch_all1_equal_random/RC101_2.5.dat,4.0,120.0,2,1281.0,"[
    [
        [
            [0, [1, 15, 13, 49, 29, 41, 19, 34, 33, 42, 36, 37, 21, 46]],
            [1, []],
            [15, []],
            [13, []],
            [49, []],
            [29, []],
            [41, []],
            [19, []],
            [34, []],
            [33, []],
            [42, []],
            [36, []],
            [37, []],
            [21, []],
            [46, []]
        ],
        [
            [0, [18, 26, 12, 3, 20, 14, 5, 4, 11, 28, 22, 17, 8, 24, 25, 2, 7, 23, 9, 10, 16, 6]],
            [18, []],
            [26, []],
            [12, []],
            [3, []],
            [20, []],
            [14, []],
            [5, [32, 31, 35, 27]],
            [4, []],
            [27, []],
            [39, [39, 38, 30]],
            [11, []],
            [28, [43, 40, 44]],
            [22, []],
            [17, []],
            [8, []],
            [32, []],
            [43, []],
            [24, []],
            [25, []],
            [48, [48, 45]],
            [31, []],
            [2, [50, 47]],
            [7, []],
            [23, []],
            [9, []],
            [10, []],
            [44, []],
            [50, []],
            [16, []],
            [45, []],
            [30, []],
            [40, []],
            [35, []],
            [38, []],
            [6, []],
            [47, []]
        ]
    ],
    [
        [
            [5, [32, 31, 35, 27]]
        ],
        [
            [39, [39, 38, 30]]
        ],
        [
            [28, [43, 40, 44]]
        ],
        [
            [48, [48, 45]]
        ],
        [
            [2, [50, 47]]
        ]
    ]
]",,,822.5852358622784,0,5,2.8,,,,,results/sol_best_RC101_2.5.dat_A4_L120_pid2726.txt,(not found),RC101_2.5.dat_A4_L120_r2.log
129,test_data/data_demand_random_50_batch_all1_equal_random/RC101_2.5.dat,4.0,120.0,3,1409.0,"[
    [
        [
            [0, [4, 5, 30, 49, 29, 41, 19, 34, 33, 42, 36, 37, 21, 46]],
            [4, []],
            [5, []],
            [30, []],
            [49, []],
            [29, []],
            [41, []],
            [19, []],
            [34, []],
            [33, []],
            [42, []],
            [36, []],
            [37, []],
            [21, []],
            [46, []]
        ],
        [
            [0, [18, 12, 15, 1, 20, 14, 13, 3, 26, 28, 10, 7, 23, 9, 17, 2, 22, 25, 24, 8, 11, 27, 6, 16]],
            [18, []],
            [12, []],
            [15, []],
            [1, []],
            [20, []],
            [14, []],
            [13, []],
            [3, []],
            [26, []],
            [28, []],
            [10, []],
            [7, [32, 31, 35, 38]],
            [23, []],
            [9, []],
            [17, []],
            [2, []],
            [22, []],
            [31, [40, 44, 43, 39]],
            [48, [48]],
            [25, []],
            [24, []],
            [43, []],
            [32, []],
            [8, [50, 45, 47]],
            [11, []],
            [45, []],
            [40, []],
            [35, []],
            [38, []],
            [27, []],
            [39, []],
            [6, []],
            [47, []],
            [16, []],
            [50, []],
            [44, []]
        ]
    ],
    [
        [
            [7, [32, 31, 35, 38]]
        ],
        [
            [31, [40, 44, 43, 39]]
        ],
        [
            [48, [48]]
        ],
        [
            [8, [50, 45, 47]]
        ]
    ]
]",,,880.3500175207279,0,4,3.0,,,,,results/sol_best_RC101_2.5.dat_A4_L120_pid2727.txt,(not found),RC101_2.5.dat_A4_L120_r3.log
130,test_data/data_demand_random_50_batch_all1_equal_random/RC101_2.5.dat,8.0,60.0,1,1549.0,"[
    [
        [
            [0, [28, 4, 5, 30, 26, 3, 14, 20, 13, 49, 15, 12, 18, 1, 29, 41, 19, 34, 33, 42, 36, 37, 21, 46]],
            [28, []],
            [4, []],
            [5, []],
            [30, []],
            [26, []],
            [3, []],
            [14, []],
            [20, []],
            [13, []],
            [49, []],
            [15, []],
            [12, []],
            [18, []],
            [1, []],
            [29, []],
            [41, []],
            [19, []],
            [34, []],
            [33, []],
            [42, []],
            [36, []],
            [37, []],
            [21, []],
            [46, []]
        ],
        [
            [0, [8, 32, 31, 48, 25, 24, 43, 50, 11, 45, 40, 35, 38, 27, 39, 6, 47, 16, 44, 10, 9, 23, 7, 2, 22, 17]],
            [8, []],
            [32, []],
            [31, []],
            [48, []],
            [25, []],
            [24, []],
            [43, []],
            [50, []],
            [11, []],
            [45, []],
            [40, []],
            [35, []],
            [38, []],
            [27, []],
            [39, []],
            [6, []],
            [47, []],
            [16, []],
            [44, []],
            [10, []],
            [9, []],
            [23, []],
            [7, []],
            [2, []],
            [22, []],
            [17, []]
        ]
    ],
    [
    ]
]",,,0.0,0,0,0.0,,,,,results/sol_best_RC101_2.5.dat_A8_L60_pid2738.txt,(not found),RC101_2.5.dat_A8_L60_r1.log
130,test_data/data_demand_random_50_batch_all1_equal_random/RC101_2.5.dat,8.0,60.0,2,1557.0,"[
    [
        [
            [0, [4, 5, 30, 26, 3, 14, 20, 13, 49, 15, 12, 18, 1, 29, 41, 19, 34, 33, 42, 36, 37, 21, 46, 43, 17]],
            [4, []],
            [5, []],
            [30, []],
            [26, []],
            [3, []],
            [14, []],
            [20, []],
            [13, []],
            [49, []],
            [15, []],
            [12, []],
            [18, []],
            [1, []],
            [29, []],
            [41, []],
            [19, []],
            [34, []],
            [33, []],
            [42, []],
            [36, []],
            [37, []],
            [21, []],
            [46, []],
            [43, []],
            [17, []]
        ],
        [
            [0, [8, 32, 24, 48, 25, 31, 23, 28, 11, 45, 40, 35, 38, 27, 39, 6, 47, 16, 50, 44, 10, 9, 7, 2, 22]],
            [8, []],
            [32, []],
            [24, []],
            [48, []],
            [25, []],
            [31, []],
            [23, []],
            [28, []],
            [11, []],
            [45, []],
            [40, []],
            [35, []],
            [38, []],
            [27, []],
            [39, []],
            [6, []],
            [47, []],
            [16, []],
            [50, []],
            [44, []],
            [10, []],
            [9, []],
            [7, []],
            [2, []],
            [22, []]
        ]
    ],
    [
    ]
]",,,0.0,0,0,0.0,,,,,results/sol_best_RC101_2.5.dat_A8_L60_pid2740.txt,(not found),RC101_2.5.dat_A8_L60_r2.log
130,test_data/data_demand_random_50_batch_all1_equal_random/RC101_2.5.dat,8.0,60.0,3,1489.0,"[
    [
        [
            [0, [4, 47, 39, 6, 38, 27, 5, 35, 40, 26, 3, 14, 20, 13, 49, 15, 12, 18, 1, 29, 41, 19, 34, 33, 42, 36, 37, 21, 46]],
            [4, []],
            [47, []],
            [39, []],
            [6, []],
            [38, []],
            [27, []],
            [5, []],
            [35, []],
            [40, []],
            [26, []],
            [3, []],
            [14, []],
            [20, []],
            [13, []],
            [49, []],
            [15, []],
            [12, []],
            [18, []],
            [1, []],
            [29, []],
            [41, []],
            [19, []],
            [34, []],
            [33, []],
            [42, []],
            [36, []],
            [37, []],
            [21, []],
            [46, []]
        ],
        [
            [0, [22, 31, 48, 25, 24, 43, 32, 8, 28, 11, 45, 30, 16, 50, 44, 10, 9, 23, 7, 2, 17]],
            [22, []],
            [31, []],
            [48, []],
            [25, []],
            [24, []],
            [43, []],
            [32, []],
            [8, []],
            [28, []],
            [11, []],
            [45, []],
            [30, []],
            [16, []],
            [50, []],
            [44, []],
            [10, []],
            [9, []],
            [23, []],
            [7, []],
            [2, []],
            [17, []]
        ]
    ],
    [
    ]
]",,,0.0,0,0,0.0,,,,,results/sol_best_RC101_2.5.dat_A8_L60_pid2741.txt,(not found),RC101_2.5.dat_A8_L60_r3.log
131,test_data/data_demand_random_50_batch_all1_equal_random/RC101_2.5.dat,8.0,90.0,1,1290.81,"[
    [
        [
            [0, [46, 21, 37, 36, 42, 33, 34, 19, 41, 29, 49, 13]],
            [46, []],
            [21, []],
            [37, []],
            [36, []],
            [42, []],
            [33, []],
            [34, []],
            [19, []],
            [41, []],
            [29, []],
            [49, []],
            [13, []]
        ],
        [
            [0, [1, 3, 12, 14, 4, 5, 6, 11, 8, 2, 7, 9, 10]],
            [1, [15, 20, 18, 16, 17]],
            [15, []],
            [20, []],
            [3, []],
            [12, []],
            [14, []],
            [26, [26]],
            [18, [23, 22, 25, 24, 28, 27]],
            [4, [30, 35, 32, 31]],
            [30, []],
            [27, []],
            [5, []],
            [6, []],
            [38, [38, 39]],
            [39, []],
            [11, []],
            [28, []],
            [43, [40, 44, 43]],
            [32, []],
            [8, [50, 45, 47, 48]],
            [17, []],
            [22, []],
            [24, []],
            [25, []],
            [48, []],
            [31, []],
            [2, []],
            [7, []],
            [23, []],
            [9, []],
            [10, []],
            [44, []],
            [50, []],
            [16, []],
            [45, []],
            [47, []],
            [35, []],
            [40, []]
        ]
    ],
    [
        [
            [1, [15, 20, 18, 16, 17]]
        ],
        [
            [26, [26]]
        ],
        [
            [18, [23, 22, 25, 24, 28, 27]]
        ],
        [
            [4, [30, 35, 32, 31]]
        ],
        [
            [38, [38, 39]]
        ],
        [
            [43, [40, 44, 43]]
        ],
        [
            [8, [50, 45, 47, 48]]
        ]
    ]
]",,,494.9720316484268,0,7,3.5714285714285716,,,,,results/sol_best_RC101_2.5.dat_A8_L90_pid2749.txt,(not found),RC101_2.5.dat_A8_L90_r1.log
131,test_data/data_demand_random_50_batch_all1_equal_random/RC101_2.5.dat,8.0,90.0,2,1409.0,"[
    [
        [
            [0, [4, 5, 30, 26, 20, 49, 29, 41, 19, 34, 33, 42, 36, 37, 21, 46]],
            [4, []],
            [5, []],
            [30, []],
            [26, []],
            [20, []],
            [49, []],
            [29, []],
            [41, []],
            [19, []],
            [34, []],
            [33, []],
            [42, []],
            [36, []],
            [37, []],
            [21, []],
            [46, []]
        ],
        [
            [0, [3, 14, 13, 1, 8, 2, 7, 9, 10, 6, 11]],
            [12, [12]],
            [3, []],
            [14, []],
            [13, []],
            [15, [15]],
            [18, [18, 16, 17]],
            [1, []],
            [17, []],
            [8, [23, 22, 28, 25, 24, 27]],
            [22, []],
            [23, [31, 32, 35]],
            [31, [39, 38]],
            [28, [43, 40, 44]],
            [43, []],
            [32, []],
            [25, []],
            [24, []],
            [48, [50, 45, 47, 48]],
            [2, []],
            [7, []],
            [9, []],
            [10, []],
            [44, []],
            [50, []],
            [16, []],
            [47, []],
            [39, []],
            [6, []],
            [38, [38]],
            [27, []],
            [35, []],
            [40, []],
            [45, []],
            [11, []]
        ]
    ],
    [
        [
            [12, [12]]
        ],
        [
            [15, [15]]
        ],
        [
            [18, [18, 16, 17]]
        ],
        [
            [8, [23, 22, 28, 25, 24, 27]]
        ],
        [
            [23, [31, 32, 35]]
        ],
        [
            [31, [39, 38]]
        ],
        [
            [28, [43, 40, 44]]
        ],
        [
            [48, [50, 45, 47, 48]]
        ]
    ]
]",,,524.0733686791602,0,8,2.875,,,,,results/sol_best_RC101_2.5.dat_A8_L90_pid2751.txt,(not found),RC101_2.5.dat_A8_L90_r2.log
131,test_data/data_demand_random_50_batch_all1_equal_random/RC101_2.5.dat,8.0,90.0,3,1402.2,"[
    [
        [
            [0, [30, 13, 49, 29, 41, 19, 34, 33, 42, 36, 37, 21, 46]],
            [30, []],
            [13, []],
            [49, []],
            [29, []],
            [41, []],
            [19, []],
            [34, []],
            [33, []],
            [42, []],
            [36, []],
            [37, []],
            [21, []],
            [46, []]
        ],
        [
            [0, [12, 14, 3, 1, 8, 2, 7, 10, 9, 11]],
            [5, [4, 5]],
            [6, [6]],
            [4, []],
            [26, [26, 18, 20, 27]],
            [18, []],
            [12, [15, 16, 17]],
            [20, []],
            [14, []],
            [3, []],
            [15, []],
            [1, []],
            [8, [23, 22, 28, 25, 24, 31, 32]],
            [32, []],
            [31, []],
            [25, []],
            [2, []],
            [7, []],
            [28, []],
            [10, []],
            [9, [43, 40, 44, 38]],
            [23, [35, 39]],
            [48, [50, 45, 47, 48]],
            [24, []],
            [43, []],
            [17, []],
            [22, []],
            [44, []],
            [11, []],
            [45, []],
            [47, []],
            [39, []],
            [27, []],
            [38, []],
            [35, []],
            [40, []],
            [16, []],
            [50, []]
        ]
    ],
    [
        [
            [5, [4, 5]]
        ],
        [
            [6, [6]]
        ],
        [
            [26, [26, 18, 20, 27]]
        ],
        [
            [12, [15, 16, 17]]
        ],
        [
            [8, [23, 22, 28, 25, 24, 31, 32]]
        ],
        [
            [9, [43, 40, 44, 38]]
        ],
        [
            [23, [35, 39]]
        ],
        [
            [48, [50, 45, 47, 48]]
        ]
    ]
]",,,555.2052347938316,0,8,3.375,,,,,results/sol_best_RC101_2.5.dat_A8_L90_pid2752.txt,(not found),RC101_2.5.dat_A8_L90_r3.log
132,test_data/data_demand_random_50_batch_all1_equal_random/RC101_2.5.dat,8.0,120.0,1,1281.0,"[
    [
        [
            [0, [49, 29, 41, 19, 34, 33, 42, 36, 37, 21, 46]],
            [49, []],
            [29, []],
            [41, []],
            [19, []],
            [34, []],
            [33, []],
            [42, []],
            [36, []],
            [37, []],
            [21, []],
            [46, []]
        ],
        [
            [0, [6, 4, 5, 3, 12, 1, 13, 14, 9, 7, 8, 2, 10, 11]],
            [6, []],
            [4, []],
            [5, []],
            [3, []],
            [20, [20]],
            [12, [18, 15]],
            [18, []],
            [1, []],
            [13, []],
            [14, []],
            [15, [23, 22, 25, 24, 28, 27, 26]],
            [26, [16, 17]],
            [28, []],
            [23, []],
            [16, []],
            [9, []],
            [7, [39, 32, 31, 35, 38, 30]],
            [43, [43]],
            [24, []],
            [31, [40, 44]],
            [8, []],
            [17, []],
            [32, []],
            [25, []],
            [48, [48]],
            [2, []],
            [22, [50, 45, 47]],
            [10, []],
            [44, []],
            [50, []],
            [11, []],
            [45, []],
            [47, []],
            [39, []],
            [27, []],
            [38, []],
            [35, []],
            [40, []],
            [30, []]
        ]
    ],
    [
        [
            [20, [20]]
        ],
        [
            [12, [18, 15]]
        ],
        [
            [15, [23, 22, 25, 24, 28, 27, 26]]
        ],
        [
            [26, [16, 17]]
        ],
        [
            [7, [39, 32, 31, 35, 38, 30]]
        ],
        [
            [43, [43]]
        ],
        [
            [31, [40, 44]]
        ],
        [
            [48, [48]]
        ],
        [
            [22, [50, 45, 47]]
        ]
    ]
]",,,682.5885812563148,0,9,2.7777777777777777,,,,,results/sol_best_RC101_2.5.dat_A8_L120_pid2661.txt,(not found),RC101_2.5.dat_A8_L120_r1.log
132,test_data/data_demand_random_50_batch_all1_equal_random/RC101_2.5.dat,8.0,120.0,2,1450.81,"[
    [
        [
            [0, [49, 29, 41, 19, 34, 33, 42, 36, 37, 21, 46, 38, 30]],
            [49, []],
            [29, []],
            [41, []],
            [19, []],
            [34, []],
            [33, []],
            [42, []],
            [36, []],
            [37, []],
            [21, []],
            [46, []],
            [38, []],
            [30, []]
        ],
        [
            [0, [12, 1, 14, 3, 13, 6, 11, 8, 5, 4, 10, 9, 7, 2]],
            [12, [18, 15, 16, 17]],
            [1, []],
            [14, []],
            [3, []],
            [15, []],
            [13, []],
            [20, [23, 22, 25, 24, 28, 27, 20]],
            [18, []],
            [26, [26]],
            [6, []],
            [35, [35]],
            [27, []],
            [39, [39]],
            [11, []],
            [28, [32, 31]],
            [22, [40, 44, 43]],
            [31, []],
            [8, [50, 45, 47, 48]],
            [40, []],
            [5, []],
            [4, []],
            [47, []],
            [45, []],
            [16, []],
            [50, []],
            [44, []],
            [10, []],
            [9, []],
            [23, []],
            [7, []],
            [2, []],
            [25, []],
            [48, []],
            [24, []],
            [43, []],
            [32, []],
            [17, []]
        ]
    ],
    [
        [
            [12, [18, 15, 16, 17]]
        ],
        [
            [20, [23, 22, 25, 24, 28, 27, 20]]
        ],
        [
            [26, [26]]
        ],
        [
            [35, [35]]
        ],
        [
            [39, [39]]
        ],
        [
            [28, [32, 31]]
        ],
        [
            [22, [40, 44, 43]]
        ],
        [
            [8, [50, 45, 47, 48]]
        ]
    ]
]",,,506.68159087934396,0,8,2.875,,,,,results/sol_best_RC101_2.5.dat_A8_L120_pid2663.txt,(not found),RC101_2.5.dat_A8_L120_r2.log
132,test_data/data_demand_random_50_batch_all1_equal_random/RC101_2.5.dat,8.0,120.0,3,1433.0,"[
    [
        [
            [0, [4, 6, 38, 5, 30, 14, 20, 13, 49, 29, 41, 19, 34, 33, 42, 36, 37, 21, 46]],
            [4, []],
            [6, []],
            [38, []],
            [5, []],
            [30, []],
            [14, []],
            [20, []],
            [13, []],
            [49, []],
            [29, []],
            [41, []],
            [19, []],
            [34, []],
            [33, []],
            [42, []],
            [36, []],
            [37, []],
            [21, []],
            [46, []]
        ],
        [
            [0, [8, 2, 17, 11, 16, 10, 9, 7]],
            [12, [12]],
            [18, [28, 22, 24, 25, 27, 23, 18]],
            [26, [3, 26]],
            [3, []],
            [15, [15]],
            [1, [1]],
            [8, [31, 32, 35]],
            [31, []],
            [28, [43, 40, 44, 39]],
            [2, []],
            [22, []],
            [24, []],
            [48, [48]],
            [25, []],
            [43, []],
            [32, [50, 45, 47]],
            [17, []],
            [50, []],
            [11, []],
            [45, []],
            [40, []],
            [35, []],
            [27, []],
            [39, []],
            [47, []],
            [16, []],
            [44, []],
            [10, []],
            [9, []],
            [23, []],
            [7, []]
        ]
    ],
    [
        [
            [12, [12]]
        ],
        [
            [18, [28, 22, 24, 25, 27, 23, 18]]
        ],
        [
            [26, [3, 26]]
        ],
        [
            [15, [15]]
        ],
        [
            [1, [1]]
        ],
        [
            [8, [31, 32, 35]]
        ],
        [
            [28, [43, 40, 44, 39]]
        ],
        [
            [48, [48]]
        ],
        [
            [32, [50, 45, 47]]
        ]
    ]
]",,,548.3431143011059,0,9,2.5555555555555554,,,,,results/sol_best_RC101_2.5.dat_A8_L120_pid2664.txt,(not found),RC101_2.5.dat_A8_L120_r3.log
133,test_data/data_demand_random_50_batch_all1_equal_random/RC101_2.dat,4.0,60.0,1,1277.0,"[
    [
        [
            [0, [11, 23, 34, 19, 24, 14, 22, 10, 50, 43, 38, 12, 48, 28, 36, 17, 13, 26, 5, 6, 47, 3, 44, 33, 35, 46]],
            [11, []],
            [23, []],
            [34, []],
            [19, []],
            [24, []],
            [14, []],
            [22, []],
            [10, []],
            [50, []],
            [43, []],
            [38, []],
            [12, []],
            [48, []],
            [28, []],
            [36, []],
            [17, []],
            [13, []],
            [26, []],
            [5, []],
            [6, []],
            [47, []],
            [3, []],
            [44, []],
            [33, []],
            [35, []],
            [46, []]
        ],
        [
            [0, [39, 16, 7, 29, 30, 45, 15, 21, 42, 20, 37, 27, 49, 32, 9, 41, 31, 25, 40, 8, 1, 4, 2, 18]],
            [39, []],
            [16, []],
            [7, []],
            [29, []],
            [30, []],
            [45, []],
            [15, []],
            [21, []],
            [42, []],
            [20, []],
            [37, []],
            [27, []],
            [49, []],
            [32, []],
            [9, []],
            [41, []],
            [31, []],
            [25, []],
            [40, []],
            [8, []],
            [1, []],
            [4, []],
            [2, []],
            [18, []]
        ]
    ],
    [
    ]
]",,,0.0,0,0,0.0,,,,,results/sol_best_RC101_2.dat_A4_L60_pid2743.txt,(not found),RC101_2.dat_A4_L60_r1.log
133,test_data/data_demand_random_50_batch_all1_equal_random/RC101_2.dat,4.0,60.0,2,1277.0,"[
    [
        [
            [0, [11, 23, 14, 22, 10, 50, 43, 12, 38, 48, 28, 36, 17, 13, 26, 24, 19, 34, 5, 6, 47, 3, 44, 33, 35, 46]],
            [11, []],
            [23, []],
            [14, []],
            [22, []],
            [10, []],
            [50, []],
            [43, []],
            [12, []],
            [38, []],
            [48, []],
            [28, []],
            [36, []],
            [17, []],
            [13, []],
            [26, []],
            [24, []],
            [19, []],
            [34, []],
            [5, []],
            [6, []],
            [47, []],
            [3, []],
            [44, []],
            [33, []],
            [35, []],
            [46, []]
        ],
        [
            [0, [39, 16, 7, 29, 30, 45, 15, 42, 21, 20, 37, 49, 32, 27, 9, 41, 31, 25, 40, 8, 1, 4, 2, 18]],
            [39, []],
            [16, []],
            [7, []],
            [29, []],
            [30, []],
            [45, []],
            [15, []],
            [42, []],
            [21, []],
            [20, []],
            [37, []],
            [49, []],
            [32, []],
            [27, []],
            [9, []],
            [41, []],
            [31, []],
            [25, []],
            [40, []],
            [8, []],
            [1, []],
            [4, []],
            [2, []],
            [18, []]
        ]
    ],
    [
    ]
]",,,0.0,0,0,0.0,,,,,results/sol_best_RC101_2.dat_A4_L60_pid2745.txt,(not found),RC101_2.dat_A4_L60_r2.log
133,test_data/data_demand_random_50_batch_all1_equal_random/RC101_2.dat,4.0,60.0,3,1249.0,"[
    [
        [
            [0, [17, 36, 28, 48, 12, 38, 43, 26, 13, 50, 10, 22, 14, 24, 19, 11, 23, 34, 5, 6, 39, 47, 3, 16, 7, 44, 33, 35, 46]],
            [17, []],
            [36, []],
            [28, []],
            [48, []],
            [12, []],
            [38, []],
            [43, []],
            [26, []],
            [13, []],
            [50, []],
            [10, []],
            [22, []],
            [14, []],
            [24, []],
            [19, []],
            [11, []],
            [23, []],
            [34, []],
            [5, []],
            [6, []],
            [39, []],
            [47, []],
            [3, []],
            [16, []],
            [7, []],
            [44, []],
            [33, []],
            [35, []],
            [46, []]
        ],
        [
            [0, [29, 30, 45, 15, 42, 21, 20, 37, 49, 32, 27, 9, 41, 31, 25, 40, 8, 1, 4, 2, 18]],
            [29, []],
            [30, []],
            [45, []],
            [15, []],
            [42, []],
            [21, []],
            [20, []],
            [37, []],
            [49, []],
            [32, []],
            [27, []],
            [9, []],
            [41, []],
            [31, []],
            [25, []],
            [40, []],
            [8, []],
            [1, []],
            [4, []],
            [2, []],
            [18, []]
        ]
    ],
    [
    ]
]",,,0.0,0,0,0.0,,,,,results/sol_best_RC101_2.dat_A4_L60_pid2746.txt,(not found),RC101_2.dat_A4_L60_r3.log
134,test_data/data_demand_random_50_batch_all1_equal_random/RC101_2.dat,4.0,90.0,1,1212.81,"[
    [
        [
            [0, [18, 12, 13, 26, 10, 22, 24, 14, 19, 5, 11, 28, 17, 23, 6, 16, 3, 7]],
            [18, []],
            [12, []],
            [13, []],
            [26, []],
            [10, []],
            [22, []],
            [24, []],
            [14, [38, 36, 34, 35]],
            [19, []],
            [5, []],
            [34, []],
            [11, [48, 43, 50, 29]],
            [50, []],
            [43, []],
            [38, []],
            [48, []],
            [28, []],
            [36, []],
            [17, []],
            [23, []],
            [6, []],
            [16, []],
            [3, [33, 44, 39, 47]],
            [47, []],
            [33, []],
            [44, []],
            [7, []],
            [29, []],
            [46, [46]],
            [35, []],
            [39, []]
        ],
        [
            [0, [49, 32, 30, 45, 15, 21, 42, 20, 37, 27, 9, 41, 31, 25, 40, 8, 1, 4, 2]],
            [49, []],
            [32, []],
            [30, []],
            [45, []],
            [15, []],
            [21, []],
            [42, []],
            [20, []],
            [37, []],
            [27, []],
            [9, []],
            [41, []],
            [31, []],
            [25, []],
            [40, []],
            [8, []],
            [1, []],
            [4, []],
            [2, []]
        ]
    ],
    [
        [
            [14, [38, 36, 34, 35]]
        ],
        [
            [11, [48, 43, 50, 29]]
        ],
        [
            [3, [33, 44, 39, 47]]
        ],
        [
            [46, [46]]
        ]
    ]
]",,,923.7668611845372,0,4,3.25,,,,,results/sol_best_RC101_2.dat_A4_L90_pid2673.txt,(not found),RC101_2.dat_A4_L90_r1.log
134,test_data/data_demand_random_50_batch_all1_equal_random/RC101_2.dat,4.0,90.0,2,1265.0,"[
    [
        [
            [0, [7, 17, 11, 6, 23, 22, 19, 5, 24, 14, 10, 26, 12, 28, 13, 20, 27]],
            [7, []],
            [17, []],
            [11, []],
            [6, []],
            [23, [38, 36, 37]],
            [22, []],
            [19, []],
            [5, [34, 32]],
            [34, []],
            [24, [48, 43, 50, 49]],
            [14, []],
            [10, []],
            [26, []],
            [48, []],
            [12, []],
            [38, []],
            [43, []],
            [28, []],
            [36, []],
            [13, []],
            [50, []],
            [32, []],
            [49, []],
            [20, []],
            [37, []],
            [27, []]
        ],
        [
            [0, [39, 16, 3, 47, 33, 44, 35, 46, 29, 30, 45, 15, 42, 21, 9, 41, 31, 25, 40, 8, 1, 4, 2, 18]],
            [39, []],
            [16, []],
            [3, []],
            [47, []],
            [33, []],
            [44, []],
            [35, []],
            [46, []],
            [29, []],
            [30, []],
            [45, []],
            [15, []],
            [42, []],
            [21, []],
            [9, []],
            [41, []],
            [31, []],
            [25, []],
            [40, []],
            [8, []],
            [1, []],
            [4, []],
            [2, []],
            [18, []]
        ]
    ],
    [
        [
            [23, [38, 36, 37]]
        ],
        [
            [5, [34, 32]]
        ],
        [
            [24, [48, 43, 50, 49]]
        ]
    ]
]",,,806.0296081728178,0,3,3.0,,,,,results/sol_best_RC101_2.dat_A4_L90_pid2675.txt,(not found),RC101_2.dat_A4_L90_r2.log
134,test_data/data_demand_random_50_batch_all1_equal_random/RC101_2.dat,4.0,90.0,3,1265.0,"[
    [
        [
            [0, [18, 17, 11, 23, 10, 14, 22, 12, 28, 26, 13, 19, 24, 5, 6, 7, 20, 27]],
            [18, []],
            [17, []],
            [11, []],
            [23, [38, 36, 34, 32]],
            [10, []],
            [14, []],
            [22, []],
            [43, [43, 37]],
            [38, []],
            [12, [48, 50, 46]],
            [48, []],
            [28, []],
            [36, []],
            [26, []],
            [50, []],
            [13, []],
            [19, []],
            [24, []],
            [34, []],
            [5, []],
            [6, []],
            [46, [35, 49]],
            [35, []],
            [7, []],
            [32, []],
            [20, []],
            [37, []],
            [27, []],
            [49, []]
        ],
        [
            [0, [39, 16, 3, 47, 33, 44, 29, 30, 45, 15, 42, 21, 9, 41, 31, 25, 40, 8, 1, 4, 2]],
            [39, []],
            [16, []],
            [3, []],
            [47, []],
            [33, []],
            [44, []],
            [29, []],
            [30, []],
            [45, []],
            [15, []],
            [42, []],
            [21, []],
            [9, []],
            [41, []],
            [31, []],
            [25, []],
            [40, []],
            [8, []],
            [1, []],
            [4, []],
            [2, []]
        ]
    ],
    [
        [
            [23, [38, 36, 34, 32]]
        ],
        [
            [43, [43, 37]]
        ],
        [
            [12, [48, 50, 46]]
        ],
        [
            [46, [35, 49]]
        ]
    ]
]",,,830.0618358222707,0,4,2.75,,,,,results/sol_best_RC101_2.dat_A4_L90_pid2676.txt,(not found),RC101_2.dat_A4_L90_r3.log
135,test_data/data_demand_random_50_batch_all1_equal_random/RC101_2.dat,4.0,120.0,1,1265.0,"[
    [
        [
            [0, [7, 11, 14, 5, 23, 6, 10, 19, 24, 22, 28, 12, 13, 26, 17, 21, 27]],
            [7, []],
            [29, [34, 32, 29]],
            [11, [38, 36]],
            [14, []],
            [5, []],
            [23, []],
            [6, []],
            [34, []],
            [10, [48, 43, 50, 49]],
            [19, []],
            [24, []],
            [22, []],
            [50, []],
            [43, []],
            [36, []],
            [28, []],
            [48, []],
            [38, []],
            [12, []],
            [13, []],
            [26, []],
            [17, []],
            [21, []],
            [27, []],
            [49, []],
            [32, []]
        ],
        [
            [0, [39, 16, 3, 47, 33, 44, 35, 46, 30, 45, 15, 42, 20, 37, 9, 41, 31, 25, 40, 8, 1, 4, 2, 18]],
            [39, []],
            [16, []],
            [3, []],
            [47, []],
            [33, []],
            [44, []],
            [35, []],
            [46, []],
            [30, []],
            [45, []],
            [15, []],
            [42, []],
            [20, []],
            [37, []],
            [9, []],
            [41, []],
            [31, []],
            [25, []],
            [40, []],
            [8, []],
            [1, []],
            [4, []],
            [2, []],
            [18, []]
        ]
    ],
    [
        [
            [29, [34, 32, 29]]
        ],
        [
            [11, [38, 36]]
        ],
        [
            [10, [48, 43, 50, 49]]
        ]
    ]
]",,,600.8085762644383,0,3,3.0,,,,,results/sol_best_RC101_2.dat_A4_L120_pid2766.txt,(not found),RC101_2.dat_A4_L120_r1.log
135,test_data/data_demand_random_50_batch_all1_equal_random/RC101_2.dat,4.0,120.0,2,1265.0,"[
    [
        [
            [0, [18, 17, 11, 10, 12, 28, 13, 26, 22, 14, 24, 19, 5, 23, 6, 20, 27]],
            [18, []],
            [17, []],
            [11, [38, 36, 34, 32]],
            [10, []],
            [12, []],
            [38, []],
            [48, [48, 43, 50, 49]],
            [28, []],
            [36, []],
            [13, []],
            [26, []],
            [50, []],
            [43, []],
            [22, []],
            [14, []],
            [24, []],
            [19, []],
            [34, []],
            [5, []],
            [23, []],
            [6, []],
            [35, [29, 37, 35, 46]],
            [46, []],
            [29, []],
            [32, []],
            [20, []],
            [37, []],
            [27, []],
            [49, []]
        ],
        [
            [0, [39, 16, 3, 47, 33, 44, 7, 30, 45, 15, 42, 21, 9, 41, 31, 25, 40, 8, 1, 4, 2]],
            [39, []],
            [16, []],
            [3, []],
            [47, []],
            [33, []],
            [44, []],
            [7, []],
            [30, []],
            [45, []],
            [15, []],
            [42, []],
            [21, []],
            [9, []],
            [41, []],
            [31, []],
            [25, []],
            [40, []],
            [8, []],
            [1, []],
            [4, []],
            [2, []]
        ]
    ],
    [
        [
            [11, [38, 36, 34, 32]]
        ],
        [
            [48, [48, 43, 50, 49]]
        ],
        [
            [35, [29, 37, 35, 46]]
        ]
    ]
]",,,824.3132779461577,0,3,4.0,,,,,results/sol_best_RC101_2.dat_A4_L120_pid2768.txt,(not found),RC101_2.dat_A4_L120_r2.log
135,test_data/data_demand_random_50_batch_all1_equal_random/RC101_2.dat,4.0,120.0,3,1265.0,"[
    [
        [
            [0, [18, 28, 26, 17, 11, 23, 24, 14, 22, 10, 12, 13, 19, 5, 6, 16, 7]],
            [18, []],
            [28, []],
            [26, []],
            [17, []],
            [11, [34, 39, 29, 32]],
            [23, []],
            [34, []],
            [24, []],
            [14, [38, 36, 33]],
            [22, []],
            [10, [48, 43, 50, 49]],
            [50, []],
            [43, []],
            [38, []],
            [12, []],
            [48, []],
            [36, []],
            [13, []],
            [19, []],
            [5, []],
            [6, []],
            [39, []],
            [16, []],
            [47, [47]],
            [33, []],
            [7, []],
            [29, []],
            [32, []],
            [49, []]
        ],
        [
            [0, [3, 44, 35, 46, 30, 45, 15, 21, 42, 20, 37, 27, 9, 41, 31, 25, 40, 8, 1, 4, 2]],
            [3, []],
            [44, []],
            [35, []],
            [46, []],
            [30, []],
            [45, []],
            [15, []],
            [21, []],
            [42, []],
            [20, []],
            [37, []],
            [27, []],
            [9, []],
            [41, []],
            [31, []],
            [25, []],
            [40, []],
            [8, []],
            [1, []],
            [4, []],
            [2, []]
        ]
    ],
    [
        [
            [11, [34, 39, 29, 32]]
        ],
        [
            [14, [38, 36, 33]]
        ],
        [
            [10, [48, 43, 50, 49]]
        ],
        [
            [47, [47]]
        ]
    ]
]",,,806.8768216534509,0,4,3.0,,,,,results/sol_best_RC101_2.dat_A4_L120_pid2769.txt,(not found),RC101_2.dat_A4_L120_r3.log
136,test_data/data_demand_random_50_batch_all1_equal_random/RC101_2.dat,8.0,60.0,1,1289.0,"[
    [
        [
            [0, [11, 24, 14, 22, 10, 50, 17, 36, 28, 48, 38, 12, 43, 26, 13, 19, 5, 34, 23, 6, 7]],
            [11, []],
            [24, []],
            [14, []],
            [22, []],
            [10, []],
            [50, []],
            [17, []],
            [36, []],
            [28, []],
            [48, []],
            [38, []],
            [12, []],
            [43, []],
            [26, []],
            [13, []],
            [19, []],
            [5, []],
            [34, []],
            [23, []],
            [6, []],
            [7, []]
        ],
        [
            [0, [39, 16, 3, 47, 33, 44, 35, 46, 29, 30, 45, 15, 42, 21, 20, 37, 27, 32, 49, 9, 41, 31, 25, 40, 8, 1, 4, 2, 18]],
            [39, []],
            [16, []],
            [3, []],
            [47, []],
            [33, []],
            [44, []],
            [35, []],
            [46, []],
            [29, []],
            [30, []],
            [45, []],
            [15, []],
            [42, []],
            [21, []],
            [20, []],
            [37, []],
            [27, []],
            [32, []],
            [49, []],
            [9, []],
            [41, []],
            [31, []],
            [25, []],
            [40, []],
            [8, []],
            [1, []],
            [4, []],
            [2, []],
            [18, []]
        ]
    ],
    [
    ]
]",,,0.0,0,0,0.0,,,,,results/sol_best_RC101_2.dat_A8_L60_pid2660.txt,(not found),RC101_2.dat_A8_L60_r1.log
136,test_data/data_demand_random_50_batch_all1_equal_random/RC101_2.dat,8.0,60.0,2,1249.0,"[
    [
        [
            [0, [17, 36, 28, 48, 12, 38, 43, 26, 13, 50, 10, 22, 14, 24, 19, 34, 5, 6, 11, 23, 47, 3, 16, 7, 44, 33, 35, 39]],
            [17, []],
            [36, []],
            [28, []],
            [48, []],
            [12, []],
            [38, []],
            [43, []],
            [26, []],
            [13, []],
            [50, []],
            [10, []],
            [22, []],
            [14, []],
            [24, []],
            [19, []],
            [34, []],
            [5, []],
            [6, []],
            [11, []],
            [23, []],
            [47, []],
            [3, []],
            [16, []],
            [7, []],
            [44, []],
            [33, []],
            [35, []],
            [39, []]
        ],
        [
            [0, [46, 29, 30, 45, 15, 42, 21, 20, 37, 49, 32, 27, 9, 41, 31, 25, 40, 8, 1, 4, 2, 18]],
            [46, []],
            [29, []],
            [30, []],
            [45, []],
            [15, []],
            [42, []],
            [21, []],
            [20, []],
            [37, []],
            [49, []],
            [32, []],
            [27, []],
            [9, []],
            [41, []],
            [31, []],
            [25, []],
            [40, []],
            [8, []],
            [1, []],
            [4, []],
            [2, []],
            [18, []]
        ]
    ],
    [
    ]
]",,,0.0,0,0,0.0,,,,,results/sol_best_RC101_2.dat_A8_L60_pid2662.txt,(not found),RC101_2.dat_A8_L60_r2.log
136,test_data/data_demand_random_50_batch_all1_equal_random/RC101_2.dat,8.0,60.0,3,1229.0,"[
    [
        [
            [0, [17, 36, 28, 48, 12, 38, 43, 50, 13, 26, 10, 22, 14, 24, 19, 34, 5, 23, 11, 6, 35, 46, 29, 7, 44, 33, 47, 3, 16, 39]],
            [17, []],
            [36, []],
            [28, []],
            [48, []],
            [12, []],
            [38, []],
            [43, []],
            [50, []],
            [13, []],
            [26, []],
            [10, []],
            [22, []],
            [14, []],
            [24, []],
            [19, []],
            [34, []],
            [5, []],
            [23, []],
            [11, []],
            [6, []],
            [35, []],
            [46, []],
            [29, []],
            [7, []],
            [44, []],
            [33, []],
            [47, []],
            [3, []],
            [16, []],
            [39, []]
        ],
        [
            [0, [30, 45, 15, 21, 42, 20, 37, 27, 49, 32, 9, 41, 31, 25, 40, 8, 1, 4, 2, 18]],
            [30, []],
            [45, []],
            [15, []],
            [21, []],
            [42, []],
            [20, []],
            [37, []],
            [27, []],
            [49, []],
            [32, []],
            [9, []],
            [41, []],
            [31, []],
            [25, []],
            [40, []],
            [8, []],
            [1, []],
            [4, []],
            [2, []],
            [18, []]
        ]
    ],
    [
    ]
]",,,0.0,0,0,0.0,,,,,results/sol_best_RC101_2.dat_A8_L60_pid2663.txt,(not found),RC101_2.dat_A8_L60_r3.log
137,test_data/data_demand_random_50_batch_all1_equal_random/RC101_2.dat,8.0,90.0,1,1253.0,"[
    [
        [
            [0, [5, 6, 3]],
            [5, [11, 14, 10, 12, 13]],
            [11, []],
            [18, [26, 28, 22, 24, 23, 18, 19]],
            [17, [17]],
            [14, [38, 36, 34, 32, 35, 33]],
            [10, []],
            [19, []],
            [26, [48, 43, 50, 49, 46, 47, 44]],
            [43, []],
            [12, []],
            [38, []],
            [48, []],
            [28, []],
            [36, []],
            [13, []],
            [50, []],
            [22, []],
            [24, []],
            [34, []],
            [23, []],
            [6, []],
            [47, []],
            [3, []],
            [44, [44]],
            [33, []],
            [35, []],
            [46, []],
            [32, []],
            [49, []]
        ],
        [
            [0, [39, 16, 7, 29, 30, 45, 15, 42, 21, 20, 37, 27, 9, 41, 31, 25, 40, 8, 1, 4, 2]],
            [39, []],
            [16, []],
            [7, []],
            [29, []],
            [30, []],
            [45, []],
            [15, []],
            [42, []],
            [21, []],
            [20, []],
            [37, []],
            [27, []],
            [9, []],
            [41, []],
            [31, []],
            [25, []],
            [40, []],
            [8, []],
            [1, []],
            [4, []],
            [2, []]
        ]
    ],
    [
        [
            [5, [11, 14, 10, 12, 13]]
        ],
        [
            [18, [26, 28, 22, 24, 23, 18, 19]]
        ],
        [
            [17, [17]]
        ],
        [
            [14, [38, 36, 34, 32, 35, 33]]
        ],
        [
            [26, [48, 43, 50, 49, 46, 47, 44]]
        ]
    ]
]",,,433.37015378216273,0,5,5.2,,,,,results/sol_best_RC101_2.dat_A8_L90_pid2701.txt,(not found),RC101_2.dat_A8_L90_r1.log
137,test_data/data_demand_random_50_batch_all1_equal_random/RC101_2.dat,8.0,90.0,2,1256.31,"[
    [
        [
            [0, [7, 5, 1, 4, 6, 3]],
            [7, [14, 12, 13, 10]],
            [5, []],
            [14, []],
            [10, []],
            [11, [17, 18, 19, 21, 16, 11]],
            [17, [26, 28, 22, 24, 23]],
            [1, []],
            [4, []],
            [18, []],
            [38, [38, 34, 36, 35, 33, 39, 29, 32]],
            [12, []],
            [43, [48, 50, 49, 46, 47, 44, 43]],
            [48, []],
            [28, []],
            [36, []],
            [13, []],
            [26, []],
            [50, []],
            [22, []],
            [24, []],
            [19, []],
            [34, []],
            [23, []],
            [6, []],
            [39, []],
            [16, []],
            [3, []],
            [47, []],
            [33, []],
            [44, []],
            [35, []],
            [46, []],
            [29, []],
            [32, []],
            [49, []],
            [21, []]
        ],
        [
            [0, [30, 45, 15, 42, 20, 37, 27, 9, 41, 31, 25, 40, 8, 2]],
            [30, []],
            [45, []],
            [15, []],
            [42, []],
            [20, []],
            [37, []],
            [27, []],
            [9, []],
            [41, []],
            [31, []],
            [25, []],
            [40, []],
            [8, []],
            [2, []]
        ]
    ],
    [
        [
            [7, [14, 12, 13, 10]]
        ],
        [
            [11, [17, 18, 19, 21, 16, 11]]
        ],
        [
            [17, [26, 28, 22, 24, 23]]
        ],
        [
            [38, [38, 34, 36, 35, 33, 39, 29, 32]]
        ],
        [
            [43, [48, 50, 49, 46, 47, 44, 43]]
        ]
    ]
]",,,431.6411827368821,0,5,6.0,,,,,results/sol_best_RC101_2.dat_A8_L90_pid2703.txt,(not found),RC101_2.dat_A8_L90_r2.log
137,test_data/data_demand_random_50_batch_all1_equal_random/RC101_2.dat,8.0,90.0,3,1233.0,"[
    [
        [
            [0, [7, 5, 6, 3]],
            [7, [10, 14, 12, 13, 11, 1, 4]],
            [1, []],
            [18, [18, 17, 19, 16]],
            [4, []],
            [17, [26, 28, 22, 24, 23, 33]],
            [13, []],
            [19, [38, 36, 34, 32, 35, 39]],
            [14, []],
            [24, []],
            [22, []],
            [10, []],
            [26, [48, 43, 50, 46, 49, 47, 44]],
            [50, []],
            [43, []],
            [38, []],
            [12, []],
            [48, []],
            [28, []],
            [36, []],
            [11, []],
            [23, []],
            [34, []],
            [5, []],
            [6, []],
            [39, []],
            [16, []],
            [47, []],
            [3, []],
            [44, []],
            [33, []],
            [35, []],
            [46, []],
            [32, []],
            [49, []]
        ],
        [
            [0, [29, 30, 45, 15, 21, 42, 20, 37, 27, 9, 41, 31, 25, 40, 8, 2]],
            [29, []],
            [30, []],
            [45, []],
            [15, []],
            [21, []],
            [42, []],
            [20, []],
            [37, []],
            [27, []],
            [9, []],
            [41, []],
            [31, []],
            [25, []],
            [40, []],
            [8, []],
            [2, []]
        ]
    ],
    [
        [
            [7, [10, 14, 12, 13, 11, 1, 4]]
        ],
        [
            [18, [18, 17, 19, 16]]
        ],
        [
            [17, [26, 28, 22, 24, 23, 33]]
        ],
        [
            [19, [38, 36, 34, 32, 35, 39]]
        ],
        [
            [26, [48, 43, 50, 46, 49, 47, 44]]
        ]
    ]
]",,,457.1245220147495,0,5,6.0,,,,,results/sol_best_RC101_2.dat_A8_L90_pid2704.txt,(not found),RC101_2.dat_A8_L90_r3.log
138,test_data/data_demand_random_50_batch_all1_equal_random/RC101_2.dat,8.0,120.0,1,1245.0,"[
    [
        [
            [0, [6, 5, 3]],
            [13, [13]],
            [12, [12, 14, 10, 11]],
            [18, [18, 17, 19]],
            [17, []],
            [23, [23, 26, 28, 24, 21]],
            [6, []],
            [14, [34, 32, 22, 33]],
            [10, []],
            [22, []],
            [11, [38, 36, 35]],
            [36, []],
            [28, []],
            [38, []],
            [48, [48, 43, 50, 49, 46, 47, 44]],
            [43, []],
            [50, []],
            [26, []],
            [24, []],
            [19, []],
            [34, []],
            [5, []],
            [47, []],
            [3, []],
            [44, [44]],
            [33, []],
            [35, []],
            [46, []],
            [32, []],
            [49, []],
            [21, []]
        ],
        [
            [0, [39, 16, 7, 29, 30, 45, 15, 42, 20, 37, 27, 9, 41, 31, 25, 40, 8, 1, 4, 2]],
            [39, []],
            [16, []],
            [7, []],
            [29, []],
            [30, []],
            [45, []],
            [15, []],
            [42, []],
            [20, []],
            [37, []],
            [27, []],
            [9, []],
            [41, []],
            [31, []],
            [25, []],
            [40, []],
            [8, []],
            [1, []],
            [4, []],
            [2, []]
        ]
    ],
    [
        [
            [13, [13]]
        ],
        [
            [12, [12, 14, 10, 11]]
        ],
        [
            [18, [18, 17, 19]]
        ],
        [
            [23, [23, 26, 28, 24, 21]]
        ],
        [
            [14, [34, 32, 22, 33]]
        ],
        [
            [11, [38, 36, 35]]
        ],
        [
            [48, [48, 43, 50, 49, 46, 47, 44]]
        ]
    ]
]",,,384.1315007220047,0,7,3.857142857142857,,,,,results/sol_best_RC101_2.dat_A8_L120_pid2740.txt,(not found),RC101_2.dat_A8_L120_r1.log
138,test_data/data_demand_random_50_batch_all1_equal_random/RC101_2.dat,8.0,120.0,2,1273.3,"[
    [
        [
            [0, [18, 12, 11, 14, 10, 6, 17, 13, 19, 5]],
            [18, [22, 23, 28, 26, 24]],
            [28, []],
            [12, [34, 32]],
            [22, []],
            [11, [38, 36, 35]],
            [14, []],
            [10, []],
            [6, []],
            [23, [48, 43, 50, 49, 46]],
            [17, []],
            [48, []],
            [38, []],
            [43, []],
            [36, []],
            [13, []],
            [50, []],
            [26, []],
            [24, []],
            [19, []],
            [34, []],
            [5, []],
            [35, [35]],
            [46, []],
            [32, []],
            [49, []]
        ],
        [
            [0, [39, 16, 3, 47, 33, 44, 7, 29, 30, 45, 15, 42, 21, 20, 37, 27, 9, 41, 31, 25, 40, 8, 1, 4, 2]],
            [39, []],
            [16, []],
            [3, []],
            [47, []],
            [33, []],
            [44, []],
            [7, []],
            [29, []],
            [30, []],
            [45, []],
            [15, []],
            [42, []],
            [21, []],
            [20, []],
            [37, []],
            [27, []],
            [9, []],
            [41, []],
            [31, []],
            [25, []],
            [40, []],
            [8, []],
            [1, []],
            [4, []],
            [2, []]
        ]
    ],
    [
        [
            [18, [22, 23, 28, 26, 24]]
        ],
        [
            [12, [34, 32]]
        ],
        [
            [11, [38, 36, 35]]
        ],
        [
            [23, [48, 43, 50, 49, 46]]
        ]
    ]
]",,,532.1150789103874,0,4,3.75,,,,,results/sol_best_RC101_2.dat_A8_L120_pid2742.txt,(not found),RC101_2.dat_A8_L120_r2.log
138,test_data/data_demand_random_50_batch_all1_equal_random/RC101_2.dat,8.0,120.0,3,1265.0,"[
    [
        [
            [0, [21, 18, 17, 14, 11, 6, 10, 12, 13, 19, 5]],
            [21, []],
            [18, []],
            [17, [23, 28, 26, 22, 24]],
            [14, [38, 36, 34, 32, 35]],
            [11, []],
            [23, []],
            [6, []],
            [10, [48, 43, 50, 49, 46]],
            [43, []],
            [12, []],
            [38, []],
            [48, []],
            [28, []],
            [36, []],
            [13, []],
            [26, []],
            [50, []],
            [22, []],
            [24, []],
            [19, []],
            [34, []],
            [5, []],
            [35, []],
            [46, []],
            [32, []],
            [49, []]
        ],
        [
            [0, [39, 16, 3, 47, 33, 44, 7, 29, 30, 45, 15, 42, 20, 37, 27, 9, 41, 31, 25, 40, 8, 1, 4, 2]],
            [39, []],
            [16, []],
            [3, []],
            [47, []],
            [33, []],
            [44, []],
            [7, []],
            [29, []],
            [30, []],
            [45, []],
            [15, []],
            [42, []],
            [20, []],
            [37, []],
            [27, []],
            [9, []],
            [41, []],
            [31, []],
            [25, []],
            [40, []],
            [8, []],
            [1, []],
            [4, []],
            [2, []]
        ]
    ],
    [
        [
            [17, [23, 28, 26, 22, 24]]
        ],
        [
            [14, [38, 36, 34, 32, 35]]
        ],
        [
            [10, [48, 43, 50, 49, 46]]
        ]
    ]
]",,,683.398665957437,0,3,5.0,,,,,results/sol_best_RC101_2.dat_A8_L120_pid2743.txt,(not found),RC101_2.dat_A8_L120_r3.log
139,test_data/data_demand_random_50_batch_all1_equal_random/RC101_3.dat,4.0,60.0,1,1633.0,"[
    [
        [
            [0, [5, 12, 19, 31, 39, 37, 1, 23, 17, 47, 28, 22, 41, 40, 50, 27, 44, 42, 25, 33, 29, 9, 20, 43]],
            [5, []],
            [12, []],
            [19, []],
            [31, []],
            [39, []],
            [37, []],
            [1, []],
            [23, []],
            [17, []],
            [47, []],
            [28, []],
            [22, []],
            [41, []],
            [40, []],
            [50, []],
            [27, []],
            [44, []],
            [42, []],
            [25, []],
            [33, []],
            [29, []],
            [9, []],
            [20, []],
            [43, []]
        ],
        [
            [0, [21, 16, 46, 30, 34, 10, 45, 26, 35, 32, 3, 48, 11, 13, 4, 38, 18, 15, 6, 36, 14, 49, 7, 24, 8, 2]],
            [21, []],
            [16, []],
            [46, []],
            [30, []],
            [34, []],
            [10, []],
            [45, []],
            [26, []],
            [35, []],
            [32, []],
            [3, []],
            [48, []],
            [11, []],
            [13, []],
            [4, []],
            [38, []],
            [18, []],
            [15, []],
            [6, []],
            [36, []],
            [14, []],
            [49, []],
            [7, []],
            [24, []],
            [8, []],
            [2, []]
        ]
    ],
    [
    ]
]",,,0.0,0,0,0.0,,,,,results/sol_best_RC101_3.dat_A4_L60_pid2751.txt,(not found),RC101_3.dat_A4_L60_r1.log
139,test_data/data_demand_random_50_batch_all1_equal_random/RC101_3.dat,4.0,60.0,2,1633.0,"[
    [
        [
            [0, [5, 12, 19, 31, 39, 37, 1, 23, 17, 47, 28, 22, 41, 40, 50, 27, 44, 42, 25, 33, 29, 9, 20, 43]],
            [5, []],
            [12, []],
            [19, []],
            [31, []],
            [39, []],
            [37, []],
            [1, []],
            [23, []],
            [17, []],
            [47, []],
            [28, []],
            [22, []],
            [41, []],
            [40, []],
            [50, []],
            [27, []],
            [44, []],
            [42, []],
            [25, []],
            [33, []],
            [29, []],
            [9, []],
            [20, []],
            [43, []]
        ],
        [
            [0, [21, 16, 46, 30, 34, 10, 45, 26, 35, 32, 3, 48, 11, 13, 4, 38, 18, 15, 6, 36, 14, 49, 7, 24, 8, 2]],
            [21, []],
            [16, []],
            [46, []],
            [30, []],
            [34, []],
            [10, []],
            [45, []],
            [26, []],
            [35, []],
            [32, []],
            [3, []],
            [48, []],
            [11, []],
            [13, []],
            [4, []],
            [38, []],
            [18, []],
            [15, []],
            [6, []],
            [36, []],
            [14, []],
            [49, []],
            [7, []],
            [24, []],
            [8, []],
            [2, []]
        ]
    ],
    [
    ]
]",,,0.0,0,0,0.0,,,,,results/sol_best_RC101_3.dat_A4_L60_pid2753.txt,(not found),RC101_3.dat_A4_L60_r2.log
139,test_data/data_demand_random_50_batch_all1_equal_random/RC101_3.dat,4.0,60.0,3,1633.0,"[
    [
        [
            [0, [12, 19, 31, 39, 37, 1, 23, 47, 17, 5, 28, 22, 41, 40, 44, 50, 27, 33, 42, 25, 29, 9, 20, 43]],
            [12, []],
            [19, []],
            [31, []],
            [39, []],
            [37, []],
            [1, []],
            [23, []],
            [47, []],
            [17, []],
            [5, []],
            [28, []],
            [22, []],
            [41, []],
            [40, []],
            [44, []],
            [50, []],
            [27, []],
            [33, []],
            [42, []],
            [25, []],
            [29, []],
            [9, []],
            [20, []],
            [43, []]
        ],
        [
            [0, [21, 16, 46, 30, 34, 10, 45, 26, 35, 32, 3, 48, 11, 13, 4, 38, 18, 15, 6, 36, 14, 49, 7, 24, 8, 2]],
            [21, []],
            [16, []],
            [46, []],
            [30, []],
            [34, []],
            [10, []],
            [45, []],
            [26, []],
            [35, []],
            [32, []],
            [3, []],
            [48, []],
            [11, []],
            [13, []],
            [4, []],
            [38, []],
            [18, []],
            [15, []],
            [6, []],
            [36, []],
            [14, []],
            [49, []],
            [7, []],
            [24, []],
            [8, []],
            [2, []]
        ]
    ],
    [
    ]
]",,,0.0,0,0,0.0,,,,,results/sol_best_RC101_3.dat_A4_L60_pid2754.txt,(not found),RC101_3.dat_A4_L60_r3.log
140,test_data/data_demand_random_50_batch_all1_equal_random/RC101_3.dat,4.0,90.0,1,1477.0,"[
    [
        [
            [0, [18, 24, 14, 7, 2, 8, 1, 17, 12, 23, 5, 19, 28, 22, 25, 29, 9, 20, 21, 16, 30, 10, 27]],
            [18, []],
            [24, []],
            [14, []],
            [7, []],
            [2, []],
            [8, []],
            [1, []],
            [17, []],
            [12, []],
            [37, [37, 39, 31, 33]],
            [31, []],
            [23, []],
            [5, [42, 40]],
            [19, []],
            [39, []],
            [47, [47, 44, 41, 50]],
            [28, []],
            [22, []],
            [41, []],
            [33, []],
            [25, [34, 46, 43]],
            [42, []],
            [29, []],
            [9, []],
            [20, []],
            [43, []],
            [21, []],
            [16, []],
            [46, []],
            [30, []],
            [10, []],
            [34, []],
            [50, []],
            [27, []],
            [44, []],
            [40, []]
        ],
        [
            [0, [45, 26, 35, 32, 3, 48, 11, 13, 4, 38, 49, 15, 6, 36]],
            [45, []],
            [26, []],
            [35, []],
            [32, []],
            [3, []],
            [48, []],
            [11, []],
            [13, []],
            [4, []],
            [38, []],
            [49, []],
            [15, []],
            [6, []],
            [36, []]
        ]
    ],
    [
        [
            [37, [37, 39, 31, 33]]
        ],
        [
            [5, [42, 40]]
        ],
        [
            [47, [47, 44, 41, 50]]
        ],
        [
            [25, [34, 46, 43]]
        ]
    ]
]",,,1006.5890149678494,0,4,3.25,,,,,results/sol_best_RC101_3.dat_A4_L90_pid2746.txt,(not found),RC101_3.dat_A4_L90_r1.log
140,test_data/data_demand_random_50_batch_all1_equal_random/RC101_3.dat,4.0,90.0,2,1477.0,"[
    [
        [
            [0, [2, 18, 14, 6, 15, 8, 25, 19, 12, 5, 23, 1, 17, 28, 22, 29, 9, 20, 16, 21, 27, 10, 30]],
            [2, []],
            [18, []],
            [14, []],
            [6, []],
            [15, []],
            [8, []],
            [25, [31, 34, 33]],
            [19, []],
            [12, [39, 37]],
            [31, [42, 40]],
            [39, []],
            [37, []],
            [5, []],
            [23, []],
            [1, []],
            [17, []],
            [47, [47, 50, 41, 44]],
            [28, []],
            [41, []],
            [22, []],
            [42, []],
            [33, []],
            [29, []],
            [9, []],
            [20, []],
            [43, [43, 46]],
            [46, []],
            [16, []],
            [21, []],
            [44, []],
            [27, []],
            [50, []],
            [10, []],
            [34, []],
            [30, []],
            [40, []]
        ],
        [
            [0, [45, 26, 35, 32, 3, 48, 11, 13, 4, 38, 24, 7, 49, 36]],
            [45, []],
            [26, []],
            [35, []],
            [32, []],
            [3, []],
            [48, []],
            [11, []],
            [13, []],
            [4, []],
            [38, []],
            [24, []],
            [7, []],
            [49, []],
            [36, []]
        ]
    ],
    [
        [
            [25, [31, 34, 33]]
        ],
        [
            [12, [39, 37]]
        ],
        [
            [31, [42, 40]]
        ],
        [
            [47, [47, 50, 41, 44]]
        ],
        [
            [43, [43, 46]]
        ]
    ]
]",,,1037.6839036622714,0,5,2.6,,,,,results/sol_best_RC101_3.dat_A4_L90_pid2748.txt,(not found),RC101_3.dat_A4_L90_r2.log
140,test_data/data_demand_random_50_batch_all1_equal_random/RC101_3.dat,4.0,90.0,3,1477.0,"[
    [
        [
            [0, [8, 7, 2, 6, 18, 14, 15, 24, 20, 29, 25, 28, 5, 12, 19, 1, 23, 17, 22, 9, 16, 21, 30, 10, 27]],
            [8, []],
            [7, []],
            [2, []],
            [6, []],
            [18, []],
            [14, []],
            [15, []],
            [24, []],
            [20, []],
            [29, [33, 34]],
            [25, []],
            [28, []],
            [5, [37, 39, 31, 41]],
            [12, []],
            [19, []],
            [37, [42, 40]],
            [39, []],
            [31, []],
            [1, []],
            [23, []],
            [17, []],
            [47, [44, 50, 43, 47]],
            [41, []],
            [22, []],
            [42, []],
            [33, []],
            [9, []],
            [43, []],
            [16, []],
            [21, []],
            [46, [46]],
            [30, []],
            [10, []],
            [34, []],
            [50, []],
            [27, []],
            [44, []],
            [40, []]
        ],
        [
            [0, [45, 26, 35, 32, 3, 48, 11, 13, 4, 38, 49, 36]],
            [45, []],
            [26, []],
            [35, []],
            [32, []],
            [3, []],
            [48, []],
            [11, []],
            [13, []],
            [4, []],
            [38, []],
            [49, []],
            [36, []]
        ]
    ],
    [
        [
            [29, [33, 34]]
        ],
        [
            [5, [37, 39, 31, 41]]
        ],
        [
            [37, [42, 40]]
        ],
        [
            [47, [44, 50, 43, 47]]
        ],
        [
            [46, [46]]
        ]
    ]
]",,,1075.4239203098819,0,5,2.6,,,,,results/sol_best_RC101_3.dat_A4_L90_pid2749.txt,(not found),RC101_3.dat_A4_L90_r3.log
141,test_data/data_demand_random_50_batch_all1_equal_random/RC101_3.dat,4.0,120.0,1,1490.62,"[
    [
        [
            [0, [18, 15, 14, 7, 6, 2, 8, 24, 17, 19, 12, 1, 23, 5, 22, 28, 25, 29, 9, 20, 27, 10, 16, 21]],
            [18, []],
            [15, [31, 33, 34, 30]],
            [14, []],
            [7, []],
            [6, []],
            [2, []],
            [8, []],
            [24, []],
            [17, [42, 40, 37]],
            [37, []],
            [31, []],
            [19, []],
            [12, [39, 41]],
            [1, []],
            [23, []],
            [5, []],
            [39, []],
            [47, [47, 50, 44, 43]],
            [22, []],
            [28, []],
            [25, []],
            [42, []],
            [33, []],
            [29, []],
            [9, []],
            [43, []],
            [20, []],
            [41, []],
            [40, []],
            [44, []],
            [27, []],
            [50, []],
            [34, []],
            [10, []],
            [30, []],
            [46, [46]],
            [16, []],
            [21, []]
        ],
        [
            [0, [45, 26, 35, 32, 3, 48, 11, 13, 4, 38, 49, 36]],
            [45, []],
            [26, []],
            [35, []],
            [32, []],
            [3, []],
            [48, []],
            [11, []],
            [13, []],
            [4, []],
            [38, []],
            [49, []],
            [36, []]
        ]
    ],
    [
        [
            [15, [31, 33, 34, 30]]
        ],
        [
            [17, [42, 40, 37]]
        ],
        [
            [12, [39, 41]]
        ],
        [
            [47, [47, 50, 44, 43]]
        ],
        [
            [46, [46]]
        ]
    ]
]",,,939.5166180837623,0,5,2.8,,,,,results/sol_best_RC101_3.dat_A4_L120_pid2748.txt,(not found),RC101_3.dat_A4_L120_r1.log
141,test_data/data_demand_random_50_batch_all1_equal_random/RC101_3.dat,4.0,120.0,2,1486.62,"[
    [
        [
            [0, [22, 7, 2, 1, 12, 19, 17, 5, 20, 9, 21, 10, 16]],
            [22, []],
            [7, []],
            [24, [24, 30, 23]],
            [2, []],
            [29, [25, 27, 28, 29]],
            [25, []],
            [23, [42, 40, 37]],
            [39, [31, 39]],
            [31, []],
            [1, [34, 33]],
            [12, []],
            [19, []],
            [37, []],
            [17, []],
            [5, []],
            [47, [47, 44, 41, 50]],
            [28, []],
            [41, []],
            [43, [43, 46]],
            [20, []],
            [9, []],
            [33, []],
            [42, []],
            [21, []],
            [44, []],
            [27, []],
            [50, []],
            [34, []],
            [10, []],
            [30, []],
            [46, []],
            [16, []],
            [40, []]
        ],
        [
            [0, [45, 26, 35, 32, 3, 48, 11, 13, 4, 38, 18, 15, 6, 36, 14, 49, 8]],
            [45, []],
            [26, []],
            [35, []],
            [32, []],
            [3, []],
            [48, []],
            [11, []],
            [13, []],
            [4, []],
            [38, []],
            [18, []],
            [15, []],
            [6, []],
            [36, []],
            [14, []],
            [49, []],
            [8, []]
        ]
    ],
    [
        [
            [24, [24, 30, 23]]
        ],
        [
            [29, [25, 27, 28, 29]]
        ],
        [
            [23, [42, 40, 37]]
        ],
        [
            [39, [31, 39]]
        ],
        [
            [1, [34, 33]]
        ],
        [
            [47, [47, 44, 41, 50]]
        ],
        [
            [43, [43, 46]]
        ]
    ]
]",,,968.4779434847342,0,7,2.857142857142857,,,,,results/sol_best_RC101_3.dat_A4_L120_pid2750.txt,(not found),RC101_3.dat_A4_L120_r2.log
141,test_data/data_demand_random_50_batch_all1_equal_random/RC101_3.dat,4.0,120.0,3,1577.0,"[
    [
        [
            [0, [8, 2, 18, 14, 15, 6, 36, 23, 1, 37, 39, 31, 19, 12, 5, 17, 28, 25, 42, 22, 41, 20, 9, 29, 33, 27, 34, 40]],
            [8, []],
            [2, []],
            [18, []],
            [14, []],
            [15, []],
            [6, []],
            [36, []],
            [23, []],
            [1, []],
            [37, []],
            [39, []],
            [31, []],
            [19, []],
            [12, []],
            [5, [47, 44, 50, 43]],
            [17, []],
            [47, []],
            [28, []],
            [25, []],
            [42, []],
            [22, []],
            [41, []],
            [43, []],
            [20, []],
            [9, []],
            [29, []],
            [33, []],
            [27, []],
            [34, []],
            [50, []],
            [44, []],
            [40, []]
        ],
        [
            [0, [21, 16, 46, 30, 10, 45, 26, 35, 32, 3, 48, 11, 13, 4, 38, 49, 7, 24]],
            [21, []],
            [16, []],
            [46, []],
            [30, []],
            [10, []],
            [45, []],
            [26, []],
            [35, []],
            [32, []],
            [3, []],
            [48, []],
            [11, []],
            [13, []],
            [4, []],
            [38, []],
            [49, []],
            [7, []],
            [24, []]
        ]
    ],
    [
        [
            [5, [47, 44, 50, 43]]
        ]
    ]
]",,,1203.3882694814033,0,1,4.0,,,,,results/sol_best_RC101_3.dat_A4_L120_pid2751.txt,(not found),RC101_3.dat_A4_L120_r3.log
142,test_data/data_demand_random_50_batch_all1_equal_random/RC101_3.dat,8.0,60.0,1,1581.0,"[
    [
        [
            [0, [12, 19, 31, 39, 37, 1, 23, 47, 17, 5, 28, 22, 41, 33, 42, 25, 29, 9, 20, 43, 46, 16, 21, 27, 50, 34, 10, 30, 44, 40]],
            [12, []],
            [19, []],
            [31, []],
            [39, []],
            [37, []],
            [1, []],
            [23, []],
            [47, []],
            [17, []],
            [5, []],
            [28, []],
            [22, []],
            [41, []],
            [33, []],
            [42, []],
            [25, []],
            [29, []],
            [9, []],
            [20, []],
            [43, []],
            [46, []],
            [16, []],
            [21, []],
            [27, []],
            [50, []],
            [34, []],
            [10, []],
            [30, []],
            [44, []],
            [40, []]
        ],
        [
            [0, [45, 26, 35, 32, 3, 48, 11, 13, 4, 38, 18, 15, 6, 36, 14, 49, 7, 24, 8, 2]],
            [45, []],
            [26, []],
            [35, []],
            [32, []],
            [3, []],
            [48, []],
            [11, []],
            [13, []],
            [4, []],
            [38, []],
            [18, []],
            [15, []],
            [6, []],
            [36, []],
            [14, []],
            [49, []],
            [7, []],
            [24, []],
            [8, []],
            [2, []]
        ]
    ],
    [
    ]
]",,,0.0,0,0,0.0,,,,,results/sol_best_RC101_3.dat_A8_L60_pid2675.txt,(not found),RC101_3.dat_A8_L60_r1.log
142,test_data/data_demand_random_50_batch_all1_equal_random/RC101_3.dat,8.0,60.0,2,1621.0,"[
    [
        [
            [0, [47, 17, 23, 1, 37, 39, 31, 19, 12, 5, 28, 25, 33, 21, 44, 27, 50, 34, 10, 30, 46, 43, 20, 9, 29, 42, 22, 41]],
            [47, []],
            [17, []],
            [23, []],
            [1, []],
            [37, []],
            [39, []],
            [31, []],
            [19, []],
            [12, []],
            [5, []],
            [28, []],
            [25, []],
            [33, []],
            [21, []],
            [44, []],
            [27, []],
            [50, []],
            [34, []],
            [10, []],
            [30, []],
            [46, []],
            [43, []],
            [20, []],
            [9, []],
            [29, []],
            [42, []],
            [22, []],
            [41, []]
        ],
        [
            [0, [16, 40, 45, 26, 35, 32, 3, 48, 11, 13, 4, 38, 18, 15, 6, 36, 14, 49, 7, 24, 8, 2]],
            [16, []],
            [40, []],
            [45, []],
            [26, []],
            [35, []],
            [32, []],
            [3, []],
            [48, []],
            [11, []],
            [13, []],
            [4, []],
            [38, []],
            [18, []],
            [15, []],
            [6, []],
            [36, []],
            [14, []],
            [49, []],
            [7, []],
            [24, []],
            [8, []],
            [2, []]
        ]
    ],
    [
    ]
]",,,0.0,0,0,0.0,,,,,results/sol_best_RC101_3.dat_A8_L60_pid2677.txt,(not found),RC101_3.dat_A8_L60_r2.log
142,test_data/data_demand_random_50_batch_all1_equal_random/RC101_3.dat,8.0,60.0,3,1633.0,"[
    [
        [
            [0, [47, 17, 23, 1, 37, 39, 31, 19, 12, 5, 28, 22, 41, 40, 50, 27, 44, 33, 25, 42, 29, 9, 20, 43]],
            [47, []],
            [17, []],
            [23, []],
            [1, []],
            [37, []],
            [39, []],
            [31, []],
            [19, []],
            [12, []],
            [5, []],
            [28, []],
            [22, []],
            [41, []],
            [40, []],
            [50, []],
            [27, []],
            [44, []],
            [33, []],
            [25, []],
            [42, []],
            [29, []],
            [9, []],
            [20, []],
            [43, []]
        ],
        [
            [0, [21, 16, 46, 30, 34, 10, 45, 26, 35, 32, 3, 48, 11, 13, 4, 38, 18, 15, 6, 36, 14, 49, 7, 24, 8, 2]],
            [21, []],
            [16, []],
            [46, []],
            [30, []],
            [34, []],
            [10, []],
            [45, []],
            [26, []],
            [35, []],
            [32, []],
            [3, []],
            [48, []],
            [11, []],
            [13, []],
            [4, []],
            [38, []],
            [18, []],
            [15, []],
            [6, []],
            [36, []],
            [14, []],
            [49, []],
            [7, []],
            [24, []],
            [8, []],
            [2, []]
        ]
    ],
    [
    ]
]",,,0.0,0,0,0.0,,,,,results/sol_best_RC101_3.dat_A8_L60_pid2678.txt,(not found),RC101_3.dat_A8_L60_r3.log
143,test_data/data_demand_random_50_batch_all1_equal_random/RC101_3.dat,8.0,90.0,1,1485.0,"[
    [
        [
            [0, [7, 1, 5, 8, 2, 12, 9, 10]],
            [7, []],
            [1, []],
            [5, [22, 17, 19, 20, 21, 16]],
            [24, [24, 30]],
            [8, []],
            [2, []],
            [12, []],
            [31, [31, 28, 25, 33, 34]],
            [19, []],
            [25, []],
            [22, []],
            [39, [39]],
            [37, [42, 41, 40, 37]],
            [17, []],
            [23, [23, 27, 29]],
            [47, [47, 50, 44, 43, 46]],
            [28, []],
            [42, []],
            [43, []],
            [20, []],
            [9, []],
            [29, []],
            [33, []],
            [41, []],
            [40, []],
            [44, []],
            [27, []],
            [50, []],
            [34, []],
            [10, []],
            [30, []],
            [46, []],
            [16, []],
            [21, []]
        ],
        [
            [0, [45, 26, 35, 32, 3, 48, 11, 13, 4, 38, 18, 14, 15, 6, 36, 49]],
            [45, []],
            [26, []],
            [35, []],
            [32, []],
            [3, []],
            [48, []],
            [11, []],
            [13, []],
            [4, []],
            [38, []],
            [18, []],
            [14, []],
            [15, []],
            [6, []],
            [36, []],
            [49, []]
        ]
    ],
    [
        [
            [5, [22, 17, 19, 20, 21, 16]]
        ],
        [
            [24, [24, 30]]
        ],
        [
            [31, [31, 28, 25, 33, 34]]
        ],
        [
            [39, [39]]
        ],
        [
            [37, [42, 41, 40, 37]]
        ],
        [
            [23, [23, 27, 29]]
        ],
        [
            [47, [47, 50, 44, 43, 46]]
        ]
    ]
]",,,788.2064674911352,0,7,3.7142857142857144,,,,,results/sol_best_RC101_3.dat_A8_L90_pid2765.txt,(not found),RC101_3.dat_A8_L90_r1.log
143,test_data/data_demand_random_50_batch_all1_equal_random/RC101_3.dat,8.0,90.0,2,1617.0,"[
    [
        [
            [0, [1, 2, 3, 4, 5]],
            [1, []],
            [2, []],
            [8, [7, 9, 12, 8]],
            [3, []],
            [4, []],
            [7, [25, 28, 29, 24, 23]],
            [24, [22, 17, 19, 20, 21, 16]],
            [23, []],
            [33, [27, 31, 33]],
            [20, []],
            [28, []],
            [25, []],
            [9, []],
            [22, []],
            [41, [41]],
            [5, [42, 40, 34, 39, 37]],
            [19, []],
            [12, []],
            [39, []],
            [37, []],
            [31, []],
            [17, []],
            [47, [44, 50, 43, 47, 49]],
            [42, []],
            [29, []],
            [43, []],
            [34, []],
            [50, []],
            [44, []],
            [27, []],
            [40, []],
            [21, []],
            [16, []],
            [49, [49]]
        ],
        [
            [0, [46, 30, 10, 45, 26, 35, 32, 48, 11, 13, 38, 18, 14, 6, 36, 15]],
            [46, []],
            [30, []],
            [10, []],
            [45, []],
            [26, []],
            [35, []],
            [32, []],
            [48, []],
            [11, []],
            [13, []],
            [38, []],
            [18, []],
            [14, []],
            [6, []],
            [36, []],
            [15, []]
        ]
    ],
    [
        [
            [8, [7, 9, 12, 8]]
        ],
        [
            [7, [25, 28, 29, 24, 23]]
        ],
        [
            [24, [22, 17, 19, 20, 21, 16]]
        ],
        [
            [33, [27, 31, 33]]
        ],
        [
            [41, [41]]
        ],
        [
            [5, [42, 40, 34, 39, 37]]
        ],
        [
            [47, [44, 50, 43, 47, 49]]
        ]
    ]
]",,,714.1402991294318,0,7,4.142857142857143,,,,,results/sol_best_RC101_3.dat_A8_L90_pid2767.txt,(not found),RC101_3.dat_A8_L90_r2.log
143,test_data/data_demand_random_50_batch_all1_equal_random/RC101_3.dat,8.0,90.0,3,1485.0,"[
    [
        [
            [0, [2, 1, 5]],
            [2, [8, 9, 12, 10]],
            [20, [20, 21, 16]],
            [8, [22, 19, 17, 29, 23, 28, 30]],
            [33, [33]],
            [29, []],
            [28, []],
            [9, [31, 34, 25, 27]],
            [25, []],
            [17, []],
            [31, []],
            [1, [39, 42, 41, 40]],
            [37, [37]],
            [39, []],
            [19, []],
            [5, []],
            [12, []],
            [23, []],
            [47, [47, 44, 50, 43, 46]],
            [42, []],
            [22, []],
            [41, []],
            [43, []],
            [46, []],
            [21, [21]],
            [16, []],
            [30, []],
            [10, []],
            [34, []],
            [50, []],
            [27, []],
            [44, []],
            [40, []]
        ],
        [
            [0, [45, 26, 35, 32, 3, 48, 11, 13, 4, 38, 18, 15, 6, 36, 14, 49, 7, 24]],
            [45, []],
            [26, []],
            [35, []],
            [32, []],
            [3, []],
            [48, []],
            [11, []],
            [13, []],
            [4, []],
            [38, []],
            [18, []],
            [15, []],
            [6, []],
            [36, []],
            [14, []],
            [49, []],
            [7, []],
            [24, []]
        ]
    ],
    [
        [
            [2, [8, 9, 12, 10]]
        ],
        [
            [20, [20, 21, 16]]
        ],
        [
            [8, [22, 19, 17, 29, 23, 28, 30]]
        ],
        [
            [33, [33]]
        ],
        [
            [9, [31, 34, 25, 27]]
        ],
        [
            [1, [39, 42, 41, 40]]
        ],
        [
            [37, [37]]
        ],
        [
            [47, [47, 44, 50, 43, 46]]
        ]
    ]
]",,,605.8470803287672,0,8,3.625,,,,,results/sol_best_RC101_3.dat_A8_L90_pid2768.txt,(not found),RC101_3.dat_A8_L90_r3.log
144,test_data/data_demand_random_50_batch_all1_equal_random/RC101_3.dat,8.0,120.0,1,1485.0,"[
    [
        [
            [0, [3, 2, 5, 1]],
            [3, []],
            [7, [7, 8, 10, 12, 9]],
            [2, []],
            [8, []],
            [10, [17, 22, 19, 20, 16]],
            [16, [21]],
            [25, [25, 29]],
            [21, []],
            [29, [28, 27, 23, 30, 33]],
            [33, [31, 34]],
            [12, []],
            [31, []],
            [19, [42, 41, 40]],
            [5, []],
            [17, [37]],
            [37, []],
            [23, []],
            [39, [39]],
            [1, []],
            [47, [47, 44, 50, 43, 46]],
            [28, []],
            [22, []],
            [41, []],
            [42, []],
            [9, []],
            [20, []],
            [43, []],
            [46, []],
            [30, []],
            [34, []],
            [50, []],
            [27, []],
            [44, []],
            [40, []]
        ],
        [
            [0, [45, 26, 35, 32, 11, 48, 13, 4, 38, 18, 14, 15, 6, 36, 49, 24]],
            [45, []],
            [26, []],
            [35, []],
            [32, []],
            [11, []],
            [48, []],
            [13, []],
            [4, []],
            [38, []],
            [18, []],
            [14, []],
            [15, []],
            [6, []],
            [36, []],
            [49, []],
            [24, []]
        ]
    ],
    [
        [
            [7, [7, 8, 10, 12, 9]]
        ],
        [
            [10, [17, 22, 19, 20, 16]]
        ],
        [
            [16, [21]]
        ],
        [
            [25, [25, 29]]
        ],
        [
            [29, [28, 27, 23, 30, 33]]
        ],
        [
            [33, [31, 34]]
        ],
        [
            [19, [42, 41, 40]]
        ],
        [
            [17, [37]]
        ],
        [
            [39, [39]]
        ],
        [
            [47, [47, 44, 50, 43, 46]]
        ]
    ]
]",,,767.314802502784,0,10,3.0,,,,,results/sol_best_RC101_3.dat_A8_L120_pid2747.txt,(not found),RC101_3.dat_A8_L120_r1.log
144,test_data/data_demand_random_50_batch_all1_equal_random/RC101_3.dat,8.0,120.0,2,1485.0,"[
    [
        [
            [0, [5, 2, 1]],
            [5, []],
            [7, [7, 12, 9, 10]],
            [16, [16]],
            [21, [19, 17, 22, 20, 21]],
            [24, [24, 30]],
            [2, []],
            [17, []],
            [28, [28, 34]],
            [9, []],
            [25, [25, 23, 27, 29]],
            [23, [39, 42, 41, 40, 37]],
            [31, [31]],
            [12, []],
            [39, [33]],
            [19, []],
            [1, []],
            [37, []],
            [47, [47, 44, 50, 43, 46]],
            [22, []],
            [41, []],
            [43, []],
            [20, []],
            [29, []],
            [33, []],
            [42, []],
            [44, []],
            [27, []],
            [50, []],
            [34, []],
            [10, []],
            [30, []],
            [46, []],
            [40, []]
        ],
        [
            [0, [45, 26, 35, 32, 3, 48, 11, 13, 4, 38, 18, 6, 36, 15, 14, 49, 8]],
            [45, []],
            [26, []],
            [35, []],
            [32, []],
            [3, []],
            [48, []],
            [11, []],
            [13, []],
            [4, []],
            [38, []],
            [18, []],
            [6, []],
            [36, []],
            [15, []],
            [14, []],
            [49, []],
            [8, []]
        ]
    ],
    [
        [
            [7, [7, 12, 9, 10]]
        ],
        [
            [16, [16]]
        ],
        [
            [21, [19, 17, 22, 20, 21]]
        ],
        [
            [24, [24, 30]]
        ],
        [
            [28, [28, 34]]
        ],
        [
            [25, [25, 23, 27, 29]]
        ],
        [
            [23, [39, 42, 41, 40, 37]]
        ],
        [
            [31, [31]]
        ],
        [
            [39, [33]]
        ],
        [
            [47, [47, 44, 50, 43, 46]]
        ]
    ]
]",,,717.510463392415,0,10,3.0,,,,,results/sol_best_RC101_3.dat_A8_L120_pid2749.txt,(not found),RC101_3.dat_A8_L120_r2.log
144,test_data/data_demand_random_50_batch_all1_equal_random/RC101_3.dat,8.0,120.0,3,1617.0,"[
    [
        [
            [0, [2, 14, 6, 18, 8, 1, 5, 19, 12, 17, 22, 16, 21, 9, 20]],
            [2, []],
            [14, []],
            [6, []],
            [18, []],
            [8, [23, 28, 25, 27, 29, 24]],
            [24, []],
            [27, []],
            [33, [33, 31, 34]],
            [29, []],
            [25, []],
            [1, []],
            [5, []],
            [31, []],
            [19, []],
            [12, []],
            [37, [42, 41, 40, 37, 39]],
            [39, []],
            [23, []],
            [17, []],
            [47, [47, 44, 50, 43]],
            [28, []],
            [22, []],
            [41, []],
            [40, []],
            [44, []],
            [34, []],
            [50, []],
            [16, []],
            [21, []],
            [42, []],
            [9, []],
            [20, []],
            [43, []]
        ],
        [
            [0, [46, 30, 10, 45, 26, 35, 32, 3, 48, 11, 13, 4, 38, 7, 49, 15, 36]],
            [46, []],
            [30, []],
            [10, []],
            [45, []],
            [26, []],
            [35, []],
            [32, []],
            [3, []],
            [48, []],
            [11, []],
            [13, []],
            [4, []],
            [38, []],
            [7, []],
            [49, []],
            [15, []],
            [36, []]
        ]
    ],
    [
        [
            [8, [23, 28, 25, 27, 29, 24]]
        ],
        [
            [33, [33, 31, 34]]
        ],
        [
            [37, [42, 41, 40, 37, 39]]
        ],
        [
            [47, [47, 44, 50, 43]]
        ]
    ]
]",,,841.9930136912752,0,4,4.5,,,,,results/sol_best_RC101_3.dat_A8_L120_pid2750.txt,(not found),RC101_3.dat_A8_L120_r3.log
