job_id,instance,A,L,run_index,best_fitness,best_solution,best_multi_fitness,best_multi_solution,best_drone_avg_trip_time,best_multi_visit_trip_count,best_drone_trip_count,best_avg_customers_per_trip,best_multi_drone_avg_trip_time,best_multi_multi_visit_trip_count,best_multi_drone_trip_count,best_multi_avg_customers_per_trip,best_solution_file,best_multi_solution_file,log
1,test_data/data_demand_random_50_batch_all1_equal_random/C101_0.5.dat,4.0,60.0,1,402.0,"[
    [
        [
            [0, [23, 15, 29, 5, 28, 25, 27, 17, 20, 6, 30, 19, 16, 4, 31, 22, 26, 13]],
            [23, [32, 33, 39, 36, 37, 38]],
            [46, []],
            [15, []],
            [29, []],
            [5, []],
            [28, []],
            [25, [46, 47, 41]],
            [27, []],
            [17, []],
            [39, []],
            [36, []],
            [20, []],
            [6, []],
            [30, []],
            [19, []],
            [16, []],
            [4, []],
            [41, []],
            [31, []],
            [22, []],
            [26, []],
            [13, []],
            [32, [32]],
            [37, []],
            [33, [33]],
            [47, []],
            [38, []]
        ],
        [
            [0, [14, 3, 10, 24, 35, 34, 45, 8, 11, 21, 43, 7, 44, 9, 42, 18, 40, 1, 2, 12]],
            [14, [48, 50, 49]],
            [3, []],
            [10, []],
            [24, []],
            [35, []],
            [34, []],
            [45, []],
            [48, []],
            [8, []],
            [11, []],
            [21, []],
            [50, []],
            [43, []],
            [7, []],
            [49, []],
            [44, []],
            [9, []],
            [42, []],
            [18, []],
            [40, []],
            [1, []],
            [2, []],
            [12, []]
        ]
    ],
    [
        [
            [23, [32, 33]]
        ],
        [
            [23, [39, 36, 37, 38]]
        ],
        [
            [25, [46, 47, 41]]
        ],
        [
            [14, [48, 50, 49]]
        ]
    ]
]",,,137.1714228269171,0,4,3.0,,,,,results/sol_best_C101_0.5.dat_A4_L60_pid2744.txt,(not found),C101_0.5.dat_A4_L60_r1.log
1,test_data/data_demand_random_50_batch_all1_equal_random/C101_0.5.dat,4.0,60.0,2,401.0,"[
    [
        [
            [0, [23, 15, 29, 5, 28, 25, 27, 17, 20, 6, 30, 19, 16, 4, 31, 22, 26, 13, 12]],
            [23, [32, 33, 39, 36, 37, 38]],
            [46, []],
            [15, []],
            [29, []],
            [5, []],
            [28, []],
            [25, [46, 47, 41]],
            [27, []],
            [17, []],
            [39, []],
            [36, []],
            [20, []],
            [6, []],
            [30, []],
            [19, []],
            [16, []],
            [4, []],
            [41, []],
            [31, []],
            [22, []],
            [26, []],
            [13, []],
            [32, []],
            [37, []],
            [12, []],
            [38, []]
        ],
        [
            [0, [14, 3, 10, 24, 35, 34, 45, 8, 11, 21, 43, 7, 44, 9, 42, 18, 40, 1, 2]],
            [14, [48, 50, 49]],
            [3, []],
            [10, []],
            [24, []],
            [35, []],
            [34, []],
            [45, []],
            [48, []],
            [8, []],
            [11, []],
            [21, []],
            [50, []],
            [43, []],
            [7, []],
            [49, []],
            [44, []],
            [9, []],
            [42, []],
            [18, []],
            [40, []],
            [1, []],
            [2, []],
            [33, []],
            [47, []]
        ]
    ],
    [
        [
            [23, [32, 33]]
        ],
        [
            [23, [39, 36, 37, 38]]
        ],
        [
            [25, [46, 47, 41]]
        ],
        [
            [14, [48, 50, 49]]
        ]
    ]
]",415.0,"[
    [
        [
            [0, [23, 15, 29, 5, 28, 25, 27, 17, 20, 6, 30, 19, 16, 4, 31, 22, 26, 13, 2, 12]],
            [23, [32, 33, 39, 36, 37, 38]],
            [46, []],
            [15, []],
            [29, []],
            [5, []],
            [28, []],
            [25, [46, 47, 41]],
            [27, []],
            [17, []],
            [39, []],
            [36, []],
            [20, []],
            [6, []],
            [30, []],
            [19, []],
            [16, []],
            [4, []],
            [41, []],
            [31, []],
            [22, []],
            [26, []],
            [13, []],
            [32, []],
            [33, []],
            [2, []],
            [37, []],
            [12, []],
            [38, []]
        ],
        [
            [0, [14, 3, 10, 24, 35, 34, 45, 8, 11, 21, 43, 7, 44, 9, 42, 18, 40, 1]],
            [14, [48, 50, 49]],
            [3, []],
            [10, []],
            [24, []],
            [35, []],
            [34, []],
            [45, []],
            [48, []],
            [8, []],
            [11, []],
            [21, []],
            [50, []],
            [43, []],
            [7, []],
            [49, []],
            [44, []],
            [9, []],
            [42, []],
            [18, []],
            [40, []],
            [1, []],
            [47, []]
        ]
    ],
    [
        [
            [23, [32, 33]],
            [23, [39, 36, 37, 38]]
        ],
        [
            [25, [46, 47, 41]]
        ],
        [
            [14, [48, 50, 49]]
        ]
    ]
]",139.9214228269171,0,4,3.0,147.56189710255615,1,3,4.0,results/sol_best_C101_0.5.dat_A4_L60_pid2746.txt,results/sol_best_multi_C101_0.5.dat_A4_L60_pid2746.txt,C101_0.5.dat_A4_L60_r2.log
1,test_data/data_demand_random_50_batch_all1_equal_random/C101_0.5.dat,4.0,60.0,3,421.0,"[
    [
        [
            [0, [25, 15, 29, 5, 28, 23, 27, 17, 39, 36, 20, 6, 30, 19, 16, 4, 31, 22, 26, 13, 32, 33, 38]],
            [25, []],
            [15, []],
            [29, []],
            [5, [46, 47, 41]],
            [28, []],
            [23, []],
            [27, []],
            [17, []],
            [39, []],
            [46, []],
            [36, []],
            [20, []],
            [6, []],
            [30, []],
            [19, []],
            [16, []],
            [4, []],
            [41, []],
            [31, []],
            [22, []],
            [26, []],
            [13, []],
            [32, []],
            [33, []],
            [47, []],
            [38, []]
        ],
        [
            [0, [14, 3, 10, 24, 35, 34, 45, 8, 11, 21, 43, 7, 40, 42, 9, 44, 18, 1, 2, 37, 12]],
            [14, [48, 50, 49]],
            [3, []],
            [10, []],
            [24, []],
            [35, []],
            [34, []],
            [45, []],
            [48, []],
            [8, []],
            [11, []],
            [21, []],
            [50, []],
            [43, []],
            [7, []],
            [49, []],
            [40, []],
            [42, []],
            [9, []],
            [44, []],
            [18, []],
            [1, []],
            [2, []],
            [37, []],
            [12, []]
        ]
    ],
    [
        [
            [5, [46, 47, 41]]
        ],
        [
            [14, [48, 50, 49]]
        ]
    ]
]",,,167.33185781676082,0,2,3.0,,,,,results/sol_best_C101_0.5.dat_A4_L60_pid2747.txt,(not found),C101_0.5.dat_A4_L60_r3.log
2,test_data/data_demand_random_50_batch_all1_equal_random/C101_0.5.dat,4.0,90.0,1,400.0,"[
    [
        [
            [0, [25, 15, 5, 23, 27, 17, 20, 6, 19, 16, 4, 22, 26, 2, 13, 12]],
            [25, [29, 28, 30, 31]],
            [46, [39, 36, 37, 38]],
            [15, []],
            [29, []],
            [5, [46, 47, 41]],
            [28, []],
            [23, [32, 33]],
            [27, []],
            [17, []],
            [39, []],
            [36, []],
            [20, []],
            [6, []],
            [30, []],
            [19, []],
            [16, []],
            [4, []],
            [41, []],
            [31, []],
            [22, []],
            [26, []],
            [2, []],
            [33, []],
            [13, []],
            [32, []],
            [37, []],
            [12, []],
            [38, []]
        ],
        [
            [0, [14, 3, 10, 24, 35, 34, 45, 48, 8, 11, 21, 50, 43, 49, 7, 44, 9, 42, 18, 40, 1]],
            [14, []],
            [3, []],
            [10, []],
            [24, []],
            [35, []],
            [34, []],
            [45, []],
            [48, []],
            [8, []],
            [11, []],
            [21, []],
            [50, []],
            [43, []],
            [49, []],
            [7, []],
            [44, []],
            [9, []],
            [42, []],
            [18, []],
            [40, []],
            [1, []],
            [47, []]
        ]
    ],
    [
        [
            [25, [29, 28, 30, 31]]
        ],
        [
            [46, [39, 36, 37, 38]]
        ],
        [
            [5, [46, 47, 41]]
        ],
        [
            [23, [32, 33]]
        ]
    ]
]",,,131.06087905667408,0,4,3.25,,,,,results/sol_best_C101_0.5.dat_A4_L90_pid2740.txt,(not found),C101_0.5.dat_A4_L90_r1.log
2,test_data/data_demand_random_50_batch_all1_equal_random/C101_0.5.dat,4.0,90.0,2,402.24,"[
    [
        [
            [0, [25, 28, 15, 29, 5, 23, 27, 17, 20, 6, 30, 19, 16, 4, 31, 22, 26, 2, 13, 12]],
            [25, [32, 33, 39, 36, 37, 38]],
            [28, []],
            [15, []],
            [29, []],
            [5, [46, 47, 41]],
            [46, []],
            [23, []],
            [27, []],
            [17, []],
            [39, []],
            [36, []],
            [20, []],
            [6, []],
            [30, []],
            [19, []],
            [16, []],
            [4, []],
            [41, []],
            [31, []],
            [22, []],
            [26, []],
            [2, []],
            [33, []],
            [13, []],
            [32, []],
            [37, []],
            [12, []],
            [38, []]
        ],
        [
            [0, [14, 3, 10, 24, 35, 34, 8, 11, 21, 45, 43, 7, 44, 9, 42, 18, 40, 1]],
            [14, [48, 50, 49]],
            [3, []],
            [10, []],
            [24, []],
            [35, []],
            [34, []],
            [8, []],
            [11, []],
            [21, []],
            [45, []],
            [48, []],
            [50, []],
            [43, []],
            [7, []],
            [49, []],
            [44, []],
            [9, []],
            [42, []],
            [18, []],
            [40, []],
            [1, []],
            [47, []]
        ]
    ],
    [
        [
            [25, [32, 33]]
        ],
        [
            [25, [39, 36, 37, 38]]
        ],
        [
            [5, [46, 47, 41]]
        ],
        [
            [14, [48, 50, 49]]
        ]
    ]
]",416.13,"[
    [
        [
            [0, [25, 15, 29, 5, 28, 23, 27, 17, 20, 6, 30, 19, 16, 4, 31, 22, 26, 13, 2, 12]],
            [25, [32, 33, 39, 36, 37, 38]],
            [46, []],
            [15, []],
            [29, []],
            [5, [46, 47, 41]],
            [28, []],
            [23, []],
            [27, []],
            [17, []],
            [39, []],
            [36, []],
            [20, []],
            [6, []],
            [30, []],
            [19, []],
            [16, []],
            [4, []],
            [41, []],
            [31, []],
            [22, []],
            [26, []],
            [13, []],
            [32, []],
            [33, []],
            [2, []],
            [37, []],
            [12, []],
            [38, []]
        ],
        [
            [0, [14, 3, 10, 24, 35, 34, 8, 11, 21, 45, 43, 7, 44, 9, 42, 40, 18, 1]],
            [14, [48, 50, 49]],
            [3, []],
            [10, []],
            [24, []],
            [35, []],
            [34, []],
            [8, []],
            [11, []],
            [21, []],
            [45, []],
            [48, []],
            [50, []],
            [43, []],
            [7, []],
            [49, []],
            [44, []],
            [9, []],
            [42, []],
            [40, []],
            [18, []],
            [1, []],
            [47, []]
        ]
    ],
    [
        [
            [25, [32, 33]],
            [25, [39, 36, 37, 38]]
        ],
        [
            [5, [46, 47, 41]]
        ],
        [
            [14, [48, 50, 49]]
        ]
    ]
]",139.7323018835912,0,4,3.0,149.59882052798108,1,3,4.0,results/sol_best_C101_0.5.dat_A4_L90_pid2742.txt,results/sol_best_multi_C101_0.5.dat_A4_L90_pid2742.txt,C101_0.5.dat_A4_L90_r2.log
2,test_data/data_demand_random_50_batch_all1_equal_random/C101_0.5.dat,4.0,90.0,3,401.0,"[
    [
        [
            [0, [23, 15, 29, 5, 28, 25, 27, 17, 20, 6, 30, 19, 16, 4, 31, 22, 26, 13, 12]],
            [23, [32, 33, 39, 36, 37, 38]],
            [46, []],
            [15, []],
            [29, []],
            [5, []],
            [28, []],
            [25, [46, 47, 41]],
            [27, []],
            [17, []],
            [39, []],
            [36, []],
            [20, []],
            [6, []],
            [30, []],
            [19, []],
            [16, []],
            [4, []],
            [41, []],
            [31, []],
            [22, []],
            [26, []],
            [13, []],
            [32, []],
            [37, []],
            [12, []],
            [38, []]
        ],
        [
            [0, [14, 3, 10, 24, 35, 34, 45, 8, 11, 21, 43, 7, 44, 9, 42, 18, 40, 1, 2]],
            [14, [48, 50, 49]],
            [3, []],
            [10, []],
            [24, []],
            [35, []],
            [34, []],
            [45, []],
            [48, []],
            [8, []],
            [11, []],
            [21, []],
            [50, []],
            [43, []],
            [7, []],
            [49, []],
            [44, []],
            [9, []],
            [42, []],
            [18, []],
            [40, []],
            [1, []],
            [2, []],
            [33, []],
            [47, []]
        ]
    ],
    [
        [
            [23, [32, 33]]
        ],
        [
            [23, [39, 36, 37, 38]]
        ],
        [
            [25, [46, 47, 41]]
        ],
        [
            [14, [48, 50, 49]]
        ]
    ]
]",415.0,"[
    [
        [
            [0, [23, 15, 29, 5, 28, 25, 27, 17, 20, 6, 30, 19, 16, 4, 31, 22, 26, 13, 2, 12]],
            [23, [32, 33, 39, 36, 37, 38]],
            [46, []],
            [15, []],
            [29, []],
            [5, []],
            [28, []],
            [25, [46, 47, 41]],
            [27, []],
            [17, []],
            [39, []],
            [36, []],
            [20, []],
            [6, []],
            [30, []],
            [19, []],
            [16, []],
            [4, []],
            [41, []],
            [31, []],
            [22, []],
            [26, []],
            [13, []],
            [32, []],
            [33, []],
            [2, []],
            [37, []],
            [12, []],
            [38, []]
        ],
        [
            [0, [14, 3, 10, 24, 35, 34, 45, 8, 11, 21, 43, 7, 44, 9, 42, 18, 40, 1]],
            [14, [48, 50, 49]],
            [3, []],
            [10, []],
            [24, []],
            [35, []],
            [34, []],
            [45, []],
            [48, []],
            [8, []],
            [11, []],
            [21, []],
            [50, []],
            [43, []],
            [7, []],
            [49, []],
            [44, []],
            [9, []],
            [42, []],
            [18, []],
            [40, []],
            [1, []],
            [47, []]
        ]
    ],
    [
        [
            [23, [32, 33]],
            [23, [39, 36, 37, 38]]
        ],
        [
            [25, [46, 47, 41]]
        ],
        [
            [14, [48, 50, 49]]
        ]
    ]
]",139.9214228269171,0,4,3.0,147.56189710255615,1,3,4.0,results/sol_best_C101_0.5.dat_A4_L90_pid2743.txt,results/sol_best_multi_C101_0.5.dat_A4_L90_pid2743.txt,C101_0.5.dat_A4_L90_r3.log
3,test_data/data_demand_random_50_batch_all1_equal_random/C101_0.5.dat,4.0,120.0,1,402.24,"[
    [
        [
            [0, [25, 28, 15, 29, 5, 23, 27, 17, 20, 6, 30, 19, 16, 4, 31, 22, 26, 2, 13, 12]],
            [25, [32, 33, 39, 36, 37, 38]],
            [28, []],
            [15, []],
            [29, []],
            [5, [46, 47, 41]],
            [46, []],
            [23, []],
            [27, []],
            [17, []],
            [39, []],
            [36, []],
            [20, []],
            [6, []],
            [30, []],
            [19, []],
            [16, []],
            [4, []],
            [41, []],
            [31, []],
            [22, []],
            [26, []],
            [2, []],
            [33, []],
            [13, []],
            [32, []],
            [37, []],
            [12, []],
            [38, []]
        ],
        [
            [0, [14, 3, 10, 24, 35, 34, 8, 11, 21, 45, 43, 7, 44, 9, 42, 18, 40, 1]],
            [14, [48, 50, 49]],
            [3, []],
            [10, []],
            [24, []],
            [35, []],
            [34, []],
            [8, []],
            [11, []],
            [21, []],
            [45, []],
            [48, []],
            [50, []],
            [43, []],
            [49, []],
            [7, []],
            [44, []],
            [9, []],
            [42, []],
            [18, []],
            [40, []],
            [1, []],
            [47, []]
        ]
    ],
    [
        [
            [25, [32, 33]]
        ],
        [
            [25, [39, 36, 37, 38]]
        ],
        [
            [5, [46, 47, 41]]
        ],
        [
            [14, [48, 50, 49]]
        ]
    ]
]",,,139.7323018835912,0,4,3.0,,,,,results/sol_best_C101_0.5.dat_A4_L120_pid2748.txt,(not found),C101_0.5.dat_A4_L120_r1.log
3,test_data/data_demand_random_50_batch_all1_equal_random/C101_0.5.dat,4.0,120.0,2,413.0,"[
    [
        [
            [0, [28, 5, 15, 29, 25, 23, 27, 17, 20, 6, 30, 19, 16, 4, 31, 22, 26, 2, 13, 12]],
            [28, [39, 36, 37, 38]],
            [5, []],
            [15, []],
            [29, []],
            [25, [46, 47, 41]],
            [23, []],
            [27, []],
            [17, []],
            [39, [39]],
            [46, [33, 32]],
            [36, [36]],
            [20, []],
            [6, []],
            [30, []],
            [19, []],
            [16, []],
            [4, []],
            [41, []],
            [31, []],
            [22, []],
            [26, []],
            [2, []],
            [33, [33]],
            [13, []],
            [32, [32]],
            [37, [37]],
            [12, []],
            [38, [38]]
        ],
        [
            [0, [14, 3, 10, 24, 35, 34, 45, 8, 11, 21, 43, 7, 40, 42, 9, 44, 18, 1]],
            [14, [48, 50, 49]],
            [3, []],
            [10, []],
            [24, []],
            [35, []],
            [34, []],
            [45, []],
            [48, []],
            [8, []],
            [11, []],
            [21, []],
            [50, []],
            [43, []],
            [7, []],
            [49, []],
            [40, []],
            [42, []],
            [9, []],
            [44, []],
            [18, []],
            [1, []],
            [47, []]
        ]
    ],
    [
        [
            [28, [39, 36, 37, 38]]
        ],
        [
            [25, [46, 47, 41]]
        ],
        [
            [14, [48, 50, 49]]
        ],
        [
            [46, [33, 32]]
        ]
    ]
]",,,159.20255170106637,0,4,3.0,,,,,results/sol_best_C101_0.5.dat_A4_L120_pid2750.txt,(not found),C101_0.5.dat_A4_L120_r2.log
3,test_data/data_demand_random_50_batch_all1_equal_random/C101_0.5.dat,4.0,120.0,3,402.24,"[
    [
        [
            [0, [25, 28, 15, 29, 5, 23, 27, 17, 20, 6, 30, 19, 16, 4, 31, 22, 26, 2, 13, 12]],
            [25, [32, 33, 39, 36, 37, 38]],
            [28, []],
            [15, []],
            [29, []],
            [5, [46, 47, 41]],
            [46, []],
            [23, []],
            [27, []],
            [17, []],
            [39, []],
            [36, []],
            [20, []],
            [6, []],
            [30, []],
            [19, []],
            [16, []],
            [4, []],
            [41, []],
            [31, []],
            [22, []],
            [26, []],
            [2, []],
            [33, []],
            [13, []],
            [32, []],
            [37, []],
            [12, []],
            [38, []]
        ],
        [
            [0, [14, 3, 10, 24, 35, 34, 8, 11, 21, 45, 43, 7, 44, 9, 42, 18, 40, 1]],
            [14, [48, 50, 49]],
            [3, []],
            [10, []],
            [24, []],
            [35, []],
            [34, []],
            [8, []],
            [11, []],
            [21, []],
            [45, []],
            [48, []],
            [50, []],
            [43, []],
            [7, []],
            [49, []],
            [44, []],
            [9, []],
            [42, []],
            [18, []],
            [40, []],
            [1, []],
            [47, []]
        ]
    ],
    [
        [
            [25, [32, 33]]
        ],
        [
            [25, [39, 36, 37, 38]]
        ],
        [
            [5, [46, 47, 41]]
        ],
        [
            [14, [48, 50, 49]]
        ]
    ]
]",416.13,"[
    [
        [
            [0, [25, 15, 29, 5, 28, 23, 27, 17, 20, 6, 30, 19, 16, 4, 31, 22, 26, 13, 2, 12]],
            [25, [32, 33, 39, 36, 37, 38]],
            [46, []],
            [15, []],
            [29, []],
            [5, [46, 47, 41]],
            [28, []],
            [23, []],
            [27, []],
            [17, []],
            [39, []],
            [36, []],
            [20, []],
            [6, []],
            [30, []],
            [19, []],
            [16, []],
            [4, []],
            [41, []],
            [31, []],
            [22, []],
            [26, []],
            [13, []],
            [32, []],
            [33, []],
            [2, []],
            [37, []],
            [12, []],
            [38, []]
        ],
        [
            [0, [14, 3, 10, 24, 35, 34, 8, 11, 21, 45, 43, 7, 44, 9, 42, 40, 18, 1]],
            [14, [48, 50, 49]],
            [3, []],
            [10, []],
            [24, []],
            [35, []],
            [34, []],
            [8, []],
            [11, []],
            [21, []],
            [45, []],
            [48, []],
            [50, []],
            [43, []],
            [7, []],
            [49, []],
            [44, []],
            [9, []],
            [42, []],
            [40, []],
            [18, []],
            [1, []],
            [47, []]
        ]
    ],
    [
        [
            [25, [32, 33]],
            [25, [39, 36, 37, 38]]
        ],
        [
            [5, [46, 47, 41]]
        ],
        [
            [14, [48, 50, 49]]
        ]
    ]
]",139.7323018835912,0,4,3.0,149.59882052798108,1,3,4.0,results/sol_best_C101_0.5.dat_A4_L120_pid2751.txt,results/sol_best_multi_C101_0.5.dat_A4_L120_pid2751.txt,C101_0.5.dat_A4_L120_r3.log
4,test_data/data_demand_random_50_batch_all1_equal_random/C101_0.5.dat,8.0,60.0,1,382.0,"[
    [
        [
            [0, [25, 15, 29, 5, 28, 23, 27, 17, 20, 6, 30, 19, 16, 4, 31, 22, 26, 13, 12]],
            [25, []],
            [46, []],
            [15, []],
            [29, []],
            [5, [46, 47, 41, 39, 36, 37, 38, 32]],
            [28, []],
            [23, []],
            [27, []],
            [17, []],
            [39, []],
            [36, []],
            [20, []],
            [6, []],
            [30, []],
            [19, []],
            [16, []],
            [4, []],
            [41, []],
            [31, []],
            [22, []],
            [26, []],
            [13, []],
            [32, []],
            [37, []],
            [12, []],
            [38, []]
        ],
        [
            [0, [3, 10, 8, 14, 11, 9, 18, 7, 1, 2]],
            [3, []],
            [24, [34, 35, 24, 33, 21]],
            [10, []],
            [8, []],
            [21, [21]],
            [14, [48, 50, 49, 45, 43, 44, 40, 42]],
            [11, []],
            [34, []],
            [35, []],
            [45, []],
            [48, []],
            [50, []],
            [43, []],
            [44, []],
            [9, []],
            [42, []],
            [18, []],
            [40, []],
            [7, []],
            [49, []],
            [1, []],
            [2, []],
            [33, []],
            [47, []]
        ]
    ],
    [
        [
            [5, [46, 47, 41, 39, 36, 37, 38, 32]]
        ],
        [
            [24, [34, 35, 24, 33, 21]]
        ],
        [
            [14, [48, 50, 49, 45, 43, 44, 40, 42]]
        ]
    ]
]",,,190.75974792053663,0,3,7.0,,,,,results/sol_best_C101_0.5.dat_A8_L60_pid2745.txt,(not found),C101_0.5.dat_A8_L60_r1.log
4,test_data/data_demand_random_50_batch_all1_equal_random/C101_0.5.dat,8.0,60.0,2,384.5,"[
    [
        [
            [0, [15, 5, 17, 6, 16, 4, 13, 2, 12]],
            [39, []],
            [46, [25, 23, 27, 26, 20, 19, 22]],
            [36, []],
            [15, []],
            [29, []],
            [28, [32, 33, 28, 29, 30, 31]],
            [5, []],
            [25, [46, 47, 41, 39, 36, 37, 38]],
            [23, []],
            [27, []],
            [17, []],
            [20, []],
            [6, []],
            [30, []],
            [19, []],
            [16, []],
            [4, []],
            [41, []],
            [31, []],
            [22, []],
            [26, []],
            [13, []],
            [32, []],
            [33, []],
            [2, []],
            [37, []],
            [12, []],
            [38, []]
        ],
        [
            [0, [10, 8, 3, 14, 11, 21, 7, 9, 18, 1]],
            [10, [35, 34, 24]],
            [24, [24]],
            [35, [35]],
            [34, [34]],
            [45, []],
            [48, []],
            [8, []],
            [3, []],
            [14, [48, 50, 49, 45, 43, 44, 40, 42]],
            [11, []],
            [21, []],
            [50, []],
            [43, []],
            [7, []],
            [49, []],
            [40, []],
            [42, []],
            [9, []],
            [44, []],
            [18, []],
            [1, []],
            [47, []]
        ]
    ],
    [
        [
            [10, [35, 34, 24]]
        ],
        [
            [46, [25, 23, 27, 26, 20, 19, 22]]
        ],
        [
            [28, [32, 33, 28, 29, 30, 31]]
        ],
        [
            [25, [46, 47, 41, 39, 36, 37, 38]]
        ],
        [
            [14, [48, 50, 49, 45, 43, 44, 40, 42]]
        ]
    ]
]",,,154.29834969930698,0,5,6.2,,,,,results/sol_best_C101_0.5.dat_A8_L60_pid2747.txt,(not found),C101_0.5.dat_A8_L60_r2.log
4,test_data/data_demand_random_50_batch_all1_equal_random/C101_0.5.dat,8.0,60.0,3,385.26,"[
    [
        [
            [0, [5, 15, 17, 20, 6, 19, 16, 4, 22, 13]],
            [46, []],
            [28, [28, 29, 30, 31, 25, 23, 27, 26]],
            [5, []],
            [15, []],
            [29, []],
            [25, [46, 47, 41, 39, 36, 38, 32, 33, 37]],
            [23, []],
            [27, []],
            [17, []],
            [39, []],
            [36, []],
            [20, [20]],
            [6, []],
            [30, []],
            [19, [19]],
            [16, []],
            [4, []],
            [41, []],
            [31, []],
            [22, [22]],
            [26, []],
            [13, []],
            [32, []],
            [37, [37]],
            [47, []],
            [38, []]
        ],
        [
            [0, [3, 10, 8, 14, 11, 21, 7, 9, 18, 1, 2, 12]],
            [3, [35, 34, 24]],
            [10, []],
            [24, [24]],
            [35, [35]],
            [34, [34]],
            [45, []],
            [48, []],
            [8, []],
            [14, [48, 50, 49, 45, 43, 44, 40, 42]],
            [11, []],
            [21, []],
            [50, []],
            [43, []],
            [7, []],
            [49, []],
            [40, []],
            [42, []],
            [9, []],
            [44, []],
            [18, []],
            [1, []],
            [2, []],
            [33, []],
            [12, []]
        ]
    ],
    [
        [
            [28, [28, 29, 30, 31, 25, 23, 27, 26]]
        ],
        [
            [3, [35, 34, 24]]
        ],
        [
            [25, [46, 47, 41, 39, 36, 38, 32, 33, 37]]
        ],
        [
            [14, [48, 50, 49, 45, 43, 44, 40, 42]]
        ]
    ]
]",,,142.78085368002337,0,4,7.0,,,,,results/sol_best_C101_0.5.dat_A8_L60_pid2748.txt,(not found),C101_0.5.dat_A8_L60_r3.log
5,test_data/data_demand_random_50_batch_all1_equal_random/C101_0.5.dat,8.0,90.0,1,382.0,"[
    [
        [
            [0, [25, 15, 29, 5, 28, 23, 27, 17, 20, 6, 30, 19, 16, 4, 31, 22, 26, 13, 12]],
            [25, []],
            [46, []],
            [15, []],
            [29, []],
            [5, [46, 47, 41, 39, 36, 37, 38, 32]],
            [28, []],
            [23, []],
            [27, []],
            [17, []],
            [39, []],
            [36, []],
            [20, []],
            [6, []],
            [30, []],
            [19, []],
            [16, []],
            [4, []],
            [41, []],
            [31, []],
            [22, []],
            [26, []],
            [13, []],
            [32, []],
            [37, []],
            [12, []],
            [38, []]
        ],
        [
            [0, [10, 8, 11, 21, 14, 3, 7, 9, 18, 1, 2]],
            [24, [34, 35, 24, 33]],
            [10, []],
            [8, []],
            [11, []],
            [21, []],
            [14, [48, 50, 49, 45, 43, 44, 40, 42]],
            [3, []],
            [35, []],
            [34, []],
            [45, []],
            [48, []],
            [50, []],
            [43, []],
            [7, []],
            [49, []],
            [44, []],
            [9, []],
            [42, []],
            [18, []],
            [40, []],
            [1, []],
            [2, []],
            [33, []],
            [47, []]
        ]
    ],
    [
        [
            [5, [46, 47, 41, 39, 36, 37, 38, 32]]
        ],
        [
            [24, [34, 35, 24, 33]]
        ],
        [
            [14, [48, 50, 49, 45, 43, 44, 40, 42]]
        ]
    ]
]",403.62,"[
    [
        [
            [0, [15, 29, 5, 25, 28, 23, 27, 17, 20, 6, 30, 19, 16, 4, 31, 22, 26, 13, 12]],
            [15, []],
            [29, []],
            [5, [46, 47, 41, 39, 36, 37, 38, 32]],
            [25, []],
            [28, []],
            [23, []],
            [27, []],
            [17, []],
            [39, []],
            [46, []],
            [36, []],
            [20, []],
            [6, []],
            [30, []],
            [19, []],
            [16, []],
            [4, []],
            [41, []],
            [31, []],
            [22, []],
            [26, []],
            [13, []],
            [32, []],
            [37, []],
            [12, []],
            [38, []]
        ],
        [
            [0, [10, 8, 11, 21, 14, 3, 7, 9, 18, 1, 2]],
            [24, [34, 35, 24, 33]],
            [10, []],
            [8, []],
            [11, []],
            [21, []],
            [14, [48, 50, 49, 45, 43, 44, 40, 42]],
            [3, []],
            [35, []],
            [34, []],
            [45, []],
            [48, []],
            [50, []],
            [43, []],
            [7, []],
            [49, []],
            [44, []],
            [9, []],
            [42, []],
            [18, []],
            [40, []],
            [1, []],
            [2, []],
            [33, []],
            [47, []]
        ]
    ],
    [
        [
            [5, [46, 47, 41, 39, 36, 37, 38, 32]]
        ],
        [
            [24, [34, 35, 24, 33]],
            [14, [48, 50, 49, 45, 43, 44, 40, 42]]
        ]
    ]
]",185.4264145872033,0,3,6.666666666666667,181.33185781676082,1,2,10.0,results/sol_best_C101_0.5.dat_A8_L90_pid2693.txt,results/sol_best_multi_C101_0.5.dat_A8_L90_pid2693.txt,C101_0.5.dat_A8_L90_r1.log
5,test_data/data_demand_random_50_batch_all1_equal_random/C101_0.5.dat,8.0,90.0,2,397.0,"[
    [
        [
            [0, [25, 15, 29, 5, 28, 23, 27, 17, 20, 6, 30, 19, 16, 4, 31, 26, 13, 32, 33]],
            [25, []],
            [15, []],
            [29, []],
            [5, [46, 47, 41, 39, 36, 37, 38]],
            [28, []],
            [23, []],
            [27, []],
            [17, []],
            [39, []],
            [46, []],
            [36, []],
            [20, []],
            [6, []],
            [30, []],
            [19, []],
            [16, []],
            [4, []],
            [41, []],
            [31, []],
            [26, []],
            [13, []],
            [32, []],
            [37, []],
            [33, []],
            [47, []],
            [38, []]
        ],
        [
            [0, [10, 8, 3, 14, 11, 21, 7, 9, 18, 1, 22, 2, 12]],
            [24, []],
            [10, [34, 35, 24]],
            [8, []],
            [48, []],
            [45, []],
            [34, []],
            [35, []],
            [3, []],
            [14, [48, 50, 49, 45, 43, 44, 40, 42]],
            [11, []],
            [21, []],
            [50, []],
            [43, []],
            [7, []],
            [49, []],
            [40, []],
            [42, []],
            [9, []],
            [44, []],
            [18, []],
            [1, []],
            [22, []],
            [2, []],
            [12, []]
        ]
    ],
    [
        [
            [5, [46, 47, 41, 39, 36, 37, 38]]
        ],
        [
            [10, [34, 35, 24]]
        ],
        [
            [14, [48, 50, 49, 45, 43, 44, 40, 42]]
        ]
    ]
]",425.68,"[
    [
        [
            [0, [25, 15, 29, 5, 28, 23, 27, 17, 20, 6, 30, 19, 16, 4, 31, 26, 13, 32, 33]],
            [25, []],
            [15, []],
            [29, []],
            [5, [46, 47, 41, 39, 36, 37, 38]],
            [28, []],
            [23, []],
            [27, []],
            [17, []],
            [39, []],
            [46, []],
            [36, []],
            [20, []],
            [6, []],
            [30, []],
            [19, []],
            [16, []],
            [4, []],
            [41, []],
            [31, []],
            [26, []],
            [13, []],
            [32, []],
            [37, []],
            [33, []],
            [47, []],
            [38, []]
        ],
        [
            [0, [10, 8, 3, 14, 11, 21, 7, 9, 18, 1, 22, 2, 12]],
            [24, []],
            [10, [34, 35, 24]],
            [8, []],
            [48, []],
            [45, []],
            [34, []],
            [35, []],
            [3, []],
            [14, [48, 50, 49, 45, 43, 44, 40, 42]],
            [11, []],
            [21, []],
            [50, []],
            [43, []],
            [7, []],
            [49, []],
            [40, []],
            [42, []],
            [9, []],
            [44, []],
            [18, []],
            [1, []],
            [22, []],
            [2, []],
            [12, []]
        ]
    ],
    [
        [
            [5, [46, 47, 41, 39, 36, 37, 38]]
        ],
        [
            [10, [34, 35, 24]],
            [14, [48, 50, 49, 45, 43, 44, 40, 42]]
        ]
    ]
]",146.44841910859702,0,3,6.0,160.33185781676082,1,2,9.0,results/sol_best_C101_0.5.dat_A8_L90_pid2695.txt,results/sol_best_multi_C101_0.5.dat_A8_L90_pid2695.txt,C101_0.5.dat_A8_L90_r2.log
5,test_data/data_demand_random_50_batch_all1_equal_random/C101_0.5.dat,8.0,90.0,3,386.62,"[
    [
        [
            [0, [5, 15, 17, 6, 16, 4, 13]],
            [46, [25, 23, 27, 26, 20, 19, 22]],
            [28, [32, 33, 28, 29, 30, 31]],
            [5, []],
            [15, []],
            [29, []],
            [25, [46, 47, 41, 39, 36, 37, 38]],
            [23, [23]],
            [27, [27]],
            [17, []],
            [39, []],
            [36, []],
            [20, [20]],
            [6, []],
            [30, []],
            [19, [19]],
            [16, []],
            [4, []],
            [41, []],
            [31, []],
            [22, [22]],
            [26, [26]],
            [13, []],
            [32, []],
            [37, []],
            [33, []],
            [47, []],
            [38, []]
        ],
        [
            [0, [24, 10, 8, 3, 14, 11, 21, 7, 9, 18, 1, 2, 12]],
            [24, []],
            [10, []],
            [8, []],
            [3, []],
            [14, [48, 50, 49, 45, 43, 44, 40, 42]],
            [11, []],
            [21, []],
            [35, []],
            [34, [34, 35]],
            [45, []],
            [48, []],
            [50, []],
            [43, []],
            [7, []],
            [49, []],
            [44, []],
            [9, []],
            [42, []],
            [18, []],
            [40, []],
            [1, []],
            [2, []],
            [12, []]
        ]
    ],
    [
        [
            [46, [25, 23, 27, 26, 20, 19, 22]]
        ],
        [
            [28, [32, 33, 28, 29, 30, 31]]
        ],
        [
            [25, [46, 47, 41, 39, 36, 37, 38]]
        ],
        [
            [14, [48, 50, 49, 45, 43, 44, 40, 42]]
        ],
        [
            [34, [34, 35]]
        ]
    ]
]",,,131.03417731585267,0,5,6.0,,,,,results/sol_best_C101_0.5.dat_A8_L90_pid2696.txt,(not found),C101_0.5.dat_A8_L90_r3.log
6,test_data/data_demand_random_50_batch_all1_equal_random/C101_0.5.dat,8.0,120.0,1,378.0,"[
    [
        [
            [0, [28, 5, 15, 29, 25, 23, 27, 17, 20, 6, 30, 19, 16, 4, 31, 13, 12]],
            [28, []],
            [5, []],
            [15, []],
            [29, []],
            [25, [46, 47, 41, 39, 36, 37, 32, 33]],
            [23, []],
            [27, []],
            [17, []],
            [39, []],
            [46, []],
            [36, []],
            [20, []],
            [6, []],
            [30, []],
            [19, []],
            [16, []],
            [4, []],
            [41, []],
            [31, []],
            [13, []],
            [32, []],
            [37, []],
            [12, []]
        ],
        [
            [0, [10, 8, 3, 14, 11, 21, 7, 9, 18, 1, 22, 2]],
            [10, [34, 35, 24, 26]],
            [24, []],
            [35, []],
            [45, []],
            [34, []],
            [8, []],
            [3, []],
            [14, [48, 50, 49, 45, 43, 44, 40, 42, 38]],
            [11, []],
            [21, []],
            [48, []],
            [50, []],
            [43, []],
            [49, []],
            [7, []],
            [44, []],
            [9, []],
            [42, []],
            [18, []],
            [40, []],
            [1, []],
            [22, []],
            [26, []],
            [2, []],
            [33, []],
            [47, []],
            [38, []]
        ]
    ],
    [
        [
            [25, [46, 47, 41, 39, 36, 37, 32, 33]]
        ],
        [
            [10, [34, 35, 24, 26]]
        ],
        [
            [14, [48, 50, 49, 45, 43, 44, 40, 42, 38]]
        ]
    ]
]",,,181.78907766664597,0,3,7.0,,,,,results/sol_best_C101_0.5.dat_A8_L120_pid2738.txt,(not found),C101_0.5.dat_A8_L120_r1.log
6,test_data/data_demand_random_50_batch_all1_equal_random/C101_0.5.dat,8.0,120.0,2,385.63,"[
    [
        [
            [0, [15, 5, 17, 6, 16, 4, 13]],
            [46, []],
            [15, [20, 19, 22, 29, 28, 30, 31, 25, 23, 27, 26]],
            [29, []],
            [5, []],
            [25, [46, 47, 41, 39, 36, 38, 32, 33]],
            [28, []],
            [23, []],
            [27, []],
            [17, []],
            [39, []],
            [36, []],
            [20, []],
            [6, []],
            [30, []],
            [19, []],
            [16, []],
            [4, []],
            [41, []],
            [31, []],
            [22, []],
            [26, []],
            [13, []],
            [32, []],
            [33, []],
            [47, []],
            [38, []]
        ],
        [
            [0, [24, 10, 8, 3, 14, 11, 21, 9, 18, 7, 1, 2, 12]],
            [24, []],
            [10, []],
            [8, []],
            [3, []],
            [14, [48, 50, 49, 45, 43, 44, 40, 42, 37]],
            [11, []],
            [21, []],
            [35, []],
            [34, [34, 35]],
            [45, []],
            [48, []],
            [50, []],
            [43, []],
            [44, []],
            [9, []],
            [42, []],
            [18, []],
            [40, []],
            [7, []],
            [49, []],
            [1, []],
            [2, []],
            [37, []],
            [12, []]
        ]
    ],
    [
        [
            [15, [20, 19, 22]]
        ],
        [
            [15, [29, 28, 30, 31, 25, 23, 27, 26]]
        ],
        [
            [25, [46, 47, 41, 39, 36, 38, 32, 33]]
        ],
        [
            [14, [48, 50, 49, 45, 43, 44, 40, 42, 37]]
        ],
        [
            [34, [34, 35]]
        ]
    ]
]",,,132.65548546776859,0,5,6.0,,,,,results/sol_best_C101_0.5.dat_A8_L120_pid2740.txt,(not found),C101_0.5.dat_A8_L120_r2.log
6,test_data/data_demand_random_50_batch_all1_equal_random/C101_0.5.dat,8.0,120.0,3,375.82,"[
    [
        [
            [0, [5, 15, 17, 20, 6, 19, 16, 4, 22, 13, 12]],
            [46, []],
            [28, [28, 29, 30, 31, 25, 23, 27, 26]],
            [5, []],
            [15, []],
            [29, []],
            [25, [46, 47, 41, 39, 36, 37, 38, 32]],
            [23, []],
            [27, []],
            [17, []],
            [39, []],
            [36, []],
            [20, []],
            [6, []],
            [30, []],
            [19, []],
            [16, []],
            [4, []],
            [41, []],
            [31, []],
            [22, []],
            [26, []],
            [13, []],
            [32, []],
            [37, []],
            [12, []]
        ],
        [
            [0, [10, 8, 11, 3, 7, 9, 1, 2]],
            [35, [14, 18]],
            [24, []],
            [10, []],
            [8, []],
            [21, []],
            [11, []],
            [34, []],
            [45, []],
            [48, []],
            [3, [34, 35, 24, 33, 21]],
            [14, [48, 50, 49, 45, 43, 44, 40, 42]],
            [50, []],
            [43, []],
            [49, []],
            [7, []],
            [44, []],
            [9, []],
            [42, []],
            [18, [18, 18]],
            [40, []],
            [1, []],
            [2, []],
            [33, []],
            [47, []],
            [38, []]
        ]
    ],
    [
        [
            [35, [14, 18]]
        ],
        [
            [28, [28, 29, 30, 31, 25, 23, 27, 26]]
        ],
        [
            [25, [46, 47, 41, 39, 36, 37, 38, 32]]
        ],
        [
            [3, [34, 35, 24, 33, 21]]
        ],
        [
            [14, [48, 50, 49, 45, 43, 44, 40, 42]]
        ]
    ]
]",,,193.1328147897263,0,5,6.2,,,,,results/sol_best_C101_0.5.dat_A8_L120_pid2741.txt,(not found),C101_0.5.dat_A8_L120_r3.log
7,test_data/data_demand_random_50_batch_all1_equal_random/C101_1.5.dat,4.0,60.0,1,674.0,"[
    [
        [
            [0, [9, 3, 13, 6, 4, 10, 21, 1, 11, 2, 7, 20]],
            [35, [24, 26, 23]],
            [45, [28, 27, 29]],
            [24, []],
            [9, []],
            [26, []],
            [3, []],
            [13, []],
            [6, []],
            [4, [50, 47]],
            [44, []],
            [48, []],
            [10, []],
            [28, []],
            [49, []],
            [42, []],
            [27, []],
            [21, [39, 42, 36]],
            [1, []],
            [43, []],
            [11, []],
            [2, []],
            [29, []],
            [23, []],
            [36, []],
            [7, []],
            [20, []]
        ],
        [
            [0, [33, 34, 17, 5, 14, 25, 19, 30, 32, 12, 31, 22, 15, 8, 16, 18]],
            [33, []],
            [34, []],
            [46, []],
            [39, []],
            [17, [41, 40]],
            [37, [43, 37, 38, 35]],
            [5, []],
            [14, []],
            [50, []],
            [47, []],
            [25, []],
            [41, []],
            [19, []],
            [38, []],
            [30, []],
            [32, []],
            [12, []],
            [31, []],
            [22, []],
            [15, []],
            [8, [46, 44, 45]],
            [16, []],
            [18, [48, 49]],
            [40, []]
        ]
    ],
    [
        [
            [35, [24, 26, 23]]
        ],
        [
            [45, [28, 27, 29]]
        ],
        [
            [17, [41, 40]]
        ],
        [
            [37, [43, 37, 38, 35]]
        ],
        [
            [4, [50, 47]]
        ],
        [
            [21, [39, 42, 36]]
        ],
        [
            [8, [46, 44, 45]]
        ],
        [
            [18, [48, 49]]
        ]
    ]
]",883.0,"[
    [
        [
            [0, [8, 18, 21, 24, 13, 9, 26, 3, 37, 39, 33, 34, 28, 42, 27, 1, 16, 11, 23, 36, 14, 20]],
            [8, [46, 44, 45]],
            [18, [48, 49]],
            [21, []],
            [24, []],
            [13, []],
            [9, []],
            [26, []],
            [3, []],
            [37, []],
            [46, [46]],
            [39, []],
            [33, []],
            [34, []],
            [44, [44]],
            [48, [48]],
            [28, []],
            [49, [49]],
            [42, []],
            [27, []],
            [45, [45]],
            [1, []],
            [16, []],
            [11, []],
            [23, []],
            [36, []],
            [14, []],
            [20, []]
        ],
        [
            [0, [6, 4, 17, 10, 43, 29, 5, 2, 25, 7, 50, 47, 41, 19, 38, 32, 30, 12, 31, 22, 15, 35, 40]],
            [6, []],
            [4, []],
            [17, []],
            [10, []],
            [43, []],
            [29, []],
            [5, []],
            [2, []],
            [25, []],
            [7, []],
            [50, []],
            [47, []],
            [41, []],
            [19, []],
            [38, []],
            [32, []],
            [30, []],
            [12, []],
            [31, []],
            [22, []],
            [15, []],
            [35, []],
            [40, []]
        ]
    ],
    [
        [
            [8, [46, 44, 45]],
            [18, [48, 49]]
        ]
    ]
]",558.9091696179707,0,8,2.75,351.13274595042157,1,1,5.0,results/sol_best_C101_1.5.dat_A4_L60_pid2747.txt,results/sol_best_multi_C101_1.5.dat_A4_L60_pid2747.txt,C101_1.5.dat_A4_L60_r1.log
7,test_data/data_demand_random_50_batch_all1_equal_random/C101_1.5.dat,4.0,60.0,2,731.62,"[
    [
        [
            [0, [24, 26, 3, 13, 9, 6, 4, 33, 34, 28, 27, 1, 16, 11, 23, 7, 20]],
            [35, [35, 36]],
            [24, []],
            [26, []],
            [3, []],
            [13, []],
            [9, []],
            [6, []],
            [4, [50, 47]],
            [46, []],
            [39, []],
            [33, []],
            [34, []],
            [44, []],
            [48, []],
            [28, []],
            [49, []],
            [42, []],
            [27, []],
            [45, []],
            [1, []],
            [16, []],
            [11, []],
            [23, []],
            [36, []],
            [7, []],
            [20, []]
        ],
        [
            [0, [17, 10, 29, 5, 2, 25, 14, 19, 32, 30, 12, 31, 22, 15, 21, 8, 18]],
            [37, [37, 38]],
            [17, []],
            [10, []],
            [43, [43, 41, 40]],
            [29, []],
            [5, []],
            [2, []],
            [25, []],
            [14, []],
            [50, []],
            [47, []],
            [41, []],
            [19, []],
            [38, [38]],
            [32, []],
            [30, []],
            [12, []],
            [31, []],
            [22, []],
            [15, []],
            [21, [39, 42]],
            [8, [46, 44, 45]],
            [18, [48, 49]],
            [40, []]
        ]
    ],
    [
        [
            [37, [37, 38]]
        ],
        [
            [35, [35, 36]]
        ],
        [
            [4, [50, 47]]
        ],
        [
            [43, [43, 41, 40]]
        ],
        [
            [21, [39, 42]]
        ],
        [
            [8, [46, 44, 45]]
        ],
        [
            [18, [48, 49]]
        ]
    ]
]",883.0,"[
    [
        [
            [0, [8, 18, 21, 24, 13, 9, 26, 3, 37, 39, 33, 34, 28, 42, 27, 1, 16, 11, 23, 36, 14, 20]],
            [8, [46, 44, 45]],
            [18, [48, 49]],
            [21, []],
            [24, []],
            [13, []],
            [9, []],
            [26, []],
            [3, []],
            [37, []],
            [46, [46]],
            [39, []],
            [33, []],
            [34, []],
            [44, [44]],
            [48, [48]],
            [28, []],
            [49, [49]],
            [42, []],
            [27, []],
            [45, [45]],
            [1, []],
            [16, []],
            [11, []],
            [23, []],
            [36, []],
            [14, []],
            [20, []]
        ],
        [
            [0, [6, 4, 17, 10, 43, 29, 5, 2, 25, 7, 50, 47, 41, 19, 38, 32, 30, 12, 31, 22, 15, 35, 40]],
            [6, []],
            [4, []],
            [17, []],
            [10, []],
            [43, []],
            [29, []],
            [5, []],
            [2, []],
            [25, []],
            [7, []],
            [50, []],
            [47, []],
            [41, []],
            [19, []],
            [38, []],
            [32, []],
            [30, []],
            [12, []],
            [31, []],
            [22, []],
            [15, []],
            [35, []],
            [40, []]
        ]
    ],
    [
        [
            [8, [46, 44, 45]],
            [18, [48, 49]]
        ]
    ]
]",598.4033362680392,0,7,2.2857142857142856,351.13274595042157,1,1,5.0,results/sol_best_C101_1.5.dat_A4_L60_pid2749.txt,results/sol_best_multi_C101_1.5.dat_A4_L60_pid2749.txt,C101_1.5.dat_A4_L60_r2.log
7,test_data/data_demand_random_50_batch_all1_equal_random/C101_1.5.dat,4.0,60.0,3,695.81,"[
    [
        [
            [0, [21, 26, 3, 13, 9, 24, 4, 1, 16, 11, 23, 14, 20]],
            [21, []],
            [43, [33, 34, 28, 27]],
            [45, []],
            [35, [35, 36]],
            [26, []],
            [3, []],
            [13, []],
            [9, []],
            [24, []],
            [4, [50, 47, 43]],
            [28, [28]],
            [49, []],
            [42, []],
            [27, [27]],
            [1, []],
            [16, []],
            [11, []],
            [23, []],
            [36, []],
            [14, []],
            [20, []]
        ],
        [
            [0, [17, 6, 10, 7, 5, 2, 25, 19, 12, 22, 15, 8, 18]],
            [17, [29, 30]],
            [48, []],
            [46, []],
            [39, []],
            [33, []],
            [34, []],
            [6, []],
            [37, [41, 40, 37, 38]],
            [44, [32, 31]],
            [10, []],
            [7, []],
            [5, []],
            [2, []],
            [29, [29]],
            [25, []],
            [50, []],
            [47, []],
            [41, []],
            [19, []],
            [12, []],
            [32, []],
            [30, [30]],
            [38, []],
            [31, []],
            [22, []],
            [15, []],
            [8, [39, 42]],
            [18, [46, 44, 45, 48, 49]],
            [40, []]
        ]
    ],
    [
        [
            [17, [29, 30]]
        ],
        [
            [43, [33, 34, 28, 27]]
        ],
        [
            [35, [35, 36]]
        ],
        [
            [37, [41, 40, 37, 38]]
        ],
        [
            [44, [32, 31]]
        ],
        [
            [4, [50, 47, 43]]
        ],
        [
            [8, [39, 42]]
        ],
        [
            [18, [46, 44, 45]]
        ],
        [
            [18, [48, 49]]
        ]
    ]
]",,,583.2850172736039,0,9,2.6666666666666665,,,,,results/sol_best_C101_1.5.dat_A4_L60_pid2750.txt,(not found),C101_1.5.dat_A4_L60_r3.log
8,test_data/data_demand_random_50_batch_all1_equal_random/C101_1.5.dat,4.0,90.0,1,728.12,"[
    [
        [
            [0, [21, 6, 4, 37, 33, 28, 26, 3, 9, 13, 24, 27, 1, 16, 11, 23, 36, 7, 20]],
            [21, [39, 42]],
            [6, [43]],
            [4, [50, 47]],
            [37, []],
            [46, []],
            [39, []],
            [33, []],
            [48, []],
            [28, []],
            [49, []],
            [42, []],
            [26, []],
            [3, []],
            [9, []],
            [13, []],
            [24, []],
            [27, []],
            [45, []],
            [1, []],
            [16, []],
            [11, []],
            [23, []],
            [36, []],
            [7, []],
            [20, []]
        ],
        [
            [0, [34, 17, 10, 29, 5, 2, 25, 14, 19, 12, 32, 30, 31, 22, 15, 8, 18]],
            [34, []],
            [44, []],
            [17, [41, 40, 38, 35]],
            [10, []],
            [43, []],
            [29, []],
            [5, []],
            [2, []],
            [25, []],
            [14, []],
            [50, []],
            [47, []],
            [41, [41, 41]],
            [19, []],
            [12, []],
            [32, []],
            [30, []],
            [38, [38, 38]],
            [31, []],
            [22, []],
            [15, []],
            [35, [35, 35]],
            [8, [46, 44, 45]],
            [18, [48, 49]],
            [40, [40, 40]]
        ]
    ],
    [
        [
            [17, [41, 40, 38, 35]]
        ],
        [
            [21, [39, 42]]
        ],
        [
            [6, [43]]
        ],
        [
            [4, [50, 47]]
        ],
        [
            [8, [46, 44, 45]],
            [18, [48, 49]]
        ]
    ]
]",728.12,"[
    [
        [
            [0, [21, 6, 4, 37, 33, 28, 26, 3, 9, 13, 24, 27, 1, 16, 11, 23, 36, 7, 20]],
            [21, [39, 42]],
            [6, [43]],
            [4, [50, 47]],
            [37, []],
            [46, []],
            [39, []],
            [33, []],
            [48, []],
            [28, []],
            [49, []],
            [42, []],
            [26, []],
            [3, []],
            [9, []],
            [13, []],
            [24, []],
            [27, []],
            [45, []],
            [1, []],
            [16, []],
            [11, []],
            [23, []],
            [36, []],
            [7, []],
            [20, []]
        ],
        [
            [0, [34, 17, 10, 29, 5, 2, 25, 14, 19, 12, 32, 30, 31, 22, 15, 8, 18]],
            [34, []],
            [44, []],
            [17, [41, 40, 38, 35]],
            [10, []],
            [43, []],
            [29, []],
            [5, []],
            [2, []],
            [25, []],
            [14, []],
            [50, []],
            [47, []],
            [41, [41, 41]],
            [19, []],
            [12, []],
            [32, []],
            [30, []],
            [38, [38, 38]],
            [31, []],
            [22, []],
            [15, []],
            [35, [35, 35]],
            [8, [46, 44, 45]],
            [18, [48, 49]],
            [40, [40, 40]]
        ]
    ],
    [
        [
            [17, [41, 40, 38, 35]]
        ],
        [
            [21, [39, 42]]
        ],
        [
            [6, [43]]
        ],
        [
            [4, [50, 47]]
        ],
        [
            [8, [46, 44, 45]],
            [18, [48, 49]]
        ]
    ]
]",510.81520767313003,1,5,2.8,510.81520767313003,1,5,2.8,results/sol_best_C101_1.5.dat_A4_L90_pid2751.txt,results/sol_best_multi_C101_1.5.dat_A4_L90_pid2751.txt,C101_1.5.dat_A4_L90_r1.log
8,test_data/data_demand_random_50_batch_all1_equal_random/C101_1.5.dat,4.0,90.0,2,679.62,"[
    [
        [
            [0, [1, 16, 21, 26, 3, 13, 9, 24, 4, 6, 28, 27, 11, 23, 7]],
            [1, []],
            [16, []],
            [21, []],
            [35, [35, 37, 36]],
            [26, []],
            [3, []],
            [13, []],
            [9, []],
            [24, []],
            [4, [50, 47, 43]],
            [44, []],
            [6, []],
            [28, []],
            [49, []],
            [42, []],
            [27, []],
            [45, []],
            [11, []],
            [23, []],
            [36, []],
            [7, []]
        ],
        [
            [0, [33, 17, 34, 10, 5, 2, 29, 20, 14, 25, 19, 12, 32, 30, 15, 22, 31, 8, 18]],
            [33, []],
            [48, []],
            [46, []],
            [39, []],
            [17, []],
            [37, [41, 40, 38]],
            [34, []],
            [10, []],
            [5, []],
            [2, []],
            [29, []],
            [47, []],
            [20, []],
            [14, []],
            [50, []],
            [25, []],
            [41, []],
            [19, []],
            [12, []],
            [32, []],
            [30, []],
            [38, []],
            [15, []],
            [22, []],
            [31, []],
            [8, [39, 42]],
            [18, [46, 44, 45, 48, 49]],
            [43, []],
            [40, []]
        ]
    ],
    [
        [
            [35, [35, 37, 36]]
        ],
        [
            [37, [41, 40, 38]]
        ],
        [
            [4, [50, 47, 43]]
        ],
        [
            [8, [39, 42]],
            [18, [46, 44, 45]]
        ],
        [
            [18, [48, 49]]
        ]
    ]
]",,,589.7346663994952,1,5,3.2,,,,,results/sol_best_C101_1.5.dat_A4_L90_pid2753.txt,(not found),C101_1.5.dat_A4_L90_r2.log
8,test_data/data_demand_random_50_batch_all1_equal_random/C101_1.5.dat,4.0,90.0,3,574.0,"[
    [
        [
            [0, [1, 3, 4]],
            [1, []],
            [35, [6, 7, 5]],
            [27, []],
            [45, []],
            [48, [13, 16, 9]],
            [28, []],
            [49, []],
            [42, []],
            [9, []],
            [13, []],
            [3, []],
            [26, []],
            [24, [24, 26, 23, 25, 28, 27]],
            [6, []],
            [37, [37, 38, 35, 29]],
            [17, [17, 20, 21, 18]],
            [33, []],
            [44, []],
            [4, [50, 47, 36, 33]],
            [39, []],
            [46, []],
            [18, [48, 49]],
            [21, [39, 42]],
            [16, []],
            [25, []],
            [47, []],
            [36, []],
            [5, []]
        ],
        [
            [0, [34, 10, 14, 2, 19, 22, 31, 12, 32, 30, 15, 8, 11]],
            [34, []],
            [10, []],
            [7, []],
            [20, []],
            [14, []],
            [50, []],
            [23, []],
            [2, []],
            [29, []],
            [41, []],
            [19, []],
            [22, []],
            [31, []],
            [12, []],
            [32, []],
            [30, []],
            [38, []],
            [15, []],
            [8, [46, 44, 45]],
            [43, [43, 41, 40]],
            [40, []],
            [11, []]
        ]
    ],
    [
        [
            [35, [6, 7, 5]]
        ],
        [
            [48, [13, 16, 9]]
        ],
        [
            [24, [24, 26, 23, 25]]
        ],
        [
            [24, [28, 27]]
        ],
        [
            [37, [37, 38, 35, 29]]
        ],
        [
            [17, [17, 20, 21, 18]]
        ],
        [
            [4, [50, 47, 36, 33]]
        ],
        [
            [18, [48, 49]]
        ],
        [
            [21, [39, 42]]
        ],
        [
            [8, [46, 44, 45]]
        ],
        [
            [43, [43, 41, 40]]
        ]
    ]
]",641.62,"[
    [
        [
            [0, [1, 3, 4]],
            [1, []],
            [35, [6, 7, 5]],
            [27, []],
            [45, []],
            [48, [13, 16, 9]],
            [28, []],
            [49, []],
            [42, []],
            [9, []],
            [13, []],
            [3, []],
            [26, []],
            [24, [24, 26, 23, 25, 28, 27]],
            [17, [17, 20, 21, 18]],
            [6, []],
            [33, []],
            [44, []],
            [37, [37, 38, 35, 29]],
            [4, [50, 47, 36, 33]],
            [39, []],
            [46, []],
            [18, [48, 49]],
            [21, [39, 42]],
            [16, []],
            [25, []],
            [47, []],
            [36, []],
            [5, []]
        ],
        [
            [0, [34, 10, 14, 2, 19, 30, 32, 12, 31, 22, 15, 8, 11]],
            [34, []],
            [10, []],
            [7, []],
            [20, []],
            [14, []],
            [50, []],
            [23, []],
            [2, []],
            [29, []],
            [41, []],
            [19, []],
            [38, []],
            [30, []],
            [32, []],
            [12, []],
            [31, []],
            [22, []],
            [15, []],
            [8, [46, 44, 45]],
            [43, [43, 41, 40]],
            [40, []],
            [11, []]
        ]
    ],
    [
        [
            [35, [6, 7, 5]],
            [48, [13, 16, 9]]
        ],
        [
            [24, [24, 26, 23, 25]]
        ],
        [
            [24, [28, 27]]
        ],
        [
            [17, [17, 20, 21, 18]]
        ],
        [
            [37, [37, 38, 35, 29]]
        ],
        [
            [4, [50, 47, 36, 33]]
        ],
        [
            [18, [48, 49]]
        ],
        [
            [21, [39, 42]]
        ],
        [
            [8, [46, 44, 45]]
        ],
        [
            [43, [43, 41, 40]]
        ]
    ]
]",608.4376021656,0,11,3.090909090909091,639.6198095693512,1,10,3.4,results/sol_best_C101_1.5.dat_A4_L90_pid2754.txt,results/sol_best_multi_C101_1.5.dat_A4_L90_pid2754.txt,C101_1.5.dat_A4_L90_r3.log
9,test_data/data_demand_random_50_batch_all1_equal_random/C101_1.5.dat,4.0,120.0,1,680.81,"[
    [
        [
            [0, [10, 24, 26, 3, 13, 9, 6, 4, 1, 16, 11, 23, 14, 20]],
            [10, [28, 27]],
            [24, []],
            [26, []],
            [3, []],
            [13, []],
            [9, []],
            [6, []],
            [4, [50, 47, 36]],
            [46, []],
            [39, []],
            [33, []],
            [34, []],
            [44, []],
            [28, [28]],
            [49, []],
            [42, []],
            [35, []],
            [27, [27]],
            [45, []],
            [1, []],
            [16, []],
            [11, []],
            [23, []],
            [36, []],
            [14, []],
            [20, []]
        ],
        [
            [0, [17, 25, 7, 5, 2, 19, 12, 22, 15, 8, 21, 18]],
            [48, [29, 30]],
            [17, [33, 34, 32, 31]],
            [37, [37, 38, 35]],
            [43, [43, 41, 40]],
            [29, []],
            [25, []],
            [7, []],
            [5, []],
            [2, []],
            [50, []],
            [47, []],
            [41, []],
            [19, []],
            [38, []],
            [30, []],
            [32, []],
            [12, []],
            [31, []],
            [22, []],
            [15, []],
            [8, [46, 44, 45]],
            [21, [39, 42]],
            [18, [48, 49]],
            [40, []]
        ]
    ],
    [
        [
            [10, [28, 27]]
        ],
        [
            [48, [29, 30]]
        ],
        [
            [17, [33, 34, 32, 31]]
        ],
        [
            [37, [37, 38, 35]]
        ],
        [
            [4, [50, 47, 36]]
        ],
        [
            [43, [43, 41, 40]]
        ],
        [
            [8, [46, 44, 45]]
        ],
        [
            [21, [39, 42]]
        ],
        [
            [18, [48, 49]]
        ]
    ]
]",883.0,"[
    [
        [
            [0, [8, 18, 21, 24, 13, 9, 26, 3, 37, 39, 33, 34, 28, 42, 27, 1, 16, 11, 23, 36, 14, 20]],
            [8, [46, 44, 45]],
            [18, [48, 49]],
            [21, []],
            [24, []],
            [13, []],
            [9, []],
            [26, []],
            [3, []],
            [37, []],
            [46, [46]],
            [39, []],
            [33, []],
            [34, []],
            [44, [44]],
            [48, [48]],
            [28, []],
            [49, [49]],
            [42, []],
            [27, []],
            [45, [45]],
            [1, []],
            [16, []],
            [11, []],
            [23, []],
            [36, []],
            [14, []],
            [20, []]
        ],
        [
            [0, [6, 4, 17, 10, 43, 29, 5, 2, 25, 7, 50, 47, 41, 19, 38, 32, 30, 12, 31, 22, 15, 35, 40]],
            [6, []],
            [4, []],
            [17, []],
            [10, []],
            [43, []],
            [29, []],
            [5, []],
            [2, []],
            [25, []],
            [7, []],
            [50, []],
            [47, []],
            [41, []],
            [19, []],
            [38, []],
            [32, []],
            [30, []],
            [12, []],
            [31, []],
            [22, []],
            [15, []],
            [35, []],
            [40, []]
        ]
    ],
    [
        [
            [8, [46, 44, 45]],
            [18, [48, 49]]
        ]
    ]
]",559.6925879105448,0,9,2.6666666666666665,351.13274595042157,1,1,5.0,results/sol_best_C101_1.5.dat_A4_L120_pid2679.txt,results/sol_best_multi_C101_1.5.dat_A4_L120_pid2679.txt,C101_1.5.dat_A4_L120_r1.log
9,test_data/data_demand_random_50_batch_all1_equal_random/C101_1.5.dat,4.0,120.0,2,705.81,"[
    [
        [
            [0, [8, 27, 24, 9, 13, 3, 26, 4, 6, 28, 1, 16, 11, 23, 7, 20]],
            [45, []],
            [8, [33, 34]],
            [27, []],
            [24, [39, 42]],
            [9, []],
            [13, []],
            [3, []],
            [26, []],
            [34, []],
            [4, [50, 47, 43]],
            [39, []],
            [33, []],
            [44, []],
            [6, []],
            [28, []],
            [49, []],
            [42, []],
            [35, [35, 37, 36]],
            [1, []],
            [16, []],
            [11, []],
            [23, []],
            [36, []],
            [7, []],
            [20, []]
        ],
        [
            [0, [17, 10, 29, 5, 2, 14, 25, 19, 12, 32, 30, 31, 22, 15, 21, 18]],
            [46, []],
            [17, []],
            [37, [41, 40, 38]],
            [10, []],
            [48, []],
            [43, []],
            [29, []],
            [5, []],
            [2, []],
            [47, []],
            [14, []],
            [50, []],
            [25, []],
            [41, [41, 41]],
            [19, []],
            [12, []],
            [32, []],
            [30, []],
            [38, [38, 38]],
            [31, []],
            [22, []],
            [15, []],
            [21, [46, 44, 45]],
            [18, [48, 49]],
            [40, [40, 40]]
        ]
    ],
    [
        [
            [37, [41, 40, 38]]
        ],
        [
            [8, [33, 34]]
        ],
        [
            [24, [39, 42]]
        ],
        [
            [4, [50, 47, 43]]
        ],
        [
            [35, [35, 37, 36]]
        ],
        [
            [21, [46, 44, 45]]
        ],
        [
            [18, [48, 49]]
        ]
    ]
]",883.0,"[
    [
        [
            [0, [8, 18, 21, 24, 13, 9, 26, 3, 37, 39, 33, 34, 28, 42, 27, 1, 16, 11, 23, 36, 14, 20]],
            [8, [46, 44, 45]],
            [18, [48, 49]],
            [21, []],
            [24, []],
            [13, []],
            [9, []],
            [26, []],
            [3, []],
            [37, []],
            [46, [46]],
            [39, []],
            [33, []],
            [34, []],
            [44, [44]],
            [48, [48]],
            [28, []],
            [49, [49]],
            [42, []],
            [27, []],
            [45, [45]],
            [1, []],
            [16, []],
            [11, []],
            [23, []],
            [36, []],
            [14, []],
            [20, []]
        ],
        [
            [0, [6, 4, 17, 10, 43, 29, 5, 2, 25, 7, 50, 47, 41, 19, 38, 32, 30, 12, 31, 22, 15, 35, 40]],
            [6, []],
            [4, []],
            [17, []],
            [10, []],
            [43, []],
            [29, []],
            [5, []],
            [2, []],
            [25, []],
            [7, []],
            [50, []],
            [47, []],
            [41, []],
            [19, []],
            [38, []],
            [32, []],
            [30, []],
            [12, []],
            [31, []],
            [22, []],
            [15, []],
            [35, []],
            [40, []]
        ]
    ],
    [
        [
            [8, [46, 44, 45]],
            [18, [48, 49]]
        ]
    ]
]",590.4948103453108,0,7,2.5714285714285716,351.13274595042157,1,1,5.0,results/sol_best_C101_1.5.dat_A4_L120_pid2681.txt,results/sol_best_multi_C101_1.5.dat_A4_L120_pid2681.txt,C101_1.5.dat_A4_L120_r2.log
9,test_data/data_demand_random_50_batch_all1_equal_random/C101_1.5.dat,4.0,120.0,3,733.81,"[
    [
        [
            [0, [21, 24, 26, 3, 13, 9, 34, 33, 4, 28, 27, 1, 16, 11, 23, 14, 20]],
            [21, []],
            [24, [39, 42, 37, 36]],
            [26, []],
            [3, []],
            [13, []],
            [9, []],
            [34, [41, 40]],
            [33, []],
            [46, []],
            [39, []],
            [4, [50, 47, 43]],
            [44, []],
            [48, []],
            [28, []],
            [49, []],
            [42, []],
            [27, []],
            [45, []],
            [1, []],
            [16, []],
            [11, []],
            [23, []],
            [36, []],
            [14, []],
            [20, []]
        ],
        [
            [0, [6, 17, 10, 7, 29, 5, 2, 25, 19, 30, 12, 22, 15, 8, 18]],
            [6, [32, 31]],
            [37, [38, 35]],
            [17, []],
            [10, []],
            [7, []],
            [29, []],
            [5, []],
            [2, []],
            [25, []],
            [50, []],
            [47, []],
            [41, []],
            [19, []],
            [38, [38, 38, 38]],
            [32, [32, 32, 32]],
            [30, []],
            [12, []],
            [31, [31, 31, 31]],
            [22, []],
            [15, []],
            [35, [35, 35, 35]],
            [8, [46, 44, 45]],
            [18, [48, 49]],
            [43, []],
            [40, []]
        ]
    ],
    [
        [
            [6, [32, 31]]
        ],
        [
            [37, [38, 35]]
        ],
        [
            [24, [39, 42, 37, 36]]
        ],
        [
            [34, [41, 40]]
        ],
        [
            [4, [50, 47, 43]]
        ],
        [
            [8, [46, 44, 45]],
            [18, [48, 49]]
        ]
    ]
]",733.81,"[
    [
        [
            [0, [21, 24, 26, 3, 13, 9, 34, 33, 4, 28, 27, 1, 16, 11, 23, 14, 20]],
            [21, []],
            [24, [39, 42, 37, 36]],
            [26, []],
            [3, []],
            [13, []],
            [9, []],
            [34, [41, 40]],
            [33, []],
            [46, []],
            [39, []],
            [4, [50, 47, 43]],
            [44, []],
            [48, []],
            [28, []],
            [49, []],
            [42, []],
            [27, []],
            [45, []],
            [1, []],
            [16, []],
            [11, []],
            [23, []],
            [36, []],
            [14, []],
            [20, []]
        ],
        [
            [0, [6, 17, 10, 7, 29, 5, 2, 25, 19, 30, 12, 22, 15, 8, 18]],
            [6, [32, 31]],
            [37, [38, 35]],
            [17, []],
            [10, []],
            [7, []],
            [29, []],
            [5, []],
            [2, []],
            [25, []],
            [50, []],
            [47, []],
            [41, []],
            [19, []],
            [38, [38, 38, 38]],
            [32, [32, 32, 32]],
            [30, []],
            [12, []],
            [31, [31, 31, 31]],
            [22, []],
            [15, []],
            [35, [35, 35, 35]],
            [8, [46, 44, 45]],
            [18, [48, 49]],
            [43, []],
            [40, []]
        ]
    ],
    [
        [
            [6, [32, 31]]
        ],
        [
            [37, [38, 35]]
        ],
        [
            [24, [39, 42, 37, 36]]
        ],
        [
            [34, [41, 40]]
        ],
        [
            [4, [50, 47, 43]]
        ],
        [
            [8, [46, 44, 45]],
            [18, [48, 49]]
        ]
    ]
]",535.3051087937844,1,6,3.0,535.3051087937844,1,6,3.0,results/sol_best_C101_1.5.dat_A4_L120_pid2682.txt,results/sol_best_multi_C101_1.5.dat_A4_L120_pid2682.txt,C101_1.5.dat_A4_L120_r3.log
10,test_data/data_demand_random_50_batch_all1_equal_random/C101_1.5.dat,8.0,60.0,1,690.11,"[
    [
        [
            [0, [8, 13, 9, 3, 4, 10, 1, 16, 11, 7, 20]],
            [8, [24, 26, 23]],
            [24, []],
            [13, []],
            [9, []],
            [26, []],
            [3, []],
            [4, [50, 47, 43, 33, 34]],
            [46, []],
            [39, []],
            [33, []],
            [37, [39, 42, 37, 36, 41, 40, 38, 35]],
            [44, [28, 27]],
            [10, []],
            [28, []],
            [49, []],
            [42, []],
            [27, []],
            [45, []],
            [1, []],
            [16, []],
            [11, []],
            [23, []],
            [36, []],
            [7, []],
            [20, []]
        ],
        [
            [0, [6, 17, 5, 2, 25, 14, 19, 12, 22, 15, 21, 18]],
            [6, []],
            [34, []],
            [17, [32, 31, 29, 30]],
            [48, []],
            [43, []],
            [29, [29]],
            [5, []],
            [2, []],
            [25, []],
            [14, []],
            [50, []],
            [47, []],
            [41, []],
            [19, []],
            [38, []],
            [32, [32]],
            [30, [30]],
            [12, []],
            [31, [31]],
            [22, []],
            [15, []],
            [35, []],
            [21, [46, 44, 45]],
            [18, [48, 49]],
            [40, []]
        ]
    ],
    [
        [
            [17, [32, 31, 29, 30]]
        ],
        [
            [8, [24, 26, 23]]
        ],
        [
            [4, [50, 47, 43, 33, 34]]
        ],
        [
            [37, [39, 42, 37, 36, 41, 40, 38, 35]]
        ],
        [
            [44, [28, 27]]
        ],
        [
            [21, [46, 44, 45]]
        ],
        [
            [18, [48, 49]]
        ]
    ]
]",883.0,"[
    [
        [
            [0, [8, 18, 21, 24, 13, 9, 26, 3, 37, 39, 33, 34, 28, 42, 27, 1, 16, 11, 23, 36, 14, 20]],
            [8, [46, 44, 45]],
            [18, [48, 49]],
            [21, []],
            [24, []],
            [13, []],
            [9, []],
            [26, []],
            [3, []],
            [37, []],
            [46, [46]],
            [39, []],
            [33, []],
            [34, []],
            [44, [44]],
            [48, [48]],
            [28, []],
            [49, [49]],
            [42, []],
            [27, []],
            [45, [45]],
            [1, []],
            [16, []],
            [11, []],
            [23, []],
            [36, []],
            [14, []],
            [20, []]
        ],
        [
            [0, [6, 4, 17, 10, 43, 29, 5, 2, 25, 7, 50, 47, 41, 19, 38, 32, 30, 12, 31, 22, 15, 35, 40]],
            [6, []],
            [4, []],
            [17, []],
            [10, []],
            [43, []],
            [29, []],
            [5, []],
            [2, []],
            [25, []],
            [7, []],
            [50, []],
            [47, []],
            [41, []],
            [19, []],
            [38, []],
            [32, []],
            [30, []],
            [12, []],
            [31, []],
            [22, []],
            [15, []],
            [35, []],
            [40, []]
        ]
    ],
    [
        [
            [8, [46, 44, 45]],
            [18, [48, 49]]
        ]
    ]
]",602.109799870279,0,7,3.857142857142857,351.13274595042157,1,1,5.0,results/sol_best_C101_1.5.dat_A8_L60_pid2764.txt,results/sol_best_multi_C101_1.5.dat_A8_L60_pid2764.txt,C101_1.5.dat_A8_L60_r1.log
10,test_data/data_demand_random_50_batch_all1_equal_random/C101_1.5.dat,8.0,60.0,2,715.68,"[
    [
        [
            [0, [24, 26, 3, 13, 9, 4, 8, 21, 1, 18, 16, 11, 23, 14, 20]],
            [24, []],
            [26, []],
            [3, []],
            [13, []],
            [9, []],
            [4, [50, 47, 43]],
            [46, [28, 27]],
            [39, []],
            [44, []],
            [48, []],
            [28, [28]],
            [49, []],
            [42, []],
            [8, []],
            [21, [39, 42]],
            [27, [27]],
            [1, []],
            [45, []],
            [43, [37, 36]],
            [18, [48, 49, 46, 44, 45]],
            [16, []],
            [11, []],
            [23, []],
            [36, []],
            [14, []],
            [20, []]
        ],
        [
            [0, [33, 34, 6, 17, 10, 7, 29, 5, 2, 25, 19, 32, 30, 12, 31, 22, 15]],
            [33, []],
            [34, [38, 35]],
            [6, []],
            [37, [41, 40]],
            [17, []],
            [10, []],
            [7, []],
            [29, []],
            [5, []],
            [2, []],
            [25, []],
            [50, []],
            [47, []],
            [41, [41, 41, 41]],
            [19, []],
            [38, [38, 38, 38]],
            [32, []],
            [30, []],
            [12, []],
            [31, []],
            [22, []],
            [15, []],
            [35, [35, 35, 35]],
            [40, [40, 40, 40]]
        ]
    ],
    [
        [
            [34, [38, 35]]
        ],
        [
            [37, [41, 40]]
        ],
        [
            [4, [50, 47, 43]]
        ],
        [
            [46, [28, 27]]
        ],
        [
            [21, [39, 42]]
        ],
        [
            [43, [37, 36]]
        ],
        [
            [18, [48, 49, 46, 44, 45]]
        ]
    ]
]",,,460.0486530998011,0,7,2.5714285714285716,,,,,results/sol_best_C101_1.5.dat_A8_L60_pid2766.txt,(not found),C101_1.5.dat_A8_L60_r2.log
10,test_data/data_demand_random_50_batch_all1_equal_random/C101_1.5.dat,8.0,60.0,3,561.11,"[
    [
        [
            [0, [3, 4]],
            [11, []],
            [16, [6, 7]],
            [46, [13, 16, 14, 9, 10, 11]],
            [33, []],
            [24, []],
            [26, []],
            [3, []],
            [13, []],
            [9, []],
            [42, []],
            [49, []],
            [28, []],
            [10, []],
            [34, [34, 33, 28, 27]],
            [44, []],
            [6, [41, 40]],
            [17, []],
            [37, []],
            [4, [50, 47, 43]],
            [39, []],
            [45, [24, 26, 23, 21, 20, 17, 25]],
            [25, []],
            [47, []],
            [50, []],
            [23, []],
            [36, []],
            [14, []],
            [20, []],
            [7, []]
        ],
        [
            [0, [5, 2, 19, 12, 15, 22, 8, 1, 18]],
            [48, [29, 30]],
            [5, []],
            [2, []],
            [29, [29, 29, 29, 29]],
            [41, []],
            [19, []],
            [12, []],
            [32, []],
            [30, [30, 30, 30, 30]],
            [38, []],
            [15, []],
            [22, [22]],
            [31, []],
            [8, [39, 42]],
            [35, [35, 37, 36, 38]],
            [1, [32, 31]],
            [27, []],
            [21, [46, 44, 45]],
            [18, [48, 49]],
            [43, []],
            [40, []]
        ]
    ],
    [
        [
            [48, [29, 30]]
        ],
        [
            [16, [6, 7]]
        ],
        [
            [46, [13, 16, 14, 9, 10, 11]]
        ],
        [
            [34, [34, 33, 28, 27]]
        ],
        [
            [6, [41, 40]]
        ],
        [
            [4, [50, 47, 43]]
        ],
        [
            [45, [24, 26, 23, 21, 20, 17, 25]]
        ],
        [
            [8, [39, 42]]
        ],
        [
            [35, [35, 37, 36, 38]]
        ],
        [
            [1, [32, 31]]
        ],
        [
            [21, [46, 44, 45]]
        ],
        [
            [18, [48, 49]]
        ]
    ]
]",883.0,"[
    [
        [
            [0, [8, 18, 21, 24, 13, 9, 26, 3, 37, 39, 33, 34, 28, 42, 27, 1, 16, 11, 23, 36, 14, 20]],
            [8, [46, 44, 45]],
            [18, [48, 49]],
            [21, []],
            [24, []],
            [13, []],
            [9, []],
            [26, []],
            [3, []],
            [37, []],
            [46, [46]],
            [39, []],
            [33, []],
            [34, []],
            [44, [44]],
            [48, [48]],
            [28, []],
            [49, [49]],
            [42, []],
            [27, []],
            [45, [45]],
            [1, []],
            [16, []],
            [11, []],
            [23, []],
            [36, []],
            [14, []],
            [20, []]
        ],
        [
            [0, [6, 4, 17, 10, 7, 29, 5, 2, 25, 50, 47, 41, 19, 38, 32, 30, 12, 31, 22, 15, 35, 43, 40]],
            [6, []],
            [4, []],
            [17, []],
            [10, []],
            [7, []],
            [29, []],
            [5, []],
            [2, []],
            [25, []],
            [50, []],
            [47, []],
            [41, []],
            [19, []],
            [38, []],
            [32, []],
            [30, []],
            [12, []],
            [31, []],
            [22, []],
            [15, []],
            [35, []],
            [43, []],
            [40, []]
        ]
    ],
    [
        [
            [8, [46, 44, 45]],
            [18, [48, 49]]
        ]
    ]
]",585.9819356025961,0,12,3.25,351.13274595042157,1,1,5.0,results/sol_best_C101_1.5.dat_A8_L60_pid2767.txt,results/sol_best_multi_C101_1.5.dat_A8_L60_pid2767.txt,C101_1.5.dat_A8_L60_r3.log
11,test_data/data_demand_random_50_batch_all1_equal_random/C101_1.5.dat,8.0,90.0,1,660.11,"[
    [
        [
            [0, [24, 26, 3, 13, 9, 6, 4, 1, 16, 11, 2, 23, 7, 20]],
            [35, [28, 27]],
            [24, []],
            [26, []],
            [3, []],
            [13, []],
            [9, []],
            [6, []],
            [4, [50, 47, 36, 33, 34]],
            [46, []],
            [39, []],
            [33, []],
            [48, []],
            [28, []],
            [49, []],
            [42, []],
            [27, []],
            [45, []],
            [1, []],
            [16, []],
            [11, []],
            [2, []],
            [23, []],
            [36, []],
            [7, []],
            [20, []]
        ],
        [
            [0, [17, 10, 5, 14, 25, 19, 12, 22, 15, 21, 8, 18]],
            [34, [29, 30]],
            [17, []],
            [10, []],
            [44, []],
            [37, [37, 38, 35, 32, 31]],
            [43, [43, 41, 40]],
            [29, [29]],
            [5, []],
            [14, []],
            [50, []],
            [47, []],
            [25, []],
            [41, []],
            [19, []],
            [38, []],
            [30, [30]],
            [32, []],
            [12, []],
            [31, []],
            [22, []],
            [15, []],
            [21, [39, 42]],
            [8, [46, 44, 45]],
            [18, [48, 49]],
            [40, []]
        ]
    ],
    [
        [
            [34, [29, 30]]
        ],
        [
            [35, [28, 27]]
        ],
        [
            [4, [50, 47, 36, 33, 34]]
        ],
        [
            [37, [37, 38, 35, 32, 31]]
        ],
        [
            [43, [43, 41, 40]]
        ],
        [
            [21, [39, 42]]
        ],
        [
            [8, [46, 44, 45]]
        ],
        [
            [18, [48, 49]]
        ]
    ]
]",883.0,"[
    [
        [
            [0, [8, 18, 21, 24, 13, 9, 26, 3, 37, 39, 33, 34, 28, 42, 27, 1, 16, 11, 23, 36, 14, 20]],
            [8, [46, 44, 45]],
            [18, [48, 49]],
            [21, []],
            [24, []],
            [13, []],
            [9, []],
            [26, []],
            [3, []],
            [37, []],
            [46, [46]],
            [39, []],
            [33, []],
            [34, []],
            [44, [44]],
            [48, [48]],
            [28, []],
            [49, [49]],
            [42, []],
            [27, []],
            [45, [45]],
            [1, []],
            [16, []],
            [11, []],
            [23, []],
            [36, []],
            [14, []],
            [20, []]
        ],
        [
            [0, [6, 4, 17, 10, 43, 29, 5, 2, 25, 7, 50, 47, 41, 19, 38, 32, 30, 12, 31, 22, 15, 35, 40]],
            [6, []],
            [4, []],
            [17, []],
            [10, []],
            [43, []],
            [29, []],
            [5, []],
            [2, []],
            [25, []],
            [7, []],
            [50, []],
            [47, []],
            [41, []],
            [19, []],
            [38, []],
            [32, []],
            [30, []],
            [12, []],
            [31, []],
            [22, []],
            [15, []],
            [35, []],
            [40, []]
        ]
    ],
    [
        [
            [8, [46, 44, 45]],
            [18, [48, 49]]
        ]
    ]
]",583.3529192345343,0,8,3.0,351.13274595042157,1,1,5.0,results/sol_best_C101_1.5.dat_A8_L90_pid2736.txt,results/sol_best_multi_C101_1.5.dat_A8_L90_pid2736.txt,C101_1.5.dat_A8_L90_r1.log
11,test_data/data_demand_random_50_batch_all1_equal_random/C101_1.5.dat,8.0,90.0,2,679.93,"[
    [
        [
            [0, [8, 3, 13, 9, 4, 1, 16, 11, 14, 20]],
            [8, [24, 26, 23]],
            [24, [28, 27]],
            [26, []],
            [3, []],
            [13, []],
            [9, []],
            [48, [29, 30, 25, 22]],
            [33, []],
            [46, []],
            [39, []],
            [4, [50, 47, 43, 39, 42, 36, 33]],
            [37, [41, 40, 37, 38, 35]],
            [44, []],
            [34, [34, 32, 31]],
            [28, []],
            [49, []],
            [42, []],
            [1, []],
            [16, []],
            [11, []],
            [23, []],
            [36, []],
            [14, []],
            [20, []]
        ],
        [
            [0, [6, 10, 7, 5, 2, 12, 15]],
            [6, []],
            [17, [17, 18, 21, 19]],
            [10, []],
            [27, []],
            [45, []],
            [7, []],
            [29, []],
            [5, []],
            [2, []],
            [50, []],
            [47, []],
            [25, []],
            [43, []],
            [18, [48, 49, 46, 44, 45]],
            [21, [21]],
            [41, []],
            [19, [19]],
            [38, []],
            [32, []],
            [30, []],
            [12, []],
            [31, []],
            [22, []],
            [15, []],
            [35, []],
            [40, []]
        ]
    ],
    [
        [
            [17, [17, 18, 21, 19]]
        ],
        [
            [8, [24, 26, 23]]
        ],
        [
            [24, [28, 27]]
        ],
        [
            [48, [29, 30, 25, 22]]
        ],
        [
            [4, [50, 47, 43, 39, 42, 36, 33]]
        ],
        [
            [37, [41, 40, 37, 38, 35]]
        ],
        [
            [34, [34, 32, 31]]
        ],
        [
            [18, [48, 49, 46, 44, 45]]
        ]
    ]
]",,,532.8886855328491,0,8,4.125,,,,,results/sol_best_C101_1.5.dat_A8_L90_pid2738.txt,(not found),C101_1.5.dat_A8_L90_r2.log
11,test_data/data_demand_random_50_batch_all1_equal_random/C101_1.5.dat,8.0,90.0,3,541.93,"[
    [
        [
            [0, [3, 1]],
            [40, [11, 9]],
            [11, []],
            [43, []],
            [24, [13, 16, 14]],
            [26, []],
            [3, []],
            [13, []],
            [9, []],
            [44, []],
            [33, []],
            [48, []],
            [28, []],
            [49, []],
            [42, []],
            [35, []],
            [21, [28, 27, 29, 20]],
            [27, []],
            [1, []],
            [16, []],
            [25, []],
            [47, []],
            [14, []],
            [20, []]
        ],
        [
            [0, [2, 7, 5, 12, 8, 10, 6, 4]],
            [2, []],
            [23, []],
            [50, []],
            [36, []],
            [7, [21, 15]],
            [5, []],
            [29, []],
            [41, []],
            [19, []],
            [12, []],
            [32, []],
            [30, []],
            [38, []],
            [15, []],
            [22, []],
            [31, []],
            [8, [46, 44, 45]],
            [18, [48, 49]],
            [45, [24, 26, 25]],
            [10, []],
            [6, [37, 38, 35, 32, 31, 30]],
            [34, []],
            [4, [50, 47, 43, 39, 42, 36, 33, 34]],
            [39, []],
            [46, []],
            [17, [23, 22, 17, 19, 18]],
            [37, [41, 40]]
        ]
    ],
    [
        [
            [40, [11, 9]]
        ],
        [
            [24, [13, 16, 14]]
        ],
        [
            [7, [21, 15]]
        ],
        [
            [8, [46, 44, 45]]
        ],
        [
            [18, [48, 49]]
        ],
        [
            [45, [24, 26, 25]]
        ],
        [
            [21, [28, 27, 29, 20]]
        ],
        [
            [6, [37, 38, 35, 32, 31, 30]]
        ],
        [
            [4, [50, 47, 43, 39, 42, 36, 33, 34]]
        ],
        [
            [17, [23, 22, 17, 19, 18]]
        ],
        [
            [37, [41, 40]]
        ]
    ]
]",,,489.76754585262483,0,11,3.6363636363636362,,,,,results/sol_best_C101_1.5.dat_A8_L90_pid2739.txt,(not found),C101_1.5.dat_A8_L90_r3.log
12,test_data/data_demand_random_50_batch_all1_equal_random/C101_1.5.dat,8.0,120.0,1,740.62,"[
    [
        [
            [0, [8, 24, 26, 3, 13, 9, 4, 33, 34, 28, 27, 1, 16, 11, 23, 14, 20]],
            [8, []],
            [35, [35, 37, 36]],
            [24, [39, 42]],
            [26, []],
            [3, []],
            [13, []],
            [9, []],
            [4, [50, 47, 43]],
            [46, []],
            [39, []],
            [33, []],
            [34, []],
            [44, []],
            [48, []],
            [28, []],
            [49, []],
            [42, []],
            [27, []],
            [45, []],
            [1, []],
            [16, []],
            [11, []],
            [23, []],
            [36, []],
            [14, []],
            [20, []]
        ],
        [
            [0, [6, 17, 10, 29, 5, 2, 25, 7, 19, 38, 32, 30, 12, 31, 22, 15, 21, 18]],
            [6, []],
            [37, [41, 40]],
            [17, []],
            [10, []],
            [43, []],
            [29, []],
            [5, []],
            [2, []],
            [25, []],
            [7, []],
            [50, []],
            [47, []],
            [41, [41]],
            [19, []],
            [38, []],
            [32, []],
            [30, []],
            [12, []],
            [31, []],
            [22, []],
            [15, []],
            [21, [46, 44, 45]],
            [18, [48, 49]],
            [40, [40]]
        ]
    ],
    [
        [
            [35, [35, 37, 36]]
        ],
        [
            [24, [39, 42]]
        ],
        [
            [37, [41, 40]]
        ],
        [
            [4, [50, 47, 43]]
        ],
        [
            [21, [46, 44, 45]]
        ],
        [
            [18, [48, 49]]
        ]
    ]
]",883.0,"[
    [
        [
            [0, [8, 18, 21, 24, 13, 9, 26, 3, 37, 39, 33, 34, 28, 42, 27, 1, 16, 11, 23, 36, 14, 20]],
            [8, [46, 44, 45]],
            [18, [48, 49]],
            [21, []],
            [24, []],
            [13, []],
            [9, []],
            [26, []],
            [3, []],
            [37, []],
            [46, [46]],
            [39, []],
            [33, []],
            [34, []],
            [44, [44]],
            [48, [48]],
            [28, []],
            [49, [49]],
            [42, []],
            [27, []],
            [45, [45]],
            [1, []],
            [16, []],
            [11, []],
            [23, []],
            [36, []],
            [14, []],
            [20, []]
        ],
        [
            [0, [6, 4, 17, 10, 43, 29, 5, 2, 25, 7, 50, 47, 41, 19, 38, 32, 30, 12, 31, 22, 15, 35, 40]],
            [6, []],
            [4, []],
            [17, []],
            [10, []],
            [43, []],
            [29, []],
            [5, []],
            [2, []],
            [25, []],
            [7, []],
            [50, []],
            [47, []],
            [41, []],
            [19, []],
            [38, []],
            [32, []],
            [30, []],
            [12, []],
            [31, []],
            [22, []],
            [15, []],
            [35, []],
            [40, []]
        ]
    ],
    [
        [
            [8, [46, 44, 45]],
            [18, [48, 49]]
        ]
    ]
]",576.077278736196,0,6,2.5,351.13274595042157,1,1,5.0,results/sol_best_C101_1.5.dat_A8_L120_pid2766.txt,results/sol_best_multi_C101_1.5.dat_A8_L120_pid2766.txt,C101_1.5.dat_A8_L120_r1.log
12,test_data/data_demand_random_50_batch_all1_equal_random/C101_1.5.dat,8.0,120.0,2,670.11,"[
    [
        [
            [0, [3, 13, 9, 6, 4, 10, 1, 16, 11, 14]],
            [26, []],
            [3, []],
            [13, [28, 27, 26, 24, 23, 21, 20]],
            [9, []],
            [28, []],
            [6, []],
            [46, []],
            [39, []],
            [33, []],
            [34, []],
            [4, [50, 47, 43]],
            [44, []],
            [10, [41, 40]],
            [24, [39, 42, 36, 35, 33, 34]],
            [49, []],
            [42, []],
            [35, []],
            [45, []],
            [1, []],
            [27, []],
            [21, []],
            [16, []],
            [11, []],
            [23, []],
            [36, []],
            [14, []],
            [20, []]
        ],
        [
            [0, [17, 7, 5, 2, 29, 25, 19, 32, 30, 12, 31, 22, 15, 8, 18]],
            [37, [37, 38]],
            [17, []],
            [48, []],
            [7, []],
            [5, []],
            [2, []],
            [29, []],
            [25, []],
            [50, []],
            [47, []],
            [41, []],
            [19, []],
            [38, [38, 38, 38]],
            [32, []],
            [30, []],
            [12, []],
            [31, []],
            [22, []],
            [15, []],
            [8, [46, 44, 45]],
            [18, [48, 49]],
            [43, []],
            [40, []]
        ]
    ],
    [
        [
            [37, [37, 38]]
        ],
        [
            [13, [28, 27, 26, 24, 23, 21, 20]]
        ],
        [
            [4, [50, 47, 43]]
        ],
        [
            [10, [41, 40]]
        ],
        [
            [24, [39, 42, 36, 35, 33, 34]]
        ],
        [
            [8, [46, 44, 45]]
        ],
        [
            [18, [48, 49]]
        ]
    ]
]",883.0,"[
    [
        [
            [0, [8, 18, 21, 24, 13, 9, 26, 3, 37, 39, 33, 34, 28, 42, 27, 1, 16, 11, 23, 36, 14, 20]],
            [8, [46, 44, 45]],
            [18, [48, 49]],
            [21, []],
            [24, []],
            [13, []],
            [9, []],
            [26, []],
            [3, []],
            [37, []],
            [46, [46]],
            [39, []],
            [33, []],
            [34, []],
            [44, [44]],
            [48, [48]],
            [28, []],
            [49, [49]],
            [42, []],
            [27, []],
            [45, [45]],
            [1, []],
            [16, []],
            [11, []],
            [23, []],
            [36, []],
            [14, []],
            [20, []]
        ],
        [
            [0, [6, 4, 17, 10, 7, 29, 5, 2, 25, 50, 47, 41, 19, 38, 32, 30, 12, 31, 22, 15, 35, 43, 40]],
            [6, []],
            [4, []],
            [17, []],
            [10, []],
            [7, []],
            [29, []],
            [5, []],
            [2, []],
            [25, []],
            [50, []],
            [47, []],
            [41, []],
            [19, []],
            [38, []],
            [32, []],
            [30, []],
            [12, []],
            [31, []],
            [22, []],
            [15, []],
            [35, []],
            [43, []],
            [40, []]
        ]
    ],
    [
        [
            [8, [46, 44, 45]],
            [18, [48, 49]]
        ]
    ]
]",618.6761604691686,0,7,3.5714285714285716,351.13274595042157,1,1,5.0,results/sol_best_C101_1.5.dat_A8_L120_pid2768.txt,results/sol_best_multi_C101_1.5.dat_A8_L120_pid2768.txt,C101_1.5.dat_A8_L120_r2.log
12,test_data/data_demand_random_50_batch_all1_equal_random/C101_1.5.dat,8.0,120.0,3,595.75,"[
    [
        [
            [0, [3, 4]],
            [46, []],
            [39, []],
            [45, [7, 6, 9, 11]],
            [36, [20, 13, 14, 17, 16]],
            [47, []],
            [25, [25]],
            [16, []],
            [9, []],
            [13, []],
            [3, []],
            [26, []],
            [42, []],
            [28, []],
            [49, []],
            [24, []],
            [6, []],
            [17, []],
            [37, [41, 40, 38, 34]],
            [4, [50, 47, 43]],
            [44, []],
            [48, []],
            [11, []],
            [23, []],
            [50, []],
            [14, []],
            [20, []],
            [7, []]
        ],
        [
            [0, [33, 10, 5, 2, 19, 12, 32, 30, 15, 22, 31, 8, 1, 21, 18]],
            [33, []],
            [34, []],
            [10, []],
            [5, []],
            [2, []],
            [29, [29, 28, 27, 26, 24, 23]],
            [41, []],
            [19, []],
            [12, []],
            [32, []],
            [30, []],
            [38, []],
            [15, []],
            [22, []],
            [31, []],
            [8, [39, 42]],
            [35, [35, 37, 36]],
            [27, []],
            [1, []],
            [21, [46, 44, 45]],
            [18, [48, 49]],
            [43, []],
            [40, []]
        ]
    ],
    [
        [
            [45, [7, 6]]
        ],
        [
            [45, [9, 11]]
        ],
        [
            [36, [20, 13, 14, 17, 16]]
        ],
        [
            [25, [25]]
        ],
        [
            [37, [41, 40, 38, 34]]
        ],
        [
            [29, [29, 28, 27, 26, 24, 23]]
        ],
        [
            [4, [50, 47, 43]]
        ],
        [
            [8, [39, 42]]
        ],
        [
            [35, [35, 37, 36]]
        ],
        [
            [21, [46, 44, 45]]
        ],
        [
            [18, [48, 49]]
        ]
    ]
]",883.0,"[
    [
        [
            [0, [8, 18, 21, 24, 13, 9, 26, 3, 37, 39, 33, 34, 28, 42, 27, 1, 16, 11, 23, 36, 14, 20]],
            [8, [46, 44, 45]],
            [18, [48, 49]],
            [21, []],
            [24, []],
            [13, []],
            [9, []],
            [26, []],
            [3, []],
            [37, []],
            [46, [46]],
            [39, []],
            [33, []],
            [34, []],
            [44, [44]],
            [48, [48]],
            [28, []],
            [49, [49]],
            [42, []],
            [27, []],
            [45, [45]],
            [1, []],
            [16, []],
            [11, []],
            [23, []],
            [36, []],
            [14, []],
            [20, []]
        ],
        [
            [0, [6, 4, 17, 10, 7, 29, 5, 2, 25, 50, 47, 41, 19, 38, 32, 30, 12, 31, 22, 15, 35, 43, 40]],
            [6, []],
            [4, []],
            [17, []],
            [10, []],
            [7, []],
            [29, []],
            [5, []],
            [2, []],
            [25, []],
            [50, []],
            [47, []],
            [41, []],
            [19, []],
            [38, []],
            [32, []],
            [30, []],
            [12, []],
            [31, []],
            [22, []],
            [15, []],
            [35, []],
            [43, []],
            [40, []]
        ]
    ],
    [
        [
            [8, [46, 44, 45]],
            [18, [48, 49]]
        ]
    ]
]",584.0894470859806,0,11,3.0,351.13274595042157,1,1,5.0,results/sol_best_C101_1.5.dat_A8_L120_pid2769.txt,results/sol_best_multi_C101_1.5.dat_A8_L120_pid2769.txt,C101_1.5.dat_A8_L120_r3.log
13,test_data/data_demand_random_50_batch_all1_equal_random/C101_1.dat,4.0,60.0,1,485.0,"[
    [
        [
            [0, [32, 7, 38, 21, 40, 39, 8, 20, 41, 4, 14, 11, 34, 37, 36, 29, 26, 31, 33, 42, 17]],
            [32, []],
            [7, []],
            [38, []],
            [21, []],
            [40, []],
            [39, []],
            [8, [50, 45, 49, 47]],
            [20, []],
            [41, []],
            [4, []],
            [14, []],
            [11, []],
            [34, []],
            [37, []],
            [50, []],
            [36, []],
            [45, []],
            [29, []],
            [26, []],
            [31, []],
            [33, []],
            [42, []],
            [17, []],
            [47, []]
        ],
        [
            [0, [1, 2, 5, 6, 3]],
            [1, []],
            [12, [12, 13, 9, 10]],
            [44, []],
            [2, []],
            [28, []],
            [5, []],
            [22, []],
            [18, []],
            [24, []],
            [48, []],
            [23, []],
            [13, []],
            [15, [48, 43, 44, 46]],
            [19, []],
            [6, []],
            [25, []],
            [30, []],
            [43, []],
            [9, [18, 16, 15, 19]],
            [3, [24, 23, 22, 27, 28, 30, 35, 25]],
            [16, []],
            [27, []],
            [35, []],
            [49, []],
            [46, []],
            [10, []]
        ]
    ],
    [
        [
            [8, [50, 45, 49, 47]]
        ],
        [
            [12, [12, 13, 9, 10]]
        ],
        [
            [15, [48, 43, 44, 46]]
        ],
        [
            [9, [18, 16, 15, 19]]
        ],
        [
            [3, [24, 23, 22, 27]]
        ],
        [
            [3, [28, 30, 35, 25]]
        ]
    ]
]",,,455.25787167824575,0,6,4.0,,,,,results/sol_best_C101_1.dat_A4_L60_pid2743.txt,(not found),C101_1.dat_A4_L60_r1.log
13,test_data/data_demand_random_50_batch_all1_equal_random/C101_1.dat,4.0,60.0,2,489.0,"[
    [
        [
            [0, [32, 21, 40, 39, 8, 20, 41, 4, 38, 7, 10, 14, 11, 34, 37, 36, 29, 26, 31, 33]],
            [32, []],
            [21, []],
            [40, []],
            [39, []],
            [8, [50, 45, 46, 49]],
            [20, []],
            [41, []],
            [4, []],
            [38, []],
            [7, []],
            [10, []],
            [14, []],
            [11, []],
            [34, []],
            [37, []],
            [50, []],
            [36, []],
            [45, []],
            [29, []],
            [26, []],
            [31, []],
            [33, []],
            [46, []]
        ],
        [
            [0, [12, 6, 19, 1, 2, 5, 22, 18, 24, 23, 13, 25, 9, 15, 3, 16, 27, 17]],
            [12, []],
            [6, []],
            [19, []],
            [1, []],
            [44, []],
            [2, []],
            [28, []],
            [5, []],
            [22, []],
            [18, []],
            [24, []],
            [48, []],
            [23, []],
            [13, []],
            [30, []],
            [43, []],
            [25, [28, 30, 35]],
            [9, []],
            [15, [48, 43, 44, 47, 42]],
            [3, []],
            [16, []],
            [27, []],
            [35, []],
            [49, []],
            [42, []],
            [17, []],
            [47, []]
        ]
    ],
    [
        [
            [8, [50, 45, 46, 49]]
        ],
        [
            [25, [28, 30, 35]]
        ],
        [
            [15, [48, 43, 44, 47, 42]]
        ]
    ]
]",,,426.1381613730177,0,3,4.0,,,,,results/sol_best_C101_1.dat_A4_L60_pid2745.txt,(not found),C101_1.dat_A4_L60_r2.log
13,test_data/data_demand_random_50_batch_all1_equal_random/C101_1.dat,4.0,60.0,3,479.62,"[
    [
        [
            [0, [32, 21, 40, 39, 20, 41, 38, 7, 10, 14, 11, 34, 37, 36, 29, 26, 31, 33, 42, 17]],
            [32, []],
            [21, []],
            [40, []],
            [39, []],
            [20, []],
            [41, []],
            [38, []],
            [7, []],
            [10, []],
            [14, []],
            [11, []],
            [34, []],
            [37, []],
            [50, []],
            [36, []],
            [45, []],
            [29, []],
            [26, []],
            [31, []],
            [33, []],
            [49, []],
            [42, []],
            [17, []],
            [47, []]
        ],
        [
            [0, [2, 5, 6, 1, 3, 4]],
            [16, []],
            [27, [9, 13, 8, 12]],
            [2, []],
            [28, []],
            [5, []],
            [22, []],
            [18, []],
            [24, []],
            [48, []],
            [23, []],
            [44, []],
            [9, [15, 19, 28, 30, 35, 25]],
            [25, []],
            [30, []],
            [43, []],
            [6, []],
            [12, []],
            [19, []],
            [1, []],
            [13, [24, 23, 22, 27]],
            [15, [48, 43, 44, 46]],
            [3, [18, 16]],
            [35, []],
            [46, []],
            [4, []],
            [8, [50, 45, 49, 47]]
        ]
    ],
    [
        [
            [27, [9, 13, 8, 12]]
        ],
        [
            [9, [15, 19]]
        ],
        [
            [9, [28, 30, 35, 25]]
        ],
        [
            [13, [24, 23, 22, 27]]
        ],
        [
            [15, [48, 43, 44, 46]]
        ],
        [
            [3, [18, 16]]
        ],
        [
            [8, [50, 45, 49, 47]]
        ]
    ]
]",,,261.96966646111497,0,7,3.4285714285714284,,,,,results/sol_best_C101_1.dat_A4_L60_pid2746.txt,(not found),C101_1.dat_A4_L60_r3.log
14,test_data/data_demand_random_50_batch_all1_equal_random/C101_1.dat,4.0,90.0,1,481.0,"[
    [
        [
            [0, [32, 21, 40, 39, 8, 20, 41, 38, 7, 10, 14, 11, 34, 37, 36, 29, 26, 31, 33, 42]],
            [32, []],
            [21, []],
            [40, []],
            [39, []],
            [8, [50, 45, 49, 47]],
            [20, []],
            [41, []],
            [38, []],
            [7, []],
            [10, []],
            [14, []],
            [11, []],
            [34, []],
            [37, []],
            [50, []],
            [36, []],
            [45, []],
            [29, []],
            [26, []],
            [31, []],
            [33, []],
            [42, []],
            [17, []]
        ],
        [
            [0, [3, 4, 2, 5, 1, 6]],
            [35, []],
            [46, []],
            [49, [9, 13, 12]],
            [3, []],
            [47, []],
            [4, [15, 18, 16, 17, 19, 24, 23, 22, 27]],
            [16, []],
            [27, []],
            [2, []],
            [28, []],
            [5, [48, 43, 44, 46]],
            [22, []],
            [18, []],
            [24, []],
            [48, []],
            [23, []],
            [13, []],
            [9, [28, 30, 35, 25]],
            [44, []],
            [1, []],
            [30, []],
            [43, []],
            [25, []],
            [6, []],
            [12, []],
            [19, []],
            [15, []]
        ]
    ],
    [
        [
            [49, [9, 13, 12]]
        ],
        [
            [4, [15, 18, 16, 17, 19]]
        ],
        [
            [4, [24, 23, 22, 27]]
        ],
        [
            [8, [50, 45, 49, 47]]
        ],
        [
            [5, [48, 43, 44, 46]]
        ],
        [
            [9, [28, 30, 35, 25]]
        ]
    ]
]",,,405.57374013978887,0,6,4.0,,,,,results/sol_best_C101_1.dat_A4_L90_pid2664.txt,(not found),C101_1.dat_A4_L90_r1.log
14,test_data/data_demand_random_50_batch_all1_equal_random/C101_1.dat,4.0,90.0,2,485.0,"[
    [
        [
            [0, [32, 7, 21, 40, 39, 8, 20, 41, 4, 14, 11, 34, 37, 36, 29, 26, 31, 42, 17]],
            [32, []],
            [7, []],
            [38, []],
            [21, []],
            [40, []],
            [39, []],
            [8, [50, 45, 46, 49]],
            [20, []],
            [41, []],
            [4, []],
            [14, []],
            [11, []],
            [34, []],
            [37, []],
            [50, []],
            [36, []],
            [45, []],
            [29, []],
            [26, []],
            [31, []],
            [46, []],
            [49, []],
            [42, []],
            [17, []]
        ],
        [
            [0, [6, 12, 1, 9, 13, 5, 2, 3, 10]],
            [6, []],
            [12, []],
            [1, [15, 19, 18, 16]],
            [25, []],
            [30, []],
            [43, []],
            [15, []],
            [19, [22, 24, 23, 27, 25]],
            [9, [28, 30, 35, 33]],
            [44, []],
            [13, []],
            [23, []],
            [22, []],
            [18, []],
            [24, []],
            [48, []],
            [5, [48, 43, 44, 47, 38]],
            [28, []],
            [2, []],
            [27, []],
            [33, []],
            [16, []],
            [35, []],
            [3, []],
            [10, []],
            [47, []]
        ]
    ],
    [
        [
            [1, [15, 19, 18, 16]]
        ],
        [
            [19, [22, 24, 23, 27, 25]]
        ],
        [
            [9, [28, 30, 35, 33]]
        ],
        [
            [8, [50, 45, 46, 49]]
        ],
        [
            [5, [48, 43, 44, 47, 38]]
        ]
    ]
]",,,205.1405355768692,0,5,4.4,,,,,results/sol_best_C101_1.dat_A4_L90_pid2666.txt,(not found),C101_1.dat_A4_L90_r2.log
14,test_data/data_demand_random_50_batch_all1_equal_random/C101_1.dat,4.0,90.0,3,481.0,"[
    [
        [
            [0, [32, 21, 40, 39, 20, 41, 38, 7, 10, 14, 11, 34, 37, 36, 29, 26, 31, 42, 17]],
            [32, []],
            [21, []],
            [40, []],
            [39, []],
            [20, [50, 45, 46, 49]],
            [41, []],
            [38, []],
            [7, []],
            [10, []],
            [14, []],
            [11, []],
            [34, []],
            [37, []],
            [50, []],
            [36, []],
            [45, []],
            [29, []],
            [26, []],
            [31, []],
            [49, []],
            [42, []],
            [17, []],
            [47, []]
        ],
        [
            [0, [3, 4, 2, 5, 1, 6]],
            [3, [8, 13, 9, 12]],
            [8, [16, 18, 15, 19]],
            [4, [24, 23, 22, 27]],
            [46, []],
            [33, [33, 25]],
            [16, []],
            [35, []],
            [27, []],
            [2, []],
            [28, []],
            [5, [48, 43, 44, 47]],
            [22, []],
            [18, []],
            [24, []],
            [48, []],
            [23, []],
            [13, []],
            [15, []],
            [19, []],
            [9, [28, 30, 35]],
            [44, []],
            [1, []],
            [30, []],
            [43, []],
            [25, []],
            [6, []],
            [12, []]
        ]
    ],
    [
        [
            [3, [8, 13, 9, 12]]
        ],
        [
            [8, [16, 18, 15, 19]]
        ],
        [
            [4, [24, 23, 22, 27]]
        ],
        [
            [20, [50, 45, 46, 49]]
        ],
        [
            [33, [33, 25]]
        ],
        [
            [5, [48, 43, 44, 47]]
        ],
        [
            [9, [28, 30, 35]]
        ]
    ]
]",,,400.8548727042786,0,7,3.5714285714285716,,,,,results/sol_best_C101_1.dat_A4_L90_pid2667.txt,(not found),C101_1.dat_A4_L90_r3.log
15,test_data/data_demand_random_50_batch_all1_equal_random/C101_1.dat,4.0,120.0,1,485.05,"[
    [
        [
            [0, [32, 21, 40, 39, 8, 20, 41, 38, 7, 14, 11, 34, 37, 36, 29, 26, 31, 33, 42]],
            [32, []],
            [21, []],
            [40, []],
            [39, []],
            [8, [50, 45, 46, 49]],
            [20, []],
            [41, []],
            [38, []],
            [7, []],
            [10, []],
            [14, []],
            [11, []],
            [34, []],
            [37, []],
            [50, []],
            [36, []],
            [45, []],
            [29, []],
            [26, []],
            [31, []],
            [33, []],
            [42, []],
            [47, []]
        ],
        [
            [0, [3, 4, 2, 5, 1, 6]],
            [3, [10, 12, 9, 13]],
            [17, []],
            [35, []],
            [46, [15, 19]],
            [4, [24, 23, 22, 27, 25]],
            [49, [18, 16, 17]],
            [16, []],
            [27, []],
            [2, []],
            [28, []],
            [5, [48, 43, 44, 47]],
            [22, []],
            [18, []],
            [24, []],
            [48, []],
            [23, []],
            [44, []],
            [1, []],
            [19, []],
            [6, []],
            [12, []],
            [25, []],
            [30, []],
            [43, []],
            [9, [28, 30, 35]],
            [13, []],
            [15, []]
        ]
    ],
    [
        [
            [8, [50, 45, 46, 49]]
        ],
        [
            [3, [10, 12, 9, 13]]
        ],
        [
            [46, [15, 19]]
        ],
        [
            [4, [24, 23, 22, 27, 25]]
        ],
        [
            [49, [18, 16, 17]]
        ],
        [
            [5, [48, 43, 44, 47]]
        ],
        [
            [9, [28, 30, 35]]
        ]
    ]
]",,,397.5198474766786,0,7,3.5714285714285716,,,,,results/sol_best_C101_1.dat_A4_L120_pid2721.txt,(not found),C101_1.dat_A4_L120_r1.log
15,test_data/data_demand_random_50_batch_all1_equal_random/C101_1.dat,4.0,120.0,2,512.05,"[
    [
        [
            [0, [32, 21, 40, 39, 8, 20, 41, 38, 7, 10, 14, 11, 34, 37, 36, 29, 26, 31, 33, 42, 17]],
            [47, []],
            [32, []],
            [21, []],
            [40, []],
            [39, []],
            [8, [50, 45, 49, 47]],
            [20, []],
            [41, []],
            [38, []],
            [7, []],
            [10, []],
            [14, []],
            [11, []],
            [34, []],
            [37, []],
            [50, []],
            [36, []],
            [45, []],
            [29, []],
            [26, []],
            [31, []],
            [33, []],
            [42, []],
            [17, []]
        ],
        [
            [0, [4, 16, 2, 5, 18, 13, 9, 1, 12, 6, 19, 15, 3]],
            [4, [24, 23, 22, 27, 25]],
            [16, [28, 30, 35]],
            [27, []],
            [2, []],
            [28, []],
            [5, [48, 43, 44, 46]],
            [22, []],
            [18, []],
            [24, []],
            [48, []],
            [23, []],
            [13, []],
            [9, []],
            [44, []],
            [1, []],
            [30, []],
            [43, []],
            [25, []],
            [12, []],
            [6, []],
            [19, []],
            [15, []],
            [3, []],
            [35, []],
            [49, []],
            [46, []]
        ]
    ],
    [
        [
            [8, [50, 45, 49, 47]]
        ],
        [
            [4, [24, 23, 22, 27, 25]]
        ],
        [
            [16, [28, 30, 35]]
        ],
        [
            [5, [48, 43, 44, 46]]
        ]
    ]
]",546.8,"[
    [
        [
            [0, [32, 21, 40, 39, 8, 20, 41, 38, 7, 10, 14, 11, 34, 37, 36, 29, 26, 31, 33, 42, 17]],
            [32, []],
            [21, []],
            [40, []],
            [39, []],
            [8, [50, 45, 49, 47]],
            [20, []],
            [41, []],
            [38, []],
            [7, []],
            [10, []],
            [14, []],
            [11, []],
            [34, []],
            [37, []],
            [50, []],
            [36, []],
            [45, []],
            [29, []],
            [26, []],
            [31, []],
            [33, []],
            [42, []],
            [17, []],
            [47, []]
        ],
        [
            [0, [4, 16, 2, 5, 18, 13, 9, 1, 12, 6, 19, 15, 3]],
            [4, [24, 23, 22, 27, 25]],
            [16, [28, 30, 35]],
            [27, []],
            [2, []],
            [28, []],
            [5, [48, 43, 44, 46]],
            [22, []],
            [18, []],
            [24, []],
            [48, []],
            [23, []],
            [13, []],
            [9, []],
            [44, []],
            [1, []],
            [30, []],
            [43, []],
            [25, []],
            [12, []],
            [6, []],
            [19, []],
            [15, []],
            [3, []],
            [35, []],
            [49, []],
            [46, []]
        ]
    ],
    [
        [
            [8, [50, 45, 49, 47]]
        ],
        [
            [4, [24, 23, 22, 27, 25]],
            [16, [28, 30, 35]]
        ],
        [
            [5, [48, 43, 44, 46]]
        ]
    ]
]",355.27886531418085,0,4,4.0,364.1039842515802,1,3,5.333333333333333,results/sol_best_C101_1.dat_A4_L120_pid2723.txt,results/sol_best_multi_C101_1.dat_A4_L120_pid2723.txt,C101_1.dat_A4_L120_r2.log
15,test_data/data_demand_random_50_batch_all1_equal_random/C101_1.dat,4.0,120.0,3,549.0,"[
    [
        [
            [0, [21, 40, 39, 8, 20, 41, 38, 4, 14, 11, 34, 37, 36, 29, 26, 31, 27, 16, 33, 42, 3, 15, 19]],
            [21, []],
            [40, []],
            [39, []],
            [8, [50, 45, 49, 47]],
            [20, []],
            [41, []],
            [38, []],
            [4, []],
            [14, []],
            [11, []],
            [34, []],
            [37, []],
            [50, []],
            [36, []],
            [45, []],
            [29, []],
            [26, []],
            [31, []],
            [27, []],
            [16, []],
            [33, []],
            [49, []],
            [42, []],
            [3, []],
            [15, []],
            [19, []]
        ],
        [
            [0, [17, 13, 18, 5, 2, 9, 1, 6, 12, 10, 7]],
            [47, [22, 24, 23, 25]],
            [17, []],
            [13, []],
            [23, []],
            [48, []],
            [24, []],
            [18, []],
            [22, []],
            [5, [48, 43, 44, 46]],
            [28, []],
            [2, []],
            [9, [28, 30, 35, 32]],
            [44, []],
            [1, []],
            [30, []],
            [43, []],
            [25, []],
            [6, []],
            [12, []],
            [35, []],
            [46, []],
            [10, []],
            [7, []],
            [32, []]
        ]
    ],
    [
        [
            [8, [50, 45, 49, 47]]
        ],
        [
            [47, [22, 24, 23, 25]]
        ],
        [
            [5, [48, 43, 44, 46]]
        ],
        [
            [9, [28, 30, 35, 32]]
        ]
    ]
]",,,362.1756694710865,0,4,4.0,,,,,results/sol_best_C101_1.dat_A4_L120_pid2724.txt,(not found),C101_1.dat_A4_L120_r3.log
16,test_data/data_demand_random_50_batch_all1_equal_random/C101_1.dat,8.0,60.0,1,453.8,"[
    [
        [
            [0, [21, 8, 20, 10, 7, 4, 14, 11, 17]],
            [32, [26]],
            [21, []],
            [40, []],
            [39, []],
            [8, []],
            [20, []],
            [41, []],
            [38, []],
            [10, []],
            [7, [32, 34, 29, 31, 33]],
            [4, [40, 39, 41, 38, 37, 36, 42, 50, 45, 46, 49, 47]],
            [14, []],
            [11, []],
            [34, []],
            [37, []],
            [50, []],
            [36, []],
            [45, []],
            [29, []],
            [26, []],
            [31, []],
            [33, []],
            [49, []],
            [42, []],
            [17, []]
        ],
        [
            [0, [2, 5, 13, 9, 1, 6, 12, 3]],
            [27, [18, 15, 19, 16]],
            [2, []],
            [28, []],
            [5, []],
            [22, []],
            [18, [18]],
            [24, []],
            [48, []],
            [23, []],
            [13, []],
            [15, [15]],
            [19, [19]],
            [9, [24, 23, 22, 25, 27]],
            [44, [28, 30, 35]],
            [1, []],
            [25, []],
            [30, []],
            [43, []],
            [6, []],
            [12, []],
            [3, [48, 43, 44]],
            [16, [16]],
            [35, []],
            [46, []],
            [47, []]
        ]
    ],
    [
        [
            [27, [18, 15, 19, 16]]
        ],
        [
            [32, [26]]
        ],
        [
            [7, [32, 34, 29, 31, 33]]
        ],
        [
            [4, [40, 39, 41, 38, 37, 36, 42]]
        ],
        [
            [4, [50, 45, 46, 49, 47]]
        ],
        [
            [9, [24, 23, 22, 25, 27]]
        ],
        [
            [44, [28, 30, 35]]
        ],
        [
            [3, [48, 43, 44]]
        ]
    ]
]",708.03,"[
    [
        [
            [0, [7, 4, 14, 11, 21, 32, 8, 20, 10, 34, 29, 26, 31, 33, 17, 3, 19, 1, 25, 6, 12]],
            [7, [40, 39, 41, 38, 37, 36, 42]],
            [4, [50, 45, 46, 49, 47]],
            [14, []],
            [11, []],
            [21, []],
            [32, []],
            [40, [40]],
            [39, [39]],
            [8, []],
            [20, []],
            [41, [41]],
            [38, [38]],
            [10, []],
            [34, []],
            [37, [37]],
            [50, [50]],
            [36, [36]],
            [45, [45]],
            [29, []],
            [26, []],
            [31, []],
            [46, [46]],
            [49, [49]],
            [33, []],
            [42, [42]],
            [47, [47]],
            [17, []],
            [3, []],
            [19, []],
            [1, []],
            [25, []],
            [6, []],
            [12, []]
        ],
        [
            [0, [9, 15, 2, 28, 5, 18, 24, 48, 23, 22, 13, 30, 43, 44, 16, 27, 35]],
            [9, []],
            [15, []],
            [2, []],
            [28, []],
            [5, []],
            [18, []],
            [24, []],
            [48, []],
            [23, []],
            [22, []],
            [13, []],
            [30, []],
            [43, []],
            [44, []],
            [16, []],
            [27, []],
            [35, []]
        ]
    ],
    [
        [
            [7, [40, 39, 41, 38, 37, 36, 42]],
            [4, [50, 45, 46, 49, 47]]
        ]
    ]
]",320.25172104814214,0,8,4.125,239.80350850198275,1,1,12.0,results/sol_best_C101_1.dat_A8_L60_pid2758.txt,results/sol_best_multi_C101_1.dat_A8_L60_pid2758.txt,C101_1.dat_A8_L60_r1.log
16,test_data/data_demand_random_50_batch_all1_equal_random/C101_1.dat,8.0,60.0,2,434.0,"[
    [
        [
            [0, [4, 3, 1, 6]],
            [35, []],
            [16, []],
            [27, []],
            [17, [10, 11, 12, 17, 18, 15, 16, 21, 20, 14, 19]],
            [38, []],
            [20, []],
            [41, []],
            [4, []],
            [10, []],
            [14, []],
            [11, []],
            [34, []],
            [37, []],
            [50, []],
            [36, []],
            [45, []],
            [29, []],
            [26, []],
            [31, []],
            [33, []],
            [42, []],
            [3, []],
            [1, []],
            [19, []],
            [6, []],
            [12, []]
        ],
        [
            [0, [2, 5, 7]],
            [46, []],
            [49, []],
            [2, []],
            [28, []],
            [5, []],
            [22, []],
            [18, []],
            [24, []],
            [48, []],
            [23, []],
            [13, [13, 9, 8]],
            [44, []],
            [30, []],
            [43, []],
            [25, []],
            [9, [28, 30, 35, 24, 23, 22, 27]],
            [15, [48, 43, 44]],
            [47, []],
            [7, [40, 39, 41, 38, 37, 36, 42]],
            [8, [50, 45, 46, 49, 47]],
            [39, []],
            [40, []],
            [21, []],
            [32, [32, 34, 29, 31, 33, 26, 25]]
        ]
    ],
    [
        [
            [17, [10, 11, 12]]
        ],
        [
            [17, [17, 18, 15, 16, 21, 20, 14, 19]]
        ],
        [
            [13, [13, 9, 8]]
        ],
        [
            [9, [28, 30, 35, 24, 23, 22, 27]]
        ],
        [
            [15, [48, 43, 44]]
        ],
        [
            [7, [40, 39, 41, 38, 37, 36, 42]]
        ],
        [
            [8, [50, 45, 46, 49, 47]]
        ],
        [
            [32, [32, 34, 29, 31, 33, 26, 25]]
        ]
    ]
]",,,366.62976832654743,0,8,5.375,,,,,results/sol_best_C101_1.dat_A8_L60_pid2760.txt,(not found),C101_1.dat_A8_L60_r2.log
16,test_data/data_demand_random_50_batch_all1_equal_random/C101_1.dat,8.0,60.0,3,462.0,"[
    [
        [
            [0, [20, 4, 21, 14, 11, 17, 19]],
            [40, []],
            [39, []],
            [20, [26, 25]],
            [41, []],
            [4, []],
            [21, [32, 34, 29, 31, 33]],
            [32, []],
            [14, []],
            [11, []],
            [34, []],
            [37, []],
            [50, []],
            [36, []],
            [45, []],
            [29, []],
            [26, []],
            [31, []],
            [27, []],
            [16, []],
            [33, []],
            [49, []],
            [42, []],
            [17, []],
            [19, []]
        ],
        [
            [0, [1, 2, 5, 6, 3, 7]],
            [1, []],
            [13, []],
            [2, []],
            [28, []],
            [5, []],
            [22, []],
            [18, []],
            [24, []],
            [48, []],
            [23, []],
            [44, [13, 9, 10, 8, 12]],
            [30, []],
            [43, []],
            [6, []],
            [12, [12]],
            [25, []],
            [9, [18, 15, 16]],
            [15, [48, 43, 44]],
            [3, [28, 30, 35, 24, 23, 22, 27]],
            [35, []],
            [46, []],
            [10, []],
            [8, [50, 45, 46, 49, 47]],
            [38, []],
            [7, [38, 40, 39, 41, 37, 36, 42]],
            [47, []]
        ]
    ],
    [
        [
            [20, [26, 25]]
        ],
        [
            [21, [32, 34, 29, 31, 33]]
        ],
        [
            [44, [13, 9, 10, 8, 12]]
        ],
        [
            [9, [18, 15, 16]]
        ],
        [
            [15, [48, 43, 44]]
        ],
        [
            [3, [28, 30, 35, 24, 23, 22, 27]]
        ],
        [
            [8, [50, 45, 46, 49, 47]]
        ],
        [
            [7, [38, 40, 39, 41, 37, 36, 42]]
        ]
    ]
]",648.03,"[
    [
        [
            [0, [7, 8, 4, 21, 32, 20, 10, 14, 11, 34, 29, 26, 31, 33, 17, 3, 19, 1, 25, 6, 12]],
            [7, [40, 39, 41, 38, 37, 36, 42]],
            [8, [50, 45, 46, 49, 47]],
            [4, []],
            [21, []],
            [32, []],
            [40, [40]],
            [39, [39]],
            [20, []],
            [41, [41]],
            [38, [38]],
            [10, []],
            [14, []],
            [11, []],
            [34, []],
            [37, [37]],
            [50, [50]],
            [36, [36]],
            [45, [45]],
            [29, []],
            [26, []],
            [31, []],
            [46, [46]],
            [49, [49]],
            [33, []],
            [42, [42]],
            [47, [47]],
            [17, []],
            [3, []],
            [19, []],
            [1, []],
            [25, []],
            [6, []],
            [12, []]
        ],
        [
            [0, [9, 15, 2, 28, 5, 18, 24, 48, 23, 22, 13, 30, 43, 44, 16, 27, 35]],
            [9, []],
            [15, []],
            [2, []],
            [28, []],
            [5, []],
            [18, []],
            [24, []],
            [48, []],
            [23, []],
            [22, []],
            [13, []],
            [30, []],
            [43, []],
            [44, []],
            [16, []],
            [27, []],
            [35, []]
        ]
    ],
    [
        [
            [7, [40, 39, 41, 38, 37, 36, 42]],
            [8, [50, 45, 46, 49, 47]]
        ]
    ]
]",401.90198492868006,0,8,4.625,238.540659228538,1,1,12.0,results/sol_best_C101_1.dat_A8_L60_pid2761.txt,results/sol_best_multi_C101_1.dat_A8_L60_pid2761.txt,C101_1.dat_A8_L60_r3.log
17,test_data/data_demand_random_50_batch_all1_equal_random/C101_1.dat,8.0,90.0,1,460.54,"[
    [
        [
            [0, [3, 4, 7]],
            [19, []],
            [3, []],
            [35, [8, 10, 11, 21, 20, 14, 19, 16, 17]],
            [27, []],
            [16, []],
            [33, []],
            [49, []],
            [42, []],
            [17, []],
            [47, [27]],
            [38, []],
            [21, []],
            [4, [32, 34, 29, 31, 33, 26]],
            [7, [38, 40, 39, 41, 37, 36, 42]],
            [32, []],
            [40, []],
            [39, []],
            [8, [50, 45, 46, 49, 47]],
            [20, []],
            [41, []],
            [10, []],
            [14, []],
            [11, []],
            [34, []],
            [37, []],
            [50, []],
            [36, []],
            [45, []],
            [29, []],
            [26, []],
            [31, []],
            [46, []]
        ],
        [
            [0, [1, 6, 15, 9, 2, 5, 22, 18, 24, 23, 13, 25, 12]],
            [1, []],
            [6, [28, 30, 35]],
            [15, []],
            [9, []],
            [44, []],
            [2, []],
            [28, []],
            [5, [48, 43, 44]],
            [22, []],
            [18, []],
            [24, []],
            [48, []],
            [23, []],
            [13, []],
            [30, []],
            [43, []],
            [25, []],
            [12, []]
        ]
    ],
    [
        [
            [35, [8, 10, 11]]
        ],
        [
            [35, [21, 20, 14, 19, 16, 17]]
        ],
        [
            [6, [28, 30, 35]]
        ],
        [
            [47, [27]]
        ],
        [
            [4, [32, 34, 29, 31, 33, 26]]
        ],
        [
            [7, [38, 40, 39, 41, 37, 36, 42]]
        ],
        [
            [8, [50, 45, 46, 49, 47]]
        ],
        [
            [5, [48, 43, 44]]
        ]
    ]
]",648.03,"[
    [
        [
            [0, [7, 8, 4, 21, 32, 20, 10, 14, 11, 34, 29, 26, 31, 33, 17, 3, 19, 1, 25, 6, 12]],
            [7, [40, 39, 41, 38, 37, 36, 42]],
            [8, [50, 45, 46, 49, 47]],
            [4, []],
            [21, []],
            [32, []],
            [40, [40]],
            [39, [39]],
            [20, []],
            [41, [41]],
            [38, [38]],
            [10, []],
            [14, []],
            [11, []],
            [34, []],
            [37, [37]],
            [50, [50]],
            [36, [36]],
            [45, [45]],
            [29, []],
            [26, []],
            [31, []],
            [46, [46]],
            [49, [49]],
            [33, []],
            [42, [42]],
            [47, [47]],
            [17, []],
            [3, []],
            [19, []],
            [1, []],
            [25, []],
            [6, []],
            [12, []]
        ],
        [
            [0, [9, 15, 2, 28, 5, 18, 24, 48, 23, 22, 13, 30, 43, 44, 16, 27, 35]],
            [9, []],
            [15, []],
            [2, []],
            [28, []],
            [5, []],
            [18, []],
            [24, []],
            [48, []],
            [23, []],
            [22, []],
            [13, []],
            [30, []],
            [43, []],
            [44, []],
            [16, []],
            [27, []],
            [35, []]
        ]
    ],
    [
        [
            [7, [40, 39, 41, 38, 37, 36, 42]],
            [8, [50, 45, 46, 49, 47]]
        ]
    ]
]",297.89630807320685,0,8,4.25,238.540659228538,1,1,12.0,results/sol_best_C101_1.dat_A8_L90_pid2744.txt,results/sol_best_multi_C101_1.dat_A8_L90_pid2744.txt,C101_1.dat_A8_L90_r1.log
17,test_data/data_demand_random_50_batch_all1_equal_random/C101_1.dat,8.0,90.0,2,520.05,"[
    [
        [
            [0, [10, 7, 21, 8, 20, 4, 14, 11, 26, 3, 19]],
            [10, []],
            [38, [32, 34, 29, 31]],
            [7, [40, 39, 41, 38, 37, 36, 42]],
            [32, []],
            [21, []],
            [40, []],
            [39, []],
            [8, []],
            [20, []],
            [41, []],
            [4, [50, 45, 46, 49, 47]],
            [14, []],
            [11, []],
            [34, []],
            [37, []],
            [50, []],
            [36, []],
            [45, []],
            [29, []],
            [26, []],
            [31, []],
            [46, []],
            [49, []],
            [42, []],
            [3, []],
            [19, []]
        ],
        [
            [0, [6, 12, 1, 2, 5, 22, 18, 24, 23, 13, 25, 9, 15, 16, 27, 17]],
            [6, [28, 30, 35, 33]],
            [12, []],
            [1, []],
            [2, []],
            [28, [28]],
            [5, [48, 43, 44]],
            [22, []],
            [18, []],
            [24, []],
            [48, []],
            [23, []],
            [13, []],
            [44, []],
            [30, [30]],
            [43, []],
            [25, []],
            [9, []],
            [15, []],
            [35, [35]],
            [16, []],
            [27, []],
            [33, [33]],
            [17, []],
            [47, []]
        ]
    ],
    [
        [
            [6, [28, 30, 35, 33]]
        ],
        [
            [38, [32, 34, 29, 31]]
        ],
        [
            [7, [40, 39, 41, 38, 37, 36, 42]]
        ],
        [
            [5, [48, 43, 44]]
        ],
        [
            [4, [50, 45, 46, 49, 47]]
        ]
    ]
]",708.03,"[
    [
        [
            [0, [7, 4, 14, 11, 21, 32, 8, 20, 10, 34, 29, 26, 31, 33, 17, 3, 19, 1, 25, 6, 12]],
            [7, [40, 39, 41, 38, 37, 36, 42]],
            [4, [50, 45, 46, 49, 47]],
            [14, []],
            [11, []],
            [21, []],
            [32, []],
            [40, [40]],
            [39, [39]],
            [8, []],
            [20, []],
            [41, [41]],
            [38, [38]],
            [10, []],
            [34, []],
            [37, [37]],
            [50, [50]],
            [36, [36]],
            [45, [45]],
            [29, []],
            [26, []],
            [31, []],
            [46, [46]],
            [49, [49]],
            [33, []],
            [42, [42]],
            [47, [47]],
            [17, []],
            [3, []],
            [19, []],
            [1, []],
            [25, []],
            [6, []],
            [12, []]
        ],
        [
            [0, [9, 15, 2, 28, 5, 18, 24, 48, 23, 22, 13, 30, 43, 44, 16, 27, 35]],
            [9, []],
            [15, []],
            [2, []],
            [28, []],
            [5, []],
            [18, []],
            [24, []],
            [48, []],
            [23, []],
            [22, []],
            [13, []],
            [30, []],
            [43, []],
            [44, []],
            [16, []],
            [27, []],
            [35, []]
        ]
    ],
    [
        [
            [7, [40, 39, 41, 38, 37, 36, 42]],
            [4, [50, 45, 46, 49, 47]]
        ]
    ]
]",265.1196578074814,0,5,4.6,239.80350850198275,1,1,12.0,results/sol_best_C101_1.dat_A8_L90_pid2746.txt,results/sol_best_multi_C101_1.dat_A8_L90_pid2746.txt,C101_1.dat_A8_L90_r2.log
17,test_data/data_demand_random_50_batch_all1_equal_random/C101_1.dat,8.0,90.0,3,524.05,"[
    [
        [
            [0, [17, 10, 7, 8, 21, 20, 4, 14, 11, 26, 3, 19]],
            [47, []],
            [17, []],
            [10, []],
            [7, []],
            [32, [32, 34, 29, 31, 33]],
            [8, []],
            [21, [40, 39, 41, 38, 37, 36, 42]],
            [40, []],
            [39, []],
            [20, []],
            [41, []],
            [38, []],
            [4, [50, 45, 46, 49, 47]],
            [14, []],
            [11, []],
            [34, []],
            [37, []],
            [50, []],
            [36, []],
            [45, []],
            [29, []],
            [26, []],
            [31, []],
            [46, []],
            [49, []],
            [33, []],
            [42, []],
            [3, []],
            [19, []]
        ],
        [
            [0, [6, 12, 9, 2, 5, 22, 18, 24, 23, 13, 1, 25, 15, 16, 27]],
            [6, [28, 30, 35]],
            [12, []],
            [9, []],
            [44, []],
            [2, []],
            [28, [28]],
            [5, [48, 43, 44]],
            [22, []],
            [18, []],
            [24, []],
            [48, []],
            [23, []],
            [13, []],
            [1, []],
            [25, []],
            [30, [30]],
            [43, []],
            [15, []],
            [16, []],
            [27, []],
            [35, [35]]
        ]
    ],
    [
        [
            [6, [28, 30, 35]]
        ],
        [
            [32, [32, 34, 29, 31, 33]]
        ],
        [
            [21, [40, 39, 41, 38, 37, 36, 42]]
        ],
        [
            [5, [48, 43, 44]]
        ],
        [
            [4, [50, 45, 46, 49, 47]]
        ]
    ]
]",705.31,"[
    [
        [
            [0, [21, 8, 4, 14, 11, 7, 32, 20, 10, 34, 29, 26, 31, 33, 17, 3, 19, 1, 25, 6, 12]],
            [21, [40, 39, 41, 38, 37, 36, 42]],
            [8, []],
            [4, [50, 45, 46, 49, 47]],
            [14, []],
            [11, []],
            [7, []],
            [32, []],
            [40, [40]],
            [39, [39]],
            [20, []],
            [41, [41]],
            [38, [38]],
            [10, []],
            [34, []],
            [37, [37]],
            [50, [50]],
            [36, [36]],
            [45, [45]],
            [29, []],
            [26, []],
            [31, []],
            [46, [46]],
            [49, [49]],
            [33, []],
            [42, [42]],
            [47, [47]],
            [17, []],
            [3, []],
            [19, []],
            [1, []],
            [25, []],
            [6, []],
            [12, []]
        ],
        [
            [0, [9, 15, 2, 28, 5, 18, 24, 48, 23, 22, 13, 30, 43, 44, 16, 27, 35]],
            [9, []],
            [15, []],
            [2, []],
            [28, []],
            [5, []],
            [18, []],
            [24, []],
            [48, []],
            [23, []],
            [22, []],
            [13, []],
            [30, []],
            [43, []],
            [44, []],
            [16, []],
            [27, []],
            [35, []]
        ]
    ],
    [
        [
            [21, [40, 39, 41, 38, 37, 36, 42]],
            [4, [50, 45, 46, 49, 47]]
        ]
    ]
]",227.36908513023758,0,5,4.6,247.80350850198275,1,1,12.0,results/sol_best_C101_1.dat_A8_L90_pid2747.txt,results/sol_best_multi_C101_1.dat_A8_L90_pid2747.txt,C101_1.dat_A8_L90_r3.log
18,test_data/data_demand_random_50_batch_all1_equal_random/C101_1.dat,8.0,120.0,1,532.54,"[
    [
        [
            [0, [10, 21, 7, 8, 20, 4, 14, 11, 26, 3, 19, 6, 12]],
            [10, [32, 34, 29, 31, 33]],
            [21, []],
            [38, []],
            [7, [38, 40, 39, 41, 37, 36, 42]],
            [32, []],
            [40, []],
            [39, []],
            [8, [50, 45, 46, 49, 47]],
            [20, []],
            [41, []],
            [4, []],
            [14, []],
            [11, []],
            [34, []],
            [37, []],
            [50, []],
            [36, []],
            [45, []],
            [29, []],
            [26, []],
            [31, []],
            [33, []],
            [42, []],
            [3, []],
            [19, []],
            [6, []],
            [12, []]
        ],
        [
            [0, [17, 15, 2, 5, 18, 13, 1, 9, 16]],
            [47, [22, 24, 23, 25, 27]],
            [17, []],
            [44, []],
            [15, []],
            [2, []],
            [28, []],
            [5, [48, 43, 44]],
            [22, [22]],
            [18, []],
            [24, [24]],
            [48, []],
            [23, [23]],
            [13, []],
            [1, []],
            [30, []],
            [43, []],
            [25, [25]],
            [9, [28, 30, 35]],
            [16, []],
            [27, [27]],
            [35, []],
            [49, []],
            [46, []]
        ]
    ],
    [
        [
            [47, [22, 24, 23, 25, 27]]
        ],
        [
            [10, [32, 34, 29, 31, 33]]
        ],
        [
            [7, [38, 40, 39, 41, 37, 36, 42]]
        ],
        [
            [8, [50, 45, 46, 49, 47]]
        ],
        [
            [5, [48, 43, 44]]
        ],
        [
            [9, [28, 30, 35]]
        ]
    ]
]",648.03,"[
    [
        [
            [0, [7, 8, 4, 21, 32, 20, 10, 14, 11, 34, 29, 26, 31, 33, 17, 3, 19, 1, 25, 6, 12]],
            [7, [40, 39, 41, 38, 37, 36, 42]],
            [8, [50, 45, 46, 49, 47]],
            [4, []],
            [21, []],
            [32, []],
            [40, [40]],
            [39, [39]],
            [20, []],
            [41, [41]],
            [38, [38]],
            [10, []],
            [14, []],
            [11, []],
            [34, []],
            [37, [37]],
            [50, [50]],
            [36, [36]],
            [45, [45]],
            [29, []],
            [26, []],
            [31, []],
            [46, [46]],
            [49, [49]],
            [33, []],
            [42, [42]],
            [47, [47]],
            [17, []],
            [3, []],
            [19, []],
            [1, []],
            [25, []],
            [6, []],
            [12, []]
        ],
        [
            [0, [9, 15, 2, 28, 5, 18, 24, 48, 23, 22, 13, 30, 43, 44, 16, 27, 35]],
            [9, []],
            [15, []],
            [2, []],
            [28, []],
            [5, []],
            [18, []],
            [24, []],
            [48, []],
            [23, []],
            [22, []],
            [13, []],
            [30, []],
            [43, []],
            [44, []],
            [16, []],
            [27, []],
            [35, []]
        ]
    ],
    [
        [
            [7, [40, 39, 41, 38, 37, 36, 42]],
            [8, [50, 45, 46, 49, 47]]
        ]
    ]
]",312.4899678289941,0,6,4.666666666666667,238.540659228538,1,1,12.0,results/sol_best_C101_1.dat_A8_L120_pid2660.txt,results/sol_best_multi_C101_1.dat_A8_L120_pid2660.txt,C101_1.dat_A8_L120_r1.log
18,test_data/data_demand_random_50_batch_all1_equal_random/C101_1.dat,8.0,120.0,2,520.05,"[
    [
        [
            [0, [4, 7, 3]],
            [33, []],
            [47, [8, 10, 11, 17, 21, 20, 14, 19]],
            [17, []],
            [41, [26, 25]],
            [4, [32, 34, 29, 31, 33]],
            [21, []],
            [7, [40, 39, 41, 38, 37, 36, 42]],
            [32, []],
            [40, []],
            [39, []],
            [20, []],
            [8, [50, 45, 46, 49, 47]],
            [38, []],
            [10, [10]],
            [14, []],
            [11, [11]],
            [34, []],
            [37, []],
            [50, []],
            [36, []],
            [45, []],
            [29, []],
            [26, []],
            [31, []],
            [46, []],
            [49, []],
            [42, []],
            [3, []]
        ],
        [
            [0, [12, 6, 9, 2, 5, 22, 18, 24, 23, 13, 1, 15, 16, 27]],
            [12, [28, 30, 35]],
            [6, []],
            [25, []],
            [9, []],
            [44, []],
            [2, []],
            [28, [28]],
            [5, [48, 43, 44]],
            [22, []],
            [18, []],
            [24, []],
            [48, []],
            [23, []],
            [13, []],
            [1, []],
            [30, [30]],
            [43, []],
            [19, []],
            [15, []],
            [16, []],
            [27, []],
            [35, [35]]
        ]
    ],
    [
        [
            [47, [8, 10, 11]]
        ],
        [
            [12, [28, 30, 35]]
        ],
        [
            [47, [17, 21, 20, 14, 19]]
        ],
        [
            [41, [26, 25]]
        ],
        [
            [4, [32, 34, 29, 31, 33]]
        ],
        [
            [7, [40, 39, 41, 38, 37, 36, 42]]
        ],
        [
            [5, [48, 43, 44]]
        ],
        [
            [8, [50, 45, 46, 49, 47]]
        ]
    ]
]",624.03,"[
    [
        [
            [0, [4, 7, 8, 21, 32, 20, 10, 14, 11, 34, 29, 26, 31, 33, 17, 3, 19, 1, 25, 6, 12]],
            [4, []],
            [7, [40, 39, 41, 38, 37, 36, 42]],
            [8, [50, 45, 46, 49, 47]],
            [21, []],
            [32, []],
            [40, []],
            [39, []],
            [20, []],
            [41, []],
            [38, []],
            [10, []],
            [14, []],
            [11, []],
            [34, []],
            [37, []],
            [50, []],
            [36, []],
            [45, []],
            [29, []],
            [26, []],
            [31, []],
            [46, []],
            [49, []],
            [33, []],
            [42, []],
            [47, []],
            [17, []],
            [3, []],
            [19, []],
            [1, []],
            [25, []],
            [6, []],
            [12, []]
        ],
        [
            [0, [9, 15, 2, 5, 18, 24, 23, 22, 13, 16, 27]],
            [9, [28, 30, 35]],
            [15, []],
            [2, []],
            [28, [28]],
            [5, [48, 43, 44]],
            [18, []],
            [24, []],
            [48, [48]],
            [23, []],
            [22, []],
            [13, []],
            [30, [30]],
            [43, [43]],
            [44, [44]],
            [16, []],
            [27, []],
            [35, [35]]
        ]
    ],
    [
        [
            [9, [28, 30, 35]]
        ],
        [
            [5, [48, 43, 44]]
        ],
        [
            [7, [40, 39, 41, 38, 37, 36, 42]],
            [8, [50, 45, 46, 49, 47]]
        ]
    ]
]",149.4849657521471,0,8,4.125,237.2342259614487,1,3,6.0,results/sol_best_C101_1.dat_A8_L120_pid2662.txt,results/sol_best_multi_C101_1.dat_A8_L120_pid2662.txt,C101_1.dat_A8_L120_r2.log
18,test_data/data_demand_random_50_batch_all1_equal_random/C101_1.dat,8.0,120.0,3,517.8,"[
    [
        [
            [0, [10, 7, 8, 4, 11, 6, 12]],
            [33, [21, 20, 14, 17, 15, 19]],
            [10, []],
            [38, [26, 25]],
            [7, [32, 34, 29, 31, 33]],
            [8, []],
            [32, []],
            [21, [40, 39, 41, 38, 37, 36, 42]],
            [40, []],
            [39, []],
            [20, [20]],
            [41, []],
            [4, [50, 45, 46, 49, 47]],
            [14, [14]],
            [11, []],
            [34, []],
            [37, []],
            [50, []],
            [36, []],
            [45, []],
            [29, []],
            [26, []],
            [31, []],
            [46, []],
            [49, []],
            [17, [17]],
            [15, [15]],
            [19, [19]],
            [6, []],
            [12, []]
        ],
        [
            [0, [9, 2, 18, 5, 13, 1, 3, 16]],
            [9, [24, 23, 22, 27]],
            [2, []],
            [18, []],
            [24, [24, 24, 24, 24]],
            [48, []],
            [23, [23, 23, 23, 23]],
            [28, []],
            [5, [48, 43, 44]],
            [22, [22, 22, 22, 22]],
            [13, []],
            [44, [28, 30, 35]],
            [1, []],
            [25, []],
            [30, []],
            [43, []],
            [3, []],
            [16, []],
            [27, [27, 27, 27, 27]],
            [35, []],
            [42, []],
            [47, []]
        ]
    ],
    [
        [
            [33, [21, 20, 14, 17, 15, 19]]
        ],
        [
            [9, [24, 23, 22, 27]]
        ],
        [
            [38, [26, 25]]
        ],
        [
            [7, [32, 34, 29, 31, 33]]
        ],
        [
            [21, [40, 39, 41, 38, 37, 36, 42]]
        ],
        [
            [4, [50, 45, 46, 49, 47]]
        ],
        [
            [5, [48, 43, 44]]
        ],
        [
            [44, [28, 30, 35]]
        ]
    ]
]",705.31,"[
    [
        [
            [0, [21, 8, 4, 14, 11, 7, 32, 20, 10, 34, 29, 26, 31, 33, 17, 3, 19, 1, 25, 6, 12]],
            [21, [40, 39, 41, 38, 37, 36, 42]],
            [8, []],
            [4, [50, 45, 46, 49, 47]],
            [14, []],
            [11, []],
            [7, []],
            [32, []],
            [40, [40]],
            [39, [39]],
            [20, []],
            [41, [41]],
            [38, [38]],
            [10, []],
            [34, []],
            [37, [37]],
            [50, [50]],
            [36, [36]],
            [45, [45]],
            [29, []],
            [26, []],
            [31, []],
            [46, [46]],
            [49, [49]],
            [33, []],
            [42, [42]],
            [47, [47]],
            [17, []],
            [3, []],
            [19, []],
            [1, []],
            [25, []],
            [6, []],
            [12, []]
        ],
        [
            [0, [9, 15, 2, 28, 5, 18, 24, 48, 23, 22, 13, 30, 43, 44, 16, 27, 35]],
            [9, []],
            [15, []],
            [2, []],
            [28, []],
            [5, []],
            [18, []],
            [24, []],
            [48, []],
            [23, []],
            [22, []],
            [13, []],
            [30, []],
            [43, []],
            [44, []],
            [16, []],
            [27, []],
            [35, []]
        ]
    ],
    [
        [
            [21, [40, 39, 41, 38, 37, 36, 42]],
            [4, [50, 45, 46, 49, 47]]
        ]
    ]
]",254.88934321797228,0,8,4.375,247.80350850198275,1,1,12.0,results/sol_best_C101_1.dat_A8_L120_pid2663.txt,results/sol_best_multi_C101_1.dat_A8_L120_pid2663.txt,C101_1.dat_A8_L120_r3.log
19,test_data/data_demand_random_50_batch_all1_equal_random/C101_2.5.dat,4.0,60.0,1,771.0,"[
    [
        [
            [0, [3, 7, 22, 16, 10, 12, 28, 18, 6, 5, 1, 20, 17, 27, 24, 25, 26]],
            [3, []],
            [34, []],
            [7, []],
            [22, []],
            [16, []],
            [10, []],
            [12, []],
            [28, []],
            [40, []],
            [47, [43]],
            [18, []],
            [6, []],
            [5, []],
            [1, []],
            [20, []],
            [17, []],
            [32, [32, 34, 29, 40, 41, 38, 45, 44, 46]],
            [41, []],
            [44, []],
            [27, []],
            [29, []],
            [24, []],
            [25, []],
            [26, []],
            [46, []]
        ],
        [
            [0, [11, 8, 13, 9, 2, 14, 4]],
            [45, []],
            [15, [15, 21, 19]],
            [38, []],
            [21, [30, 31, 33, 35, 23]],
            [50, []],
            [30, []],
            [31, []],
            [42, []],
            [19, [19]],
            [33, []],
            [35, []],
            [11, []],
            [39, [47, 49, 50, 48]],
            [43, []],
            [49, []],
            [8, []],
            [13, [42, 39, 37, 36]],
            [23, []],
            [48, []],
            [37, []],
            [9, []],
            [2, []],
            [14, []],
            [36, []],
            [4, []]
        ]
    ],
    [
        [
            [15, [15, 21, 19]]
        ],
        [
            [21, [30, 31, 33, 35, 23]]
        ],
        [
            [47, [43]]
        ],
        [
            [32, [32, 34, 29]]
        ],
        [
            [32, [40, 41, 38]]
        ],
        [
            [32, [45, 44, 46]]
        ],
        [
            [39, [47, 49, 50, 48]]
        ],
        [
            [13, [42, 39, 37, 36]]
        ]
    ]
]",,,885.2253837576268,0,8,3.25,,,,,results/sol_best_C101_2.5.dat_A4_L60_pid2746.txt,(not found),C101_2.5.dat_A4_L60_r1.log
19,test_data/data_demand_random_50_batch_all1_equal_random/C101_2.5.dat,4.0,60.0,2,723.62,"[
    [
        [
            [0, [3, 22, 7, 12, 16, 10, 28, 18, 6, 1, 20, 17, 27, 25, 24, 15, 26]],
            [3, []],
            [22, []],
            [7, []],
            [12, []],
            [16, []],
            [10, []],
            [28, []],
            [47, []],
            [18, []],
            [6, []],
            [1, []],
            [20, []],
            [49, []],
            [17, []],
            [27, []],
            [29, []],
            [34, []],
            [25, []],
            [24, []],
            [15, []],
            [26, []],
            [46, []],
            [39, [47, 49, 50, 48, 43]]
        ],
        [
            [0, [2, 14, 11, 5, 8, 13, 9, 4]],
            [40, []],
            [45, []],
            [44, []],
            [41, []],
            [38, [21, 19]],
            [21, []],
            [2, []],
            [23, []],
            [14, [30, 31, 33, 35, 23]],
            [48, []],
            [50, []],
            [30, []],
            [31, []],
            [42, []],
            [19, []],
            [33, []],
            [35, []],
            [11, []],
            [5, []],
            [43, []],
            [32, [32, 34, 29, 40, 41, 38, 45, 44, 46]],
            [8, []],
            [13, [42, 39, 37, 36]],
            [37, []],
            [9, []],
            [36, []],
            [4, []]
        ]
    ],
    [
        [
            [38, [21, 19]]
        ],
        [
            [14, [30, 31, 33, 35, 23]]
        ],
        [
            [32, [32, 34, 29]]
        ],
        [
            [32, [40, 41, 38]],
            [32, [45, 44, 46]]
        ],
        [
            [39, [47, 49, 50, 48, 43]]
        ],
        [
            [13, [42, 39, 37, 36]]
        ]
    ]
]",723.62,"[
    [
        [
            [0, [3, 22, 7, 12, 16, 10, 28, 18, 6, 1, 20, 17, 27, 25, 24, 15, 26]],
            [3, []],
            [22, []],
            [7, []],
            [12, []],
            [16, []],
            [10, []],
            [28, []],
            [47, []],
            [18, []],
            [6, []],
            [1, []],
            [20, []],
            [49, []],
            [17, []],
            [27, []],
            [29, []],
            [34, []],
            [25, []],
            [24, []],
            [15, []],
            [26, []],
            [46, []],
            [39, [47, 49, 50, 48, 43]]
        ],
        [
            [0, [2, 14, 11, 5, 8, 13, 9, 4]],
            [40, []],
            [45, []],
            [44, []],
            [41, []],
            [38, [21, 19]],
            [21, []],
            [2, []],
            [23, []],
            [14, [30, 31, 33, 35, 23]],
            [48, []],
            [50, []],
            [30, []],
            [31, []],
            [42, []],
            [19, []],
            [33, []],
            [35, []],
            [11, []],
            [5, []],
            [43, []],
            [32, [32, 34, 29, 40, 41, 38, 45, 44, 46]],
            [8, []],
            [13, [42, 39, 37, 36]],
            [37, []],
            [9, []],
            [36, []],
            [4, []]
        ]
    ],
    [
        [
            [38, [21, 19]]
        ],
        [
            [14, [30, 31, 33, 35, 23]]
        ],
        [
            [32, [32, 34, 29]]
        ],
        [
            [32, [40, 41, 38]],
            [32, [45, 44, 46]]
        ],
        [
            [39, [47, 49, 50, 48, 43]]
        ],
        [
            [13, [42, 39, 37, 36]]
        ]
    ]
]",980.5822445147755,1,6,4.166666666666667,980.5822445147755,1,6,4.166666666666667,results/sol_best_C101_2.5.dat_A4_L60_pid2748.txt,results/sol_best_multi_C101_2.5.dat_A4_L60_pid2748.txt,C101_2.5.dat_A4_L60_r2.log
19,test_data/data_demand_random_50_batch_all1_equal_random/C101_2.5.dat,4.0,60.0,3,730.0,"[
    [
        [
            [0, [7, 12, 16, 10, 28, 5, 1, 20, 22, 27, 25, 24, 15, 3, 26]],
            [40, []],
            [7, []],
            [12, []],
            [16, []],
            [10, []],
            [28, []],
            [47, [29, 34]],
            [5, []],
            [1, []],
            [20, []],
            [49, []],
            [22, []],
            [45, []],
            [44, []],
            [41, []],
            [27, []],
            [34, [40, 41, 38, 43]],
            [29, []],
            [25, []],
            [24, []],
            [15, []],
            [38, []],
            [3, []],
            [26, []],
            [46, []]
        ],
        [
            [0, [11, 8, 13, 6, 14, 2, 9, 4]],
            [43, []],
            [19, []],
            [11, []],
            [17, [17]],
            [8, []],
            [48, []],
            [13, []],
            [50, []],
            [33, []],
            [35, []],
            [31, []],
            [30, []],
            [42, []],
            [39, []],
            [6, []],
            [18, [18, 19, 21]],
            [32, [45, 44, 46]],
            [37, []],
            [23, [47, 49, 50, 48]],
            [14, []],
            [2, []],
            [9, [42, 39, 37, 36, 23]],
            [36, []],
            [4, []],
            [21, [33, 35, 31, 30, 32]]
        ]
    ],
    [
        [
            [17, [17]]
        ],
        [
            [47, [29, 34]]
        ],
        [
            [18, [18, 19, 21]]
        ],
        [
            [32, [45, 44, 46]]
        ],
        [
            [34, [40, 41, 38, 43]]
        ],
        [
            [23, [47, 49, 50, 48]]
        ],
        [
            [9, [42, 39, 37, 36, 23]]
        ],
        [
            [21, [33, 35, 31, 30, 32]]
        ]
    ]
]",,,931.8890397256804,0,8,3.375,,,,,results/sol_best_C101_2.5.dat_A4_L60_pid2749.txt,(not found),C101_2.5.dat_A4_L60_r3.log
20,test_data/data_demand_random_50_batch_all1_equal_random/C101_2.5.dat,4.0,90.0,1,805.0,"[
    [
        [
            [0, [2, 14, 13, 18, 6, 1, 20, 3, 12, 16, 10, 28, 7, 22, 27, 25, 24, 15, 26]],
            [2, []],
            [14, []],
            [13, []],
            [47, []],
            [18, []],
            [6, []],
            [1, []],
            [20, []],
            [49, []],
            [32, []],
            [38, []],
            [3, [34, 32, 29, 40, 41, 38]],
            [34, []],
            [45, []],
            [12, []],
            [16, []],
            [10, [45, 44, 46]],
            [28, []],
            [40, []],
            [7, []],
            [22, []],
            [44, []],
            [41, []],
            [27, []],
            [29, []],
            [25, []],
            [24, []],
            [15, []],
            [26, []],
            [46, []]
        ],
        [
            [0, [21, 23, 30, 31, 42, 19, 33, 35, 11, 39, 5, 43, 17, 8, 37, 9, 36, 4]],
            [21, []],
            [23, []],
            [48, []],
            [50, []],
            [30, []],
            [31, []],
            [42, []],
            [19, []],
            [33, []],
            [35, []],
            [11, [47, 49, 50, 48]],
            [39, []],
            [5, []],
            [43, []],
            [17, []],
            [8, []],
            [37, []],
            [9, []],
            [36, []],
            [4, []]
        ]
    ],
    [
        [
            [3, [34, 32, 29]]
        ],
        [
            [3, [40, 41, 38]]
        ],
        [
            [10, [45, 44, 46]]
        ],
        [
            [11, [47, 49, 50, 48]]
        ]
    ]
]",,,817.1200539318826,0,4,3.25,,,,,results/sol_best_C101_2.5.dat_A4_L90_pid2744.txt,(not found),C101_2.5.dat_A4_L90_r1.log
20,test_data/data_demand_random_50_batch_all1_equal_random/C101_2.5.dat,4.0,90.0,2,833.81,"[
    [
        [
            [0, [18, 6, 3, 27, 22, 7, 12, 16, 10, 28, 17, 25, 24, 15, 26]],
            [18, []],
            [6, []],
            [50, []],
            [34, []],
            [29, []],
            [38, []],
            [3, [34, 32, 29, 43, 40, 41, 38]],
            [27, []],
            [44, []],
            [45, []],
            [22, []],
            [7, []],
            [12, []],
            [16, []],
            [10, [45, 44, 46]],
            [28, []],
            [40, []],
            [47, []],
            [43, []],
            [49, []],
            [17, []],
            [32, []],
            [41, []],
            [25, []],
            [24, []],
            [15, []],
            [26, []],
            [46, []]
        ],
        [
            [0, [23, 21, 2, 14, 13, 11, 35, 33, 19, 31, 30, 42, 39, 5, 1, 20, 8, 37, 9, 36, 4]],
            [23, []],
            [21, []],
            [2, []],
            [14, []],
            [48, []],
            [13, []],
            [11, [47, 49, 50, 48]],
            [35, []],
            [33, []],
            [19, []],
            [31, []],
            [30, []],
            [42, []],
            [39, []],
            [5, []],
            [1, []],
            [20, []],
            [8, []],
            [37, []],
            [9, []],
            [36, []],
            [4, []]
        ]
    ],
    [
        [
            [3, [34, 32, 29, 43]]
        ],
        [
            [3, [40, 41, 38]]
        ],
        [
            [10, [45, 44, 46]]
        ],
        [
            [11, [47, 49, 50, 48]]
        ]
    ]
]",,,814.1200539318826,0,4,3.5,,,,,results/sol_best_C101_2.5.dat_A4_L90_pid2746.txt,(not found),C101_2.5.dat_A4_L90_r2.log
20,test_data/data_demand_random_50_batch_all1_equal_random/C101_2.5.dat,4.0,90.0,3,809.81,"[
    [
        [
            [0, [17, 20, 8, 13, 23, 2, 14, 9, 3, 7, 22, 12, 16, 10, 28, 18, 27, 15, 26]],
            [17, []],
            [49, []],
            [20, []],
            [8, []],
            [13, []],
            [23, []],
            [2, []],
            [14, []],
            [9, [32, 34, 29]],
            [38, []],
            [3, [40, 41, 38, 43]],
            [34, []],
            [44, []],
            [45, []],
            [7, []],
            [22, []],
            [12, []],
            [16, []],
            [10, [45, 44, 46]],
            [28, []],
            [40, []],
            [47, []],
            [18, []],
            [32, []],
            [41, []],
            [27, []],
            [29, []],
            [15, []],
            [26, []],
            [46, []]
        ],
        [
            [0, [6, 25, 24, 19, 11, 5, 1, 21, 4]],
            [43, []],
            [6, []],
            [25, [33, 35, 30, 31]],
            [24, []],
            [37, [37, 42, 39, 36]],
            [48, []],
            [42, []],
            [19, []],
            [33, [33]],
            [35, [35]],
            [11, [47, 49, 50, 48]],
            [50, []],
            [30, [30]],
            [31, [31]],
            [39, []],
            [5, []],
            [1, []],
            [21, []],
            [36, []],
            [4, []]
        ]
    ],
    [
        [
            [25, [33, 35, 30, 31]]
        ],
        [
            [9, [32, 34, 29]]
        ],
        [
            [3, [40, 41, 38, 43]]
        ],
        [
            [37, [37, 42, 39, 36]]
        ],
        [
            [10, [45, 44, 46]]
        ],
        [
            [11, [47, 49, 50, 48]]
        ]
    ]
]",,,752.7685791449641,0,6,3.6666666666666665,,,,,results/sol_best_C101_2.5.dat_A4_L90_pid2747.txt,(not found),C101_2.5.dat_A4_L90_r3.log
21,test_data/data_demand_random_50_batch_all1_equal_random/C101_2.5.dat,4.0,120.0,1,808.36,"[
    [
        [
            [0, [22, 7, 12, 3, 16, 10, 28, 18, 27, 25, 24, 15, 26]],
            [38, []],
            [29, []],
            [44, []],
            [22, []],
            [7, []],
            [12, [32, 29, 34]],
            [34, []],
            [3, [40, 41, 38, 43]],
            [45, []],
            [16, []],
            [10, [45, 44, 46]],
            [28, []],
            [40, []],
            [47, []],
            [43, []],
            [18, []],
            [27, []],
            [41, []],
            [25, []],
            [24, []],
            [15, []],
            [26, []],
            [46, []]
        ],
        [
            [0, [20, 1, 21, 23, 13, 19, 11, 5, 6, 17, 8, 14, 2, 9, 4]],
            [32, []],
            [20, [31, 30, 33, 35]],
            [39, []],
            [1, []],
            [21, []],
            [23, []],
            [13, [42, 39, 37, 36]],
            [50, []],
            [31, [31, 31]],
            [30, [30, 30]],
            [42, []],
            [19, []],
            [33, [47, 49, 50, 48]],
            [35, [35, 35]],
            [11, []],
            [5, []],
            [6, []],
            [49, []],
            [17, []],
            [8, []],
            [37, []],
            [48, []],
            [14, []],
            [2, []],
            [9, []],
            [36, []],
            [4, []]
        ]
    ],
    [
        [
            [20, [31, 30, 33, 35]]
        ],
        [
            [12, [32, 29, 34]]
        ],
        [
            [3, [40, 41, 38, 43]]
        ],
        [
            [13, [42, 39, 37, 36]]
        ],
        [
            [10, [45, 44, 46]]
        ],
        [
            [33, [47, 49, 50, 48]]
        ]
    ]
]",,,684.0481362677092,0,6,3.6666666666666665,,,,,results/sol_best_C101_2.5.dat_A4_L120_pid2677.txt,(not found),C101_2.5.dat_A4_L120_r1.log
21,test_data/data_demand_random_50_batch_all1_equal_random/C101_2.5.dat,4.0,120.0,2,812.65,"[
    [
        [
            [0, [20, 2, 14, 13, 3, 22, 7, 12, 16, 10, 28, 18, 27, 25, 24, 15, 26]],
            [20, []],
            [2, []],
            [14, []],
            [13, []],
            [38, []],
            [3, [34, 32, 29, 40, 41, 38]],
            [34, []],
            [44, []],
            [45, []],
            [22, []],
            [7, []],
            [12, []],
            [16, []],
            [10, [45, 44, 46, 43]],
            [28, []],
            [40, []],
            [47, []],
            [43, []],
            [18, []],
            [27, []],
            [29, []],
            [25, []],
            [24, []],
            [15, []],
            [26, []],
            [46, []]
        ],
        [
            [0, [21, 6, 5, 1, 19, 11, 17, 8, 9, 4]],
            [21, [23]],
            [23, [23]],
            [6, []],
            [41, [31, 30, 33, 35]],
            [5, []],
            [1, []],
            [50, [42, 39, 37, 36]],
            [31, [31]],
            [30, [30]],
            [42, []],
            [19, []],
            [33, [33]],
            [35, [35]],
            [11, [47, 49, 50, 48]],
            [39, []],
            [49, []],
            [17, []],
            [32, []],
            [8, []],
            [48, []],
            [37, []],
            [9, []],
            [36, []],
            [4, []]
        ]
    ],
    [
        [
            [21, [23]]
        ],
        [
            [41, [31, 30, 33, 35]]
        ],
        [
            [3, [34, 32, 29]]
        ],
        [
            [3, [40, 41, 38]]
        ],
        [
            [50, [42, 39, 37, 36]]
        ],
        [
            [10, [45, 44, 46, 43]]
        ],
        [
            [11, [47, 49, 50, 48]]
        ]
    ]
]",,,759.7981196620242,0,7,3.2857142857142856,,,,,results/sol_best_C101_2.5.dat_A4_L120_pid2679.txt,(not found),C101_2.5.dat_A4_L120_r2.log
21,test_data/data_demand_random_50_batch_all1_equal_random/C101_2.5.dat,4.0,120.0,3,805.0,"[
    [
        [
            [0, [2, 14, 23, 18, 6, 17, 27, 3, 12, 16, 10, 28, 7, 22, 25, 24, 15, 26]],
            [2, []],
            [14, []],
            [23, []],
            [48, []],
            [47, []],
            [18, []],
            [6, []],
            [49, []],
            [17, []],
            [27, []],
            [3, [34, 32, 29, 40, 41, 38]],
            [34, []],
            [45, []],
            [12, []],
            [16, []],
            [10, [45, 44, 46]],
            [28, []],
            [40, []],
            [7, []],
            [22, []],
            [44, []],
            [25, []],
            [24, []],
            [29, []],
            [15, []],
            [38, []],
            [26, []],
            [46, []],
            [41, []],
            [32, []]
        ],
        [
            [0, [21, 13, 30, 31, 42, 19, 33, 35, 11, 39, 43, 5, 1, 20, 8, 37, 9, 36, 4]],
            [21, []],
            [13, []],
            [50, []],
            [30, []],
            [31, []],
            [42, []],
            [19, []],
            [33, []],
            [35, []],
            [11, [47, 49, 50, 48]],
            [39, []],
            [43, []],
            [5, []],
            [1, []],
            [20, []],
            [8, []],
            [37, []],
            [9, []],
            [36, []],
            [4, []]
        ]
    ],
    [
        [
            [3, [34, 32, 29]]
        ],
        [
            [3, [40, 41, 38]]
        ],
        [
            [10, [45, 44, 46]]
        ],
        [
            [11, [47, 49, 50, 48]]
        ]
    ]
]",,,811.1200539318826,0,4,3.25,,,,,results/sol_best_C101_2.5.dat_A4_L120_pid2680.txt,(not found),C101_2.5.dat_A4_L120_r3.log
22,test_data/data_demand_random_50_batch_all1_equal_random/C101_2.5.dat,8.0,60.0,1,702.0,"[
    [
        [
            [0, [4, 2, 6, 5, 1]],
            [20, []],
            [9, []],
            [36, []],
            [4, []],
            [48, [7, 12, 10]],
            [2, []],
            [14, []],
            [27, []],
            [38, [19, 21, 16, 18, 20, 17, 15]],
            [41, [22, 28, 27, 25, 24, 26]],
            [45, []],
            [12, []],
            [16, []],
            [10, []],
            [18, []],
            [6, []],
            [5, []],
            [1, []],
            [43, []],
            [40, []],
            [7, []],
            [44, []],
            [34, [34, 32, 29]],
            [25, []],
            [24, []],
            [15, []],
            [26, []],
            [46, []]
        ],
        [
            [0, [3]],
            [29, []],
            [3, []],
            [22, []],
            [28, []],
            [50, []],
            [19, []],
            [13, [13, 11, 8, 14, 9]],
            [11, []],
            [33, []],
            [35, []],
            [31, []],
            [30, []],
            [42, []],
            [39, []],
            [47, []],
            [17, []],
            [49, []],
            [32, [45, 44, 46, 40, 41, 38]],
            [8, []],
            [37, []],
            [23, [42, 39, 43, 37, 36, 47, 49, 50, 48]],
            [21, [33, 35, 31, 30, 23]]
        ]
    ],
    [
        [
            [48, [7, 12, 10]]
        ],
        [
            [38, [19, 21, 16, 18, 20, 17, 15]]
        ],
        [
            [41, [22, 28, 27, 25, 24, 26]]
        ],
        [
            [34, [34, 32, 29]]
        ],
        [
            [13, [13, 11, 8, 14, 9]]
        ],
        [
            [32, [45, 44, 46, 40, 41, 38]]
        ],
        [
            [23, [42, 39, 43, 37, 36]],
            [23, [47, 49, 50, 48]]
        ],
        [
            [21, [33, 35, 31, 30, 23]]
        ]
    ]
]",702.0,"[
    [
        [
            [0, [4, 2, 6, 5, 1]],
            [20, []],
            [9, []],
            [36, []],
            [4, []],
            [48, [7, 12, 10]],
            [2, []],
            [14, []],
            [27, []],
            [38, [19, 21, 16, 18, 20, 17, 15]],
            [41, [22, 28, 27, 25, 24, 26]],
            [45, []],
            [12, []],
            [16, []],
            [10, []],
            [18, []],
            [6, []],
            [5, []],
            [1, []],
            [43, []],
            [40, []],
            [7, []],
            [44, []],
            [34, [34, 32, 29]],
            [25, []],
            [24, []],
            [15, []],
            [26, []],
            [46, []]
        ],
        [
            [0, [3]],
            [29, []],
            [3, []],
            [22, []],
            [28, []],
            [50, []],
            [19, []],
            [13, [13, 11, 8, 14, 9]],
            [11, []],
            [33, []],
            [35, []],
            [31, []],
            [30, []],
            [42, []],
            [39, []],
            [47, []],
            [17, []],
            [49, []],
            [32, [45, 44, 46, 40, 41, 38]],
            [8, []],
            [37, []],
            [23, [42, 39, 43, 37, 36, 47, 49, 50, 48]],
            [21, [33, 35, 31, 30, 23]]
        ]
    ],
    [
        [
            [48, [7, 12, 10]]
        ],
        [
            [38, [19, 21, 16, 18, 20, 17, 15]]
        ],
        [
            [41, [22, 28, 27, 25, 24, 26]]
        ],
        [
            [34, [34, 32, 29]]
        ],
        [
            [13, [13, 11, 8, 14, 9]]
        ],
        [
            [32, [45, 44, 46, 40, 41, 38]]
        ],
        [
            [23, [42, 39, 43, 37, 36]],
            [23, [47, 49, 50, 48]]
        ],
        [
            [21, [33, 35, 31, 30, 23]]
        ]
    ]
]",928.5241783692527,1,8,5.5,928.5241783692527,1,8,5.5,results/sol_best_C101_2.5.dat_A8_L60_pid2671.txt,results/sol_best_multi_C101_2.5.dat_A8_L60_pid2671.txt,C101_2.5.dat_A8_L60_r1.log
22,test_data/data_demand_random_50_batch_all1_equal_random/C101_2.5.dat,8.0,60.0,2,657.23,"[
    [
        [
            [0, [6, 5, 1, 3]],
            [47, []],
            [43, []],
            [7, []],
            [12, []],
            [16, []],
            [10, []],
            [40, []],
            [28, []],
            [18, []],
            [6, []],
            [5, []],
            [1, []],
            [22, []],
            [45, []],
            [44, []],
            [41, []],
            [27, []],
            [29, []],
            [38, []],
            [25, []],
            [24, []],
            [15, []],
            [34, []],
            [3, [7, 12, 10, 16, 18, 15, 22, 28, 27, 25, 24, 26]],
            [26, []],
            [46, []],
            [39, [47, 49, 50, 48]]
        ],
        [
            [0, [4, 9, 11, 13, 14, 2, 8]],
            [49, []],
            [17, [17, 21, 19, 20]],
            [36, []],
            [4, []],
            [9, []],
            [21, [21]],
            [31, []],
            [30, []],
            [50, []],
            [33, []],
            [35, []],
            [42, []],
            [19, [19]],
            [11, []],
            [13, [42, 39, 43, 37, 36, 23]],
            [23, []],
            [14, []],
            [2, []],
            [37, []],
            [48, []],
            [8, []],
            [20, [33, 35, 31, 30]],
            [32, [32, 34, 29, 45, 44, 46, 40, 41, 38]]
        ]
    ],
    [
        [
            [17, [17, 21, 19, 20]]
        ],
        [
            [3, [7, 12, 10]],
            [3, [16, 18, 15]]
        ],
        [
            [3, [22, 28, 27, 25, 24, 26]]
        ],
        [
            [39, [47, 49, 50, 48]]
        ],
        [
            [13, [42, 39, 43, 37, 36, 23]]
        ],
        [
            [20, [33, 35, 31, 30]]
        ],
        [
            [32, [32, 34, 29]]
        ],
        [
            [32, [45, 44, 46, 40, 41, 38]]
        ]
    ]
]",657.23,"[
    [
        [
            [0, [6, 5, 1, 3]],
            [47, []],
            [43, []],
            [7, []],
            [12, []],
            [16, []],
            [10, []],
            [40, []],
            [28, []],
            [18, []],
            [6, []],
            [5, []],
            [1, []],
            [22, []],
            [45, []],
            [44, []],
            [41, []],
            [27, []],
            [29, []],
            [38, []],
            [25, []],
            [24, []],
            [15, []],
            [34, []],
            [3, [7, 12, 10, 16, 18, 15, 22, 28, 27, 25, 24, 26]],
            [26, []],
            [46, []],
            [39, [47, 49, 50, 48]]
        ],
        [
            [0, [4, 9, 11, 13, 14, 2, 8]],
            [49, []],
            [17, [17, 21, 19, 20]],
            [36, []],
            [4, []],
            [9, []],
            [21, [21]],
            [31, []],
            [30, []],
            [50, []],
            [33, []],
            [35, []],
            [42, []],
            [19, [19]],
            [11, []],
            [13, [42, 39, 43, 37, 36, 23]],
            [23, []],
            [14, []],
            [2, []],
            [37, []],
            [48, []],
            [8, []],
            [20, [33, 35, 31, 30]],
            [32, [32, 34, 29, 45, 44, 46, 40, 41, 38]]
        ]
    ],
    [
        [
            [17, [17, 21, 19, 20]]
        ],
        [
            [3, [7, 12, 10]],
            [3, [16, 18, 15]]
        ],
        [
            [3, [22, 28, 27, 25, 24, 26]]
        ],
        [
            [39, [47, 49, 50, 48]]
        ],
        [
            [13, [42, 39, 43, 37, 36, 23]]
        ],
        [
            [20, [33, 35, 31, 30]]
        ],
        [
            [32, [32, 34, 29]]
        ],
        [
            [32, [45, 44, 46, 40, 41, 38]]
        ]
    ]
]",966.1029416555251,1,8,4.875,966.1029416555251,1,8,4.875,results/sol_best_C101_2.5.dat_A8_L60_pid2673.txt,results/sol_best_multi_C101_2.5.dat_A8_L60_pid2673.txt,C101_2.5.dat_A8_L60_r2.log
22,test_data/data_demand_random_50_batch_all1_equal_random/C101_2.5.dat,8.0,60.0,3,717.0,"[
    [
        [
            [0, [3, 6]],
            [17, []],
            [22, []],
            [8, [8, 7, 12, 10]],
            [48, []],
            [3, [16, 20, 17, 15]],
            [38, [22, 28, 27, 25, 24, 26]],
            [7, []],
            [12, []],
            [16, []],
            [10, []],
            [28, []],
            [6, []],
            [40, []],
            [45, []],
            [44, []],
            [41, []],
            [27, []],
            [29, []],
            [34, [34, 32, 29]],
            [25, []],
            [24, []],
            [15, []],
            [26, []],
            [46, []]
        ],
        [
            [0, [1, 5, 2, 4]],
            [1, [11, 13, 14, 9]],
            [20, []],
            [19, []],
            [11, [11]],
            [50, []],
            [33, []],
            [35, []],
            [31, []],
            [30, []],
            [42, []],
            [21, [33, 35, 31, 30, 23]],
            [13, [13]],
            [14, [14]],
            [5, [19, 21, 18]],
            [39, []],
            [47, []],
            [18, []],
            [43, []],
            [49, []],
            [32, [45, 44, 46, 40, 41, 38]],
            [37, []],
            [23, [42, 39, 43, 37, 36, 47, 49, 50, 48]],
            [2, []],
            [9, [9]],
            [36, []],
            [4, []]
        ]
    ],
    [
        [
            [1, [11, 13, 14, 9]]
        ],
        [
            [8, [8, 7, 12, 10]]
        ],
        [
            [3, [16, 20, 17, 15]]
        ],
        [
            [38, [22, 28, 27, 25, 24, 26]]
        ],
        [
            [34, [34, 32, 29]]
        ],
        [
            [21, [33, 35, 31, 30, 23]]
        ],
        [
            [5, [19, 21, 18]]
        ],
        [
            [32, [45, 44, 46, 40, 41, 38]]
        ],
        [
            [23, [42, 39, 43, 37, 36]],
            [23, [47, 49, 50, 48]]
        ]
    ]
]",717.0,"[
    [
        [
            [0, [3, 6]],
            [17, []],
            [22, []],
            [8, [8, 7, 12, 10]],
            [48, []],
            [3, [16, 20, 17, 15]],
            [38, [22, 28, 27, 25, 24, 26]],
            [7, []],
            [12, []],
            [16, []],
            [10, []],
            [28, []],
            [6, []],
            [40, []],
            [45, []],
            [44, []],
            [41, []],
            [27, []],
            [29, []],
            [34, [34, 32, 29]],
            [25, []],
            [24, []],
            [15, []],
            [26, []],
            [46, []]
        ],
        [
            [0, [1, 5, 2, 4]],
            [1, [11, 13, 14, 9]],
            [20, []],
            [19, []],
            [11, [11]],
            [50, []],
            [33, []],
            [35, []],
            [31, []],
            [30, []],
            [42, []],
            [21, [33, 35, 31, 30, 23]],
            [13, [13]],
            [14, [14]],
            [5, [19, 21, 18]],
            [39, []],
            [47, []],
            [18, []],
            [43, []],
            [49, []],
            [32, [45, 44, 46, 40, 41, 38]],
            [37, []],
            [23, [42, 39, 43, 37, 36, 47, 49, 50, 48]],
            [2, []],
            [9, [9]],
            [36, []],
            [4, []]
        ]
    ],
    [
        [
            [1, [11, 13, 14, 9]]
        ],
        [
            [8, [8, 7, 12, 10]]
        ],
        [
            [3, [16, 20, 17, 15]]
        ],
        [
            [38, [22, 28, 27, 25, 24, 26]]
        ],
        [
            [34, [34, 32, 29]]
        ],
        [
            [21, [33, 35, 31, 30, 23]]
        ],
        [
            [5, [19, 21, 18]]
        ],
        [
            [32, [45, 44, 46, 40, 41, 38]]
        ],
        [
            [23, [42, 39, 43, 37, 36]],
            [23, [47, 49, 50, 48]]
        ]
    ]
]",844.1550073760103,1,9,4.888888888888889,844.1550073760103,1,9,4.888888888888889,results/sol_best_C101_2.5.dat_A8_L60_pid2674.txt,results/sol_best_multi_C101_2.5.dat_A8_L60_pid2674.txt,C101_2.5.dat_A8_L60_r3.log
23,test_data/data_demand_random_50_batch_all1_equal_random/C101_2.5.dat,8.0,90.0,1,807.31,"[
    [
        [
            [0, [2, 14, 3, 12, 7, 6, 5, 1, 10]],
            [2, []],
            [14, []],
            [3, [16, 18, 20, 17, 15]],
            [12, [22, 28, 27, 25, 24, 26]],
            [16, []],
            [22, []],
            [28, []],
            [7, []],
            [34, [34, 32, 29]],
            [32, []],
            [18, []],
            [6, []],
            [5, []],
            [1, []],
            [20, []],
            [17, []],
            [40, []],
            [10, [45, 44, 46, 40, 41, 38]],
            [45, []],
            [44, []],
            [41, []],
            [27, []],
            [29, []],
            [38, []],
            [25, []],
            [24, []],
            [15, []],
            [26, []],
            [46, []]
        ],
        [
            [0, [23, 21, 13, 9, 19, 11, 8, 4]],
            [23, []],
            [21, []],
            [13, [33, 35, 31, 30]],
            [9, []],
            [50, []],
            [19, [42, 39, 43, 37, 36]],
            [33, [33, 33]],
            [35, [35, 35]],
            [31, [31, 31]],
            [30, [30, 30]],
            [42, []],
            [11, [47, 49, 50, 48]],
            [39, []],
            [47, []],
            [43, []],
            [49, []],
            [8, []],
            [48, []],
            [37, []],
            [36, []],
            [4, []]
        ]
    ],
    [
        [
            [13, [33, 35, 31, 30]]
        ],
        [
            [3, [16, 18, 20, 17, 15]]
        ],
        [
            [12, [22, 28, 27, 25, 24, 26]]
        ],
        [
            [34, [34, 32, 29]]
        ],
        [
            [10, [45, 44, 46, 40, 41, 38]]
        ],
        [
            [19, [42, 39, 43, 37, 36]]
        ],
        [
            [11, [47, 49, 50, 48]]
        ]
    ]
]",,,450.65629700427746,0,7,4.714285714285714,,,,,results/sol_best_C101_2.5.dat_A8_L90_pid2777.txt,(not found),C101_2.5.dat_A8_L90_r1.log
23,test_data/data_demand_random_50_batch_all1_equal_random/C101_2.5.dat,8.0,90.0,2,841.31,"[
    [
        [
            [0, [4, 8, 12, 7, 6, 5, 1, 3]],
            [36, []],
            [4, []],
            [8, []],
            [49, [16, 18, 20, 17, 15]],
            [28, []],
            [12, []],
            [16, []],
            [22, [22, 28, 27, 25, 24, 26]],
            [7, []],
            [18, []],
            [6, []],
            [5, []],
            [1, []],
            [20, []],
            [17, []],
            [32, []],
            [34, []],
            [45, []],
            [44, []],
            [41, []],
            [27, []],
            [29, []],
            [38, []],
            [3, [40, 41, 38, 32, 34, 29]],
            [25, []],
            [24, []],
            [15, []],
            [26, []],
            [46, []]
        ],
        [
            [0, [2, 14, 21, 13, 9, 10, 19, 11]],
            [2, []],
            [14, []],
            [23, [23]],
            [21, []],
            [13, []],
            [9, []],
            [33, [33, 35, 31, 30]],
            [35, []],
            [31, []],
            [50, []],
            [30, []],
            [42, []],
            [39, []],
            [47, []],
            [43, []],
            [40, []],
            [10, [45, 44, 46]],
            [19, [42, 39, 43, 37, 36]],
            [11, [47, 49, 50, 48]],
            [48, []],
            [37, []]
        ]
    ],
    [
        [
            [23, [23]]
        ],
        [
            [49, [16, 18, 20, 17, 15]]
        ],
        [
            [22, [22, 28, 27, 25, 24, 26]]
        ],
        [
            [3, [40, 41, 38, 32, 34, 29]]
        ],
        [
            [33, [33, 35, 31, 30]]
        ],
        [
            [10, [45, 44, 46]]
        ],
        [
            [19, [42, 39, 43, 37, 36]]
        ],
        [
            [11, [47, 49, 50, 48]]
        ]
    ]
]",,,830.1241953920502,0,8,4.25,,,,,results/sol_best_C101_2.5.dat_A8_L90_pid2779.txt,(not found),C101_2.5.dat_A8_L90_r2.log
23,test_data/data_demand_random_50_batch_all1_equal_random/C101_2.5.dat,8.0,90.0,3,781.36,"[
    [
        [
            [0, [4, 2, 14, 18, 3, 7, 12, 16, 10, 15]],
            [36, []],
            [4, []],
            [2, []],
            [14, []],
            [18, [28, 22, 27, 25, 24, 26]],
            [49, []],
            [32, [32, 33, 35, 31, 30, 23]],
            [38, [34, 29]],
            [34, []],
            [3, [40, 41, 38]],
            [45, []],
            [7, []],
            [12, []],
            [16, []],
            [10, [45, 44, 46]],
            [28, []],
            [40, []],
            [22, []],
            [44, []],
            [41, []],
            [25, []],
            [24, []],
            [15, []],
            [26, []],
            [46, []]
        ],
        [
            [0, [6, 5, 9, 11, 1, 8, 13]],
            [27, [17, 21, 19, 20]],
            [29, []],
            [17, [17]],
            [6, []],
            [43, []],
            [47, []],
            [5, []],
            [50, []],
            [21, [21]],
            [48, []],
            [9, []],
            [11, []],
            [35, []],
            [31, []],
            [30, []],
            [42, []],
            [19, [19]],
            [33, [47, 49, 50, 48]],
            [39, []],
            [1, []],
            [20, [20]],
            [8, []],
            [13, []],
            [37, []],
            [23, [42, 39, 43, 37, 36]]
        ]
    ],
    [
        [
            [27, [17, 21, 19, 20]]
        ],
        [
            [18, [28, 22, 27, 25, 24, 26]]
        ],
        [
            [32, [32, 33, 35, 31, 30, 23]]
        ],
        [
            [38, [34, 29]]
        ],
        [
            [3, [40, 41, 38]]
        ],
        [
            [10, [45, 44, 46]]
        ],
        [
            [33, [47, 49, 50, 48]]
        ],
        [
            [23, [42, 39, 43, 37, 36]]
        ]
    ]
]",,,791.2716337916845,0,8,4.125,,,,,results/sol_best_C101_2.5.dat_A8_L90_pid2780.txt,(not found),C101_2.5.dat_A8_L90_r3.log
24,test_data/data_demand_random_50_batch_all1_equal_random/C101_2.5.dat,8.0,120.0,1,763.31,"[
    [
        [
            [0, [8, 7, 12, 3, 10]],
            [8, []],
            [43, []],
            [17, [17, 20, 21, 19, 16, 18, 15]],
            [38, []],
            [7, [22, 28, 27, 25, 24, 26]],
            [12, []],
            [16, []],
            [45, []],
            [28, []],
            [18, []],
            [32, []],
            [3, [40, 41, 38, 34, 32, 29]],
            [10, [45, 44, 46]],
            [40, []],
            [22, []],
            [44, []],
            [41, []],
            [25, []],
            [26, []],
            [46, []]
        ],
        [
            [0, [6, 5, 1, 2, 4]],
            [27, [13, 14, 11, 9]],
            [24, []],
            [15, []],
            [29, []],
            [34, []],
            [6, []],
            [5, []],
            [1, []],
            [20, []],
            [49, []],
            [2, []],
            [21, []],
            [13, [13]],
            [14, [14]],
            [33, [33, 35, 31, 30, 23]],
            [35, []],
            [31, []],
            [30, []],
            [50, []],
            [39, []],
            [47, []],
            [42, []],
            [19, [42, 39, 43, 37, 36]],
            [11, [47, 49, 50, 48]],
            [48, []],
            [37, []],
            [23, []],
            [9, [9]],
            [36, []],
            [4, []]
        ]
    ],
    [
        [
            [27, [13, 14, 11, 9]]
        ],
        [
            [17, [17, 20, 21, 19, 16, 18, 15]]
        ],
        [
            [7, [22, 28, 27, 25, 24, 26]]
        ],
        [
            [3, [40, 41, 38, 34, 32, 29]]
        ],
        [
            [33, [33, 35, 31, 30, 23]]
        ],
        [
            [10, [45, 44, 46]]
        ],
        [
            [19, [42, 39, 43, 37, 36]],
            [11, [47, 49, 50, 48]]
        ]
    ]
]",763.31,"[
    [
        [
            [0, [8, 7, 12, 3, 10]],
            [8, []],
            [43, []],
            [17, [17, 20, 21, 19, 16, 18, 15]],
            [38, []],
            [7, [22, 28, 27, 25, 24, 26]],
            [12, []],
            [16, []],
            [45, []],
            [28, []],
            [18, []],
            [32, []],
            [3, [40, 41, 38, 34, 32, 29]],
            [10, [45, 44, 46]],
            [40, []],
            [22, []],
            [44, []],
            [41, []],
            [25, []],
            [26, []],
            [46, []]
        ],
        [
            [0, [6, 5, 1, 2, 4]],
            [27, [13, 14, 11, 9]],
            [24, []],
            [15, []],
            [29, []],
            [34, []],
            [6, []],
            [5, []],
            [1, []],
            [20, []],
            [49, []],
            [2, []],
            [21, []],
            [13, [13]],
            [14, [14]],
            [33, [33, 35, 31, 30, 23]],
            [35, []],
            [31, []],
            [30, []],
            [50, []],
            [39, []],
            [47, []],
            [42, []],
            [19, [42, 39, 43, 37, 36]],
            [11, [47, 49, 50, 48]],
            [48, []],
            [37, []],
            [23, []],
            [9, [9]],
            [36, []],
            [4, []]
        ]
    ],
    [
        [
            [27, [13, 14, 11, 9]]
        ],
        [
            [17, [17, 20, 21, 19, 16, 18, 15]]
        ],
        [
            [7, [22, 28, 27, 25, 24, 26]]
        ],
        [
            [3, [40, 41, 38, 34, 32, 29]]
        ],
        [
            [33, [33, 35, 31, 30, 23]]
        ],
        [
            [10, [45, 44, 46]]
        ],
        [
            [19, [42, 39, 43, 37, 36]],
            [11, [47, 49, 50, 48]]
        ]
    ]
]",778.8696477232218,1,7,5.714285714285714,778.8696477232218,1,7,5.714285714285714,results/sol_best_C101_2.5.dat_A8_L120_pid2757.txt,results/sol_best_multi_C101_2.5.dat_A8_L120_pid2757.txt,C101_2.5.dat_A8_L120_r1.log
24,test_data/data_demand_random_50_batch_all1_equal_random/C101_2.5.dat,8.0,120.0,2,771.31,"[
    [
        [
            [0, [5, 2, 1, 3]],
            [39, []],
            [5, []],
            [14, [14, 12, 10, 7]],
            [2, []],
            [43, []],
            [49, []],
            [20, []],
            [38, [22, 28, 27, 25, 24, 26]],
            [1, [20, 16, 15]],
            [34, []],
            [3, [40, 41, 38]],
            [29, []],
            [45, []],
            [16, []],
            [12, []],
            [10, [45, 44, 46]],
            [28, []],
            [40, []],
            [7, []],
            [22, []],
            [44, []],
            [27, []],
            [41, []],
            [25, []],
            [24, []],
            [15, []],
            [26, []],
            [46, []]
        ],
        [
            [0, [17, 18, 6, 21, 13, 19, 11, 8, 9, 4]],
            [47, []],
            [17, []],
            [32, []],
            [18, []],
            [6, []],
            [30, []],
            [33, []],
            [48, []],
            [23, [23]],
            [21, []],
            [13, []],
            [19, [42, 39, 43, 37, 36]],
            [35, [35, 33, 30, 31]],
            [42, []],
            [31, []],
            [50, []],
            [11, [47, 49, 50, 48]],
            [8, []],
            [37, []],
            [9, [32, 34, 29]],
            [36, []],
            [4, []]
        ]
    ],
    [
        [
            [23, [23]]
        ],
        [
            [14, [14, 12, 10, 7]]
        ],
        [
            [38, [22, 28, 27, 25, 24, 26]]
        ],
        [
            [1, [20, 16, 15]]
        ],
        [
            [3, [40, 41, 38]]
        ],
        [
            [19, [42, 39, 43, 37, 36]]
        ],
        [
            [35, [35, 33, 30, 31]]
        ],
        [
            [10, [45, 44, 46]]
        ],
        [
            [11, [47, 49, 50, 48]]
        ],
        [
            [9, [32, 34, 29]]
        ]
    ]
]",1147.05,"[
    [
        [
            [0, [3, 7, 12, 16, 10, 22, 28, 40, 18, 6, 5, 1, 20, 17, 32, 34, 41, 27, 29, 38, 25, 24, 15, 26]],
            [3, []],
            [7, []],
            [12, []],
            [16, []],
            [10, [45, 44, 46]],
            [22, []],
            [28, []],
            [40, []],
            [18, []],
            [6, []],
            [5, []],
            [1, []],
            [20, []],
            [17, []],
            [32, []],
            [34, []],
            [45, [45]],
            [44, [44]],
            [41, []],
            [27, []],
            [29, []],
            [38, []],
            [25, []],
            [24, []],
            [15, []],
            [26, []],
            [46, [46]]
        ],
        [
            [0, [19, 11, 23, 21, 13, 9, 33, 35, 31, 30, 8, 2, 14, 4]],
            [19, [42, 39, 43, 37, 36]],
            [11, [47, 49, 50, 48]],
            [23, []],
            [21, []],
            [13, []],
            [9, []],
            [33, []],
            [35, []],
            [31, []],
            [30, []],
            [42, [42]],
            [39, [39]],
            [47, [47]],
            [43, [43]],
            [49, [49]],
            [50, [50]],
            [8, []],
            [48, [48]],
            [37, [37]],
            [2, []],
            [14, []],
            [36, [36]],
            [4, []]
        ]
    ],
    [
        [
            [10, [45, 44, 46]]
        ],
        [
            [19, [42, 39, 43, 37, 36]],
            [11, [47, 49, 50, 48]]
        ]
    ]
]",765.6304788858781,0,10,3.6,605.5585661714957,1,2,6.0,results/sol_best_C101_2.5.dat_A8_L120_pid2759.txt,results/sol_best_multi_C101_2.5.dat_A8_L120_pid2759.txt,C101_2.5.dat_A8_L120_r2.log
24,test_data/data_demand_random_50_batch_all1_equal_random/C101_2.5.dat,8.0,120.0,3,751.31,"[
    [
        [
            [0, [3, 2, 4, 5, 6, 1]],
            [47, []],
            [43, []],
            [49, []],
            [3, [9, 7, 12, 10, 14]],
            [37, []],
            [48, []],
            [14, []],
            [2, []],
            [9, [16, 18, 20, 17, 15]],
            [36, []],
            [4, []],
            [5, []],
            [7, [22, 28, 27, 25, 24, 26]],
            [12, []],
            [28, []],
            [16, []],
            [22, [32, 34, 29]],
            [40, []],
            [18, []],
            [6, []],
            [39, []],
            [1, []],
            [20, []],
            [17, []],
            [32, []],
            [10, [45, 44, 46, 40, 41, 38]],
            [45, []],
            [44, []],
            [27, []],
            [41, []],
            [46, []]
        ],
        [
            [0, [13, 11, 8]],
            [38, [21, 19]],
            [24, []],
            [25, []],
            [26, []],
            [15, []],
            [29, []],
            [34, []],
            [42, []],
            [13, [33, 35, 31, 30, 23]],
            [23, []],
            [21, [21]],
            [19, [42, 39, 43, 37, 36]],
            [33, []],
            [35, []],
            [31, []],
            [30, []],
            [50, []],
            [11, [47, 49, 50, 48]],
            [8, []]
        ]
    ],
    [
        [
            [38, [21, 19]]
        ],
        [
            [3, [9, 7, 12, 10, 14]]
        ],
        [
            [9, [16, 18, 20, 17, 15]]
        ],
        [
            [7, [22, 28, 27, 25, 24, 26]]
        ],
        [
            [22, [32, 34, 29]]
        ],
        [
            [13, [33, 35, 31, 30, 23]]
        ],
        [
            [10, [45, 44, 46, 40, 41, 38]]
        ],
        [
            [19, [42, 39, 43, 37, 36]]
        ],
        [
            [11, [47, 49, 50, 48]]
        ]
    ]
]",1147.05,"[
    [
        [
            [0, [3, 7, 12, 16, 10, 22, 28, 40, 18, 6, 5, 1, 20, 17, 32, 34, 41, 27, 29, 38, 25, 24, 15, 26]],
            [3, []],
            [7, []],
            [12, []],
            [16, []],
            [10, [45, 44, 46]],
            [22, []],
            [28, []],
            [40, []],
            [18, []],
            [6, []],
            [5, []],
            [1, []],
            [20, []],
            [17, []],
            [32, []],
            [34, []],
            [45, [45]],
            [44, [44]],
            [41, []],
            [27, []],
            [29, []],
            [38, []],
            [25, []],
            [24, []],
            [15, []],
            [26, []],
            [46, [46]]
        ],
        [
            [0, [19, 11, 23, 21, 13, 9, 33, 35, 31, 30, 8, 2, 14, 4]],
            [19, [42, 39, 43, 37, 36]],
            [11, [47, 49, 50, 48]],
            [23, []],
            [21, []],
            [13, []],
            [9, []],
            [33, []],
            [35, []],
            [31, []],
            [30, []],
            [42, [42]],
            [39, [39]],
            [47, [47]],
            [43, [43]],
            [49, [49]],
            [50, [50]],
            [8, []],
            [48, [48]],
            [37, [37]],
            [2, []],
            [14, []],
            [36, [36]],
            [4, []]
        ]
    ],
    [
        [
            [10, [45, 44, 46]]
        ],
        [
            [19, [42, 39, 43, 37, 36]],
            [11, [47, 49, 50, 48]]
        ]
    ]
]",866.9302210393012,0,9,4.555555555555555,605.5585661714957,1,2,6.0,results/sol_best_C101_2.5.dat_A8_L120_pid2760.txt,results/sol_best_multi_C101_2.5.dat_A8_L120_pid2760.txt,C101_2.5.dat_A8_L120_r3.log
25,test_data/data_demand_random_50_batch_all1_equal_random/C101_2.dat,4.0,60.0,1,691.65,"[
    [
        [
            [0, [15, 27, 18, 30, 28, 5, 3, 2, 7, 14, 19, 29, 26, 25, 1]],
            [44, []],
            [15, []],
            [27, []],
            [18, []],
            [30, []],
            [32, [34, 31]],
            [39, []],
            [33, []],
            [28, []],
            [5, []],
            [3, [42, 43, 45]],
            [2, [49, 47, 50]],
            [7, []],
            [14, []],
            [40, []],
            [46, []],
            [36, []],
            [19, [32, 33]],
            [29, [39, 36, 40]],
            [26, []],
            [35, []],
            [25, []],
            [1, []],
            [48, []]
        ],
        [
            [0, [9, 13, 8, 20, 17, 10, 12, 16, 6, 11, 4]],
            [21, [21, 24, 22, 23]],
            [9, []],
            [41, []],
            [13, []],
            [8, []],
            [24, [24, 24]],
            [20, []],
            [22, [22, 22]],
            [17, []],
            [37, []],
            [49, []],
            [47, []],
            [38, []],
            [42, []],
            [34, []],
            [10, []],
            [12, [46, 48, 41, 44]],
            [31, []],
            [16, []],
            [6, []],
            [43, []],
            [50, []],
            [11, []],
            [45, []],
            [23, [23, 23]],
            [4, [37, 38, 35]]
        ]
    ],
    [
        [
            [21, [21, 24, 22, 23]]
        ],
        [
            [32, [34, 31]]
        ],
        [
            [3, [42, 43, 45]]
        ],
        [
            [2, [49, 47, 50]]
        ],
        [
            [12, [46, 48, 41, 44]]
        ],
        [
            [19, [32, 33]]
        ],
        [
            [29, [39, 36, 40]]
        ],
        [
            [4, [37, 38, 35]]
        ]
    ]
]",,,726.4617384291334,0,8,3.0,,,,,results/sol_best_C101_2.dat_A4_L60_pid2734.txt,(not found),C101_2.dat_A4_L60_r1.log
25,test_data/data_demand_random_50_batch_all1_equal_random/C101_2.dat,4.0,60.0,2,773.68,"[
    [
        [
            [0, [25, 29, 26, 16, 6, 19, 27, 15, 2, 30, 4, 21, 9, 3, 14, 7, 1]],
            [25, []],
            [29, [32, 33, 31]],
            [26, []],
            [31, []],
            [16, [35, 39, 36, 40]],
            [6, []],
            [35, []],
            [19, []],
            [27, []],
            [15, []],
            [2, [49, 47, 50]],
            [30, []],
            [32, []],
            [39, []],
            [33, []],
            [4, [42, 43, 45]],
            [21, []],
            [9, []],
            [3, [37, 38]],
            [44, []],
            [36, []],
            [40, []],
            [46, []],
            [14, []],
            [7, []],
            [1, []],
            [48, []]
        ],
        [
            [0, [5, 28, 18, 24, 8, 13, 20, 22, 17, 10, 12, 11, 23]],
            [5, []],
            [28, [34]],
            [41, []],
            [18, []],
            [24, []],
            [8, []],
            [13, []],
            [20, []],
            [22, []],
            [17, []],
            [37, []],
            [49, []],
            [47, []],
            [38, []],
            [42, []],
            [34, [34]],
            [10, []],
            [12, []],
            [43, []],
            [50, []],
            [45, []],
            [11, [46, 48, 41, 44]],
            [23, []]
        ]
    ],
    [
        [
            [28, [34]]
        ],
        [
            [29, [32, 33, 31]]
        ],
        [
            [16, [35, 39, 36, 40]]
        ],
        [
            [2, [49, 47, 50]]
        ],
        [
            [4, [42, 43, 45]]
        ],
        [
            [3, [37, 38]]
        ],
        [
            [11, [46, 48, 41, 44]]
        ]
    ]
]",,,691.0719131163353,0,7,2.857142857142857,,,,,results/sol_best_C101_2.dat_A4_L60_pid2736.txt,(not found),C101_2.dat_A4_L60_r2.log
25,test_data/data_demand_random_50_batch_all1_equal_random/C101_2.dat,4.0,60.0,3,735.04,"[
    [
        [
            [0, [14, 29, 26, 6, 19, 15, 9, 2, 30, 4, 28, 21, 25, 7, 1]],
            [14, []],
            [29, [32, 33]],
            [26, []],
            [6, []],
            [35, []],
            [19, []],
            [15, []],
            [9, [34, 31]],
            [2, [49, 47, 50]],
            [30, []],
            [32, []],
            [4, [42, 43, 45]],
            [39, []],
            [33, []],
            [28, []],
            [21, []],
            [25, [37, 38]],
            [44, []],
            [36, []],
            [40, []],
            [46, []],
            [7, []],
            [1, []],
            [48, []]
        ],
        [
            [0, [5, 3, 18, 24, 8, 13, 20, 22, 17, 10, 12, 16, 11, 23]],
            [5, []],
            [3, [27]],
            [41, []],
            [18, []],
            [24, []],
            [8, []],
            [13, []],
            [20, []],
            [27, [27]],
            [22, []],
            [17, []],
            [37, []],
            [49, []],
            [47, []],
            [38, []],
            [42, []],
            [34, []],
            [10, []],
            [12, []],
            [16, [35, 39, 36, 40]],
            [31, []],
            [43, []],
            [50, []],
            [45, []],
            [11, [46, 48, 41, 44]],
            [23, []]
        ]
    ],
    [
        [
            [3, [27]]
        ],
        [
            [29, [32, 33]]
        ],
        [
            [9, [34, 31]]
        ],
        [
            [2, [49, 47, 50]]
        ],
        [
            [4, [42, 43, 45]]
        ],
        [
            [25, [37, 38]]
        ],
        [
            [16, [35, 39, 36, 40]]
        ],
        [
            [11, [46, 48, 41, 44]]
        ]
    ]
]",,,745.0149550489381,0,8,2.625,,,,,results/sol_best_C101_2.dat_A4_L60_pid2737.txt,(not found),C101_2.dat_A4_L60_r3.log
26,test_data/data_demand_random_50_batch_all1_equal_random/C101_2.dat,4.0,90.0,1,705.59,"[
    [
        [
            [0, [12, 16, 6, 8, 13, 2]],
            [48, []],
            [30, [17, 18, 20]],
            [46, []],
            [40, []],
            [29, []],
            [25, [25, 29, 26, 30, 22, 24]],
            [12, []],
            [26, [31, 27]],
            [31, []],
            [43, []],
            [50, []],
            [16, [32, 33]],
            [6, [39, 36, 40, 38, 35]],
            [38, []],
            [17, []],
            [22, []],
            [27, []],
            [24, []],
            [20, []],
            [8, []],
            [13, []],
            [41, []],
            [2, [49, 47, 50]]
        ],
        [
            [0, [7, 1, 15, 5, 3, 9, 4, 14, 19, 10, 11]],
            [7, [21, 23]],
            [1, []],
            [15, [28]],
            [18, []],
            [32, []],
            [39, []],
            [33, []],
            [28, [28]],
            [5, []],
            [3, []],
            [21, [21]],
            [9, []],
            [4, [42, 43, 45, 37, 34]],
            [14, []],
            [44, []],
            [36, []],
            [19, []],
            [37, []],
            [49, []],
            [47, []],
            [42, []],
            [34, []],
            [10, []],
            [35, []],
            [23, [23]],
            [45, []],
            [11, [46, 48, 41, 44]]
        ]
    ],
    [
        [
            [7, [21, 23]]
        ],
        [
            [30, [17, 18, 20]]
        ],
        [
            [25, [25, 29, 26, 30, 22, 24]]
        ],
        [
            [15, [28]]
        ],
        [
            [26, [31, 27]]
        ],
        [
            [16, [32, 33]]
        ],
        [
            [6, [39, 36, 40, 38, 35]]
        ],
        [
            [2, [49, 47, 50]]
        ],
        [
            [4, [42, 43, 45, 37, 34]]
        ],
        [
            [11, [46, 48, 41, 44]]
        ]
    ]
]",,,702.2885228368469,0,10,3.3,,,,,results/sol_best_C101_2.dat_A4_L90_pid2741.txt,(not found),C101_2.dat_A4_L90_r1.log
26,test_data/data_demand_random_50_batch_all1_equal_random/C101_2.dat,4.0,90.0,2,706.0,"[
    [
        [
            [0, [12, 6, 19, 18, 9, 4, 5, 3, 21, 2, 14, 7, 1]],
            [12, [29, 28, 30, 25]],
            [6, []],
            [45, []],
            [35, []],
            [29, [32, 33, 35, 39, 36, 40]],
            [19, []],
            [40, []],
            [18, []],
            [9, [34, 31]],
            [32, []],
            [4, [42, 43, 45]],
            [39, []],
            [33, []],
            [28, []],
            [5, []],
            [3, [37, 38]],
            [21, []],
            [2, [49, 47, 50]],
            [30, []],
            [44, []],
            [36, []],
            [14, []],
            [46, []],
            [25, []],
            [7, []],
            [1, []],
            [48, []]
        ],
        [
            [0, [24, 8, 13, 20, 15, 22, 17, 10, 16, 11, 23]],
            [24, [27, 26]],
            [41, []],
            [8, []],
            [13, []],
            [20, []],
            [27, [27]],
            [15, []],
            [22, []],
            [17, []],
            [37, []],
            [49, []],
            [47, []],
            [38, []],
            [42, []],
            [34, []],
            [10, []],
            [26, [26]],
            [31, []],
            [16, [46, 48, 41, 44]],
            [43, []],
            [50, []],
            [11, []],
            [23, []]
        ]
    ],
    [
        [
            [24, [27, 26]]
        ],
        [
            [12, [29, 28, 30, 25]]
        ],
        [
            [29, [32, 33, 35]]
        ],
        [
            [29, [39, 36, 40]]
        ],
        [
            [9, [34, 31]]
        ],
        [
            [4, [42, 43, 45]]
        ],
        [
            [3, [37, 38]]
        ],
        [
            [2, [49, 47, 50]]
        ],
        [
            [16, [46, 48, 41, 44]]
        ]
    ]
]",,,689.5665645476303,0,9,2.888888888888889,,,,,results/sol_best_C101_2.dat_A4_L90_pid2743.txt,(not found),C101_2.dat_A4_L90_r2.log
26,test_data/data_demand_random_50_batch_all1_equal_random/C101_2.dat,4.0,90.0,3,806.68,"[
    [
        [
            [0, [14, 29, 12, 6, 11, 19, 27, 24, 20, 15, 30, 4, 21, 9, 2, 25, 7, 1]],
            [14, []],
            [29, []],
            [12, [32, 33]],
            [6, []],
            [11, [39, 36, 40]],
            [19, []],
            [27, []],
            [24, []],
            [20, []],
            [15, []],
            [30, []],
            [32, []],
            [39, []],
            [33, []],
            [4, [42, 43, 45]],
            [21, []],
            [9, []],
            [2, [49, 47, 50]],
            [44, []],
            [36, []],
            [40, []],
            [46, []],
            [25, []],
            [7, []],
            [1, []],
            [48, []]
        ],
        [
            [0, [5, 28, 3, 8, 13, 18, 22, 17, 10, 26, 16, 23]],
            [5, [34, 31]],
            [28, []],
            [3, []],
            [41, [37, 38, 35]],
            [8, []],
            [13, []],
            [18, []],
            [22, []],
            [17, []],
            [37, [37]],
            [49, []],
            [47, []],
            [38, [38]],
            [42, []],
            [34, [34]],
            [10, []],
            [26, []],
            [31, [31]],
            [16, [46, 48, 41, 44]],
            [43, []],
            [50, []],
            [45, []],
            [35, [35]],
            [23, []]
        ]
    ],
    [
        [
            [5, [34, 31]]
        ],
        [
            [12, [32, 33]]
        ],
        [
            [11, [39, 36, 40]]
        ],
        [
            [41, [37, 38, 35]]
        ],
        [
            [4, [42, 43, 45]]
        ],
        [
            [2, [49, 47, 50]]
        ],
        [
            [16, [46, 48, 41, 44]]
        ]
    ]
]",,,695.1885360402097,0,7,2.857142857142857,,,,,results/sol_best_C101_2.dat_A4_L90_pid2744.txt,(not found),C101_2.dat_A4_L90_r3.log
27,test_data/data_demand_random_50_batch_all1_equal_random/C101_2.dat,4.0,120.0,1,757.65,"[
    [
        [
            [0, [12, 6, 15, 8, 13, 9, 3, 14, 1, 16, 11]],
            [37, []],
            [47, []],
            [49, []],
            [42, []],
            [34, []],
            [26, [26, 27, 30, 29, 19]],
            [45, []],
            [12, []],
            [31, []],
            [6, [32, 33, 31, 21]],
            [48, [39, 36, 40, 35]],
            [19, []],
            [15, []],
            [8, []],
            [13, []],
            [41, []],
            [9, []],
            [33, []],
            [3, []],
            [21, []],
            [30, []],
            [14, []],
            [29, []],
            [44, []],
            [36, []],
            [1, []],
            [35, []],
            [16, []],
            [43, []],
            [50, []],
            [11, [46, 48, 41, 44]]
        ],
        [
            [0, [7, 25, 4, 5, 28, 2, 18, 24, 20, 22, 17, 10, 23]],
            [40, []],
            [7, []],
            [46, []],
            [25, [37, 38, 34]],
            [32, []],
            [39, []],
            [4, [42, 43, 45]],
            [5, []],
            [28, []],
            [2, [49, 47, 50]],
            [18, []],
            [24, []],
            [20, []],
            [27, []],
            [22, []],
            [17, []],
            [38, []],
            [10, []],
            [23, []]
        ]
    ],
    [
        [
            [26, [26, 27, 30, 29, 19]]
        ],
        [
            [6, [32, 33, 31, 21]]
        ],
        [
            [48, [39, 36, 40, 35]]
        ],
        [
            [25, [37, 38, 34]]
        ],
        [
            [11, [46, 48, 41, 44]]
        ],
        [
            [4, [42, 43, 45]]
        ],
        [
            [2, [49, 47, 50]]
        ]
    ]
]",,,716.3514060526483,0,7,3.7142857142857144,,,,,results/sol_best_C101_2.dat_A4_L120_pid2670.txt,(not found),C101_2.dat_A4_L120_r1.log
27,test_data/data_demand_random_50_batch_all1_equal_random/C101_2.dat,4.0,120.0,2,803.68,"[
    [
        [
            [0, [16, 6, 11, 12, 19, 14, 18, 13, 4, 21, 9, 2, 7, 1]],
            [29, [29, 27, 30, 25]],
            [43, []],
            [50, []],
            [45, []],
            [16, [32, 33]],
            [6, []],
            [11, [39, 36, 40]],
            [12, []],
            [19, []],
            [14, []],
            [18, [37, 38, 35]],
            [13, []],
            [41, []],
            [30, []],
            [32, []],
            [39, []],
            [33, []],
            [4, [42, 43, 45]],
            [21, []],
            [9, []],
            [2, [49, 47, 50]],
            [44, []],
            [36, []],
            [40, []],
            [46, []],
            [25, []],
            [7, []],
            [1, []],
            [48, []]
        ],
        [
            [0, [28, 5, 3, 15, 8, 24, 20, 17, 22, 10, 26, 23]],
            [28, [34, 31]],
            [5, []],
            [3, []],
            [27, []],
            [15, []],
            [8, []],
            [24, []],
            [20, []],
            [17, []],
            [37, []],
            [38, []],
            [49, []],
            [47, []],
            [42, []],
            [34, [34]],
            [22, []],
            [10, [46, 48, 41, 44]],
            [26, []],
            [31, [31]],
            [35, []],
            [23, []]
        ]
    ],
    [
        [
            [28, [34, 31]]
        ],
        [
            [29, [29, 27, 30, 25]]
        ],
        [
            [16, [32, 33]]
        ],
        [
            [11, [39, 36, 40]]
        ],
        [
            [18, [37, 38, 35]]
        ],
        [
            [4, [42, 43, 45]]
        ],
        [
            [2, [49, 47, 50]]
        ],
        [
            [10, [46, 48, 41, 44]]
        ]
    ]
]",,,694.2312818847928,0,8,3.0,,,,,results/sol_best_C101_2.dat_A4_L120_pid2672.txt,(not found),C101_2.dat_A4_L120_r2.log
27,test_data/data_demand_random_50_batch_all1_equal_random/C101_2.dat,4.0,120.0,3,703.68,"[
    [
        [
            [0, [19, 12, 11, 2, 4, 3, 9, 18, 14, 7, 1]],
            [43, []],
            [35, []],
            [25, [25, 29, 30, 27]],
            [40, []],
            [19, []],
            [29, [32, 33]],
            [12, []],
            [50, []],
            [11, []],
            [45, []],
            [23, [23, 21, 24]],
            [2, [49, 47, 50]],
            [30, []],
            [32, []],
            [4, [42, 43, 45]],
            [39, []],
            [3, []],
            [21, []],
            [9, []],
            [18, [37, 38, 34, 31]],
            [44, []],
            [36, []],
            [14, []],
            [46, []],
            [7, []],
            [1, []],
            [48, []]
        ],
        [
            [0, [5, 8, 13, 15, 20, 22, 17, 10, 16, 6]],
            [33, []],
            [28, [28, 26]],
            [5, []],
            [24, []],
            [8, []],
            [13, []],
            [41, []],
            [15, []],
            [20, []],
            [27, []],
            [22, []],
            [17, []],
            [37, []],
            [49, []],
            [47, []],
            [38, []],
            [42, []],
            [34, []],
            [10, []],
            [26, [26]],
            [31, []],
            [16, [46, 48, 41, 44]],
            [6, [39, 36, 40, 35]]
        ]
    ],
    [
        [
            [28, [28, 26]]
        ],
        [
            [25, [25, 29, 30, 27]]
        ],
        [
            [29, [32, 33]]
        ],
        [
            [23, [23, 21, 24]]
        ],
        [
            [2, [49, 47, 50]]
        ],
        [
            [4, [42, 43, 45]]
        ],
        [
            [18, [37, 38, 34, 31]]
        ],
        [
            [16, [46, 48, 41, 44]]
        ],
        [
            [6, [39, 36, 40, 35]]
        ]
    ]
]",,,737.9966598211091,0,9,3.2222222222222223,,,,,results/sol_best_C101_2.dat_A4_L120_pid2673.txt,(not found),C101_2.dat_A4_L120_r3.log
28,test_data/data_demand_random_50_batch_all1_equal_random/C101_2.dat,8.0,60.0,1,746.8,"[
    [
        [
            [0, [25, 16, 6, 11, 10, 12, 29, 14, 30, 4, 21, 2, 7, 1]],
            [25, []],
            [31, [31, 32, 33]],
            [43, []],
            [50, []],
            [45, []],
            [16, []],
            [6, []],
            [11, []],
            [10, []],
            [12, [46, 48, 41, 44, 39, 36, 40]],
            [29, []],
            [14, []],
            [30, []],
            [32, []],
            [39, []],
            [4, [42, 43, 45]],
            [33, []],
            [21, []],
            [2, [49, 47, 50]],
            [44, []],
            [36, []],
            [40, []],
            [46, []],
            [7, []],
            [1, []],
            [48, []]
        ],
        [
            [0, [5, 3, 9, 18, 24, 8, 13, 20, 15, 19, 22, 17, 23]],
            [5, []],
            [28, [28, 27, 26]],
            [3, []],
            [9, []],
            [18, []],
            [24, []],
            [8, []],
            [13, []],
            [20, []],
            [41, []],
            [27, [27]],
            [15, []],
            [19, [37, 38, 35, 34]],
            [22, []],
            [17, []],
            [37, []],
            [49, []],
            [47, []],
            [38, []],
            [42, []],
            [34, []],
            [26, [26]],
            [35, []],
            [23, []]
        ]
    ],
    [
        [
            [28, [28, 27, 26]]
        ],
        [
            [19, [37, 38, 35, 34]]
        ],
        [
            [31, [31, 32, 33]]
        ],
        [
            [12, [46, 48, 41, 44, 39, 36, 40]]
        ],
        [
            [4, [42, 43, 45]]
        ],
        [
            [2, [49, 47, 50]]
        ]
    ]
]",,,559.5980810714073,0,6,3.8333333333333335,,,,,results/sol_best_C101_2.dat_A8_L60_pid2716.txt,(not found),C101_2.dat_A8_L60_r1.log
28,test_data/data_demand_random_50_batch_all1_equal_random/C101_2.dat,8.0,60.0,2,648.65,"[
    [
        [
            [0, [10, 11, 6, 2, 4, 5, 3, 9, 7, 1]],
            [22, []],
            [42, []],
            [38, []],
            [10, []],
            [31, []],
            [43, []],
            [45, []],
            [11, []],
            [50, []],
            [26, [16, 14, 15, 22, 21, 19, 18]],
            [16, []],
            [6, []],
            [35, []],
            [19, [32, 33, 26, 29, 27, 30, 28, 25]],
            [29, []],
            [14, []],
            [27, []],
            [15, []],
            [2, [49, 47, 50]],
            [30, []],
            [32, []],
            [4, [42, 43, 45]],
            [39, []],
            [33, []],
            [5, [34, 31]],
            [28, []],
            [3, [37, 38, 35]],
            [21, []],
            [9, []],
            [7, []],
            [1, []],
            [25, []],
            [48, []]
        ],
        [
            [0, [8, 13, 20, 17, 12]],
            [44, [24, 23]],
            [36, []],
            [40, []],
            [46, []],
            [41, []],
            [18, []],
            [24, [24]],
            [8, []],
            [13, []],
            [20, []],
            [17, []],
            [37, []],
            [49, []],
            [47, []],
            [34, []],
            [12, [46, 48, 41, 44, 39, 36, 40]],
            [23, [23]]
        ]
    ],
    [
        [
            [44, [24, 23]]
        ],
        [
            [26, [16, 14, 15]]
        ],
        [
            [26, [22, 21, 19, 18]]
        ],
        [
            [19, [32, 33, 26, 29, 27, 30, 28, 25]]
        ],
        [
            [2, [49, 47, 50]]
        ],
        [
            [4, [42, 43, 45]]
        ],
        [
            [5, [34, 31]]
        ],
        [
            [3, [37, 38, 35]]
        ],
        [
            [12, [46, 48, 41, 44, 39, 36, 40]]
        ]
    ]
]",,,795.0833507399889,0,9,3.888888888888889,,,,,results/sol_best_C101_2.dat_A8_L60_pid2718.txt,(not found),C101_2.dat_A8_L60_r2.log
28,test_data/data_demand_random_50_batch_all1_equal_random/C101_2.dat,8.0,60.0,3,717.65,"[
    [
        [
            [0, [6, 1]],
            [34, []],
            [47, []],
            [42, []],
            [37, []],
            [49, []],
            [45, []],
            [43, [10, 11, 9, 7, 12, 16, 17, 29, 30, 28, 25, 22, 21]],
            [50, []],
            [16, []],
            [29, []],
            [17, []],
            [22, []],
            [38, []],
            [10, []],
            [12, [46, 48, 41, 44, 39, 36, 40, 31]],
            [31, []],
            [6, []],
            [11, []],
            [32, []],
            [39, []],
            [30, []],
            [36, []],
            [46, []],
            [7, []],
            [1, []],
            [25, []],
            [48, []]
        ],
        [
            [0, [8, 13, 14, 4, 5, 3, 2, 15]],
            [21, [19, 18, 20]],
            [9, []],
            [8, []],
            [13, []],
            [41, []],
            [44, [24, 23]],
            [40, []],
            [19, [19]],
            [14, [37, 38, 35, 32, 33, 34, 27, 26]],
            [4, [42, 43, 45]],
            [33, []],
            [28, []],
            [5, []],
            [3, []],
            [2, [49, 47, 50]],
            [18, [18]],
            [24, []],
            [20, [20]],
            [27, []],
            [15, []],
            [26, []],
            [35, []],
            [23, []]
        ]
    ],
    [
        [
            [21, [19, 18, 20]]
        ],
        [
            [43, [10, 11, 9, 7]]
        ],
        [
            [43, [12, 16, 17]]
        ],
        [
            [43, [29, 30, 28, 25, 22, 21]]
        ],
        [
            [12, [46, 48, 41, 44, 39, 36, 40, 31]]
        ],
        [
            [44, [24, 23]]
        ],
        [
            [14, [37, 38, 35, 32, 33, 34, 27, 26]]
        ],
        [
            [4, [42, 43, 45]]
        ],
        [
            [2, [49, 47, 50]]
        ]
    ]
]",,,695.2511132633273,0,9,4.444444444444445,,,,,results/sol_best_C101_2.dat_A8_L60_pid2719.txt,(not found),C101_2.dat_A8_L60_r3.log
29,test_data/data_demand_random_50_batch_all1_equal_random/C101_2.dat,8.0,90.0,1,709.13,"[
    [
        [
            [0, [19, 6, 16, 12, 10, 17, 15, 18, 2]],
            [45, []],
            [23, [23, 22, 21]],
            [25, [25, 29, 27, 30, 28]],
            [29, []],
            [19, []],
            [35, []],
            [6, []],
            [16, []],
            [12, [35, 34, 37]],
            [10, []],
            [38, []],
            [17, []],
            [37, []],
            [49, []],
            [47, []],
            [34, []],
            [42, []],
            [22, []],
            [27, []],
            [15, []],
            [18, []],
            [2, [49, 47, 50]],
            [48, []]
        ],
        [
            [0, [1, 14, 7, 5, 4, 3, 9, 13, 8, 11]],
            [44, []],
            [1, []],
            [46, []],
            [36, []],
            [40, []],
            [20, [20]],
            [14, [32, 33, 24]],
            [7, []],
            [30, []],
            [21, []],
            [32, []],
            [39, []],
            [33, []],
            [28, []],
            [5, []],
            [4, [42, 43, 45, 38, 31, 26]],
            [3, []],
            [9, []],
            [41, []],
            [13, []],
            [8, []],
            [24, []],
            [26, []],
            [31, []],
            [43, []],
            [50, []],
            [11, [46, 48, 41, 44, 39, 36, 40]]
        ]
    ],
    [
        [
            [20, [20]]
        ],
        [
            [23, [23, 22, 21]]
        ],
        [
            [25, [25, 29, 27, 30, 28]]
        ],
        [
            [12, [35, 34, 37]]
        ],
        [
            [14, [32, 33, 24]]
        ],
        [
            [2, [49, 47, 50]]
        ],
        [
            [4, [42, 43, 45, 38, 31, 26]]
        ],
        [
            [11, [46, 48, 41, 44, 39, 36, 40]]
        ]
    ]
]",,,723.9847874892337,0,8,3.875,,,,,results/sol_best_C101_2.dat_A8_L90_pid2646.txt,(not found),C101_2.dat_A8_L90_r1.log
29,test_data/data_demand_random_50_batch_all1_equal_random/C101_2.dat,8.0,90.0,2,627.11,"[
    [
        [
            [0, [6, 2]],
            [19, []],
            [38, []],
            [10, [10, 9, 7, 11, 8]],
            [26, []],
            [6, [15, 12, 13]],
            [45, []],
            [43, [19, 18, 17, 20]],
            [22, []],
            [17, []],
            [37, []],
            [49, []],
            [47, []],
            [42, []],
            [34, []],
            [27, []],
            [15, []],
            [20, []],
            [24, []],
            [8, []],
            [13, []],
            [18, []],
            [2, [49, 47, 50]],
            [9, []],
            [32, []],
            [30, []],
            [25, []],
            [48, []]
        ],
        [
            [0, [1, 3, 5, 4]],
            [35, []],
            [11, []],
            [46, []],
            [41, []],
            [36, []],
            [40, []],
            [7, []],
            [1, []],
            [44, [14, 16]],
            [29, []],
            [14, [32, 33, 34, 29, 27, 30, 28, 25]],
            [21, []],
            [3, []],
            [33, []],
            [5, []],
            [28, []],
            [39, []],
            [4, [42, 43, 45, 37, 38, 35, 31, 26]],
            [50, [22, 24, 21, 23]],
            [12, [39, 36, 40]],
            [31, []],
            [16, [46, 48, 41, 44]],
            [23, []]
        ]
    ],
    [
        [
            [10, [10, 9, 7, 11, 8]]
        ],
        [
            [6, [15, 12, 13]]
        ],
        [
            [43, [19, 18, 17, 20]]
        ],
        [
            [44, [14, 16]]
        ],
        [
            [14, [32, 33, 34, 29, 27, 30, 28, 25]]
        ],
        [
            [2, [49, 47, 50]]
        ],
        [
            [4, [42, 43, 45, 37, 38, 35, 31, 26]]
        ],
        [
            [50, [22, 24, 21, 23]]
        ],
        [
            [12, [39, 36, 40]]
        ],
        [
            [16, [46, 48, 41, 44]]
        ]
    ]
]",,,832.5176418484152,0,10,4.4,,,,,results/sol_best_C101_2.dat_A8_L90_pid2648.txt,(not found),C101_2.dat_A8_L90_r2.log
29,test_data/data_demand_random_50_batch_all1_equal_random/C101_2.dat,8.0,90.0,3,592.8,"[
    [
        [
            [0, [11, 8, 4, 2]],
            [12, [12, 15, 13]],
            [11, []],
            [38, [19, 18, 20]],
            [19, []],
            [15, []],
            [27, []],
            [20, []],
            [24, []],
            [8, []],
            [13, []],
            [18, []],
            [30, []],
            [4, [42, 43, 45, 37, 38, 35, 34, 31]],
            [39, []],
            [33, []],
            [28, []],
            [2, [49, 47, 50]],
            [44, []],
            [36, []],
            [25, []],
            [48, []]
        ],
        [
            [0, [5, 3, 9, 7, 1, 10, 6]],
            [21, [14, 16]],
            [5, []],
            [3, []],
            [32, []],
            [9, []],
            [41, []],
            [40, []],
            [46, []],
            [14, [14]],
            [7, []],
            [1, []],
            [29, [32, 33, 29, 27, 30, 28, 25, 26, 23]],
            [22, [22, 24, 21, 17]],
            [17, []],
            [37, []],
            [49, []],
            [47, []],
            [42, []],
            [34, []],
            [10, []],
            [26, []],
            [31, []],
            [16, [46, 48, 41, 44, 39, 36, 40]],
            [6, []],
            [43, []],
            [50, []],
            [45, []],
            [35, []],
            [23, []]
        ]
    ],
    [
        [
            [21, [14, 16]]
        ],
        [
            [12, [12, 15, 13]]
        ],
        [
            [38, [19, 18, 20]]
        ],
        [
            [4, [42, 43, 45, 37, 38, 35, 34, 31]]
        ],
        [
            [29, [32, 33, 29, 27, 30, 28, 25, 26, 23]]
        ],
        [
            [22, [22, 24, 21, 17]]
        ],
        [
            [2, [49, 47, 50]]
        ],
        [
            [16, [46, 48, 41, 44, 39, 36, 40]]
        ]
    ]
]",,,731.6902152773486,0,8,4.875,,,,,results/sol_best_C101_2.dat_A8_L90_pid2649.txt,(not found),C101_2.dat_A8_L90_r3.log
30,test_data/data_demand_random_50_batch_all1_equal_random/C101_2.dat,8.0,120.0,1,635.27,"[
    [
        [
            [0, [8, 5, 4, 2, 7, 1]],
            [26, []],
            [35, []],
            [50, [15, 13, 14]],
            [31, []],
            [40, []],
            [25, []],
            [29, [29, 26, 27, 30, 28, 25, 18, 20]],
            [18, []],
            [15, []],
            [27, []],
            [20, []],
            [24, []],
            [8, []],
            [13, []],
            [41, []],
            [5, []],
            [28, [34, 31]],
            [4, [42, 43, 45]],
            [2, [49, 47, 50]],
            [21, []],
            [30, []],
            [44, []],
            [36, []],
            [46, []],
            [14, []],
            [7, []],
            [1, []],
            [48, []]
        ],
        [
            [0, [3, 9, 19, 17, 10, 12, 6, 16, 23, 11]],
            [32, []],
            [39, []],
            [33, []],
            [3, []],
            [9, []],
            [19, [37, 38, 35]],
            [22, []],
            [17, []],
            [37, []],
            [49, []],
            [47, []],
            [38, []],
            [42, []],
            [34, []],
            [10, []],
            [12, []],
            [6, [39, 36, 40]],
            [16, [32, 33, 22, 24, 21]],
            [43, []],
            [45, []],
            [23, []],
            [11, [46, 48, 41, 44]]
        ]
    ],
    [
        [
            [19, [37, 38, 35]]
        ],
        [
            [50, [15, 13, 14]]
        ],
        [
            [29, [29, 26, 27, 30, 28, 25, 18, 20]]
        ],
        [
            [28, [34, 31]]
        ],
        [
            [4, [42, 43, 45]]
        ],
        [
            [2, [49, 47, 50]]
        ],
        [
            [6, [39, 36, 40]]
        ],
        [
            [16, [32, 33, 22, 24, 21]]
        ],
        [
            [11, [46, 48, 41, 44]]
        ]
    ]
]",,,755.7455755804899,0,9,3.7777777777777777,,,,,results/sol_best_C101_2.dat_A8_L120_pid2752.txt,(not found),C101_2.dat_A8_L120_r1.log
30,test_data/data_demand_random_50_batch_all1_equal_random/C101_2.dat,8.0,120.0,2,771.65,"[
    [
        [
            [0, [6, 11, 16, 12, 22, 19, 5, 21, 9, 14, 1]],
            [29, [29, 30, 28, 25]],
            [31, []],
            [6, []],
            [50, []],
            [45, []],
            [43, []],
            [11, []],
            [16, [38, 39, 36, 40, 32, 33]],
            [12, []],
            [38, []],
            [22, []],
            [19, []],
            [30, []],
            [32, []],
            [39, []],
            [33, []],
            [28, []],
            [5, []],
            [21, []],
            [9, []],
            [14, [34, 31]],
            [44, []],
            [36, []],
            [1, []],
            [48, []]
        ],
        [
            [0, [7, 18, 13, 8, 24, 20, 15, 2, 3, 4, 17, 10, 23]],
            [25, []],
            [7, []],
            [40, []],
            [46, [27, 26]],
            [41, []],
            [18, []],
            [13, []],
            [8, []],
            [24, []],
            [20, []],
            [27, [27]],
            [15, []],
            [2, [49, 47, 50]],
            [3, []],
            [4, [42, 43, 45, 37, 35]],
            [17, []],
            [37, []],
            [49, []],
            [47, []],
            [42, []],
            [34, []],
            [10, [46, 48, 41, 44]],
            [26, [26]],
            [35, []],
            [23, []]
        ]
    ],
    [
        [
            [46, [27, 26]]
        ],
        [
            [29, [29, 30, 28, 25]]
        ],
        [
            [16, [38, 39, 36, 40, 32, 33]]
        ],
        [
            [2, [49, 47, 50]]
        ],
        [
            [4, [42, 43, 45, 37, 35]]
        ],
        [
            [14, [34, 31]]
        ],
        [
            [10, [46, 48, 41, 44]]
        ]
    ]
]",,,652.6018230771166,0,7,3.7142857142857144,,,,,results/sol_best_C101_2.dat_A8_L120_pid2754.txt,(not found),C101_2.dat_A8_L120_r2.log
30,test_data/data_demand_random_50_batch_all1_equal_random/C101_2.dat,8.0,120.0,3,616.0,"[
    [
        [
            [0, [6, 2, 4, 1]],
            [38, [11, 9, 7]],
            [22, [12, 14, 15]],
            [12, [19, 18]],
            [26, []],
            [6, [22, 24, 21]],
            [31, []],
            [11, []],
            [19, [32, 33, 29, 27, 30, 28, 25]],
            [29, []],
            [40, []],
            [18, [37, 38, 35, 34, 31]],
            [27, [26, 23]],
            [15, []],
            [2, [49, 47, 50]],
            [30, []],
            [32, []],
            [39, []],
            [4, [42, 43, 45]],
            [7, []],
            [14, []],
            [46, []],
            [36, []],
            [44, []],
            [1, []],
            [48, []]
        ],
        [
            [0, [5, 3, 8, 10]],
            [25, []],
            [28, [20, 17, 13, 16]],
            [5, []],
            [33, []],
            [21, []],
            [9, []],
            [3, []],
            [24, []],
            [41, []],
            [8, []],
            [13, [13]],
            [20, [20]],
            [17, [17]],
            [37, []],
            [49, []],
            [47, []],
            [42, []],
            [34, []],
            [10, []],
            [16, [46, 48, 41, 44, 39, 36, 40]],
            [43, []],
            [50, []],
            [45, []],
            [35, []],
            [23, []]
        ]
    ],
    [
        [
            [38, [11, 9, 7]]
        ],
        [
            [22, [12, 14, 15]]
        ],
        [
            [28, [20, 17, 13, 16]]
        ],
        [
            [12, [19, 18]]
        ],
        [
            [6, [22, 24, 21]]
        ],
        [
            [19, [32, 33, 29, 27, 30, 28, 25]]
        ],
        [
            [18, [37, 38, 35, 34, 31]]
        ],
        [
            [27, [26, 23]]
        ],
        [
            [2, [49, 47, 50]]
        ],
        [
            [4, [42, 43, 45]]
        ],
        [
            [16, [46, 48, 41, 44, 39, 36, 40]]
        ]
    ]
]",657.08,"[
    [
        [
            [0, [6, 2, 4, 1]],
            [38, [11, 9, 7]],
            [22, [12, 14, 15]],
            [12, [19, 18]],
            [26, []],
            [6, [22, 24, 21]],
            [31, []],
            [11, []],
            [19, [32, 33, 29, 27, 30, 28, 25]],
            [29, []],
            [40, []],
            [18, [37, 38, 35, 34, 31]],
            [27, [26, 23]],
            [15, []],
            [2, [49, 47, 50]],
            [30, []],
            [32, []],
            [39, []],
            [4, [42, 43, 45]],
            [7, []],
            [14, []],
            [46, []],
            [36, []],
            [44, []],
            [25, []],
            [1, []],
            [48, []]
        ],
        [
            [0, [5, 3, 13, 8, 20, 17, 10, 16]],
            [28, []],
            [5, []],
            [33, []],
            [21, []],
            [9, []],
            [3, []],
            [13, []],
            [41, []],
            [8, []],
            [24, []],
            [20, []],
            [17, []],
            [37, []],
            [49, []],
            [47, []],
            [42, []],
            [34, []],
            [10, []],
            [16, [46, 48, 41, 44, 39, 36, 40]],
            [43, []],
            [50, []],
            [45, []],
            [35, []],
            [23, []]
        ]
    ],
    [
        [
            [38, [11, 9, 7]],
            [22, [12, 14, 15]]
        ],
        [
            [12, [19, 18]]
        ],
        [
            [6, [22, 24, 21]]
        ],
        [
            [19, [32, 33, 29, 27, 30, 28, 25]]
        ],
        [
            [18, [37, 38, 35, 34, 31]]
        ],
        [
            [27, [26, 23]]
        ],
        [
            [2, [49, 47, 50]]
        ],
        [
            [4, [42, 43, 45]]
        ],
        [
            [16, [46, 48, 41, 44, 39, 36, 40]]
        ]
    ]
]",767.8949942343257,0,11,3.8181818181818183,802.898281039555,1,9,4.222222222222222,results/sol_best_C101_2.dat_A8_L120_pid2755.txt,results/sol_best_multi_C101_2.dat_A8_L120_pid2755.txt,C101_2.dat_A8_L120_r3.log
31,test_data/data_demand_random_50_batch_all1_equal_random/C101_3.dat,4.0,60.0,1,1085.8,"[
    [
        [
            [0, [3, 9, 10, 14, 23, 31, 30, 28, 29, 26, 16, 32, 5, 4, 1, 20]],
            [3, []],
            [9, []],
            [10, []],
            [14, []],
            [23, [36, 34, 38, 45, 44, 46, 49, 48]],
            [31, []],
            [30, []],
            [45, [45]],
            [36, [36]],
            [44, [44]],
            [49, [49]],
            [28, []],
            [34, [34]],
            [38, [38]],
            [46, [46]],
            [29, []],
            [26, []],
            [16, []],
            [32, []],
            [5, []],
            [4, []],
            [48, [48]],
            [1, []],
            [20, []]
        ],
        [
            [0, [12, 13, 11, 8, 7, 15, 6, 2, 25, 22, 24, 21, 19, 18, 17, 27, 33]],
            [12, [39, 37, 35]],
            [13, []],
            [11, []],
            [8, []],
            [7, []],
            [15, [42, 43, 40, 41]],
            [6, []],
            [2, []],
            [25, []],
            [22, []],
            [24, []],
            [21, []],
            [42, [42]],
            [43, [43]],
            [19, [50, 47]],
            [39, [39]],
            [40, [40]],
            [18, []],
            [17, []],
            [50, []],
            [37, [37]],
            [27, []],
            [41, [41]],
            [35, [35]],
            [33, []],
            [47, []]
        ]
    ],
    [
        [
            [12, [39, 37, 35]]
        ],
        [
            [23, [36, 34, 38]]
        ],
        [
            [15, [42, 43, 40, 41]]
        ],
        [
            [23, [45, 44, 46]]
        ],
        [
            [23, [49, 48]]
        ],
        [
            [19, [50, 47]]
        ]
    ]
]",,,648.8826266276246,0,6,2.8333333333333335,,,,,results/sol_best_C101_3.dat_A4_L60_pid2700.txt,(not found),C101_3.dat_A4_L60_r1.log
31,test_data/data_demand_random_50_batch_all1_equal_random/C101_3.dat,4.0,60.0,2,798.59,"[
    [
        [
            [0, [10, 14, 3, 5, 4, 1]],
            [47, []],
            [18, [18, 17, 16]],
            [17, []],
            [50, []],
            [37, []],
            [27, []],
            [41, []],
            [10, []],
            [14, []],
            [35, []],
            [33, []],
            [3, [24, 26, 20, 30, 28, 29, 32]],
            [24, []],
            [30, []],
            [45, []],
            [36, []],
            [44, []],
            [49, []],
            [28, []],
            [34, []],
            [38, []],
            [46, []],
            [29, []],
            [26, []],
            [16, []],
            [32, []],
            [5, []],
            [4, []],
            [48, []],
            [1, []],
            [20, []]
        ],
        [
            [0, [6, 2, 11, 8, 7, 9, 13, 12]],
            [6, []],
            [2, []],
            [11, [19, 15]],
            [8, []],
            [7, []],
            [19, [19]],
            [21, []],
            [25, []],
            [22, []],
            [31, []],
            [9, [36, 34, 38]],
            [13, [21, 25, 22, 23, 27, 33, 31, 39, 37, 35]],
            [15, [42, 43, 40, 41]],
            [42, []],
            [43, []],
            [23, [50, 47]],
            [39, []],
            [40, []],
            [12, [45, 44, 46, 49, 48]]
        ]
    ],
    [
        [
            [11, [19, 15]]
        ],
        [
            [18, [18, 17, 16]]
        ],
        [
            [3, [24, 26, 20]]
        ],
        [
            [3, [30, 28, 29, 32]]
        ],
        [
            [9, [36, 34, 38]]
        ],
        [
            [13, [21, 25, 22, 23]]
        ],
        [
            [13, [27, 33, 31]]
        ],
        [
            [13, [39, 37, 35]]
        ],
        [
            [15, [42, 43, 40, 41]]
        ],
        [
            [23, [50, 47]]
        ],
        [
            [12, [45, 44, 46]]
        ],
        [
            [12, [49, 48]]
        ]
    ]
]",,,672.1481872729346,0,12,3.0,,,,,results/sol_best_C101_3.dat_A4_L60_pid2702.txt,(not found),C101_3.dat_A4_L60_r2.log
31,test_data/data_demand_random_50_batch_all1_equal_random/C101_3.dat,4.0,60.0,3,972.59,"[
    [
        [
            [0, [31, 30, 24, 9, 28, 14, 29, 26, 16, 32, 5, 4, 1, 19]],
            [45, []],
            [36, []],
            [31, []],
            [30, []],
            [24, []],
            [9, []],
            [44, []],
            [49, []],
            [28, []],
            [14, []],
            [46, []],
            [29, []],
            [26, []],
            [16, []],
            [32, []],
            [5, []],
            [4, []],
            [48, []],
            [1, []],
            [47, []],
            [19, [50, 47]]
        ],
        [
            [0, [3, 13, 8, 7, 6, 2, 12, 11, 10]],
            [34, []],
            [38, [15, 18, 17]],
            [3, []],
            [13, [25, 22, 23, 20, 21]],
            [43, []],
            [8, []],
            [7, []],
            [6, []],
            [2, []],
            [25, []],
            [22, []],
            [15, [39, 37, 35]],
            [21, []],
            [12, [27, 33, 36, 34, 38]],
            [39, [45, 44, 46]],
            [42, [42, 43, 40, 41]],
            [11, []],
            [23, [49, 48]],
            [40, []],
            [18, [18]],
            [17, [17]],
            [50, []],
            [37, []],
            [27, []],
            [41, []],
            [10, []],
            [35, []],
            [33, []],
            [20, []]
        ]
    ],
    [
        [
            [38, [15, 18, 17]]
        ],
        [
            [13, [25, 22, 23, 20, 21]]
        ],
        [
            [15, [39, 37, 35]]
        ],
        [
            [12, [27, 33]]
        ],
        [
            [12, [36, 34, 38]]
        ],
        [
            [39, [45, 44, 46]]
        ],
        [
            [42, [42, 43, 40, 41]]
        ],
        [
            [23, [49, 48]]
        ],
        [
            [19, [50, 47]]
        ]
    ]
]",,,1031.8187807194247,0,9,3.0,,,,,results/sol_best_C101_3.dat_A4_L60_pid2703.txt,(not found),C101_3.dat_A4_L60_r3.log
32,test_data/data_demand_random_50_batch_all1_equal_random/C101_3.dat,4.0,90.0,1,1005.59,"[
    [
        [
            [0, [7, 19, 24, 3, 9, 12, 6, 30, 25, 22, 28, 29, 26, 5, 4, 1]],
            [7, []],
            [19, []],
            [24, [36, 34, 38]],
            [3, [45, 44, 46]],
            [9, []],
            [12, []],
            [6, [42, 43, 40, 41]],
            [30, []],
            [25, []],
            [22, []],
            [45, []],
            [36, []],
            [44, []],
            [49, []],
            [28, []],
            [34, []],
            [38, []],
            [46, []],
            [29, []],
            [26, []],
            [5, []],
            [4, []],
            [48, []],
            [1, []],
            [47, []]
        ],
        [
            [0, [16, 2, 15, 13, 11, 8, 23, 21, 18, 17, 10, 14, 20]],
            [16, [32, 31, 27, 33]],
            [32, [32]],
            [31, [39, 37, 35]],
            [2, []],
            [15, []],
            [13, []],
            [11, []],
            [8, []],
            [23, [50, 47]],
            [43, []],
            [42, []],
            [21, []],
            [39, []],
            [40, []],
            [18, []],
            [17, []],
            [50, []],
            [37, []],
            [27, [27]],
            [41, []],
            [10, []],
            [14, [49, 48]],
            [35, []],
            [33, [33]],
            [20, []]
        ]
    ],
    [
        [
            [16, [32, 31, 27, 33]]
        ],
        [
            [31, [39, 37, 35]]
        ],
        [
            [24, [36, 34, 38]]
        ],
        [
            [3, [45, 44, 46]]
        ],
        [
            [6, [42, 43, 40, 41]]
        ],
        [
            [23, [50, 47]]
        ],
        [
            [14, [49, 48]]
        ]
    ]
]",,,887.684150108684,0,7,3.0,,,,,results/sol_best_C101_3.dat_A4_L90_pid2747.txt,(not found),C101_3.dat_A4_L90_r1.log
32,test_data/data_demand_random_50_batch_all1_equal_random/C101_3.dat,4.0,90.0,2,852.17,"[
    [
        [
            [0, [3, 2, 5]],
            [49, []],
            [34, []],
            [35, [9, 6, 10]],
            [50, []],
            [44, [14]],
            [18, [18]],
            [36, []],
            [45, []],
            [24, []],
            [31, []],
            [25, []],
            [22, []],
            [3, [24, 25, 22, 23, 21, 33]],
            [9, [31, 28, 29, 32, 30]],
            [2, []],
            [30, [36, 34, 38, 35, 37]],
            [6, []],
            [28, []],
            [33, []],
            [37, []],
            [27, []],
            [41, []],
            [10, []],
            [14, [49, 48]],
            [32, []],
            [5, []]
        ],
        [
            [0, [4, 17, 15, 12, 8, 7, 13, 11, 19, 16, 1]],
            [4, []],
            [29, []],
            [48, []],
            [17, [20, 26]],
            [20, [20]],
            [21, []],
            [15, []],
            [12, [42, 43, 40, 41]],
            [42, []],
            [43, []],
            [23, [45, 44, 46, 27]],
            [8, []],
            [7, []],
            [13, []],
            [11, []],
            [19, [50, 47, 39]],
            [39, []],
            [40, []],
            [38, []],
            [46, []],
            [16, []],
            [1, []],
            [26, [26]],
            [47, []]
        ]
    ],
    [
        [
            [17, [20, 26]]
        ],
        [
            [35, [9, 6, 10]]
        ],
        [
            [44, [14]]
        ],
        [
            [18, [18]]
        ],
        [
            [3, [24, 25, 22, 23, 21, 33]]
        ],
        [
            [9, [31, 28, 29, 32, 30]]
        ],
        [
            [30, [36, 34, 38, 35, 37]]
        ],
        [
            [12, [42, 43, 40, 41]]
        ],
        [
            [23, [45, 44, 46, 27]]
        ],
        [
            [19, [50, 47, 39]]
        ],
        [
            [14, [49, 48]]
        ]
    ]
]",,,1059.7931689826644,0,11,3.272727272727273,,,,,results/sol_best_C101_3.dat_A4_L90_pid2749.txt,(not found),C101_3.dat_A4_L90_r2.log
32,test_data/data_demand_random_50_batch_all1_equal_random/C101_3.dat,4.0,90.0,3,952.59,"[
    [
        [
            [0, [19, 25, 24, 3, 9, 10, 14, 12, 26, 16, 5, 1]],
            [19, []],
            [36, [31, 28, 29, 32, 30, 27, 33]],
            [31, []],
            [25, []],
            [45, []],
            [24, [35, 36, 34, 38]],
            [3, [45, 44, 46]],
            [9, []],
            [35, []],
            [10, []],
            [14, [49, 48]],
            [44, []],
            [49, []],
            [28, []],
            [12, []],
            [38, []],
            [46, []],
            [29, []],
            [26, []],
            [16, []],
            [32, []],
            [5, []],
            [1, []],
            [47, []]
        ],
        [
            [0, [4, 2, 13, 11, 8, 7, 15, 6, 18, 17]],
            [4, []],
            [48, []],
            [34, [22, 21, 23, 20]],
            [22, [22]],
            [2, []],
            [13, []],
            [11, []],
            [8, []],
            [7, []],
            [15, []],
            [30, []],
            [6, [42, 43, 40, 41]],
            [21, [21]],
            [42, []],
            [43, []],
            [23, [50, 47, 39, 37]],
            [39, []],
            [40, []],
            [18, []],
            [17, []],
            [50, []],
            [37, []],
            [27, []],
            [41, []],
            [33, []],
            [20, [20]]
        ]
    ],
    [
        [
            [34, [22, 21, 23, 20]]
        ],
        [
            [36, [31, 28, 29, 32]]
        ],
        [
            [36, [30, 27, 33]]
        ],
        [
            [24, [35, 36, 34, 38]]
        ],
        [
            [3, [45, 44, 46]]
        ],
        [
            [6, [42, 43, 40, 41]]
        ],
        [
            [14, [49, 48]]
        ],
        [
            [23, [50, 47, 39, 37]]
        ]
    ]
]",,,956.5553548780338,0,8,3.5,,,,,results/sol_best_C101_3.dat_A4_L90_pid2750.txt,(not found),C101_3.dat_A4_L90_r3.log
33,test_data/data_demand_random_50_batch_all1_equal_random/C101_3.dat,4.0,120.0,1,937.59,"[
    [
        [
            [0, [3, 10, 9, 5, 4, 1]],
            [35, []],
            [33, [12]],
            [3, [19, 16, 17]],
            [50, []],
            [12, [24, 25, 22, 26]],
            [19, [30, 28, 29, 32, 31, 27, 33]],
            [22, []],
            [45, []],
            [36, []],
            [24, []],
            [30, [36, 34, 38]],
            [37, []],
            [27, []],
            [10, []],
            [41, []],
            [17, []],
            [44, []],
            [9, [45, 44, 46]],
            [28, []],
            [34, []],
            [38, []],
            [46, []],
            [29, []],
            [26, []],
            [16, []],
            [32, []],
            [5, []],
            [4, []],
            [48, []],
            [1, []],
            [47, []]
        ],
        [
            [0, [2, 13, 11, 8, 21, 7, 6, 15, 23, 18, 14, 20]],
            [2, []],
            [25, []],
            [31, []],
            [13, [39, 37, 35]],
            [11, []],
            [8, []],
            [21, []],
            [42, []],
            [43, []],
            [7, []],
            [6, [42, 43, 40, 41]],
            [15, []],
            [23, [50, 47]],
            [39, []],
            [40, []],
            [18, []],
            [49, []],
            [14, [49, 48]],
            [20, []]
        ]
    ],
    [
        [
            [33, [12]]
        ],
        [
            [3, [19, 16, 17]]
        ],
        [
            [12, [24, 25, 22, 26]]
        ],
        [
            [19, [30, 28, 29, 32]]
        ],
        [
            [19, [31, 27, 33]]
        ],
        [
            [30, [36, 34, 38]]
        ],
        [
            [13, [39, 37, 35]]
        ],
        [
            [6, [42, 43, 40, 41]]
        ],
        [
            [23, [50, 47]]
        ],
        [
            [9, [45, 44, 46]]
        ],
        [
            [14, [49, 48]]
        ]
    ]
]",,,954.8611287341838,0,11,2.909090909090909,,,,,results/sol_best_C101_3.dat_A4_L120_pid2718.txt,(not found),C101_3.dat_A4_L120_r1.log
33,test_data/data_demand_random_50_batch_all1_equal_random/C101_3.dat,4.0,120.0,2,834.08,"[
    [
        [
            [0, [4, 5, 1, 2, 3]],
            [48, []],
            [4, []],
            [47, []],
            [5, [9, 10, 6]],
            [1, []],
            [32, []],
            [21, []],
            [6, []],
            [30, []],
            [31, []],
            [2, []],
            [15, [15, 16, 14, 17]],
            [9, []],
            [44, []],
            [33, []],
            [50, []],
            [37, []],
            [24, []],
            [36, []],
            [22, []],
            [25, []],
            [45, []],
            [3, [45, 44, 46, 33]],
            [17, []],
            [14, [49, 48]],
            [28, []]
        ],
        [
            [0, [13, 11, 8, 7, 12]],
            [27, [18, 19]],
            [41, []],
            [10, []],
            [35, []],
            [20, [20, 23, 24, 26, 30, 28, 29, 32]],
            [46, []],
            [16, []],
            [29, []],
            [26, []],
            [49, []],
            [18, [18]],
            [23, [36, 34, 38, 35]],
            [43, []],
            [42, [25, 22, 31, 21, 27]],
            [13, []],
            [11, []],
            [8, []],
            [7, []],
            [19, [50, 47, 39, 37]],
            [39, []],
            [40, []],
            [12, [42, 43, 40, 41]],
            [34, []],
            [38, []]
        ]
    ],
    [
        [
            [27, [18, 19]]
        ],
        [
            [5, [9, 10, 6]]
        ],
        [
            [15, [15, 16, 14, 17]]
        ],
        [
            [3, [45, 44, 46, 33]]
        ],
        [
            [20, [20, 23, 24, 26]]
        ],
        [
            [20, [30, 28, 29, 32]]
        ],
        [
            [23, [36, 34, 38, 35]]
        ],
        [
            [42, [25, 22, 31, 21, 27]]
        ],
        [
            [14, [49, 48]]
        ],
        [
            [19, [50, 47, 39, 37]]
        ],
        [
            [12, [42, 43, 40, 41]]
        ]
    ]
]",,,1042.5328114635283,0,11,3.6363636363636362,,,,,results/sol_best_C101_3.dat_A4_L120_pid2720.txt,(not found),C101_3.dat_A4_L120_r2.log
33,test_data/data_demand_random_50_batch_all1_equal_random/C101_3.dat,4.0,120.0,3,993.39,"[
    [
        [
            [0, [28, 3, 9, 12, 24, 22, 25, 36, 34, 35, 10, 14, 16, 32, 5, 4, 1, 29, 26]],
            [28, []],
            [3, []],
            [9, []],
            [12, []],
            [24, [45, 44, 46]],
            [22, []],
            [25, []],
            [45, []],
            [36, []],
            [44, []],
            [49, []],
            [34, []],
            [35, []],
            [10, []],
            [14, [49, 48]],
            [46, []],
            [16, []],
            [32, []],
            [5, []],
            [4, []],
            [48, []],
            [1, []],
            [29, []],
            [26, []],
            [47, []]
        ],
        [
            [0, [23, 15, 31, 6, 2, 30, 21, 19, 11, 8, 7, 13, 18, 17, 27, 33, 20]],
            [23, [39, 38, 37]],
            [15, []],
            [31, []],
            [6, []],
            [2, [42, 43, 40, 41]],
            [30, []],
            [21, []],
            [19, []],
            [11, []],
            [8, []],
            [7, []],
            [13, [50, 47]],
            [42, []],
            [43, []],
            [39, [39, 39, 39]],
            [40, []],
            [38, [38, 38, 38]],
            [18, []],
            [17, []],
            [50, []],
            [37, [37, 37, 37]],
            [27, []],
            [41, []],
            [33, []],
            [20, []]
        ]
    ],
    [
        [
            [23, [39, 38, 37]]
        ],
        [
            [24, [45, 44, 46]]
        ],
        [
            [2, [42, 43, 40, 41]]
        ],
        [
            [14, [49, 48]]
        ],
        [
            [13, [50, 47]]
        ]
    ]
]",,,730.4443662245837,0,5,2.8,,,,,results/sol_best_C101_3.dat_A4_L120_pid2721.txt,(not found),C101_3.dat_A4_L120_r3.log
34,test_data/data_demand_random_50_batch_all1_equal_random/C101_3.dat,8.0,60.0,1,781.54,"[
    [
        [
            [0, [3, 5, 4, 1]],
            [18, []],
            [44, []],
            [49, []],
            [50, []],
            [33, []],
            [47, [10, 9]],
            [37, []],
            [27, []],
            [41, []],
            [35, []],
            [3, [14, 11, 12, 17, 23, 26, 20, 24, 16]],
            [10, []],
            [14, []],
            [17, []],
            [9, [36, 34, 38, 31, 30, 28, 29, 32]],
            [28, []],
            [34, []],
            [38, []],
            [46, []],
            [20, []],
            [29, []],
            [16, []],
            [32, []],
            [5, []],
            [4, []],
            [48, []],
            [1, []],
            [26, []],
            [12, [49, 48, 45, 44, 46]]
        ],
        [
            [0, [6, 2, 7, 8, 13]],
            [11, []],
            [23, []],
            [36, []],
            [24, []],
            [6, []],
            [2, []],
            [7, [25, 22, 21, 19, 15, 18]],
            [19, []],
            [15, []],
            [30, []],
            [25, []],
            [45, []],
            [22, []],
            [31, []],
            [8, [39, 37, 35, 27, 33]],
            [21, []],
            [42, []],
            [13, [50, 47, 42, 43, 40, 41]],
            [43, []],
            [39, []],
            [40, []]
        ]
    ],
    [
        [
            [47, [10, 9]]
        ],
        [
            [3, [14, 11, 12, 17]]
        ],
        [
            [3, [23, 26, 20, 24, 16]]
        ],
        [
            [9, [36, 34, 38, 31, 30, 28, 29, 32]]
        ],
        [
            [7, [25, 22, 21, 19, 15, 18]]
        ],
        [
            [12, [49, 48, 45, 44, 46]]
        ],
        [
            [8, [39, 37, 35, 27, 33]]
        ],
        [
            [13, [50, 47, 42, 43, 40, 41]]
        ]
    ]
]",,,1084.9066553535672,0,8,5.125,,,,,results/sol_best_C101_3.dat_A8_L60_pid2747.txt,(not found),C101_3.dat_A8_L60_r1.log
34,test_data/data_demand_random_50_batch_all1_equal_random/C101_3.dat,8.0,60.0,2,781.54,"[
    [
        [
            [0, [3, 5, 4, 1]],
            [17, []],
            [33, []],
            [20, [10, 6, 14, 12]],
            [35, []],
            [14, []],
            [10, []],
            [50, []],
            [37, []],
            [27, []],
            [41, []],
            [3, [23, 26, 20, 16]],
            [6, []],
            [31, []],
            [30, []],
            [36, []],
            [44, []],
            [49, []],
            [28, []],
            [34, []],
            [46, []],
            [29, []],
            [26, []],
            [16, []],
            [32, []],
            [5, []],
            [4, []],
            [48, []],
            [1, []],
            [47, []],
            [18, []],
            [38, []],
            [12, [49, 48, 45, 44, 46]]
        ],
        [
            [0, [7, 11, 9, 2, 8, 13]],
            [45, []],
            [15, []],
            [23, []],
            [7, [25, 22, 24, 21, 19, 15, 18, 17]],
            [19, []],
            [11, []],
            [25, []],
            [22, []],
            [24, []],
            [9, [36, 34, 38, 31, 30, 28, 29, 32]],
            [2, []],
            [8, [39, 37, 35, 27, 33]],
            [21, []],
            [42, []],
            [13, [50, 47, 42, 43, 40, 41]],
            [43, []],
            [39, []],
            [40, []]
        ]
    ],
    [
        [
            [20, [10, 6]]
        ],
        [
            [20, [14, 12]]
        ],
        [
            [3, [23, 26, 20, 16]]
        ],
        [
            [7, [25, 22, 24, 21, 19, 15, 18, 17]]
        ],
        [
            [12, [49, 48, 45, 44, 46]]
        ],
        [
            [9, [36, 34, 38, 31, 30, 28, 29, 32]]
        ],
        [
            [8, [39, 37, 35, 27, 33]]
        ],
        [
            [13, [50, 47, 42, 43, 40, 41]]
        ]
    ]
]",,,1014.4267827858616,0,8,5.0,,,,,results/sol_best_C101_3.dat_A8_L60_pid2749.txt,(not found),C101_3.dat_A8_L60_r2.log
34,test_data/data_demand_random_50_batch_all1_equal_random/C101_3.dat,8.0,60.0,3,773.54,"[
    [
        [
            [0, [2, 5, 4, 1]],
            [40, []],
            [18, []],
            [32, []],
            [20, [10]],
            [33, []],
            [14, []],
            [10, []],
            [35, []],
            [27, []],
            [41, []],
            [37, []],
            [50, []],
            [49, [14]],
            [24, []],
            [31, []],
            [30, []],
            [2, []],
            [17, []],
            [28, []],
            [34, []],
            [44, []],
            [46, []],
            [16, []],
            [5, []],
            [4, []],
            [48, []],
            [1, []],
            [47, []],
            [13, [50, 47, 42, 43, 40, 41]]
        ],
        [
            [0, [6, 8, 7, 9, 3]],
            [29, []],
            [26, []],
            [45, []],
            [36, []],
            [6, []],
            [11, [19, 15, 18, 17, 11, 13, 12]],
            [8, []],
            [7, []],
            [19, []],
            [15, []],
            [25, []],
            [22, []],
            [9, [36, 34, 38]],
            [3, [31, 30, 28, 29, 32, 24, 26, 16]],
            [23, [23, 25, 22, 21, 20, 39, 37, 35, 27, 33]],
            [42, []],
            [21, []],
            [43, []],
            [39, []],
            [12, [49, 48, 45, 44, 46]],
            [38, []]
        ]
    ],
    [
        [
            [20, [10]]
        ],
        [
            [49, [14]]
        ],
        [
            [11, [19, 15, 18, 17, 11, 13, 12]]
        ],
        [
            [9, [36, 34, 38]]
        ],
        [
            [3, [31, 30, 28, 29, 32, 24, 26, 16]]
        ],
        [
            [23, [23, 25, 22, 21, 20]]
        ],
        [
            [23, [39, 37, 35, 27, 33]]
        ],
        [
            [13, [50, 47, 42, 43, 40, 41]]
        ],
        [
            [12, [49, 48, 45, 44, 46]]
        ]
    ]
]",,,1067.308602949196,0,9,4.555555555555555,,,,,results/sol_best_C101_3.dat_A8_L60_pid2750.txt,(not found),C101_3.dat_A8_L60_r3.log
35,test_data/data_demand_random_50_batch_all1_equal_random/C101_3.dat,8.0,90.0,1,842.08,"[
    [
        [
            [0, [4, 2, 3, 5, 1]],
            [43, []],
            [42, []],
            [37, []],
            [27, [6, 9, 10]],
            [41, []],
            [50, []],
            [33, []],
            [16, []],
            [48, []],
            [4, [15, 16, 14, 18]],
            [32, []],
            [18, []],
            [28, [25, 22, 23, 21, 26]],
            [36, []],
            [45, []],
            [25, []],
            [2, [30]],
            [30, []],
            [22, [31, 28, 32]],
            [31, []],
            [6, []],
            [15, []],
            [23, [35, 36, 34, 38]],
            [21, []],
            [3, [45, 44, 46]],
            [9, []],
            [35, []],
            [10, []],
            [14, [49, 48]],
            [5, []],
            [1, []],
            [26, [26]],
            [47, []]
        ],
        [
            [0, [20, 17, 24, 12, 13, 11, 8, 7, 19]],
            [34, []],
            [38, []],
            [49, []],
            [46, []],
            [20, []],
            [17, []],
            [24, []],
            [44, []],
            [12, [42, 43, 40, 41, 39, 37]],
            [13, []],
            [11, []],
            [8, []],
            [7, []],
            [19, [50, 47]],
            [39, []],
            [40, []],
            [29, [29, 27, 33]]
        ]
    ],
    [
        [
            [27, [6, 9, 10]]
        ],
        [
            [4, [15, 16, 14, 18]]
        ],
        [
            [28, [25, 22, 23, 21, 26]]
        ],
        [
            [2, [30]]
        ],
        [
            [22, [31, 28, 32]]
        ],
        [
            [23, [35, 36, 34, 38]]
        ],
        [
            [3, [45, 44, 46]]
        ],
        [
            [12, [42, 43, 40, 41, 39, 37]]
        ],
        [
            [14, [49, 48]]
        ],
        [
            [19, [50, 47]]
        ],
        [
            [29, [29, 27, 33]]
        ]
    ]
]",,,1141.0883558861108,0,11,3.272727272727273,,,,,results/sol_best_C101_3.dat_A8_L90_pid2679.txt,(not found),C101_3.dat_A8_L90_r1.log
35,test_data/data_demand_random_50_batch_all1_equal_random/C101_3.dat,8.0,90.0,2,874.62,"[
    [
        [
            [0, [3, 5, 1]],
            [26, []],
            [47, []],
            [9, [9, 10]],
            [44, []],
            [37, []],
            [27, []],
            [10, []],
            [3, [16, 18, 13]],
            [33, []],
            [20, [20, 23, 25, 26]],
            [40, []],
            [31, []],
            [25, []],
            [45, []],
            [36, []],
            [18, []],
            [49, []],
            [28, []],
            [34, []],
            [38, []],
            [21, []],
            [39, []],
            [42, []],
            [43, []],
            [13, [50, 47]],
            [46, []],
            [29, []],
            [16, []],
            [32, []],
            [5, []],
            [1, []]
        ],
        [
            [0, [12, 4, 11, 8, 7, 6, 2, 14]],
            [12, []],
            [4, [19, 15, 17]],
            [48, []],
            [24, [24, 22, 21]],
            [23, [33, 31, 28, 29, 32]],
            [19, [30, 27]],
            [11, []],
            [8, []],
            [7, []],
            [15, [15]],
            [6, [39, 37, 35]],
            [30, []],
            [22, []],
            [2, [42, 43, 40, 41]],
            [17, [17]],
            [50, []],
            [41, []],
            [35, []],
            [14, [49, 48, 45, 44, 46, 36, 34, 38]]
        ]
    ],
    [
        [
            [4, [19, 15, 17]]
        ],
        [
            [9, [9, 10]]
        ],
        [
            [3, [16, 18, 13]]
        ],
        [
            [20, [20, 23, 25, 26]]
        ],
        [
            [24, [24, 22, 21]]
        ],
        [
            [23, [33, 31, 28, 29, 32]]
        ],
        [
            [19, [30, 27]]
        ],
        [
            [6, [39, 37, 35]]
        ],
        [
            [2, [42, 43, 40, 41]]
        ],
        [
            [13, [50, 47]]
        ],
        [
            [14, [49, 48, 45, 44, 46, 36, 34, 38]]
        ]
    ]
]",,,1049.1541317948875,0,11,3.5454545454545454,,,,,results/sol_best_C101_3.dat_A8_L90_pid2681.txt,(not found),C101_3.dat_A8_L90_r2.log
35,test_data/data_demand_random_50_batch_all1_equal_random/C101_3.dat,8.0,90.0,3,834.08,"[
    [
        [
            [0, [3, 5]],
            [20, []],
            [42, []],
            [43, []],
            [45, [10, 9]],
            [50, [14]],
            [41, []],
            [10, [16, 19, 12, 15, 17]],
            [35, []],
            [33, []],
            [3, [30, 28, 29, 32, 27]],
            [9, []],
            [12, []],
            [19, []],
            [21, []],
            [15, []],
            [30, []],
            [24, []],
            [28, []],
            [14, [49, 48, 45, 44, 46, 36, 34, 38]],
            [32, []],
            [5, []]
        ],
        [
            [0, [1, 4, 6, 2, 8, 7]],
            [46, [11, 13]],
            [16, []],
            [1, []],
            [47, []],
            [17, []],
            [44, []],
            [49, []],
            [34, []],
            [18, []],
            [29, []],
            [48, []],
            [4, []],
            [26, []],
            [37, [31, 33, 20, 18]],
            [27, []],
            [36, []],
            [25, [25, 22, 24, 26, 21, 23]],
            [22, []],
            [31, []],
            [6, []],
            [2, [42, 43, 40, 41]],
            [23, [39, 37, 35]],
            [11, [11]],
            [8, []],
            [7, []],
            [13, [50, 47]],
            [39, []],
            [40, []],
            [38, []]
        ]
    ],
    [
        [
            [46, [11, 13]]
        ],
        [
            [45, [10, 9]]
        ],
        [
            [50, [14]]
        ],
        [
            [10, [16, 19, 12, 15, 17]]
        ],
        [
            [3, [30, 28, 29, 32, 27]]
        ],
        [
            [37, [31, 33, 20, 18]]
        ],
        [
            [25, [25, 22, 24, 26, 21, 23]]
        ],
        [
            [2, [42, 43, 40, 41]]
        ],
        [
            [14, [49, 48, 45, 44, 46, 36, 34, 38]]
        ],
        [
            [23, [39, 37, 35]]
        ],
        [
            [13, [50, 47]]
        ]
    ]
]",,,1117.82793096954,0,11,3.8181818181818183,,,,,results/sol_best_C101_3.dat_A8_L90_pid2682.txt,(not found),C101_3.dat_A8_L90_r3.log
36,test_data/data_demand_random_50_batch_all1_equal_random/C101_3.dat,8.0,120.0,1,912.23,"[
    [
        [
            [0, [2, 3, 5]],
            [9, []],
            [41, []],
            [37, [6, 9, 10]],
            [27, []],
            [43, [15, 16, 17, 19]],
            [15, []],
            [42, []],
            [6, [22, 25, 23, 24]],
            [36, []],
            [24, [21, 26, 20]],
            [45, []],
            [25, [30, 28, 29, 32, 31, 33]],
            [22, []],
            [2, []],
            [17, []],
            [50, []],
            [33, []],
            [35, []],
            [10, []],
            [44, []],
            [49, []],
            [3, [45, 44, 46]],
            [28, []],
            [34, []],
            [38, []],
            [19, [50, 47]],
            [46, []],
            [16, []],
            [32, []],
            [5, []]
        ],
        [
            [0, [4, 1, 11, 8, 7, 13, 12, 14]],
            [31, [18]],
            [30, []],
            [21, []],
            [4, []],
            [48, []],
            [29, [39, 37, 27]],
            [26, []],
            [1, []],
            [47, []],
            [23, [36, 34, 38, 35]],
            [11, []],
            [8, []],
            [7, []],
            [13, []],
            [39, []],
            [40, []],
            [12, [42, 43, 40, 41]],
            [18, [18]],
            [14, [49, 48]],
            [20, []]
        ]
    ],
    [
        [
            [31, [18]]
        ],
        [
            [37, [6, 9, 10]]
        ],
        [
            [43, [15, 16, 17, 19]]
        ],
        [
            [6, [22, 25, 23, 24]]
        ],
        [
            [24, [21, 26, 20]]
        ],
        [
            [25, [30, 28, 29, 32, 31, 33]]
        ],
        [
            [29, [39, 37, 27]]
        ],
        [
            [3, [45, 44, 46]]
        ],
        [
            [23, [36, 34, 38, 35]]
        ],
        [
            [12, [42, 43, 40, 41]]
        ],
        [
            [19, [50, 47]]
        ],
        [
            [14, [49, 48]]
        ]
    ]
]",,,1097.1953188327382,0,12,3.25,,,,,results/sol_best_C101_3.dat_A8_L120_pid2678.txt,(not found),C101_3.dat_A8_L120_r1.log
36,test_data/data_demand_random_50_batch_all1_equal_random/C101_3.dat,8.0,120.0,2,834.08,"[
    [
        [
            [0, [2, 6, 3, 10, 5]],
            [38, []],
            [27, [14]],
            [37, []],
            [24, [15, 16, 17]],
            [2, [23, 25, 22, 24, 26, 20, 21]],
            [21, []],
            [15, []],
            [23, [30, 28, 29, 32, 31, 27]],
            [6, []],
            [31, []],
            [22, []],
            [30, []],
            [25, [36, 34, 38, 35]],
            [45, []],
            [36, []],
            [3, []],
            [17, []],
            [50, []],
            [33, []],
            [41, []],
            [10, []],
            [35, []],
            [14, [49, 48, 45, 44, 46]],
            [32, []],
            [5, []]
        ],
        [
            [0, [4, 1, 9, 13, 11, 8, 7, 12]],
            [4, [19, 18]],
            [48, []],
            [1, []],
            [47, []],
            [29, []],
            [46, []],
            [34, []],
            [9, []],
            [44, []],
            [20, []],
            [16, []],
            [26, []],
            [13, [39, 37, 33]],
            [11, []],
            [8, []],
            [7, []],
            [12, [42, 43, 40, 41]],
            [42, []],
            [43, []],
            [19, [50, 47]],
            [39, []],
            [40, []],
            [18, [18]],
            [49, []],
            [28, []]
        ]
    ],
    [
        [
            [4, [19, 18]]
        ],
        [
            [27, [14]]
        ],
        [
            [24, [15, 16, 17]]
        ],
        [
            [2, [23, 25, 22, 24, 26, 20, 21]]
        ],
        [
            [23, [30, 28, 29, 32, 31, 27]]
        ],
        [
            [25, [36, 34, 38, 35]]
        ],
        [
            [13, [39, 37, 33]]
        ],
        [
            [14, [49, 48, 45, 44, 46]]
        ],
        [
            [12, [42, 43, 40, 41]]
        ],
        [
            [19, [50, 47]]
        ]
    ]
]",,,1003.783813430456,0,10,3.7,,,,,results/sol_best_C101_3.dat_A8_L120_pid2680.txt,(not found),C101_3.dat_A8_L120_r2.log
36,test_data/data_demand_random_50_batch_all1_equal_random/C101_3.dat,8.0,120.0,3,834.08,"[
    [
        [
            [0, [3]],
            [38, []],
            [49, []],
            [8, [8, 7, 10]],
            [7, []],
            [42, []],
            [33, []],
            [50, [12, 14]],
            [17, [17, 15, 16, 18]],
            [28, []],
            [15, []],
            [25, [25, 22, 24, 26, 20]],
            [22, []],
            [30, []],
            [3, [27, 33]],
            [18, []],
            [12, []],
            [24, [30, 28, 29, 32]],
            [45, []],
            [36, []],
            [37, []],
            [27, []],
            [41, []],
            [10, []],
            [35, []],
            [14, [49, 48, 45, 44, 46, 36, 34, 38]],
            [32, []],
            [29, []]
        ],
        [
            [0, [4, 1, 9, 5, 2, 6, 11, 13]],
            [4, []],
            [48, []],
            [1, []],
            [26, []],
            [34, []],
            [9, []],
            [44, []],
            [47, []],
            [5, []],
            [16, []],
            [20, []],
            [46, []],
            [23, [39, 37, 35, 31, 23, 21]],
            [31, []],
            [2, [42, 43, 40, 41]],
            [6, [19]],
            [21, []],
            [19, [19]],
            [11, []],
            [13, [50, 47]],
            [43, []],
            [39, []],
            [40, []]
        ]
    ],
    [
        [
            [8, [8, 7, 10]]
        ],
        [
            [50, [12, 14]]
        ],
        [
            [17, [17, 15, 16, 18]]
        ],
        [
            [25, [25, 22, 24, 26, 20]]
        ],
        [
            [3, [27, 33]]
        ],
        [
            [24, [30, 28, 29, 32]]
        ],
        [
            [23, [39, 37, 35, 31, 23, 21]]
        ],
        [
            [2, [42, 43, 40, 41]]
        ],
        [
            [6, [19]]
        ],
        [
            [14, [49, 48, 45, 44, 46, 36, 34, 38]]
        ],
        [
            [13, [50, 47]]
        ]
    ]
]",,,1106.0538753156948,0,11,3.727272727272727,,,,,results/sol_best_C101_3.dat_A8_L120_pid2681.txt,(not found),C101_3.dat_A8_L120_r3.log
37,test_data/data_demand_random_50_batch_all1_equal_random/C201_0.5.dat,4.0,60.0,1,589.0,"[
    [
        [
            [0, [13, 19, 7, 6, 15, 3, 5, 17, 10, 12, 1, 22, 14, 20]],
            [13, []],
            [19, []],
            [7, []],
            [6, [39, 41, 42, 47, 49, 46, 43]],
            [47, []],
            [39, [35, 36, 38, 25]],
            [46, [34, 32, 27, 28]],
            [25, []],
            [15, []],
            [27, []],
            [3, []],
            [5, []],
            [43, []],
            [28, []],
            [35, []],
            [34, []],
            [17, []],
            [10, []],
            [12, []],
            [41, []],
            [49, []],
            [36, []],
            [1, []],
            [42, []],
            [22, []],
            [32, []],
            [14, []],
            [38, []],
            [20, [48, 50]]
        ],
        [
            [0, [30, 26, 24, 4, 23, 37, 21, 33, 16, 8, 2, 11, 29, 18, 9, 31]],
            [30, []],
            [26, [44, 45, 40]],
            [24, []],
            [44, [44]],
            [4, []],
            [23, []],
            [48, []],
            [37, []],
            [21, []],
            [40, [40]],
            [50, []],
            [33, []],
            [16, []],
            [8, []],
            [2, []],
            [11, []],
            [29, []],
            [45, [45]],
            [18, []],
            [9, []],
            [31, []]
        ]
    ],
    [
        [
            [26, [44, 45, 40]]
        ],
        [
            [6, [39, 41, 42]],
            [6, [47, 49, 46, 43]]
        ],
        [
            [39, [35, 36, 38, 25]]
        ],
        [
            [46, [34, 32, 27, 28]]
        ],
        [
            [20, [48, 50]]
        ]
    ]
]",589.0,"[
    [
        [
            [0, [13, 19, 7, 6, 15, 3, 5, 17, 10, 12, 1, 22, 14, 20]],
            [13, []],
            [19, []],
            [7, []],
            [6, [39, 41, 42, 47, 49, 46, 43]],
            [47, []],
            [39, [35, 36, 38, 25]],
            [46, [34, 32, 27, 28]],
            [25, []],
            [15, []],
            [27, []],
            [3, []],
            [5, []],
            [43, []],
            [28, []],
            [35, []],
            [34, []],
            [17, []],
            [10, []],
            [12, []],
            [41, []],
            [49, []],
            [36, []],
            [1, []],
            [42, []],
            [22, []],
            [32, []],
            [14, []],
            [38, []],
            [20, [48, 50]]
        ],
        [
            [0, [30, 26, 24, 4, 23, 37, 21, 33, 16, 8, 2, 11, 29, 18, 9, 31]],
            [30, []],
            [26, [44, 45, 40]],
            [24, []],
            [44, [44]],
            [4, []],
            [23, []],
            [48, []],
            [37, []],
            [21, []],
            [40, [40]],
            [50, []],
            [33, []],
            [16, []],
            [8, []],
            [2, []],
            [11, []],
            [29, []],
            [45, [45]],
            [18, []],
            [9, []],
            [31, []]
        ]
    ],
    [
        [
            [26, [44, 45, 40]]
        ],
        [
            [6, [39, 41, 42]],
            [6, [47, 49, 46, 43]]
        ],
        [
            [39, [35, 36, 38, 25]]
        ],
        [
            [46, [34, 32, 27, 28]]
        ],
        [
            [20, [48, 50]]
        ]
    ]
]",286.8397440592954,1,5,4.0,286.8397440592954,1,5,4.0,results/sol_best_C201_0.5.dat_A4_L60_pid2776.txt,results/sol_best_multi_C201_0.5.dat_A4_L60_pid2776.txt,C201_0.5.dat_A4_L60_r1.log
37,test_data/data_demand_random_50_batch_all1_equal_random/C201_0.5.dat,4.0,60.0,2,612.0,"[
    [
        [
            [0, [13, 19, 7, 6, 15, 3, 25, 39, 27, 30, 5, 26, 28, 17, 10, 12, 41, 36, 1, 42, 22, 32, 14, 38, 20]],
            [13, []],
            [19, []],
            [7, []],
            [6, [47, 49, 43]],
            [15, []],
            [3, []],
            [25, []],
            [47, []],
            [39, []],
            [27, []],
            [30, []],
            [5, []],
            [43, []],
            [26, []],
            [28, []],
            [17, []],
            [10, []],
            [12, []],
            [41, []],
            [49, []],
            [36, []],
            [1, []],
            [42, []],
            [22, []],
            [32, []],
            [14, []],
            [38, []],
            [20, []]
        ],
        [
            [0, [46, 24, 44, 4, 23, 37, 21, 40, 33, 16, 8, 2, 35, 34, 29, 45, 18, 9, 11, 31]],
            [46, [48, 50]],
            [24, []],
            [44, []],
            [4, []],
            [23, []],
            [48, []],
            [37, []],
            [21, []],
            [40, []],
            [50, []],
            [33, []],
            [16, []],
            [8, []],
            [2, []],
            [35, []],
            [34, []],
            [29, []],
            [45, []],
            [18, []],
            [9, []],
            [11, []],
            [31, []]
        ]
    ],
    [
        [
            [6, [47, 49, 43]]
        ],
        [
            [46, [48, 50]]
        ]
    ]
]",671.77,"[
    [
        [
            [0, [13, 19, 7, 6, 39, 47, 15, 27, 24, 26, 5, 43, 28, 35, 34, 17, 10, 12, 41, 49, 36, 1, 42, 22, 32, 14, 38]],
            [13, []],
            [19, []],
            [7, []],
            [6, []],
            [39, []],
            [47, []],
            [15, []],
            [27, []],
            [24, []],
            [26, []],
            [5, []],
            [43, []],
            [28, []],
            [35, []],
            [34, []],
            [17, []],
            [10, []],
            [12, []],
            [41, []],
            [49, []],
            [36, []],
            [1, []],
            [42, []],
            [22, []],
            [32, []],
            [14, []],
            [38, []]
        ],
        [
            [0, [25, 3, 30, 20, 4, 23, 37, 21, 40, 33, 16, 8, 2, 11, 29, 18, 9, 31]],
            [46, [46, 44, 45, 48, 50]],
            [25, []],
            [3, []],
            [30, []],
            [20, []],
            [44, [44]],
            [4, []],
            [23, []],
            [48, [48]],
            [37, []],
            [21, []],
            [40, []],
            [50, [50]],
            [33, []],
            [16, []],
            [8, []],
            [2, []],
            [11, []],
            [29, []],
            [45, [45]],
            [18, []],
            [9, []],
            [31, []]
        ]
    ],
    [
        [
            [46, [46, 44, 45]],
            [46, [48, 50]]
        ]
    ]
]",231.24012493931696,0,2,2.5,165.770329614269,1,1,5.0,results/sol_best_C201_0.5.dat_A4_L60_pid2778.txt,results/sol_best_multi_C201_0.5.dat_A4_L60_pid2778.txt,C201_0.5.dat_A4_L60_r2.log
37,test_data/data_demand_random_50_batch_all1_equal_random/C201_0.5.dat,4.0,60.0,3,586.0,"[
    [
        [
            [0, [13, 19, 7, 6, 15, 3, 20, 17, 10, 12, 1, 22, 14]],
            [13, []],
            [19, []],
            [7, []],
            [6, [39, 41, 42, 47, 49, 46, 43]],
            [25, [25]],
            [46, [34, 32, 27, 28]],
            [39, [35, 36, 38]],
            [47, []],
            [15, []],
            [3, []],
            [27, []],
            [20, [48, 50]],
            [43, []],
            [28, []],
            [35, []],
            [34, []],
            [17, []],
            [10, []],
            [12, []],
            [41, []],
            [49, []],
            [36, []],
            [1, []],
            [42, []],
            [22, []],
            [32, []],
            [14, []],
            [38, []]
        ],
        [
            [0, [30, 5, 26, 24, 4, 23, 37, 21, 33, 16, 8, 2, 11, 29, 18, 9, 31]],
            [30, [40]],
            [5, [44, 45]],
            [26, []],
            [24, []],
            [44, [44, 44]],
            [4, []],
            [23, []],
            [48, []],
            [37, []],
            [21, []],
            [40, [40, 40]],
            [50, []],
            [33, []],
            [16, []],
            [8, []],
            [2, []],
            [11, []],
            [29, []],
            [45, [45, 45]],
            [18, []],
            [9, []],
            [31, []]
        ]
    ],
    [
        [
            [30, [40]]
        ],
        [
            [5, [44, 45]]
        ],
        [
            [6, [39, 41, 42]],
            [6, [47, 49, 46, 43]]
        ],
        [
            [25, [25]]
        ],
        [
            [46, [34, 32, 27, 28]]
        ],
        [
            [39, [35, 36, 38]]
        ],
        [
            [20, [48, 50]]
        ]
    ]
]",586.0,"[
    [
        [
            [0, [13, 19, 7, 6, 15, 3, 20, 17, 10, 12, 1, 22, 14]],
            [13, []],
            [19, []],
            [7, []],
            [6, [39, 41, 42, 47, 49, 46, 43]],
            [25, [25]],
            [46, [34, 32, 27, 28]],
            [39, [35, 36, 38]],
            [47, []],
            [15, []],
            [3, []],
            [27, []],
            [20, [48, 50]],
            [43, []],
            [28, []],
            [35, []],
            [34, []],
            [17, []],
            [10, []],
            [12, []],
            [41, []],
            [49, []],
            [36, []],
            [1, []],
            [42, []],
            [22, []],
            [32, []],
            [14, []],
            [38, []]
        ],
        [
            [0, [30, 5, 26, 24, 4, 23, 37, 21, 33, 16, 8, 2, 11, 29, 18, 9, 31]],
            [30, [40]],
            [5, [44, 45]],
            [26, []],
            [24, []],
            [44, [44, 44]],
            [4, []],
            [23, []],
            [48, []],
            [37, []],
            [21, []],
            [40, [40, 40]],
            [50, []],
            [33, []],
            [16, []],
            [8, []],
            [2, []],
            [11, []],
            [29, []],
            [45, [45, 45]],
            [18, []],
            [9, []],
            [31, []]
        ]
    ],
    [
        [
            [30, [40]]
        ],
        [
            [5, [44, 45]]
        ],
        [
            [6, [39, 41, 42]],
            [6, [47, 49, 46, 43]]
        ],
        [
            [25, [25]]
        ],
        [
            [46, [34, 32, 27, 28]]
        ],
        [
            [39, [35, 36, 38]]
        ],
        [
            [20, [48, 50]]
        ]
    ]
]",232.69718028410665,1,7,2.857142857142857,232.69718028410665,1,7,2.857142857142857,results/sol_best_C201_0.5.dat_A4_L60_pid2779.txt,results/sol_best_multi_C201_0.5.dat_A4_L60_pid2779.txt,C201_0.5.dat_A4_L60_r3.log
38,test_data/data_demand_random_50_batch_all1_equal_random/C201_0.5.dat,4.0,90.0,1,630.0,"[
    [
        [
            [0, [13, 19, 7, 6, 25, 39, 15, 27, 3, 24, 26, 28, 35, 34, 17, 10, 12, 41, 36, 1, 42, 22, 32, 14, 38]],
            [13, [47, 49, 43]],
            [19, []],
            [7, []],
            [6, []],
            [25, []],
            [39, []],
            [47, []],
            [15, []],
            [27, []],
            [3, []],
            [24, []],
            [26, []],
            [28, []],
            [35, []],
            [34, []],
            [17, []],
            [10, []],
            [12, []],
            [41, []],
            [49, []],
            [36, []],
            [1, []],
            [42, []],
            [22, []],
            [32, []],
            [14, []],
            [38, []]
        ],
        [
            [0, [46, 30, 20, 5, 44, 4, 23, 37, 21, 40, 33, 16, 8, 2, 11, 29, 45, 18, 9, 31]],
            [46, [48, 50]],
            [30, []],
            [20, []],
            [43, []],
            [5, []],
            [44, []],
            [4, []],
            [23, []],
            [48, []],
            [37, []],
            [21, []],
            [40, []],
            [50, []],
            [33, []],
            [16, []],
            [8, []],
            [2, []],
            [11, []],
            [29, []],
            [45, []],
            [18, []],
            [9, []],
            [31, []]
        ]
    ],
    [
        [
            [13, [47, 49, 43]]
        ],
        [
            [46, [48, 50]]
        ]
    ]
]",671.77,"[
    [
        [
            [0, [13, 19, 7, 6, 39, 47, 15, 27, 24, 26, 5, 43, 28, 35, 34, 17, 10, 12, 41, 49, 36, 1, 42, 22, 32, 14, 38]],
            [13, []],
            [19, []],
            [7, []],
            [6, []],
            [39, []],
            [47, []],
            [15, []],
            [27, []],
            [24, []],
            [26, []],
            [5, []],
            [43, []],
            [28, []],
            [35, []],
            [34, []],
            [17, []],
            [10, []],
            [12, []],
            [41, []],
            [49, []],
            [36, []],
            [1, []],
            [42, []],
            [22, []],
            [32, []],
            [14, []],
            [38, []]
        ],
        [
            [0, [25, 3, 30, 20, 4, 23, 37, 21, 40, 33, 16, 8, 2, 11, 29, 18, 9, 31]],
            [46, [46, 44, 45, 48, 50]],
            [25, []],
            [3, []],
            [30, []],
            [20, []],
            [44, [44]],
            [4, []],
            [23, []],
            [48, [48]],
            [37, []],
            [21, []],
            [40, []],
            [50, [50]],
            [33, []],
            [16, []],
            [8, []],
            [2, []],
            [11, []],
            [29, []],
            [45, [45]],
            [18, []],
            [9, []],
            [31, []]
        ]
    ],
    [
        [
            [46, [46, 44, 45]],
            [46, [48, 50]]
        ]
    ]
]",206.9093395033945,0,2,2.5,165.770329614269,1,1,5.0,results/sol_best_C201_0.5.dat_A4_L90_pid2751.txt,results/sol_best_multi_C201_0.5.dat_A4_L90_pid2751.txt,C201_0.5.dat_A4_L90_r1.log
38,test_data/data_demand_random_50_batch_all1_equal_random/C201_0.5.dat,4.0,90.0,2,622.0,"[
    [
        [
            [0, [13, 19, 7, 6, 25, 39, 27, 15, 3, 24, 26, 28, 35, 34, 17, 10, 12, 41, 36, 1, 42, 22, 32, 14, 38, 30]],
            [13, [47, 49, 43]],
            [19, []],
            [7, []],
            [6, []],
            [25, []],
            [47, [47]],
            [39, []],
            [27, []],
            [15, []],
            [3, []],
            [24, []],
            [26, []],
            [43, [43]],
            [28, []],
            [35, []],
            [34, []],
            [17, []],
            [10, []],
            [12, []],
            [41, []],
            [49, [49]],
            [36, []],
            [1, []],
            [42, []],
            [22, []],
            [32, []],
            [14, []],
            [38, []],
            [30, []]
        ],
        [
            [0, [46, 20, 5, 44, 4, 23, 37, 21, 40, 33, 16, 8, 2, 11, 29, 45, 18, 9, 31]],
            [46, [48, 50]],
            [20, []],
            [5, []],
            [44, []],
            [4, []],
            [23, []],
            [48, []],
            [37, []],
            [21, []],
            [40, []],
            [50, []],
            [33, []],
            [16, []],
            [8, []],
            [2, []],
            [11, []],
            [29, []],
            [45, []],
            [18, []],
            [9, []],
            [31, []]
        ]
    ],
    [
        [
            [13, [47, 49, 43]]
        ],
        [
            [46, [48, 50]]
        ]
    ]
]",671.77,"[
    [
        [
            [0, [13, 19, 7, 6, 39, 47, 15, 27, 24, 26, 5, 43, 28, 35, 34, 17, 10, 12, 41, 49, 36, 1, 42, 22, 32, 14, 38]],
            [13, []],
            [19, []],
            [7, []],
            [6, []],
            [39, []],
            [47, []],
            [15, []],
            [27, []],
            [24, []],
            [26, []],
            [5, []],
            [43, []],
            [28, []],
            [35, []],
            [34, []],
            [17, []],
            [10, []],
            [12, []],
            [41, []],
            [49, []],
            [36, []],
            [1, []],
            [42, []],
            [22, []],
            [32, []],
            [14, []],
            [38, []]
        ],
        [
            [0, [25, 3, 30, 20, 4, 23, 37, 21, 40, 33, 16, 8, 2, 11, 29, 18, 9, 31]],
            [46, [46, 44, 45, 48, 50]],
            [25, []],
            [3, []],
            [30, []],
            [20, []],
            [44, [44]],
            [4, []],
            [23, []],
            [48, [48]],
            [37, []],
            [21, []],
            [40, []],
            [50, [50]],
            [33, []],
            [16, []],
            [8, []],
            [2, []],
            [11, []],
            [29, []],
            [45, [45]],
            [18, []],
            [9, []],
            [31, []]
        ]
    ],
    [
        [
            [46, [46, 44, 45]],
            [46, [48, 50]]
        ]
    ]
]",206.9093395033945,0,2,2.5,165.770329614269,1,1,5.0,results/sol_best_C201_0.5.dat_A4_L90_pid2753.txt,results/sol_best_multi_C201_0.5.dat_A4_L90_pid2753.txt,C201_0.5.dat_A4_L90_r2.log
38,test_data/data_demand_random_50_batch_all1_equal_random/C201_0.5.dat,4.0,90.0,3,599.0,"[
    [
        [
            [0, [19, 13, 7, 6, 25, 15, 3, 24, 26, 17, 10, 12, 1, 22, 14]],
            [46, [34, 32, 27, 28]],
            [19, []],
            [13, [35, 36, 38, 39, 41, 42, 47, 49, 46, 43]],
            [7, []],
            [6, []],
            [25, []],
            [47, []],
            [39, []],
            [27, []],
            [15, []],
            [3, []],
            [24, []],
            [26, []],
            [28, []],
            [35, []],
            [34, []],
            [17, []],
            [10, []],
            [12, []],
            [41, []],
            [49, []],
            [36, []],
            [1, []],
            [42, []],
            [22, []],
            [32, []],
            [14, []],
            [38, []]
        ],
        [
            [0, [30, 20, 5, 44, 4, 23, 48, 37, 21, 40, 50, 33, 16, 8, 2, 11, 29, 45, 18, 9, 31]],
            [30, []],
            [20, []],
            [5, []],
            [43, []],
            [44, []],
            [4, []],
            [23, []],
            [48, []],
            [37, []],
            [21, []],
            [40, []],
            [50, []],
            [33, []],
            [16, []],
            [8, []],
            [2, []],
            [11, []],
            [29, []],
            [45, []],
            [18, []],
            [9, []],
            [31, []]
        ]
    ],
    [
        [
            [46, [34, 32, 27, 28]]
        ],
        [
            [13, [35, 36, 38]]
        ],
        [
            [13, [39, 41, 42]],
            [13, [47, 49, 46, 43]]
        ]
    ]
]",599.0,"[
    [
        [
            [0, [19, 13, 7, 6, 25, 15, 3, 24, 26, 17, 10, 12, 1, 22, 14]],
            [46, [34, 32, 27, 28]],
            [19, []],
            [13, [35, 36, 38, 39, 41, 42, 47, 49, 46, 43]],
            [7, []],
            [6, []],
            [25, []],
            [47, []],
            [39, []],
            [27, []],
            [15, []],
            [3, []],
            [24, []],
            [26, []],
            [28, []],
            [35, []],
            [34, []],
            [17, []],
            [10, []],
            [12, []],
            [41, []],
            [49, []],
            [36, []],
            [1, []],
            [42, []],
            [22, []],
            [32, []],
            [14, []],
            [38, []]
        ],
        [
            [0, [30, 20, 5, 44, 4, 23, 48, 37, 21, 40, 50, 33, 16, 8, 2, 11, 29, 45, 18, 9, 31]],
            [30, []],
            [20, []],
            [5, []],
            [43, []],
            [44, []],
            [4, []],
            [23, []],
            [48, []],
            [37, []],
            [21, []],
            [40, []],
            [50, []],
            [33, []],
            [16, []],
            [8, []],
            [2, []],
            [11, []],
            [29, []],
            [45, []],
            [18, []],
            [9, []],
            [31, []]
        ]
    ],
    [
        [
            [46, [34, 32, 27, 28]]
        ],
        [
            [13, [35, 36, 38]]
        ],
        [
            [13, [39, 41, 42]],
            [13, [47, 49, 46, 43]]
        ]
    ]
]",170.28900946643637,1,3,4.666666666666667,170.28900946643637,1,3,4.666666666666667,results/sol_best_C201_0.5.dat_A4_L90_pid2754.txt,results/sol_best_multi_C201_0.5.dat_A4_L90_pid2754.txt,C201_0.5.dat_A4_L90_r3.log
39,test_data/data_demand_random_50_batch_all1_equal_random/C201_0.5.dat,4.0,120.0,1,593.05,"[
    [
        [
            [0, [13, 19, 7, 6, 25, 15, 20, 26, 17, 10, 12, 1, 22, 14]],
            [46, [34, 32, 27, 28]],
            [13, [35, 36, 38, 39, 41, 42, 47, 49, 46, 43]],
            [19, []],
            [7, []],
            [6, []],
            [25, []],
            [47, []],
            [15, []],
            [27, [27]],
            [39, []],
            [20, [48, 50, 44, 45]],
            [43, []],
            [26, []],
            [28, [28]],
            [35, []],
            [34, [34]],
            [17, []],
            [10, []],
            [12, []],
            [41, []],
            [49, []],
            [36, []],
            [1, []],
            [42, []],
            [22, []],
            [32, [32]],
            [14, []],
            [38, []]
        ],
        [
            [0, [30, 5, 3, 24, 4, 23, 21, 16, 8, 2, 11, 29, 18, 9]],
            [30, []],
            [5, [37, 33, 31]],
            [3, []],
            [24, []],
            [44, []],
            [4, []],
            [23, []],
            [48, []],
            [37, [37, 37]],
            [21, []],
            [40, [40]],
            [50, []],
            [33, [33]],
            [16, []],
            [8, []],
            [2, []],
            [11, []],
            [29, []],
            [45, []],
            [18, []],
            [9, []],
            [31, [31]]
        ]
    ],
    [
        [
            [5, [37, 33, 31]]
        ],
        [
            [46, [34, 32, 27, 28]]
        ],
        [
            [13, [35, 36, 38]]
        ],
        [
            [13, [39, 41, 42]],
            [13, [47, 49, 46, 43]]
        ],
        [
            [20, [48, 50, 44, 45]]
        ],
        [
            [40, [40]]
        ]
    ]
]",594.0,"[
    [
        [
            [0, [13, 19, 7, 6, 25, 15, 27, 20, 26, 28, 17, 10, 12, 1, 22, 14]],
            [46, [34, 32]],
            [13, [35, 36, 38, 39, 41, 42, 47, 49, 46, 43]],
            [19, []],
            [7, []],
            [6, []],
            [25, []],
            [47, []],
            [15, []],
            [27, []],
            [39, []],
            [20, [48, 50, 44, 45]],
            [43, []],
            [26, []],
            [28, []],
            [35, []],
            [34, [34]],
            [17, []],
            [10, []],
            [12, []],
            [41, []],
            [49, []],
            [36, []],
            [1, []],
            [42, []],
            [22, []],
            [32, [32]],
            [14, []],
            [38, []]
        ],
        [
            [0, [30, 5, 3, 24, 4, 23, 21, 33, 16, 8, 2, 11, 29, 18, 9, 31]],
            [30, []],
            [5, [37]],
            [3, []],
            [24, []],
            [44, []],
            [4, []],
            [23, []],
            [48, []],
            [37, [37, 37]],
            [21, []],
            [40, [40]],
            [50, []],
            [33, []],
            [16, []],
            [8, []],
            [2, []],
            [11, []],
            [29, []],
            [45, []],
            [18, []],
            [9, []],
            [31, []]
        ]
    ],
    [
        [
            [5, [37]]
        ],
        [
            [46, [34, 32]]
        ],
        [
            [13, [35, 36, 38]]
        ],
        [
            [13, [39, 41, 42]],
            [13, [47, 49, 46, 43]]
        ],
        [
            [20, [48, 50, 44, 45]]
        ],
        [
            [40, [40]]
        ]
    ]
]",233.22105314478043,1,6,3.6666666666666665,243.22105314478043,1,6,3.0,results/sol_best_C201_0.5.dat_A4_L120_pid2686.txt,results/sol_best_multi_C201_0.5.dat_A4_L120_pid2686.txt,C201_0.5.dat_A4_L120_r1.log
39,test_data/data_demand_random_50_batch_all1_equal_random/C201_0.5.dat,4.0,120.0,2,612.0,"[
    [
        [
            [0, [13, 19, 7, 6, 15, 3, 25, 39, 27, 30, 5, 26, 28, 17, 10, 12, 41, 36, 1, 42, 22, 32, 14, 38, 20]],
            [13, [47, 49, 43]],
            [19, []],
            [7, []],
            [6, []],
            [15, []],
            [3, []],
            [25, []],
            [47, []],
            [39, []],
            [27, []],
            [30, []],
            [5, []],
            [43, []],
            [26, []],
            [28, []],
            [17, []],
            [10, []],
            [12, []],
            [41, []],
            [49, []],
            [36, []],
            [1, []],
            [42, []],
            [22, []],
            [32, []],
            [14, []],
            [38, []],
            [20, []]
        ],
        [
            [0, [46, 24, 44, 4, 23, 37, 21, 40, 33, 16, 8, 2, 35, 34, 29, 45, 18, 9, 11, 31]],
            [46, [48, 50]],
            [24, []],
            [44, []],
            [4, []],
            [23, []],
            [48, []],
            [37, []],
            [21, []],
            [40, []],
            [50, []],
            [33, []],
            [16, []],
            [8, []],
            [2, []],
            [35, []],
            [34, []],
            [29, []],
            [45, []],
            [18, []],
            [9, []],
            [11, []],
            [31, []]
        ]
    ],
    [
        [
            [13, [47, 49, 43]]
        ],
        [
            [46, [48, 50]]
        ]
    ]
]",671.77,"[
    [
        [
            [0, [13, 19, 7, 6, 39, 47, 15, 27, 24, 26, 5, 43, 28, 35, 34, 17, 10, 12, 41, 49, 36, 1, 42, 22, 32, 14, 38]],
            [13, []],
            [19, []],
            [7, []],
            [6, []],
            [39, []],
            [47, []],
            [15, []],
            [27, []],
            [24, []],
            [26, []],
            [5, []],
            [43, []],
            [28, []],
            [35, []],
            [34, []],
            [17, []],
            [10, []],
            [12, []],
            [41, []],
            [49, []],
            [36, []],
            [1, []],
            [42, []],
            [22, []],
            [32, []],
            [14, []],
            [38, []]
        ],
        [
            [0, [25, 3, 30, 20, 4, 23, 37, 21, 40, 33, 16, 8, 2, 11, 29, 18, 9, 31]],
            [46, [46, 44, 45, 48, 50]],
            [25, []],
            [3, []],
            [30, []],
            [20, []],
            [44, [44]],
            [4, []],
            [23, []],
            [48, [48]],
            [37, []],
            [21, []],
            [40, []],
            [50, [50]],
            [33, []],
            [16, []],
            [8, []],
            [2, []],
            [11, []],
            [29, []],
            [45, [45]],
            [18, []],
            [9, []],
            [31, []]
        ]
    ],
    [
        [
            [46, [46, 44, 45]],
            [46, [48, 50]]
        ]
    ]
]",206.9093395033945,0,2,2.5,165.770329614269,1,1,5.0,results/sol_best_C201_0.5.dat_A4_L120_pid2688.txt,results/sol_best_multi_C201_0.5.dat_A4_L120_pid2688.txt,C201_0.5.dat_A4_L120_r2.log
39,test_data/data_demand_random_50_batch_all1_equal_random/C201_0.5.dat,4.0,120.0,3,622.0,"[
    [
        [
            [0, [13, 19, 7, 6, 25, 39, 27, 15, 3, 24, 26, 28, 35, 34, 17, 10, 12, 41, 36, 1, 42, 22, 32, 14, 38]],
            [13, [47, 49, 43]],
            [19, []],
            [7, []],
            [6, []],
            [25, []],
            [47, [47]],
            [39, []],
            [27, []],
            [15, []],
            [3, []],
            [24, []],
            [26, []],
            [43, [43]],
            [28, []],
            [35, []],
            [34, []],
            [17, []],
            [10, []],
            [12, []],
            [41, []],
            [49, [49]],
            [36, []],
            [1, []],
            [42, []],
            [22, []],
            [32, []],
            [14, []],
            [38, []]
        ],
        [
            [0, [46, 30, 20, 5, 44, 4, 23, 37, 21, 40, 33, 16, 8, 2, 11, 29, 45, 18, 9, 31]],
            [46, [48, 50]],
            [30, []],
            [20, []],
            [5, []],
            [44, []],
            [4, []],
            [23, []],
            [48, []],
            [37, []],
            [21, []],
            [40, []],
            [50, []],
            [33, []],
            [16, []],
            [8, []],
            [2, []],
            [11, []],
            [29, []],
            [45, []],
            [18, []],
            [9, []],
            [31, []]
        ]
    ],
    [
        [
            [13, [47, 49, 43]]
        ],
        [
            [46, [48, 50]]
        ]
    ]
]",671.77,"[
    [
        [
            [0, [13, 19, 7, 6, 39, 47, 15, 27, 24, 26, 5, 43, 28, 35, 34, 17, 10, 12, 41, 49, 36, 1, 42, 22, 32, 14, 38]],
            [13, []],
            [19, []],
            [7, []],
            [6, []],
            [39, []],
            [47, []],
            [15, []],
            [27, []],
            [24, []],
            [26, []],
            [5, []],
            [43, []],
            [28, []],
            [35, []],
            [34, []],
            [17, []],
            [10, []],
            [12, []],
            [41, []],
            [49, []],
            [36, []],
            [1, []],
            [42, []],
            [22, []],
            [32, []],
            [14, []],
            [38, []]
        ],
        [
            [0, [25, 3, 30, 20, 4, 23, 37, 21, 40, 33, 16, 8, 2, 11, 29, 18, 9, 31]],
            [46, [46, 44, 45, 48, 50]],
            [25, []],
            [3, []],
            [30, []],
            [20, []],
            [44, [44]],
            [4, []],
            [23, []],
            [48, [48]],
            [37, []],
            [21, []],
            [40, []],
            [50, [50]],
            [33, []],
            [16, []],
            [8, []],
            [2, []],
            [11, []],
            [29, []],
            [45, [45]],
            [18, []],
            [9, []],
            [31, []]
        ]
    ],
    [
        [
            [46, [46, 44, 45]],
            [46, [48, 50]]
        ]
    ]
]",206.9093395033945,0,2,2.5,165.770329614269,1,1,5.0,results/sol_best_C201_0.5.dat_A4_L120_pid2689.txt,results/sol_best_multi_C201_0.5.dat_A4_L120_pid2689.txt,C201_0.5.dat_A4_L120_r3.log
40,test_data/data_demand_random_50_batch_all1_equal_random/C201_0.5.dat,8.0,60.0,1,613.17,"[
    [
        [
            [0, [13, 19, 7, 6, 15, 3, 5, 17, 10, 12, 1, 22, 14]],
            [13, []],
            [19, []],
            [7, []],
            [6, [35, 36, 38, 34, 32, 27, 28, 47, 49, 46, 43, 39, 41, 42]],
            [39, []],
            [27, [27]],
            [25, [25, 24, 26]],
            [47, []],
            [15, []],
            [3, []],
            [24, [24]],
            [26, [26]],
            [5, []],
            [43, []],
            [28, [28]],
            [35, [35]],
            [34, [34]],
            [17, []],
            [10, []],
            [12, []],
            [41, []],
            [49, []],
            [36, [36]],
            [1, []],
            [42, []],
            [22, []],
            [32, [32]],
            [14, []],
            [38, [38]]
        ],
        [
            [0, [30, 20, 4, 23, 21, 33, 16, 8, 2, 11, 29, 18, 9, 31]],
            [30, [37]],
            [20, [40]],
            [44, []],
            [4, []],
            [23, []],
            [48, []],
            [37, [37]],
            [21, []],
            [40, [40]],
            [50, []],
            [33, []],
            [16, []],
            [8, []],
            [2, []],
            [11, []],
            [29, []],
            [45, []],
            [18, []],
            [9, []],
            [31, []],
            [46, [48, 50, 44, 45]]
        ]
    ],
    [
        [
            [30, [37]]
        ],
        [
            [20, [40]]
        ],
        [
            [6, [35, 36, 38, 34, 32, 27, 28]]
        ],
        [
            [6, [47, 49, 46, 43, 39, 41, 42]]
        ],
        [
            [25, [25, 24, 26]]
        ],
        [
            [46, [48, 50, 44, 45]]
        ]
    ]
]",,,273.3395394826441,0,6,3.8333333333333335,,,,,results/sol_best_C201_0.5.dat_A8_L60_pid2666.txt,(not found),C201_0.5.dat_A8_L60_r1.log
40,test_data/data_demand_random_50_batch_all1_equal_random/C201_0.5.dat,8.0,60.0,2,574.77,"[
    [
        [
            [0, [13, 19, 7, 6, 15, 3, 24, 26, 28, 35, 34, 17, 10, 12, 36, 1, 22, 32, 14, 38]],
            [13, []],
            [19, []],
            [7, []],
            [6, [47, 49, 43, 39, 41, 42]],
            [15, []],
            [3, []],
            [24, []],
            [26, []],
            [28, []],
            [35, []],
            [34, []],
            [17, []],
            [10, []],
            [12, []],
            [41, []],
            [49, []],
            [36, []],
            [1, []],
            [42, []],
            [22, []],
            [32, []],
            [14, []],
            [38, []]
        ],
        [
            [0, [5, 4, 8, 2, 11, 9]],
            [5, []],
            [43, []],
            [20, [20, 21, 18, 16]],
            [30, []],
            [27, []],
            [39, [33, 31, 27, 30, 29, 25, 23]],
            [47, []],
            [25, []],
            [46, [48, 50, 46, 44, 45, 40, 37]],
            [37, []],
            [21, []],
            [48, []],
            [23, []],
            [40, []],
            [50, []],
            [33, []],
            [44, []],
            [4, []],
            [16, []],
            [8, []],
            [2, []],
            [11, []],
            [29, []],
            [45, []],
            [18, []],
            [9, []],
            [31, []]
        ]
    ],
    [
        [
            [6, [47, 49, 43, 39, 41, 42]]
        ],
        [
            [20, [20, 21, 18, 16]]
        ],
        [
            [39, [33, 31, 27, 30, 29, 25, 23]]
        ],
        [
            [46, [48, 50, 46, 44, 45, 40, 37]]
        ]
    ]
]",,,258.2996800741193,0,4,6.0,,,,,results/sol_best_C201_0.5.dat_A8_L60_pid2668.txt,(not found),C201_0.5.dat_A8_L60_r2.log
40,test_data/data_demand_random_50_batch_all1_equal_random/C201_0.5.dat,8.0,60.0,3,597.0,"[
    [
        [
            [0, [13, 19, 7, 6, 15, 20, 5, 17, 10, 12, 1, 22, 14]],
            [13, []],
            [19, []],
            [7, []],
            [6, [47, 49, 46, 43, 39, 41, 42]],
            [39, [35, 36, 38, 34, 32, 27, 30, 28]],
            [46, [25, 26]],
            [25, [25]],
            [47, []],
            [15, []],
            [27, [27]],
            [30, [44, 45]],
            [20, [48, 50]],
            [26, [26]],
            [5, []],
            [43, []],
            [28, [28]],
            [35, []],
            [34, [34]],
            [17, []],
            [10, []],
            [12, []],
            [41, []],
            [49, []],
            [36, []],
            [1, []],
            [42, []],
            [22, []],
            [32, [32]],
            [14, []],
            [38, []]
        ],
        [
            [0, [3, 24, 4, 23, 21, 16, 8, 2, 11, 29, 18, 9]],
            [3, [40, 37, 33, 31]],
            [24, []],
            [44, []],
            [4, []],
            [23, []],
            [48, []],
            [37, [37]],
            [21, []],
            [40, [40]],
            [50, []],
            [33, [33]],
            [16, []],
            [8, []],
            [2, []],
            [11, []],
            [29, []],
            [45, []],
            [18, []],
            [9, []],
            [31, [31]]
        ]
    ],
    [
        [
            [3, [40, 37, 33, 31]]
        ],
        [
            [6, [47, 49, 46, 43, 39, 41, 42]]
        ],
        [
            [39, [35, 36, 38, 34, 32, 27, 30, 28]]
        ],
        [
            [46, [25, 26]]
        ],
        [
            [30, [44, 45]]
        ],
        [
            [20, [48, 50]]
        ]
    ]
]",,,255.83370479974334,0,6,4.166666666666667,,,,,results/sol_best_C201_0.5.dat_A8_L60_pid2669.txt,(not found),C201_0.5.dat_A8_L60_r3.log
41,test_data/data_demand_random_50_batch_all1_equal_random/C201_0.5.dat,8.0,90.0,1,590.77,"[
    [
        [
            [0, [13, 19, 7, 6, 25, 15, 27, 3, 26, 28, 35, 34, 17, 10, 12, 36, 1, 22, 32, 14, 38]],
            [13, [47, 49, 43, 39, 41, 42]],
            [19, []],
            [7, []],
            [6, []],
            [25, []],
            [39, []],
            [47, []],
            [15, []],
            [27, []],
            [3, []],
            [26, []],
            [28, []],
            [35, []],
            [34, []],
            [17, []],
            [10, []],
            [12, []],
            [41, []],
            [49, []],
            [36, []],
            [1, []],
            [42, []],
            [22, []],
            [32, []],
            [14, []],
            [38, []]
        ],
        [
            [0, [5, 20, 24, 4, 23, 21, 16, 8, 2, 11, 18, 9]],
            [5, []],
            [43, []],
            [20, [33, 31, 30, 29]],
            [30, []],
            [46, [48, 50, 46, 44, 45, 40, 37]],
            [24, []],
            [44, []],
            [4, []],
            [23, []],
            [48, []],
            [37, []],
            [21, []],
            [40, []],
            [50, []],
            [33, []],
            [16, []],
            [8, []],
            [2, []],
            [11, []],
            [29, []],
            [45, []],
            [18, []],
            [9, []],
            [31, []]
        ]
    ],
    [
        [
            [13, [47, 49, 43, 39, 41, 42]]
        ],
        [
            [20, [33, 31, 30, 29]]
        ],
        [
            [46, [48, 50, 46, 44, 45, 40, 37]]
        ]
    ]
]",,,220.32806802246182,0,3,5.666666666666667,,,,,results/sol_best_C201_0.5.dat_A8_L90_pid2721.txt,(not found),C201_0.5.dat_A8_L90_r1.log
41,test_data/data_demand_random_50_batch_all1_equal_random/C201_0.5.dat,8.0,90.0,2,590.77,"[
    [
        [
            [0, [13, 19, 7, 6, 3, 27, 5, 26, 28, 35, 34, 17, 10, 12, 36, 1, 22, 32, 14, 38, 20]],
            [13, [47, 49, 43, 39, 41, 42]],
            [19, []],
            [7, []],
            [6, []],
            [3, []],
            [27, []],
            [30, []],
            [5, []],
            [26, []],
            [43, []],
            [28, []],
            [35, []],
            [34, []],
            [17, []],
            [10, []],
            [12, []],
            [41, []],
            [49, []],
            [36, []],
            [1, []],
            [42, []],
            [22, []],
            [32, []],
            [14, []],
            [38, []],
            [20, []]
        ],
        [
            [0, [15, 4, 21, 16, 8, 2, 11, 18, 9]],
            [15, []],
            [39, [33, 31, 30, 29, 25, 23, 24]],
            [47, []],
            [25, []],
            [46, [48, 50, 46, 44, 45, 40, 37]],
            [24, [24]],
            [44, []],
            [4, []],
            [23, []],
            [48, []],
            [37, []],
            [21, []],
            [40, []],
            [50, []],
            [33, []],
            [16, []],
            [8, []],
            [2, []],
            [11, []],
            [29, []],
            [45, []],
            [18, []],
            [9, []],
            [31, []]
        ]
    ],
    [
        [
            [13, [47, 49, 43, 39, 41, 42]]
        ],
        [
            [39, [33, 31, 30, 29, 25, 23, 24]]
        ],
        [
            [46, [48, 50, 46, 44, 45, 40, 37]]
        ]
    ]
]",,,245.79054145467865,0,3,6.666666666666667,,,,,results/sol_best_C201_0.5.dat_A8_L90_pid2723.txt,(not found),C201_0.5.dat_A8_L90_r2.log
41,test_data/data_demand_random_50_batch_all1_equal_random/C201_0.5.dat,8.0,90.0,3,586.77,"[
    [
        [
            [0, [13, 19, 7, 6, 25, 15, 3, 24, 26, 28, 35, 34, 17, 10, 12, 36, 1, 22, 32, 14, 38]],
            [13, [47, 49, 43, 39, 41, 42]],
            [19, []],
            [7, []],
            [6, []],
            [25, []],
            [47, []],
            [15, []],
            [3, []],
            [24, []],
            [26, []],
            [28, []],
            [35, []],
            [34, []],
            [17, []],
            [10, []],
            [12, []],
            [41, []],
            [49, []],
            [36, []],
            [1, []],
            [42, []],
            [22, []],
            [32, []],
            [14, []],
            [38, []]
        ],
        [
            [0, [5, 20, 21, 4, 16, 8, 2, 11, 18, 9]],
            [43, []],
            [5, []],
            [30, [33, 31, 30, 27, 29, 23]],
            [20, []],
            [46, [48, 50, 46, 44, 45, 40, 37]],
            [39, []],
            [27, []],
            [23, [23]],
            [48, []],
            [37, []],
            [21, []],
            [40, []],
            [50, []],
            [33, []],
            [44, []],
            [4, []],
            [16, []],
            [8, []],
            [2, []],
            [11, []],
            [29, []],
            [45, []],
            [18, []],
            [9, []],
            [31, []]
        ]
    ],
    [
        [
            [13, [47, 49, 43, 39, 41, 42]]
        ],
        [
            [30, [33, 31, 30, 27, 29, 23]]
        ],
        [
            [46, [48, 50, 46, 44, 45, 40, 37]]
        ]
    ]
]",,,227.60622633559635,0,3,6.333333333333333,,,,,results/sol_best_C201_0.5.dat_A8_L90_pid2724.txt,(not found),C201_0.5.dat_A8_L90_r3.log
42,test_data/data_demand_random_50_batch_all1_equal_random/C201_0.5.dat,8.0,120.0,1,579.0,"[
    [
        [
            [0, [3, 6, 7, 5, 1]],
            [46, [10, 12]],
            [3, []],
            [19, [19, 20, 17, 22, 13, 15, 14]],
            [6, []],
            [7, []],
            [13, [35, 36, 38, 34, 32, 28, 27, 25, 30, 47, 49, 46, 43, 39, 41, 42]],
            [25, []],
            [47, []],
            [15, []],
            [27, []],
            [39, []],
            [30, [48, 50]],
            [5, []],
            [43, []],
            [28, []],
            [35, []],
            [34, []],
            [17, []],
            [10, []],
            [12, []],
            [41, []],
            [49, []],
            [36, []],
            [1, []],
            [42, []],
            [22, []],
            [32, []],
            [14, []],
            [38, []]
        ],
        [
            [0, [26, 24, 4, 23, 37, 21, 33, 16, 8, 2, 11, 29, 18, 9, 31]],
            [20, [44, 45, 40]],
            [26, []],
            [24, []],
            [44, [44]],
            [4, []],
            [23, []],
            [48, []],
            [37, []],
            [21, []],
            [40, [40]],
            [50, []],
            [33, []],
            [16, []],
            [8, []],
            [2, []],
            [11, []],
            [29, []],
            [45, [45]],
            [18, []],
            [9, []],
            [31, []]
        ]
    ],
    [
        [
            [20, [44, 45, 40]]
        ],
        [
            [46, [10, 12]]
        ],
        [
            [19, [19, 20, 17, 22, 13, 15, 14]]
        ],
        [
            [13, [35, 36, 38, 34, 32, 28, 27, 25, 30]]
        ],
        [
            [13, [47, 49, 46, 43, 39, 41, 42]]
        ],
        [
            [30, [48, 50]]
        ]
    ]
]",,,194.04693074218326,0,6,5.0,,,,,results/sol_best_C201_0.5.dat_A8_L120_pid2669.txt,(not found),C201_0.5.dat_A8_L120_r1.log
42,test_data/data_demand_random_50_batch_all1_equal_random/C201_0.5.dat,8.0,120.0,2,588.05,"[
    [
        [
            [0, [19, 13, 7, 6, 17, 10, 12, 1, 22, 14, 20]],
            [46, [25, 24, 26]],
            [19, []],
            [13, [35, 36, 38, 34, 32, 28, 47, 49, 46, 43, 39, 41, 42]],
            [7, []],
            [6, []],
            [25, [25]],
            [47, []],
            [39, []],
            [24, [24]],
            [26, [26]],
            [43, []],
            [28, []],
            [35, []],
            [34, []],
            [17, []],
            [10, []],
            [12, []],
            [41, []],
            [49, []],
            [36, []],
            [1, []],
            [42, []],
            [22, []],
            [32, []],
            [14, []],
            [38, []],
            [20, []],
            [30, [30, 27, 29, 23]]
        ],
        [
            [0, [5, 4, 3, 8, 2, 11, 9]],
            [5, [21, 18, 15, 16]],
            [44, []],
            [4, []],
            [23, []],
            [3, []],
            [15, [15]],
            [27, [48, 50, 44, 45, 40, 37, 33, 31]],
            [48, []],
            [37, []],
            [21, [21, 21, 21]],
            [40, []],
            [50, []],
            [33, []],
            [16, [16]],
            [8, []],
            [2, []],
            [11, []],
            [29, []],
            [45, []],
            [18, [18, 18, 18]],
            [9, []],
            [31, []]
        ]
    ],
    [
        [
            [46, [25, 24, 26]]
        ],
        [
            [5, [21, 18, 15, 16]]
        ],
        [
            [13, [35, 36, 38, 34, 32, 28]]
        ],
        [
            [13, [47, 49, 46, 43, 39, 41, 42]]
        ],
        [
            [27, [48, 50, 44, 45, 40, 37, 33, 31]]
        ],
        [
            [30, [30, 27, 29, 23]]
        ]
    ]
]",,,234.98246412943817,0,6,5.333333333333333,,,,,results/sol_best_C201_0.5.dat_A8_L120_pid2671.txt,(not found),C201_0.5.dat_A8_L120_r2.log
42,test_data/data_demand_random_50_batch_all1_equal_random/C201_0.5.dat,8.0,120.0,3,570.77,"[
    [
        [
            [0, [3, 7, 6, 5, 10, 12, 1]],
            [46, [19, 20, 17, 22, 13, 15, 14]],
            [3, []],
            [39, []],
            [7, []],
            [19, []],
            [13, [35, 36, 38, 34, 32, 27, 28, 30, 25, 47, 49, 46, 43, 39, 41, 42]],
            [6, []],
            [25, []],
            [47, []],
            [15, []],
            [27, []],
            [5, [48, 50, 44, 45]],
            [43, []],
            [28, []],
            [35, []],
            [34, []],
            [17, []],
            [10, []],
            [12, []],
            [41, []],
            [49, []],
            [36, []],
            [1, []],
            [42, []],
            [22, []],
            [32, []],
            [14, []],
            [38, []]
        ],
        [
            [0, [26, 24, 4, 23, 21, 33, 16, 8, 2, 11, 29, 18, 9, 31]],
            [30, []],
            [20, [40, 37]],
            [26, []],
            [24, []],
            [44, []],
            [4, []],
            [23, []],
            [48, []],
            [37, [37]],
            [21, []],
            [40, [40]],
            [50, []],
            [33, []],
            [16, []],
            [8, []],
            [2, []],
            [11, []],
            [29, []],
            [45, []],
            [18, []],
            [9, []],
            [31, []]
        ]
    ],
    [
        [
            [20, [40, 37]]
        ],
        [
            [46, [19, 20, 17, 22, 13, 15, 14]]
        ],
        [
            [13, [35, 36, 38, 34, 32, 27, 28, 30, 25]]
        ],
        [
            [13, [47, 49, 46, 43, 39, 41, 42]]
        ],
        [
            [5, [48, 50, 44, 45]]
        ]
    ]
]",,,201.80651069198112,0,5,5.8,,,,,results/sol_best_C201_0.5.dat_A8_L120_pid2672.txt,(not found),C201_0.5.dat_A8_L120_r3.log
43,test_data/data_demand_random_50_batch_all1_equal_random/C201_1.5.dat,4.0,60.0,1,765.03,"[
    [
        [
            [0, [7, 1, 5, 6, 9]],
            [29, []],
            [33, []],
            [42, []],
            [35, [18, 17, 15, 11, 23, 21, 20]],
            [23, []],
            [39, []],
            [18, []],
            [17, []],
            [7, []],
            [1, [31, 32, 30]],
            [32, []],
            [31, [42, 40, 39]],
            [5, [38, 36, 26, 28, 47, 49, 45]],
            [26, []],
            [38, []],
            [6, []],
            [30, []],
            [47, []],
            [21, []],
            [49, []],
            [40, []],
            [28, []],
            [15, []],
            [36, []],
            [20, []],
            [45, []],
            [9, []],
            [11, []]
        ],
        [
            [0, [3, 14, 4, 2, 25, 12, 27, 16, 19, 22, 8, 24, 10, 13]],
            [3, []],
            [14, []],
            [4, []],
            [2, []],
            [25, []],
            [12, []],
            [27, []],
            [34, []],
            [41, []],
            [16, []],
            [50, [34, 29, 33]],
            [19, []],
            [22, [41]],
            [43, []],
            [8, []],
            [24, []],
            [48, []],
            [46, []],
            [10, []],
            [37, []],
            [44, []],
            [13, [44, 46, 43, 48, 50, 37, 35]]
        ]
    ],
    [
        [
            [35, [18, 17, 15, 11]]
        ],
        [
            [35, [23, 21, 20]]
        ],
        [
            [1, [31, 32, 30]]
        ],
        [
            [31, [42, 40, 39]]
        ],
        [
            [5, [38, 36, 26, 28]]
        ],
        [
            [5, [47, 49, 45]]
        ],
        [
            [50, [34, 29, 33]]
        ],
        [
            [22, [41]]
        ],
        [
            [13, [44, 46, 43]]
        ],
        [
            [13, [48, 50, 37, 35]]
        ]
    ]
]",770.03,"[
    [
        [
            [0, [9, 7, 1, 5, 6]],
            [9, []],
            [29, []],
            [33, []],
            [42, []],
            [35, [18, 17, 15, 11, 23, 21, 20]],
            [23, []],
            [39, []],
            [18, []],
            [17, []],
            [7, []],
            [1, [31, 32, 30]],
            [32, []],
            [31, [42, 40, 39]],
            [5, [38, 36, 26, 28, 47, 49, 45]],
            [26, []],
            [38, []],
            [6, []],
            [30, []],
            [47, []],
            [21, []],
            [49, []],
            [40, []],
            [28, []],
            [15, []],
            [36, []],
            [20, []],
            [45, []],
            [11, []]
        ],
        [
            [0, [3, 14, 4, 2, 25, 12, 27, 16, 19, 22, 8, 24, 10, 13]],
            [3, []],
            [14, []],
            [4, []],
            [2, []],
            [25, []],
            [12, []],
            [27, []],
            [34, []],
            [41, []],
            [16, []],
            [50, [34, 29, 33]],
            [19, []],
            [22, [41]],
            [43, []],
            [8, []],
            [24, []],
            [48, []],
            [46, []],
            [10, []],
            [37, []],
            [44, []],
            [13, [44, 46, 43, 48, 50, 37, 35]]
        ]
    ],
    [
        [
            [35, [18, 17, 15, 11]],
            [35, [23, 21, 20]]
        ],
        [
            [1, [31, 32, 30]]
        ],
        [
            [31, [42, 40, 39]]
        ],
        [
            [5, [38, 36, 26, 28]]
        ],
        [
            [5, [47, 49, 45]]
        ],
        [
            [50, [34, 29, 33]]
        ],
        [
            [22, [41]]
        ],
        [
            [13, [44, 46, 43]]
        ],
        [
            [13, [48, 50, 37, 35]]
        ]
    ]
]",642.4304467184298,0,10,3.1,658.4782741315887,1,9,3.4444444444444446,results/sol_best_C201_1.5.dat_A4_L60_pid2733.txt,results/sol_best_multi_C201_1.5.dat_A4_L60_pid2733.txt,C201_1.5.dat_A4_L60_r1.log
43,test_data/data_demand_random_50_batch_all1_equal_random/C201_1.5.dat,4.0,60.0,2,714.0,"[
    [
        [
            [0, [1, 5]],
            [34, []],
            [42, []],
            [47, []],
            [25, []],
            [50, [7, 6, 18, 17, 15, 26, 28, 23, 21]],
            [35, [31, 32, 30]],
            [23, [25, 27, 24]],
            [45, [34, 29, 33]],
            [38, [38, 36, 42, 40, 39]],
            [26, []],
            [1, []],
            [31, []],
            [32, []],
            [5, [47, 49, 45]],
            [28, []],
            [40, []],
            [21, []],
            [49, []],
            [39, []],
            [18, []],
            [17, []],
            [7, []],
            [15, []],
            [36, []],
            [6, []]
        ],
        [
            [0, [2, 4, 14, 16, 12, 3, 13, 10, 8, 9, 11]],
            [20, [20, 22, 19]],
            [30, []],
            [29, []],
            [2, []],
            [4, []],
            [27, []],
            [14, []],
            [41, []],
            [16, []],
            [12, []],
            [3, []],
            [13, [41, 37, 35]],
            [44, [44, 46, 43]],
            [37, []],
            [10, []],
            [48, []],
            [24, []],
            [8, []],
            [46, []],
            [43, []],
            [22, [48, 50]],
            [19, [19]],
            [33, []],
            [9, []],
            [11, []]
        ]
    ],
    [
        [
            [20, [20, 22, 19]]
        ],
        [
            [50, [7, 6]]
        ],
        [
            [50, [18, 17, 15]]
        ],
        [
            [50, [26, 28, 23, 21]]
        ],
        [
            [35, [31, 32, 30]]
        ],
        [
            [23, [25, 27, 24]]
        ],
        [
            [45, [34, 29, 33]]
        ],
        [
            [38, [38, 36]]
        ],
        [
            [38, [42, 40, 39]]
        ],
        [
            [13, [41, 37, 35]]
        ],
        [
            [44, [44, 46, 43]]
        ],
        [
            [5, [47, 49, 45]]
        ],
        [
            [22, [48, 50]]
        ]
    ]
]",,,685.1677978499164,0,13,2.8461538461538463,,,,,results/sol_best_C201_1.5.dat_A4_L60_pid2735.txt,(not found),C201_1.5.dat_A4_L60_r2.log
43,test_data/data_demand_random_50_batch_all1_equal_random/C201_1.5.dat,4.0,60.0,3,768.68,"[
    [
        [
            [0, [1, 5]],
            [41, []],
            [9, [9]],
            [33, []],
            [35, []],
            [26, [26, 28, 21, 20]],
            [1, [31, 32, 30]],
            [31, []],
            [32, []],
            [38, [38, 36]],
            [15, [42, 40, 39]],
            [30, []],
            [47, []],
            [40, []],
            [21, []],
            [49, []],
            [18, []],
            [17, []],
            [7, []],
            [39, []],
            [28, []],
            [5, [47, 49, 45]],
            [36, []],
            [6, []],
            [20, []],
            [45, []]
        ],
        [
            [0, [3, 14, 4, 2, 8, 10, 13, 12, 16, 11]],
            [25, []],
            [3, []],
            [27, []],
            [14, []],
            [4, []],
            [2, []],
            [19, [19, 22, 23]],
            [37, []],
            [46, []],
            [48, []],
            [24, []],
            [8, []],
            [43, [25, 27, 24]],
            [10, [44, 46, 43, 48, 50]],
            [13, [41, 37, 35]],
            [22, [22]],
            [44, [34, 29, 33]],
            [50, []],
            [12, []],
            [16, []],
            [34, []],
            [42, []],
            [23, [23]],
            [29, [6, 7, 15, 18, 17]],
            [11, []]
        ]
    ],
    [
        [
            [9, [9]]
        ],
        [
            [26, [26, 28, 21, 20]]
        ],
        [
            [1, [31, 32, 30]]
        ],
        [
            [19, [19, 22, 23]]
        ],
        [
            [38, [38, 36]]
        ],
        [
            [15, [42, 40, 39]]
        ],
        [
            [43, [25, 27, 24]]
        ],
        [
            [10, [44, 46, 43]],
            [10, [48, 50]]
        ],
        [
            [13, [41, 37, 35]]
        ],
        [
            [5, [47, 49, 45]]
        ],
        [
            [44, [34, 29, 33]]
        ],
        [
            [29, [6, 7]]
        ],
        [
            [29, [15, 18, 17]]
        ]
    ]
]",768.68,"[
    [
        [
            [0, [1, 5]],
            [41, []],
            [9, [9]],
            [33, []],
            [35, []],
            [26, [26, 28, 21, 20]],
            [1, [31, 32, 30]],
            [31, []],
            [32, []],
            [38, [38, 36]],
            [15, [42, 40, 39]],
            [30, []],
            [47, []],
            [40, []],
            [21, []],
            [49, []],
            [18, []],
            [17, []],
            [7, []],
            [39, []],
            [28, []],
            [5, [47, 49, 45]],
            [36, []],
            [6, []],
            [20, []],
            [45, []]
        ],
        [
            [0, [3, 14, 4, 2, 8, 10, 13, 12, 16, 11]],
            [25, []],
            [3, []],
            [27, []],
            [14, []],
            [4, []],
            [2, []],
            [19, [19, 22, 23]],
            [37, []],
            [46, []],
            [48, []],
            [24, []],
            [8, []],
            [43, [25, 27, 24]],
            [10, [44, 46, 43, 48, 50]],
            [13, [41, 37, 35]],
            [22, [22]],
            [44, [34, 29, 33]],
            [50, []],
            [12, []],
            [16, []],
            [34, []],
            [42, []],
            [23, [23]],
            [29, [6, 7, 15, 18, 17]],
            [11, []]
        ]
    ],
    [
        [
            [9, [9]]
        ],
        [
            [26, [26, 28, 21, 20]]
        ],
        [
            [1, [31, 32, 30]]
        ],
        [
            [19, [19, 22, 23]]
        ],
        [
            [38, [38, 36]]
        ],
        [
            [15, [42, 40, 39]]
        ],
        [
            [43, [25, 27, 24]]
        ],
        [
            [10, [44, 46, 43]],
            [10, [48, 50]]
        ],
        [
            [13, [41, 37, 35]]
        ],
        [
            [5, [47, 49, 45]]
        ],
        [
            [44, [34, 29, 33]]
        ],
        [
            [29, [6, 7]]
        ],
        [
            [29, [15, 18, 17]]
        ]
    ]
]",746.1753226567979,1,13,2.923076923076923,746.1753226567979,1,13,2.923076923076923,results/sol_best_C201_1.5.dat_A4_L60_pid2736.txt,results/sol_best_multi_C201_1.5.dat_A4_L60_pid2736.txt,C201_1.5.dat_A4_L60_r3.log
44,test_data/data_demand_random_50_batch_all1_equal_random/C201_1.5.dat,4.0,90.0,1,840.73,"[
    [
        [
            [0, [12, 15, 26, 5, 1, 28, 21, 18, 17, 7, 6, 20]],
            [12, [34, 31, 32, 30]],
            [34, []],
            [42, [38, 36]],
            [15, [42, 40, 39]],
            [26, []],
            [5, [47, 49, 45]],
            [1, []],
            [31, []],
            [32, []],
            [38, []],
            [36, []],
            [30, []],
            [47, []],
            [28, []],
            [40, []],
            [21, []],
            [49, []],
            [39, []],
            [18, []],
            [17, []],
            [7, []],
            [6, []],
            [20, []]
        ],
        [
            [0, [8, 13, 3, 14, 4, 2, 16, 10, 9, 11]],
            [48, [22, 19, 23]],
            [24, [24, 27, 25]],
            [8, []],
            [44, []],
            [13, []],
            [3, []],
            [27, [27, 27]],
            [14, []],
            [4, []],
            [2, []],
            [16, []],
            [41, []],
            [25, [25, 25]],
            [22, [22, 22]],
            [10, [44, 46, 43, 41, 48, 50]],
            [37, [37, 35, 29, 33]],
            [46, []],
            [43, []],
            [19, [19, 19]],
            [50, []],
            [35, []],
            [23, [23, 23]],
            [29, []],
            [33, []],
            [9, []],
            [45, []],
            [11, []]
        ]
    ],
    [
        [
            [48, [22, 19, 23]]
        ],
        [
            [24, [24, 27, 25]]
        ],
        [
            [12, [34, 31, 32, 30]]
        ],
        [
            [42, [38, 36]]
        ],
        [
            [15, [42, 40, 39]]
        ],
        [
            [5, [47, 49, 45]]
        ],
        [
            [10, [44, 46, 43, 41]],
            [10, [48, 50]]
        ],
        [
            [37, [37, 35, 29, 33]]
        ]
    ]
]",840.73,"[
    [
        [
            [0, [12, 15, 26, 5, 1, 28, 21, 18, 17, 7, 6, 20]],
            [12, [34, 31, 32, 30]],
            [34, []],
            [42, [38, 36]],
            [15, [42, 40, 39]],
            [26, []],
            [5, [47, 49, 45]],
            [1, []],
            [31, []],
            [32, []],
            [38, []],
            [36, []],
            [30, []],
            [47, []],
            [28, []],
            [40, []],
            [21, []],
            [49, []],
            [39, []],
            [18, []],
            [17, []],
            [7, []],
            [6, []],
            [20, []]
        ],
        [
            [0, [8, 13, 3, 14, 4, 2, 16, 10, 9, 11]],
            [48, [22, 19, 23]],
            [24, [24, 27, 25]],
            [8, []],
            [44, []],
            [13, []],
            [3, []],
            [27, [27, 27]],
            [14, []],
            [4, []],
            [2, []],
            [16, []],
            [41, []],
            [25, [25, 25]],
            [22, [22, 22]],
            [10, [44, 46, 43, 41, 48, 50]],
            [37, [37, 35, 29, 33]],
            [46, []],
            [43, []],
            [19, [19, 19]],
            [50, []],
            [35, []],
            [23, [23, 23]],
            [29, []],
            [33, []],
            [9, []],
            [45, []],
            [11, []]
        ]
    ],
    [
        [
            [48, [22, 19, 23]]
        ],
        [
            [24, [24, 27, 25]]
        ],
        [
            [12, [34, 31, 32, 30]]
        ],
        [
            [42, [38, 36]]
        ],
        [
            [15, [42, 40, 39]]
        ],
        [
            [5, [47, 49, 45]]
        ],
        [
            [10, [44, 46, 43, 41]],
            [10, [48, 50]]
        ],
        [
            [37, [37, 35, 29, 33]]
        ]
    ]
]",553.8638839104487,1,8,3.5,553.8638839104487,1,8,3.5,results/sol_best_C201_1.5.dat_A4_L90_pid2762.txt,results/sol_best_multi_C201_1.5.dat_A4_L90_pid2762.txt,C201_1.5.dat_A4_L90_r1.log
44,test_data/data_demand_random_50_batch_all1_equal_random/C201_1.5.dat,4.0,90.0,2,811.18,"[
    [
        [
            [0, [38, 26, 1, 31, 32, 5, 36, 30, 21, 18, 17, 7, 28, 15, 9, 11]],
            [38, [40, 39]],
            [26, []],
            [1, []],
            [31, []],
            [32, []],
            [5, [47, 49, 45]],
            [36, []],
            [30, []],
            [47, []],
            [21, []],
            [40, [40, 40]],
            [49, []],
            [39, [39, 39]],
            [18, []],
            [17, []],
            [7, []],
            [28, []],
            [15, []],
            [45, []],
            [9, []],
            [11, []]
        ],
        [
            [0, [6, 13, 3, 14, 16, 12, 4, 2, 10, 8]],
            [6, []],
            [20, [20, 22, 19, 23]],
            [13, [27, 25, 24]],
            [50, []],
            [25, []],
            [3, [34, 29, 33]],
            [27, []],
            [14, []],
            [16, []],
            [12, []],
            [42, [42]],
            [34, []],
            [41, [41, 37, 35]],
            [4, []],
            [2, []],
            [22, []],
            [44, []],
            [37, []],
            [10, [44, 46, 43, 48, 50]],
            [46, []],
            [48, []],
            [24, []],
            [8, []],
            [43, []],
            [19, []],
            [35, []],
            [23, []],
            [29, []],
            [33, []]
        ]
    ],
    [
        [
            [38, [40, 39]]
        ],
        [
            [20, [20, 22, 19, 23]]
        ],
        [
            [13, [27, 25, 24]]
        ],
        [
            [3, [34, 29, 33]]
        ],
        [
            [42, [42]]
        ],
        [
            [41, [41, 37, 35]]
        ],
        [
            [5, [47, 49, 45]]
        ],
        [
            [10, [44, 46, 43]],
            [10, [48, 50]]
        ]
    ]
]",811.18,"[
    [
        [
            [0, [38, 26, 1, 31, 32, 5, 36, 30, 21, 18, 17, 7, 28, 15, 9, 11]],
            [38, [40, 39]],
            [26, []],
            [1, []],
            [31, []],
            [32, []],
            [5, [47, 49, 45]],
            [36, []],
            [30, []],
            [47, []],
            [21, []],
            [40, [40, 40]],
            [49, []],
            [39, [39, 39]],
            [18, []],
            [17, []],
            [7, []],
            [28, []],
            [15, []],
            [45, []],
            [9, []],
            [11, []]
        ],
        [
            [0, [6, 13, 3, 14, 16, 12, 4, 2, 10, 8]],
            [6, []],
            [20, [20, 22, 19, 23]],
            [13, [27, 25, 24]],
            [50, []],
            [25, []],
            [3, [34, 29, 33]],
            [27, []],
            [14, []],
            [16, []],
            [12, []],
            [42, [42]],
            [34, []],
            [41, [41, 37, 35]],
            [4, []],
            [2, []],
            [22, []],
            [44, []],
            [37, []],
            [10, [44, 46, 43, 48, 50]],
            [46, []],
            [48, []],
            [24, []],
            [8, []],
            [43, []],
            [19, []],
            [35, []],
            [23, []],
            [29, []],
            [33, []]
        ]
    ],
    [
        [
            [38, [40, 39]]
        ],
        [
            [20, [20, 22, 19, 23]]
        ],
        [
            [13, [27, 25, 24]]
        ],
        [
            [3, [34, 29, 33]]
        ],
        [
            [42, [42]]
        ],
        [
            [41, [41, 37, 35]]
        ],
        [
            [5, [47, 49, 45]]
        ],
        [
            [10, [44, 46, 43]],
            [10, [48, 50]]
        ]
    ]
]",385.49884790570223,1,8,3.0,385.49884790570223,1,8,3.0,results/sol_best_C201_1.5.dat_A4_L90_pid2764.txt,results/sol_best_multi_C201_1.5.dat_A4_L90_pid2764.txt,C201_1.5.dat_A4_L90_r2.log
44,test_data/data_demand_random_50_batch_all1_equal_random/C201_1.5.dat,4.0,90.0,3,904.31,"[
    [
        [
            [0, [5, 26, 1, 31, 32, 38, 36, 30, 28, 21, 18, 17, 7, 6, 20]],
            [5, []],
            [26, []],
            [1, []],
            [31, []],
            [32, []],
            [38, []],
            [36, []],
            [42, []],
            [30, []],
            [47, []],
            [49, []],
            [40, []],
            [39, []],
            [28, []],
            [21, []],
            [18, []],
            [17, []],
            [7, [47, 49, 45]],
            [6, []],
            [20, []],
            [45, []]
        ],
        [
            [0, [4, 2, 12, 3, 10, 13, 8, 9, 11]],
            [34, [14, 16, 15]],
            [14, [22, 19, 23]],
            [4, []],
            [2, []],
            [16, []],
            [12, []],
            [27, []],
            [25, [25, 27, 24, 34, 29, 33]],
            [41, [41]],
            [3, [37, 35]],
            [22, []],
            [44, []],
            [37, []],
            [10, [44, 46, 43]],
            [13, [48, 50]],
            [46, []],
            [48, []],
            [24, []],
            [8, []],
            [43, []],
            [19, []],
            [50, []],
            [35, []],
            [23, []],
            [29, []],
            [33, []],
            [15, [42, 40, 39]],
            [9, []],
            [11, []]
        ]
    ],
    [
        [
            [34, [14, 16, 15]]
        ],
        [
            [14, [22, 19, 23]]
        ],
        [
            [25, [25, 27, 24]]
        ],
        [
            [25, [34, 29, 33]]
        ],
        [
            [41, [41]]
        ],
        [
            [3, [37, 35]]
        ],
        [
            [10, [44, 46, 43]]
        ],
        [
            [13, [48, 50]]
        ],
        [
            [7, [47, 49, 45]]
        ],
        [
            [15, [42, 40, 39]]
        ]
    ]
]",,,452.55141155355284,0,10,2.6,,,,,results/sol_best_C201_1.5.dat_A4_L90_pid2765.txt,(not found),C201_1.5.dat_A4_L90_r3.log
45,test_data/data_demand_random_50_batch_all1_equal_random/C201_1.5.dat,4.0,120.0,1,816.73,"[
    [
        [
            [0, [38, 26, 1, 31, 32, 5, 6, 30, 21, 18, 17, 7, 28, 15, 36]],
            [38, [42, 40, 39]],
            [26, []],
            [1, []],
            [31, []],
            [32, []],
            [5, [47, 49, 45]],
            [6, []],
            [30, []],
            [42, [42]],
            [47, []],
            [40, [40]],
            [21, []],
            [49, []],
            [39, [39]],
            [18, []],
            [17, []],
            [7, []],
            [28, []],
            [15, []],
            [36, []]
        ],
        [
            [0, [3, 4, 2, 8, 9]],
            [35, [12, 13, 10, 11]],
            [20, [14, 16, 20, 22, 19, 23]],
            [45, []],
            [23, []],
            [34, [25, 27, 24]],
            [14, [14]],
            [25, [34, 29, 33]],
            [3, []],
            [4, []],
            [2, []],
            [27, []],
            [41, [41]],
            [16, [16]],
            [12, [12]],
            [50, []],
            [13, [37, 35]],
            [22, []],
            [44, []],
            [37, []],
            [10, [44, 46, 43, 48, 50]],
            [48, []],
            [24, []],
            [8, []],
            [46, []],
            [43, []],
            [19, []],
            [29, []],
            [33, []],
            [9, []],
            [11, [11]]
        ]
    ],
    [
        [
            [35, [12, 13, 10, 11]]
        ],
        [
            [20, [14, 16]]
        ],
        [
            [20, [20, 22, 19, 23]]
        ],
        [
            [34, [25, 27, 24]]
        ],
        [
            [25, [34, 29, 33]]
        ],
        [
            [38, [42, 40, 39]]
        ],
        [
            [41, [41]]
        ],
        [
            [5, [47, 49, 45]]
        ],
        [
            [13, [37, 35]]
        ],
        [
            [10, [44, 46, 43]],
            [10, [48, 50]]
        ]
    ]
]",816.73,"[
    [
        [
            [0, [38, 26, 1, 31, 32, 5, 6, 30, 21, 18, 17, 7, 28, 15, 36]],
            [38, [42, 40, 39]],
            [26, []],
            [1, []],
            [31, []],
            [32, []],
            [5, [47, 49, 45]],
            [6, []],
            [30, []],
            [42, [42]],
            [47, []],
            [40, [40]],
            [21, []],
            [49, []],
            [39, [39]],
            [18, []],
            [17, []],
            [7, []],
            [28, []],
            [15, []],
            [36, []]
        ],
        [
            [0, [3, 4, 2, 8, 9]],
            [35, [12, 13, 10, 11]],
            [20, [14, 16, 20, 22, 19, 23]],
            [45, []],
            [23, []],
            [34, [25, 27, 24]],
            [14, [14]],
            [25, [34, 29, 33]],
            [3, []],
            [4, []],
            [2, []],
            [27, []],
            [41, [41]],
            [16, [16]],
            [12, [12]],
            [50, []],
            [13, [37, 35]],
            [22, []],
            [44, []],
            [37, []],
            [10, [44, 46, 43, 48, 50]],
            [48, []],
            [24, []],
            [8, []],
            [46, []],
            [43, []],
            [19, []],
            [29, []],
            [33, []],
            [9, []],
            [11, [11]]
        ]
    ],
    [
        [
            [35, [12, 13, 10, 11]]
        ],
        [
            [20, [14, 16]]
        ],
        [
            [20, [20, 22, 19, 23]]
        ],
        [
            [34, [25, 27, 24]]
        ],
        [
            [25, [34, 29, 33]]
        ],
        [
            [38, [42, 40, 39]]
        ],
        [
            [41, [41]]
        ],
        [
            [5, [47, 49, 45]]
        ],
        [
            [13, [37, 35]]
        ],
        [
            [10, [44, 46, 43]],
            [10, [48, 50]]
        ]
    ]
]",604.1918903118014,1,10,3.0,604.1918903118014,1,10,3.0,results/sol_best_C201_1.5.dat_A4_L120_pid2741.txt,results/sol_best_multi_C201_1.5.dat_A4_L120_pid2741.txt,C201_1.5.dat_A4_L120_r1.log
45,test_data/data_demand_random_50_batch_all1_equal_random/C201_1.5.dat,4.0,120.0,2,789.62,"[
    [
        [
            [0, [38, 26, 5, 1, 31, 32, 6, 30, 21, 18, 17, 7, 28, 15, 36, 20]],
            [38, []],
            [26, [42, 40, 39]],
            [5, []],
            [1, []],
            [31, []],
            [32, []],
            [6, []],
            [30, []],
            [42, [42]],
            [47, []],
            [40, [40]],
            [21, []],
            [49, []],
            [39, [39]],
            [18, []],
            [17, []],
            [7, [47, 49, 45]],
            [28, []],
            [15, []],
            [36, []],
            [20, []]
        ],
        [
            [0, [9, 8, 3, 4, 2]],
            [34, [11, 13, 12, 10]],
            [23, []],
            [45, [14, 16]],
            [11, [11]],
            [9, [22, 19, 23]],
            [46, []],
            [24, [24, 25, 27]],
            [8, []],
            [48, [37, 35]],
            [13, [44, 46, 43, 41]],
            [25, [34, 29, 33]],
            [27, []],
            [14, []],
            [41, []],
            [16, []],
            [12, [12]],
            [3, [48, 50]],
            [4, []],
            [2, []],
            [22, []],
            [44, []],
            [37, []],
            [10, [10]],
            [43, []],
            [19, []],
            [50, []],
            [35, []],
            [29, []],
            [33, []]
        ]
    ],
    [
        [
            [34, [11, 13, 12, 10]]
        ],
        [
            [45, [14, 16]]
        ],
        [
            [9, [22, 19, 23]]
        ],
        [
            [24, [24, 25, 27]]
        ],
        [
            [48, [37, 35]]
        ],
        [
            [26, [42, 40, 39]]
        ],
        [
            [13, [44, 46, 43, 41]]
        ],
        [
            [7, [47, 49, 45]]
        ],
        [
            [25, [34, 29, 33]]
        ],
        [
            [3, [48, 50]]
        ]
    ]
]",,,673.4083982028615,0,10,2.9,,,,,results/sol_best_C201_1.5.dat_A4_L120_pid2743.txt,(not found),C201_1.5.dat_A4_L120_r2.log
45,test_data/data_demand_random_50_batch_all1_equal_random/C201_1.5.dat,4.0,120.0,3,917.73,"[
    [
        [
            [0, [36, 38, 26, 1, 31, 32, 5, 15, 30, 28, 21, 18, 17, 7, 6, 20]],
            [36, []],
            [38, []],
            [26, []],
            [1, []],
            [31, []],
            [32, []],
            [5, [47, 49, 45]],
            [15, [42, 40, 39]],
            [42, []],
            [30, []],
            [47, []],
            [49, []],
            [40, []],
            [39, []],
            [28, []],
            [21, []],
            [18, []],
            [17, []],
            [7, []],
            [6, []],
            [20, []],
            [45, []]
        ],
        [
            [0, [13, 3, 14, 4, 2, 16, 12, 22, 8, 10, 19, 23, 9, 11]],
            [13, [27, 25, 24]],
            [3, [34, 29, 33]],
            [27, [27]],
            [14, []],
            [4, []],
            [2, []],
            [16, []],
            [12, []],
            [34, [34, 34]],
            [41, [41, 37, 35]],
            [25, [25]],
            [22, []],
            [44, []],
            [37, [37, 37]],
            [46, []],
            [48, []],
            [24, [24]],
            [8, []],
            [10, [44, 46, 43, 48, 50]],
            [43, []],
            [19, []],
            [50, []],
            [35, [35, 35]],
            [23, []],
            [29, [29, 29]],
            [33, [33, 33]],
            [9, []],
            [11, []]
        ]
    ],
    [
        [
            [13, [27, 25, 24]]
        ],
        [
            [3, [34, 29, 33]]
        ],
        [
            [5, [47, 49, 45]]
        ],
        [
            [41, [41, 37, 35]]
        ],
        [
            [15, [42, 40, 39]]
        ],
        [
            [10, [44, 46, 43]],
            [10, [48, 50]]
        ]
    ]
]",917.73,"[
    [
        [
            [0, [36, 38, 26, 1, 31, 32, 5, 15, 30, 28, 21, 18, 17, 7, 6, 20]],
            [36, []],
            [38, []],
            [26, []],
            [1, []],
            [31, []],
            [32, []],
            [5, [47, 49, 45]],
            [15, [42, 40, 39]],
            [42, []],
            [30, []],
            [47, []],
            [49, []],
            [40, []],
            [39, []],
            [28, []],
            [21, []],
            [18, []],
            [17, []],
            [7, []],
            [6, []],
            [20, []],
            [45, []]
        ],
        [
            [0, [13, 3, 14, 4, 2, 16, 12, 22, 8, 10, 19, 23, 9, 11]],
            [13, [27, 25, 24]],
            [3, [34, 29, 33]],
            [27, [27]],
            [14, []],
            [4, []],
            [2, []],
            [16, []],
            [12, []],
            [34, [34, 34]],
            [41, [41, 37, 35]],
            [25, [25]],
            [22, []],
            [44, []],
            [37, [37, 37]],
            [46, []],
            [48, []],
            [24, [24]],
            [8, []],
            [10, [44, 46, 43, 48, 50]],
            [43, []],
            [19, []],
            [50, []],
            [35, [35, 35]],
            [23, []],
            [29, [29, 29]],
            [33, [33, 33]],
            [9, []],
            [11, []]
        ]
    ],
    [
        [
            [13, [27, 25, 24]]
        ],
        [
            [3, [34, 29, 33]]
        ],
        [
            [5, [47, 49, 45]]
        ],
        [
            [41, [41, 37, 35]]
        ],
        [
            [15, [42, 40, 39]]
        ],
        [
            [10, [44, 46, 43]],
            [10, [48, 50]]
        ]
    ]
]",452.0573210172695,1,6,3.3333333333333335,452.0573210172695,1,6,3.3333333333333335,results/sol_best_C201_1.5.dat_A4_L120_pid2744.txt,results/sol_best_multi_C201_1.5.dat_A4_L120_pid2744.txt,C201_1.5.dat_A4_L120_r3.log
46,test_data/data_demand_random_50_batch_all1_equal_random/C201_1.5.dat,8.0,60.0,1,748.73,"[
    [
        [
            [0, [10, 1, 5, 18, 17, 7, 15]],
            [10, []],
            [45, [22, 19, 23, 26, 28, 21, 20]],
            [47, []],
            [38, [38, 36, 31, 32, 30]],
            [1, []],
            [31, []],
            [32, []],
            [26, []],
            [5, [47, 49, 45, 42, 40, 39]],
            [36, []],
            [40, []],
            [21, []],
            [49, []],
            [39, []],
            [18, []],
            [17, []],
            [7, []],
            [28, []],
            [15, []],
            [20, []]
        ],
        [
            [0, [6, 3, 12, 4, 2, 13, 8, 9, 11]],
            [6, [14, 16]],
            [30, []],
            [42, []],
            [34, []],
            [3, []],
            [14, [14]],
            [27, []],
            [41, []],
            [16, [16]],
            [12, []],
            [4, []],
            [2, []],
            [25, []],
            [50, [34, 29, 33, 27, 25, 24]],
            [13, [41, 37, 35]],
            [22, [48, 50, 44, 46, 43]],
            [44, []],
            [37, []],
            [46, []],
            [48, []],
            [24, []],
            [8, []],
            [43, []],
            [19, []],
            [35, []],
            [23, []],
            [29, []],
            [33, []],
            [9, []],
            [11, []]
        ]
    ],
    [
        [
            [6, [14, 16]]
        ],
        [
            [45, [22, 19, 23, 26, 28, 21, 20]]
        ],
        [
            [38, [38, 36, 31, 32, 30]]
        ],
        [
            [50, [34, 29, 33, 27, 25, 24]]
        ],
        [
            [5, [47, 49, 45, 42, 40, 39]]
        ],
        [
            [13, [41, 37, 35]]
        ],
        [
            [22, [48, 50, 44, 46, 43]]
        ]
    ]
]",,,524.7692658392875,0,7,4.857142857142857,,,,,results/sol_best_C201_1.5.dat_A8_L60_pid2729.txt,(not found),C201_1.5.dat_A8_L60_r1.log
46,test_data/data_demand_random_50_batch_all1_equal_random/C201_1.5.dat,8.0,60.0,2,704.08,"[
    [
        [
            [0, [1, 5]],
            [24, []],
            [48, []],
            [26, [7, 6, 18, 17, 15, 23, 26, 28]],
            [31, []],
            [1, [31, 32, 30, 34]],
            [32, []],
            [6, []],
            [20, []],
            [45, []],
            [23, []],
            [42, []],
            [47, []],
            [21, []],
            [49, []],
            [39, []],
            [18, []],
            [17, []],
            [7, []],
            [5, [47, 49, 45, 42, 40, 39, 38, 36]],
            [38, []]
        ],
        [
            [0, [2, 4, 12, 3, 13, 10, 8, 9, 11]],
            [36, [14, 16]],
            [15, []],
            [28, []],
            [40, []],
            [30, [21, 20, 27, 25, 24, 22, 19]],
            [29, []],
            [35, []],
            [50, []],
            [25, []],
            [2, []],
            [4, []],
            [27, []],
            [14, [14]],
            [41, []],
            [34, []],
            [16, [16]],
            [12, []],
            [3, []],
            [13, [48, 50, 41]],
            [22, []],
            [44, []],
            [37, []],
            [10, [44, 46, 43, 37, 35, 29, 33]],
            [46, []],
            [8, []],
            [43, []],
            [19, []],
            [33, []],
            [9, []],
            [11, []]
        ]
    ],
    [
        [
            [36, [14, 16]]
        ],
        [
            [26, [7, 6]]
        ],
        [
            [26, [18, 17, 15, 23]]
        ],
        [
            [30, [21, 20, 27, 25, 24, 22, 19]]
        ],
        [
            [26, [26, 28]]
        ],
        [
            [1, [31, 32, 30, 34]]
        ],
        [
            [5, [47, 49, 45, 42, 40, 39, 38, 36]]
        ],
        [
            [13, [48, 50, 41]]
        ],
        [
            [10, [44, 46, 43, 37, 35, 29, 33]]
        ]
    ]
]",,,709.9629583216275,0,9,4.333333333333333,,,,,results/sol_best_C201_1.5.dat_A8_L60_pid2731.txt,(not found),C201_1.5.dat_A8_L60_r2.log
46,test_data/data_demand_random_50_batch_all1_equal_random/C201_1.5.dat,8.0,60.0,3,684.0,"[
    [
        [
            [0, [1, 5]],
            [29, []],
            [23, []],
            [34, []],
            [41, []],
            [42, []],
            [38, []],
            [32, []],
            [31, []],
            [1, [7, 6]],
            [26, []],
            [15, [15, 18, 17, 31, 32, 30, 26, 28, 21, 20]],
            [30, []],
            [47, []],
            [21, []],
            [49, []],
            [40, []],
            [28, []],
            [39, []],
            [18, []],
            [17, []],
            [7, []],
            [5, [47, 49, 45, 42, 40, 39, 38, 36]],
            [36, []],
            [6, []],
            [20, []],
            [45, []]
        ],
        [
            [0, [8, 4, 2, 3, 9]],
            [48, []],
            [8, []],
            [50, [12, 13, 10, 11]],
            [4, []],
            [2, []],
            [16, []],
            [12, [12]],
            [3, []],
            [14, []],
            [27, []],
            [25, []],
            [13, [14, 16, 34, 29, 33, 27, 25, 24]],
            [22, [22, 19, 23]],
            [44, []],
            [37, []],
            [10, [48, 50, 44, 46, 43]],
            [24, []],
            [46, [41, 37, 35]],
            [43, []],
            [19, []],
            [35, []],
            [33, []],
            [9, []],
            [11, [11]]
        ]
    ],
    [
        [
            [50, [12, 13, 10, 11]]
        ],
        [
            [1, [7, 6]]
        ],
        [
            [15, [15, 18, 17]]
        ],
        [
            [15, [31, 32, 30, 26, 28, 21, 20]]
        ],
        [
            [13, [14, 16]]
        ],
        [
            [13, [34, 29, 33, 27, 25, 24]]
        ],
        [
            [22, [22, 19, 23]]
        ],
        [
            [10, [48, 50, 44, 46, 43]]
        ],
        [
            [5, [47, 49, 45, 42, 40, 39, 38, 36]]
        ],
        [
            [46, [41, 37, 35]]
        ]
    ]
]",,,568.0543811344473,0,10,4.3,,,,,results/sol_best_C201_1.5.dat_A8_L60_pid2732.txt,(not found),C201_1.5.dat_A8_L60_r3.log
47,test_data/data_demand_random_50_batch_all1_equal_random/C201_1.5.dat,8.0,90.0,1,712.73,"[
    [
        [
            [0, [30, 26, 1, 31, 32, 5, 28, 21, 18, 17, 7, 15, 11]],
            [30, []],
            [38, []],
            [26, []],
            [1, []],
            [31, []],
            [32, []],
            [5, [47, 49, 45, 42, 40, 39, 38, 36]],
            [28, []],
            [40, []],
            [21, []],
            [49, []],
            [39, []],
            [18, []],
            [17, []],
            [7, []],
            [15, []],
            [11, []]
        ],
        [
            [0, [3, 4, 2]],
            [29, []],
            [45, [9, 6, 8]],
            [9, []],
            [35, []],
            [23, []],
            [42, []],
            [47, [13, 12, 10]],
            [36, []],
            [6, []],
            [20, [20, 22, 19, 23, 16, 14]],
            [33, []],
            [50, []],
            [25, []],
            [3, [34, 29, 33]],
            [16, []],
            [12, []],
            [34, []],
            [41, [41, 37, 35]],
            [14, []],
            [27, []],
            [4, []],
            [2, []],
            [19, []],
            [43, []],
            [8, []],
            [24, []],
            [48, []],
            [46, []],
            [10, [48, 50, 44, 46, 43]],
            [37, []],
            [44, []],
            [22, []],
            [13, [27, 25, 24]]
        ]
    ],
    [
        [
            [5, [47, 49, 45, 42, 40, 39, 38, 36]]
        ],
        [
            [45, [9, 6, 8]]
        ],
        [
            [47, [13, 12, 10]]
        ],
        [
            [20, [20, 22, 19, 23, 16, 14]]
        ],
        [
            [3, [34, 29, 33]]
        ],
        [
            [41, [41, 37, 35]]
        ],
        [
            [10, [48, 50, 44, 46, 43]]
        ],
        [
            [13, [27, 25, 24]]
        ]
    ]
]",,,793.6090751435705,0,8,4.25,,,,,results/sol_best_C201_1.5.dat_A8_L90_pid2777.txt,(not found),C201_1.5.dat_A8_L90_r1.log
47,test_data/data_demand_random_50_batch_all1_equal_random/C201_1.5.dat,8.0,90.0,2,859.62,"[
    [
        [
            [0, [1, 5, 21, 18, 17, 7, 15, 6, 20, 10, 13]],
            [1, [26, 28]],
            [31, []],
            [32, []],
            [5, [38, 36, 31, 32, 30]],
            [26, [42, 40, 39]],
            [38, []],
            [36, []],
            [30, []],
            [42, []],
            [47, []],
            [49, []],
            [40, []],
            [39, []],
            [28, [28]],
            [21, []],
            [18, []],
            [17, []],
            [7, [47, 49, 45]],
            [15, []],
            [6, []],
            [20, []],
            [45, []],
            [10, [44, 46, 43]],
            [13, [48, 50]]
        ],
        [
            [0, [3, 14, 4, 2, 16, 27, 12, 25, 22, 24, 8, 19, 23, 9, 11]],
            [3, [34, 29, 33]],
            [14, []],
            [4, []],
            [2, []],
            [16, []],
            [41, [41, 37, 35]],
            [27, []],
            [34, [34]],
            [12, []],
            [25, []],
            [22, []],
            [44, []],
            [37, [37]],
            [46, []],
            [48, []],
            [24, []],
            [8, []],
            [43, []],
            [19, []],
            [50, []],
            [35, [35]],
            [23, []],
            [29, [29]],
            [33, [33]],
            [9, []],
            [11, []]
        ]
    ],
    [
        [
            [1, [26, 28]]
        ],
        [
            [3, [34, 29, 33]]
        ],
        [
            [5, [38, 36, 31, 32, 30]]
        ],
        [
            [26, [42, 40, 39]]
        ],
        [
            [41, [41, 37, 35]]
        ],
        [
            [7, [47, 49, 45]]
        ],
        [
            [10, [44, 46, 43]]
        ],
        [
            [13, [48, 50]]
        ]
    ]
]",,,551.5777200344738,0,8,3.0,,,,,results/sol_best_C201_1.5.dat_A8_L90_pid2779.txt,(not found),C201_1.5.dat_A8_L90_r2.log
47,test_data/data_demand_random_50_batch_all1_equal_random/C201_1.5.dat,8.0,90.0,3,851.62,"[
    [
        [
            [0, [1, 5, 15, 21, 18, 17, 7, 6, 20]],
            [26, [26, 28]],
            [1, []],
            [31, []],
            [32, []],
            [5, [31, 32, 34, 30]],
            [15, [42, 40, 39, 38, 36]],
            [38, []],
            [36, []],
            [30, []],
            [42, []],
            [34, []],
            [47, []],
            [49, []],
            [40, []],
            [39, []],
            [28, []],
            [21, []],
            [18, []],
            [17, []],
            [7, [47, 49, 45]],
            [6, []],
            [20, []],
            [45, []]
        ],
        [
            [0, [4, 2, 16, 14, 12, 3, 10, 13, 8, 9, 11]],
            [4, [27, 25, 24, 22, 19, 23]],
            [2, []],
            [16, []],
            [14, []],
            [27, [27]],
            [41, []],
            [25, [25]],
            [12, []],
            [3, [37, 35, 41, 29, 33]],
            [22, [22]],
            [44, []],
            [37, []],
            [10, [44, 46, 43]],
            [13, [48, 50]],
            [46, []],
            [48, []],
            [24, [24]],
            [8, []],
            [43, []],
            [19, [19]],
            [50, []],
            [35, []],
            [23, [23]],
            [29, []],
            [33, []],
            [9, []],
            [11, []]
        ]
    ],
    [
        [
            [4, [27, 25, 24, 22, 19, 23]]
        ],
        [
            [26, [26, 28]]
        ],
        [
            [5, [31, 32, 34, 30]]
        ],
        [
            [15, [42, 40, 39, 38, 36]]
        ],
        [
            [3, [37, 35, 41, 29, 33]]
        ],
        [
            [7, [47, 49, 45]]
        ],
        [
            [10, [44, 46, 43]]
        ],
        [
            [13, [48, 50]]
        ]
    ]
]",,,418.10073706860646,0,8,3.75,,,,,results/sol_best_C201_1.5.dat_A8_L90_pid2780.txt,(not found),C201_1.5.dat_A8_L90_r3.log
48,test_data/data_demand_random_50_batch_all1_equal_random/C201_1.5.dat,8.0,120.0,1,797.91,"[
    [
        [
            [0, [26, 5, 1, 31, 32, 30, 21, 28, 18, 17, 7, 15, 6, 20]],
            [26, [38, 36]],
            [5, []],
            [1, [42, 40, 39]],
            [31, []],
            [32, []],
            [38, []],
            [36, []],
            [30, []],
            [42, []],
            [47, []],
            [49, []],
            [40, []],
            [21, []],
            [28, []],
            [39, []],
            [18, []],
            [17, []],
            [7, [47, 49, 45]],
            [15, []],
            [6, []],
            [20, []],
            [45, []]
        ],
        [
            [0, [16, 4, 2, 8, 13, 10, 14, 12, 3, 9, 11]],
            [34, [22, 19, 23]],
            [41, []],
            [16, []],
            [4, []],
            [2, []],
            [22, [22, 22, 22]],
            [44, []],
            [37, []],
            [46, []],
            [24, []],
            [8, []],
            [48, [37, 35]],
            [13, [44, 46, 43, 41]],
            [10, []],
            [43, []],
            [19, [19, 19, 19]],
            [25, [34, 29, 33, 25, 27, 24]],
            [14, []],
            [27, []],
            [12, []],
            [3, [48, 50]],
            [50, []],
            [35, []],
            [23, [23, 23, 23]],
            [29, []],
            [33, []],
            [9, []],
            [11, []]
        ]
    ],
    [
        [
            [34, [22, 19, 23]]
        ],
        [
            [26, [38, 36]]
        ],
        [
            [1, [42, 40, 39]]
        ],
        [
            [48, [37, 35]]
        ],
        [
            [7, [47, 49, 45]]
        ],
        [
            [13, [44, 46, 43, 41]]
        ],
        [
            [25, [34, 29, 33, 25, 27, 24]]
        ],
        [
            [3, [48, 50]]
        ]
    ]
]",,,489.11434628491014,0,8,3.125,,,,,results/sol_best_C201_1.5.dat_A8_L120_pid2715.txt,(not found),C201_1.5.dat_A8_L120_r1.log
48,test_data/data_demand_random_50_batch_all1_equal_random/C201_1.5.dat,8.0,120.0,2,747.94,"[
    [
        [
            [0, [4, 2, 5, 1]],
            [33, []],
            [29, []],
            [42, []],
            [4, [7, 9, 6]],
            [2, []],
            [50, []],
            [35, [18, 17, 15, 11]],
            [23, [23, 21, 22]],
            [40, []],
            [28, []],
            [5, [31, 32, 30, 34, 26, 28, 33]],
            [26, [38, 36]],
            [1, [42, 40, 39]],
            [31, []],
            [32, []],
            [30, []],
            [47, []],
            [21, []],
            [49, []],
            [39, []],
            [18, []],
            [17, []],
            [7, [47, 49, 45]],
            [15, []],
            [9, []],
            [11, []],
            [22, []],
            [44, []]
        ],
        [
            [0, [20, 27, 14, 16, 12, 25, 3, 19, 8, 24, 10, 13]],
            [6, []],
            [36, []],
            [38, []],
            [20, [37, 35, 29]],
            [45, []],
            [34, []],
            [27, []],
            [14, []],
            [41, []],
            [16, []],
            [12, []],
            [25, []],
            [3, [48, 50]],
            [19, []],
            [43, []],
            [8, []],
            [48, []],
            [24, []],
            [46, []],
            [37, []],
            [10, []],
            [13, [44, 46, 43, 41]]
        ]
    ],
    [
        [
            [4, [7, 9, 6]]
        ],
        [
            [35, [18, 17, 15, 11]]
        ],
        [
            [23, [23, 21, 22]]
        ],
        [
            [20, [37, 35, 29]]
        ],
        [
            [5, [31, 32, 30, 34, 26, 28, 33]]
        ],
        [
            [26, [38, 36]]
        ],
        [
            [1, [42, 40, 39]]
        ],
        [
            [7, [47, 49, 45]]
        ],
        [
            [3, [48, 50]]
        ],
        [
            [13, [44, 46, 43, 41]]
        ]
    ]
]",,,775.2985227289128,0,10,3.4,,,,,results/sol_best_C201_1.5.dat_A8_L120_pid2717.txt,(not found),C201_1.5.dat_A8_L120_r2.log
48,test_data/data_demand_random_50_batch_all1_equal_random/C201_1.5.dat,8.0,120.0,3,853.53,"[
    [
        [
            [0, [9, 23, 15, 26, 5, 1, 21, 28, 18, 17, 7, 6]],
            [33, [33, 29, 31, 32, 30]],
            [9, []],
            [23, []],
            [29, [38, 36]],
            [15, [42, 40, 39]],
            [26, []],
            [5, []],
            [1, []],
            [31, []],
            [32, []],
            [38, []],
            [36, []],
            [30, []],
            [42, []],
            [47, []],
            [49, []],
            [21, []],
            [40, []],
            [28, []],
            [39, []],
            [18, []],
            [17, []],
            [7, [47, 49, 45]],
            [6, []]
        ],
        [
            [0, [20, 2, 4, 14, 16, 12, 3, 13, 22, 8, 10, 19, 11]],
            [20, [27, 25, 24]],
            [45, []],
            [34, [34]],
            [2, []],
            [4, []],
            [14, []],
            [27, [27]],
            [25, [41, 37, 35]],
            [41, []],
            [16, []],
            [12, []],
            [3, [48, 50]],
            [13, [44, 46, 43]],
            [22, []],
            [44, []],
            [37, []],
            [46, []],
            [48, []],
            [24, [24]],
            [8, []],
            [10, []],
            [43, []],
            [19, []],
            [50, []],
            [35, []],
            [11, []]
        ]
    ],
    [
        [
            [20, [27, 25, 24]]
        ],
        [
            [34, [34]]
        ],
        [
            [33, [33, 29, 31, 32, 30]]
        ],
        [
            [29, [38, 36]]
        ],
        [
            [15, [42, 40, 39]]
        ],
        [
            [25, [41, 37, 35]]
        ],
        [
            [3, [48, 50]]
        ],
        [
            [7, [47, 49, 45]]
        ],
        [
            [13, [44, 46, 43]]
        ]
    ]
]",,,537.6051776446911,0,9,2.7777777777777777,,,,,results/sol_best_C201_1.5.dat_A8_L120_pid2718.txt,(not found),C201_1.5.dat_A8_L120_r3.log
49,test_data/data_demand_random_50_batch_all1_equal_random/C201_1.dat,4.0,60.0,1,675.3,"[
    [
        [
            [0, [1, 3, 5, 6, 33, 26, 23, 8, 19, 9, 21, 15, 36, 20, 30, 22, 29]],
            [1, []],
            [34, []],
            [3, []],
            [50, []],
            [5, []],
            [6, []],
            [33, []],
            [26, []],
            [23, []],
            [8, []],
            [19, []],
            [44, []],
            [9, []],
            [21, []],
            [15, []],
            [32, []],
            [37, []],
            [38, []],
            [41, []],
            [36, []],
            [20, []],
            [46, []],
            [30, []],
            [45, []],
            [22, []],
            [29, []]
        ],
        [
            [0, [11, 12, 10, 18, 2, 7, 16, 13, 14, 17, 4]],
            [11, []],
            [25, []],
            [12, []],
            [10, [31, 28, 32, 34, 37, 35]],
            [18, []],
            [48, []],
            [31, []],
            [40, []],
            [28, [42, 44, 46, 45, 50, 48, 38, 41]],
            [2, []],
            [42, []],
            [27, []],
            [49, []],
            [7, []],
            [16, []],
            [13, []],
            [39, []],
            [47, []],
            [14, []],
            [43, []],
            [17, [40, 39]],
            [35, []],
            [4, [49, 47, 43]],
            [24, [24, 25, 27]]
        ]
    ],
    [
        [
            [10, [31, 28, 32]]
        ],
        [
            [10, [34, 37, 35]]
        ],
        [
            [28, [42, 44, 46, 45]]
        ],
        [
            [28, [50, 48, 38, 41]]
        ],
        [
            [17, [40, 39]]
        ],
        [
            [4, [49, 47, 43]]
        ],
        [
            [24, [24, 25, 27]]
        ]
    ]
]",,,422.66696772653205,0,7,3.142857142857143,,,,,results/sol_best_C201_1.dat_A4_L60_pid2752.txt,(not found),C201_1.dat_A4_L60_r1.log
49,test_data/data_demand_random_50_batch_all1_equal_random/C201_1.dat,4.0,60.0,2,696.68,"[
    [
        [
            [0, [26, 6, 5, 23, 8, 19, 3, 28, 9, 21, 15, 20, 1, 30, 22, 29]],
            [34, [33, 36]],
            [26, []],
            [6, []],
            [5, []],
            [23, []],
            [8, []],
            [19, []],
            [3, []],
            [33, []],
            [28, [50, 48, 38, 41]],
            [50, []],
            [44, []],
            [9, []],
            [21, []],
            [15, []],
            [38, []],
            [41, []],
            [36, []],
            [20, []],
            [46, []],
            [1, []],
            [30, []],
            [45, []],
            [22, []],
            [29, []]
        ],
        [
            [0, [18, 11, 12, 10, 2, 7, 16, 13, 14, 17, 4]],
            [48, []],
            [18, [25, 27, 24]],
            [11, []],
            [12, []],
            [25, [25]],
            [10, [34, 37, 35, 40, 39, 31, 32]],
            [31, []],
            [40, []],
            [2, []],
            [42, [42, 44, 46, 45]],
            [27, [27]],
            [49, []],
            [7, []],
            [16, []],
            [13, []],
            [39, []],
            [47, []],
            [14, []],
            [32, []],
            [37, []],
            [43, []],
            [17, []],
            [35, []],
            [4, [49, 47, 43]],
            [24, [24]]
        ]
    ],
    [
        [
            [18, [25, 27, 24]]
        ],
        [
            [34, [33, 36]]
        ],
        [
            [10, [34, 37, 35]]
        ],
        [
            [10, [40, 39, 31, 32]]
        ],
        [
            [28, [50, 48, 38, 41]]
        ],
        [
            [42, [42, 44, 46, 45]]
        ],
        [
            [4, [49, 47, 43]]
        ]
    ]
]",,,513.2492673355414,0,7,3.2857142857142856,,,,,results/sol_best_C201_1.dat_A4_L60_pid2754.txt,(not found),C201_1.dat_A4_L60_r2.log
49,test_data/data_demand_random_50_batch_all1_equal_random/C201_1.dat,4.0,60.0,3,678.0,"[
    [
        [
            [0, [1, 5, 6, 33, 26, 23, 8, 19, 3, 28, 2, 9, 21, 15, 36, 20, 30, 22, 29]],
            [1, []],
            [50, []],
            [5, []],
            [6, []],
            [33, []],
            [26, []],
            [23, []],
            [8, []],
            [19, []],
            [3, []],
            [28, []],
            [2, [50, 48, 44, 45]],
            [42, []],
            [44, []],
            [9, []],
            [21, []],
            [15, []],
            [36, []],
            [20, []],
            [30, []],
            [45, []],
            [22, []],
            [29, []]
        ],
        [
            [0, [11, 12, 10, 7, 13, 14, 4]],
            [48, []],
            [18, [18, 16, 17]],
            [11, []],
            [25, []],
            [12, []],
            [10, [25, 27, 24, 34, 37, 35]],
            [31, []],
            [40, []],
            [46, [46, 42]],
            [34, []],
            [27, []],
            [49, []],
            [7, []],
            [16, []],
            [13, []],
            [39, []],
            [47, []],
            [14, []],
            [32, []],
            [41, [31, 32]],
            [38, [38, 41, 40, 39]],
            [37, []],
            [43, []],
            [17, []],
            [35, []],
            [4, [49, 47, 43]],
            [24, []]
        ]
    ],
    [
        [
            [18, [18, 16, 17]]
        ],
        [
            [10, [25, 27, 24]]
        ],
        [
            [10, [34, 37, 35]]
        ],
        [
            [2, [50, 48, 44, 45]]
        ],
        [
            [46, [46, 42]]
        ],
        [
            [41, [31, 32]]
        ],
        [
            [38, [38, 41, 40, 39]]
        ],
        [
            [4, [49, 47, 43]]
        ]
    ]
]",,,597.6611676937445,0,8,3.0,,,,,results/sol_best_C201_1.dat_A4_L60_pid2755.txt,(not found),C201_1.dat_A4_L60_r3.log
50,test_data/data_demand_random_50_batch_all1_equal_random/C201_1.dat,4.0,90.0,1,727.0,"[
    [
        [
            [0, [2, 3, 5, 6, 26, 23, 8, 19, 9, 21, 15, 20, 1, 22, 18, 25, 12]],
            [2, []],
            [42, [28, 30, 29]],
            [28, [28]],
            [3, [33, 36]],
            [5, []],
            [6, []],
            [33, []],
            [26, []],
            [23, []],
            [8, []],
            [19, []],
            [50, [42, 44, 46, 45, 50, 48, 38, 41]],
            [44, []],
            [9, []],
            [21, []],
            [15, []],
            [38, []],
            [41, []],
            [36, []],
            [20, []],
            [46, []],
            [1, []],
            [30, [30]],
            [45, []],
            [22, []],
            [48, []],
            [18, []],
            [25, []],
            [12, []],
            [29, [29]]
        ],
        [
            [0, [11, 10, 31, 34, 27, 7, 16, 13, 14, 32, 37, 17, 35, 4, 24]],
            [11, [40, 39]],
            [10, []],
            [31, []],
            [40, [40]],
            [34, []],
            [27, []],
            [49, []],
            [7, []],
            [16, []],
            [13, []],
            [39, [39]],
            [47, []],
            [14, []],
            [32, []],
            [37, []],
            [43, []],
            [17, []],
            [35, []],
            [4, [49, 47, 43]],
            [24, []]
        ]
    ],
    [
        [
            [42, [28, 30, 29]]
        ],
        [
            [3, [33, 36]]
        ],
        [
            [11, [40, 39]]
        ],
        [
            [50, [42, 44, 46, 45]]
        ],
        [
            [50, [50, 48, 38, 41]]
        ],
        [
            [4, [49, 47, 43]]
        ]
    ]
]",,,379.7292203450663,0,6,3.0,,,,,results/sol_best_C201_1.dat_A4_L90_pid2773.txt,(not found),C201_1.dat_A4_L90_r1.log
50,test_data/data_demand_random_50_batch_all1_equal_random/C201_1.dat,4.0,90.0,2,714.0,"[
    [
        [
            [0, [1, 2, 28, 26, 23, 8, 19, 5, 6, 33, 3, 9, 21, 15, 36, 20, 30, 22, 10, 18, 29]],
            [1, []],
            [2, []],
            [28, []],
            [26, []],
            [23, []],
            [8, []],
            [19, []],
            [50, []],
            [5, []],
            [6, []],
            [33, []],
            [3, []],
            [44, []],
            [9, [50, 48, 38, 41]],
            [21, []],
            [15, []],
            [27, []],
            [38, []],
            [41, []],
            [36, []],
            [20, []],
            [46, []],
            [30, []],
            [45, []],
            [22, []],
            [48, []],
            [10, []],
            [18, []],
            [29, []]
        ],
        [
            [0, [11, 12, 7, 13, 14, 4]],
            [37, [16, 17]],
            [11, [31, 32]],
            [12, []],
            [25, [25, 27, 24]],
            [31, []],
            [40, []],
            [34, []],
            [42, [42, 44, 46, 45]],
            [49, []],
            [7, []],
            [16, []],
            [13, []],
            [39, []],
            [47, []],
            [14, []],
            [32, []],
            [17, [34, 37, 35, 40, 39]],
            [43, []],
            [35, []],
            [4, [49, 47, 43]],
            [24, []]
        ]
    ],
    [
        [
            [37, [16, 17]]
        ],
        [
            [11, [31, 32]]
        ],
        [
            [25, [25, 27, 24]]
        ],
        [
            [9, [50, 48, 38, 41]]
        ],
        [
            [42, [42, 44, 46, 45]]
        ],
        [
            [17, [34, 37, 35]]
        ],
        [
            [17, [40, 39]]
        ],
        [
            [4, [49, 47, 43]]
        ]
    ]
]",,,417.2413453950641,0,8,2.875,,,,,results/sol_best_C201_1.dat_A4_L90_pid2775.txt,(not found),C201_1.dat_A4_L90_r2.log
50,test_data/data_demand_random_50_batch_all1_equal_random/C201_1.dat,4.0,90.0,3,785.61,"[
    [
        [
            [0, [5, 6, 26, 23, 8, 19, 3, 28, 9, 21, 15, 20, 1, 30, 22, 18, 25, 12, 29]],
            [34, [34, 33, 36]],
            [44, []],
            [5, []],
            [6, []],
            [26, []],
            [23, []],
            [8, []],
            [19, []],
            [3, []],
            [33, [33]],
            [28, []],
            [50, []],
            [9, [50, 48, 38, 41]],
            [21, []],
            [15, []],
            [36, [36]],
            [20, []],
            [46, []],
            [1, []],
            [30, []],
            [45, []],
            [22, []],
            [48, []],
            [18, []],
            [25, []],
            [12, []],
            [29, []]
        ],
        [
            [0, [24, 17, 4, 11, 10, 2, 27, 7, 16, 13, 14]],
            [24, []],
            [38, []],
            [41, [31, 32]],
            [37, []],
            [43, []],
            [17, [40, 39, 35, 37]],
            [35, []],
            [4, [49, 47, 43]],
            [11, []],
            [10, []],
            [31, []],
            [40, []],
            [2, []],
            [42, [42, 44, 46, 45]],
            [27, []],
            [49, []],
            [7, []],
            [16, []],
            [13, []],
            [39, []],
            [47, []],
            [14, []],
            [32, []]
        ]
    ],
    [
        [
            [34, [34, 33, 36]]
        ],
        [
            [41, [31, 32]]
        ],
        [
            [17, [40, 39, 35, 37]]
        ],
        [
            [4, [49, 47, 43]]
        ],
        [
            [9, [50, 48, 38, 41]]
        ],
        [
            [42, [42, 44, 46, 45]]
        ]
    ]
]",,,461.53193092268356,0,6,3.3333333333333335,,,,,results/sol_best_C201_1.dat_A4_L90_pid2776.txt,(not found),C201_1.dat_A4_L90_r3.log
51,test_data/data_demand_random_50_batch_all1_equal_random/C201_1.dat,4.0,120.0,1,695.05,"[
    [
        [
            [0, [2, 28, 26, 23, 8, 19, 5, 6, 33, 3, 9, 21, 15, 36, 20, 1, 30, 22, 29]],
            [34, []],
            [2, []],
            [28, []],
            [26, []],
            [23, []],
            [8, []],
            [19, []],
            [50, []],
            [5, []],
            [6, []],
            [33, []],
            [3, []],
            [44, []],
            [9, [50, 48, 38, 41]],
            [21, []],
            [15, []],
            [27, []],
            [38, []],
            [41, []],
            [36, []],
            [20, []],
            [46, []],
            [1, []],
            [30, []],
            [45, []],
            [22, []],
            [29, []]
        ],
        [
            [0, [18, 12, 11, 10, 7, 16, 13, 14, 17, 4]],
            [48, []],
            [18, []],
            [25, []],
            [12, []],
            [11, [31, 32]],
            [10, []],
            [31, []],
            [40, []],
            [42, [42, 44, 46, 45]],
            [49, []],
            [7, []],
            [16, []],
            [13, []],
            [39, []],
            [47, []],
            [14, []],
            [32, []],
            [37, []],
            [17, [34, 37, 35, 40, 39]],
            [43, []],
            [35, []],
            [4, [49, 47, 43]],
            [24, [24, 25, 27]]
        ]
    ],
    [
        [
            [9, [50, 48, 38, 41]]
        ],
        [
            [11, [31, 32]]
        ],
        [
            [42, [42, 44, 46, 45]]
        ],
        [
            [17, [34, 37, 35]]
        ],
        [
            [17, [40, 39]]
        ],
        [
            [4, [49, 47, 43]]
        ],
        [
            [24, [24, 25, 27]]
        ]
    ]
]",,,690.7713759414752,0,7,3.0,,,,,results/sol_best_C201_1.dat_A4_L120_pid2736.txt,(not found),C201_1.dat_A4_L120_r1.log
51,test_data/data_demand_random_50_batch_all1_equal_random/C201_1.dat,4.0,120.0,2,679.05,"[
    [
        [
            [0, [1, 2, 28, 26, 23, 8, 19, 3, 5, 6, 33, 9, 21, 15, 36, 20, 30, 22, 18, 29]],
            [46, []],
            [1, []],
            [2, []],
            [28, []],
            [26, []],
            [23, []],
            [8, []],
            [19, []],
            [3, []],
            [5, []],
            [6, []],
            [33, []],
            [50, []],
            [44, []],
            [9, [50, 48, 38, 41]],
            [21, []],
            [15, []],
            [38, []],
            [41, []],
            [36, []],
            [20, []],
            [30, []],
            [45, []],
            [22, []],
            [48, []],
            [18, []],
            [29, []]
        ],
        [
            [0, [12, 11, 10, 7, 13, 14, 4]],
            [12, [16, 17]],
            [25, []],
            [11, [31, 32]],
            [10, [25, 27, 24]],
            [31, []],
            [40, []],
            [34, []],
            [42, [42, 44, 46, 45]],
            [27, []],
            [49, []],
            [7, []],
            [16, []],
            [13, []],
            [39, []],
            [47, []],
            [14, []],
            [32, []],
            [37, []],
            [43, []],
            [17, [34, 37, 35]],
            [35, []],
            [4, [49, 47, 43]],
            [24, [40, 39]]
        ]
    ],
    [
        [
            [12, [16, 17]]
        ],
        [
            [11, [31, 32]]
        ],
        [
            [10, [25, 27, 24]]
        ],
        [
            [9, [50, 48, 38, 41]]
        ],
        [
            [42, [42, 44, 46, 45]]
        ],
        [
            [17, [34, 37, 35]]
        ],
        [
            [4, [49, 47, 43]]
        ],
        [
            [24, [40, 39]]
        ]
    ]
]",,,399.8064168442172,0,8,2.875,,,,,results/sol_best_C201_1.dat_A4_L120_pid2738.txt,(not found),C201_1.dat_A4_L120_r2.log
51,test_data/data_demand_random_50_batch_all1_equal_random/C201_1.dat,4.0,120.0,3,712.05,"[
    [
        [
            [0, [1, 9, 3, 26, 23, 8, 19, 5, 6, 28, 21, 15, 20, 30, 22, 29]],
            [46, []],
            [1, []],
            [42, []],
            [9, [38, 41, 33, 36]],
            [3, []],
            [26, []],
            [23, []],
            [8, []],
            [19, []],
            [5, []],
            [6, []],
            [33, []],
            [28, []],
            [50, []],
            [44, []],
            [21, []],
            [15, []],
            [38, []],
            [41, []],
            [36, []],
            [20, []],
            [30, []],
            [45, []],
            [22, []],
            [29, []]
        ],
        [
            [0, [12, 10, 11, 2, 7, 13, 14, 4]],
            [48, [18, 16, 17]],
            [18, []],
            [12, []],
            [10, []],
            [11, [31, 32]],
            [25, [25, 27, 24]],
            [31, []],
            [40, []],
            [2, [42, 44, 46, 45]],
            [34, [50, 48]],
            [27, []],
            [49, []],
            [7, []],
            [16, []],
            [13, []],
            [39, []],
            [47, []],
            [14, []],
            [32, []],
            [37, []],
            [17, [34, 37, 35, 40, 39]],
            [43, []],
            [35, []],
            [4, [49, 47, 43]],
            [24, []]
        ]
    ],
    [
        [
            [48, [18, 16, 17]]
        ],
        [
            [11, [31, 32]]
        ],
        [
            [25, [25, 27, 24]]
        ],
        [
            [9, [38, 41, 33, 36]]
        ],
        [
            [2, [42, 44, 46, 45]]
        ],
        [
            [34, [50, 48]]
        ],
        [
            [17, [34, 37, 35]]
        ],
        [
            [17, [40, 39]]
        ],
        [
            [4, [49, 47, 43]]
        ]
    ]
]",,,386.0144619543098,0,9,2.888888888888889,,,,,results/sol_best_C201_1.dat_A4_L120_pid2739.txt,(not found),C201_1.dat_A4_L120_r3.log
52,test_data/data_demand_random_50_batch_all1_equal_random/C201_1.dat,8.0,60.0,1,674.71,"[
    [
        [
            [0, [1, 2, 6, 5, 23, 8, 19, 3, 9, 21, 15, 20, 22, 18]],
            [1, []],
            [2, [26, 25]],
            [34, [28, 30, 29]],
            [26, []],
            [6, []],
            [5, []],
            [23, []],
            [8, []],
            [19, []],
            [3, []],
            [28, [50, 48, 38, 41, 33, 36]],
            [33, []],
            [50, []],
            [44, []],
            [9, []],
            [21, []],
            [15, []],
            [27, []],
            [38, []],
            [41, []],
            [36, []],
            [20, []],
            [30, []],
            [45, []],
            [22, []],
            [48, []],
            [18, []],
            [29, []]
        ],
        [
            [0, [7, 4]],
            [46, [11, 12, 10, 13, 14]],
            [11, [11]],
            [25, []],
            [12, [12]],
            [10, [27, 24, 16, 17, 40, 39, 34, 37, 35, 31, 32]],
            [31, []],
            [40, []],
            [42, [42, 44, 46, 45]],
            [49, []],
            [7, []],
            [16, []],
            [13, [13]],
            [39, []],
            [47, []],
            [14, [14]],
            [32, []],
            [37, []],
            [43, []],
            [17, []],
            [35, []],
            [4, [49, 47, 43]],
            [24, []]
        ]
    ],
    [
        [
            [46, [11, 12, 10, 13, 14]]
        ],
        [
            [2, [26, 25]]
        ],
        [
            [34, [28, 30, 29]]
        ],
        [
            [10, [27, 24, 16, 17]]
        ],
        [
            [10, [40, 39, 34, 37, 35, 31, 32]]
        ],
        [
            [28, [50, 48, 38, 41, 33, 36]]
        ],
        [
            [42, [42, 44, 46, 45]]
        ],
        [
            [4, [49, 47, 43]]
        ]
    ]
]",,,409.52860683963956,0,8,4.25,,,,,results/sol_best_C201_1.dat_A8_L60_pid2749.txt,(not found),C201_1.dat_A8_L60_r1.log
52,test_data/data_demand_random_50_batch_all1_equal_random/C201_1.dat,8.0,60.0,2,664.0,"[
    [
        [
            [0, [1, 3]],
            [42, [5, 8, 9]],
            [32, []],
            [37, []],
            [38, [23, 19, 21, 20, 22, 15, 18]],
            [34, []],
            [1, [33, 36, 28, 30, 29]],
            [50, []],
            [5, [5]],
            [23, []],
            [8, [8]],
            [19, []],
            [3, []],
            [33, []],
            [28, [50, 48, 42, 44, 46, 45, 38, 41]],
            [44, []],
            [9, [9]],
            [21, []],
            [15, []],
            [41, []],
            [36, []],
            [20, []],
            [46, []],
            [30, []],
            [45, []],
            [22, []],
            [48, []],
            [18, []],
            [29, []]
        ],
        [
            [0, [11, 12, 10, 6, 2, 7, 13, 14, 4]],
            [11, []],
            [25, []],
            [12, []],
            [10, [31, 32, 26]],
            [31, []],
            [40, []],
            [6, []],
            [26, []],
            [2, [16, 17]],
            [27, []],
            [49, []],
            [7, []],
            [16, []],
            [13, []],
            [39, []],
            [47, []],
            [14, []],
            [43, []],
            [17, [40, 39, 34, 37, 35]],
            [35, []],
            [4, [49, 47, 43]],
            [24, [24, 25, 27]]
        ]
    ],
    [
        [
            [42, [5, 8, 9]]
        ],
        [
            [38, [23, 19, 21, 20, 22, 15, 18]]
        ],
        [
            [1, [33, 36, 28, 30, 29]]
        ],
        [
            [10, [31, 32, 26]]
        ],
        [
            [28, [50, 48, 42, 44, 46, 45, 38, 41]]
        ],
        [
            [2, [16, 17]]
        ],
        [
            [17, [40, 39, 34, 37, 35]]
        ],
        [
            [4, [49, 47, 43]]
        ],
        [
            [24, [24, 25, 27]]
        ]
    ]
]",,,448.8803381524988,0,9,4.333333333333333,,,,,results/sol_best_C201_1.dat_A8_L60_pid2751.txt,(not found),C201_1.dat_A8_L60_r2.log
52,test_data/data_demand_random_50_batch_all1_equal_random/C201_1.dat,8.0,60.0,3,699.68,"[
    [
        [
            [0, [2, 5, 6, 26, 23, 8, 19, 3, 28, 9, 21, 15, 20, 30, 22, 29]],
            [34, [33, 36]],
            [2, []],
            [5, []],
            [6, []],
            [26, []],
            [23, []],
            [8, []],
            [19, []],
            [3, []],
            [33, []],
            [28, [50, 48, 38, 41]],
            [50, []],
            [44, []],
            [9, []],
            [21, []],
            [15, []],
            [38, []],
            [41, []],
            [36, []],
            [20, []],
            [46, []],
            [30, []],
            [45, []],
            [22, []],
            [29, []]
        ],
        [
            [0, [18, 11, 12, 10, 1, 7, 16, 13, 14, 17, 4]],
            [48, []],
            [18, [25, 27, 24]],
            [11, []],
            [25, [25]],
            [12, []],
            [10, [40, 39, 34, 37, 35, 31, 32]],
            [31, []],
            [40, []],
            [1, []],
            [42, [42, 44, 46, 45]],
            [27, [27]],
            [49, []],
            [7, []],
            [16, []],
            [13, []],
            [39, []],
            [47, []],
            [14, []],
            [32, []],
            [37, []],
            [43, []],
            [17, []],
            [35, []],
            [4, [49, 47, 43]],
            [24, [24]]
        ]
    ],
    [
        [
            [18, [25, 27, 24]]
        ],
        [
            [34, [33, 36]]
        ],
        [
            [28, [50, 48, 38, 41]]
        ],
        [
            [10, [40, 39, 34, 37, 35, 31, 32]]
        ],
        [
            [42, [42, 44, 46, 45]]
        ],
        [
            [4, [49, 47, 43]]
        ]
    ]
]",,,522.5058251807375,0,6,3.8333333333333335,,,,,results/sol_best_C201_1.dat_A8_L60_pid2752.txt,(not found),C201_1.dat_A8_L60_r3.log
53,test_data/data_demand_random_50_batch_all1_equal_random/C201_1.dat,8.0,90.0,1,708.05,"[
    [
        [
            [0, [2, 6, 26, 23, 8, 19, 3, 5, 9, 21, 15, 20, 22, 18]],
            [2, []],
            [28, [33, 36, 28, 30, 29]],
            [6, []],
            [26, []],
            [23, []],
            [8, []],
            [19, []],
            [3, []],
            [33, [33]],
            [5, []],
            [50, []],
            [44, []],
            [9, [50, 48]],
            [21, []],
            [15, []],
            [27, []],
            [49, []],
            [38, []],
            [41, []],
            [36, [36]],
            [20, []],
            [30, [30]],
            [45, []],
            [22, []],
            [48, []],
            [18, []],
            [29, [29]]
        ],
        [
            [0, [1, 12, 11, 10, 7, 13, 14, 4]],
            [46, []],
            [1, []],
            [25, [25, 27, 24, 16, 17]],
            [12, []],
            [11, [34, 37, 35, 31, 32]],
            [10, []],
            [31, []],
            [40, []],
            [34, []],
            [42, [42, 44, 46, 45, 38, 41]],
            [7, []],
            [16, []],
            [13, []],
            [39, []],
            [47, []],
            [14, []],
            [32, []],
            [37, []],
            [35, []],
            [4, [49, 47, 43]],
            [17, []],
            [43, []],
            [24, [40, 39]]
        ]
    ],
    [
        [
            [25, [25, 27, 24, 16, 17]]
        ],
        [
            [11, [34, 37, 35, 31, 32]]
        ],
        [
            [28, [33, 36, 28, 30, 29]]
        ],
        [
            [9, [50, 48]]
        ],
        [
            [42, [42, 44, 46, 45, 38, 41]]
        ],
        [
            [4, [49, 47, 43]]
        ],
        [
            [24, [40, 39]]
        ]
    ]
]",,,429.27595801084266,0,7,4.0,,,,,results/sol_best_C201_1.dat_A8_L90_pid2750.txt,(not found),C201_1.dat_A8_L90_r1.log
53,test_data/data_demand_random_50_batch_all1_equal_random/C201_1.dat,8.0,90.0,2,698.05,"[
    [
        [
            [0, [1, 2, 3, 5, 6, 8, 9, 15, 18, 10, 12]],
            [1, []],
            [2, [23, 19, 21, 20, 22]],
            [3, []],
            [50, [26, 25, 27]],
            [5, []],
            [6, []],
            [33, []],
            [28, [33, 36, 28, 30, 29, 32]],
            [26, []],
            [23, []],
            [8, []],
            [19, []],
            [44, []],
            [9, [50, 48, 38, 41]],
            [21, []],
            [15, []],
            [27, []],
            [32, []],
            [37, []],
            [38, []],
            [41, []],
            [36, []],
            [20, []],
            [46, []],
            [30, []],
            [45, []],
            [22, []],
            [48, []],
            [18, []],
            [10, []],
            [12, []],
            [29, []]
        ],
        [
            [0, [11, 31, 7, 16, 13, 14, 17, 4, 24]],
            [11, [40, 39, 34, 37, 35]],
            [25, []],
            [31, []],
            [40, []],
            [34, []],
            [42, [42, 44, 46, 45]],
            [49, []],
            [7, []],
            [16, []],
            [13, []],
            [39, []],
            [47, []],
            [14, []],
            [43, []],
            [17, []],
            [35, []],
            [4, [49, 47, 43]],
            [24, []]
        ]
    ],
    [
        [
            [2, [23, 19, 21, 20, 22]]
        ],
        [
            [50, [26, 25, 27]]
        ],
        [
            [28, [33, 36, 28, 30, 29, 32]]
        ],
        [
            [11, [40, 39, 34, 37, 35]]
        ],
        [
            [9, [50, 48, 38, 41]]
        ],
        [
            [42, [42, 44, 46, 45]]
        ],
        [
            [4, [49, 47, 43]]
        ]
    ]
]",,,434.30084997032634,0,7,4.285714285714286,,,,,results/sol_best_C201_1.dat_A8_L90_pid2752.txt,(not found),C201_1.dat_A8_L90_r2.log
53,test_data/data_demand_random_50_batch_all1_equal_random/C201_1.dat,8.0,90.0,3,656.05,"[
    [
        [
            [0, [28, 33, 26, 6, 5, 23, 8, 19, 3, 9, 21, 7, 36, 20, 30, 22, 29]],
            [28, []],
            [33, []],
            [26, []],
            [6, []],
            [5, []],
            [23, []],
            [8, []],
            [19, []],
            [3, []],
            [50, []],
            [44, []],
            [9, [50, 48, 42, 44, 46, 45, 38, 41]],
            [21, []],
            [7, []],
            [38, []],
            [41, []],
            [36, []],
            [20, []],
            [30, []],
            [45, []],
            [22, []],
            [29, []]
        ],
        [
            [0, [2, 1, 4]],
            [46, []],
            [42, []],
            [2, []],
            [1, [12, 11, 10, 13, 14]],
            [48, [18, 16, 17, 15]],
            [18, []],
            [12, []],
            [25, []],
            [11, [31, 32, 25, 27, 24]],
            [10, []],
            [31, []],
            [40, []],
            [34, []],
            [15, [15]],
            [27, []],
            [49, []],
            [16, []],
            [13, []],
            [39, []],
            [47, []],
            [14, []],
            [32, []],
            [37, []],
            [43, []],
            [17, [40, 39, 34, 37, 35]],
            [35, []],
            [4, [49, 47, 43]],
            [24, []]
        ]
    ],
    [
        [
            [9, [50, 48, 42, 44, 46, 45, 38, 41]]
        ],
        [
            [1, [12, 11, 10, 13, 14]]
        ],
        [
            [48, [18, 16, 17, 15]]
        ],
        [
            [11, [31, 32, 25, 27, 24]]
        ],
        [
            [17, [40, 39, 34, 37, 35]]
        ],
        [
            [4, [49, 47, 43]]
        ]
    ]
]",,,599.8428862222495,0,6,5.0,,,,,results/sol_best_C201_1.dat_A8_L90_pid2753.txt,(not found),C201_1.dat_A8_L90_r3.log
54,test_data/data_demand_random_50_batch_all1_equal_random/C201_1.dat,8.0,120.0,1,637.0,"[
    [
        [
            [0, [2, 5, 6, 23, 8, 19, 3, 9, 21, 15, 20, 22]],
            [42, [26, 25]],
            [2, [28, 30, 29]],
            [28, []],
            [33, []],
            [5, [33, 36]],
            [6, []],
            [26, [26]],
            [23, []],
            [8, []],
            [19, []],
            [3, []],
            [50, [50, 48, 42, 44, 46, 45, 38, 41]],
            [44, []],
            [9, []],
            [21, []],
            [15, []],
            [36, []],
            [20, []],
            [30, []],
            [45, []],
            [25, [25]],
            [22, []],
            [29, []]
        ],
        [
            [0, [1, 4]],
            [11, [7, 11, 12, 10, 13, 14]],
            [12, [12, 12, 12]],
            [10, [10, 10, 10]],
            [48, []],
            [18, []],
            [31, []],
            [40, []],
            [46, []],
            [1, []],
            [34, []],
            [27, []],
            [49, []],
            [7, [7, 7, 7]],
            [16, []],
            [13, [13, 13, 13]],
            [39, []],
            [47, []],
            [14, [14, 14, 14]],
            [32, []],
            [38, [17, 16, 18]],
            [41, [35, 34, 37, 31, 32]],
            [24, []],
            [37, []],
            [43, [27, 24]],
            [17, []],
            [35, []],
            [4, [49, 47, 43, 40, 39]]
        ]
    ],
    [
        [
            [11, [7]]
        ],
        [
            [11, [11, 12, 10, 13, 14]]
        ],
        [
            [42, [26, 25]]
        ],
        [
            [2, [28, 30, 29]]
        ],
        [
            [5, [33, 36]]
        ],
        [
            [50, [50, 48, 42, 44, 46, 45, 38, 41]]
        ],
        [
            [38, [17, 16, 18]]
        ],
        [
            [41, [35, 34, 37, 31, 32]]
        ],
        [
            [43, [27, 24]]
        ],
        [
            [4, [49, 47, 43, 40, 39]]
        ]
    ]
]",,,490.3899715017859,0,10,3.6,,,,,results/sol_best_C201_1.dat_A8_L120_pid2754.txt,(not found),C201_1.dat_A8_L120_r1.log
54,test_data/data_demand_random_50_batch_all1_equal_random/C201_1.dat,8.0,120.0,2,678.05,"[
    [
        [
            [0, [29, 28, 26, 6, 5, 23, 8, 19, 3, 9, 21, 15, 7, 27, 20, 30]],
            [29, [33, 36]],
            [28, []],
            [33, [33]],
            [26, []],
            [6, []],
            [5, []],
            [23, []],
            [8, []],
            [19, []],
            [3, []],
            [50, []],
            [44, []],
            [9, [50, 48, 38, 41]],
            [21, []],
            [15, []],
            [49, []],
            [7, []],
            [16, []],
            [27, []],
            [32, []],
            [37, []],
            [38, []],
            [41, []],
            [36, [36]],
            [20, []],
            [30, []]
        ],
        [
            [0, [1, 12, 11, 10, 2, 13, 14, 4]],
            [1, []],
            [46, [16, 17, 18]],
            [34, []],
            [45, [22]],
            [22, []],
            [48, []],
            [18, []],
            [25, [25, 24]],
            [12, []],
            [11, [40, 39, 34, 37, 35, 31, 32]],
            [10, []],
            [31, []],
            [40, []],
            [2, []],
            [42, [42, 44, 46, 45]],
            [13, []],
            [39, []],
            [47, []],
            [14, []],
            [43, []],
            [17, []],
            [35, []],
            [4, [49, 47, 43]],
            [24, []]
        ]
    ],
    [
        [
            [29, [33, 36]]
        ],
        [
            [46, [16, 17, 18]]
        ],
        [
            [45, [22]]
        ],
        [
            [25, [25, 24]]
        ],
        [
            [11, [40, 39, 34, 37, 35, 31, 32]]
        ],
        [
            [9, [50, 48, 38, 41]]
        ],
        [
            [42, [42, 44, 46, 45]]
        ],
        [
            [4, [49, 47, 43]]
        ]
    ]
]",,,521.9330437370394,0,8,3.25,,,,,results/sol_best_C201_1.dat_A8_L120_pid2756.txt,(not found),C201_1.dat_A8_L120_r2.log
54,test_data/data_demand_random_50_batch_all1_equal_random/C201_1.dat,8.0,120.0,3,693.05,"[
    [
        [
            [0, [29, 28, 3, 26, 33, 6, 5, 23, 8, 19, 9, 21, 15, 36, 20, 30, 1]],
            [29, []],
            [28, []],
            [3, []],
            [26, []],
            [33, []],
            [6, []],
            [5, []],
            [23, []],
            [8, []],
            [19, []],
            [50, [50, 48, 42, 44, 46, 45, 38, 41]],
            [44, []],
            [9, []],
            [21, []],
            [15, []],
            [43, []],
            [38, []],
            [41, []],
            [36, []],
            [20, []],
            [30, []],
            [1, []]
        ],
        [
            [0, [2, 7, 4]],
            [42, []],
            [46, [18, 16, 17, 12, 11, 10, 13, 14]],
            [2, []],
            [45, [22]],
            [22, []],
            [48, []],
            [18, []],
            [25, [25, 27, 24]],
            [12, []],
            [11, [40, 39, 34, 37, 35, 31, 32]],
            [10, []],
            [31, []],
            [40, []],
            [34, []],
            [27, []],
            [49, []],
            [7, []],
            [16, []],
            [13, []],
            [39, []],
            [47, []],
            [14, []],
            [32, []],
            [37, []],
            [17, []],
            [35, []],
            [4, [49, 47, 43]],
            [24, []]
        ]
    ],
    [
        [
            [46, [18, 16, 17, 12, 11, 10, 13, 14]]
        ],
        [
            [45, [22]]
        ],
        [
            [25, [25, 27, 24]]
        ],
        [
            [11, [40, 39, 34, 37, 35, 31, 32]]
        ],
        [
            [50, [50, 48, 42, 44, 46, 45, 38, 41]]
        ],
        [
            [4, [49, 47, 43]]
        ]
    ]
]",723.26,"[
    [
        [
            [0, [28, 3, 26, 33, 6, 5, 23, 8, 19, 9, 21, 15, 36, 20, 30, 29]],
            [28, []],
            [3, []],
            [26, []],
            [33, []],
            [6, []],
            [5, []],
            [23, []],
            [8, []],
            [19, []],
            [50, [50, 48, 42, 44, 46, 45, 38, 41]],
            [44, []],
            [9, []],
            [21, []],
            [15, []],
            [43, []],
            [38, []],
            [41, []],
            [36, []],
            [20, []],
            [30, []],
            [29, []]
        ],
        [
            [0, [2, 1, 7, 4]],
            [2, []],
            [42, []],
            [46, [18, 16, 17, 12, 11, 10, 13, 14]],
            [1, []],
            [45, [22]],
            [22, []],
            [48, []],
            [18, []],
            [25, [25, 27, 24]],
            [12, []],
            [11, [40, 39, 34, 37, 35, 31, 32]],
            [10, []],
            [31, []],
            [40, []],
            [34, []],
            [27, []],
            [49, []],
            [7, []],
            [16, []],
            [13, []],
            [39, []],
            [47, []],
            [14, []],
            [32, []],
            [37, []],
            [17, []],
            [35, []],
            [4, [49, 47, 43]],
            [24, []]
        ]
    ],
    [
        [
            [46, [18, 16, 17, 12, 11, 10, 13, 14]],
            [45, [22]]
        ],
        [
            [25, [25, 27, 24]]
        ],
        [
            [50, [50, 48, 42, 44, 46, 45, 38, 41]]
        ],
        [
            [11, [40, 39, 34, 37, 35, 31, 32]]
        ],
        [
            [4, [49, 47, 43]]
        ]
    ]
]",556.7096360386693,0,6,5.0,571.6184582342837,1,5,6.0,results/sol_best_C201_1.dat_A8_L120_pid2757.txt,results/sol_best_multi_C201_1.dat_A8_L120_pid2757.txt,C201_1.dat_A8_L120_r3.log
55,test_data/data_demand_random_50_batch_all1_equal_random/C201_2.5.dat,4.0,60.0,1,946.62,"[
    [
        [
            [0, [8, 6, 7, 1]],
            [38, []],
            [8, []],
            [35, []],
            [25, []],
            [23, []],
            [46, [10, 12]],
            [19, [19, 18, 17]],
            [40, []],
            [6, []],
            [17, []],
            [29, [29, 26, 28, 27, 31, 32, 33]],
            [13, []],
            [26, []],
            [7, []],
            [10, []],
            [41, []],
            [45, []],
            [21, []],
            [28, []],
            [50, []],
            [39, []],
            [1, []],
            [49, []],
            [12, []],
            [32, []],
            [48, []],
            [43, []],
            [44, []],
            [22, []],
            [33, []]
        ],
        [
            [0, [5, 11, 9, 20, 4, 14, 15, 2, 3]],
            [42, []],
            [47, []],
            [36, [25, 23, 24]],
            [31, []],
            [16, []],
            [5, []],
            [27, []],
            [18, [21, 22, 13, 16]],
            [37, []],
            [11, [35, 34, 37, 30]],
            [9, []],
            [20, [41, 40]],
            [4, []],
            [14, []],
            [30, []],
            [24, []],
            [15, [43, 44, 47, 49, 48, 42, 39, 38, 36]],
            [34, []],
            [2, []],
            [3, [50, 45, 46]]
        ]
    ],
    [
        [
            [46, [10, 12]]
        ],
        [
            [19, [19, 18, 17]]
        ],
        [
            [29, [29, 26, 28, 27]]
        ],
        [
            [36, [25, 23, 24]]
        ],
        [
            [29, [31, 32, 33]]
        ],
        [
            [18, [21, 22, 13, 16]]
        ],
        [
            [11, [35, 34, 37, 30]]
        ],
        [
            [20, [41, 40]]
        ],
        [
            [15, [43, 44]],
            [15, [47, 49, 48]]
        ],
        [
            [15, [42, 39, 38, 36]]
        ],
        [
            [3, [50, 45, 46]]
        ]
    ]
]",946.62,"[
    [
        [
            [0, [8, 6, 7, 1]],
            [38, []],
            [8, []],
            [35, []],
            [25, []],
            [23, []],
            [46, [10, 12]],
            [19, [19, 18, 17]],
            [40, []],
            [6, []],
            [17, []],
            [29, [29, 26, 28, 27, 31, 32, 33]],
            [13, []],
            [26, []],
            [7, []],
            [10, []],
            [41, []],
            [45, []],
            [21, []],
            [28, []],
            [50, []],
            [39, []],
            [1, []],
            [49, []],
            [12, []],
            [32, []],
            [48, []],
            [43, []],
            [44, []],
            [22, []],
            [33, []]
        ],
        [
            [0, [5, 11, 9, 20, 4, 14, 15, 2, 3]],
            [42, []],
            [47, []],
            [36, [25, 23, 24]],
            [31, []],
            [16, []],
            [5, []],
            [27, []],
            [18, [21, 22, 13, 16]],
            [37, []],
            [11, [35, 34, 37, 30]],
            [9, []],
            [20, [41, 40]],
            [4, []],
            [14, []],
            [30, []],
            [24, []],
            [15, [43, 44, 47, 49, 48, 42, 39, 38, 36]],
            [34, []],
            [2, []],
            [3, [50, 45, 46]]
        ]
    ],
    [
        [
            [46, [10, 12]]
        ],
        [
            [19, [19, 18, 17]]
        ],
        [
            [29, [29, 26, 28, 27]]
        ],
        [
            [36, [25, 23, 24]]
        ],
        [
            [29, [31, 32, 33]]
        ],
        [
            [18, [21, 22, 13, 16]]
        ],
        [
            [11, [35, 34, 37, 30]]
        ],
        [
            [20, [41, 40]]
        ],
        [
            [15, [43, 44]],
            [15, [47, 49, 48]]
        ],
        [
            [15, [42, 39, 38, 36]]
        ],
        [
            [3, [50, 45, 46]]
        ]
    ]
]",970.7451145276078,1,11,3.3636363636363638,970.7451145276078,1,11,3.3636363636363638,results/sol_best_C201_2.5.dat_A4_L60_pid2664.txt,results/sol_best_multi_C201_2.5.dat_A4_L60_pid2664.txt,C201_2.5.dat_A4_L60_r1.log
55,test_data/data_demand_random_50_batch_all1_equal_random/C201_2.5.dat,4.0,60.0,2,1013.0,"[
    [
        [
            [0, [7, 10, 6, 13, 16, 5, 1]],
            [29, [17, 20]],
            [26, []],
            [7, []],
            [10, []],
            [6, []],
            [40, []],
            [17, []],
            [13, []],
            [36, []],
            [31, []],
            [42, []],
            [39, []],
            [38, []],
            [46, []],
            [37, [29, 26, 28]],
            [47, []],
            [16, []],
            [5, []],
            [1, []],
            [49, []],
            [32, []],
            [48, []],
            [43, []],
            [44, []],
            [22, []],
            [33, []]
        ],
        [
            [0, [12, 9, 8, 4, 2, 3, 11]],
            [12, []],
            [9, [19, 18, 14, 15]],
            [19, [25, 23, 21]],
            [18, []],
            [27, []],
            [25, []],
            [23, []],
            [8, []],
            [4, []],
            [14, []],
            [30, []],
            [35, []],
            [24, [24, 22, 31, 32, 33, 27]],
            [41, []],
            [45, []],
            [21, []],
            [28, []],
            [50, []],
            [15, [42, 39, 38, 36, 43, 44, 47, 49, 48]],
            [34, []],
            [2, []],
            [3, [50, 45, 46]],
            [11, [35, 34, 37, 30]],
            [20, [41, 40]]
        ]
    ],
    [
        [
            [29, [17, 20]]
        ],
        [
            [9, [19, 18, 14, 15]]
        ],
        [
            [19, [25, 23, 21]]
        ],
        [
            [24, [24, 22]]
        ],
        [
            [24, [31, 32, 33, 27]]
        ],
        [
            [37, [29, 26, 28]]
        ],
        [
            [15, [42, 39, 38, 36]]
        ],
        [
            [15, [43, 44]],
            [15, [47, 49, 48]]
        ],
        [
            [3, [50, 45, 46]]
        ],
        [
            [11, [35, 34, 37, 30]]
        ],
        [
            [20, [41, 40]]
        ]
    ]
]",1013.0,"[
    [
        [
            [0, [7, 10, 6, 13, 16, 5, 1]],
            [29, [17, 20]],
            [26, []],
            [7, []],
            [10, []],
            [6, []],
            [40, []],
            [17, []],
            [13, []],
            [36, []],
            [31, []],
            [42, []],
            [39, []],
            [38, []],
            [46, []],
            [37, [29, 26, 28]],
            [47, []],
            [16, []],
            [5, []],
            [1, []],
            [49, []],
            [32, []],
            [48, []],
            [43, []],
            [44, []],
            [22, []],
            [33, []]
        ],
        [
            [0, [12, 9, 8, 4, 2, 3, 11]],
            [12, []],
            [9, [19, 18, 14, 15]],
            [19, [25, 23, 21]],
            [18, []],
            [27, []],
            [25, []],
            [23, []],
            [8, []],
            [4, []],
            [14, []],
            [30, []],
            [35, []],
            [24, [24, 22, 31, 32, 33, 27]],
            [41, []],
            [45, []],
            [21, []],
            [28, []],
            [50, []],
            [15, [42, 39, 38, 36, 43, 44, 47, 49, 48]],
            [34, []],
            [2, []],
            [3, [50, 45, 46]],
            [11, [35, 34, 37, 30]],
            [20, [41, 40]]
        ]
    ],
    [
        [
            [29, [17, 20]]
        ],
        [
            [9, [19, 18, 14, 15]]
        ],
        [
            [19, [25, 23, 21]]
        ],
        [
            [24, [24, 22]]
        ],
        [
            [24, [31, 32, 33, 27]]
        ],
        [
            [37, [29, 26, 28]]
        ],
        [
            [15, [42, 39, 38, 36]]
        ],
        [
            [15, [43, 44]],
            [15, [47, 49, 48]]
        ],
        [
            [3, [50, 45, 46]]
        ],
        [
            [11, [35, 34, 37, 30]]
        ],
        [
            [20, [41, 40]]
        ]
    ]
]",984.0466420974361,1,11,3.272727272727273,984.0466420974361,1,11,3.272727272727273,results/sol_best_C201_2.5.dat_A4_L60_pid2666.txt,results/sol_best_multi_C201_2.5.dat_A4_L60_pid2666.txt,C201_2.5.dat_A4_L60_r2.log
55,test_data/data_demand_random_50_batch_all1_equal_random/C201_2.5.dat,4.0,60.0,3,1033.0,"[
    [
        [
            [0, [21, 17, 13, 7, 31, 16, 5, 1, 12, 32, 22, 33]],
            [34, []],
            [28, []],
            [21, []],
            [17, []],
            [13, []],
            [7, []],
            [26, []],
            [36, [42, 36]],
            [31, []],
            [42, []],
            [16, []],
            [5, []],
            [1, []],
            [49, []],
            [12, []],
            [32, []],
            [48, []],
            [43, []],
            [44, []],
            [22, []],
            [33, []]
        ],
        [
            [0, [9, 3, 8, 4, 14, 10, 6, 15, 2, 11]],
            [9, []],
            [37, []],
            [47, [18, 20, 19]],
            [3, []],
            [18, []],
            [27, [25, 23, 24]],
            [38, []],
            [25, []],
            [23, []],
            [8, []],
            [4, []],
            [14, []],
            [30, []],
            [35, []],
            [39, [35, 34, 37, 30]],
            [50, []],
            [29, []],
            [10, []],
            [41, []],
            [45, []],
            [40, []],
            [6, []],
            [15, [43, 44, 50, 47, 49, 48]],
            [24, []],
            [2, []],
            [46, [29, 26, 28, 27]],
            [11, [45, 46]],
            [20, []],
            [19, [39, 38, 41, 40]]
        ]
    ],
    [
        [
            [36, [42, 36]]
        ],
        [
            [47, [18, 20, 19]]
        ],
        [
            [27, [25, 23, 24]]
        ],
        [
            [39, [35, 34, 37, 30]]
        ],
        [
            [15, [43, 44]],
            [15, [50, 47, 49, 48]]
        ],
        [
            [46, [29, 26, 28, 27]]
        ],
        [
            [11, [45, 46]]
        ],
        [
            [19, [39, 38, 41, 40]]
        ]
    ]
]",1033.0,"[
    [
        [
            [0, [21, 17, 13, 7, 31, 16, 5, 1, 12, 32, 22, 33]],
            [34, []],
            [28, []],
            [21, []],
            [17, []],
            [13, []],
            [7, []],
            [26, []],
            [36, [42, 36]],
            [31, []],
            [42, []],
            [16, []],
            [5, []],
            [1, []],
            [49, []],
            [12, []],
            [32, []],
            [48, []],
            [43, []],
            [44, []],
            [22, []],
            [33, []]
        ],
        [
            [0, [9, 3, 8, 4, 14, 10, 6, 15, 2, 11]],
            [9, []],
            [37, []],
            [47, [18, 20, 19]],
            [3, []],
            [18, []],
            [27, [25, 23, 24]],
            [38, []],
            [25, []],
            [23, []],
            [8, []],
            [4, []],
            [14, []],
            [30, []],
            [35, []],
            [39, [35, 34, 37, 30]],
            [50, []],
            [29, []],
            [10, []],
            [41, []],
            [45, []],
            [40, []],
            [6, []],
            [15, [43, 44, 50, 47, 49, 48]],
            [24, []],
            [2, []],
            [46, [29, 26, 28, 27]],
            [11, [45, 46]],
            [20, []],
            [19, [39, 38, 41, 40]]
        ]
    ],
    [
        [
            [36, [42, 36]]
        ],
        [
            [47, [18, 20, 19]]
        ],
        [
            [27, [25, 23, 24]]
        ],
        [
            [39, [35, 34, 37, 30]]
        ],
        [
            [15, [43, 44]],
            [15, [50, 47, 49, 48]]
        ],
        [
            [46, [29, 26, 28, 27]]
        ],
        [
            [11, [45, 46]]
        ],
        [
            [19, [39, 38, 41, 40]]
        ]
    ]
]",737.9554065401165,1,8,3.5,737.9554065401165,1,8,3.5,results/sol_best_C201_2.5.dat_A4_L60_pid2667.txt,results/sol_best_multi_C201_2.5.dat_A4_L60_pid2667.txt,C201_2.5.dat_A4_L60_r3.log
56,test_data/data_demand_random_50_batch_all1_equal_random/C201_2.5.dat,4.0,90.0,1,1008.65,"[
    [
        [
            [0, [17, 26, 13, 29, 8, 14, 16, 1, 12, 22]],
            [24, []],
            [21, []],
            [45, []],
            [41, []],
            [17, []],
            [26, []],
            [13, []],
            [29, [36, 31, 32, 33]],
            [8, []],
            [30, []],
            [14, []],
            [39, []],
            [16, []],
            [1, []],
            [49, []],
            [32, []],
            [12, []],
            [48, []],
            [43, []],
            [44, []],
            [22, []],
            [33, []]
        ],
        [
            [0, [2, 5, 4, 3, 6, 7]],
            [36, [11, 9, 10]],
            [31, []],
            [2, [15]],
            [5, []],
            [15, []],
            [34, []],
            [47, [20, 19, 18]],
            [37, [25, 23, 21, 24]],
            [46, []],
            [11, [28, 27]],
            [9, []],
            [27, []],
            [35, []],
            [4, [35, 34, 37, 30]],
            [20, []],
            [19, []],
            [18, []],
            [3, [45, 46]],
            [38, [38, 41, 40]],
            [25, []],
            [23, []],
            [50, []],
            [28, []],
            [6, []],
            [7, [43, 44, 42, 39]],
            [10, [50, 47, 49, 48]],
            [40, []],
            [42, []]
        ]
    ],
    [
        [
            [29, [36, 31, 32, 33]]
        ],
        [
            [36, [11, 9, 10]]
        ],
        [
            [2, [15]]
        ],
        [
            [47, [20, 19, 18]]
        ],
        [
            [37, [25, 23, 21, 24]]
        ],
        [
            [11, [28, 27]]
        ],
        [
            [4, [35, 34, 37, 30]]
        ],
        [
            [3, [45, 46]]
        ],
        [
            [38, [38, 41, 40]]
        ],
        [
            [7, [43, 44, 42, 39]]
        ],
        [
            [10, [50, 47, 49, 48]]
        ]
    ]
]",,,1008.3499550163539,0,11,3.090909090909091,,,,,results/sol_best_C201_2.5.dat_A4_L90_pid2750.txt,(not found),C201_2.5.dat_A4_L90_r1.log
56,test_data/data_demand_random_50_batch_all1_equal_random/C201_2.5.dat,4.0,90.0,2,1284.29,"[
    [
        [
            [0, [6, 15, 17, 13, 7, 10, 21, 24, 31, 16, 1, 32, 12, 22, 33]],
            [6, [34, 36]],
            [15, [42, 39, 38, 43, 44]],
            [17, []],
            [13, []],
            [7, []],
            [10, [47, 49, 48]],
            [21, []],
            [24, []],
            [34, []],
            [36, []],
            [31, []],
            [42, []],
            [47, []],
            [16, []],
            [1, []],
            [49, []],
            [32, []],
            [12, []],
            [48, []],
            [43, []],
            [44, []],
            [22, []],
            [33, []]
        ],
        [
            [0, [5, 11, 9, 20, 19, 18, 25, 23, 8, 4, 14, 29, 26, 28, 27, 2, 3]],
            [5, []],
            [46, [37, 35, 30]],
            [11, []],
            [37, [37]],
            [9, [41, 40]],
            [20, []],
            [19, []],
            [18, []],
            [39, []],
            [38, []],
            [25, []],
            [23, []],
            [8, []],
            [4, []],
            [14, []],
            [30, [30]],
            [35, [35]],
            [29, []],
            [26, []],
            [41, []],
            [45, []],
            [40, []],
            [28, []],
            [50, [50]],
            [27, []],
            [2, []],
            [3, [45, 46]]
        ]
    ],
    [
        [
            [46, [37, 35, 30]]
        ],
        [
            [6, [34, 36]]
        ],
        [
            [9, [41, 40]]
        ],
        [
            [15, [42, 39, 38]]
        ],
        [
            [15, [43, 44]]
        ],
        [
            [10, [47, 49, 48]]
        ],
        [
            [50, [50]]
        ],
        [
            [3, [45, 46]]
        ]
    ]
]",,,850.7030493965827,0,8,2.25,,,,,results/sol_best_C201_2.5.dat_A4_L90_pid2752.txt,(not found),C201_2.5.dat_A4_L90_r2.log
56,test_data/data_demand_random_50_batch_all1_equal_random/C201_2.5.dat,4.0,90.0,3,1244.29,"[
    [
        [
            [0, [6, 15, 17, 13, 7, 10, 21, 24, 34, 36, 31, 16, 5, 1, 32, 12, 22, 33]],
            [6, []],
            [15, [42, 39, 38, 43, 44]],
            [17, []],
            [13, []],
            [7, []],
            [10, [47, 49, 48]],
            [21, []],
            [24, []],
            [34, []],
            [36, []],
            [31, []],
            [42, []],
            [47, []],
            [16, []],
            [5, []],
            [1, []],
            [49, []],
            [32, []],
            [12, []],
            [48, []],
            [43, []],
            [22, []],
            [33, []]
        ],
        [
            [0, [20, 19, 18, 8, 4, 14, 2, 3, 11, 9]],
            [44, [25, 23]],
            [20, [29, 26, 28, 27]],
            [19, []],
            [18, []],
            [39, []],
            [38, []],
            [25, [35, 37, 30]],
            [23, [23]],
            [8, []],
            [4, []],
            [14, []],
            [30, []],
            [35, []],
            [29, [29]],
            [26, [26]],
            [41, []],
            [45, []],
            [40, []],
            [28, [28]],
            [50, [50]],
            [27, [27]],
            [2, []],
            [3, [45, 46]],
            [11, []],
            [46, []],
            [9, [41, 40]],
            [37, []]
        ]
    ],
    [
        [
            [44, [25, 23]]
        ],
        [
            [20, [29, 26, 28, 27]]
        ],
        [
            [25, [35, 37, 30]]
        ],
        [
            [15, [42, 39, 38]]
        ],
        [
            [15, [43, 44]]
        ],
        [
            [10, [47, 49, 48]]
        ],
        [
            [50, [50]]
        ],
        [
            [3, [45, 46]]
        ],
        [
            [9, [41, 40]]
        ]
    ]
]",,,1012.3893039996569,0,9,2.4444444444444446,,,,,results/sol_best_C201_2.5.dat_A4_L90_pid2753.txt,(not found),C201_2.5.dat_A4_L90_r3.log
57,test_data/data_demand_random_50_batch_all1_equal_random/C201_2.5.dat,4.0,120.0,1,1099.29,"[
    [
        [
            [0, [6, 2, 5, 1, 12]],
            [44, [13, 15, 16]],
            [46, [21, 24, 22, 17]],
            [41, []],
            [45, []],
            [17, [31, 32, 33, 34, 36]],
            [13, []],
            [21, []],
            [6, []],
            [15, [43, 44, 42]],
            [24, []],
            [34, []],
            [42, []],
            [2, []],
            [16, []],
            [5, []],
            [36, []],
            [31, []],
            [1, []],
            [49, []],
            [32, []],
            [12, []],
            [48, []],
            [43, []],
            [22, []],
            [33, []]
        ],
        [
            [0, [20, 19, 25, 23, 8, 4, 14, 7, 10, 18, 3, 11, 9]],
            [20, [27, 29, 26, 28]],
            [19, []],
            [47, []],
            [38, []],
            [25, []],
            [23, []],
            [8, []],
            [4, []],
            [14, []],
            [30, []],
            [35, []],
            [27, [27]],
            [29, [29]],
            [26, [26]],
            [7, []],
            [10, [47, 49, 48, 50]],
            [40, []],
            [28, [28]],
            [50, []],
            [39, [35, 37, 30]],
            [18, []],
            [3, [45, 46]],
            [11, []],
            [9, [41, 40, 39, 38]],
            [37, []]
        ]
    ],
    [
        [
            [20, [27, 29, 26, 28]]
        ],
        [
            [44, [13, 15, 16]]
        ],
        [
            [46, [21, 24, 22, 17]]
        ],
        [
            [17, [31, 32, 33]]
        ],
        [
            [17, [34, 36]]
        ],
        [
            [15, [43, 44, 42]]
        ],
        [
            [10, [47, 49, 48, 50]]
        ],
        [
            [39, [35, 37, 30]]
        ],
        [
            [3, [45, 46]]
        ],
        [
            [9, [41, 40, 39, 38]]
        ]
    ]
]",1584.08,"[
    [
        [
            [0, [7, 10, 6, 15, 17, 13, 21, 24, 27, 36, 31, 42, 39, 38, 16, 5, 1, 32, 12, 22, 33]],
            [7, [43, 44]],
            [10, [47, 49, 48]],
            [6, []],
            [15, []],
            [17, []],
            [13, []],
            [21, []],
            [24, []],
            [27, []],
            [36, []],
            [31, []],
            [42, []],
            [39, []],
            [38, []],
            [47, [47]],
            [16, []],
            [5, []],
            [1, []],
            [49, [49]],
            [32, []],
            [12, []],
            [48, [48]],
            [43, [43]],
            [44, [44]],
            [22, []],
            [33, []]
        ],
        [
            [0, [3, 11, 9, 20, 19, 18, 25, 23, 8, 4, 14, 30, 35, 29, 26, 41, 45, 40, 28, 50, 34, 2, 46, 37]],
            [3, []],
            [11, []],
            [9, []],
            [20, []],
            [19, []],
            [18, []],
            [25, []],
            [23, []],
            [8, []],
            [4, []],
            [14, []],
            [30, []],
            [35, []],
            [29, []],
            [26, []],
            [41, []],
            [45, []],
            [40, []],
            [28, []],
            [50, []],
            [34, []],
            [2, []],
            [46, []],
            [37, []]
        ]
    ],
    [
        [
            [7, [43, 44]],
            [10, [47, 49, 48]]
        ]
    ]
]",959.353966620354,0,10,3.2,790.293765408777,1,1,5.0,results/sol_best_C201_2.5.dat_A4_L120_pid2732.txt,results/sol_best_multi_C201_2.5.dat_A4_L120_pid2732.txt,C201_2.5.dat_A4_L120_r1.log
57,test_data/data_demand_random_50_batch_all1_equal_random/C201_2.5.dat,4.0,120.0,2,954.65,"[
    [
        [
            [0, [5, 7, 1]],
            [42, []],
            [5, []],
            [40, []],
            [28, [13, 12]],
            [39, []],
            [38, []],
            [14, []],
            [30, []],
            [23, []],
            [21, []],
            [45, []],
            [41, []],
            [7, []],
            [26, []],
            [13, [13]],
            [36, []],
            [31, []],
            [1, []],
            [49, []],
            [12, [12]],
            [32, []],
            [48, []],
            [43, []],
            [44, []],
            [22, []],
            [29, []],
            [17, [43, 44, 42, 36]],
            [33, []]
        ],
        [
            [0, [2, 4, 3]],
            [2, []],
            [24, []],
            [34, [8, 6]],
            [35, []],
            [8, [11, 9, 10]],
            [27, []],
            [47, [15, 16]],
            [37, [20, 19, 18, 17, 14]],
            [46, []],
            [4, [25, 23, 24, 21]],
            [50, [27, 29, 26, 28]],
            [25, [31, 32, 33, 22]],
            [11, [35, 34, 37, 30]],
            [9, []],
            [20, [39, 38]],
            [19, []],
            [18, []],
            [3, [45, 46, 41, 40]],
            [10, [50, 47, 49, 48]],
            [6, []],
            [15, []],
            [16, []]
        ]
    ],
    [
        [
            [28, [13, 12]]
        ],
        [
            [34, [8, 6]]
        ],
        [
            [8, [11, 9, 10]]
        ],
        [
            [47, [15, 16]]
        ],
        [
            [37, [20, 19, 18, 17, 14]]
        ],
        [
            [4, [25, 23, 24, 21]]
        ],
        [
            [50, [27, 29, 26, 28]]
        ],
        [
            [25, [31, 32, 33, 22]]
        ],
        [
            [17, [43, 44, 42, 36]]
        ],
        [
            [11, [35, 34, 37, 30]]
        ],
        [
            [20, [39, 38]]
        ],
        [
            [3, [45, 46, 41, 40]]
        ],
        [
            [10, [50, 47, 49, 48]]
        ]
    ]
]",1584.08,"[
    [
        [
            [0, [7, 10, 6, 15, 17, 13, 21, 27, 36, 31, 42, 39, 38, 16, 5, 1, 32, 12, 22, 33]],
            [7, [43, 44]],
            [10, [50, 47, 49, 48]],
            [6, []],
            [15, []],
            [17, []],
            [13, []],
            [21, []],
            [50, [50]],
            [27, []],
            [36, []],
            [31, []],
            [42, []],
            [39, []],
            [38, []],
            [47, [47]],
            [16, []],
            [5, []],
            [1, []],
            [49, [49]],
            [32, []],
            [12, []],
            [48, [48]],
            [43, [43]],
            [44, [44]],
            [22, []],
            [33, []]
        ],
        [
            [0, [3, 8, 4, 11, 9, 20, 19, 18, 25, 23, 14, 30, 35, 29, 26, 41, 40, 28, 24, 34, 2, 37]],
            [3, [45, 46]],
            [8, []],
            [4, []],
            [11, []],
            [9, []],
            [20, []],
            [19, []],
            [18, []],
            [25, []],
            [23, []],
            [14, []],
            [30, []],
            [35, []],
            [29, []],
            [26, []],
            [41, []],
            [45, [45]],
            [40, []],
            [28, []],
            [24, []],
            [34, []],
            [2, []],
            [46, [46]],
            [37, []]
        ]
    ],
    [
        [
            [3, [45, 46]]
        ],
        [
            [7, [43, 44]],
            [10, [50, 47, 49, 48]]
        ]
    ]
]",561.2709151532921,0,13,3.3846153846153846,746.4703240565827,1,2,4.0,results/sol_best_C201_2.5.dat_A4_L120_pid2734.txt,results/sol_best_multi_C201_2.5.dat_A4_L120_pid2734.txt,C201_2.5.dat_A4_L120_r2.log
57,test_data/data_demand_random_50_batch_all1_equal_random/C201_2.5.dat,4.0,120.0,3,1002.29,"[
    [
        [
            [0, [6, 17, 27, 31, 1, 32, 12, 22, 33]],
            [6, []],
            [17, [36, 34]],
            [21, []],
            [28, []],
            [50, []],
            [39, []],
            [27, []],
            [31, []],
            [1, []],
            [49, []],
            [32, []],
            [12, []],
            [48, []],
            [43, []],
            [44, []],
            [22, []],
            [33, []]
        ],
        [
            [0, [4, 2, 3]],
            [42, []],
            [36, []],
            [41, [8, 7, 5]],
            [45, []],
            [40, []],
            [24, []],
            [25, [16, 11, 9, 10]],
            [34, [19, 18, 20]],
            [38, []],
            [8, [23, 25, 24, 21]],
            [46, []],
            [11, []],
            [9, []],
            [37, []],
            [19, []],
            [20, [14, 13, 15]],
            [4, [35, 37, 30]],
            [14, []],
            [30, []],
            [35, []],
            [23, [29, 26, 28]],
            [29, []],
            [13, [42, 39, 38]],
            [26, []],
            [7, []],
            [10, [50, 47, 49, 48]],
            [15, [43, 44]],
            [16, []],
            [5, []],
            [2, []],
            [47, []],
            [3, [45, 46, 41, 40]],
            [18, []]
        ]
    ],
    [
        [
            [17, [36, 34]]
        ],
        [
            [41, [8, 7, 5]]
        ],
        [
            [25, [16, 11, 9, 10]]
        ],
        [
            [34, [19, 18, 20]]
        ],
        [
            [8, [23, 25, 24, 21]]
        ],
        [
            [20, [14, 13, 15]]
        ],
        [
            [4, [35, 37, 30]]
        ],
        [
            [23, [29, 26, 28]]
        ],
        [
            [13, [42, 39, 38]]
        ],
        [
            [10, [50, 47, 49, 48]]
        ],
        [
            [15, [43, 44]]
        ],
        [
            [3, [45, 46, 41, 40]]
        ]
    ]
]",,,1122.32039417085,0,12,3.1666666666666665,,,,,results/sol_best_C201_2.5.dat_A4_L120_pid2735.txt,(not found),C201_2.5.dat_A4_L120_r3.log
58,test_data/data_demand_random_50_batch_all1_equal_random/C201_2.5.dat,8.0,60.0,1,880.62,"[
    [
        [
            [0, [4, 3]],
            [33, []],
            [5, [5, 6, 7, 8]],
            [49, []],
            [22, []],
            [43, []],
            [31, [10, 12]],
            [41, []],
            [45, []],
            [10, []],
            [6, []],
            [40, []],
            [17, []],
            [13, []],
            [36, []],
            [26, []],
            [7, []],
            [21, []],
            [29, []],
            [34, []],
            [24, [31, 32, 33, 27, 28, 26, 36]],
            [28, []],
            [50, []],
            [25, []],
            [23, []],
            [35, []],
            [38, []],
            [4, []],
            [27, []],
            [3, [45, 46, 50]],
            [47, []]
        ],
        [
            [0, [2, 1, 11, 9, 20, 19, 18, 14, 15]],
            [2, []],
            [1, [25, 23]],
            [12, []],
            [32, []],
            [48, []],
            [44, []],
            [46, []],
            [11, [35, 34, 37, 30, 29]],
            [37, []],
            [9, []],
            [20, [41, 40]],
            [19, []],
            [18, []],
            [39, []],
            [14, []],
            [30, []],
            [8, []],
            [15, [47, 49, 48, 43, 44, 42, 39, 38]],
            [16, [21, 24, 22, 17, 16, 13]],
            [42, []]
        ]
    ],
    [
        [
            [5, [5, 6, 7, 8]]
        ],
        [
            [31, [10, 12]]
        ],
        [
            [24, [31, 32, 33, 27, 28, 26, 36]]
        ],
        [
            [1, [25, 23]]
        ],
        [
            [11, [35, 34, 37, 30, 29]]
        ],
        [
            [3, [45, 46, 50]]
        ],
        [
            [20, [41, 40]]
        ],
        [
            [15, [47, 49, 48, 43, 44, 42, 39, 38]]
        ],
        [
            [16, [21, 24, 22, 17, 16, 13]]
        ]
    ]
]",,,1124.482127585292,0,9,4.333333333333333,,,,,results/sol_best_C201_2.5.dat_A8_L60_pid2753.txt,(not found),C201_2.5.dat_A8_L60_r1.log
58,test_data/data_demand_random_50_batch_all1_equal_random/C201_2.5.dat,8.0,60.0,2,897.91,"[
    [
        [
            [0, [6, 7, 17, 13, 2, 1, 12, 22]],
            [6, []],
            [10, []],
            [41, []],
            [7, []],
            [26, []],
            [17, []],
            [13, []],
            [29, []],
            [24, []],
            [34, []],
            [19, []],
            [18, []],
            [27, [42, 39, 38, 36, 31, 32, 33, 27]],
            [2, []],
            [42, []],
            [36, []],
            [1, []],
            [49, []],
            [12, []],
            [48, []],
            [22, []],
            [33, []]
        ],
        [
            [0, [4, 3]],
            [44, []],
            [43, []],
            [31, []],
            [32, [8, 5]],
            [47, [10, 11, 9, 15, 16]],
            [38, []],
            [8, []],
            [4, []],
            [14, []],
            [30, []],
            [35, []],
            [23, []],
            [25, []],
            [39, [21]],
            [21, []],
            [45, []],
            [40, []],
            [28, []],
            [50, []],
            [3, [20, 19, 18, 14]],
            [46, [29, 26, 28, 25, 23, 24]],
            [37, []],
            [9, [30]],
            [11, [45, 46, 41, 40, 35, 34, 37]],
            [20, []],
            [5, []],
            [15, [50, 47, 49, 48, 43, 44]],
            [16, []]
        ]
    ],
    [
        [
            [27, [42, 39, 38, 36, 31, 32, 33, 27]]
        ],
        [
            [32, [8, 5]]
        ],
        [
            [47, [10, 11, 9, 15, 16]]
        ],
        [
            [39, [21]]
        ],
        [
            [3, [20, 19, 18, 14]]
        ],
        [
            [46, [29, 26, 28, 25, 23, 24]]
        ],
        [
            [9, [30]]
        ],
        [
            [11, [45, 46, 41, 40, 35, 34, 37]]
        ],
        [
            [15, [50, 47, 49, 48, 43, 44]]
        ]
    ]
]",,,1152.789367330298,0,9,4.444444444444445,,,,,results/sol_best_C201_2.5.dat_A8_L60_pid2755.txt,(not found),C201_2.5.dat_A8_L60_r2.log
58,test_data/data_demand_random_50_batch_all1_equal_random/C201_2.5.dat,8.0,60.0,3,968.91,"[
    [
        [
            [0, [15, 7, 10, 6, 17, 13, 21, 16, 12, 22]],
            [42, []],
            [15, []],
            [7, []],
            [10, []],
            [6, []],
            [17, []],
            [13, []],
            [21, []],
            [34, [34, 36, 31, 32, 33]],
            [16, []],
            [36, [36]],
            [31, [31]],
            [12, []],
            [32, [32]],
            [22, []],
            [33, [33]]
        ],
        [
            [0, [1, 2, 3, 4]],
            [44, []],
            [43, []],
            [48, [5, 8]],
            [49, []],
            [1, []],
            [5, []],
            [2, []],
            [47, []],
            [3, [11, 9]],
            [38, []],
            [25, []],
            [23, []],
            [8, []],
            [4, []],
            [14, []],
            [30, []],
            [35, []],
            [29, [24]],
            [26, []],
            [41, []],
            [45, []],
            [40, []],
            [28, []],
            [50, []],
            [39, []],
            [27, []],
            [18, [18]],
            [19, [25, 23, 19, 20, 14]],
            [46, []],
            [9, [35, 37, 30, 29, 26, 28, 27]],
            [37, []],
            [11, [50, 45, 46, 41, 40]],
            [20, []],
            [24, [47, 49, 48, 43, 44, 42, 39, 38]]
        ]
    ],
    [
        [
            [34, [34, 36, 31, 32, 33]]
        ],
        [
            [48, [5, 8]]
        ],
        [
            [3, [11, 9]]
        ],
        [
            [29, [24]]
        ],
        [
            [18, [18]]
        ],
        [
            [19, [25, 23, 19, 20, 14]]
        ],
        [
            [9, [35, 37, 30, 29, 26, 28, 27]]
        ],
        [
            [11, [50, 45, 46, 41, 40]]
        ],
        [
            [24, [47, 49, 48, 43, 44, 42, 39, 38]]
        ]
    ]
]",,,604.8066363903466,0,9,4.0,,,,,results/sol_best_C201_2.5.dat_A8_L60_pid2756.txt,(not found),C201_2.5.dat_A8_L60_r3.log
59,test_data/data_demand_random_50_batch_all1_equal_random/C201_2.5.dat,8.0,90.0,1,965.65,"[
    [
        [
            [0, [2, 1, 3]],
            [37, [6, 5]],
            [15, [15, 13, 16, 12]],
            [6, []],
            [13, []],
            [36, []],
            [31, []],
            [2, []],
            [50, []],
            [27, []],
            [39, []],
            [47, []],
            [16, []],
            [5, []],
            [1, []],
            [49, []],
            [3, [45, 46, 41, 40, 35, 34, 37, 30]],
            [18, []],
            [32, []],
            [48, []],
            [43, []],
            [44, []],
            [22, []],
            [33, []]
        ],
        [
            [0, [8, 4, 7]],
            [12, [11, 9, 10]],
            [11, [11]],
            [9, [20, 19, 18, 17, 14]],
            [20, []],
            [19, []],
            [46, []],
            [8, [25, 23, 24, 21]],
            [38, []],
            [25, []],
            [23, []],
            [4, [29, 26, 28]],
            [14, [14]],
            [30, []],
            [35, []],
            [28, [31, 32, 33, 27, 22]],
            [29, []],
            [26, []],
            [7, []],
            [17, []],
            [40, []],
            [41, []],
            [45, []],
            [10, [50, 47, 49, 48, 43, 44]],
            [21, [42, 39, 38, 36]],
            [24, []],
            [34, []],
            [42, []]
        ]
    ],
    [
        [
            [12, [11, 9, 10]]
        ],
        [
            [37, [6, 5]]
        ],
        [
            [15, [15, 13, 16, 12]]
        ],
        [
            [9, [20, 19, 18, 17, 14]]
        ],
        [
            [8, [25, 23, 24, 21]]
        ],
        [
            [4, [29, 26, 28]]
        ],
        [
            [3, [45, 46, 41, 40, 35, 34, 37, 30]]
        ],
        [
            [28, [31, 32, 33, 27, 22]]
        ],
        [
            [10, [50, 47, 49, 48, 43, 44]]
        ],
        [
            [21, [42, 39, 38, 36]]
        ]
    ]
]",,,1135.8591193642224,0,10,4.4,,,,,results/sol_best_C201_2.5.dat_A8_L90_pid2667.txt,(not found),C201_2.5.dat_A8_L90_r1.log
59,test_data/data_demand_random_50_batch_all1_equal_random/C201_2.5.dat,8.0,90.0,2,1046.29,"[
    [
        [
            [0, [15, 6, 7, 17, 13, 16, 5, 1, 12]],
            [15, []],
            [47, [24]],
            [24, [24]],
            [28, [28, 26, 27, 21, 22]],
            [26, []],
            [6, []],
            [7, [31, 32, 33]],
            [17, []],
            [13, []],
            [21, []],
            [36, [36, 42]],
            [31, []],
            [42, []],
            [16, []],
            [5, []],
            [1, []],
            [49, []],
            [32, []],
            [12, []],
            [48, []],
            [43, []],
            [44, []],
            [22, []],
            [33, []]
        ],
        [
            [0, [9, 11, 8, 4, 14, 10, 2, 3, 18, 20, 19]],
            [46, [25, 23]],
            [37, []],
            [9, []],
            [11, []],
            [50, []],
            [27, []],
            [39, []],
            [38, []],
            [25, [25]],
            [23, [23]],
            [8, []],
            [4, []],
            [14, []],
            [30, [30, 29]],
            [35, []],
            [29, []],
            [10, [50, 47, 49, 48, 43, 44]],
            [41, []],
            [45, []],
            [40, []],
            [34, []],
            [2, []],
            [3, [45, 46]],
            [18, []],
            [20, [39, 38, 41, 40, 35, 34, 37]],
            [19, []]
        ]
    ],
    [
        [
            [46, [25, 23]]
        ],
        [
            [47, [24]]
        ],
        [
            [28, [28, 26, 27, 21, 22]]
        ],
        [
            [7, [31, 32, 33]]
        ],
        [
            [36, [36, 42]]
        ],
        [
            [30, [30, 29]]
        ],
        [
            [10, [50, 47, 49, 48, 43, 44]]
        ],
        [
            [3, [45, 46]]
        ],
        [
            [20, [39, 38, 41, 40, 35, 34, 37]]
        ]
    ]
]",,,959.0354007814149,0,9,3.3333333333333335,,,,,results/sol_best_C201_2.5.dat_A8_L90_pid2669.txt,(not found),C201_2.5.dat_A8_L90_r2.log
59,test_data/data_demand_random_50_batch_all1_equal_random/C201_2.5.dat,8.0,90.0,3,929.08,"[
    [
        [
            [0, [1]],
            [24, []],
            [5, [5]],
            [31, [10]],
            [36, []],
            [26, []],
            [13, []],
            [40, []],
            [15, [15, 13, 16, 12]],
            [28, []],
            [50, []],
            [39, [19, 20, 18]],
            [16, [26, 27, 21, 22]],
            [42, []],
            [1, []],
            [49, []],
            [32, []],
            [12, []],
            [48, []],
            [43, []],
            [44, []],
            [22, []],
            [10, [50, 47, 49, 48]],
            [33, []]
        ],
        [
            [0, [2, 8, 4, 6, 7, 3]],
            [2, [11, 9]],
            [27, []],
            [46, []],
            [11, [11]],
            [9, [9]],
            [37, []],
            [19, []],
            [20, []],
            [38, []],
            [8, [25, 23, 24, 14]],
            [25, []],
            [23, []],
            [4, [29, 28]],
            [14, []],
            [30, []],
            [35, []],
            [21, []],
            [17, [17]],
            [29, []],
            [41, []],
            [45, []],
            [6, [42, 39, 38, 36, 31, 32, 33]],
            [7, [43, 44]],
            [34, []],
            [47, []],
            [3, [45, 46, 41, 40, 35, 34, 37, 30]],
            [18, []]
        ]
    ],
    [
        [
            [2, [11, 9]]
        ],
        [
            [5, [5]]
        ],
        [
            [31, [10]]
        ],
        [
            [15, [15, 13, 16, 12]]
        ],
        [
            [39, [19, 20, 18]]
        ],
        [
            [8, [25, 23, 24, 14]]
        ],
        [
            [4, [29, 28]]
        ],
        [
            [16, [26, 27, 21, 22]]
        ],
        [
            [17, [17]]
        ],
        [
            [6, [42, 39, 38, 36, 31, 32, 33]]
        ],
        [
            [7, [43, 44]]
        ],
        [
            [10, [50, 47, 49, 48]]
        ],
        [
            [3, [45, 46, 41, 40, 35, 34, 37, 30]]
        ]
    ]
]",,,1132.1005106151633,0,13,3.3076923076923075,,,,,results/sol_best_C201_2.5.dat_A8_L90_pid2670.txt,(not found),C201_2.5.dat_A8_L90_r3.log
60,test_data/data_demand_random_50_batch_all1_equal_random/C201_2.5.dat,8.0,120.0,1,997.29,"[
    [
        [
            [0, [2, 1]],
            [34, []],
            [2, [7, 5]],
            [47, []],
            [26, [12]],
            [7, []],
            [41, []],
            [45, []],
            [40, []],
            [15, [18, 20, 17, 15, 13, 16]],
            [24, []],
            [25, []],
            [27, []],
            [18, [21, 22]],
            [20, []],
            [39, []],
            [16, []],
            [5, []],
            [36, []],
            [31, []],
            [1, []],
            [49, []],
            [32, []],
            [12, []],
            [48, []],
            [43, []],
            [44, []],
            [22, []],
            [33, []],
            [17, []],
            [29, []],
            [13, [42, 39, 36]],
            [42, []]
        ],
        [
            [0, [14, 4, 11, 9, 19, 8, 6, 10, 3]],
            [14, []],
            [30, [25, 23, 24]],
            [4, []],
            [11, []],
            [9, []],
            [37, []],
            [19, []],
            [46, []],
            [38, [38, 41, 40, 35, 34, 37, 30, 27]],
            [8, [29, 26, 28]],
            [35, []],
            [23, []],
            [6, [31, 32, 33]],
            [10, [50, 47, 49, 48, 43, 44]],
            [21, []],
            [28, []],
            [50, []],
            [3, [45, 46]]
        ]
    ],
    [
        [
            [2, [7, 5]]
        ],
        [
            [26, [12]]
        ],
        [
            [15, [18, 20, 17, 15, 13, 16]]
        ],
        [
            [18, [21, 22]]
        ],
        [
            [30, [25, 23, 24]]
        ],
        [
            [38, [38, 41, 40, 35, 34, 37, 30, 27]]
        ],
        [
            [8, [29, 26, 28]]
        ],
        [
            [6, [31, 32, 33]]
        ],
        [
            [10, [50, 47, 49, 48, 43, 44]]
        ],
        [
            [13, [42, 39, 36]]
        ],
        [
            [3, [45, 46]]
        ]
    ]
]",1584.08,"[
    [
        [
            [0, [7, 10, 6, 15, 17, 13, 21, 27, 36, 31, 42, 39, 38, 16, 5, 1, 32, 12, 22, 33]],
            [7, [43, 44]],
            [10, [50, 47, 49, 48]],
            [6, []],
            [15, []],
            [17, []],
            [13, []],
            [21, []],
            [50, [50]],
            [27, []],
            [36, []],
            [31, []],
            [42, []],
            [39, []],
            [38, []],
            [47, [47]],
            [16, []],
            [5, []],
            [1, []],
            [49, [49]],
            [32, []],
            [12, []],
            [48, [48]],
            [43, [43]],
            [44, [44]],
            [22, []],
            [33, []]
        ],
        [
            [0, [3, 8, 4, 11, 9, 20, 19, 18, 25, 23, 14, 30, 35, 29, 26, 41, 40, 28, 24, 34, 2, 37]],
            [3, [45, 46]],
            [8, []],
            [4, []],
            [11, []],
            [9, []],
            [20, []],
            [19, []],
            [18, []],
            [25, []],
            [23, []],
            [14, []],
            [30, []],
            [35, []],
            [29, []],
            [26, []],
            [41, []],
            [45, [45]],
            [40, []],
            [28, []],
            [24, []],
            [34, []],
            [2, []],
            [46, [46]],
            [37, []]
        ]
    ],
    [
        [
            [3, [45, 46]]
        ],
        [
            [7, [43, 44]],
            [10, [50, 47, 49, 48]]
        ]
    ]
]",953.1870351762032,0,11,3.5454545454545454,746.4703240565827,1,2,4.0,results/sol_best_C201_2.5.dat_A8_L120_pid2748.txt,results/sol_best_multi_C201_2.5.dat_A8_L120_pid2748.txt,C201_2.5.dat_A8_L120_r1.log
60,test_data/data_demand_random_50_batch_all1_equal_random/C201_2.5.dat,8.0,120.0,2,954.65,"[
    [
        [
            [0, [2, 8, 25, 23, 17, 13, 21, 15, 16, 1, 12, 22]],
            [2, []],
            [38, []],
            [14, []],
            [30, []],
            [35, []],
            [8, []],
            [25, []],
            [23, []],
            [28, []],
            [40, []],
            [17, []],
            [13, []],
            [26, []],
            [7, []],
            [41, []],
            [45, []],
            [21, [42, 39, 38, 36, 31, 32, 33, 27]],
            [24, []],
            [15, []],
            [16, []],
            [1, []],
            [49, []],
            [12, []],
            [32, []],
            [48, []],
            [43, []],
            [44, []],
            [22, []],
            [33, []]
        ],
        [
            [0, [4, 3]],
            [29, []],
            [34, [7, 6, 5]],
            [36, []],
            [31, []],
            [5, []],
            [50, [11, 9, 10]],
            [27, []],
            [39, [20, 19, 18, 14]],
            [47, []],
            [37, []],
            [46, [29, 26, 28, 24]],
            [4, []],
            [11, []],
            [9, []],
            [20, []],
            [19, []],
            [18, []],
            [3, [45, 46, 41, 40, 35, 34, 37, 30]],
            [10, [50, 47, 49, 48, 43, 44]],
            [6, []],
            [42, []]
        ]
    ],
    [
        [
            [21, [42, 39, 38, 36, 31, 32, 33, 27]]
        ],
        [
            [34, [7, 6, 5]]
        ],
        [
            [50, [11, 9, 10]]
        ],
        [
            [39, [20, 19, 18, 14]]
        ],
        [
            [46, [29, 26, 28, 24]]
        ],
        [
            [3, [45, 46, 41, 40, 35, 34, 37, 30]]
        ],
        [
            [10, [50, 47, 49, 48, 43, 44]]
        ]
    ]
]",,,1108.963738288974,0,7,5.142857142857143,,,,,results/sol_best_C201_2.5.dat_A8_L120_pid2750.txt,(not found),C201_2.5.dat_A8_L120_r2.log
60,test_data/data_demand_random_50_batch_all1_equal_random/C201_2.5.dat,8.0,120.0,3,954.65,"[
    [
        [
            [0, []],
            [40, []],
            [15, [7]],
            [25, []],
            [20, [15, 13, 12]],
            [24, []],
            [21, []],
            [45, []],
            [41, []],
            [7, []],
            [26, []],
            [13, []],
            [29, []],
            [36, []],
            [32, []],
            [44, []],
            [22, []],
            [6, [42, 39, 38]]
        ],
        [
            [0, [2, 1, 4, 3]],
            [19, []],
            [46, []],
            [37, []],
            [9, []],
            [11, []],
            [2, []],
            [5, []],
            [1, []],
            [49, []],
            [48, [11, 9, 10]],
            [43, []],
            [31, []],
            [12, []],
            [34, [5, 8, 6]],
            [38, [18, 20, 19, 16, 14, 17]],
            [14, []],
            [30, []],
            [4, []],
            [8, []],
            [35, []],
            [23, [31, 32, 33, 26, 24, 22]],
            [27, [27, 29, 28, 23, 21, 25]],
            [47, []],
            [42, []],
            [16, [35, 37, 30]],
            [18, [41, 40]],
            [3, [45, 46]],
            [39, []],
            [50, []],
            [28, []],
            [17, []],
            [10, [47, 49, 48, 50, 43, 44, 36, 34]],
            [33, []]
        ]
    ],
    [
        [
            [15, [7]]
        ],
        [
            [20, [15, 13, 12]]
        ],
        [
            [48, [11, 9, 10]]
        ],
        [
            [34, [5, 8, 6]]
        ],
        [
            [38, [18, 20, 19, 16, 14, 17]]
        ],
        [
            [23, [31, 32, 33, 26, 24, 22]]
        ],
        [
            [27, [27, 29, 28, 23, 21, 25]]
        ],
        [
            [16, [35, 37, 30]]
        ],
        [
            [18, [41, 40]]
        ],
        [
            [3, [45, 46]]
        ],
        [
            [6, [42, 39, 38]]
        ],
        [
            [10, [47, 49, 48, 50, 43, 44, 36, 34]]
        ]
    ]
]",959.65,"[
    [
        [
            [0, [7, 12]],
            [20, [15, 13]],
            [19, []],
            [46, [17]],
            [25, []],
            [24, []],
            [15, [15]],
            [21, []],
            [45, []],
            [41, []],
            [26, []],
            [7, []],
            [40, []],
            [17, [17]],
            [13, [13]],
            [29, []],
            [36, []],
            [31, []],
            [12, []],
            [32, []],
            [44, []],
            [22, []],
            [33, []]
        ],
        [
            [0, [2, 1, 4, 3]],
            [37, []],
            [9, []],
            [11, []],
            [2, []],
            [5, []],
            [1, []],
            [49, []],
            [48, [11, 9, 10]],
            [43, []],
            [34, [5, 8, 6]],
            [38, [18, 20, 19, 16, 14]],
            [14, []],
            [30, []],
            [4, []],
            [8, []],
            [35, []],
            [23, [31, 32, 33, 26, 24, 22]],
            [27, [27, 29, 28, 23, 21, 25]],
            [47, []],
            [42, []],
            [16, [35, 37, 30]],
            [18, [41, 40]],
            [3, [45, 46]],
            [39, []],
            [50, []],
            [28, []],
            [10, [47, 49, 48, 50, 43, 44, 36, 34]],
            [6, [42, 39, 38]]
        ]
    ],
    [
        [
            [20, [15, 13]],
            [46, [17]]
        ],
        [
            [48, [11, 9, 10]]
        ],
        [
            [34, [5, 8, 6]]
        ],
        [
            [38, [18, 20, 19, 16, 14]]
        ],
        [
            [23, [31, 32, 33, 26, 24, 22]]
        ],
        [
            [27, [27, 29, 28, 23, 21, 25]]
        ],
        [
            [16, [35, 37, 30]]
        ],
        [
            [18, [41, 40]]
        ],
        [
            [3, [45, 46]]
        ],
        [
            [10, [47, 49, 48, 50, 43, 44, 36, 34]]
        ],
        [
            [6, [42, 39, 38]]
        ]
    ]
]",1179.415560265668,0,12,3.8333333333333335,587.1910949370593,1,11,4.0,results/sol_best_C201_2.5.dat_A8_L120_pid2751.txt,results/sol_best_multi_C201_2.5.dat_A8_L120_pid2751.txt,C201_2.5.dat_A8_L120_r3.log
61,test_data/data_demand_random_50_batch_all1_equal_random/C201_2.dat,4.0,60.0,1,999.62,"[
    [
        [
            [0, [11, 3, 13, 12, 6, 4, 1, 5, 8, 10, 2, 9]],
            [22, []],
            [11, []],
            [3, []],
            [13, []],
            [12, []],
            [6, []],
            [4, []],
            [45, []],
            [1, [14, 15, 18]],
            [14, []],
            [5, [21, 22, 23, 29, 28, 26, 24, 27]],
            [29, [29]],
            [28, []],
            [21, []],
            [41, [41]],
            [23, []],
            [26, []],
            [33, [44]],
            [30, []],
            [44, []],
            [8, []],
            [10, []],
            [24, []],
            [27, []],
            [39, []],
            [2, []],
            [15, [33, 30, 31, 35, 39, 38, 42, 45, 47]],
            [47, []],
            [38, []],
            [35, []],
            [18, []],
            [9, []],
            [42, []]
        ],
        [
            [0, [16, 34, 17, 7, 32, 20, 25, 19, 37, 36]],
            [16, []],
            [34, []],
            [17, [43, 40]],
            [7, []],
            [32, []],
            [20, []],
            [50, []],
            [25, []],
            [19, []],
            [49, []],
            [43, [43]],
            [37, []],
            [31, []],
            [48, []],
            [46, []],
            [40, [40]],
            [36, [50, 49, 48, 46]]
        ]
    ],
    [
        [
            [1, [14, 15, 18]]
        ],
        [
            [5, [21, 22, 23, 29]]
        ],
        [
            [5, [28, 26, 24, 27]]
        ],
        [
            [17, [43, 40]]
        ],
        [
            [41, [41]]
        ],
        [
            [33, [44]]
        ],
        [
            [15, [33, 30, 31, 35]],
            [15, [39, 38, 42]]
        ],
        [
            [15, [45, 47]]
        ],
        [
            [36, [50, 49, 48, 46]]
        ]
    ]
]",999.62,"[
    [
        [
            [0, [11, 3, 13, 12, 6, 4, 1, 5, 8, 10, 2, 9]],
            [22, []],
            [11, []],
            [3, []],
            [13, []],
            [12, []],
            [6, []],
            [4, []],
            [45, []],
            [1, [14, 15, 18]],
            [14, []],
            [5, [21, 22, 23, 29, 28, 26, 24, 27]],
            [29, [29]],
            [28, []],
            [21, []],
            [41, [41]],
            [23, []],
            [26, []],
            [33, [44]],
            [30, []],
            [44, []],
            [8, []],
            [10, []],
            [24, []],
            [27, []],
            [39, []],
            [2, []],
            [15, [33, 30, 31, 35, 39, 38, 42, 45, 47]],
            [47, []],
            [38, []],
            [35, []],
            [18, []],
            [9, []],
            [42, []]
        ],
        [
            [0, [16, 34, 17, 7, 32, 20, 25, 19, 37, 36]],
            [16, []],
            [34, []],
            [17, [43, 40]],
            [7, []],
            [32, []],
            [20, []],
            [50, []],
            [25, []],
            [19, []],
            [49, []],
            [43, [43]],
            [37, []],
            [31, []],
            [48, []],
            [46, []],
            [40, [40]],
            [36, [50, 49, 48, 46]]
        ]
    ],
    [
        [
            [1, [14, 15, 18]]
        ],
        [
            [5, [21, 22, 23, 29]]
        ],
        [
            [5, [28, 26, 24, 27]]
        ],
        [
            [17, [43, 40]]
        ],
        [
            [41, [41]]
        ],
        [
            [33, [44]]
        ],
        [
            [15, [33, 30, 31, 35]],
            [15, [39, 38, 42]]
        ],
        [
            [15, [45, 47]]
        ],
        [
            [36, [50, 49, 48, 46]]
        ]
    ]
]",631.4431623219284,1,9,3.111111111111111,631.4431623219284,1,9,3.111111111111111,results/sol_best_C201_2.dat_A4_L60_pid2740.txt,results/sol_best_multi_C201_2.dat_A4_L60_pid2740.txt,C201_2.dat_A4_L60_r1.log
61,test_data/data_demand_random_50_batch_all1_equal_random/C201_2.dat,4.0,60.0,2,970.03,"[
    [
        [
            [0, [5, 4, 1]],
            [5, [13, 12, 9]],
            [50, []],
            [13, []],
            [12, []],
            [25, []],
            [4, []],
            [1, [14, 16, 15, 18, 21, 22, 25, 28, 24, 27]],
            [14, []],
            [34, []],
            [16, []],
            [28, []],
            [21, [50]],
            [30, []],
            [31, []],
            [24, []],
            [27, []],
            [39, []],
            [9, []],
            [35, []],
            [18, []],
            [47, []],
            [42, []]
        ],
        [
            [0, [11, 3, 7, 6, 10, 8, 2, 17]],
            [22, []],
            [38, [23, 20, 19]],
            [45, []],
            [11, []],
            [3, [26, 29]],
            [23, [23]],
            [7, []],
            [32, [32, 37, 36]],
            [6, []],
            [20, [20]],
            [19, [19]],
            [49, []],
            [43, []],
            [37, []],
            [26, []],
            [33, []],
            [44, []],
            [10, []],
            [8, []],
            [48, []],
            [46, []],
            [2, []],
            [40, []],
            [15, [33, 30, 31, 35, 39, 38, 42, 45, 47, 34]],
            [36, [49, 44, 48, 46]],
            [29, []],
            [17, []],
            [41, [41, 43, 40]]
        ]
    ],
    [
        [
            [38, [23, 20, 19]]
        ],
        [
            [5, [13, 12, 9]]
        ],
        [
            [3, [26, 29]]
        ],
        [
            [1, [14, 16, 15, 18]]
        ],
        [
            [1, [21, 22]]
        ],
        [
            [1, [25, 28, 24, 27]]
        ],
        [
            [21, [50]]
        ],
        [
            [32, [32, 37, 36]]
        ],
        [
            [15, [33, 30, 31, 35]],
            [15, [39, 38, 42]]
        ],
        [
            [15, [45, 47, 34]]
        ],
        [
            [36, [49, 44, 48, 46]]
        ],
        [
            [41, [41, 43, 40]]
        ]
    ]
]",970.03,"[
    [
        [
            [0, [5, 4, 1]],
            [5, [13, 12, 9]],
            [50, []],
            [13, []],
            [12, []],
            [25, []],
            [4, []],
            [1, [14, 16, 15, 18, 21, 22, 25, 28, 24, 27]],
            [14, []],
            [34, []],
            [16, []],
            [28, []],
            [21, [50]],
            [30, []],
            [31, []],
            [24, []],
            [27, []],
            [39, []],
            [9, []],
            [35, []],
            [18, []],
            [47, []],
            [42, []]
        ],
        [
            [0, [11, 3, 7, 6, 10, 8, 2, 17]],
            [22, []],
            [38, [23, 20, 19]],
            [45, []],
            [11, []],
            [3, [26, 29]],
            [23, [23]],
            [7, []],
            [32, [32, 37, 36]],
            [6, []],
            [20, [20]],
            [19, [19]],
            [49, []],
            [43, []],
            [37, []],
            [26, []],
            [33, []],
            [44, []],
            [10, []],
            [8, []],
            [48, []],
            [46, []],
            [2, []],
            [40, []],
            [15, [33, 30, 31, 35, 39, 38, 42, 45, 47, 34]],
            [36, [49, 44, 48, 46]],
            [29, []],
            [17, []],
            [41, [41, 43, 40]]
        ]
    ],
    [
        [
            [38, [23, 20, 19]]
        ],
        [
            [5, [13, 12, 9]]
        ],
        [
            [3, [26, 29]]
        ],
        [
            [1, [14, 16, 15, 18]]
        ],
        [
            [1, [21, 22]]
        ],
        [
            [1, [25, 28, 24, 27]]
        ],
        [
            [21, [50]]
        ],
        [
            [32, [32, 37, 36]]
        ],
        [
            [15, [33, 30, 31, 35]],
            [15, [39, 38, 42]]
        ],
        [
            [15, [45, 47, 34]]
        ],
        [
            [36, [49, 44, 48, 46]]
        ],
        [
            [41, [41, 43, 40]]
        ]
    ]
]",827.7274441287899,1,12,3.25,827.7274441287899,1,12,3.25,results/sol_best_C201_2.dat_A4_L60_pid2742.txt,results/sol_best_multi_C201_2.dat_A4_L60_pid2742.txt,C201_2.dat_A4_L60_r2.log
61,test_data/data_demand_random_50_batch_all1_equal_random/C201_2.dat,4.0,60.0,3,990.55,"[
    [
        [
            [0, [6, 4, 1, 5, 7, 3]],
            [23, [12, 13, 11, 9]],
            [6, []],
            [12, [12]],
            [13, [13]],
            [4, []],
            [45, []],
            [1, [21, 22, 23, 16]],
            [22, []],
            [16, []],
            [14, []],
            [34, []],
            [5, []],
            [28, []],
            [21, []],
            [7, [34, 32]],
            [32, []],
            [11, [11]],
            [3, [14, 15, 18]],
            [30, [44]],
            [31, []],
            [24, []],
            [27, []],
            [39, []],
            [44, []],
            [15, [28, 26, 24, 27, 33, 30, 31, 35, 39, 38, 42, 45, 47]],
            [42, []],
            [38, []],
            [35, []],
            [18, []],
            [9, [9]],
            [47, []]
        ],
        [
            [0, [41, 36, 17, 29, 20, 25, 19, 43, 37, 10, 8, 2, 40]],
            [41, []],
            [36, []],
            [17, []],
            [29, [50, 49, 48, 46]],
            [20, []],
            [50, [50]],
            [25, []],
            [19, []],
            [49, [49]],
            [43, []],
            [37, []],
            [26, []],
            [33, []],
            [10, []],
            [48, [48]],
            [46, [46]],
            [8, []],
            [2, []],
            [40, []]
        ]
    ],
    [
        [
            [23, [12, 13, 11, 9]]
        ],
        [
            [29, [50, 49, 48, 46]]
        ],
        [
            [1, [21, 22, 23, 16]]
        ],
        [
            [7, [34, 32]]
        ],
        [
            [3, [14, 15, 18]]
        ],
        [
            [30, [44]]
        ],
        [
            [15, [28, 26, 24, 27]]
        ],
        [
            [15, [33, 30, 31, 35]],
            [15, [39, 38, 42]]
        ],
        [
            [15, [45, 47]]
        ]
    ]
]",990.55,"[
    [
        [
            [0, [6, 4, 1, 5, 7, 3]],
            [23, [12, 13, 11, 9]],
            [6, []],
            [12, [12]],
            [13, [13]],
            [4, []],
            [45, []],
            [1, [21, 22, 23, 16]],
            [22, []],
            [16, []],
            [14, []],
            [34, []],
            [5, []],
            [28, []],
            [21, []],
            [7, [34, 32]],
            [32, []],
            [11, [11]],
            [3, [14, 15, 18]],
            [30, [44]],
            [31, []],
            [24, []],
            [27, []],
            [39, []],
            [44, []],
            [15, [28, 26, 24, 27, 33, 30, 31, 35, 39, 38, 42, 45, 47]],
            [42, []],
            [38, []],
            [35, []],
            [18, []],
            [9, [9]],
            [47, []]
        ],
        [
            [0, [41, 36, 17, 29, 20, 25, 19, 43, 37, 10, 8, 2, 40]],
            [41, []],
            [36, []],
            [17, []],
            [29, [50, 49, 48, 46]],
            [20, []],
            [50, [50]],
            [25, []],
            [19, []],
            [49, [49]],
            [43, []],
            [37, []],
            [26, []],
            [33, []],
            [10, []],
            [48, [48]],
            [46, [46]],
            [8, []],
            [2, []],
            [40, []]
        ]
    ],
    [
        [
            [23, [12, 13, 11, 9]]
        ],
        [
            [29, [50, 49, 48, 46]]
        ],
        [
            [1, [21, 22, 23, 16]]
        ],
        [
            [7, [34, 32]]
        ],
        [
            [3, [14, 15, 18]]
        ],
        [
            [30, [44]]
        ],
        [
            [15, [28, 26, 24, 27]]
        ],
        [
            [15, [33, 30, 31, 35]],
            [15, [39, 38, 42]]
        ],
        [
            [15, [45, 47]]
        ]
    ]
]",493.63038649760506,1,9,3.4444444444444446,493.63038649760506,1,9,3.4444444444444446,results/sol_best_C201_2.dat_A4_L60_pid2743.txt,results/sol_best_multi_C201_2.dat_A4_L60_pid2743.txt,C201_2.dat_A4_L60_r3.log
62,test_data/data_demand_random_50_batch_all1_equal_random/C201_2.dat,4.0,90.0,1,875.05,"[
    [
        [
            [0, [5, 2]],
            [37, []],
            [28, []],
            [14, [10, 8, 13, 9, 14, 15, 18]],
            [5, []],
            [17, []],
            [41, [20, 19, 23]],
            [40, []],
            [2, [21, 22, 28, 26, 24, 27, 25]],
            [46, []],
            [8, []],
            [48, []],
            [10, []],
            [13, []],
            [25, []],
            [50, []],
            [32, []],
            [23, [49, 44, 48, 46]],
            [22, []],
            [26, []],
            [33, []],
            [30, []],
            [44, []],
            [24, []],
            [27, []],
            [39, []],
            [15, []],
            [42, []]
        ],
        [
            [0, [7, 6, 12, 4, 3, 11, 1]],
            [9, []],
            [18, []],
            [38, []],
            [35, []],
            [45, []],
            [47, []],
            [36, [36, 34, 32, 29]],
            [29, []],
            [7, [16, 17]],
            [34, []],
            [16, [41, 43, 40]],
            [21, []],
            [20, []],
            [6, [45, 47, 50]],
            [12, []],
            [19, []],
            [49, []],
            [43, []],
            [4, []],
            [31, []],
            [3, []],
            [11, []],
            [1, [33, 30, 31, 35, 39, 38, 42, 37]]
        ]
    ],
    [
        [
            [14, [10, 8, 13, 9]]
        ],
        [
            [14, [14, 15, 18]]
        ],
        [
            [41, [20, 19, 23]]
        ],
        [
            [2, [21, 22]]
        ],
        [
            [2, [28, 26, 24, 27, 25]]
        ],
        [
            [36, [36, 34, 32, 29]]
        ],
        [
            [7, [16, 17]]
        ],
        [
            [23, [49, 44, 48, 46]]
        ],
        [
            [16, [41, 43, 40]]
        ],
        [
            [6, [45, 47, 50]]
        ],
        [
            [1, [33, 30, 31, 35]]
        ],
        [
            [1, [39, 38, 42, 37]]
        ]
    ]
]",,,1058.9219570844418,0,12,3.4166666666666665,,,,,results/sol_best_C201_2.dat_A4_L90_pid2820.txt,(not found),C201_2.dat_A4_L90_r1.log
62,test_data/data_demand_random_50_batch_all1_equal_random/C201_2.dat,4.0,90.0,2,959.05,"[
    [
        [
            [0, [5, 7, 6]],
            [28, []],
            [36, []],
            [34, []],
            [5, [13, 12, 10, 9]],
            [7, []],
            [18, [18, 14, 15, 20, 21, 22]],
            [14, [28, 26, 24, 27]],
            [41, [34, 36, 32, 37]],
            [13, []],
            [12, []],
            [32, []],
            [20, []],
            [6, [45, 47, 44]],
            [37, []],
            [33, []],
            [10, []],
            [27, []],
            [39, []],
            [44, []],
            [9, []],
            [47, []],
            [42, []]
        ],
        [
            [0, [11, 3, 2, 4, 8, 1]],
            [22, []],
            [26, []],
            [15, [16, 17]],
            [35, []],
            [38, []],
            [11, []],
            [3, []],
            [30, []],
            [2, []],
            [45, [33, 30, 31, 35]],
            [16, [43, 40, 29, 25]],
            [17, [17]],
            [29, []],
            [21, []],
            [50, [19, 23]],
            [25, []],
            [19, []],
            [49, []],
            [43, []],
            [4, []],
            [31, []],
            [24, []],
            [48, []],
            [8, []],
            [46, []],
            [40, []],
            [1, [39, 38, 42, 41]],
            [23, [50, 49, 48, 46]]
        ]
    ],
    [
        [
            [15, [16, 17]]
        ],
        [
            [5, [13, 12, 10, 9]]
        ],
        [
            [18, [18, 14, 15, 20]]
        ],
        [
            [18, [21, 22]]
        ],
        [
            [45, [33, 30, 31, 35]]
        ],
        [
            [14, [28, 26, 24, 27]]
        ],
        [
            [41, [34, 36, 32, 37]]
        ],
        [
            [6, [45, 47, 44]]
        ],
        [
            [16, [43, 40, 29, 25]]
        ],
        [
            [50, [19, 23]]
        ],
        [
            [1, [39, 38, 42, 41]]
        ],
        [
            [23, [50, 49, 48, 46]]
        ]
    ]
]",,,1038.3092467497638,0,12,3.4166666666666665,,,,,results/sol_best_C201_2.dat_A4_L90_pid2822.txt,(not found),C201_2.dat_A4_L90_r2.log
62,test_data/data_demand_random_50_batch_all1_equal_random/C201_2.dat,4.0,90.0,3,841.94,"[
    [
        [
            [0, [5, 12, 13, 1, 2, 8, 10, 9]],
            [26, []],
            [11, [11]],
            [5, []],
            [17, []],
            [14, [14, 15, 18, 21, 22, 16, 17, 23, 20, 19]],
            [16, []],
            [28, []],
            [25, []],
            [12, []],
            [19, []],
            [49, []],
            [13, [28, 26, 24, 27, 32, 33, 30, 31, 35]],
            [33, []],
            [23, []],
            [1, [39, 38, 42, 37]],
            [2, []],
            [44, []],
            [8, []],
            [46, []],
            [48, []],
            [10, []],
            [24, []],
            [27, []],
            [39, []],
            [9, []],
            [47, []],
            [42, []]
        ],
        [
            [0, [7, 6, 4, 3]],
            [7, []],
            [32, []],
            [43, []],
            [38, []],
            [18, []],
            [35, []],
            [40, []],
            [22, []],
            [15, []],
            [45, []],
            [36, []],
            [34, [34, 36, 29, 25]],
            [41, [41, 43, 40]],
            [29, []],
            [21, []],
            [50, [50, 49, 44, 46]],
            [20, []],
            [6, [45, 47, 48]],
            [37, []],
            [4, []],
            [31, []],
            [30, []],
            [3, []]
        ]
    ],
    [
        [
            [11, [11]]
        ],
        [
            [14, [14, 15, 18]]
        ],
        [
            [14, [21, 22, 16, 17, 23, 20, 19]]
        ],
        [
            [13, [28, 26, 24, 27, 32]]
        ],
        [
            [13, [33, 30, 31, 35]]
        ],
        [
            [34, [34, 36, 29, 25]]
        ],
        [
            [1, [39, 38, 42, 37]]
        ],
        [
            [41, [41, 43, 40]]
        ],
        [
            [50, [50, 49, 44, 46]]
        ],
        [
            [6, [45, 47, 48]]
        ]
    ]
]",914.05,"[
    [
        [
            [0, [7, 12, 13, 3, 11, 1, 8, 10, 9]],
            [22, []],
            [15, []],
            [45, []],
            [17, []],
            [14, [14, 15, 18, 21, 22, 16, 17, 23, 20, 19]],
            [16, []],
            [28, []],
            [7, []],
            [32, []],
            [20, []],
            [12, []],
            [19, []],
            [49, []],
            [13, [28, 26, 24, 27, 32, 33, 30, 31, 35]],
            [33, []],
            [3, []],
            [26, []],
            [11, []],
            [23, []],
            [1, [39, 38, 42, 37]],
            [30, []],
            [44, []],
            [8, []],
            [46, []],
            [48, []],
            [10, []],
            [24, []],
            [27, []],
            [39, []],
            [9, []],
            [38, []],
            [35, []],
            [18, []],
            [47, []],
            [42, []]
        ],
        [
            [0, [41, 34, 5, 36, 29, 25, 6, 43, 4, 2, 40]],
            [41, []],
            [34, []],
            [5, []],
            [36, []],
            [29, []],
            [21, []],
            [50, [50, 49, 44, 46]],
            [25, []],
            [6, [45, 47, 48]],
            [43, []],
            [37, []],
            [4, []],
            [31, []],
            [2, []],
            [40, []]
        ]
    ],
    [
        [
            [14, [14, 15, 18]],
            [14, [21, 22, 16, 17, 23, 20, 19]]
        ],
        [
            [13, [28, 26, 24, 27, 32]]
        ],
        [
            [13, [33, 30, 31, 35]]
        ],
        [
            [1, [39, 38, 42, 37]]
        ],
        [
            [50, [50, 49, 44, 46]]
        ],
        [
            [6, [45, 47, 48]]
        ]
    ]
]",1018.1536219454716,0,10,3.8,910.7447515757889,1,6,5.0,results/sol_best_C201_2.dat_A4_L90_pid2823.txt,results/sol_best_multi_C201_2.dat_A4_L90_pid2823.txt,C201_2.dat_A4_L90_r3.log
63,test_data/data_demand_random_50_batch_all1_equal_random/C201_2.dat,4.0,120.0,1,1056.17,"[
    [
        [
            [0, [14, 5, 7, 1, 3, 13, 15, 18]],
            [45, []],
            [14, [25, 21, 22, 28, 26, 24, 27]],
            [5, []],
            [7, [33, 30, 31, 35]],
            [1, [39, 38, 42]],
            [3, []],
            [13, []],
            [25, []],
            [28, []],
            [21, []],
            [22, []],
            [26, []],
            [33, []],
            [30, []],
            [44, []],
            [39, []],
            [15, []],
            [18, []],
            [38, []],
            [35, []],
            [42, []]
        ],
        [
            [0, [11, 16, 17, 6, 12, 4, 10, 8, 2, 9]],
            [11, []],
            [47, [23, 20, 19]],
            [24, []],
            [27, []],
            [23, [34, 36, 32, 37, 29]],
            [16, []],
            [34, []],
            [36, []],
            [29, []],
            [17, []],
            [41, []],
            [32, []],
            [6, []],
            [20, [20]],
            [50, []],
            [12, [45, 47, 44]],
            [19, [19]],
            [49, []],
            [43, []],
            [37, []],
            [4, []],
            [31, []],
            [10, []],
            [8, []],
            [48, []],
            [46, []],
            [2, [50, 49, 48, 46]],
            [40, []],
            [9, [41, 43, 40]]
        ]
    ],
    [
        [
            [47, [23, 20, 19]]
        ],
        [
            [14, [25, 21, 22]]
        ],
        [
            [14, [28, 26, 24, 27]]
        ],
        [
            [7, [33, 30, 31, 35]]
        ],
        [
            [23, [34, 36, 32, 37, 29]]
        ],
        [
            [1, [39, 38, 42]]
        ],
        [
            [12, [45, 47, 44]]
        ],
        [
            [2, [50, 49, 48, 46]]
        ],
        [
            [9, [41, 43, 40]]
        ]
    ]
]",,,897.7435096112534,0,9,3.5555555555555554,,,,,results/sol_best_C201_2.dat_A4_L120_pid2740.txt,(not found),C201_2.dat_A4_L120_r1.log
63,test_data/data_demand_random_50_batch_all1_equal_random/C201_2.dat,4.0,120.0,2,936.54,"[
    [
        [
            [0, [6, 21, 22, 3, 24, 27, 9, 18]],
            [23, []],
            [32, []],
            [19, []],
            [49, []],
            [6, []],
            [20, []],
            [21, []],
            [22, []],
            [3, [33, 30, 31, 35]],
            [24, []],
            [27, []],
            [39, []],
            [44, []],
            [15, []],
            [40, []],
            [47, []],
            [9, []],
            [18, []],
            [35, []],
            [38, []],
            [42, []]
        ],
        [
            [0, [13, 4, 11, 7, 5, 12, 10, 8, 2, 1]],
            [41, []],
            [45, []],
            [13, [14, 16, 17, 15]],
            [4, []],
            [30, [23, 20, 19]],
            [31, []],
            [11, [28, 26, 25]],
            [7, []],
            [28, []],
            [29, []],
            [14, [36, 34, 32, 37, 29]],
            [16, []],
            [34, []],
            [5, []],
            [36, [41, 43, 40]],
            [17, []],
            [50, [50]],
            [25, []],
            [12, [45, 47]],
            [43, []],
            [37, []],
            [26, []],
            [33, []],
            [10, [44, 49, 48, 46]],
            [48, []],
            [8, []],
            [46, []],
            [2, []],
            [1, [39, 38, 42]]
        ]
    ],
    [
        [
            [3, [33, 30, 31, 35]]
        ],
        [
            [13, [14, 16, 17, 15]]
        ],
        [
            [30, [23, 20, 19]]
        ],
        [
            [11, [28, 26, 25]]
        ],
        [
            [14, [36, 34, 32, 37, 29]]
        ],
        [
            [36, [41, 43, 40]]
        ],
        [
            [50, [50]]
        ],
        [
            [12, [45, 47]]
        ],
        [
            [10, [44, 49, 48, 46]]
        ],
        [
            [1, [39, 38, 42]]
        ]
    ]
]",,,912.5828088317373,0,10,3.2,,,,,results/sol_best_C201_2.dat_A4_L120_pid2742.txt,(not found),C201_2.dat_A4_L120_r2.log
63,test_data/data_demand_random_50_batch_all1_equal_random/C201_2.dat,4.0,120.0,3,837.68,"[
    [
        [
            [0, [5, 7, 11, 3, 8, 10, 4, 13, 12, 2, 9]],
            [14, [14, 15, 18, 17]],
            [5, []],
            [17, []],
            [7, []],
            [11, []],
            [3, [21, 22, 23]],
            [44, []],
            [46, []],
            [8, []],
            [48, []],
            [10, []],
            [24, []],
            [4, []],
            [13, []],
            [12, []],
            [20, []],
            [32, []],
            [26, []],
            [33, []],
            [2, [28, 26, 24, 27]],
            [9, []],
            [18, []],
            [35, []],
            [38, []],
            [42, []]
        ],
        [
            [0, [6, 1]],
            [43, []],
            [49, []],
            [19, []],
            [25, []],
            [45, []],
            [15, []],
            [30, []],
            [39, []],
            [31, [20, 19, 16]],
            [27, []],
            [40, []],
            [47, []],
            [22, [34, 36, 37]],
            [21, []],
            [28, []],
            [16, []],
            [34, []],
            [41, [41, 43, 29, 25]],
            [36, [50, 49, 48, 46]],
            [29, []],
            [50, []],
            [6, [45, 47, 44, 40]],
            [37, []],
            [23, []],
            [1, [33, 30, 31, 35, 39, 38, 42, 32]]
        ]
    ],
    [
        [
            [14, [14, 15, 18, 17]]
        ],
        [
            [3, [21, 22, 23]]
        ],
        [
            [31, [20, 19, 16]]
        ],
        [
            [22, [34, 36, 37]]
        ],
        [
            [41, [41, 43, 29, 25]]
        ],
        [
            [36, [50, 49, 48, 46]]
        ],
        [
            [2, [28, 26, 24, 27]]
        ],
        [
            [6, [45, 47, 44, 40]]
        ],
        [
            [1, [33, 30, 31, 35]]
        ],
        [
            [1, [39, 38, 42, 32]]
        ]
    ]
]",,,958.2319862899873,0,10,3.7,,,,,results/sol_best_C201_2.dat_A4_L120_pid2743.txt,(not found),C201_2.dat_A4_L120_r3.log
64,test_data/data_demand_random_50_batch_all1_equal_random/C201_2.dat,8.0,60.0,1,684.76,"[
    [
        [
            [0, [2, 1, 3, 7, 5]],
            [42, []],
            [47, []],
            [9, []],
            [18, []],
            [38, []],
            [35, [10, 8, 13, 12, 9, 11]],
            [10, []],
            [48, []],
            [46, []],
            [8, []],
            [44, []],
            [2, [23, 20, 16, 17]],
            [40, []],
            [1, [15, 18, 14]],
            [23, []],
            [3, [25, 28, 26, 24, 27, 21, 22]],
            [26, []],
            [32, []],
            [43, []],
            [49, []],
            [19, []],
            [12, []],
            [20, []],
            [7, []],
            [17, []],
            [5, [41, 43, 40]],
            [28, []],
            [21, []],
            [11, [50, 49, 44, 48, 46]],
            [22, []]
        ],
        [
            [0, [6, 4]],
            [14, []],
            [16, []],
            [34, []],
            [50, []],
            [25, []],
            [6, []],
            [37, []],
            [13, []],
            [4, []],
            [31, []],
            [24, []],
            [27, []],
            [39, []],
            [33, []],
            [30, []],
            [45, [34, 36, 32, 37, 29, 19]],
            [41, []],
            [36, []],
            [29, []],
            [15, [33, 30, 31, 35, 45, 47, 39, 38, 42]]
        ]
    ],
    [
        [
            [35, [10, 8, 13, 12, 9, 11]]
        ],
        [
            [2, [23, 20, 16, 17]]
        ],
        [
            [1, [15, 18, 14]]
        ],
        [
            [3, [25, 28, 26, 24, 27, 21, 22]]
        ],
        [
            [5, [41, 43, 40]]
        ],
        [
            [45, [34, 36, 32, 37, 29, 19]]
        ],
        [
            [15, [33, 30, 31, 35]]
        ],
        [
            [15, [45, 47, 39, 38, 42]]
        ],
        [
            [11, [50, 49, 44, 48, 46]]
        ]
    ]
]",,,1078.2299745697476,0,9,4.777777777777778,,,,,results/sol_best_C201_2.dat_A8_L60_pid2668.txt,(not found),C201_2.dat_A8_L60_r1.log
64,test_data/data_demand_random_50_batch_all1_equal_random/C201_2.dat,8.0,60.0,2,718.32,"[
    [
        [
            [0, [5, 7, 6, 4, 1]],
            [14, []],
            [5, []],
            [17, []],
            [28, []],
            [7, []],
            [50, []],
            [6, []],
            [13, []],
            [4, []],
            [1, [12, 9]],
            [21, []],
            [22, []],
            [26, []],
            [33, []],
            [30, []],
            [31, []],
            [24, []],
            [27, []],
            [39, []],
            [47, []],
            [9, []],
            [18, []],
            [35, []],
            [38, []],
            [42, []]
        ],
        [
            [0, [3, 2]],
            [29, []],
            [16, []],
            [34, []],
            [36, []],
            [41, []],
            [32, []],
            [20, []],
            [25, []],
            [12, []],
            [19, []],
            [49, []],
            [43, []],
            [37, []],
            [11, [11, 13, 8, 10]],
            [44, []],
            [48, []],
            [46, []],
            [8, []],
            [10, []],
            [23, [16, 17, 29, 25, 23, 20, 19]],
            [3, [21, 22, 33, 30, 31, 35, 28, 26, 24, 27]],
            [45, []],
            [40, [14, 15, 18]],
            [2, [34, 36, 32, 37, 50, 49, 44, 48, 46, 41, 43, 40]],
            [15, [45, 47, 39, 38, 42]]
        ]
    ],
    [
        [
            [1, [12, 9]]
        ],
        [
            [11, [11, 13, 8, 10]]
        ],
        [
            [23, [16, 17]]
        ],
        [
            [23, [29, 25, 23, 20, 19]]
        ],
        [
            [3, [21, 22]]
        ],
        [
            [3, [33, 30, 31, 35, 28, 26, 24, 27]]
        ],
        [
            [40, [14, 15, 18]]
        ],
        [
            [2, [34, 36, 32, 37]]
        ],
        [
            [2, [50, 49, 44, 48, 46, 41, 43, 40]]
        ],
        [
            [15, [45, 47, 39, 38, 42]]
        ]
    ]
]",,,648.2284991925522,0,10,4.3,,,,,results/sol_best_C201_2.dat_A8_L60_pid2670.txt,(not found),C201_2.dat_A8_L60_r2.log
64,test_data/data_demand_random_50_batch_all1_equal_random/C201_2.dat,8.0,60.0,3,863.0,"[
    [
        [
            [0, [7, 3, 6, 4]],
            [41, []],
            [28, []],
            [7, []],
            [32, []],
            [45, [13, 12, 9, 11]],
            [35, [15, 14, 18]],
            [38, []],
            [40, []],
            [3, [25, 28, 26, 24, 27, 21, 22]],
            [13, []],
            [50, []],
            [25, []],
            [6, []],
            [4, []],
            [11, [50, 49, 44, 48, 46]],
            [26, []],
            [33, []],
            [30, []],
            [44, []],
            [9, []],
            [18, []],
            [47, []],
            [42, []]
        ],
        [
            [0, [16, 17, 10, 8, 2, 1, 5]],
            [22, []],
            [34, []],
            [14, []],
            [16, []],
            [17, [29, 20, 19, 23]],
            [29, []],
            [21, []],
            [20, []],
            [12, []],
            [19, []],
            [49, []],
            [43, []],
            [37, []],
            [31, []],
            [27, []],
            [39, []],
            [24, []],
            [10, []],
            [48, []],
            [8, []],
            [46, []],
            [2, []],
            [15, [33, 30, 31, 35, 45, 47, 39, 38, 42]],
            [1, []],
            [23, [34, 36, 32, 37]],
            [5, [41, 43, 40]],
            [36, []]
        ]
    ],
    [
        [
            [45, [13, 12, 9, 11]]
        ],
        [
            [35, [15, 14, 18]]
        ],
        [
            [3, [25, 28, 26, 24, 27, 21, 22]]
        ],
        [
            [17, [29, 20, 19, 23]]
        ],
        [
            [11, [50, 49, 44, 48, 46]]
        ],
        [
            [15, [33, 30, 31, 35]]
        ],
        [
            [15, [45, 47, 39, 38, 42]]
        ],
        [
            [23, [34, 36, 32, 37]]
        ],
        [
            [5, [41, 43, 40]]
        ]
    ]
]",,,1045.6180880816758,0,9,4.333333333333333,,,,,results/sol_best_C201_2.dat_A8_L60_pid2671.txt,(not found),C201_2.dat_A8_L60_r3.log
65,test_data/data_demand_random_50_batch_all1_equal_random/C201_2.dat,8.0,90.0,1,1111.53,"[
    [
        [
            [0, [18, 10, 8, 1, 13, 12, 6, 4, 15, 2, 9]],
            [18, [21, 22]],
            [10, []],
            [8, []],
            [45, [33, 30, 31, 35, 28, 26, 24, 27]],
            [1, [39, 38, 42]],
            [13, []],
            [12, []],
            [6, [45, 47]],
            [4, []],
            [15, []],
            [2, []],
            [44, []],
            [30, []],
            [31, []],
            [24, []],
            [27, []],
            [39, []],
            [9, []],
            [47, []],
            [38, []],
            [35, []],
            [42, []]
        ],
        [
            [0, [14, 3, 16, 5, 17, 7, 11]],
            [36, []],
            [28, []],
            [14, [23, 20, 19]],
            [41, []],
            [3, []],
            [26, []],
            [23, [23]],
            [16, []],
            [34, []],
            [5, [41, 43, 40]],
            [29, []],
            [17, []],
            [7, [34, 36, 32, 37, 29, 25]],
            [21, []],
            [22, []],
            [11, [50, 49, 44, 48, 46]],
            [32, []],
            [25, []],
            [20, [20]],
            [50, []],
            [19, [19]],
            [49, []],
            [43, []],
            [37, []],
            [33, []],
            [48, []],
            [46, []],
            [40, []]
        ]
    ],
    [
        [
            [14, [23, 20, 19]]
        ],
        [
            [18, [21, 22]]
        ],
        [
            [45, [33, 30, 31, 35, 28, 26, 24, 27]]
        ],
        [
            [1, [39, 38, 42]]
        ],
        [
            [5, [41, 43, 40]]
        ],
        [
            [7, [34, 36, 32, 37, 29, 25]]
        ],
        [
            [6, [45, 47]]
        ],
        [
            [11, [50, 49, 44, 48, 46]]
        ]
    ]
]",,,845.7898678826097,0,8,4.0,,,,,results/sol_best_C201_2.dat_A8_L90_pid2739.txt,(not found),C201_2.dat_A8_L90_r1.log
65,test_data/data_demand_random_50_batch_all1_equal_random/C201_2.dat,8.0,90.0,2,1147.32,"[
    [
        [
            [0, [3, 4, 15, 18, 14, 21, 22, 1]],
            [3, []],
            [4, [28, 26, 24, 27]],
            [15, [33, 30, 31, 35]],
            [18, []],
            [14, []],
            [28, []],
            [21, []],
            [22, []],
            [26, []],
            [33, []],
            [30, []],
            [31, []],
            [24, []],
            [27, []],
            [39, []],
            [1, [39, 38, 42]],
            [45, []],
            [38, []],
            [35, []],
            [42, []]
        ],
        [
            [0, [11, 9, 8, 2, 16, 5, 7, 17, 12, 6, 13, 10]],
            [11, []],
            [9, [23, 20, 19]],
            [47, []],
            [8, []],
            [2, [34, 36, 32, 37, 29, 25]],
            [23, [23]],
            [16, []],
            [34, []],
            [5, []],
            [7, []],
            [36, []],
            [29, []],
            [17, []],
            [41, []],
            [32, []],
            [25, []],
            [12, []],
            [6, [45, 47]],
            [20, [20]],
            [50, []],
            [19, [19]],
            [49, []],
            [43, []],
            [37, []],
            [13, [41, 43, 40]],
            [10, [50, 49, 44, 48, 46]],
            [44, []],
            [48, []],
            [46, []],
            [40, []]
        ]
    ],
    [
        [
            [9, [23, 20, 19]]
        ],
        [
            [4, [28, 26, 24, 27]]
        ],
        [
            [15, [33, 30, 31, 35]]
        ],
        [
            [2, [34, 36, 32, 37, 29, 25]]
        ],
        [
            [1, [39, 38, 42]]
        ],
        [
            [6, [45, 47]]
        ],
        [
            [13, [41, 43, 40]]
        ],
        [
            [10, [50, 49, 44, 48, 46]]
        ]
    ]
]",,,789.6978519857748,0,8,3.75,,,,,results/sol_best_C201_2.dat_A8_L90_pid2741.txt,(not found),C201_2.dat_A8_L90_r2.log
65,test_data/data_demand_random_50_batch_all1_equal_random/C201_2.dat,8.0,90.0,3,1072.66,"[
    [
        [
            [0, [15, 10, 2, 13, 12, 6, 4, 9, 18]],
            [15, [19, 21, 22, 23]],
            [47, []],
            [10, [28, 26, 24, 27]],
            [44, []],
            [45, [33, 30, 31, 35]],
            [2, []],
            [13, []],
            [19, []],
            [49, []],
            [12, []],
            [6, [45, 47]],
            [4, []],
            [26, []],
            [33, []],
            [30, []],
            [31, []],
            [24, []],
            [27, []],
            [39, []],
            [9, []],
            [18, []],
            [38, []],
            [35, []],
            [42, []]
        ],
        [
            [0, [3, 16, 14, 5, 7, 11, 1, 17, 20, 8]],
            [41, []],
            [23, [29, 25]],
            [3, []],
            [16, []],
            [34, [34, 36, 32, 37]],
            [14, []],
            [5, [41, 43, 40]],
            [7, []],
            [11, [50, 49, 44, 48, 46]],
            [22, []],
            [1, [39, 38, 42]],
            [28, []],
            [36, []],
            [17, []],
            [29, [29]],
            [21, []],
            [32, []],
            [20, []],
            [50, []],
            [25, [25]],
            [43, []],
            [37, []],
            [48, []],
            [8, []],
            [46, []],
            [40, []]
        ]
    ],
    [
        [
            [23, [29, 25]]
        ],
        [
            [15, [19, 21, 22, 23]]
        ],
        [
            [10, [28, 26, 24, 27]]
        ],
        [
            [45, [33, 30, 31, 35]]
        ],
        [
            [34, [34, 36, 32, 37]]
        ],
        [
            [6, [45, 47]]
        ],
        [
            [5, [41, 43, 40]]
        ],
        [
            [11, [50, 49, 44, 48, 46]]
        ],
        [
            [1, [39, 38, 42]]
        ]
    ]
]",,,705.3103289438775,0,9,3.4444444444444446,,,,,results/sol_best_C201_2.dat_A8_L90_pid2742.txt,(not found),C201_2.dat_A8_L90_r3.log
66,test_data/data_demand_random_50_batch_all1_equal_random/C201_2.dat,8.0,120.0,1,791.71,"[
    [
        [
            [0, [3, 4, 7, 1, 2]],
            [3, []],
            [33, []],
            [45, []],
            [44, []],
            [39, []],
            [48, [10, 8, 13, 9]],
            [46, []],
            [10, []],
            [8, [15, 18, 14]],
            [24, []],
            [27, []],
            [31, []],
            [4, [21, 22]],
            [15, [28, 26, 24, 27]],
            [23, []],
            [7, []],
            [28, []],
            [17, []],
            [29, []],
            [21, []],
            [1, [39, 38, 42, 33, 30, 35]],
            [30, []],
            [2, []],
            [40, []],
            [47, []],
            [9, []],
            [18, []],
            [35, []],
            [38, []],
            [42, []]
        ],
        [
            [0, [5, 6]],
            [13, [12, 11]],
            [50, []],
            [14, [16, 17]],
            [25, []],
            [16, []],
            [34, []],
            [5, [41, 43, 40, 34, 36, 32, 37, 31]],
            [36, []],
            [41, []],
            [32, []],
            [20, []],
            [6, [45, 47]],
            [12, [12, 12]],
            [19, []],
            [49, []],
            [43, []],
            [37, []],
            [26, [25, 29, 20, 19, 23]],
            [11, [50, 49, 44, 48, 46]],
            [22, []]
        ]
    ],
    [
        [
            [13, [12, 11]]
        ],
        [
            [48, [10, 8, 13, 9]]
        ],
        [
            [8, [15, 18, 14]]
        ],
        [
            [14, [16, 17]]
        ],
        [
            [4, [21, 22]]
        ],
        [
            [15, [28, 26, 24, 27]]
        ],
        [
            [1, [39, 38, 42, 33, 30, 35]]
        ],
        [
            [5, [41, 43, 40, 34, 36, 32, 37, 31]]
        ],
        [
            [6, [45, 47]]
        ],
        [
            [26, [25, 29, 20, 19, 23]]
        ],
        [
            [11, [50, 49, 44, 48, 46]]
        ]
    ]
]",,,886.4454129101036,0,11,3.909090909090909,,,,,results/sol_best_C201_2.dat_A8_L120_pid2801.txt,(not found),C201_2.dat_A8_L120_r1.log
66,test_data/data_demand_random_50_batch_all1_equal_random/C201_2.dat,8.0,120.0,2,780.53,"[
    [
        [
            [0, [4, 3, 1, 2]],
            [45, []],
            [44, []],
            [39, []],
            [27, []],
            [24, []],
            [48, []],
            [46, []],
            [10, [10, 8, 13, 9]],
            [8, []],
            [26, []],
            [33, []],
            [13, []],
            [4, [21, 22, 15, 18, 14, 23, 17]],
            [31, []],
            [40, []],
            [15, [28, 26, 24, 27]],
            [41, []],
            [3, []],
            [23, []],
            [22, []],
            [1, [39, 38, 42, 33, 30, 35]],
            [30, []],
            [2, []],
            [47, []],
            [9, []],
            [18, []],
            [35, []],
            [38, []],
            [42, []]
        ],
        [
            [0, [7, 16, 5, 6, 12, 11]],
            [36, []],
            [17, []],
            [14, []],
            [28, [25, 29, 20, 19]],
            [50, []],
            [25, []],
            [7, []],
            [16, []],
            [34, []],
            [5, [41, 43, 40, 34, 36, 32, 37, 31]],
            [29, []],
            [21, []],
            [32, []],
            [20, []],
            [6, [45, 47]],
            [12, []],
            [19, []],
            [49, []],
            [43, []],
            [37, []],
            [11, [50, 49, 44, 48, 46]]
        ]
    ],
    [
        [
            [10, [10, 8, 13, 9]]
        ],
        [
            [4, [21, 22, 15, 18, 14, 23, 17]]
        ],
        [
            [15, [28, 26, 24, 27]]
        ],
        [
            [28, [25, 29, 20, 19]]
        ],
        [
            [1, [39, 38, 42, 33, 30, 35]]
        ],
        [
            [5, [41, 43, 40, 34, 36, 32, 37, 31]]
        ],
        [
            [6, [45, 47]]
        ],
        [
            [11, [50, 49, 44, 48, 46]]
        ]
    ]
]",,,863.1566494259605,0,8,5.0,,,,,results/sol_best_C201_2.dat_A8_L120_pid2803.txt,(not found),C201_2.dat_A8_L120_r2.log
66,test_data/data_demand_random_50_batch_all1_equal_random/C201_2.dat,8.0,120.0,3,866.46,"[
    [
        [
            [0, [1, 3]],
            [15, []],
            [22, []],
            [28, []],
            [34, []],
            [14, [9, 8, 10, 14, 18, 15]],
            [18, [21, 22, 20]],
            [46, []],
            [48, []],
            [8, []],
            [40, []],
            [45, [33, 30, 31, 35, 28, 26, 27]],
            [1, [39, 38, 42]],
            [3, []],
            [30, []],
            [27, []],
            [39, []],
            [10, [50, 49, 44, 48, 46]],
            [44, []],
            [9, []],
            [35, []],
            [38, []],
            [47, []],
            [42, []]
        ],
        [
            [0, [7, 4, 2, 5, 6]],
            [33, []],
            [11, [11, 12, 13]],
            [7, []],
            [17, []],
            [20, []],
            [32, []],
            [26, []],
            [4, []],
            [31, []],
            [24, []],
            [2, []],
            [23, []],
            [16, []],
            [5, []],
            [36, []],
            [21, [16, 17]],
            [29, []],
            [50, []],
            [25, []],
            [12, [12]],
            [19, []],
            [49, []],
            [6, [45, 47]],
            [13, [41, 43, 40, 34, 36, 32, 37]],
            [43, []],
            [37, []],
            [41, [24, 29, 25, 23, 19]]
        ]
    ],
    [
        [
            [11, [11, 12, 13]]
        ],
        [
            [14, [9, 8, 10]]
        ],
        [
            [14, [14, 18, 15]]
        ],
        [
            [18, [21, 22, 20]]
        ],
        [
            [45, [33, 30, 31, 35, 28, 26, 27]]
        ],
        [
            [1, [39, 38, 42]]
        ],
        [
            [21, [16, 17]]
        ],
        [
            [10, [50, 49, 44, 48, 46]]
        ],
        [
            [6, [45, 47]]
        ],
        [
            [13, [41, 43, 40, 34, 36, 32, 37]]
        ],
        [
            [41, [24, 29, 25, 23, 19]]
        ]
    ]
]",,,1098.4593660112773,0,11,3.909090909090909,,,,,results/sol_best_C201_2.dat_A8_L120_pid2804.txt,(not found),C201_2.dat_A8_L120_r3.log
67,test_data/data_demand_random_50_batch_all1_equal_random/C201_3.dat,4.0,60.0,1,1108.66,"[
    [
        [
            [0, [1, 4, 3]],
            [38, []],
            [42, []],
            [13, [13, 7]],
            [35, []],
            [34, [12, 11, 10, 9, 16, 17]],
            [36, [22, 20, 25, 26]],
            [16, []],
            [1, [23, 24, 21]],
            [44, []],
            [7, [33, 32, 30, 29]],
            [4, [31, 27, 28, 36, 38]],
            [3, [35, 37, 34]],
            [41, []],
            [24, [42, 41, 40]],
            [31, []],
            [27, []],
            [49, []],
            [12, []],
            [11, []],
            [45, []],
            [17, [50, 47, 46, 44, 39]],
            [40, []]
        ],
        [
            [0, [6, 2, 8, 14, 5]],
            [6, []],
            [2, []],
            [23, [19, 15, 18]],
            [48, []],
            [8, []],
            [28, []],
            [43, []],
            [19, [19]],
            [15, [15]],
            [18, [18]],
            [33, []],
            [21, []],
            [10, []],
            [9, []],
            [37, []],
            [22, []],
            [50, []],
            [32, []],
            [30, []],
            [20, []],
            [14, []],
            [5, [43, 49, 48, 45]],
            [25, []],
            [26, []],
            [39, []],
            [47, []],
            [29, []],
            [46, []]
        ]
    ],
    [
        [
            [13, [13, 7]]
        ],
        [
            [34, [12, 11, 10, 9]]
        ],
        [
            [34, [16, 17]]
        ],
        [
            [23, [19, 15, 18]]
        ],
        [
            [36, [22, 20, 25, 26]]
        ],
        [
            [1, [23, 24, 21]]
        ],
        [
            [7, [33, 32, 30, 29]]
        ],
        [
            [4, [31, 27, 28]]
        ],
        [
            [4, [36, 38]]
        ],
        [
            [3, [35, 37, 34]]
        ],
        [
            [24, [42, 41, 40]]
        ],
        [
            [17, [50, 47, 46, 44, 39]]
        ],
        [
            [5, [43, 49, 48, 45]]
        ]
    ]
]",,,1449.7625729009462,0,13,3.230769230769231,,,,,results/sol_best_C201_3.dat_A4_L60_pid2751.txt,(not found),C201_3.dat_A4_L60_r1.log
67,test_data/data_demand_random_50_batch_all1_equal_random/C201_3.dat,4.0,60.0,2,992.12,"[
    [
        [
            [0, [10, 14, 12, 11, 9, 3]],
            [47, []],
            [29, []],
            [46, []],
            [34, []],
            [35, []],
            [10, []],
            [30, [16]],
            [50, []],
            [32, []],
            [20, [20, 22, 24, 21]],
            [14, []],
            [23, [19, 15, 18, 17, 23, 25, 26, 32, 30, 29]],
            [12, []],
            [11, []],
            [22, []],
            [9, []],
            [37, []],
            [3, [35, 37, 34]],
            [21, []],
            [24, [42, 41, 40]],
            [36, []],
            [48, []],
            [49, []],
            [41, []],
            [45, []],
            [17, [50, 47, 46, 44, 39]]
        ],
        [
            [0, [6, 2, 7, 4, 8, 13, 1, 5]],
            [40, []],
            [16, []],
            [27, []],
            [33, []],
            [28, []],
            [43, []],
            [38, []],
            [42, []],
            [44, []],
            [6, []],
            [2, []],
            [7, []],
            [4, [31, 28, 33, 27]],
            [31, []],
            [8, []],
            [19, []],
            [15, []],
            [18, []],
            [13, []],
            [25, []],
            [26, []],
            [39, []],
            [1, [36, 38]],
            [5, [43, 49, 48, 45]]
        ]
    ],
    [
        [
            [30, [16]]
        ],
        [
            [20, [20, 22, 24, 21]]
        ],
        [
            [23, [19, 15, 18, 17]]
        ],
        [
            [23, [23, 25, 26]]
        ],
        [
            [4, [31, 28, 33, 27]]
        ],
        [
            [23, [32, 30, 29]]
        ],
        [
            [3, [35, 37, 34]]
        ],
        [
            [24, [42, 41, 40]]
        ],
        [
            [17, [50, 47, 46, 44, 39]]
        ],
        [
            [1, [36, 38]]
        ],
        [
            [5, [43, 49, 48, 45]]
        ]
    ]
]",,,1458.4008061731354,0,11,3.272727272727273,,,,,results/sol_best_C201_3.dat_A4_L60_pid2753.txt,(not found),C201_3.dat_A4_L60_r2.log
67,test_data/data_demand_random_50_batch_all1_equal_random/C201_3.dat,4.0,60.0,3,995.0,"[
    [
        [
            [0, [1, 6, 3, 5]],
            [1, []],
            [39, []],
            [34, []],
            [47, []],
            [46, []],
            [29, []],
            [35, []],
            [44, []],
            [6, []],
            [23, [25, 26, 12, 11, 10, 9, 23, 24, 21, 16, 22, 31, 28, 33, 27]],
            [11, []],
            [12, []],
            [50, []],
            [32, []],
            [9, []],
            [37, []],
            [22, []],
            [10, []],
            [3, [32, 30, 29, 37, 35, 34]],
            [41, []],
            [24, [42, 41, 40]],
            [16, []],
            [5, [43, 49, 48, 45]]
        ],
        [
            [0, [2, 7, 4, 8, 14, 13]],
            [25, [19, 15, 18, 17]],
            [26, []],
            [45, []],
            [30, []],
            [20, [20]],
            [38, []],
            [42, []],
            [33, []],
            [27, []],
            [49, []],
            [48, []],
            [31, []],
            [21, []],
            [2, []],
            [7, []],
            [36, []],
            [4, [36, 38]],
            [8, []],
            [28, []],
            [43, []],
            [19, [19]],
            [15, [15]],
            [18, [18]],
            [14, []],
            [13, []],
            [40, []],
            [17, [50, 47, 46, 44, 39]]
        ]
    ],
    [
        [
            [25, [19, 15, 18, 17]]
        ],
        [
            [20, [20]]
        ],
        [
            [23, [25, 26]]
        ],
        [
            [23, [12, 11, 10, 9]]
        ],
        [
            [4, [36, 38]]
        ],
        [
            [23, [23, 24, 21, 16, 22]]
        ],
        [
            [23, [31, 28, 33, 27]]
        ],
        [
            [3, [32, 30, 29]]
        ],
        [
            [3, [37, 35, 34]]
        ],
        [
            [24, [42, 41, 40]]
        ],
        [
            [5, [43, 49, 48, 45]]
        ],
        [
            [17, [50, 47, 46, 44, 39]]
        ]
    ]
]",,,1449.646624659392,0,12,3.3333333333333335,,,,,results/sol_best_C201_3.dat_A4_L60_pid2754.txt,(not found),C201_3.dat_A4_L60_r3.log
68,test_data/data_demand_random_50_batch_all1_equal_random/C201_3.dat,4.0,90.0,1,1237.36,"[
    [
        [
            [0, [23, 16, 24, 21, 6, 2, 4, 12, 11, 10, 30, 31, 8, 27]],
            [23, []],
            [41, [25, 26, 22, 20]],
            [33, [33, 28, 32, 29]],
            [16, [36, 38]],
            [24, []],
            [21, []],
            [6, [35, 37, 34]],
            [2, []],
            [4, [42, 41, 40]],
            [50, []],
            [12, [48, 50, 45, 49]],
            [11, []],
            [10, []],
            [30, []],
            [31, []],
            [48, []],
            [8, [43, 47, 46, 44, 39]],
            [27, []],
            [45, []],
            [40, []]
        ],
        [
            [0, [3, 5, 1]],
            [3, [7, 13, 9, 14]],
            [7, [7]],
            [36, []],
            [49, [19, 15, 18, 17]],
            [43, []],
            [28, []],
            [19, [19]],
            [15, [15]],
            [18, [18]],
            [38, []],
            [42, []],
            [17, [17]],
            [13, [13]],
            [5, []],
            [25, []],
            [26, []],
            [22, []],
            [32, []],
            [9, [9]],
            [20, []],
            [14, [14]],
            [35, []],
            [37, []],
            [34, []],
            [39, []],
            [29, []],
            [47, []],
            [46, []],
            [1, []],
            [44, []]
        ]
    ],
    [
        [
            [3, [7, 13, 9, 14]]
        ],
        [
            [49, [19, 15, 18, 17]]
        ],
        [
            [41, [25, 26, 22, 20]]
        ],
        [
            [33, [33, 28, 32, 29]]
        ],
        [
            [16, [36, 38]]
        ],
        [
            [6, [35, 37, 34]]
        ],
        [
            [4, [42, 41, 40]]
        ],
        [
            [12, [48, 50, 45, 49]]
        ],
        [
            [8, [43, 47, 46, 44, 39]]
        ]
    ]
]",,,866.6202444449419,0,9,3.6666666666666665,,,,,results/sol_best_C201_3.dat_A4_L90_pid2747.txt,(not found),C201_3.dat_A4_L90_r1.log
68,test_data/data_demand_random_50_batch_all1_equal_random/C201_3.dat,4.0,90.0,2,1075.08,"[
    [
        [
            [0, [1, 3, 4]],
            [23, []],
            [1, []],
            [34, [12, 11, 10, 8]],
            [39, []],
            [3, [19, 15, 18, 17, 16]],
            [16, []],
            [27, []],
            [42, []],
            [22, [22]],
            [37, [23, 21]],
            [47, []],
            [29, []],
            [46, [31, 27, 32]],
            [44, [36, 38]],
            [24, [24, 25, 26, 20]],
            [4, [42, 41, 40]],
            [41, [28, 33, 30, 29]],
            [8, [43, 47, 46, 44, 39]],
            [49, []],
            [45, []],
            [40, []]
        ],
        [
            [0, [6, 2, 7, 13, 5, 14, 9]],
            [31, []],
            [21, []],
            [6, []],
            [2, []],
            [7, []],
            [36, []],
            [43, []],
            [28, []],
            [19, []],
            [15, []],
            [18, []],
            [38, []],
            [10, []],
            [11, []],
            [50, []],
            [17, []],
            [13, []],
            [25, []],
            [26, []],
            [5, []],
            [14, []],
            [48, []],
            [33, [35, 37, 34]],
            [20, []],
            [30, []],
            [9, []],
            [32, []],
            [12, [48, 50, 45, 49]],
            [35, []]
        ]
    ],
    [
        [
            [34, [12, 11, 10, 8]]
        ],
        [
            [3, [19, 15, 18, 17, 16]]
        ],
        [
            [22, [22]]
        ],
        [
            [37, [23, 21]]
        ],
        [
            [33, [35, 37, 34]]
        ],
        [
            [46, [31, 27, 32]]
        ],
        [
            [44, [36, 38]]
        ],
        [
            [24, [24, 25, 26, 20]]
        ],
        [
            [4, [42, 41, 40]]
        ],
        [
            [41, [28, 33, 30, 29]]
        ],
        [
            [8, [43, 47, 46, 44, 39]]
        ],
        [
            [12, [48, 50, 45, 49]]
        ]
    ]
]",,,1566.97890432409,0,12,3.3333333333333335,,,,,results/sol_best_C201_3.dat_A4_L90_pid2749.txt,(not found),C201_3.dat_A4_L90_r2.log
68,test_data/data_demand_random_50_batch_all1_equal_random/C201_3.dat,4.0,90.0,3,1548.36,"[
    [
        [
            [0, [6, 3, 4, 12, 11, 10, 9, 5, 21, 23, 16]],
            [6, [31, 33, 28, 27]],
            [3, []],
            [37, [37, 36, 38]],
            [4, [42, 41, 40]],
            [12, [48, 50, 45, 49]],
            [11, []],
            [10, []],
            [9, []],
            [5, []],
            [31, []],
            [21, []],
            [36, []],
            [23, []],
            [33, []],
            [49, []],
            [38, []],
            [42, []],
            [50, []],
            [41, []],
            [45, []],
            [40, []],
            [16, []]
        ],
        [
            [0, [1, 24, 2, 7, 8, 19, 15, 18, 17, 13, 25, 26, 22, 20, 14]],
            [1, []],
            [48, [32, 30, 29]],
            [27, []],
            [24, []],
            [2, []],
            [7, [35, 34]],
            [8, []],
            [43, []],
            [28, []],
            [19, []],
            [15, []],
            [18, []],
            [17, []],
            [13, []],
            [25, []],
            [26, []],
            [22, []],
            [32, [32]],
            [30, [30]],
            [20, []],
            [14, []],
            [35, []],
            [39, [39]],
            [34, []],
            [29, [29]],
            [47, []],
            [46, []],
            [44, [44, 43, 47, 46]]
        ]
    ],
    [
        [
            [48, [32, 30, 29]]
        ],
        [
            [6, [31, 33, 28, 27]]
        ],
        [
            [37, [37, 36, 38]]
        ],
        [
            [7, [35, 34]]
        ],
        [
            [4, [42, 41, 40]]
        ],
        [
            [39, [39]]
        ],
        [
            [12, [48, 50, 45, 49]]
        ],
        [
            [44, [44, 43, 47, 46]]
        ]
    ]
]",,,1097.338822418058,0,8,3.0,,,,,results/sol_best_C201_3.dat_A4_L90_pid2750.txt,(not found),C201_3.dat_A4_L90_r3.log
69,test_data/data_demand_random_50_batch_all1_equal_random/C201_3.dat,4.0,120.0,1,1284.08,"[
    [
        [
            [0, [13, 17, 20, 14, 16, 24, 25, 5, 10, 11, 22, 9, 26, 4, 21, 15]],
            [13, []],
            [17, []],
            [20, []],
            [14, []],
            [16, []],
            [44, []],
            [24, []],
            [31, []],
            [25, [37, 36, 31, 32]],
            [5, []],
            [35, []],
            [10, []],
            [11, []],
            [50, []],
            [32, []],
            [22, []],
            [9, []],
            [37, []],
            [34, []],
            [26, []],
            [4, [42, 41, 40]],
            [21, []],
            [36, []],
            [48, []],
            [49, []],
            [43, []],
            [15, []],
            [45, []],
            [40, []]
        ],
        [
            [0, [23, 19, 28, 27, 33, 18, 3, 6, 2, 7, 8, 12, 30, 29, 1]],
            [23, []],
            [19, []],
            [28, []],
            [27, []],
            [33, []],
            [38, [38, 35, 34]],
            [18, []],
            [41, []],
            [3, []],
            [6, []],
            [2, []],
            [7, []],
            [8, [50, 47, 46, 44, 39]],
            [42, []],
            [12, [43, 49, 48, 45]],
            [30, []],
            [46, []],
            [29, []],
            [47, []],
            [39, []],
            [1, []]
        ]
    ],
    [
        [
            [25, [37, 36, 31, 32]]
        ],
        [
            [38, [38, 35, 34]]
        ],
        [
            [4, [42, 41, 40]]
        ],
        [
            [8, [50, 47, 46, 44, 39]]
        ],
        [
            [12, [43, 49, 48, 45]]
        ]
    ]
]",,,1296.937296419997,0,5,3.8,,,,,results/sol_best_C201_3.dat_A4_L120_pid2719.txt,(not found),C201_3.dat_A4_L120_r1.log
69,test_data/data_demand_random_50_batch_all1_equal_random/C201_3.dat,4.0,120.0,2,1075.08,"[
    [
        [
            [0, [14, 6, 2, 24, 16, 11, 12, 23]],
            [46, []],
            [29, []],
            [47, []],
            [39, []],
            [26, []],
            [25, []],
            [14, []],
            [17, []],
            [33, []],
            [21, []],
            [6, []],
            [44, []],
            [2, []],
            [7, []],
            [24, []],
            [16, []],
            [30, []],
            [10, []],
            [11, []],
            [12, [43, 49, 48, 45, 36]],
            [23, []],
            [40, []]
        ],
        [
            [0, [5, 1, 3, 4]],
            [20, []],
            [41, []],
            [32, []],
            [9, [9, 13, 7, 8, 10]],
            [22, []],
            [37, []],
            [35, []],
            [34, []],
            [50, []],
            [42, []],
            [45, []],
            [19, [25, 26, 20, 22, 17]],
            [15, []],
            [18, []],
            [13, [19, 15, 18]],
            [5, [32, 29, 21, 30, 31]],
            [1, [28, 27, 33]],
            [38, [38, 35, 37, 34]],
            [31, []],
            [3, []],
            [4, [42, 41, 40, 39]],
            [36, []],
            [48, []],
            [43, []],
            [28, []],
            [8, [50, 47, 46, 44]],
            [49, []],
            [27, []]
        ]
    ],
    [
        [
            [12, [43, 49, 48, 45, 36]]
        ],
        [
            [9, [9, 13, 7, 8, 10]]
        ],
        [
            [19, [25, 26, 20, 22, 17]]
        ],
        [
            [13, [19, 15, 18]]
        ],
        [
            [5, [32, 29, 21, 30, 31]]
        ],
        [
            [1, [28, 27, 33]]
        ],
        [
            [38, [38, 35, 37, 34]]
        ],
        [
            [4, [42, 41, 40, 39]]
        ],
        [
            [8, [50, 47, 46, 44]]
        ]
    ]
]",,,1571.3895755299377,0,9,4.222222222222222,,,,,results/sol_best_C201_3.dat_A4_L120_pid2721.txt,(not found),C201_3.dat_A4_L120_r2.log
69,test_data/data_demand_random_50_batch_all1_equal_random/C201_3.dat,4.0,120.0,3,1075.08,"[
    [
        [
            [0, [1, 5, 4]],
            [16, []],
            [30, []],
            [35, []],
            [39, [13, 14]],
            [37, [9, 12, 11, 10, 8]],
            [50, []],
            [34, [16]],
            [23, [25, 26, 23, 24, 21]],
            [13, [13]],
            [14, [14]],
            [25, []],
            [26, []],
            [29, [29, 30]],
            [47, []],
            [46, [31, 28, 27]],
            [1, []],
            [5, []],
            [44, [36, 38]],
            [24, []],
            [4, [42, 41, 40]],
            [36, []],
            [31, []],
            [27, []],
            [28, []],
            [43, []],
            [8, [50, 47, 46, 44, 39]],
            [48, []],
            [45, []],
            [40, []]
        ],
        [
            [0, [6, 2, 7, 3, 33, 19, 15, 18, 22, 32, 20, 17]],
            [21, []],
            [6, []],
            [2, []],
            [7, []],
            [3, []],
            [41, []],
            [33, []],
            [49, []],
            [19, []],
            [15, []],
            [18, []],
            [38, []],
            [42, [35, 37, 34]],
            [11, []],
            [10, []],
            [22, []],
            [9, []],
            [32, []],
            [12, [43, 49, 48, 45]],
            [20, []],
            [17, []]
        ]
    ],
    [
        [
            [39, [13, 14]]
        ],
        [
            [37, [9, 12, 11, 10, 8]]
        ],
        [
            [34, [16]]
        ],
        [
            [23, [25, 26]]
        ],
        [
            [23, [23, 24, 21]]
        ],
        [
            [29, [29, 30]]
        ],
        [
            [46, [31, 28, 27]]
        ],
        [
            [44, [36, 38]]
        ],
        [
            [4, [42, 41, 40]]
        ],
        [
            [42, [35, 37, 34]]
        ],
        [
            [8, [50, 47, 46, 44, 39]]
        ],
        [
            [12, [43, 49, 48, 45]]
        ]
    ]
]",,,1435.6192550420253,0,12,2.9166666666666665,,,,,results/sol_best_C201_3.dat_A4_L120_pid2722.txt,(not found),C201_3.dat_A4_L120_r3.log
70,test_data/data_demand_random_50_batch_all1_equal_random/C201_3.dat,8.0,60.0,1,1029.12,"[
    [
        [
            [0, [1, 4]],
            [44, []],
            [25, []],
            [47, []],
            [46, []],
            [29, []],
            [26, []],
            [35, []],
            [30, [12, 11, 10, 9]],
            [20, [20, 26]],
            [50, []],
            [12, []],
            [11, []],
            [10, []],
            [9, []],
            [22, []],
            [37, []],
            [32, []],
            [34, [24, 21, 16, 22, 36, 38, 31, 28, 27]],
            [39, []],
            [1, []],
            [36, []],
            [24, []],
            [4, []],
            [21, []],
            [31, []],
            [48, []],
            [27, []],
            [49, []],
            [41, []],
            [16, []]
        ],
        [
            [0, [3, 6, 2, 7, 8, 19, 15, 18, 17, 13, 14, 5]],
            [38, []],
            [28, []],
            [43, []],
            [42, []],
            [45, []],
            [40, []],
            [23, [33, 32, 30, 29, 23, 25]],
            [33, []],
            [3, [35, 37, 34]],
            [6, []],
            [2, []],
            [7, []],
            [8, []],
            [19, []],
            [15, []],
            [18, []],
            [17, [47, 46, 44, 39]],
            [13, []],
            [14, []],
            [5, [43, 49, 48, 50, 45, 42, 41, 40]]
        ]
    ],
    [
        [
            [30, [12, 11, 10, 9]]
        ],
        [
            [20, [20, 26]]
        ],
        [
            [34, [24, 21, 16, 22]]
        ],
        [
            [23, [33, 32, 30, 29, 23, 25]]
        ],
        [
            [34, [36, 38, 31, 28, 27]]
        ],
        [
            [3, [35, 37, 34]]
        ],
        [
            [17, [47, 46, 44, 39]]
        ],
        [
            [5, [43, 49, 48, 50, 45, 42, 41, 40]]
        ]
    ]
]",,,1320.5928838551772,0,8,4.5,,,,,results/sol_best_C201_3.dat_A8_L60_pid2744.txt,(not found),C201_3.dat_A8_L60_r1.log
70,test_data/data_demand_random_50_batch_all1_equal_random/C201_3.dat,8.0,60.0,2,992.12,"[
    [
        [
            [0, [4, 3]],
            [39, []],
            [47, []],
            [46, []],
            [29, []],
            [35, [12, 11, 10, 9, 7]],
            [12, []],
            [11, []],
            [10, []],
            [9, []],
            [37, []],
            [34, [16, 17]],
            [24, []],
            [4, []],
            [45, []],
            [23, []],
            [33, []],
            [3, [30, 29]],
            [31, []],
            [7, [38, 35, 37, 34, 36]],
            [36, []],
            [48, []],
            [27, []],
            [49, []],
            [41, []],
            [32, []],
            [20, []],
            [17, [47, 46, 44, 39]]
        ],
        [
            [0, [6, 2, 8, 1, 13, 14, 5]],
            [40, []],
            [28, []],
            [43, []],
            [16, []],
            [6, []],
            [44, []],
            [2, []],
            [21, [25, 26, 20, 22, 19, 15, 18]],
            [8, []],
            [19, []],
            [15, []],
            [18, []],
            [38, []],
            [50, []],
            [22, []],
            [1, [33, 31, 28, 27, 24, 23, 21, 32]],
            [42, []],
            [30, []],
            [25, []],
            [26, []],
            [13, []],
            [14, []],
            [5, [43, 49, 48, 50, 45, 42, 41, 40]]
        ]
    ],
    [
        [
            [21, [25, 26, 20, 22, 19, 15, 18]]
        ],
        [
            [35, [12, 11, 10, 9, 7]]
        ],
        [
            [34, [16, 17]]
        ],
        [
            [3, [30, 29]]
        ],
        [
            [7, [38, 35, 37, 34, 36]]
        ],
        [
            [17, [47, 46, 44, 39]]
        ],
        [
            [1, [33, 31, 28, 27, 24, 23, 21, 32]]
        ],
        [
            [5, [43, 49, 48, 50, 45, 42, 41, 40]]
        ]
    ]
]",,,1507.2300822346483,0,8,5.125,,,,,results/sol_best_C201_3.dat_A8_L60_pid2746.txt,(not found),C201_3.dat_A8_L60_r2.log
70,test_data/data_demand_random_50_batch_all1_equal_random/C201_3.dat,8.0,60.0,3,992.12,"[
    [
        [
            [0, [1]],
            [14, []],
            [39, []],
            [34, []],
            [29, []],
            [47, []],
            [46, [12, 11, 13, 9, 14, 10, 7]],
            [30, []],
            [12, []],
            [11, []],
            [50, []],
            [9, []],
            [32, []],
            [37, []],
            [22, []],
            [10, []],
            [35, []],
            [26, [26, 17]],
            [1, [22]],
            [23, []],
            [48, []],
            [7, [7]],
            [31, []],
            [21, []],
            [24, [36, 38, 33, 31, 28, 27]],
            [36, []],
            [41, []],
            [43, []],
            [28, []],
            [27, []],
            [49, []],
            [38, []],
            [42, []],
            [45, []],
            [20, []],
            [17, [47, 46, 44, 39]],
            [13, []],
            [40, []]
        ],
        [
            [0, [6, 2, 4, 3, 8, 19, 15, 18, 25, 5]],
            [16, []],
            [44, []],
            [6, []],
            [2, []],
            [4, [32, 30, 29, 23, 21, 24, 16, 20]],
            [3, [35, 37, 34]],
            [33, []],
            [8, []],
            [19, []],
            [15, []],
            [18, []],
            [25, []],
            [5, [43, 49, 48, 50, 45, 41, 42, 40]]
        ]
    ],
    [
        [
            [46, [12, 11, 13, 9, 14, 10, 7]]
        ],
        [
            [26, [26, 17]]
        ],
        [
            [1, [22]]
        ],
        [
            [24, [36, 38, 33, 31, 28, 27]]
        ],
        [
            [4, [32, 30, 29]]
        ],
        [
            [4, [23, 21, 24, 16, 20]]
        ],
        [
            [3, [35, 37, 34]]
        ],
        [
            [17, [47, 46, 44, 39]]
        ],
        [
            [5, [43, 49, 48, 50, 45, 41, 42, 40]]
        ]
    ]
]",,,1347.920304243196,0,9,4.333333333333333,,,,,results/sol_best_C201_3.dat_A8_L60_pid2747.txt,(not found),C201_3.dat_A8_L60_r3.log
71,test_data/data_demand_random_50_batch_all1_equal_random/C201_3.dat,8.0,90.0,1,1110.81,"[
    [
        [
            [0, [1, 5]],
            [19, []],
            [31, [10, 11, 13, 14, 12, 9]],
            [16, []],
            [26, []],
            [10, [19, 15, 17]],
            [11, []],
            [35, []],
            [39, []],
            [1, [18, 16]],
            [13, []],
            [14, []],
            [24, []],
            [44, [33, 31, 28, 27, 32]],
            [48, []],
            [15, []],
            [18, []],
            [5, []],
            [25, []],
            [47, []],
            [34, []],
            [12, []],
            [50, [50, 43, 49, 48, 45, 36]],
            [32, []],
            [9, []],
            [22, []],
            [37, []],
            [23, []],
            [40, []]
        ],
        [
            [0, [3, 6, 2, 4]],
            [29, []],
            [30, [7, 8]],
            [46, []],
            [41, []],
            [17, []],
            [27, []],
            [49, []],
            [28, []],
            [43, []],
            [21, [30, 29]],
            [36, []],
            [38, [38, 35, 37, 34]],
            [42, []],
            [3, []],
            [6, []],
            [2, []],
            [7, [7]],
            [4, [42, 41, 40, 39]],
            [8, [47, 46, 44]],
            [33, []],
            [45, []],
            [20, [20, 24, 23, 21, 22, 25, 26]]
        ]
    ],
    [
        [
            [30, [7, 8]]
        ],
        [
            [31, [10, 11, 13, 14, 12, 9]]
        ],
        [
            [10, [19, 15, 17]]
        ],
        [
            [1, [18, 16]]
        ],
        [
            [44, [33, 31, 28, 27, 32]]
        ],
        [
            [21, [30, 29]]
        ],
        [
            [50, [50, 43, 49, 48, 45, 36]]
        ],
        [
            [38, [38, 35, 37, 34]]
        ],
        [
            [4, [42, 41, 40, 39]]
        ],
        [
            [8, [47, 46, 44]]
        ],
        [
            [20, [20, 24, 23, 21, 22, 25, 26]]
        ]
    ]
]",,,1557.517584471671,0,11,4.0,,,,,results/sol_best_C201_3.dat_A8_L90_pid2741.txt,(not found),C201_3.dat_A8_L90_r1.log
71,test_data/data_demand_random_50_batch_all1_equal_random/C201_3.dat,8.0,90.0,2,1086.05,"[
    [
        [
            [0, [1, 5, 4, 3]],
            [14, []],
            [42, []],
            [1, [9, 14, 12, 11, 10, 8]],
            [39, []],
            [47, []],
            [34, []],
            [9, [16, 19, 15, 18]],
            [18, []],
            [38, []],
            [20, [20, 23, 24, 21, 26]],
            [12, []],
            [11, []],
            [10, []],
            [26, [26]],
            [29, [29, 33]],
            [46, []],
            [5, []],
            [24, []],
            [4, []],
            [3, []],
            [31, []],
            [21, []],
            [36, []],
            [28, []],
            [19, []],
            [15, []],
            [33, []],
            [49, []],
            [43, []],
            [8, [47, 46, 44, 39]],
            [48, []],
            [27, []],
            [41, []],
            [45, []]
        ],
        [
            [0, [6, 2, 7, 17, 13, 22, 32, 30, 25]],
            [40, []],
            [16, []],
            [44, [31, 28, 27]],
            [6, [37, 35, 34]],
            [2, []],
            [7, []],
            [23, [36, 38]],
            [17, []],
            [13, []],
            [35, []],
            [37, []],
            [22, []],
            [32, []],
            [50, [50, 43, 49, 48, 45, 42, 41, 40]],
            [30, []],
            [25, []]
        ]
    ],
    [
        [
            [1, [9, 14, 12, 11, 10, 8]]
        ],
        [
            [9, [16, 19, 15, 18]]
        ],
        [
            [20, [20, 23, 24, 21, 26]]
        ],
        [
            [29, [29, 33]]
        ],
        [
            [44, [31, 28, 27]]
        ],
        [
            [8, [47, 46, 44, 39]]
        ],
        [
            [6, [37, 35, 34]]
        ],
        [
            [23, [36, 38]]
        ],
        [
            [50, [50, 43, 49, 48, 45, 42, 41, 40]]
        ]
    ]
]",,,1324.8172510245993,0,9,4.111111111111111,,,,,results/sol_best_C201_3.dat_A8_L90_pid2743.txt,(not found),C201_3.dat_A8_L90_r2.log
71,test_data/data_demand_random_50_batch_all1_equal_random/C201_3.dat,8.0,90.0,3,1252.08,"[
    [
        [
            [0, [1, 12, 9, 10, 11, 4, 24, 31, 33, 15, 27, 28, 23, 16]],
            [1, []],
            [50, []],
            [12, []],
            [9, []],
            [37, [37, 34, 36, 38]],
            [34, []],
            [10, [42, 41, 40]],
            [11, []],
            [35, []],
            [4, []],
            [24, []],
            [31, []],
            [48, []],
            [33, []],
            [15, [32, 30, 29]],
            [27, []],
            [28, []],
            [43, []],
            [49, []],
            [41, []],
            [45, []],
            [23, []],
            [40, []],
            [16, []]
        ],
        [
            [0, [6, 2, 7, 3, 19, 17, 13, 8, 18, 14, 5]],
            [36, [21, 25, 26, 22, 20]],
            [6, []],
            [44, []],
            [2, []],
            [7, []],
            [21, [21]],
            [3, []],
            [19, []],
            [17, []],
            [13, []],
            [25, [25]],
            [26, [26]],
            [22, [22]],
            [32, []],
            [30, []],
            [42, []],
            [38, []],
            [8, [47, 46, 44, 39, 35]],
            [18, []],
            [20, [20]],
            [14, []],
            [5, [43, 49, 48, 50, 45]],
            [39, []],
            [47, []],
            [29, []],
            [46, []]
        ]
    ],
    [
        [
            [36, [21, 25, 26, 22, 20]]
        ],
        [
            [37, [37, 34, 36, 38]]
        ],
        [
            [10, [42, 41, 40]]
        ],
        [
            [15, [32, 30, 29]]
        ],
        [
            [8, [47, 46, 44, 39, 35]]
        ],
        [
            [5, [43, 49, 48, 50, 45]]
        ]
    ]
]",,,1277.5889604777337,0,6,4.166666666666667,,,,,results/sol_best_C201_3.dat_A8_L90_pid2744.txt,(not found),C201_3.dat_A8_L90_r3.log
72,test_data/data_demand_random_50_batch_all1_equal_random/C201_3.dat,8.0,120.0,1,1086.05,"[
    [
        [
            [0, [1, 5, 3, 4]],
            [40, []],
            [31, []],
            [16, []],
            [1, []],
            [39, []],
            [34, [14, 12, 11, 10, 9]],
            [47, []],
            [29, []],
            [46, []],
            [5, []],
            [19, [19, 16, 15, 18]],
            [15, []],
            [18, []],
            [20, [20, 22, 24, 21, 25, 26]],
            [14, []],
            [9, []],
            [37, []],
            [22, [32, 31, 27, 28, 30]],
            [32, []],
            [3, [37, 34]],
            [21, []],
            [44, [36, 38, 35]],
            [4, [42, 41, 40]],
            [30, []],
            [50, [50, 43, 49, 48, 45]],
            [12, []],
            [11, []],
            [10, []],
            [35, []],
            [26, []],
            [25, []]
        ],
        [
            [0, [23, 6, 2, 7, 8, 17, 13]],
            [24, []],
            [45, []],
            [23, []],
            [33, [33, 29]],
            [36, []],
            [6, []],
            [2, []],
            [7, []],
            [27, []],
            [49, []],
            [38, []],
            [42, []],
            [28, []],
            [43, []],
            [8, [47, 46, 44, 39]],
            [48, []],
            [41, []],
            [17, []],
            [13, []]
        ]
    ],
    [
        [
            [33, [33, 29]]
        ],
        [
            [34, [14, 12, 11, 10, 9]]
        ],
        [
            [19, [19, 16, 15, 18]]
        ],
        [
            [20, [20, 22, 24, 21, 25, 26]]
        ],
        [
            [22, [32, 31, 27, 28, 30]]
        ],
        [
            [3, [37, 34]]
        ],
        [
            [44, [36, 38, 35]]
        ],
        [
            [4, [42, 41, 40]]
        ],
        [
            [50, [50, 43, 49, 48, 45]]
        ],
        [
            [8, [47, 46, 44, 39]]
        ]
    ]
]",,,1505.6698452626201,0,10,3.9,,,,,results/sol_best_C201_3.dat_A8_L120_pid2690.txt,(not found),C201_3.dat_A8_L120_r1.log
72,test_data/data_demand_random_50_batch_all1_equal_random/C201_3.dat,8.0,120.0,2,1455.31,"[
    [
        [
            [0, [2, 7, 24, 4, 5, 1, 23, 3, 31, 21, 36, 8, 27, 33, 38, 12, 11, 16]],
            [2, []],
            [7, [35, 37, 34]],
            [24, []],
            [4, [41, 42, 40]],
            [5, []],
            [1, []],
            [23, []],
            [3, []],
            [31, []],
            [21, []],
            [36, []],
            [8, [47, 46, 44, 39]],
            [27, []],
            [33, []],
            [43, []],
            [49, []],
            [48, []],
            [38, []],
            [42, []],
            [50, []],
            [12, [43, 49, 48, 50, 45]],
            [11, []],
            [45, []],
            [40, []],
            [16, []]
        ],
        [
            [0, [6, 19, 15, 18, 17, 13, 10, 9, 14]],
            [41, []],
            [6, [25, 26, 22, 20]],
            [28, [28, 32, 30, 29]],
            [19, []],
            [15, []],
            [18, []],
            [17, []],
            [13, []],
            [25, [25]],
            [26, [26]],
            [10, []],
            [9, []],
            [22, [22]],
            [32, [32]],
            [30, [30]],
            [20, [20]],
            [14, []],
            [35, []],
            [37, []],
            [34, []],
            [39, []],
            [29, [29]],
            [47, []],
            [46, []],
            [44, []]
        ]
    ],
    [
        [
            [6, [25, 26, 22, 20]]
        ],
        [
            [28, [28, 32, 30, 29]]
        ],
        [
            [7, [35, 37, 34]]
        ],
        [
            [4, [41, 42, 40]]
        ],
        [
            [8, [47, 46, 44, 39]]
        ],
        [
            [12, [43, 49, 48, 50, 45]]
        ]
    ]
]",,,1047.7894564029227,0,6,3.8333333333333335,,,,,results/sol_best_C201_3.dat_A8_L120_pid2692.txt,(not found),C201_3.dat_A8_L120_r2.log
72,test_data/data_demand_random_50_batch_all1_equal_random/C201_3.dat,8.0,120.0,3,1312.08,"[
    [
        [
            [0, [23, 20, 14, 12, 11, 10, 9, 5, 6, 24, 4, 3, 21, 8]],
            [23, []],
            [20, []],
            [14, []],
            [12, [31, 28, 27]],
            [11, []],
            [10, []],
            [9, []],
            [5, []],
            [6, [35, 37, 34]],
            [24, []],
            [4, [42, 41, 40, 36, 38]],
            [3, []],
            [31, []],
            [21, []],
            [36, []],
            [8, [47, 46, 44, 39]],
            [38, []],
            [50, [50, 43, 49, 48, 45]],
            [42, []],
            [27, []],
            [48, []],
            [43, []],
            [49, []],
            [41, []],
            [45, []],
            [40, []]
        ],
        [
            [0, [1, 2, 7, 13]],
            [1, []],
            [16, [16, 19, 15, 18, 17]],
            [44, []],
            [2, [25, 26, 22]],
            [7, []],
            [28, []],
            [19, [19, 19]],
            [15, [15, 15]],
            [18, [18, 18]],
            [17, [17, 17]],
            [13, []],
            [25, [25, 25]],
            [26, [26, 26]],
            [30, []],
            [35, []],
            [37, []],
            [22, [22, 22]],
            [32, []],
            [34, []],
            [39, []],
            [29, []],
            [47, []],
            [46, []],
            [33, [33, 30, 32, 29]]
        ]
    ],
    [
        [
            [16, [16, 19, 15, 18, 17]]
        ],
        [
            [2, [25, 26, 22]]
        ],
        [
            [12, [31, 28, 27]]
        ],
        [
            [6, [35, 37, 34]]
        ],
        [
            [4, [42, 41, 40, 36, 38]]
        ],
        [
            [8, [47, 46, 44, 39]]
        ],
        [
            [50, [50, 43, 49, 48, 45]]
        ],
        [
            [33, [33, 30, 32, 29]]
        ]
    ]
]",,,1012.9068300456744,0,8,4.0,,,,,results/sol_best_C201_3.dat_A8_L120_pid2693.txt,(not found),C201_3.dat_A8_L120_r3.log
73,test_data/data_demand_random_50_batch_all1_equal_random/R101_0.5.dat,4.0,60.0,1,812.32,"[
    [
        [
            [0, [37, 34, 40, 26, 13, 3, 35, 27, 1, 38, 22, 6, 20, 28, 30, 39, 11, 14, 15, 18]],
            [37, [43, 44, 45, 46]],
            [34, []],
            [40, []],
            [26, []],
            [43, [43]],
            [13, []],
            [3, []],
            [35, []],
            [27, []],
            [1, [47]],
            [38, []],
            [22, []],
            [6, []],
            [44, [44]],
            [47, []],
            [20, []],
            [28, []],
            [45, [45]],
            [30, []],
            [39, []],
            [11, []],
            [14, []],
            [15, []],
            [46, [46]],
            [18, []]
        ],
        [
            [0, [4, 36, 10, 7, 25, 32, 8, 21, 17, 29, 2, 24, 5, 9, 16, 19, 33, 31, 23, 12]],
            [4, []],
            [36, []],
            [10, []],
            [7, [48, 49, 50]],
            [25, []],
            [32, []],
            [8, []],
            [48, []],
            [42, []],
            [21, []],
            [49, [42, 41]],
            [17, []],
            [29, []],
            [2, []],
            [24, []],
            [41, []],
            [5, []],
            [9, []],
            [16, []],
            [19, []],
            [33, []],
            [31, []],
            [50, []],
            [23, []],
            [12, []]
        ]
    ],
    [
        [
            [37, [43, 44, 45, 46]]
        ],
        [
            [1, [47]]
        ],
        [
            [7, [48, 49, 50]]
        ],
        [
            [49, [42, 41]]
        ]
    ]
]",,,334.65156151797515,0,4,2.5,,,,,results/sol_best_R101_0.5.dat_A4_L60_pid2749.txt,(not found),R101_0.5.dat_A4_L60_r1.log
73,test_data/data_demand_random_50_batch_all1_equal_random/R101_0.5.dat,4.0,60.0,2,807.18,"[
    [
        [
            [0, [18, 34, 40, 26, 13, 27, 3, 35, 38, 22, 6, 20, 28, 30, 39, 11, 14, 15, 1, 37]],
            [18, [43, 44, 45, 46]],
            [34, []],
            [40, []],
            [26, []],
            [43, []],
            [13, []],
            [27, []],
            [3, []],
            [35, []],
            [38, []],
            [22, []],
            [6, []],
            [44, []],
            [47, []],
            [20, []],
            [28, []],
            [45, []],
            [30, []],
            [39, []],
            [11, []],
            [14, []],
            [15, []],
            [1, [47]],
            [46, []],
            [37, []]
        ],
        [
            [0, [4, 10, 8, 7, 25, 21, 17, 2, 24, 5, 9, 16, 19, 23, 12]],
            [4, []],
            [36, [32, 29, 33, 31, 36]],
            [10, []],
            [8, []],
            [7, [48, 49, 50]],
            [25, []],
            [32, [32]],
            [48, []],
            [21, []],
            [42, []],
            [49, [42, 41]],
            [17, []],
            [29, [29]],
            [2, []],
            [24, []],
            [41, []],
            [5, []],
            [9, []],
            [16, []],
            [19, []],
            [33, [33]],
            [31, [31]],
            [50, []],
            [23, []],
            [12, []]
        ]
    ],
    [
        [
            [36, [32, 29, 33, 31]]
        ],
        [
            [36, [36]]
        ],
        [
            [18, [43, 44, 45, 46]]
        ],
        [
            [1, [47]]
        ],
        [
            [7, [48, 49, 50]]
        ],
        [
            [49, [42, 41]]
        ]
    ]
]",,,334.32085384375307,0,6,2.5,,,,,results/sol_best_R101_0.5.dat_A4_L60_pid2751.txt,(not found),R101_0.5.dat_A4_L60_r2.log
73,test_data/data_demand_random_50_batch_all1_equal_random/R101_0.5.dat,4.0,60.0,3,808.76,"[
    [
        [
            [0, [34, 18, 1, 27, 26, 13, 3, 35, 22, 6, 20, 28, 30, 11, 14, 15, 37]],
            [34, []],
            [18, [43, 44, 45, 46]],
            [1, [47, 40, 38, 39]],
            [27, []],
            [26, []],
            [43, []],
            [13, []],
            [3, []],
            [35, []],
            [38, []],
            [22, []],
            [6, []],
            [44, []],
            [47, []],
            [20, []],
            [28, []],
            [45, []],
            [30, []],
            [39, []],
            [11, []],
            [14, []],
            [15, []],
            [46, []],
            [37, []]
        ],
        [
            [0, [4, 10, 7, 25, 32, 8, 21, 17, 29, 2, 24, 5, 9, 16, 19, 33, 31, 23, 12]],
            [4, []],
            [36, [36]],
            [10, []],
            [40, []],
            [7, [48, 49, 50]],
            [25, []],
            [32, []],
            [8, []],
            [48, []],
            [21, []],
            [42, []],
            [49, [42, 41]],
            [17, []],
            [29, []],
            [2, []],
            [24, []],
            [41, []],
            [5, []],
            [9, []],
            [16, []],
            [19, []],
            [33, []],
            [31, []],
            [50, []],
            [23, []],
            [12, []]
        ]
    ],
    [
        [
            [36, [36]]
        ],
        [
            [18, [43, 44, 45, 46]]
        ],
        [
            [7, [48, 49, 50]]
        ],
        [
            [1, [47, 40, 38, 39]]
        ],
        [
            [49, [42, 41]]
        ]
    ]
]",,,294.7387153701581,0,5,2.8,,,,,results/sol_best_R101_0.5.dat_A4_L60_pid2752.txt,(not found),R101_0.5.dat_A4_L60_r3.log
74,test_data/data_demand_random_50_batch_all1_equal_random/R101_0.5.dat,4.0,90.0,1,808.76,"[
    [
        [
            [0, [4, 18, 1, 27, 26, 13, 3, 22, 6, 20, 28, 11, 14, 15]],
            [4, []],
            [34, [34, 37, 35, 30]],
            [37, [40, 38, 39, 43, 44, 45, 46]],
            [18, [47]],
            [1, []],
            [27, []],
            [26, []],
            [43, []],
            [13, []],
            [3, []],
            [35, [35]],
            [38, []],
            [22, []],
            [6, []],
            [44, []],
            [47, []],
            [20, []],
            [28, []],
            [45, []],
            [30, [30]],
            [39, []],
            [11, []],
            [14, []],
            [15, []],
            [46, []]
        ],
        [
            [0, [10, 7, 25, 32, 8, 21, 17, 29, 2, 24, 5, 9, 16, 19, 33, 31, 23, 12]],
            [36, [36]],
            [10, []],
            [40, []],
            [7, [48, 49, 50]],
            [25, []],
            [32, []],
            [8, [42, 41]],
            [48, []],
            [42, []],
            [21, []],
            [49, []],
            [17, []],
            [29, []],
            [2, []],
            [24, []],
            [41, []],
            [5, []],
            [9, []],
            [16, []],
            [19, []],
            [33, []],
            [31, []],
            [50, []],
            [23, []],
            [12, []]
        ]
    ],
    [
        [
            [36, [36]]
        ],
        [
            [34, [34, 37, 35, 30]]
        ],
        [
            [37, [40, 38, 39]]
        ],
        [
            [37, [43, 44, 45, 46]]
        ],
        [
            [7, [48, 49, 50]]
        ],
        [
            [18, [47]]
        ],
        [
            [8, [42, 41]]
        ]
    ]
]",,,244.26220781904922,0,7,2.5714285714285716,,,,,results/sol_best_R101_0.5.dat_A4_L90_pid2751.txt,(not found),R101_0.5.dat_A4_L90_r1.log
74,test_data/data_demand_random_50_batch_all1_equal_random/R101_0.5.dat,4.0,90.0,2,810.0,"[
    [
        [
            [0, [34, 18, 1, 27, 26, 13, 3, 35, 22, 6, 20, 28, 30, 11, 14, 15]],
            [34, [40, 42, 41]],
            [18, [43, 44, 45, 46]],
            [1, [38, 39]],
            [27, []],
            [40, [48, 49, 50, 47]],
            [26, []],
            [43, [43]],
            [13, []],
            [3, []],
            [35, []],
            [38, [38]],
            [22, []],
            [6, []],
            [44, [44]],
            [47, []],
            [20, []],
            [28, []],
            [45, [45]],
            [30, []],
            [39, [39]],
            [11, []],
            [14, []],
            [15, []],
            [46, [46]]
        ],
        [
            [0, [10, 7, 8, 21, 17, 2, 24, 5, 9, 16, 19, 23, 12, 4]],
            [10, [25, 32, 29, 33, 31]],
            [7, []],
            [25, [25]],
            [32, [32]],
            [8, []],
            [48, []],
            [21, []],
            [49, []],
            [42, []],
            [36, []],
            [17, []],
            [29, [29]],
            [2, []],
            [24, []],
            [41, []],
            [5, []],
            [9, []],
            [16, []],
            [19, []],
            [33, [33]],
            [31, [31]],
            [50, []],
            [23, []],
            [12, []],
            [4, []],
            [37, [37, 36]]
        ]
    ],
    [
        [
            [10, [25]]
        ],
        [
            [10, [32, 29, 33, 31]]
        ],
        [
            [34, [40, 42, 41]]
        ],
        [
            [18, [43, 44, 45, 46]]
        ],
        [
            [1, [38, 39]]
        ],
        [
            [40, [48, 49, 50, 47]]
        ],
        [
            [37, [37, 36]]
        ]
    ]
]",,,348.119208122444,0,7,2.857142857142857,,,,,results/sol_best_R101_0.5.dat_A4_L90_pid2753.txt,(not found),R101_0.5.dat_A4_L90_r2.log
74,test_data/data_demand_random_50_batch_all1_equal_random/R101_0.5.dat,4.0,90.0,3,799.97,"[
    [
        [
            [0, [4, 17, 10, 18, 1, 13, 3, 22, 6, 20, 14, 15]],
            [4, []],
            [17, [27, 26, 28]],
            [36, [36, 30]],
            [10, [38, 39, 37, 35]],
            [18, []],
            [1, []],
            [27, []],
            [26, []],
            [43, []],
            [13, []],
            [3, []],
            [35, []],
            [38, []],
            [22, []],
            [6, []],
            [44, []],
            [47, []],
            [20, []],
            [28, []],
            [45, []],
            [30, []],
            [39, []],
            [14, []],
            [15, []],
            [46, []],
            [37, [43, 44, 45, 46, 47]]
        ],
        [
            [0, [34, 40, 7, 25, 32, 8, 42, 21, 2, 24, 41, 5, 9, 16, 19, 29, 12, 33, 31, 23, 11]],
            [34, []],
            [40, [48, 49, 50]],
            [7, []],
            [25, []],
            [32, []],
            [8, []],
            [48, []],
            [42, []],
            [21, []],
            [49, []],
            [2, []],
            [24, []],
            [41, []],
            [5, []],
            [9, []],
            [16, []],
            [19, []],
            [29, []],
            [12, []],
            [33, []],
            [31, []],
            [50, []],
            [23, []],
            [11, []]
        ]
    ],
    [
        [
            [17, [27, 26, 28]]
        ],
        [
            [36, [36, 30]]
        ],
        [
            [10, [38, 39, 37, 35]]
        ],
        [
            [37, [43, 44, 45, 46, 47]]
        ],
        [
            [40, [48, 49, 50]]
        ]
    ]
]",879.0,"[
    [
        [
            [0, [10, 18, 1, 27, 26, 43, 13, 3, 35, 38, 22, 6, 44, 20, 28, 45, 30, 39, 11, 14, 15, 46, 37]],
            [10, [47]],
            [18, []],
            [1, []],
            [27, []],
            [26, []],
            [43, []],
            [13, []],
            [3, []],
            [35, []],
            [38, []],
            [22, []],
            [6, []],
            [44, []],
            [47, [47]],
            [20, []],
            [28, []],
            [45, []],
            [30, []],
            [39, []],
            [11, []],
            [14, []],
            [15, []],
            [46, []],
            [37, []]
        ],
        [
            [0, [4, 34, 7, 25, 32, 8, 21, 36, 17, 29, 2, 24, 5, 9, 16, 19, 33, 31, 23, 12]],
            [4, []],
            [34, [40, 42, 41]],
            [40, [48, 49, 50]],
            [7, []],
            [25, []],
            [32, []],
            [8, []],
            [48, [48]],
            [21, []],
            [49, [49]],
            [42, [42]],
            [36, []],
            [17, []],
            [29, []],
            [2, []],
            [24, []],
            [41, [41]],
            [5, []],
            [9, []],
            [16, []],
            [19, []],
            [33, []],
            [31, []],
            [50, [50]],
            [23, []],
            [12, []]
        ]
    ],
    [
        [
            [34, [40, 42, 41]],
            [40, [48, 49, 50]]
        ],
        [
            [10, [47]]
        ]
    ]
]",313.07031865042256,0,5,3.4,260.16562126173756,1,2,3.5,results/sol_best_R101_0.5.dat_A4_L90_pid2754.txt,results/sol_best_multi_R101_0.5.dat_A4_L90_pid2754.txt,R101_0.5.dat_A4_L90_r3.log
75,test_data/data_demand_random_50_batch_all1_equal_random/R101_0.5.dat,4.0,120.0,1,849.0,"[
    [
        [
            [0, [18, 1, 27, 26, 43, 13, 3, 35, 38, 22, 6, 44, 20, 28, 45, 30, 39, 12, 14, 15, 46]],
            [18, []],
            [1, []],
            [27, []],
            [40, [48, 49, 50]],
            [26, []],
            [43, []],
            [13, []],
            [3, []],
            [35, []],
            [38, []],
            [22, []],
            [6, []],
            [44, []],
            [47, []],
            [20, []],
            [28, []],
            [45, []],
            [30, []],
            [39, []],
            [12, []],
            [14, []],
            [15, []],
            [46, []]
        ],
        [
            [0, [4, 10, 7, 25, 32, 8, 21, 17, 29, 2, 24, 5, 9, 16, 19, 33, 31, 23, 11]],
            [4, []],
            [37, [37, 34, 36]],
            [34, [40, 42, 41]],
            [10, [47]],
            [7, []],
            [25, []],
            [32, []],
            [8, []],
            [48, []],
            [21, []],
            [49, []],
            [42, []],
            [36, []],
            [17, []],
            [29, []],
            [2, []],
            [24, []],
            [41, []],
            [5, []],
            [9, []],
            [16, []],
            [19, []],
            [33, []],
            [31, []],
            [50, []],
            [23, []],
            [11, []]
        ]
    ],
    [
        [
            [40, [48, 49, 50]]
        ],
        [
            [37, [37, 34, 36]]
        ],
        [
            [34, [40, 42, 41]]
        ],
        [
            [10, [47]]
        ]
    ]
]",,,300.66394946095295,0,4,2.5,,,,,results/sol_best_R101_0.5.dat_A4_L120_pid2743.txt,(not found),R101_0.5.dat_A4_L120_r1.log
75,test_data/data_demand_random_50_batch_all1_equal_random/R101_0.5.dat,4.0,120.0,2,808.76,"[
    [
        [
            [0, [4, 18, 1, 27, 26, 13, 3, 22, 6, 20, 28, 11, 14, 15]],
            [4, []],
            [34, [34, 37, 35, 30]],
            [37, [40, 38, 39, 43, 44, 45, 46]],
            [18, [47]],
            [1, []],
            [27, []],
            [26, []],
            [43, []],
            [13, []],
            [3, []],
            [35, [35]],
            [38, []],
            [22, []],
            [6, []],
            [44, []],
            [47, []],
            [20, []],
            [28, []],
            [45, []],
            [30, [30]],
            [39, []],
            [11, []],
            [14, []],
            [15, []],
            [46, []]
        ],
        [
            [0, [10, 7, 25, 32, 8, 21, 17, 29, 2, 24, 5, 9, 16, 19, 33, 31, 23, 12]],
            [36, [36]],
            [10, []],
            [40, []],
            [7, [48, 49, 50]],
            [25, []],
            [32, []],
            [8, [42, 41]],
            [48, []],
            [21, []],
            [42, []],
            [49, []],
            [17, []],
            [29, []],
            [2, []],
            [24, []],
            [41, []],
            [5, []],
            [9, []],
            [16, []],
            [19, []],
            [33, []],
            [31, []],
            [50, []],
            [23, []],
            [12, []]
        ]
    ],
    [
        [
            [36, [36]]
        ],
        [
            [34, [34, 37, 35, 30]]
        ],
        [
            [37, [40, 38, 39]]
        ],
        [
            [37, [43, 44, 45, 46]]
        ],
        [
            [7, [48, 49, 50]]
        ],
        [
            [18, [47]]
        ],
        [
            [8, [42, 41]]
        ]
    ]
]",,,244.26220781904922,0,7,2.5714285714285716,,,,,results/sol_best_R101_0.5.dat_A4_L120_pid2745.txt,(not found),R101_0.5.dat_A4_L120_r2.log
75,test_data/data_demand_random_50_batch_all1_equal_random/R101_0.5.dat,4.0,120.0,3,799.97,"[
    [
        [
            [0, [4, 17, 10, 18, 1, 13, 3, 22, 6, 20, 14, 15]],
            [4, []],
            [17, [27, 26, 28]],
            [36, [36, 30]],
            [10, [38, 39, 37, 35]],
            [18, []],
            [1, []],
            [27, []],
            [26, []],
            [43, []],
            [13, []],
            [3, []],
            [35, []],
            [38, []],
            [22, []],
            [6, []],
            [44, []],
            [47, []],
            [20, []],
            [28, []],
            [45, []],
            [30, []],
            [39, []],
            [14, []],
            [15, []],
            [46, []],
            [37, [43, 44, 45, 46, 47]]
        ],
        [
            [0, [34, 40, 7, 25, 32, 8, 21, 42, 2, 24, 41, 5, 9, 16, 19, 29, 12, 33, 31, 23, 11]],
            [34, []],
            [40, [48, 49, 50]],
            [7, []],
            [25, []],
            [32, []],
            [8, []],
            [48, []],
            [21, []],
            [42, []],
            [49, []],
            [2, []],
            [24, []],
            [41, []],
            [5, []],
            [9, []],
            [16, []],
            [19, []],
            [29, []],
            [12, []],
            [33, []],
            [31, []],
            [50, []],
            [23, []],
            [11, []]
        ]
    ],
    [
        [
            [17, [27, 26, 28]]
        ],
        [
            [36, [36, 30]]
        ],
        [
            [10, [38, 39, 37, 35]]
        ],
        [
            [37, [43, 44, 45, 46, 47]]
        ],
        [
            [40, [48, 49, 50]]
        ]
    ]
]",879.0,"[
    [
        [
            [0, [10, 18, 1, 27, 26, 43, 13, 3, 35, 38, 22, 6, 44, 20, 28, 45, 30, 39, 11, 14, 15, 46, 37]],
            [10, [47]],
            [18, []],
            [1, []],
            [27, []],
            [26, []],
            [43, []],
            [13, []],
            [3, []],
            [35, []],
            [38, []],
            [22, []],
            [6, []],
            [44, []],
            [47, [47]],
            [20, []],
            [28, []],
            [45, []],
            [30, []],
            [39, []],
            [11, []],
            [14, []],
            [15, []],
            [46, []],
            [37, []]
        ],
        [
            [0, [4, 34, 7, 25, 32, 8, 21, 36, 17, 29, 2, 24, 5, 9, 16, 19, 33, 31, 23, 12]],
            [4, []],
            [34, [40, 42, 41]],
            [40, [48, 49, 50]],
            [7, []],
            [25, []],
            [32, []],
            [8, []],
            [48, [48]],
            [21, []],
            [49, [49]],
            [42, [42]],
            [36, []],
            [17, []],
            [29, []],
            [2, []],
            [24, []],
            [41, [41]],
            [5, []],
            [9, []],
            [16, []],
            [19, []],
            [33, []],
            [31, []],
            [50, [50]],
            [23, []],
            [12, []]
        ]
    ],
    [
        [
            [34, [40, 42, 41]],
            [40, [48, 49, 50]]
        ],
        [
            [10, [47]]
        ]
    ]
]",313.07031865042256,0,5,3.4,260.16562126173756,1,2,3.5,results/sol_best_R101_0.5.dat_A4_L120_pid2746.txt,results/sol_best_multi_R101_0.5.dat_A4_L120_pid2746.txt,R101_0.5.dat_A4_L120_r3.log
76,test_data/data_demand_random_50_batch_all1_equal_random/R101_0.5.dat,8.0,60.0,1,803.76,"[
    [
        [
            [0, [37, 18, 1, 27, 26, 13, 3, 35, 22, 6, 20, 28, 30, 11, 14, 15]],
            [37, []],
            [34, [34, 36, 40, 38, 39]],
            [18, [47, 43, 44, 45, 46]],
            [1, []],
            [27, []],
            [26, []],
            [43, []],
            [13, []],
            [3, []],
            [35, []],
            [38, []],
            [22, []],
            [6, []],
            [44, []],
            [47, []],
            [20, []],
            [28, []],
            [45, []],
            [30, []],
            [39, []],
            [11, []],
            [14, []],
            [15, []],
            [46, []]
        ],
        [
            [0, [4, 10, 7, 8, 21, 17, 2, 24, 5, 9, 16, 19, 23, 12]],
            [4, []],
            [10, [32, 29, 33, 31, 25]],
            [36, []],
            [40, []],
            [7, [48, 49, 50, 42, 41]],
            [25, [25]],
            [32, [32]],
            [8, []],
            [48, []],
            [21, []],
            [42, []],
            [49, []],
            [17, []],
            [29, [29]],
            [2, []],
            [24, []],
            [41, []],
            [5, []],
            [9, []],
            [16, []],
            [19, []],
            [33, [33]],
            [31, [31]],
            [50, []],
            [23, []],
            [12, []]
        ]
    ],
    [
        [
            [10, [32, 29, 33, 31, 25]]
        ],
        [
            [34, [34, 36, 40, 38, 39]]
        ],
        [
            [18, [47, 43, 44, 45, 46]]
        ],
        [
            [7, [48, 49, 50, 42, 41]]
        ]
    ]
]",,,249.477434860564,0,4,5.0,,,,,results/sol_best_R101_0.5.dat_A8_L60_pid2662.txt,(not found),R101_0.5.dat_A8_L60_r1.log
76,test_data/data_demand_random_50_batch_all1_equal_random/R101_0.5.dat,8.0,60.0,2,813.03,"[
    [
        [
            [0, [15, 1, 13, 7, 10, 3, 22, 6, 20, 11, 14]],
            [15, []],
            [1, [35, 37, 30, 27, 26, 28]],
            [27, [27]],
            [13, []],
            [43, []],
            [26, [26]],
            [40, [48, 49, 50, 40, 42, 41]],
            [7, []],
            [10, [47, 43, 44, 45, 46, 38, 39]],
            [34, [34, 36, 32, 29, 33, 31]],
            [3, []],
            [35, []],
            [38, []],
            [22, []],
            [6, []],
            [44, []],
            [47, []],
            [20, []],
            [28, [28]],
            [45, []],
            [30, []],
            [39, []],
            [11, []],
            [14, []],
            [46, []],
            [37, []]
        ],
        [
            [0, [4, 18, 8, 17, 2, 5, 9, 16, 19, 12]],
            [4, []],
            [18, [25, 21, 24, 23]],
            [25, [25]],
            [32, []],
            [8, []],
            [48, []],
            [21, [21]],
            [49, []],
            [42, []],
            [36, []],
            [17, []],
            [29, []],
            [2, []],
            [24, [24]],
            [41, []],
            [5, []],
            [9, []],
            [16, []],
            [19, []],
            [33, []],
            [31, []],
            [50, []],
            [23, [23]],
            [12, []]
        ]
    ],
    [
        [
            [18, [25, 21, 24, 23]]
        ],
        [
            [1, [35, 37, 30, 27, 26, 28]]
        ],
        [
            [40, [48, 49, 50, 40, 42, 41]]
        ],
        [
            [10, [47, 43, 44, 45, 46, 38, 39]]
        ],
        [
            [34, [34, 36, 32, 29, 33, 31]]
        ]
    ]
]",,,285.9078677576588,0,5,5.8,,,,,results/sol_best_R101_0.5.dat_A8_L60_pid2664.txt,(not found),R101_0.5.dat_A8_L60_r2.log
76,test_data/data_demand_random_50_batch_all1_equal_random/R101_0.5.dat,8.0,60.0,3,787.76,"[
    [
        [
            [0, [18, 34, 26, 13, 27, 3, 35, 22, 6, 20, 28, 30, 11, 14, 15, 1, 37]],
            [18, [40, 38, 39]],
            [34, []],
            [26, []],
            [43, []],
            [13, []],
            [27, []],
            [3, []],
            [35, []],
            [38, []],
            [22, []],
            [6, []],
            [44, []],
            [47, []],
            [20, []],
            [28, []],
            [45, []],
            [30, []],
            [39, []],
            [11, []],
            [14, []],
            [15, []],
            [1, [47, 43, 44, 45, 46]],
            [46, []],
            [37, []]
        ],
        [
            [0, [4, 10, 7, 25, 32, 8, 21, 17, 29, 19, 16, 24, 2, 5, 9, 33, 31, 23, 12]],
            [4, []],
            [36, [36]],
            [10, []],
            [40, []],
            [7, [48, 49, 50, 42, 41]],
            [25, []],
            [32, []],
            [8, []],
            [48, []],
            [21, []],
            [42, []],
            [49, []],
            [17, []],
            [29, []],
            [19, []],
            [16, []],
            [24, []],
            [2, []],
            [41, []],
            [5, []],
            [9, []],
            [33, []],
            [31, []],
            [50, []],
            [23, []],
            [12, []]
        ]
    ],
    [
        [
            [36, [36]]
        ],
        [
            [18, [40, 38, 39]]
        ],
        [
            [1, [47, 43, 44, 45, 46]]
        ],
        [
            [7, [48, 49, 50, 42, 41]]
        ]
    ]
]",,,361.79961982070665,0,4,3.5,,,,,results/sol_best_R101_0.5.dat_A8_L60_pid2665.txt,(not found),R101_0.5.dat_A8_L60_r3.log
77,test_data/data_demand_random_50_batch_all1_equal_random/R101_0.5.dat,8.0,90.0,1,795.36,"[
    [
        [
            [0, [17, 10, 18, 1, 27, 13, 3, 22, 6, 20, 28, 14, 15]],
            [17, [30]],
            [36, [34, 35, 37]],
            [10, [43, 44, 45, 46, 38, 39]],
            [34, []],
            [18, []],
            [1, []],
            [27, []],
            [43, []],
            [13, []],
            [3, []],
            [35, []],
            [38, []],
            [22, []],
            [6, []],
            [44, []],
            [47, [47]],
            [20, []],
            [28, []],
            [45, []],
            [30, []],
            [39, []],
            [14, []],
            [15, []],
            [46, []]
        ],
        [
            [0, [4, 26, 7, 8, 25, 21, 2, 24, 5, 9, 16, 19, 12, 23, 11]],
            [4, []],
            [37, [32, 29, 33, 31]],
            [26, []],
            [40, [48, 49, 50, 40, 42, 41, 36]],
            [7, []],
            [8, []],
            [25, []],
            [32, [32]],
            [48, []],
            [21, []],
            [42, []],
            [49, []],
            [2, []],
            [24, []],
            [41, []],
            [5, []],
            [9, []],
            [16, []],
            [19, []],
            [29, [29]],
            [12, []],
            [33, [33]],
            [31, [31]],
            [50, []],
            [23, []],
            [11, []]
        ]
    ],
    [
        [
            [37, [32, 29, 33, 31]]
        ],
        [
            [17, [30]]
        ],
        [
            [36, [34, 35, 37]]
        ],
        [
            [10, [43, 44, 45, 46, 38, 39]]
        ],
        [
            [40, [48, 49, 50, 40, 42, 41, 36]]
        ],
        [
            [47, [47]]
        ]
    ]
]",,,300.75460137223047,0,6,3.6666666666666665,,,,,results/sol_best_R101_0.5.dat_A8_L90_pid2764.txt,(not found),R101_0.5.dat_A8_L90_r1.log
77,test_data/data_demand_random_50_batch_all1_equal_random/R101_0.5.dat,8.0,90.0,2,785.03,"[
    [
        [
            [0, [18, 1, 27, 26, 13, 3, 22, 6, 20, 28, 30, 11, 14, 15]],
            [37, [37, 34, 35]],
            [34, [34]],
            [18, []],
            [1, [47, 43, 44, 45, 46, 40, 38, 39]],
            [27, []],
            [26, []],
            [43, []],
            [13, []],
            [3, []],
            [35, [35]],
            [38, []],
            [22, []],
            [6, []],
            [44, []],
            [47, []],
            [20, []],
            [28, []],
            [45, []],
            [30, []],
            [39, []],
            [11, []],
            [14, []],
            [15, []],
            [46, []]
        ],
        [
            [0, [4, 7, 8, 2, 5]],
            [4, []],
            [40, [10, 9, 12]],
            [36, [17, 19, 16]],
            [10, [32, 29, 33, 31, 25, 21, 24, 23]],
            [25, []],
            [7, [48, 49, 50, 42, 41, 36]],
            [8, []],
            [32, []],
            [48, []],
            [21, []],
            [42, []],
            [49, []],
            [17, []],
            [29, []],
            [2, []],
            [24, []],
            [41, []],
            [5, []],
            [9, [9]],
            [16, []],
            [19, []],
            [33, []],
            [31, []],
            [50, []],
            [23, []],
            [12, [12]]
        ]
    ],
    [
        [
            [40, [10, 9, 12]]
        ],
        [
            [36, [17, 19, 16]]
        ],
        [
            [10, [32, 29, 33, 31, 25, 21, 24, 23]]
        ],
        [
            [37, [37, 34, 35]]
        ],
        [
            [1, [47, 43, 44, 45, 46, 40, 38, 39]]
        ],
        [
            [7, [48, 49, 50, 42, 41, 36]]
        ]
    ]
]",,,273.6123228731899,0,6,5.166666666666667,,,,,results/sol_best_R101_0.5.dat_A8_L90_pid2766.txt,(not found),R101_0.5.dat_A8_L90_r2.log
77,test_data/data_demand_random_50_batch_all1_equal_random/R101_0.5.dat,8.0,90.0,3,798.23,"[
    [
        [
            [0, [4, 13, 3, 22, 6, 20, 11, 14, 15, 1, 18]],
            [4, []],
            [34, [26, 27, 28]],
            [37, [40, 38, 39, 37, 34, 35, 30]],
            [40, []],
            [26, []],
            [43, []],
            [13, []],
            [27, []],
            [3, []],
            [35, []],
            [38, []],
            [22, []],
            [6, []],
            [44, []],
            [47, []],
            [20, []],
            [28, []],
            [45, []],
            [30, []],
            [39, []],
            [11, []],
            [14, []],
            [15, []],
            [1, []],
            [46, []],
            [18, [47, 43, 44, 45, 46]]
        ],
        [
            [0, [10, 8, 7, 25, 21, 17, 2, 24, 5, 9, 16, 19, 23, 12]],
            [36, [36, 32, 29, 33, 31]],
            [10, []],
            [8, []],
            [7, [48, 49, 50, 42, 41]],
            [25, []],
            [32, [32]],
            [48, []],
            [21, []],
            [42, []],
            [49, []],
            [17, []],
            [29, [29]],
            [2, []],
            [24, []],
            [41, []],
            [5, []],
            [9, []],
            [16, []],
            [19, []],
            [33, [33]],
            [31, [31]],
            [50, []],
            [23, []],
            [12, []]
        ]
    ],
    [
        [
            [36, [36, 32, 29, 33, 31]]
        ],
        [
            [34, [26, 27, 28]]
        ],
        [
            [37, [40, 38, 39, 37, 34, 35, 30]]
        ],
        [
            [18, [47, 43, 44, 45, 46]]
        ],
        [
            [7, [48, 49, 50, 42, 41]]
        ]
    ]
]",,,303.29905564516866,0,5,5.0,,,,,results/sol_best_R101_0.5.dat_A8_L90_pid2767.txt,(not found),R101_0.5.dat_A8_L90_r3.log
78,test_data/data_demand_random_50_batch_all1_equal_random/R101_0.5.dat,8.0,120.0,1,831.32,"[
    [
        [
            [0, [18, 13, 3, 22, 6, 20, 28, 30, 11, 14, 15, 1, 27, 10]],
            [37, [37, 34, 35]],
            [18, [38, 39]],
            [34, []],
            [43, []],
            [13, []],
            [3, []],
            [35, []],
            [38, []],
            [22, []],
            [6, []],
            [44, []],
            [47, []],
            [20, []],
            [28, []],
            [45, []],
            [30, []],
            [39, []],
            [11, []],
            [14, []],
            [15, []],
            [46, []],
            [1, []],
            [27, []],
            [40, [48, 49, 50, 40, 42, 41, 36]],
            [10, [47, 43, 44, 45, 46]]
        ],
        [
            [0, [4, 7, 8, 21, 17, 2, 24, 5, 9, 16, 19, 23, 12]],
            [4, []],
            [26, [32, 29, 33, 31, 26, 25]],
            [7, []],
            [8, []],
            [25, [25]],
            [32, [32]],
            [48, []],
            [21, []],
            [49, []],
            [42, []],
            [36, []],
            [17, []],
            [29, [29]],
            [2, []],
            [24, []],
            [41, []],
            [5, []],
            [9, []],
            [16, []],
            [19, []],
            [33, [33]],
            [31, [31]],
            [50, []],
            [23, []],
            [12, []]
        ]
    ],
    [
        [
            [26, [32, 29, 33, 31, 26, 25]]
        ],
        [
            [37, [37, 34, 35]]
        ],
        [
            [18, [38, 39]]
        ],
        [
            [40, [48, 49, 50, 40, 42, 41, 36]]
        ],
        [
            [10, [47, 43, 44, 45, 46]]
        ]
    ]
]",,,437.7338011023327,0,5,4.6,,,,,results/sol_best_R101_0.5.dat_A8_L120_pid2743.txt,(not found),R101_0.5.dat_A8_L120_r1.log
78,test_data/data_demand_random_50_batch_all1_equal_random/R101_0.5.dat,8.0,120.0,2,766.0,"[
    [
        [
            [0, [37, 34, 18, 1, 27, 26, 13, 3, 35, 22, 6, 20, 28, 30, 14, 15]],
            [37, []],
            [34, []],
            [18, []],
            [1, [47, 43, 44, 45, 46, 40, 38, 39]],
            [27, []],
            [26, []],
            [43, []],
            [13, []],
            [3, []],
            [35, []],
            [38, []],
            [22, []],
            [6, []],
            [44, []],
            [47, []],
            [20, []],
            [28, []],
            [45, []],
            [30, []],
            [39, []],
            [14, []],
            [15, []],
            [46, []]
        ],
        [
            [0, [4, 7, 8, 2, 5]],
            [4, []],
            [17, [10, 9, 12, 11]],
            [36, [17, 19, 16]],
            [40, []],
            [10, [32, 29, 33, 31, 25, 21, 24, 23]],
            [25, []],
            [7, [48, 49, 50, 42, 41, 36]],
            [8, []],
            [32, []],
            [48, []],
            [42, []],
            [21, []],
            [49, []],
            [2, []],
            [24, []],
            [41, []],
            [5, []],
            [9, []],
            [16, []],
            [19, []],
            [29, []],
            [12, []],
            [33, []],
            [31, []],
            [50, []],
            [23, []],
            [11, []]
        ]
    ],
    [
        [
            [17, [10, 9, 12, 11]]
        ],
        [
            [36, [17, 19, 16]]
        ],
        [
            [1, [47, 43, 44, 45, 46, 40, 38, 39]]
        ],
        [
            [10, [32, 29, 33, 31, 25, 21, 24, 23]]
        ],
        [
            [7, [48, 49, 50, 42, 41, 36]]
        ]
    ]
]",,,295.0905902680755,0,5,5.8,,,,,results/sol_best_R101_0.5.dat_A8_L120_pid2745.txt,(not found),R101_0.5.dat_A8_L120_r2.log
78,test_data/data_demand_random_50_batch_all1_equal_random/R101_0.5.dat,8.0,120.0,3,785.32,"[
    [
        [
            [0, [4, 10, 26, 13, 27, 3, 22, 6, 20, 28, 12, 14, 15, 1, 18]],
            [4, []],
            [10, []],
            [40, []],
            [26, []],
            [43, []],
            [13, []],
            [27, []],
            [3, []],
            [35, []],
            [38, []],
            [22, []],
            [6, []],
            [44, []],
            [47, []],
            [20, []],
            [28, []],
            [45, []],
            [30, []],
            [39, []],
            [12, []],
            [14, []],
            [15, []],
            [1, []],
            [46, []],
            [18, [47, 43, 44, 45, 46]]
        ],
        [
            [0, [7, 25, 8, 21, 17, 2, 24, 5, 9, 16, 19, 23, 11]],
            [34, [32, 29, 33, 31, 30]],
            [37, [40, 38, 39, 37, 34, 35]],
            [36, []],
            [7, [48, 49, 50, 42, 41, 36]],
            [25, []],
            [32, []],
            [8, []],
            [48, []],
            [21, []],
            [42, []],
            [49, []],
            [17, []],
            [29, []],
            [2, []],
            [24, []],
            [41, []],
            [5, []],
            [9, []],
            [16, []],
            [19, []],
            [33, []],
            [31, []],
            [50, []],
            [23, []],
            [11, []]
        ]
    ],
    [
        [
            [18, [47, 43, 44, 45, 46]]
        ],
        [
            [34, [32, 29, 33, 31, 30]]
        ],
        [
            [37, [40, 38, 39, 37, 34, 35]]
        ],
        [
            [7, [48, 49, 50, 42, 41, 36]]
        ]
    ]
]",,,350.5659330035289,0,4,5.5,,,,,results/sol_best_R101_0.5.dat_A8_L120_pid2746.txt,(not found),R101_0.5.dat_A8_L120_r3.log
79,test_data/data_demand_random_50_batch_all1_equal_random/R101_1.5.dat,4.0,60.0,1,1108.15,"[
    [
        [
            [0, [5, 3]],
            [33, []],
            [8, [8, 10, 7, 11]],
            [5, [17, 14, 15, 13]],
            [3, []],
            [17, []],
            [47, [23, 19, 25, 30, 28]],
            [14, []],
            [23, []],
            [25, []],
            [10, []],
            [46, []],
            [31, []],
            [49, []],
            [19, []],
            [38, []],
            [15, []],
            [28, []],
            [13, []],
            [37, []],
            [7, []],
            [50, []],
            [44, []],
            [41, []],
            [40, []],
            [11, []]
        ],
        [
            [0, [2, 6, 9, 4, 1]],
            [2, []],
            [48, []],
            [32, [16, 12]],
            [30, []],
            [21, []],
            [29, [29, 27, 26, 24]],
            [27, []],
            [18, []],
            [36, []],
            [16, [16]],
            [39, []],
            [35, [21, 18, 22, 20]],
            [22, []],
            [12, [12]],
            [6, []],
            [26, []],
            [42, []],
            [24, []],
            [34, []],
            [9, []],
            [43, []],
            [45, []],
            [4, [48, 45, 47]],
            [20, [36, 34, 33, 39, 42, 43]],
            [1, [35, 32, 31, 37, 38, 41, 40, 46, 49, 50, 44]]
        ]
    ],
    [
        [
            [32, [16, 12]]
        ],
        [
            [8, [8, 10, 7, 11]]
        ],
        [
            [5, [17, 14, 15, 13]]
        ],
        [
            [47, [23, 19]]
        ],
        [
            [29, [29, 27, 26, 24]]
        ],
        [
            [47, [25, 30, 28]]
        ],
        [
            [35, [21, 18, 22, 20]]
        ],
        [
            [4, [48, 45, 47]]
        ],
        [
            [20, [36, 34, 33]]
        ],
        [
            [20, [39, 42, 43]]
        ],
        [
            [1, [35, 32, 31, 37]]
        ],
        [
            [1, [38, 41, 40]],
            [1, [46, 49, 50, 44]]
        ]
    ]
]",1108.15,"[
    [
        [
            [0, [5, 3]],
            [33, []],
            [8, [8, 10, 7, 11]],
            [5, [17, 14, 15, 13]],
            [3, []],
            [17, []],
            [47, [23, 19, 25, 30, 28]],
            [14, []],
            [23, []],
            [25, []],
            [10, []],
            [46, []],
            [31, []],
            [49, []],
            [19, []],
            [38, []],
            [15, []],
            [28, []],
            [13, []],
            [37, []],
            [7, []],
            [50, []],
            [44, []],
            [41, []],
            [40, []],
            [11, []]
        ],
        [
            [0, [2, 6, 9, 4, 1]],
            [2, []],
            [48, []],
            [32, [16, 12]],
            [30, []],
            [21, []],
            [29, [29, 27, 26, 24]],
            [27, []],
            [18, []],
            [36, []],
            [16, [16]],
            [39, []],
            [35, [21, 18, 22, 20]],
            [22, []],
            [12, [12]],
            [6, []],
            [26, []],
            [42, []],
            [24, []],
            [34, []],
            [9, []],
            [43, []],
            [45, []],
            [4, [48, 45, 47]],
            [20, [36, 34, 33, 39, 42, 43]],
            [1, [35, 32, 31, 37, 38, 41, 40, 46, 49, 50, 44]]
        ]
    ],
    [
        [
            [32, [16, 12]]
        ],
        [
            [8, [8, 10, 7, 11]]
        ],
        [
            [5, [17, 14, 15, 13]]
        ],
        [
            [47, [23, 19]]
        ],
        [
            [29, [29, 27, 26, 24]]
        ],
        [
            [47, [25, 30, 28]]
        ],
        [
            [35, [21, 18, 22, 20]]
        ],
        [
            [4, [48, 45, 47]]
        ],
        [
            [20, [36, 34, 33]]
        ],
        [
            [20, [39, 42, 43]]
        ],
        [
            [1, [35, 32, 31, 37]]
        ],
        [
            [1, [38, 41, 40]],
            [1, [46, 49, 50, 44]]
        ]
    ]
]",1005.8039964235016,1,12,3.5833333333333335,1005.8039964235016,1,12,3.5833333333333335,results/sol_best_R101_1.5.dat_A4_L60_pid2712.txt,results/sol_best_multi_R101_1.5.dat_A4_L60_pid2712.txt,R101_1.5.dat_A4_L60_r1.log
79,test_data/data_demand_random_50_batch_all1_equal_random/R101_1.5.dat,4.0,60.0,2,1068.15,"[
    [
        [
            [0, [5, 3]],
            [45, []],
            [40, [10, 7, 11]],
            [44, [17, 14, 15, 13]],
            [5, []],
            [3, []],
            [17, []],
            [23, [23, 20, 19, 25, 30, 28]],
            [14, []],
            [25, []],
            [10, []],
            [32, []],
            [20, [45, 44, 47]],
            [48, []],
            [46, []],
            [31, []],
            [49, []],
            [19, []],
            [38, []],
            [15, []],
            [28, []],
            [13, []],
            [37, []],
            [7, []],
            [50, []],
            [33, []],
            [41, []],
            [11, []]
        ],
        [
            [0, [2, 4, 6, 9, 8, 1]],
            [39, []],
            [29, [16, 12]],
            [16, [16]],
            [2, []],
            [21, []],
            [30, [29, 27, 26, 24]],
            [4, [21, 18, 22]],
            [35, [35, 36, 34]],
            [27, [39, 42, 43]],
            [18, []],
            [36, []],
            [22, []],
            [12, [12]],
            [6, []],
            [26, []],
            [42, []],
            [24, []],
            [34, []],
            [9, []],
            [8, []],
            [43, []],
            [1, [32, 31, 37, 33, 38, 41, 40, 48, 46, 49, 50]],
            [47, []]
        ]
    ],
    [
        [
            [29, [16, 12]]
        ],
        [
            [40, [10, 7, 11]]
        ],
        [
            [44, [17, 14, 15, 13]]
        ],
        [
            [23, [23, 20, 19]]
        ],
        [
            [23, [25, 30, 28]]
        ],
        [
            [30, [29, 27, 26, 24]]
        ],
        [
            [4, [21, 18, 22]]
        ],
        [
            [35, [35, 36, 34]]
        ],
        [
            [27, [39, 42, 43]]
        ],
        [
            [20, [45, 44, 47]]
        ],
        [
            [1, [32, 31, 37, 33]]
        ],
        [
            [1, [38, 41, 40]],
            [1, [48, 46, 49, 50]]
        ]
    ]
]",1068.15,"[
    [
        [
            [0, [5, 3]],
            [45, []],
            [40, [10, 7, 11]],
            [44, [17, 14, 15, 13]],
            [5, []],
            [3, []],
            [17, []],
            [23, [23, 20, 19, 25, 30, 28]],
            [14, []],
            [25, []],
            [10, []],
            [32, []],
            [20, [45, 44, 47]],
            [48, []],
            [46, []],
            [31, []],
            [49, []],
            [19, []],
            [38, []],
            [15, []],
            [28, []],
            [13, []],
            [37, []],
            [7, []],
            [50, []],
            [33, []],
            [41, []],
            [11, []]
        ],
        [
            [0, [2, 4, 6, 9, 8, 1]],
            [39, []],
            [29, [16, 12]],
            [16, [16]],
            [2, []],
            [21, []],
            [30, [29, 27, 26, 24]],
            [4, [21, 18, 22]],
            [35, [35, 36, 34]],
            [27, [39, 42, 43]],
            [18, []],
            [36, []],
            [22, []],
            [12, [12]],
            [6, []],
            [26, []],
            [42, []],
            [24, []],
            [34, []],
            [9, []],
            [8, []],
            [43, []],
            [1, [32, 31, 37, 33, 38, 41, 40, 48, 46, 49, 50]],
            [47, []]
        ]
    ],
    [
        [
            [29, [16, 12]]
        ],
        [
            [40, [10, 7, 11]]
        ],
        [
            [44, [17, 14, 15, 13]]
        ],
        [
            [23, [23, 20, 19]]
        ],
        [
            [23, [25, 30, 28]]
        ],
        [
            [30, [29, 27, 26, 24]]
        ],
        [
            [4, [21, 18, 22]]
        ],
        [
            [35, [35, 36, 34]]
        ],
        [
            [27, [39, 42, 43]]
        ],
        [
            [20, [45, 44, 47]]
        ],
        [
            [1, [32, 31, 37, 33]]
        ],
        [
            [1, [38, 41, 40]],
            [1, [48, 46, 49, 50]]
        ]
    ]
]",1097.6894635860356,1,12,3.5,1097.6894635860356,1,12,3.5,results/sol_best_R101_1.5.dat_A4_L60_pid2714.txt,results/sol_best_multi_R101_1.5.dat_A4_L60_pid2714.txt,R101_1.5.dat_A4_L60_r2.log
79,test_data/data_demand_random_50_batch_all1_equal_random/R101_1.5.dat,4.0,60.0,3,1174.0,"[
    [
        [
            [0, [30, 48, 46, 31, 49, 23, 19, 38, 15, 28, 13, 37, 50, 44, 25, 41, 40, 11]],
            [30, []],
            [48, []],
            [46, []],
            [31, []],
            [49, []],
            [23, []],
            [19, []],
            [38, []],
            [15, []],
            [28, []],
            [13, []],
            [37, []],
            [50, []],
            [44, []],
            [25, []],
            [41, []],
            [40, []],
            [11, []]
        ],
        [
            [0, [5, 1, 3, 2, 4]],
            [47, []],
            [45, []],
            [43, []],
            [10, [10, 6, 9, 8, 7]],
            [33, [17, 16, 12, 14]],
            [5, [21, 20, 18, 22]],
            [14, [14]],
            [1, []],
            [21, []],
            [3, []],
            [17, []],
            [2, []],
            [29, [36, 34, 33]],
            [35, [35, 32]],
            [4, [29, 27, 26, 24]],
            [32, []],
            [20, [39, 42, 43, 45, 47]],
            [39, []],
            [36, []],
            [16, []],
            [18, []],
            [27, []],
            [22, []],
            [12, []],
            [6, []],
            [26, []],
            [42, []],
            [24, []],
            [34, []],
            [9, []],
            [8, []],
            [7, []]
        ]
    ],
    [
        [
            [10, [10, 6, 9, 8, 7]]
        ],
        [
            [33, [17, 16, 12, 14]]
        ],
        [
            [5, [21, 20, 18, 22]]
        ],
        [
            [29, [36, 34, 33]]
        ],
        [
            [35, [35, 32]]
        ],
        [
            [4, [29, 27, 26, 24]]
        ],
        [
            [20, [39, 42, 43]],
            [20, [45, 47]]
        ]
    ]
]",1174.0,"[
    [
        [
            [0, [30, 48, 46, 31, 49, 23, 19, 38, 15, 28, 13, 37, 50, 44, 25, 41, 40, 11]],
            [30, []],
            [48, []],
            [46, []],
            [31, []],
            [49, []],
            [23, []],
            [19, []],
            [38, []],
            [15, []],
            [28, []],
            [13, []],
            [37, []],
            [50, []],
            [44, []],
            [25, []],
            [41, []],
            [40, []],
            [11, []]
        ],
        [
            [0, [5, 1, 3, 2, 4]],
            [47, []],
            [45, []],
            [43, []],
            [10, [10, 6, 9, 8, 7]],
            [33, [17, 16, 12, 14]],
            [5, [21, 20, 18, 22]],
            [14, [14]],
            [1, []],
            [21, []],
            [3, []],
            [17, []],
            [2, []],
            [29, [36, 34, 33]],
            [35, [35, 32]],
            [4, [29, 27, 26, 24]],
            [32, []],
            [20, [39, 42, 43, 45, 47]],
            [39, []],
            [36, []],
            [16, []],
            [18, []],
            [27, []],
            [22, []],
            [12, []],
            [6, []],
            [26, []],
            [42, []],
            [24, []],
            [34, []],
            [9, []],
            [8, []],
            [7, []]
        ]
    ],
    [
        [
            [10, [10, 6, 9, 8, 7]]
        ],
        [
            [33, [17, 16, 12, 14]]
        ],
        [
            [5, [21, 20, 18, 22]]
        ],
        [
            [29, [36, 34, 33]]
        ],
        [
            [35, [35, 32]]
        ],
        [
            [4, [29, 27, 26, 24]]
        ],
        [
            [20, [39, 42, 43]],
            [20, [45, 47]]
        ]
    ]
]",456.64976796562917,1,7,3.857142857142857,456.64976796562917,1,7,3.857142857142857,results/sol_best_R101_1.5.dat_A4_L60_pid2715.txt,results/sol_best_multi_R101_1.5.dat_A4_L60_pid2715.txt,R101_1.5.dat_A4_L60_r3.log
80,test_data/data_demand_random_50_batch_all1_equal_random/R101_1.5.dat,4.0,90.0,1,1265.18,"[
    [
        [
            [0, [1, 14, 8, 10, 5, 3, 15, 13, 7]],
            [1, []],
            [14, [23, 19]],
            [23, []],
            [8, [25, 30, 28, 27]],
            [43, []],
            [25, [35, 32, 31, 37]],
            [10, []],
            [5, [38, 41, 40]],
            [3, [46, 49, 50, 44]],
            [30, []],
            [46, []],
            [31, []],
            [49, []],
            [19, []],
            [38, []],
            [15, []],
            [28, []],
            [13, []],
            [37, []],
            [7, []],
            [50, []],
            [44, []],
            [41, []],
            [40, []],
            [27, [27]],
            [32, []],
            [47, []]
        ],
        [
            [0, [4, 16, 2, 17, 21, 20, 29, 18, 22, 12, 6, 26, 24, 9, 11]],
            [4, []],
            [16, [36, 34, 33]],
            [2, [39, 42, 43]],
            [17, []],
            [48, [48, 45, 47]],
            [21, []],
            [20, []],
            [29, []],
            [35, []],
            [18, []],
            [36, []],
            [39, []],
            [45, []],
            [22, []],
            [12, []],
            [6, []],
            [26, []],
            [42, []],
            [24, []],
            [34, []],
            [9, []],
            [33, []],
            [11, []]
        ]
    ],
    [
        [
            [16, [36, 34, 33]]
        ],
        [
            [14, [23, 19]]
        ],
        [
            [8, [25, 30, 28, 27]]
        ],
        [
            [25, [35, 32, 31, 37]]
        ],
        [
            [5, [38, 41, 40]]
        ],
        [
            [2, [39, 42, 43]]
        ],
        [
            [3, [46, 49, 50, 44]]
        ],
        [
            [48, [48, 45, 47]]
        ]
    ]
]",,,840.6903973559849,0,8,3.25,,,,,results/sol_best_R101_1.5.dat_A4_L90_pid2773.txt,(not found),R101_1.5.dat_A4_L90_r1.log
80,test_data/data_demand_random_50_batch_all1_equal_random/R101_1.5.dat,4.0,90.0,2,1102.41,"[
    [
        [
            [0, [5, 1, 3]],
            [15, []],
            [50, [10, 7, 6]],
            [47, []],
            [39, [14, 15, 13]],
            [45, [23, 19, 21]],
            [30, []],
            [5, [25, 30, 28, 26]],
            [23, []],
            [10, []],
            [1, [31, 37, 33]],
            [25, []],
            [44, [38, 41, 40]],
            [14, []],
            [46, []],
            [21, [45, 44, 47]],
            [3, [48, 46, 49, 50]],
            [31, []],
            [49, []],
            [19, []],
            [38, []],
            [28, []],
            [13, []],
            [37, []],
            [7, []],
            [33, []],
            [41, []],
            [40, []],
            [26, []],
            [6, []],
            [43, []]
        ],
        [
            [0, [4, 32, 29, 2, 17, 20, 35, 27, 18, 36, 16, 22, 12, 24, 34, 9, 8, 11]],
            [4, []],
            [32, []],
            [29, []],
            [2, [39, 42, 43]],
            [17, []],
            [48, []],
            [20, []],
            [35, []],
            [27, []],
            [18, []],
            [36, []],
            [16, []],
            [22, []],
            [12, []],
            [42, []],
            [24, []],
            [34, []],
            [9, []],
            [8, []],
            [11, []]
        ]
    ],
    [
        [
            [50, [10, 7, 6]]
        ],
        [
            [39, [14, 15, 13]]
        ],
        [
            [45, [23, 19, 21]]
        ],
        [
            [2, [39, 42, 43]]
        ],
        [
            [5, [25, 30, 28, 26]]
        ],
        [
            [1, [31, 37, 33]]
        ],
        [
            [44, [38, 41, 40]]
        ],
        [
            [21, [45, 44, 47]]
        ],
        [
            [3, [48, 46, 49, 50]]
        ]
    ]
]",,,983.8528204566418,0,9,3.2222222222222223,,,,,results/sol_best_R101_1.5.dat_A4_L90_pid2775.txt,(not found),R101_1.5.dat_A4_L90_r2.log
80,test_data/data_demand_random_50_batch_all1_equal_random/R101_1.5.dat,4.0,90.0,3,1132.18,"[
    [
        [
            [0, [5, 1, 10, 3, 14, 15, 13, 7, 8, 11]],
            [39, [23, 19]],
            [45, []],
            [43, [25, 30, 28]],
            [47, []],
            [44, [32, 31, 37, 33]],
            [5, []],
            [1, [38, 41, 40]],
            [10, []],
            [32, []],
            [30, []],
            [48, []],
            [46, []],
            [3, [48, 46, 49, 50]],
            [31, []],
            [14, []],
            [23, []],
            [49, []],
            [19, []],
            [38, []],
            [15, []],
            [28, []],
            [13, []],
            [37, []],
            [7, []],
            [8, []],
            [33, []],
            [41, []],
            [11, []]
        ],
        [
            [0, [6, 22, 4, 2, 17, 21, 20, 18, 16, 12, 9]],
            [25, []],
            [40, [27, 29, 26, 24]],
            [6, []],
            [22, []],
            [27, [27, 27]],
            [35, [35, 36, 34]],
            [4, []],
            [2, [39, 42, 43]],
            [17, []],
            [21, [45, 44, 47]],
            [20, []],
            [29, [29, 29]],
            [18, []],
            [36, []],
            [16, []],
            [12, []],
            [26, [26, 26]],
            [42, []],
            [24, [24, 24]],
            [34, []],
            [9, []],
            [50, []]
        ]
    ],
    [
        [
            [40, [27, 29, 26, 24]]
        ],
        [
            [39, [23, 19]]
        ],
        [
            [43, [25, 30, 28]]
        ],
        [
            [44, [32, 31, 37, 33]]
        ],
        [
            [35, [35, 36, 34]]
        ],
        [
            [1, [38, 41, 40]]
        ],
        [
            [2, [39, 42, 43]]
        ],
        [
            [3, [48, 46, 49, 50]]
        ],
        [
            [21, [45, 44, 47]]
        ]
    ]
]",,,907.2936200620234,0,9,3.2222222222222223,,,,,results/sol_best_R101_1.5.dat_A4_L90_pid2776.txt,(not found),R101_1.5.dat_A4_L90_r3.log
81,test_data/data_demand_random_50_batch_all1_equal_random/R101_1.5.dat,4.0,120.0,1,1143.0,"[
    [
        [
            [0, [44, 23, 46, 30, 48, 3, 31, 49, 19, 38, 15, 28, 13, 37, 50, 25]],
            [44, []],
            [23, []],
            [46, []],
            [30, []],
            [48, []],
            [21, [45, 47]],
            [3, []],
            [31, []],
            [49, []],
            [19, []],
            [38, []],
            [15, []],
            [28, []],
            [13, []],
            [37, []],
            [50, []],
            [25, []]
        ],
        [
            [0, [11, 1, 10, 5, 4, 2, 9, 8, 7, 6]],
            [11, []],
            [32, []],
            [14, [14, 16, 17, 12]],
            [1, []],
            [10, [20, 21, 18, 22]],
            [5, []],
            [47, [29, 27, 26, 24]],
            [4, []],
            [45, []],
            [27, []],
            [35, []],
            [20, []],
            [17, []],
            [2, [39, 42, 43, 40, 41, 33]],
            [29, []],
            [39, []],
            [18, []],
            [36, []],
            [16, [35, 32, 36, 34]],
            [22, []],
            [12, []],
            [26, []],
            [42, []],
            [24, []],
            [34, []],
            [9, []],
            [8, []],
            [7, []],
            [33, []],
            [41, []],
            [40, []],
            [6, []],
            [43, []]
        ]
    ],
    [
        [
            [21, [45, 47]]
        ],
        [
            [14, [14, 16, 17, 12]]
        ],
        [
            [10, [20, 21, 18, 22]]
        ],
        [
            [47, [29, 27, 26, 24]]
        ],
        [
            [2, [39, 42, 43, 40, 41, 33]]
        ],
        [
            [16, [35, 32, 36, 34]]
        ]
    ]
]",,,985.1203131477718,0,6,4.0,,,,,results/sol_best_R101_1.5.dat_A4_L120_pid2747.txt,(not found),R101_1.5.dat_A4_L120_r1.log
81,test_data/data_demand_random_50_batch_all1_equal_random/R101_1.5.dat,4.0,120.0,2,1038.89,"[
    [
        [
            [0, [5, 1, 3]],
            [30, []],
            [21, []],
            [17, [10, 7, 8, 11]],
            [39, [12, 14, 17, 15, 13]],
            [45, [23, 19, 21]],
            [12, []],
            [26, []],
            [43, []],
            [25, [32, 31, 37, 33]],
            [14, []],
            [23, [25, 30, 28]],
            [5, []],
            [10, []],
            [1, [38, 41, 40]],
            [46, []],
            [3, [46, 49, 50, 44]],
            [31, []],
            [49, []],
            [19, []],
            [38, []],
            [15, []],
            [28, []],
            [13, []],
            [37, []],
            [34, []],
            [8, []],
            [7, []],
            [33, []],
            [41, []],
            [11, []]
        ],
        [
            [0, [16, 18, 2, 20, 4, 22, 6, 9]],
            [50, []],
            [44, []],
            [47, [29, 27, 26, 24]],
            [32, []],
            [29, []],
            [16, []],
            [36, []],
            [18, []],
            [27, []],
            [35, []],
            [2, []],
            [20, []],
            [48, [48, 45, 47]],
            [4, [39, 42, 43]],
            [22, [35, 36, 34]],
            [6, []],
            [42, []],
            [24, []],
            [9, []],
            [40, []]
        ]
    ],
    [
        [
            [17, [10, 7, 8, 11]]
        ],
        [
            [39, [12]]
        ],
        [
            [39, [14, 17, 15, 13]]
        ],
        [
            [47, [29, 27, 26, 24]]
        ],
        [
            [45, [23, 19, 21]]
        ],
        [
            [25, [32, 31, 37, 33]]
        ],
        [
            [23, [25, 30, 28]]
        ],
        [
            [1, [38, 41, 40]]
        ],
        [
            [3, [46, 49, 50, 44]]
        ],
        [
            [48, [48, 45, 47]]
        ],
        [
            [4, [39, 42, 43]]
        ],
        [
            [22, [35, 36, 34]]
        ]
    ]
]",1148.47,"[
    [
        [
            [0, [5, 1, 3]],
            [17, [10, 7, 8, 11]],
            [39, [14, 17, 15, 13]],
            [45, [23, 19, 21]],
            [14, []],
            [23, [25, 30, 28]],
            [5, []],
            [25, [32, 31, 37, 33]],
            [10, []],
            [1, [38, 41, 40]],
            [30, []],
            [21, []],
            [46, []],
            [3, [46, 49, 50, 44]],
            [31, []],
            [49, []],
            [19, []],
            [38, []],
            [15, []],
            [28, []],
            [13, []],
            [37, []],
            [7, []],
            [50, []],
            [44, []],
            [33, []],
            [8, []],
            [41, []],
            [43, []],
            [11, []]
        ],
        [
            [0, [29, 16, 18, 27, 2, 20, 4, 22, 12, 6, 26, 24, 9]],
            [47, []],
            [32, []],
            [29, []],
            [16, []],
            [36, []],
            [18, []],
            [27, []],
            [35, []],
            [2, []],
            [20, []],
            [48, [48, 45, 47]],
            [4, [39, 42, 43]],
            [22, [35, 36, 34]],
            [12, []],
            [6, []],
            [26, []],
            [42, []],
            [24, []],
            [34, []],
            [9, []],
            [40, []]
        ]
    ],
    [
        [
            [17, [10, 7, 8, 11]]
        ],
        [
            [39, [14, 17, 15, 13]],
            [45, [23, 19, 21]]
        ],
        [
            [23, [25, 30, 28]]
        ],
        [
            [25, [32, 31, 37, 33]]
        ],
        [
            [1, [38, 41, 40]]
        ],
        [
            [3, [46, 49, 50, 44]]
        ],
        [
            [48, [48, 45, 47]]
        ],
        [
            [4, [39, 42, 43]]
        ],
        [
            [22, [35, 36, 34]]
        ]
    ]
]",1031.173393562429,0,12,3.25,1021.4404212730865,1,9,3.7777777777777777,results/sol_best_R101_1.5.dat_A4_L120_pid2749.txt,results/sol_best_multi_R101_1.5.dat_A4_L120_pid2749.txt,R101_1.5.dat_A4_L120_r2.log
81,test_data/data_demand_random_50_batch_all1_equal_random/R101_1.5.dat,4.0,120.0,3,1095.0,"[
    [
        [
            [0, [32, 48, 21, 46, 31, 49, 19, 38, 15, 28, 13, 37, 7, 50, 44, 25]],
            [47, []],
            [32, []],
            [48, []],
            [21, [45, 47]],
            [46, []],
            [31, []],
            [49, []],
            [19, []],
            [38, []],
            [15, []],
            [28, []],
            [13, []],
            [37, []],
            [7, []],
            [50, []],
            [44, []],
            [25, []]
        ],
        [
            [0, [1, 3, 5, 4, 2]],
            [41, []],
            [33, []],
            [10, [10, 6, 8, 9, 11]],
            [1, []],
            [3, []],
            [17, [17, 14, 16, 12]],
            [14, [23, 20, 18, 22]],
            [23, []],
            [5, [29, 27, 26, 24, 30]],
            [30, []],
            [20, []],
            [35, [35, 36, 34, 33]],
            [4, []],
            [29, []],
            [2, [39, 42, 43, 40, 41]],
            [39, []],
            [36, []],
            [16, []],
            [18, []],
            [22, []],
            [27, []],
            [45, []],
            [12, []],
            [26, []],
            [42, []],
            [24, []],
            [34, []],
            [8, []],
            [9, []],
            [40, []],
            [6, []],
            [43, []],
            [11, []]
        ]
    ],
    [
        [
            [21, [45, 47]]
        ],
        [
            [10, [10, 6, 8, 9, 11]]
        ],
        [
            [17, [17, 14, 16, 12]]
        ],
        [
            [14, [23, 20, 18, 22]]
        ],
        [
            [5, [29, 27, 26, 24, 30]]
        ],
        [
            [35, [35, 36, 34, 33]]
        ],
        [
            [2, [39, 42, 43, 40, 41]]
        ]
    ]
]",,,987.7589637816401,0,7,4.142857142857143,,,,,results/sol_best_R101_1.5.dat_A4_L120_pid2750.txt,(not found),R101_1.5.dat_A4_L120_r3.log
82,test_data/data_demand_random_50_batch_all1_equal_random/R101_1.5.dat,8.0,60.0,1,921.21,"[
    [
        [
            [0, [3]],
            [44, []],
            [6, []],
            [40, [10, 7, 11]],
            [25, [17, 14, 15, 13]],
            [3, []],
            [21, []],
            [48, []],
            [20, [29, 27, 26, 24, 19]],
            [30, []],
            [47, []],
            [32, []],
            [14, []],
            [31, []],
            [49, []],
            [19, []],
            [38, []],
            [15, []],
            [28, []],
            [13, []],
            [37, []],
            [7, []],
            [50, []],
            [33, []],
            [41, []],
            [11, []]
        ],
        [
            [0, [2, 4, 5, 1]],
            [35, []],
            [2, []],
            [17, []],
            [29, [6, 9, 8, 16, 12]],
            [27, []],
            [18, []],
            [39, []],
            [36, []],
            [16, []],
            [22, []],
            [12, []],
            [26, []],
            [42, []],
            [24, []],
            [34, []],
            [9, []],
            [8, []],
            [43, []],
            [45, [45]],
            [4, [21, 20, 18, 22, 23]],
            [46, [39, 42, 43, 36, 34, 33, 35]],
            [23, [38, 41, 40, 25, 30, 28]],
            [5, []],
            [10, []],
            [1, [32, 31, 37, 47, 48, 46, 49, 50, 44]]
        ]
    ],
    [
        [
            [40, [10, 7, 11]]
        ],
        [
            [29, [6, 9, 8]]
        ],
        [
            [29, [16, 12]]
        ],
        [
            [25, [17, 14, 15, 13]]
        ],
        [
            [20, [29, 27, 26, 24, 19]]
        ],
        [
            [45, [45]]
        ],
        [
            [4, [21, 20, 18, 22, 23]]
        ],
        [
            [46, [39, 42, 43, 36, 34, 33, 35]]
        ],
        [
            [23, [38, 41, 40, 25, 30, 28]]
        ],
        [
            [1, [32, 31, 37]]
        ],
        [
            [1, [47, 48, 46, 49, 50, 44]]
        ]
    ]
]",,,983.5536476750957,0,11,4.090909090909091,,,,,results/sol_best_R101_1.5.dat_A8_L60_pid2744.txt,(not found),R101_1.5.dat_A8_L60_r1.log
82,test_data/data_demand_random_50_batch_all1_equal_random/R101_1.5.dat,8.0,60.0,2,1157.15,"[
    [
        [
            [0, [5, 14, 23, 10, 20, 1, 19, 15, 13, 7, 11]],
            [5, []],
            [14, []],
            [23, [25, 30, 28]],
            [25, [32, 31, 37]],
            [10, []],
            [32, []],
            [30, []],
            [20, [45, 47, 39, 42, 43]],
            [1, [48, 46, 49, 50, 44, 38, 41, 40]],
            [31, []],
            [49, []],
            [19, []],
            [38, []],
            [15, []],
            [28, []],
            [13, []],
            [37, []],
            [7, []],
            [50, []],
            [44, []],
            [41, []],
            [40, []],
            [11, []]
        ],
        [
            [0, [4, 2, 3, 6, 9, 8]],
            [4, [17, 16, 12]],
            [2, []],
            [17, [17]],
            [46, [21, 18, 22]],
            [3, []],
            [21, [21]],
            [48, []],
            [29, [35, 36, 34, 33, 29, 27, 26, 24]],
            [35, []],
            [27, []],
            [18, [18]],
            [36, []],
            [16, [16]],
            [39, []],
            [45, []],
            [22, [22]],
            [12, [12]],
            [6, []],
            [26, []],
            [42, []],
            [24, []],
            [34, []],
            [9, []],
            [33, []],
            [8, []],
            [43, []],
            [47, []]
        ]
    ],
    [
        [
            [4, [17, 16, 12]]
        ],
        [
            [46, [21, 18, 22]]
        ],
        [
            [29, [35, 36, 34, 33, 29, 27, 26, 24]]
        ],
        [
            [23, [25, 30, 28]]
        ],
        [
            [25, [32, 31, 37]]
        ],
        [
            [20, [45, 47, 39, 42, 43]]
        ],
        [
            [1, [48, 46, 49, 50, 44, 38, 41, 40]]
        ]
    ]
]",,,672.2923891515381,0,7,4.714285714285714,,,,,results/sol_best_R101_1.5.dat_A8_L60_pid2746.txt,(not found),R101_1.5.dat_A8_L60_r2.log
82,test_data/data_demand_random_50_batch_all1_equal_random/R101_1.5.dat,8.0,60.0,3,1169.18,"[
    [
        [
            [0, [5, 3, 14, 23, 10, 1, 21, 20, 19, 15, 13, 7, 11]],
            [5, []],
            [3, []],
            [14, [32, 31, 37, 25, 30, 28]],
            [23, []],
            [47, []],
            [10, []],
            [1, [48, 46, 49, 50, 44, 38, 41, 40]],
            [32, []],
            [30, []],
            [21, []],
            [20, [45, 47, 39, 42, 43]],
            [48, []],
            [46, []],
            [31, []],
            [49, []],
            [19, []],
            [38, []],
            [15, []],
            [28, []],
            [13, []],
            [37, []],
            [7, []],
            [50, []],
            [44, []],
            [25, []],
            [11, []]
        ],
        [
            [0, [4, 2, 6, 9, 8]],
            [40, [17, 16, 12]],
            [4, [18, 22]],
            [2, []],
            [17, [17]],
            [29, [35, 36, 34, 33, 29, 27, 26, 24]],
            [35, []],
            [27, []],
            [18, [18]],
            [36, []],
            [16, [16]],
            [39, []],
            [45, []],
            [22, [22]],
            [12, [12]],
            [6, []],
            [26, []],
            [42, []],
            [24, []],
            [34, []],
            [9, []],
            [33, []],
            [8, []],
            [43, []],
            [41, []]
        ]
    ],
    [
        [
            [40, [17, 16, 12]]
        ],
        [
            [4, [18, 22]]
        ],
        [
            [29, [35, 36, 34, 33, 29, 27, 26, 24]]
        ],
        [
            [14, [32, 31, 37, 25, 30, 28]]
        ],
        [
            [1, [48, 46, 49, 50, 44, 38, 41, 40]]
        ],
        [
            [20, [45, 47, 39, 42, 43]]
        ]
    ]
]",,,740.2993907841263,0,6,5.333333333333333,,,,,results/sol_best_R101_1.5.dat_A8_L60_pid2747.txt,(not found),R101_1.5.dat_A8_L60_r3.log
83,test_data/data_demand_random_50_batch_all1_equal_random/R101_1.5.dat,8.0,90.0,1,1145.02,"[
    [
        [
            [0, [1, 5, 3]],
            [40, []],
            [25, [9, 7, 11, 6]],
            [9, []],
            [6, [6]],
            [39, [23, 19, 14, 15, 13]],
            [45, []],
            [43, [25, 30, 28]],
            [47, []],
            [46, [32, 31, 37]],
            [1, []],
            [5, [38, 41, 40]],
            [14, []],
            [23, []],
            [30, []],
            [48, []],
            [3, [48, 46, 49, 50, 44]],
            [31, []],
            [49, []],
            [19, []],
            [38, []],
            [15, []],
            [28, []],
            [13, []],
            [37, []],
            [7, []],
            [50, []],
            [44, []],
            [41, []],
            [11, []]
        ],
        [
            [0, [4, 10, 2, 17, 21, 20, 29, 27, 18, 16, 22, 12, 26, 24, 8]],
            [4, []],
            [10, [35, 36, 34, 33]],
            [32, []],
            [2, [39, 42, 43]],
            [17, []],
            [21, [45, 47]],
            [20, []],
            [29, []],
            [35, []],
            [27, []],
            [18, []],
            [36, []],
            [16, []],
            [22, []],
            [12, []],
            [26, []],
            [42, []],
            [24, []],
            [34, []],
            [8, []],
            [33, []]
        ]
    ],
    [
        [
            [25, [9, 7, 11, 6]]
        ],
        [
            [39, [23, 19, 14, 15, 13]]
        ],
        [
            [43, [25, 30, 28]]
        ],
        [
            [46, [32, 31, 37]]
        ],
        [
            [10, [35, 36, 34, 33]]
        ],
        [
            [5, [38, 41, 40]]
        ],
        [
            [2, [39, 42, 43]]
        ],
        [
            [3, [48, 46, 49, 50, 44]]
        ],
        [
            [21, [45, 47]]
        ]
    ]
]",,,960.9517492079506,0,9,3.5555555555555554,,,,,results/sol_best_R101_1.5.dat_A8_L90_pid2777.txt,(not found),R101_1.5.dat_A8_L90_r1.log
83,test_data/data_demand_random_50_batch_all1_equal_random/R101_1.5.dat,8.0,90.0,2,859.18,"[
    [
        [
            [0, [4, 1, 5]],
            [50, []],
            [44, []],
            [4, []],
            [30, []],
            [48, [10, 7, 11]],
            [20, []],
            [35, [14, 15, 13, 6, 9, 8]],
            [22, []],
            [6, [23, 19]],
            [40, []],
            [25, [25, 27, 26, 24, 29, 30, 28]],
            [10, []],
            [1, []],
            [31, []],
            [14, []],
            [5, [38, 41, 40]],
            [23, [32, 31, 37]],
            [49, []],
            [19, []],
            [38, []],
            [15, []],
            [28, []],
            [13, []],
            [37, []],
            [7, []],
            [11, []]
        ],
        [
            [0, [3, 2]],
            [47, []],
            [32, []],
            [27, []],
            [18, []],
            [39, []],
            [36, []],
            [16, []],
            [12, []],
            [26, []],
            [42, []],
            [24, []],
            [34, []],
            [9, []],
            [8, []],
            [33, []],
            [41, []],
            [43, []],
            [45, []],
            [29, [36, 34, 33, 35]],
            [21, [21, 20, 18, 22]],
            [46, []],
            [3, [47, 48, 46, 49, 50, 44]],
            [17, [17, 16, 12]],
            [2, [39, 42, 43, 45]]
        ]
    ],
    [
        [
            [48, [10, 7, 11]]
        ],
        [
            [35, [14, 15, 13]]
        ],
        [
            [35, [6, 9, 8]]
        ],
        [
            [6, [23, 19]]
        ],
        [
            [25, [25, 27, 26, 24, 29, 30, 28]]
        ],
        [
            [5, [38, 41, 40]]
        ],
        [
            [29, [36, 34, 33, 35]]
        ],
        [
            [23, [32, 31, 37]]
        ],
        [
            [21, [21, 20, 18, 22]]
        ],
        [
            [3, [47, 48, 46, 49, 50, 44]]
        ],
        [
            [17, [17, 16, 12]]
        ],
        [
            [2, [39, 42, 43, 45]]
        ]
    ]
]",,,1119.8623254082056,0,12,3.75,,,,,results/sol_best_R101_1.5.dat_A8_L90_pid2779.txt,(not found),R101_1.5.dat_A8_L90_r2.log
83,test_data/data_demand_random_50_batch_all1_equal_random/R101_1.5.dat,8.0,90.0,3,975.25,"[
    [
        [
            [0, [6, 4, 10, 5, 1, 3, 7]],
            [43, []],
            [26, []],
            [6, [14, 15, 13]],
            [40, []],
            [4, [20, 18, 22, 23, 21, 19]],
            [45, []],
            [33, [30, 28, 25]],
            [44, []],
            [10, []],
            [5, [32, 31, 37]],
            [23, []],
            [14, []],
            [1, [38, 41, 40]],
            [30, []],
            [21, []],
            [46, []],
            [3, [47, 48, 46, 49, 50, 44]],
            [31, []],
            [49, []],
            [19, []],
            [38, []],
            [15, []],
            [28, []],
            [13, []],
            [37, []],
            [7, []],
            [50, []],
            [25, []]
        ],
        [
            [0, [2, 9, 8, 11]],
            [47, [16, 17, 12]],
            [32, []],
            [48, []],
            [20, []],
            [27, []],
            [18, []],
            [36, []],
            [16, [16, 16]],
            [39, []],
            [17, [27, 29, 26, 24]],
            [2, [39, 42, 43]],
            [29, []],
            [35, [35, 36, 34, 33, 45]],
            [22, []],
            [12, [12, 12]],
            [42, []],
            [24, []],
            [34, []],
            [9, []],
            [8, []],
            [41, []],
            [11, []]
        ]
    ],
    [
        [
            [47, [16, 17, 12]]
        ],
        [
            [6, [14, 15, 13]]
        ],
        [
            [4, [20, 18, 22, 23, 21, 19]]
        ],
        [
            [33, [30, 28, 25]]
        ],
        [
            [5, [32, 31, 37]]
        ],
        [
            [1, [38, 41, 40]]
        ],
        [
            [17, [27, 29, 26, 24]]
        ],
        [
            [2, [39, 42, 43]]
        ],
        [
            [35, [35, 36, 34, 33, 45]]
        ],
        [
            [3, [47, 48, 46, 49, 50, 44]]
        ]
    ]
]",,,1001.3930528770368,0,10,3.9,,,,,results/sol_best_R101_1.5.dat_A8_L90_pid2780.txt,(not found),R101_1.5.dat_A8_L90_r3.log
84,test_data/data_demand_random_50_batch_all1_equal_random/R101_1.5.dat,8.0,120.0,1,1073.02,"[
    [
        [
            [0, [5, 1, 3]],
            [11, []],
            [39, []],
            [36, []],
            [27, [10, 7, 11]],
            [32, [14, 17, 15, 13]],
            [30, []],
            [46, []],
            [23, [23, 19]],
            [43, [25, 30, 28, 27]],
            [45, []],
            [47, [32, 31, 37]],
            [44, []],
            [5, [38, 41, 40]],
            [1, []],
            [10, []],
            [14, [48, 46, 49, 50, 44]],
            [48, []],
            [17, []],
            [3, []],
            [31, []],
            [49, []],
            [19, []],
            [38, []],
            [15, []],
            [28, []],
            [13, []],
            [37, []],
            [7, []],
            [25, []]
        ],
        [
            [0, [6, 4, 2, 16, 12, 9, 8]],
            [33, [22, 21, 20, 18]],
            [34, []],
            [41, []],
            [40, []],
            [6, []],
            [22, [22]],
            [4, [35, 36, 34, 33, 29, 26, 24]],
            [29, []],
            [2, [39, 42, 43]],
            [21, [45, 47]],
            [20, [20]],
            [35, []],
            [18, [18]],
            [16, []],
            [12, []],
            [26, []],
            [42, []],
            [24, []],
            [9, []],
            [8, []],
            [50, []]
        ]
    ],
    [
        [
            [33, [22, 21, 20, 18]]
        ],
        [
            [27, [10, 7, 11]]
        ],
        [
            [32, [14, 17, 15, 13]]
        ],
        [
            [23, [23, 19]]
        ],
        [
            [43, [25, 30, 28, 27]]
        ],
        [
            [47, [32, 31, 37]]
        ],
        [
            [5, [38, 41, 40]]
        ],
        [
            [4, [35, 36, 34, 33, 29, 26, 24]]
        ],
        [
            [2, [39, 42, 43]]
        ],
        [
            [14, [48, 46, 49, 50, 44]]
        ],
        [
            [21, [45, 47]]
        ]
    ]
]",1572.03,"[
    [
        [
            [0, [5, 1, 14, 23, 25, 10, 35, 32, 30, 3, 17, 31, 19, 15, 28, 13, 37, 7, 11]],
            [5, [38, 41, 40]],
            [1, []],
            [14, [48, 46, 49, 50, 44]],
            [23, []],
            [25, []],
            [10, []],
            [35, []],
            [32, []],
            [30, []],
            [3, []],
            [17, []],
            [48, [48]],
            [46, [46]],
            [31, []],
            [49, [49]],
            [19, []],
            [38, [38]],
            [15, []],
            [28, []],
            [13, []],
            [37, []],
            [7, []],
            [50, [50]],
            [44, [44]],
            [41, [41]],
            [40, [40]],
            [11, []]
        ],
        [
            [0, [4, 2, 21, 20, 29, 27, 18, 36, 16, 39, 22, 12, 6, 26, 42, 24, 34, 9, 33, 8, 43]],
            [4, []],
            [2, []],
            [21, [45, 47]],
            [20, []],
            [29, []],
            [27, []],
            [18, []],
            [36, []],
            [16, []],
            [39, []],
            [45, [45]],
            [22, []],
            [12, []],
            [6, []],
            [26, []],
            [42, []],
            [24, []],
            [34, []],
            [9, []],
            [33, []],
            [8, []],
            [43, []],
            [47, [47]]
        ]
    ],
    [
        [
            [21, [45, 47]]
        ],
        [
            [5, [38, 41, 40]],
            [14, [48, 46, 49, 50, 44]]
        ]
    ]
]",1017.5661781874584,0,11,3.6363636363636362,668.5078105935821,1,2,5.0,results/sol_best_R101_1.5.dat_A8_L120_pid2748.txt,results/sol_best_multi_R101_1.5.dat_A8_L120_pid2748.txt,R101_1.5.dat_A8_L120_r1.log
84,test_data/data_demand_random_50_batch_all1_equal_random/R101_1.5.dat,8.0,120.0,2,1101.0,"[
    [
        [
            [0, [5, 1, 3]],
            [50, []],
            [44, []],
            [47, [9, 10, 7, 11]],
            [26, []],
            [12, [12]],
            [36, []],
            [16, []],
            [9, [30, 28, 23, 19]],
            [33, [31, 37]],
            [5, []],
            [23, []],
            [10, []],
            [1, []],
            [14, [48, 46, 49, 50, 44, 38, 41, 40]],
            [30, []],
            [48, []],
            [17, []],
            [3, []],
            [46, []],
            [31, []],
            [49, []],
            [19, []],
            [38, []],
            [15, []],
            [28, []],
            [13, []],
            [37, []],
            [11, []]
        ],
        [
            [0, [4, 2, 6, 8]],
            [39, [21, 20, 18, 22]],
            [4, []],
            [45, []],
            [43, []],
            [41, []],
            [25, [35, 32, 36, 34, 33]],
            [35, []],
            [32, [39, 42, 43]],
            [2, []],
            [21, [45, 47]],
            [20, [20]],
            [29, []],
            [18, [18]],
            [27, []],
            [22, [22]],
            [6, []],
            [40, [16, 14, 17, 15, 13]],
            [42, []],
            [24, []],
            [34, []],
            [8, []],
            [7, [25, 29, 27, 26, 24]]
        ]
    ],
    [
        [
            [39, [21, 20, 18, 22]]
        ],
        [
            [47, [9, 10, 7, 11]]
        ],
        [
            [12, [12]]
        ],
        [
            [9, [30, 28, 23, 19]]
        ],
        [
            [33, [31, 37]]
        ],
        [
            [25, [35, 32, 36, 34, 33]]
        ],
        [
            [14, [48, 46, 49, 50, 44, 38, 41, 40]]
        ],
        [
            [32, [39, 42, 43]]
        ],
        [
            [21, [45, 47]]
        ],
        [
            [40, [16, 14, 17, 15, 13]]
        ],
        [
            [7, [25, 29, 27, 26, 24]]
        ]
    ]
]",,,1013.0897564696478,0,11,3.909090909090909,,,,,results/sol_best_R101_1.5.dat_A8_L120_pid2750.txt,(not found),R101_1.5.dat_A8_L120_r2.log
84,test_data/data_demand_random_50_batch_all1_equal_random/R101_1.5.dat,8.0,120.0,3,939.21,"[
    [
        [
            [0, [1, 5]],
            [46, [10, 7, 11]],
            [14, []],
            [32, [14, 17, 15, 13]],
            [1, []],
            [33, []],
            [25, [25, 30, 28]],
            [10, []],
            [50, []],
            [44, [9, 6, 8, 32, 31, 37]],
            [47, []],
            [30, []],
            [21, []],
            [17, []],
            [31, []],
            [49, []],
            [23, []],
            [5, []],
            [15, []],
            [19, []],
            [38, []],
            [28, []],
            [13, []],
            [37, []],
            [11, []]
        ],
        [
            [0, [4, 2, 3]],
            [7, []],
            [34, []],
            [40, []],
            [6, []],
            [43, []],
            [35, []],
            [29, []],
            [39, []],
            [36, []],
            [16, []],
            [18, []],
            [27, []],
            [22, []],
            [12, []],
            [26, []],
            [42, []],
            [24, []],
            [9, []],
            [8, [16, 12]],
            [41, [20, 18, 22, 21, 23, 19]],
            [45, [45]],
            [4, []],
            [2, [39, 42, 43, 38, 41, 40]],
            [20, [36, 34, 33, 35, 29, 27, 26, 24]],
            [48, []],
            [3, [47, 48, 46, 49, 50, 44]]
        ]
    ],
    [
        [
            [46, [10, 7, 11]]
        ],
        [
            [32, [14, 17, 15, 13]]
        ],
        [
            [25, [25, 30, 28]]
        ],
        [
            [44, [9, 6, 8]]
        ],
        [
            [44, [32, 31, 37]]
        ],
        [
            [8, [16, 12]]
        ],
        [
            [41, [20, 18, 22, 21, 23, 19]]
        ],
        [
            [45, [45]]
        ],
        [
            [2, [39, 42, 43, 38, 41, 40]]
        ],
        [
            [20, [36, 34, 33, 35, 29, 27, 26, 24]]
        ],
        [
            [3, [47, 48, 46, 49, 50, 44]]
        ]
    ]
]",,,869.43127585018,0,11,4.090909090909091,,,,,results/sol_best_R101_1.5.dat_A8_L120_pid2751.txt,(not found),R101_1.5.dat_A8_L120_r3.log
85,test_data/data_demand_random_50_batch_all1_equal_random/R101_1.dat,4.0,60.0,1,959.86,"[
    [
        [
            [0, [30, 14, 25, 34, 24, 6, 3, 37, 1, 20, 33, 38, 18, 41, 5, 22, 12, 40, 7]],
            [30, []],
            [14, []],
            [25, [42, 43, 44]],
            [34, []],
            [24, []],
            [6, []],
            [3, [48, 46, 50]],
            [42, []],
            [48, []],
            [37, []],
            [43, []],
            [44, []],
            [1, []],
            [20, []],
            [33, []],
            [38, []],
            [18, []],
            [41, []],
            [46, []],
            [5, []],
            [22, []],
            [12, []],
            [40, []],
            [50, []],
            [7, []]
        ],
        [
            [0, [9, 16, 11, 15, 4, 10, 13, 8, 2]],
            [9, [21, 17, 19]],
            [16, []],
            [11, []],
            [15, []],
            [4, []],
            [29, [39, 36, 35]],
            [31, []],
            [21, [21, 21]],
            [45, [26, 27, 28, 23]],
            [26, [29, 31, 32, 47, 49, 45]],
            [39, []],
            [36, []],
            [35, []],
            [10, []],
            [27, [27, 27]],
            [47, []],
            [17, [17, 17]],
            [13, []],
            [19, [19, 19]],
            [28, [28, 28]],
            [32, []],
            [49, []],
            [23, [23, 23]],
            [8, []],
            [2, []]
        ]
    ],
    [
        [
            [9, [21, 17, 19]]
        ],
        [
            [25, [42, 43, 44]]
        ],
        [
            [29, [39, 36, 35]]
        ],
        [
            [45, [26, 27, 28, 23]]
        ],
        [
            [26, [29, 31, 32]]
        ],
        [
            [26, [47, 49, 45]]
        ],
        [
            [3, [48, 46, 50]]
        ]
    ]
]",,,389.4444371493401,0,7,3.142857142857143,,,,,results/sol_best_R101_1.dat_A4_L60_pid2750.txt,(not found),R101_1.dat_A4_L60_r1.log
85,test_data/data_demand_random_50_batch_all1_equal_random/R101_1.dat,4.0,60.0,2,812.32,"[
    [
        [
            [0, [3, 1]],
            [27, [6, 5, 7]],
            [36, []],
            [45, []],
            [9, [20, 18, 14, 12, 16, 11, 15, 13]],
            [50, [25, 24, 22]],
            [37, []],
            [34, []],
            [24, []],
            [6, []],
            [3, []],
            [42, [42, 43, 44]],
            [48, []],
            [43, []],
            [44, []],
            [1, []],
            [20, []],
            [33, []],
            [38, []],
            [18, []],
            [41, []],
            [46, []],
            [5, []],
            [22, []],
            [12, []],
            [40, []],
            [7, []]
        ],
        [
            [0, [4, 2]],
            [25, []],
            [14, []],
            [16, []],
            [11, []],
            [15, []],
            [4, []],
            [31, []],
            [21, [21, 17, 19, 26, 27, 28, 23]],
            [35, []],
            [10, []],
            [17, []],
            [13, []],
            [19, []],
            [32, []],
            [28, []],
            [49, []],
            [23, []],
            [8, []],
            [47, []],
            [2, []],
            [26, [39, 36, 35, 47, 49, 45]],
            [30, [30, 34, 33, 37, 38, 41, 40, 48, 46, 50]],
            [29, [29, 31, 32]],
            [39, [10, 8, 9]]
        ]
    ],
    [
        [
            [27, [6, 5, 7]]
        ],
        [
            [9, [20, 18, 14, 12]]
        ],
        [
            [9, [16, 11, 15, 13]]
        ],
        [
            [50, [25, 24, 22]]
        ],
        [
            [21, [21, 17, 19]]
        ],
        [
            [21, [26, 27, 28, 23]]
        ],
        [
            [42, [42, 43, 44]]
        ],
        [
            [26, [39, 36, 35]]
        ],
        [
            [26, [47, 49, 45]]
        ],
        [
            [30, [30, 34, 33]]
        ],
        [
            [30, [37, 38, 41, 40]]
        ],
        [
            [30, [48, 46, 50]]
        ],
        [
            [29, [29, 31, 32]]
        ],
        [
            [39, [10, 8, 9]]
        ]
    ]
]",,,728.7764297108864,0,14,3.2857142857142856,,,,,results/sol_best_R101_1.dat_A4_L60_pid2752.txt,(not found),R101_1.dat_A4_L60_r2.log
85,test_data/data_demand_random_50_batch_all1_equal_random/R101_1.dat,4.0,60.0,3,1034.0,"[
    [
        [
            [0, [33, 6, 25, 30, 14, 34, 24, 3, 1, 20, 18, 5, 22, 12, 7]],
            [33, [37, 38, 41, 40]],
            [6, []],
            [25, [48, 46, 50]],
            [30, []],
            [14, [42, 43, 44]],
            [34, []],
            [24, []],
            [3, []],
            [42, []],
            [48, []],
            [37, [37]],
            [43, []],
            [44, []],
            [1, []],
            [20, []],
            [38, [38]],
            [18, []],
            [41, [41]],
            [46, []],
            [5, []],
            [22, []],
            [12, []],
            [40, [40]],
            [50, []],
            [7, []]
        ],
        [
            [0, [9, 26, 16, 11, 15, 4, 29, 31, 21, 10, 27, 17, 13, 19, 28, 32, 23, 8, 2]],
            [9, []],
            [26, [39, 36, 35]],
            [16, []],
            [11, []],
            [15, []],
            [4, []],
            [29, [47, 49, 45]],
            [31, []],
            [21, []],
            [45, [45]],
            [39, [39]],
            [36, [36]],
            [35, [35]],
            [10, []],
            [27, []],
            [47, [47]],
            [17, []],
            [13, []],
            [19, []],
            [28, []],
            [32, []],
            [49, [49]],
            [23, []],
            [8, []],
            [2, []]
        ]
    ],
    [
        [
            [26, [39, 36, 35]]
        ],
        [
            [33, [37, 38, 41, 40]]
        ],
        [
            [29, [47, 49, 45]]
        ],
        [
            [25, [48, 46, 50]]
        ],
        [
            [14, [42, 43, 44]]
        ]
    ]
]",,,437.49260017409176,0,5,3.2,,,,,results/sol_best_R101_1.dat_A4_L60_pid2753.txt,(not found),R101_1.dat_A4_L60_r3.log
86,test_data/data_demand_random_50_batch_all1_equal_random/R101_1.dat,4.0,90.0,1,964.0,"[
    [
        [
            [0, [42, 34, 24, 6, 3, 37, 43, 44, 1, 20, 33, 38, 18, 41, 5, 22, 12, 40]],
            [48, []],
            [42, []],
            [34, []],
            [24, []],
            [6, [48, 46, 50]],
            [3, []],
            [37, []],
            [43, []],
            [44, []],
            [1, []],
            [20, []],
            [33, []],
            [38, []],
            [18, []],
            [41, []],
            [46, []],
            [5, []],
            [22, []],
            [12, []],
            [40, []]
        ],
        [
            [0, [2, 14, 9, 16, 11, 15, 4, 10, 13, 8, 7]],
            [50, []],
            [2, [21, 17, 19]],
            [39, []],
            [45, []],
            [29, [29, 30, 31, 32]],
            [30, []],
            [14, [39, 36, 35, 25]],
            [25, []],
            [9, []],
            [26, []],
            [16, [47, 49, 45]],
            [11, []],
            [15, []],
            [31, []],
            [4, []],
            [21, []],
            [36, []],
            [35, []],
            [10, []],
            [17, []],
            [13, []],
            [19, []],
            [32, []],
            [28, []],
            [47, []],
            [49, []],
            [23, []],
            [8, []],
            [27, [27, 26, 28, 23]],
            [7, []]
        ]
    ],
    [
        [
            [6, [48, 46, 50]]
        ],
        [
            [2, [21, 17, 19]]
        ],
        [
            [29, [29, 30, 31, 32]]
        ],
        [
            [14, [39, 36, 35, 25]]
        ],
        [
            [16, [47, 49, 45]]
        ],
        [
            [27, [27, 26, 28, 23]]
        ]
    ]
]",,,741.6085652358398,0,6,3.5,,,,,results/sol_best_R101_1.dat_A4_L90_pid2645.txt,(not found),R101_1.dat_A4_L90_r1.log
86,test_data/data_demand_random_50_batch_all1_equal_random/R101_1.dat,4.0,90.0,2,984.0,"[
    [
        [
            [0, [25, 34, 24, 6, 3, 42, 37, 43, 44, 1, 20, 33, 38, 18, 41, 5, 22, 12, 40]],
            [25, []],
            [34, []],
            [24, []],
            [6, [48, 46, 50]],
            [3, []],
            [42, []],
            [48, []],
            [37, []],
            [43, []],
            [44, []],
            [1, []],
            [20, []],
            [33, []],
            [38, []],
            [18, []],
            [41, []],
            [46, []],
            [5, []],
            [22, []],
            [12, []],
            [40, []],
            [50, []]
        ],
        [
            [0, [11, 15, 14, 9, 16, 4, 10, 13, 8, 2, 7]],
            [30, []],
            [11, []],
            [15, [21, 17, 19]],
            [29, [29, 30, 31, 32]],
            [14, [39, 36, 35]],
            [9, [26, 27, 28, 23]],
            [26, []],
            [16, [47, 49, 45]],
            [31, []],
            [4, []],
            [21, []],
            [45, []],
            [39, []],
            [36, []],
            [35, []],
            [10, []],
            [27, []],
            [17, []],
            [47, []],
            [13, []],
            [19, []],
            [28, []],
            [32, []],
            [49, []],
            [23, []],
            [8, []],
            [2, []],
            [7, []]
        ]
    ],
    [
        [
            [15, [21, 17, 19]]
        ],
        [
            [29, [29, 30, 31, 32]]
        ],
        [
            [14, [39, 36, 35]]
        ],
        [
            [6, [48, 46, 50]]
        ],
        [
            [9, [26, 27, 28, 23]]
        ],
        [
            [16, [47, 49, 45]]
        ]
    ]
]",,,394.16375011271936,0,6,3.3333333333333335,,,,,results/sol_best_R101_1.dat_A4_L90_pid2647.txt,(not found),R101_1.dat_A4_L90_r2.log
86,test_data/data_demand_random_50_batch_all1_equal_random/R101_1.dat,4.0,90.0,3,959.93,"[
    [
        [
            [0, [30, 25, 34, 24, 6, 3, 42, 37, 43, 44, 1, 20, 33, 38, 18, 41, 5, 2, 7]],
            [30, []],
            [25, []],
            [34, [48, 46, 50]],
            [24, []],
            [6, []],
            [3, []],
            [42, []],
            [48, []],
            [37, []],
            [43, []],
            [44, []],
            [1, []],
            [20, []],
            [33, []],
            [38, []],
            [18, []],
            [41, []],
            [46, []],
            [5, []],
            [2, []],
            [7, []]
        ],
        [
            [0, [14, 9, 11, 15, 16, 4, 10, 8, 13, 12]],
            [50, []],
            [14, [21, 17, 19]],
            [9, [26, 27, 28, 23]],
            [39, []],
            [26, [29, 31, 32, 22]],
            [45, []],
            [29, []],
            [11, [39, 36, 35, 40]],
            [15, []],
            [16, [47, 49, 45]],
            [31, []],
            [4, []],
            [21, []],
            [36, []],
            [35, []],
            [10, []],
            [17, []],
            [27, []],
            [8, []],
            [47, []],
            [28, []],
            [13, []],
            [19, []],
            [32, []],
            [49, []],
            [23, []],
            [22, []],
            [12, []],
            [40, []]
        ]
    ],
    [
        [
            [34, [48, 46, 50]]
        ],
        [
            [14, [21, 17, 19]]
        ],
        [
            [9, [26, 27, 28, 23]]
        ],
        [
            [26, [29, 31, 32, 22]]
        ],
        [
            [11, [39, 36, 35, 40]]
        ],
        [
            [16, [47, 49, 45]]
        ]
    ]
]",,,626.9886406996785,0,6,3.5,,,,,results/sol_best_R101_1.dat_A4_L90_pid2648.txt,(not found),R101_1.dat_A4_L90_r3.log
87,test_data/data_demand_random_50_batch_all1_equal_random/R101_1.dat,4.0,120.0,1,900.0,"[
    [
        [
            [0, [30, 25, 14, 34, 24, 6, 3, 42, 37, 1, 20, 33, 38, 18, 41, 44, 43, 40, 7]],
            [30, []],
            [25, []],
            [14, []],
            [34, []],
            [24, []],
            [6, [48, 46, 50]],
            [3, []],
            [42, []],
            [48, []],
            [37, []],
            [1, []],
            [20, []],
            [33, []],
            [38, []],
            [18, []],
            [41, []],
            [44, []],
            [43, []],
            [40, []],
            [7, []]
        ],
        [
            [0, [2, 4]],
            [50, []],
            [46, []],
            [5, [5, 9, 10, 8]],
            [12, [12]],
            [22, []],
            [2, [21, 17, 19]],
            [39, []],
            [9, [29, 31, 32, 22]],
            [26, []],
            [45, []],
            [29, [39, 36, 35]],
            [11, []],
            [15, []],
            [16, [47, 49, 45]],
            [31, []],
            [4, []],
            [21, []],
            [36, []],
            [35, []],
            [10, []],
            [17, []],
            [13, []],
            [19, []],
            [32, []],
            [28, []],
            [47, []],
            [49, []],
            [23, [15, 16, 11, 13]],
            [8, []],
            [27, [27, 26, 28, 23]]
        ]
    ],
    [
        [
            [5, [5, 9, 10, 8]]
        ],
        [
            [12, [12]]
        ],
        [
            [2, [21, 17, 19]]
        ],
        [
            [6, [48, 46, 50]]
        ],
        [
            [9, [29, 31, 32, 22]]
        ],
        [
            [29, [39, 36, 35]]
        ],
        [
            [16, [47, 49, 45]]
        ],
        [
            [23, [15, 16, 11, 13]]
        ],
        [
            [27, [27, 26, 28, 23]]
        ]
    ]
]",1136.18,"[
    [
        [
            [0, [6, 25, 30, 14, 34, 24, 3, 42, 37, 43, 44, 1, 20, 33, 38, 18, 41, 5, 22, 12, 40, 7]],
            [6, [48, 46, 50]],
            [25, []],
            [30, []],
            [14, []],
            [34, []],
            [24, []],
            [3, []],
            [42, []],
            [48, [48]],
            [37, []],
            [43, []],
            [44, []],
            [1, []],
            [20, []],
            [33, []],
            [38, []],
            [18, []],
            [41, []],
            [46, [46]],
            [5, []],
            [22, []],
            [12, []],
            [40, []],
            [50, [50]],
            [7, []]
        ],
        [
            [0, [9, 26, 16, 11, 15, 4, 29, 31, 21, 39, 36, 35, 10, 27, 17, 13, 19, 28, 32, 23, 8, 2]],
            [9, [45]],
            [26, []],
            [16, [47, 49]],
            [11, []],
            [15, []],
            [4, []],
            [29, []],
            [31, []],
            [21, []],
            [45, [45]],
            [39, []],
            [36, []],
            [35, []],
            [10, []],
            [27, []],
            [47, [47]],
            [17, []],
            [13, []],
            [19, []],
            [28, []],
            [32, []],
            [49, [49]],
            [23, []],
            [8, []],
            [2, []]
        ]
    ],
    [
        [
            [9, [45]],
            [16, [47, 49]]
        ],
        [
            [6, [48, 46, 50]]
        ]
    ]
]",811.9935582774807,0,9,3.2222222222222223,473.97741615699397,1,2,3.0,results/sol_best_R101_1.dat_A4_L120_pid2747.txt,results/sol_best_multi_R101_1.dat_A4_L120_pid2747.txt,R101_1.dat_A4_L120_r1.log
87,test_data/data_demand_random_50_batch_all1_equal_random/R101_1.dat,4.0,120.0,2,943.41,"[
    [
        [
            [0, [30, 25, 14, 34, 24, 6, 3, 42, 37, 43, 44, 1, 20, 33, 38, 18, 41, 12, 40]],
            [30, []],
            [25, []],
            [14, []],
            [34, []],
            [24, []],
            [6, [48, 46, 50]],
            [3, []],
            [42, []],
            [48, []],
            [37, []],
            [43, []],
            [44, []],
            [1, []],
            [20, []],
            [33, []],
            [38, []],
            [18, []],
            [41, []],
            [46, []],
            [12, []],
            [40, []]
        ],
        [
            [0, [8, 7, 9, 4, 10, 5, 2]],
            [39, []],
            [8, [15, 11, 16, 13]],
            [27, []],
            [50, [21, 17, 19, 26, 27, 28, 23]],
            [7, []],
            [9, [29, 31, 32, 22]],
            [26, []],
            [21, []],
            [4, []],
            [15, []],
            [11, []],
            [16, [47, 49, 45]],
            [31, []],
            [29, [39, 36, 35]],
            [45, []],
            [36, []],
            [35, []],
            [10, []],
            [17, []],
            [47, []],
            [28, []],
            [13, []],
            [19, []],
            [32, []],
            [49, []],
            [23, []],
            [5, []],
            [22, []],
            [2, []]
        ]
    ],
    [
        [
            [8, [15, 11, 16, 13]]
        ],
        [
            [50, [21, 17, 19]]
        ],
        [
            [50, [26, 27, 28, 23]]
        ],
        [
            [6, [48, 46, 50]]
        ],
        [
            [9, [29, 31, 32, 22]]
        ],
        [
            [16, [47, 49, 45]]
        ],
        [
            [29, [39, 36, 35]]
        ]
    ]
]",1136.18,"[
    [
        [
            [0, [6, 25, 30, 14, 34, 24, 3, 42, 37, 43, 44, 1, 20, 33, 38, 18, 41, 5, 22, 12, 40, 7]],
            [6, [48, 46, 50]],
            [25, []],
            [30, []],
            [14, []],
            [34, []],
            [24, []],
            [3, []],
            [42, []],
            [48, [48]],
            [37, []],
            [43, []],
            [44, []],
            [1, []],
            [20, []],
            [33, []],
            [38, []],
            [18, []],
            [41, []],
            [46, [46]],
            [5, []],
            [22, []],
            [12, []],
            [40, []],
            [50, [50]],
            [7, []]
        ],
        [
            [0, [9, 26, 16, 11, 15, 4, 29, 31, 21, 39, 36, 35, 10, 27, 17, 13, 19, 28, 32, 23, 8, 2]],
            [9, [45]],
            [26, []],
            [16, [47, 49]],
            [11, []],
            [15, []],
            [4, []],
            [29, []],
            [31, []],
            [21, []],
            [45, [45]],
            [39, []],
            [36, []],
            [35, []],
            [10, []],
            [27, []],
            [47, [47]],
            [17, []],
            [13, []],
            [19, []],
            [28, []],
            [32, []],
            [49, [49]],
            [23, []],
            [8, []],
            [2, []]
        ]
    ],
    [
        [
            [9, [45]],
            [16, [47, 49]]
        ],
        [
            [6, [48, 46, 50]]
        ]
    ]
]",667.6417976922459,0,7,3.4285714285714284,473.97741615699397,1,2,3.0,results/sol_best_R101_1.dat_A4_L120_pid2749.txt,results/sol_best_multi_R101_1.dat_A4_L120_pid2749.txt,R101_1.dat_A4_L120_r2.log
87,test_data/data_demand_random_50_batch_all1_equal_random/R101_1.dat,4.0,120.0,3,932.15,"[
    [
        [
            [0, [4, 3, 1]],
            [48, []],
            [43, [10, 6, 5, 7]],
            [33, []],
            [37, [14, 12]],
            [39, [21, 20, 18]],
            [36, []],
            [35, [24, 22]],
            [10, [29, 30, 34, 33]],
            [21, []],
            [4, [31, 32]],
            [30, [42, 43, 44]],
            [14, []],
            [34, [48, 46, 50]],
            [24, []],
            [6, []],
            [3, []],
            [20, []],
            [1, []],
            [44, []],
            [38, []],
            [18, []],
            [41, []],
            [46, []],
            [5, []],
            [22, []],
            [12, []],
            [40, []],
            [50, []],
            [7, []]
        ],
        [
            [0, [2, 26, 9, 25, 16, 11, 15, 27, 17, 13, 19, 28, 23, 8]],
            [2, []],
            [26, []],
            [9, []],
            [25, [39, 36, 35]],
            [42, []],
            [16, [47, 49, 45]],
            [11, []],
            [15, []],
            [31, []],
            [29, [37, 38, 41, 40]],
            [45, []],
            [27, []],
            [17, []],
            [13, []],
            [19, []],
            [32, []],
            [28, []],
            [47, []],
            [49, []],
            [23, []],
            [8, []]
        ]
    ],
    [
        [
            [43, [10, 6, 5, 7]]
        ],
        [
            [37, [14, 12]]
        ],
        [
            [39, [21, 20, 18]]
        ],
        [
            [35, [24, 22]]
        ],
        [
            [10, [29, 30, 34, 33]]
        ],
        [
            [4, [31, 32]]
        ],
        [
            [25, [39, 36, 35]]
        ],
        [
            [30, [42, 43, 44]]
        ],
        [
            [16, [47, 49, 45]]
        ],
        [
            [34, [48, 46, 50]]
        ],
        [
            [29, [37, 38, 41, 40]]
        ]
    ]
]",1204.18,"[
    [
        [
            [0, [30, 14, 34, 24, 3, 6, 25, 42, 37, 43, 44, 1, 20, 33, 38, 18, 41, 5, 22, 12, 40, 7]],
            [30, []],
            [14, []],
            [34, [48, 46, 50]],
            [24, []],
            [3, []],
            [6, []],
            [25, []],
            [42, []],
            [48, [48]],
            [37, []],
            [43, []],
            [44, []],
            [1, []],
            [20, []],
            [33, []],
            [38, []],
            [18, []],
            [41, []],
            [46, [46]],
            [5, []],
            [22, []],
            [12, []],
            [40, []],
            [50, [50]],
            [7, []]
        ],
        [
            [0, [9, 16, 11, 15, 4, 26, 29, 31, 21, 39, 36, 35, 10, 27, 17, 13, 19, 28, 32, 23, 8, 2]],
            [9, [45]],
            [16, [47, 49]],
            [11, []],
            [15, []],
            [4, []],
            [26, []],
            [29, []],
            [31, []],
            [21, []],
            [45, [45]],
            [39, []],
            [36, []],
            [35, []],
            [10, []],
            [27, []],
            [47, [47]],
            [17, []],
            [13, []],
            [19, []],
            [28, []],
            [32, []],
            [49, [49]],
            [23, []],
            [8, []],
            [2, []]
        ]
    ],
    [
        [
            [34, [48, 46, 50]]
        ],
        [
            [9, [45]],
            [16, [47, 49]]
        ]
    ]
]",630.0396431412105,0,11,3.0,480.2346627030655,1,2,3.0,results/sol_best_R101_1.dat_A4_L120_pid2750.txt,results/sol_best_multi_R101_1.dat_A4_L120_pid2750.txt,R101_1.dat_A4_L120_r3.log
88,test_data/data_demand_random_50_batch_all1_equal_random/R101_1.dat,8.0,60.0,1,805.0,"[
    [
        [
            [0, [1, 3, 2]],
            [37, []],
            [1, []],
            [20, []],
            [33, [6, 9, 5, 7]],
            [6, []],
            [9, [21, 17, 19, 16, 14, 12]],
            [14, []],
            [25, [25, 24, 22, 20, 18]],
            [16, []],
            [34, []],
            [24, []],
            [3, []],
            [42, [42, 43, 44, 37, 38, 41, 30, 34, 33]],
            [48, []],
            [43, []],
            [44, []],
            [38, []],
            [18, []],
            [41, []],
            [46, []],
            [12, []],
            [5, []],
            [23, []],
            [49, []],
            [22, []],
            [2, []],
            [7, []]
        ],
        [
            [0, [11, 15, 4, 10, 13, 8]],
            [27, []],
            [11, []],
            [15, []],
            [4, []],
            [29, [29, 31, 32, 26, 27, 28, 23]],
            [31, []],
            [21, []],
            [45, []],
            [30, [48, 46, 50]],
            [26, [47, 49, 45, 39, 36, 35, 40]],
            [39, []],
            [36, []],
            [35, []],
            [10, []],
            [17, []],
            [13, []],
            [19, []],
            [32, []],
            [28, []],
            [47, []],
            [8, []],
            [40, []],
            [50, []]
        ]
    ],
    [
        [
            [33, [6, 9, 5, 7]]
        ],
        [
            [9, [21, 17, 19, 16, 14, 12]]
        ],
        [
            [25, [25, 24, 22, 20, 18]]
        ],
        [
            [42, [42, 43, 44, 37, 38, 41]]
        ],
        [
            [29, [29, 31, 32, 26, 27, 28, 23]]
        ],
        [
            [42, [30, 34, 33]]
        ],
        [
            [30, [48, 46, 50]]
        ],
        [
            [26, [47, 49, 45, 39, 36, 35, 40]]
        ]
    ]
]",,,669.0966286846157,0,8,5.125,,,,,results/sol_best_R101_1.dat_A8_L60_pid2714.txt,(not found),R101_1.dat_A8_L60_r1.log
88,test_data/data_demand_random_50_batch_all1_equal_random/R101_1.dat,8.0,60.0,2,850.0,"[
    [
        [
            [0, [9, 3, 6, 1, 5]],
            [33, [14, 12]],
            [9, [20, 18]],
            [25, [25, 26, 27, 28, 23, 24, 22]],
            [34, []],
            [14, []],
            [24, []],
            [3, []],
            [6, []],
            [42, [42, 43, 44, 37, 38, 41, 40]],
            [48, []],
            [37, []],
            [43, []],
            [44, []],
            [1, []],
            [20, []],
            [38, []],
            [18, []],
            [41, []],
            [46, []],
            [5, []],
            [22, []],
            [12, []],
            [40, []]
        ],
        [
            [0, [2, 4]],
            [50, [10, 8, 7]],
            [2, []],
            [16, []],
            [11, []],
            [15, []],
            [4, []],
            [31, []],
            [29, [29, 31, 32]],
            [21, [21, 17, 19]],
            [45, []],
            [30, [48, 46, 50, 30, 34, 33]],
            [26, [47, 49, 45, 39, 36, 35]],
            [39, []],
            [36, []],
            [35, []],
            [10, [10]],
            [17, []],
            [47, []],
            [28, []],
            [13, []],
            [19, []],
            [32, []],
            [49, []],
            [23, []],
            [8, [8]],
            [27, []],
            [7, [16, 11, 15, 13]]
        ]
    ],
    [
        [
            [50, [10, 8, 7]]
        ],
        [
            [33, [14, 12]]
        ],
        [
            [9, [20, 18]]
        ],
        [
            [25, [25, 26, 27, 28, 23, 24, 22]]
        ],
        [
            [29, [29, 31, 32]]
        ],
        [
            [21, [21, 17, 19]]
        ],
        [
            [42, [42, 43, 44, 37, 38, 41, 40]]
        ],
        [
            [30, [48, 46, 50, 30, 34, 33]]
        ],
        [
            [26, [47, 49, 45, 39, 36, 35]]
        ],
        [
            [7, [16, 11, 15, 13]]
        ]
    ]
]",,,612.1224587894169,0,10,4.3,,,,,results/sol_best_R101_1.dat_A8_L60_pid2716.txt,(not found),R101_1.dat_A8_L60_r2.log
88,test_data/data_demand_random_50_batch_all1_equal_random/R101_1.dat,8.0,60.0,3,967.5,"[
    [
        [
            [0, [6, 14, 25, 24, 3, 1, 20, 18, 5, 22, 12, 7]],
            [33, []],
            [6, []],
            [30, [37, 38, 41, 40, 30, 34, 33]],
            [14, []],
            [25, [48, 46, 50, 42, 43, 44]],
            [34, []],
            [24, []],
            [3, []],
            [42, []],
            [48, []],
            [37, []],
            [43, []],
            [44, []],
            [1, []],
            [20, []],
            [38, []],
            [18, []],
            [41, []],
            [46, []],
            [5, []],
            [22, []],
            [12, []],
            [40, []],
            [50, []],
            [7, []]
        ],
        [
            [0, [9, 26, 16, 11, 15, 4, 21, 10, 27, 17, 13, 19, 28, 23, 8, 2]],
            [9, []],
            [26, [29, 31, 32]],
            [16, []],
            [11, []],
            [15, []],
            [4, []],
            [29, [47, 49, 45, 39, 36, 35]],
            [31, [31, 31]],
            [21, []],
            [45, [45]],
            [39, [39]],
            [36, [36]],
            [35, [35]],
            [10, []],
            [27, []],
            [47, [47]],
            [17, []],
            [13, []],
            [19, []],
            [28, []],
            [32, [32, 32]],
            [49, [49]],
            [23, []],
            [8, []],
            [2, []]
        ]
    ],
    [
        [
            [26, [29, 31, 32]]
        ],
        [
            [30, [37, 38, 41, 40, 30, 34, 33]]
        ],
        [
            [25, [48, 46, 50, 42, 43, 44]]
        ],
        [
            [29, [47, 49, 45, 39, 36, 35]]
        ]
    ]
]",,,390.88429420869664,0,4,5.5,,,,,results/sol_best_R101_1.dat_A8_L60_pid2717.txt,(not found),R101_1.dat_A8_L60_r3.log
89,test_data/data_demand_random_50_batch_all1_equal_random/R101_1.dat,8.0,90.0,1,822.41,"[
    [
        [
            [0, [4, 3, 1]],
            [7, []],
            [12, []],
            [46, []],
            [5, []],
            [22, [6, 5, 7, 14, 12, 11]],
            [47, [20, 18, 17]],
            [17, []],
            [21, []],
            [4, []],
            [31, [25, 24, 22]],
            [11, [11]],
            [25, [30, 34, 33, 29, 31]],
            [14, []],
            [34, []],
            [24, []],
            [6, [48, 46, 50, 42, 43, 44]],
            [3, []],
            [42, []],
            [48, []],
            [37, []],
            [1, []],
            [20, []],
            [33, []],
            [38, []],
            [18, []],
            [41, []],
            [44, []],
            [43, []],
            [40, []],
            [50, []]
        ],
        [
            [0, [2, 9, 16, 15, 10, 13, 8]],
            [39, []],
            [2, []],
            [36, []],
            [45, []],
            [29, []],
            [30, [37, 38, 41, 40]],
            [9, [45, 39, 36, 35, 32]],
            [26, [26, 28, 23, 27, 21, 19]],
            [16, [47, 49]],
            [15, []],
            [35, []],
            [10, []],
            [13, []],
            [19, []],
            [32, []],
            [28, []],
            [49, []],
            [23, []],
            [8, []],
            [27, []]
        ]
    ],
    [
        [
            [22, [6, 5, 7]]
        ],
        [
            [22, [14, 12, 11]]
        ],
        [
            [47, [20, 18, 17]]
        ],
        [
            [31, [25, 24, 22]]
        ],
        [
            [25, [30, 34, 33, 29, 31]]
        ],
        [
            [30, [37, 38, 41, 40]]
        ],
        [
            [9, [45, 39, 36, 35, 32]]
        ],
        [
            [26, [26, 28, 23, 27, 21, 19]]
        ],
        [
            [16, [47, 49]]
        ],
        [
            [6, [48, 46, 50, 42, 43, 44]]
        ]
    ]
]",,,663.5985945340317,0,10,4.0,,,,,results/sol_best_R101_1.dat_A8_L90_pid2710.txt,(not found),R101_1.dat_A8_L90_r1.log
89,test_data/data_demand_random_50_batch_all1_equal_random/R101_1.dat,8.0,90.0,2,970.06,"[
    [
        [
            [0, [14, 6, 3, 1, 20, 18, 5, 12, 7]],
            [39, [26, 25, 24, 22]],
            [26, []],
            [25, []],
            [29, [37, 38, 41, 40, 29, 30, 34, 33]],
            [30, []],
            [14, []],
            [34, [48, 46, 50, 42, 43, 44]],
            [24, []],
            [6, []],
            [3, []],
            [42, []],
            [48, []],
            [37, []],
            [43, []],
            [44, []],
            [1, []],
            [20, []],
            [33, []],
            [38, []],
            [18, []],
            [41, []],
            [46, []],
            [5, []],
            [22, []],
            [12, []],
            [7, []]
        ],
        [
            [0, [9, 11, 15, 16, 4, 21, 10, 17, 27, 28, 13, 19, 23, 8, 2]],
            [9, []],
            [45, [31, 32]],
            [11, []],
            [15, []],
            [16, [47, 49, 45, 39, 36, 35]],
            [31, [31]],
            [4, []],
            [21, []],
            [36, []],
            [35, []],
            [10, []],
            [17, []],
            [27, []],
            [47, []],
            [28, []],
            [13, []],
            [19, []],
            [32, [32]],
            [49, []],
            [23, []],
            [8, []],
            [2, []],
            [40, []],
            [50, []]
        ]
    ],
    [
        [
            [45, [31, 32]]
        ],
        [
            [39, [26, 25, 24, 22]]
        ],
        [
            [29, [37, 38, 41, 40, 29, 30, 34, 33]]
        ],
        [
            [34, [48, 46, 50, 42, 43, 44]]
        ],
        [
            [16, [47, 49, 45, 39, 36, 35]]
        ]
    ]
]",,,538.671593259438,0,5,5.2,,,,,results/sol_best_R101_1.dat_A8_L90_pid2712.txt,(not found),R101_1.dat_A8_L90_r2.log
89,test_data/data_demand_random_50_batch_all1_equal_random/R101_1.dat,8.0,90.0,3,933.54,"[
    [
        [
            [0, [3, 1]],
            [25, [6, 5, 7]],
            [45, [20, 18, 14, 12]],
            [39, [24, 25, 22]],
            [36, []],
            [30, [30, 34, 33]],
            [14, [37, 38, 41, 40]],
            [34, []],
            [24, []],
            [3, []],
            [6, [48, 46, 50, 42, 43, 44]],
            [42, []],
            [48, []],
            [37, []],
            [43, []],
            [44, []],
            [1, []],
            [20, []],
            [33, []],
            [38, []],
            [18, []],
            [41, []],
            [46, []],
            [5, [5]],
            [22, []],
            [12, [12]],
            [40, []],
            [50, []],
            [7, [7]]
        ],
        [
            [0, [15, 9, 16, 11, 4, 10, 13, 8, 2]],
            [47, [21, 17, 19]],
            [15, []],
            [29, []],
            [9, [45, 39, 36, 35]],
            [26, []],
            [16, [47, 49]],
            [11, []],
            [31, [31, 29, 32, 26, 27, 28, 23]],
            [4, []],
            [21, [21]],
            [35, []],
            [10, []],
            [27, []],
            [17, [17]],
            [13, []],
            [19, [19]],
            [28, []],
            [32, []],
            [49, []],
            [23, []],
            [8, []],
            [2, []]
        ]
    ],
    [
        [
            [47, [21, 17, 19]]
        ],
        [
            [25, [6, 5, 7]]
        ],
        [
            [45, [20, 18, 14, 12]]
        ],
        [
            [39, [24, 25, 22]]
        ],
        [
            [30, [30, 34, 33]]
        ],
        [
            [14, [37, 38, 41, 40]]
        ],
        [
            [6, [48, 46, 50, 42, 43, 44]]
        ],
        [
            [9, [45, 39, 36, 35]]
        ],
        [
            [16, [47, 49]]
        ],
        [
            [31, [31, 29, 32, 26, 27, 28, 23]]
        ]
    ]
]",,,540.3134777675658,0,10,3.9,,,,,results/sol_best_R101_1.dat_A8_L90_pid2713.txt,(not found),R101_1.dat_A8_L90_r3.log
90,test_data/data_demand_random_50_batch_all1_equal_random/R101_1.dat,8.0,120.0,1,1015.41,"[
    [
        [
            [0, [26, 29, 30, 14, 16, 34, 24, 3, 1, 20, 33, 18, 5, 22, 12, 7]],
            [26, []],
            [29, [37, 38, 41, 40]],
            [30, []],
            [14, []],
            [16, [47, 49, 45, 39, 36, 35]],
            [34, [48, 46, 50, 42, 43, 44]],
            [24, []],
            [3, []],
            [42, []],
            [48, []],
            [37, []],
            [43, []],
            [44, []],
            [1, []],
            [20, []],
            [33, []],
            [38, []],
            [18, []],
            [41, []],
            [46, []],
            [5, []],
            [22, []],
            [12, []],
            [40, []],
            [50, []],
            [7, []]
        ],
        [
            [0, [9, 6, 11, 15, 4, 21, 10, 17, 13, 19, 8, 2]],
            [9, [25, 27, 28, 23]],
            [6, [31, 32]],
            [25, [25]],
            [11, []],
            [15, []],
            [4, []],
            [31, [31]],
            [21, []],
            [45, []],
            [39, []],
            [36, []],
            [35, []],
            [10, []],
            [27, [27]],
            [47, []],
            [17, []],
            [13, []],
            [19, []],
            [28, [28]],
            [32, [32]],
            [49, []],
            [23, [23]],
            [8, []],
            [2, []]
        ]
    ],
    [
        [
            [9, [25, 27, 28, 23]]
        ],
        [
            [6, [31, 32]]
        ],
        [
            [29, [37, 38, 41, 40]]
        ],
        [
            [16, [47, 49, 45, 39, 36, 35]]
        ],
        [
            [34, [48, 46, 50, 42, 43, 44]]
        ]
    ]
]",1204.18,"[
    [
        [
            [0, [30, 14, 34, 24, 3, 6, 25, 42, 37, 43, 44, 1, 20, 33, 38, 18, 41, 5, 22, 12, 40, 7]],
            [30, []],
            [14, []],
            [34, [48, 46, 50]],
            [24, []],
            [3, []],
            [6, []],
            [25, []],
            [42, []],
            [48, [48]],
            [37, []],
            [43, []],
            [44, []],
            [1, []],
            [20, []],
            [33, []],
            [38, []],
            [18, []],
            [41, []],
            [46, [46]],
            [5, []],
            [22, []],
            [12, []],
            [40, []],
            [50, [50]],
            [7, []]
        ],
        [
            [0, [9, 16, 11, 15, 4, 26, 29, 31, 21, 39, 36, 35, 10, 27, 17, 13, 19, 28, 32, 23, 8, 2]],
            [9, [45]],
            [16, [47, 49]],
            [11, []],
            [15, []],
            [4, []],
            [26, []],
            [29, []],
            [31, []],
            [21, []],
            [45, [45]],
            [39, []],
            [36, []],
            [35, []],
            [10, []],
            [27, []],
            [47, [47]],
            [17, []],
            [13, []],
            [19, []],
            [28, []],
            [32, []],
            [49, [49]],
            [23, []],
            [8, []],
            [2, []]
        ]
    ],
    [
        [
            [34, [48, 46, 50]]
        ],
        [
            [9, [45]],
            [16, [47, 49]]
        ]
    ]
]",480.33715650481815,0,5,4.4,480.2346627030655,1,2,3.0,results/sol_best_R101_1.dat_A8_L120_pid2750.txt,results/sol_best_multi_R101_1.dat_A8_L120_pid2750.txt,R101_1.dat_A8_L120_r1.log
90,test_data/data_demand_random_50_batch_all1_equal_random/R101_1.dat,8.0,120.0,2,796.41,"[
    [
        [
            [0, [2, 3]],
            [5, [5, 6]],
            [22, []],
            [2, [14, 12, 9, 10, 8, 7]],
            [45, [25, 24, 22, 20, 18]],
            [31, []],
            [15, []],
            [25, []],
            [14, []],
            [34, []],
            [24, []],
            [6, [48, 46, 50, 42, 43, 44]],
            [3, []],
            [42, []],
            [48, []],
            [37, []],
            [33, []],
            [20, []],
            [38, []],
            [18, []],
            [46, []],
            [40, []],
            [50, []]
        ],
        [
            [0, [1, 4]],
            [43, []],
            [1, []],
            [44, []],
            [41, []],
            [12, []],
            [23, []],
            [49, []],
            [47, [21, 17, 19]],
            [17, []],
            [36, []],
            [39, []],
            [26, []],
            [9, [39, 36, 35]],
            [30, [37, 38, 41, 40, 30, 34, 33]],
            [29, [29, 31, 32]],
            [11, []],
            [16, [47, 49, 45]],
            [4, []],
            [21, []],
            [35, []],
            [10, []],
            [13, []],
            [19, []],
            [32, [16, 11, 15, 13]],
            [28, []],
            [8, []],
            [27, [27, 26, 28, 23]],
            [7, []]
        ]
    ],
    [
        [
            [5, [5, 6]]
        ],
        [
            [2, [14, 12]]
        ],
        [
            [2, [9, 10, 8, 7]]
        ],
        [
            [45, [25, 24, 22, 20, 18]]
        ],
        [
            [47, [21, 17, 19]]
        ],
        [
            [9, [39, 36, 35]]
        ],
        [
            [30, [37, 38, 41, 40, 30, 34, 33]]
        ],
        [
            [29, [29, 31, 32]]
        ],
        [
            [16, [47, 49, 45]]
        ],
        [
            [6, [48, 46, 50, 42, 43, 44]]
        ],
        [
            [32, [16, 11, 15, 13]]
        ],
        [
            [27, [27, 26, 28, 23]]
        ]
    ]
]",,,743.0265002267439,0,12,3.8333333333333335,,,,,results/sol_best_R101_1.dat_A8_L120_pid2752.txt,(not found),R101_1.dat_A8_L120_r2.log
90,test_data/data_demand_random_50_batch_all1_equal_random/R101_1.dat,8.0,120.0,3,1017.0,"[
    [
        [
            [0, [6, 25, 14, 24, 3, 1, 20, 18, 5, 22, 12, 7]],
            [6, [30, 34, 33]],
            [25, []],
            [30, [48, 46, 50, 37, 38, 41, 40]],
            [14, []],
            [34, [34]],
            [24, []],
            [3, []],
            [42, [42, 43, 44]],
            [48, []],
            [37, [37]],
            [43, []],
            [44, []],
            [1, []],
            [20, []],
            [33, [33]],
            [38, [38]],
            [18, []],
            [41, [41]],
            [46, []],
            [5, []],
            [22, []],
            [12, []],
            [40, [40]],
            [50, []],
            [7, []]
        ],
        [
            [0, [9, 26, 11, 15, 4, 16, 21, 10, 27, 17, 13, 19, 28, 23, 8, 2]],
            [9, []],
            [26, []],
            [11, [29, 31, 32]],
            [15, []],
            [4, []],
            [16, [47, 49, 45, 39, 36, 35]],
            [29, [29]],
            [31, [31]],
            [21, []],
            [45, []],
            [39, [39]],
            [36, [36]],
            [35, [35]],
            [10, []],
            [27, []],
            [47, []],
            [17, []],
            [13, []],
            [19, []],
            [28, []],
            [32, [32]],
            [49, []],
            [23, []],
            [8, []],
            [2, []]
        ]
    ],
    [
        [
            [6, [30, 34, 33]]
        ],
        [
            [11, [29, 31, 32]]
        ],
        [
            [16, [47, 49, 45, 39, 36, 35]]
        ],
        [
            [30, [48, 46, 50, 37, 38, 41, 40]]
        ],
        [
            [42, [42, 43, 44]]
        ]
    ]
]",1204.18,"[
    [
        [
            [0, [42, 25, 30, 14, 34, 24, 3, 6, 37, 43, 44, 1, 20, 33, 38, 18, 41, 5, 22, 12, 40, 7]],
            [42, []],
            [25, []],
            [30, [48, 46, 50]],
            [14, []],
            [34, []],
            [24, []],
            [3, []],
            [6, []],
            [48, [48]],
            [37, []],
            [43, []],
            [44, []],
            [1, []],
            [20, []],
            [33, []],
            [38, []],
            [18, []],
            [41, []],
            [46, [46]],
            [5, []],
            [22, []],
            [12, []],
            [40, []],
            [50, [50]],
            [7, []]
        ],
        [
            [0, [9, 16, 11, 15, 4, 26, 29, 31, 21, 39, 36, 35, 10, 27, 17, 13, 19, 28, 32, 23, 8, 2]],
            [9, [45]],
            [16, [47, 49]],
            [11, []],
            [15, []],
            [4, []],
            [26, []],
            [29, []],
            [31, []],
            [21, []],
            [45, [45]],
            [39, []],
            [36, []],
            [35, []],
            [10, []],
            [27, []],
            [47, [47]],
            [17, []],
            [13, []],
            [19, []],
            [28, []],
            [32, []],
            [49, [49]],
            [23, []],
            [8, []],
            [2, []]
        ]
    ],
    [
        [
            [30, [48, 46, 50]]
        ],
        [
            [9, [45]],
            [16, [47, 49]]
        ]
    ]
]",434.4317207345156,0,5,4.4,479.20690632574554,1,2,3.0,results/sol_best_R101_1.dat_A8_L120_pid2753.txt,results/sol_best_multi_R101_1.dat_A8_L120_pid2753.txt,R101_1.dat_A8_L120_r3.log
91,test_data/data_demand_random_50_batch_all1_equal_random/R101_2.5.dat,4.0,60.0,1,1182.15,"[
    [
        [
            [0, [10]],
            [11, []],
            [40, [13, 14, 18, 17]],
            [49, []],
            [31, []],
            [25, []],
            [13, [13]],
            [38, []],
            [37, []],
            [14, [14]],
            [18, [18]],
            [26, []],
            [28, []],
            [45, []],
            [29, []],
            [21, []],
            [34, []],
            [35, []],
            [39, []],
            [17, [17]],
            [24, []],
            [48, []],
            [10, []],
            [36, []],
            [33, []],
            [30, [49, 46, 50, 45]]
        ],
        [
            [0, [3, 4, 2, 7, 5, 6, 1]],
            [23, []],
            [3, []],
            [50, []],
            [27, []],
            [46, [8, 9, 12, 11]],
            [19, []],
            [43, []],
            [44, [16, 15]],
            [4, [22, 20]],
            [47, []],
            [8, []],
            [9, [24, 31, 25, 30]],
            [2, []],
            [41, []],
            [12, []],
            [22, []],
            [20, []],
            [32, []],
            [7, [42, 40, 38, 37, 33]],
            [5, [19, 23, 21]],
            [15, []],
            [16, [34, 35, 32, 36]],
            [42, []],
            [6, [27, 26, 28, 29]],
            [1, [39, 41, 43, 44, 48, 47]]
        ]
    ],
    [
        [
            [40, [13, 14, 18, 17]]
        ],
        [
            [46, [8, 9, 12, 11]]
        ],
        [
            [44, [16, 15]]
        ],
        [
            [4, [22, 20]]
        ],
        [
            [9, [24, 31, 25, 30]]
        ],
        [
            [7, [42, 40, 38, 37, 33]]
        ],
        [
            [5, [19, 23, 21]]
        ],
        [
            [30, [49, 46, 50, 45]]
        ],
        [
            [16, [34, 35, 32, 36]]
        ],
        [
            [6, [27, 26, 28, 29]]
        ],
        [
            [1, [39, 41]],
            [1, [43, 44, 48, 47]]
        ]
    ]
]",1182.15,"[
    [
        [
            [0, [10]],
            [11, []],
            [40, [13, 14, 18, 17]],
            [49, []],
            [31, []],
            [25, []],
            [13, [13]],
            [38, []],
            [37, []],
            [14, [14]],
            [18, [18]],
            [26, []],
            [28, []],
            [45, []],
            [29, []],
            [21, []],
            [34, []],
            [35, []],
            [39, []],
            [17, [17]],
            [24, []],
            [48, []],
            [10, []],
            [36, []],
            [33, []],
            [30, [49, 46, 50, 45]]
        ],
        [
            [0, [3, 4, 2, 7, 5, 6, 1]],
            [23, []],
            [3, []],
            [50, []],
            [27, []],
            [46, [8, 9, 12, 11]],
            [19, []],
            [43, []],
            [44, [16, 15]],
            [4, [22, 20]],
            [47, []],
            [8, []],
            [9, [24, 31, 25, 30]],
            [2, []],
            [41, []],
            [12, []],
            [22, []],
            [20, []],
            [32, []],
            [7, [42, 40, 38, 37, 33]],
            [5, [19, 23, 21]],
            [15, []],
            [16, [34, 35, 32, 36]],
            [42, []],
            [6, [27, 26, 28, 29]],
            [1, [39, 41, 43, 44, 48, 47]]
        ]
    ],
    [
        [
            [40, [13, 14, 18, 17]]
        ],
        [
            [46, [8, 9, 12, 11]]
        ],
        [
            [44, [16, 15]]
        ],
        [
            [4, [22, 20]]
        ],
        [
            [9, [24, 31, 25, 30]]
        ],
        [
            [7, [42, 40, 38, 37, 33]]
        ],
        [
            [5, [19, 23, 21]]
        ],
        [
            [30, [49, 46, 50, 45]]
        ],
        [
            [16, [34, 35, 32, 36]]
        ],
        [
            [6, [27, 26, 28, 29]]
        ],
        [
            [1, [39, 41]],
            [1, [43, 44, 48, 47]]
        ]
    ]
]",1805.1395512535614,1,11,3.8181818181818183,1805.1395512535614,1,11,3.8181818181818183,results/sol_best_R101_2.5.dat_A4_L60_pid2783.txt,results/sol_best_multi_R101_2.5.dat_A4_L60_pid2783.txt,R101_2.5.dat_A4_L60_r1.log
91,test_data/data_demand_random_50_batch_all1_equal_random/R101_2.5.dat,4.0,60.0,2,1286.0,"[
    [
        [
            [0, [3, 5, 6]],
            [33, []],
            [13, []],
            [37, [8]],
            [15, []],
            [3, []],
            [18, []],
            [5, []],
            [6, [19, 23, 21]],
            [46, [18, 16, 15, 14]],
            [19, []],
            [14, []],
            [23, []],
            [27, []],
            [26, []],
            [28, []],
            [45, [34, 35, 32, 36]],
            [29, []],
            [21, []],
            [8, []],
            [35, []],
            [32, []],
            [43, []],
            [44, []],
            [48, []],
            [34, []],
            [47, []],
            [36, []]
        ],
        [
            [0, [4, 10, 12, 9, 2, 7, 11, 1]],
            [4, []],
            [10, []],
            [39, []],
            [17, []],
            [12, []],
            [22, []],
            [41, []],
            [9, [22, 20, 17, 13]],
            [20, []],
            [24, []],
            [2, [24, 31, 25, 30]],
            [7, []],
            [31, []],
            [25, []],
            [16, [27, 26, 28, 29, 33]],
            [42, []],
            [11, []],
            [40, []],
            [49, []],
            [38, []],
            [50, []],
            [1, [39, 41, 43, 44, 48, 47]],
            [30, [42, 40, 38, 37, 49, 46, 50, 45]]
        ]
    ],
    [
        [
            [9, [22, 20, 17, 13]]
        ],
        [
            [37, [8]]
        ],
        [
            [6, [19, 23, 21]]
        ],
        [
            [46, [18, 16, 15, 14]]
        ],
        [
            [45, [34, 35, 32, 36]]
        ],
        [
            [2, [24, 31, 25, 30]]
        ],
        [
            [16, [27, 26, 28, 29, 33]]
        ],
        [
            [1, [39, 41]],
            [1, [43, 44, 48, 47]]
        ],
        [
            [30, [42, 40, 38, 37]]
        ],
        [
            [30, [49, 46, 50, 45]]
        ]
    ]
]",1286.0,"[
    [
        [
            [0, [3, 5, 6]],
            [33, []],
            [13, []],
            [37, [8]],
            [15, []],
            [3, []],
            [18, []],
            [5, []],
            [6, [19, 23, 21]],
            [46, [18, 16, 15, 14]],
            [19, []],
            [14, []],
            [23, []],
            [27, []],
            [26, []],
            [28, []],
            [45, [34, 35, 32, 36]],
            [29, []],
            [21, []],
            [8, []],
            [35, []],
            [32, []],
            [43, []],
            [44, []],
            [48, []],
            [34, []],
            [47, []],
            [36, []]
        ],
        [
            [0, [4, 10, 12, 9, 2, 7, 11, 1]],
            [4, []],
            [10, []],
            [39, []],
            [17, []],
            [12, []],
            [22, []],
            [41, []],
            [9, [22, 20, 17, 13]],
            [20, []],
            [24, []],
            [2, [24, 31, 25, 30]],
            [7, []],
            [31, []],
            [25, []],
            [16, [27, 26, 28, 29, 33]],
            [42, []],
            [11, []],
            [40, []],
            [49, []],
            [38, []],
            [50, []],
            [1, [39, 41, 43, 44, 48, 47]],
            [30, [42, 40, 38, 37, 49, 46, 50, 45]]
        ]
    ],
    [
        [
            [9, [22, 20, 17, 13]]
        ],
        [
            [37, [8]]
        ],
        [
            [6, [19, 23, 21]]
        ],
        [
            [46, [18, 16, 15, 14]]
        ],
        [
            [45, [34, 35, 32, 36]]
        ],
        [
            [2, [24, 31, 25, 30]]
        ],
        [
            [16, [27, 26, 28, 29, 33]]
        ],
        [
            [1, [39, 41]],
            [1, [43, 44, 48, 47]]
        ],
        [
            [30, [42, 40, 38, 37]]
        ],
        [
            [30, [49, 46, 50, 45]]
        ]
    ]
]",1281.2537351450487,1,10,3.9,1281.2537351450487,1,10,3.9,results/sol_best_R101_2.5.dat_A4_L60_pid2785.txt,results/sol_best_multi_R101_2.5.dat_A4_L60_pid2785.txt,R101_2.5.dat_A4_L60_r2.log
91,test_data/data_demand_random_50_batch_all1_equal_random/R101_2.5.dat,4.0,60.0,3,1279.5,"[
    [
        [
            [0, [16, 23, 19, 14, 18, 26, 27, 28, 29, 21, 10, 1]],
            [16, []],
            [15, []],
            [23, []],
            [37, []],
            [38, []],
            [25, []],
            [13, []],
            [19, []],
            [14, []],
            [46, []],
            [18, []],
            [50, []],
            [26, []],
            [27, []],
            [28, []],
            [29, []],
            [21, []],
            [34, []],
            [35, []],
            [48, []],
            [10, []],
            [1, [39, 41, 43, 44, 48, 47]]
        ],
        [
            [0, [5, 4, 2, 7, 6, 3]],
            [11, []],
            [5, []],
            [42, []],
            [47, []],
            [43, []],
            [31, []],
            [32, [17, 13, 15]],
            [44, []],
            [17, []],
            [36, [8, 9, 12, 11]],
            [4, [22, 20]],
            [45, [24, 31, 25, 30]],
            [8, []],
            [39, []],
            [9, []],
            [12, []],
            [22, []],
            [20, []],
            [41, []],
            [30, []],
            [24, []],
            [2, [40, 42, 38, 37, 33]],
            [7, []],
            [40, [49, 46, 50, 45]],
            [49, []],
            [6, []],
            [3, [34, 35, 32, 36]],
            [33, []]
        ]
    ],
    [
        [
            [1, [39, 41]],
            [1, [43, 44, 48, 47]]
        ],
        [
            [32, [17, 13, 15]]
        ],
        [
            [36, [8, 9, 12, 11]]
        ],
        [
            [4, [22, 20]]
        ],
        [
            [45, [24, 31, 25, 30]]
        ],
        [
            [2, [40, 42, 38, 37, 33]]
        ],
        [
            [40, [49, 46, 50, 45]]
        ],
        [
            [3, [34, 35, 32, 36]]
        ]
    ]
]",1279.5,"[
    [
        [
            [0, [16, 23, 19, 14, 18, 26, 27, 28, 29, 21, 10, 1]],
            [16, []],
            [15, []],
            [23, []],
            [37, []],
            [38, []],
            [25, []],
            [13, []],
            [19, []],
            [14, []],
            [46, []],
            [18, []],
            [50, []],
            [26, []],
            [27, []],
            [28, []],
            [29, []],
            [21, []],
            [34, []],
            [35, []],
            [48, []],
            [10, []],
            [1, [39, 41, 43, 44, 48, 47]]
        ],
        [
            [0, [5, 4, 2, 7, 6, 3]],
            [11, []],
            [5, []],
            [42, []],
            [47, []],
            [43, []],
            [31, []],
            [32, [17, 13, 15]],
            [44, []],
            [17, []],
            [36, [8, 9, 12, 11]],
            [4, [22, 20]],
            [45, [24, 31, 25, 30]],
            [8, []],
            [39, []],
            [9, []],
            [12, []],
            [22, []],
            [20, []],
            [41, []],
            [30, []],
            [24, []],
            [2, [40, 42, 38, 37, 33]],
            [7, []],
            [40, [49, 46, 50, 45]],
            [49, []],
            [6, []],
            [3, [34, 35, 32, 36]],
            [33, []]
        ]
    ],
    [
        [
            [1, [39, 41]],
            [1, [43, 44, 48, 47]]
        ],
        [
            [32, [17, 13, 15]]
        ],
        [
            [36, [8, 9, 12, 11]]
        ],
        [
            [4, [22, 20]]
        ],
        [
            [45, [24, 31, 25, 30]]
        ],
        [
            [2, [40, 42, 38, 37, 33]]
        ],
        [
            [40, [49, 46, 50, 45]]
        ],
        [
            [3, [34, 35, 32, 36]]
        ]
    ]
]",1825.7949423686703,1,8,4.0,1825.7949423686703,1,8,4.0,results/sol_best_R101_2.5.dat_A4_L60_pid2786.txt,results/sol_best_multi_R101_2.5.dat_A4_L60_pid2786.txt,R101_2.5.dat_A4_L60_r3.log
92,test_data/data_demand_random_50_batch_all1_equal_random/R101_2.5.dat,4.0,90.0,1,1251.43,"[
    [
        [
            [0, [4, 6, 2, 23, 26, 29, 21, 8, 1]],
            [4, []],
            [6, []],
            [33, []],
            [2, []],
            [23, []],
            [28, []],
            [26, []],
            [27, []],
            [45, []],
            [29, []],
            [21, []],
            [8, [43, 44, 48, 47]],
            [47, []],
            [1, []]
        ],
        [
            [0, [7, 3, 5]],
            [46, []],
            [11, []],
            [7, []],
            [44, []],
            [32, []],
            [20, []],
            [24, [11, 10, 9, 12]],
            [15, [15]],
            [37, []],
            [38, [18, 13, 17, 16]],
            [16, []],
            [50, []],
            [3, [22, 20, 19, 14]],
            [18, []],
            [14, []],
            [19, []],
            [13, [30, 24, 31, 25, 27, 28]],
            [25, []],
            [31, []],
            [43, []],
            [36, []],
            [10, []],
            [34, []],
            [35, []],
            [48, []],
            [9, [40, 42, 38, 37, 33, 32, 36, 35, 34, 41, 39]],
            [39, []],
            [30, []],
            [17, []],
            [22, []],
            [41, []],
            [12, [49, 46, 50, 45]],
            [40, []],
            [49, []],
            [5, []],
            [42, []]
        ]
    ],
    [
        [
            [24, [11, 10, 9, 12]]
        ],
        [
            [15, [15]]
        ],
        [
            [38, [18, 13, 17, 16]]
        ],
        [
            [8, [43, 44, 48, 47]]
        ],
        [
            [3, [22, 20, 19, 14]]
        ],
        [
            [13, [30, 24, 31, 25, 27, 28]]
        ],
        [
            [9, [40, 42, 38, 37, 33, 32, 36, 35, 34, 41, 39]]
        ],
        [
            [12, [49, 46, 50, 45]]
        ]
    ]
]",,,1691.4196093816984,0,8,4.75,,,,,results/sol_best_R101_2.5.dat_A4_L90_pid2736.txt,(not found),R101_2.5.dat_A4_L90_r1.log
92,test_data/data_demand_random_50_batch_all1_equal_random/R101_2.5.dat,4.0,90.0,2,1256.43,"[
    [
        [
            [0, [1, 3, 6, 2]],
            [42, []],
            [19, []],
            [40, [10, 8, 9, 11, 12]],
            [37, []],
            [1, [18, 16, 15, 14]],
            [36, []],
            [47, [13, 17]],
            [45, [19, 23, 22]],
            [3, []],
            [18, []],
            [50, []],
            [6, [27, 26, 28, 29]],
            [23, []],
            [14, []],
            [46, []],
            [16, [34, 35, 32, 36]],
            [27, []],
            [26, []],
            [28, []],
            [29, []],
            [34, []],
            [35, []],
            [39, []],
            [12, [49, 46, 50, 45]],
            [44, []],
            [2, []],
            [11, []]
        ],
        [
            [0, [7, 5, 4]],
            [21, []],
            [48, []],
            [10, []],
            [32, []],
            [43, []],
            [22, []],
            [41, []],
            [20, []],
            [13, []],
            [17, [30, 24, 31, 25, 20, 21]],
            [30, []],
            [24, []],
            [7, []],
            [31, []],
            [25, []],
            [49, []],
            [38, []],
            [15, []],
            [5, [39, 41, 33]],
            [33, []],
            [4, []],
            [8, [43, 44, 48, 47]],
            [9, [42, 40, 38, 37]]
        ]
    ],
    [
        [
            [17, [30, 24, 31, 25, 20, 21]]
        ],
        [
            [40, [10, 8, 9, 11, 12]]
        ],
        [
            [1, [18, 16, 15, 14]]
        ],
        [
            [47, [13, 17]]
        ],
        [
            [45, [19, 23, 22]]
        ],
        [
            [6, [27, 26, 28, 29]]
        ],
        [
            [16, [34, 35, 32, 36]]
        ],
        [
            [12, [49, 46, 50, 45]]
        ],
        [
            [5, [39, 41, 33]]
        ],
        [
            [8, [43, 44, 48, 47]]
        ],
        [
            [9, [42, 40, 38, 37]]
        ]
    ]
]",,,1814.8899702275326,0,11,3.909090909090909,,,,,results/sol_best_R101_2.5.dat_A4_L90_pid2738.txt,(not found),R101_2.5.dat_A4_L90_r2.log
92,test_data/data_demand_random_50_batch_all1_equal_random/R101_2.5.dat,4.0,90.0,3,1251.43,"[
    [
        [
            [0, [33, 6, 16, 23, 26, 27, 28, 29, 21, 34, 8, 35]],
            [33, []],
            [6, []],
            [16, []],
            [23, []],
            [50, []],
            [26, []],
            [27, []],
            [28, []],
            [45, []],
            [29, []],
            [21, []],
            [34, []],
            [8, [43, 44, 48, 47]],
            [35, []]
        ],
        [
            [0, [4, 3, 1, 2, 7, 5]],
            [31, []],
            [43, []],
            [44, []],
            [37, []],
            [15, []],
            [42, [10, 9, 12, 11]],
            [36, []],
            [4, []],
            [3, []],
            [1, [18, 13, 15, 14]],
            [10, []],
            [48, []],
            [47, [22, 20, 19, 17]],
            [18, []],
            [46, []],
            [14, []],
            [19, []],
            [13, []],
            [38, [30, 24, 31, 25]],
            [25, []],
            [49, []],
            [40, [32, 36]],
            [2, []],
            [30, []],
            [39, []],
            [9, [40, 42, 38, 37]],
            [24, []],
            [17, []],
            [22, []],
            [41, []],
            [20, []],
            [12, [49, 46, 50, 45]],
            [32, []],
            [7, []],
            [5, [39, 41]],
            [11, []]
        ]
    ],
    [
        [
            [8, [43, 44, 48, 47]]
        ],
        [
            [42, [10, 9, 12, 11]]
        ],
        [
            [1, [18, 13, 15, 14]]
        ],
        [
            [47, [22, 20, 19, 17]]
        ],
        [
            [38, [30, 24, 31, 25]]
        ],
        [
            [40, [32, 36]]
        ],
        [
            [9, [40, 42, 38, 37]]
        ],
        [
            [12, [49, 46, 50, 45]]
        ],
        [
            [5, [39, 41]]
        ]
    ]
]",,,1789.7354971157336,0,9,3.5555555555555554,,,,,results/sol_best_R101_2.5.dat_A4_L90_pid2739.txt,(not found),R101_2.5.dat_A4_L90_r3.log
93,test_data/data_demand_random_50_batch_all1_equal_random/R101_2.5.dat,4.0,120.0,1,1281.02,"[
    [
        [
            [0, [3]],
            [33, []],
            [50, []],
            [3, []],
            [43, [8]],
            [31, []],
            [25, []],
            [38, []],
            [49, []],
            [41, [18, 16, 13, 14, 15]],
            [40, [19, 23, 21]],
            [18, []],
            [46, []],
            [13, []],
            [19, []],
            [14, []],
            [15, []],
            [37, []],
            [23, []],
            [27, []],
            [29, []],
            [21, []],
            [34, []],
            [35, []],
            [8, [43, 44, 48, 47]],
            [39, []],
            [36, []]
        ],
        [
            [0, [11, 6, 1, 4, 10, 9, 2, 12, 7, 5]],
            [11, []],
            [30, []],
            [24, []],
            [32, []],
            [44, []],
            [26, [22, 20, 17]],
            [6, [31, 25]],
            [1, [27, 26, 28, 29]],
            [45, []],
            [28, []],
            [4, []],
            [48, []],
            [47, []],
            [10, []],
            [9, [40, 42, 38, 37, 33]],
            [2, []],
            [17, []],
            [22, []],
            [20, []],
            [12, [49, 46, 50, 45]],
            [7, []],
            [5, [39, 41, 30, 24]],
            [42, []],
            [16, [34, 35, 32, 36]]
        ]
    ],
    [
        [
            [43, [8]]
        ],
        [
            [41, [18, 16, 13, 14, 15]]
        ],
        [
            [40, [19, 23, 21]]
        ],
        [
            [8, [43, 44, 48, 47]]
        ],
        [
            [26, [22, 20, 17]]
        ],
        [
            [6, [31, 25]]
        ],
        [
            [1, [27, 26, 28, 29]]
        ],
        [
            [9, [40, 42, 38, 37, 33]]
        ],
        [
            [12, [49, 46, 50, 45]]
        ],
        [
            [5, [39, 41, 30, 24]]
        ],
        [
            [16, [34, 35, 32, 36]]
        ]
    ]
]",,,1708.4916272992762,0,11,3.5454545454545454,,,,,results/sol_best_R101_2.5.dat_A4_L120_pid2753.txt,(not found),R101_2.5.dat_A4_L120_r1.log
93,test_data/data_demand_random_50_batch_all1_equal_random/R101_2.5.dat,4.0,120.0,2,1614.23,"[
    [
        [
            [0, [6, 3, 18, 16, 5, 15, 19, 14, 27, 26, 28, 29, 21, 8, 30]],
            [45, []],
            [6, []],
            [3, [34, 35, 32, 36]],
            [18, []],
            [16, []],
            [42, []],
            [5, [39, 41]],
            [15, []],
            [19, []],
            [14, []],
            [46, []],
            [27, []],
            [26, []],
            [28, []],
            [29, []],
            [21, []],
            [8, [43, 44, 48, 47]],
            [34, []],
            [35, []],
            [39, []],
            [30, []],
            [41, []],
            [43, []],
            [44, []],
            [36, []]
        ],
        [
            [0, [1, 4, 12, 10, 9, 2, 17, 22, 20, 7, 13, 23, 11]],
            [1, [24, 31, 25]],
            [4, []],
            [48, []],
            [12, [33]],
            [47, []],
            [10, [42, 40, 38, 37]],
            [9, []],
            [2, []],
            [17, []],
            [22, []],
            [20, [49, 46, 50, 45]],
            [32, []],
            [24, [24]],
            [7, []],
            [40, []],
            [31, [31]],
            [25, [25]],
            [13, []],
            [38, []],
            [49, []],
            [37, []],
            [23, []],
            [50, []],
            [33, [33]],
            [11, []]
        ]
    ],
    [
        [
            [1, [24, 31, 25]]
        ],
        [
            [12, [33]]
        ],
        [
            [3, [34, 35, 32, 36]]
        ],
        [
            [5, [39, 41]]
        ],
        [
            [10, [42, 40, 38, 37]]
        ],
        [
            [8, [43, 44, 48, 47]]
        ],
        [
            [20, [49, 46, 50, 45]]
        ]
    ]
]",,,1415.5885424051394,0,7,3.142857142857143,,,,,results/sol_best_R101_2.5.dat_A4_L120_pid2755.txt,(not found),R101_2.5.dat_A4_L120_r2.log
93,test_data/data_demand_random_50_batch_all1_equal_random/R101_2.5.dat,4.0,120.0,3,1390.0,"[
    [
        [
            [0, [13, 7, 16, 26, 27, 28, 29, 21, 8, 30]],
            [42, []],
            [19, [24, 31, 25]],
            [13, []],
            [49, []],
            [40, [34, 35, 32, 36]],
            [7, []],
            [16, []],
            [50, []],
            [26, []],
            [27, []],
            [28, []],
            [29, []],
            [21, []],
            [8, [43, 44, 48, 47]],
            [34, []],
            [35, []],
            [48, []],
            [39, []],
            [30, []],
            [24, []],
            [32, []],
            [44, []],
            [36, []]
        ],
        [
            [0, [6, 3, 12, 4, 1, 10, 9, 2, 5, 11]],
            [6, [18, 15, 14, 17]],
            [3, []],
            [18, [18, 18]],
            [45, []],
            [12, []],
            [15, [15, 15]],
            [23, [23]],
            [14, [14, 14]],
            [46, []],
            [33, [33]],
            [4, [22, 20, 19]],
            [1, []],
            [47, []],
            [10, [42, 40, 38, 37]],
            [9, []],
            [2, []],
            [17, [17, 17]],
            [22, []],
            [20, [49, 46, 50, 45]],
            [41, []],
            [43, []],
            [31, []],
            [25, []],
            [38, []],
            [37, []],
            [5, [39, 41]],
            [11, []]
        ]
    ],
    [
        [
            [6, [18, 15, 14, 17]]
        ],
        [
            [23, [23]]
        ],
        [
            [19, [24, 31, 25]]
        ],
        [
            [40, [34, 35, 32, 36]]
        ],
        [
            [33, [33]]
        ],
        [
            [4, [22, 20, 19]]
        ],
        [
            [8, [43, 44, 48, 47]]
        ],
        [
            [10, [42, 40, 38, 37]]
        ],
        [
            [20, [49, 46, 50, 45]]
        ],
        [
            [5, [39, 41]]
        ]
    ]
]",,,1589.652872903159,0,10,3.0,,,,,results/sol_best_R101_2.5.dat_A4_L120_pid2756.txt,(not found),R101_2.5.dat_A4_L120_r3.log
94,test_data/data_demand_random_50_batch_all1_equal_random/R101_2.5.dat,8.0,60.0,1,1634.15,"[
    [
        [
            [0, [5, 6, 3, 18, 16, 15, 19, 14, 23, 21, 1]],
            [5, []],
            [6, [27, 26, 28, 29]],
            [3, []],
            [18, []],
            [16, [34, 35, 32, 36]],
            [15, []],
            [19, []],
            [14, []],
            [23, []],
            [27, []],
            [26, []],
            [28, []],
            [29, []],
            [21, []],
            [34, []],
            [35, []],
            [39, []],
            [41, []],
            [32, []],
            [43, []],
            [44, []],
            [1, [43, 44, 48, 47, 39, 41]],
            [47, []],
            [36, []]
        ],
        [
            [0, [8, 4, 10, 9, 2, 12, 7, 11]],
            [48, [17, 13]],
            [8, []],
            [4, [22, 20]],
            [10, []],
            [9, []],
            [2, []],
            [17, [17]],
            [12, []],
            [22, [22]],
            [20, [20]],
            [24, [24, 31, 25, 30]],
            [7, []],
            [31, []],
            [25, []],
            [33, [33]],
            [42, []],
            [30, [49, 46, 50, 45, 42, 40, 38, 37]],
            [40, []],
            [13, [13]],
            [38, []],
            [49, []],
            [37, []],
            [46, []],
            [50, []],
            [45, []],
            [11, []]
        ]
    ],
    [
        [
            [48, [17, 13]]
        ],
        [
            [4, [22, 20]]
        ],
        [
            [6, [27, 26, 28, 29]]
        ],
        [
            [16, [34, 35, 32, 36]]
        ],
        [
            [24, [24, 31, 25, 30]]
        ],
        [
            [33, [33]]
        ],
        [
            [1, [43, 44, 48, 47, 39, 41]]
        ],
        [
            [30, [49, 46, 50, 45, 42, 40, 38, 37]]
        ]
    ]
]",,,1304.5124185134705,0,8,3.875,,,,,results/sol_best_R101_2.5.dat_A8_L60_pid2803.txt,(not found),R101_2.5.dat_A8_L60_r1.log
94,test_data/data_demand_random_50_batch_all1_equal_random/R101_2.5.dat,8.0,60.0,2,1182.15,"[
    [
        [
            [0, [5, 6]],
            [42, []],
            [5, []],
            [6, []],
            [36, []],
            [44, []],
            [40, [8, 11, 10]],
            [11, []],
            [33, [18, 16, 15, 14]],
            [45, []],
            [47, []],
            [8, []],
            [10, []],
            [18, []],
            [46, []],
            [15, []],
            [19, []],
            [14, []],
            [23, []],
            [27, []],
            [26, []],
            [28, []],
            [29, []],
            [21, []],
            [34, []],
            [35, []],
            [39, []],
            [30, [49, 46, 50, 45, 42, 40, 38, 37]]
        ],
        [
            [0, [2, 9, 12, 7, 3, 1, 4]],
            [24, []],
            [2, []],
            [32, [17, 13]],
            [43, []],
            [9, []],
            [48, [22, 20]],
            [17, []],
            [41, []],
            [12, []],
            [22, []],
            [20, []],
            [7, []],
            [31, []],
            [25, []],
            [13, []],
            [38, []],
            [49, []],
            [37, []],
            [16, [19, 23, 21, 30, 24, 34, 35, 32, 36, 27, 26, 28, 29]],
            [50, []],
            [3, []],
            [1, [43, 44, 48, 47, 39, 41]],
            [4, [33, 31, 25]]
        ]
    ],
    [
        [
            [40, [8, 11, 10]]
        ],
        [
            [33, [18, 16, 15, 14]]
        ],
        [
            [32, [17, 13]]
        ],
        [
            [48, [22, 20]]
        ],
        [
            [16, [19, 23, 21, 30, 24]]
        ],
        [
            [16, [34, 35, 32, 36, 27, 26, 28, 29]]
        ],
        [
            [30, [49, 46, 50, 45, 42, 40, 38, 37]]
        ],
        [
            [1, [43, 44, 48, 47, 39, 41]]
        ],
        [
            [4, [33, 31, 25]]
        ]
    ]
]",,,1696.8853526489256,0,9,4.555555555555555,,,,,results/sol_best_R101_2.5.dat_A8_L60_pid2805.txt,(not found),R101_2.5.dat_A8_L60_r2.log
94,test_data/data_demand_random_50_batch_all1_equal_random/R101_2.5.dat,8.0,60.0,3,1174.5,"[
    [
        [
            [0, [6, 5, 2, 7]],
            [26, []],
            [42, []],
            [6, []],
            [33, []],
            [10, [10, 9, 12, 11]],
            [47, [8]],
            [48, [17, 13]],
            [8, []],
            [21, []],
            [18, []],
            [23, []],
            [15, []],
            [5, [18, 16, 15, 14]],
            [14, []],
            [16, [19, 23, 21, 34, 35, 32, 36, 27, 26, 28, 29]],
            [45, []],
            [29, []],
            [34, []],
            [9, []],
            [2, [22, 20]],
            [32, [33, 30, 24, 31, 25]],
            [40, [49, 46, 50, 45, 40, 42, 38, 37]],
            [7, []]
        ],
        [
            [0, [4, 3, 1]],
            [4, []],
            [3, []],
            [35, []],
            [12, []],
            [41, []],
            [17, []],
            [39, []],
            [22, []],
            [20, []],
            [30, []],
            [24, []],
            [36, []],
            [44, []],
            [43, []],
            [31, []],
            [25, []],
            [19, []],
            [13, []],
            [38, []],
            [49, []],
            [37, []],
            [46, []],
            [50, []],
            [27, []],
            [28, []],
            [1, [43, 44, 48, 47, 39, 41]],
            [11, []]
        ]
    ],
    [
        [
            [10, [10, 9, 12, 11]]
        ],
        [
            [47, [8]]
        ],
        [
            [48, [17, 13]]
        ],
        [
            [5, [18, 16, 15, 14]]
        ],
        [
            [16, [19, 23, 21]]
        ],
        [
            [16, [34, 35, 32, 36, 27, 26, 28, 29]]
        ],
        [
            [2, [22, 20]]
        ],
        [
            [32, [33, 30, 24, 31, 25]]
        ],
        [
            [40, [49, 46, 50, 45, 40, 42, 38, 37]]
        ],
        [
            [1, [43, 44, 48, 47, 39, 41]]
        ]
    ]
]",,,1822.6203970107235,0,10,4.3,,,,,results/sol_best_R101_2.5.dat_A8_L60_pid2806.txt,(not found),R101_2.5.dat_A8_L60_r3.log
95,test_data/data_demand_random_50_batch_all1_equal_random/R101_2.5.dat,8.0,90.0,1,1251.43,"[
    [
        [
            [0, [6, 3]],
            [43, []],
            [34, []],
            [45, [8, 12]],
            [38, [13, 18, 16, 15, 14, 17]],
            [13, []],
            [37, []],
            [42, []],
            [6, []],
            [46, [19, 23, 21]],
            [18, []],
            [3, []],
            [50, []],
            [16, []],
            [15, []],
            [19, []],
            [14, []],
            [23, []],
            [27, []],
            [26, []],
            [28, []],
            [29, []],
            [21, []],
            [8, [43, 44, 48, 47]],
            [48, []]
        ],
        [
            [0, [7, 2, 4, 1, 10, 9, 5, 11]],
            [35, []],
            [32, []],
            [7, []],
            [17, []],
            [2, [22, 20]],
            [41, []],
            [31, []],
            [25, []],
            [40, [27, 26, 28, 29, 30, 24, 31, 25]],
            [44, []],
            [36, []],
            [33, [33, 34, 35, 32, 36]],
            [4, []],
            [1, []],
            [47, []],
            [10, []],
            [9, [42, 40, 38, 37]],
            [39, []],
            [30, []],
            [24, []],
            [22, []],
            [20, []],
            [12, [49, 46, 50, 45]],
            [49, []],
            [5, [39, 41]],
            [11, []]
        ]
    ],
    [
        [
            [45, [8, 12]]
        ],
        [
            [38, [13, 18, 16, 15, 14, 17]]
        ],
        [
            [46, [19, 23, 21]]
        ],
        [
            [2, [22, 20]]
        ],
        [
            [8, [43, 44, 48, 47]]
        ],
        [
            [40, [27, 26, 28, 29, 30, 24, 31, 25]]
        ],
        [
            [33, [33, 34, 35, 32, 36]]
        ],
        [
            [9, [42, 40, 38, 37]]
        ],
        [
            [12, [49, 46, 50, 45]]
        ],
        [
            [5, [39, 41]]
        ]
    ]
]",,,1775.5653288720964,0,10,4.0,,,,,results/sol_best_R101_2.5.dat_A8_L90_pid2774.txt,(not found),R101_2.5.dat_A8_L90_r1.log
95,test_data/data_demand_random_50_batch_all1_equal_random/R101_2.5.dat,8.0,90.0,2,1526.23,"[
    [
        [
            [0, [7, 6, 3, 1, 18, 16, 15, 5, 14, 8]],
            [50, []],
            [45, []],
            [7, [19, 21]],
            [33, [27, 26, 28, 29, 30, 24]],
            [6, []],
            [3, []],
            [1, []],
            [18, []],
            [16, [34, 35, 32, 36]],
            [15, []],
            [42, []],
            [5, [39, 41]],
            [19, []],
            [14, []],
            [26, []],
            [28, []],
            [29, []],
            [21, []],
            [34, []],
            [35, []],
            [8, [43, 44, 48, 47]],
            [39, []],
            [30, []],
            [32, []],
            [24, []],
            [44, []],
            [36, []]
        ],
        [
            [0, [4, 10, 9, 2, 17, 22, 12, 20, 13, 23, 11]],
            [46, []],
            [27, [31, 25]],
            [48, []],
            [47, []],
            [4, []],
            [10, []],
            [9, [40, 42, 38, 37, 33]],
            [2, []],
            [17, []],
            [22, []],
            [40, []],
            [12, [49, 46, 50, 45]],
            [20, []],
            [41, []],
            [43, []],
            [31, [31]],
            [25, [25]],
            [13, []],
            [38, []],
            [49, []],
            [37, []],
            [23, []],
            [11, []]
        ]
    ],
    [
        [
            [27, [31, 25]]
        ],
        [
            [7, [19, 21]]
        ],
        [
            [33, [27, 26, 28, 29, 30, 24]]
        ],
        [
            [16, [34, 35, 32, 36]]
        ],
        [
            [5, [39, 41]]
        ],
        [
            [9, [40, 42, 38, 37, 33]]
        ],
        [
            [8, [43, 44, 48, 47]]
        ],
        [
            [12, [49, 46, 50, 45]]
        ]
    ]
]",,,1565.9986505296106,0,8,3.625,,,,,results/sol_best_R101_2.5.dat_A8_L90_pid2776.txt,(not found),R101_2.5.dat_A8_L90_r2.log
95,test_data/data_demand_random_50_batch_all1_equal_random/R101_2.5.dat,8.0,90.0,3,1251.43,"[
    [
        [
            [0, [7, 1, 3]],
            [40, []],
            [25, []],
            [38, []],
            [13, []],
            [46, [11, 8]],
            [19, []],
            [43, []],
            [41, [18, 16, 15, 14, 13]],
            [20, []],
            [7, []],
            [15, []],
            [1, []],
            [45, [27, 26, 28, 29, 30, 19, 23, 21]],
            [3, []],
            [50, []],
            [18, []],
            [33, [33, 34, 35, 32, 36, 20]],
            [16, []],
            [37, []],
            [23, []],
            [14, []],
            [26, []],
            [28, []],
            [8, [43, 44, 48, 47]],
            [39, []],
            [36, []]
        ],
        [
            [0, [6, 4, 10, 9, 2, 17, 12, 5]],
            [42, []],
            [30, []],
            [24, []],
            [32, []],
            [44, []],
            [31, []],
            [11, []],
            [6, []],
            [27, [24, 31, 25, 22]],
            [29, []],
            [21, []],
            [34, []],
            [35, []],
            [48, []],
            [47, []],
            [4, []],
            [10, []],
            [9, [40, 42, 38, 37]],
            [2, []],
            [17, []],
            [22, []],
            [12, [49, 46, 50, 45]],
            [49, []],
            [5, [39, 41]]
        ]
    ],
    [
        [
            [27, [24, 31, 25, 22]]
        ],
        [
            [46, [11, 8]]
        ],
        [
            [41, [18, 16, 15, 14, 13]]
        ],
        [
            [45, [27, 26, 28, 29, 30, 19, 23, 21]]
        ],
        [
            [33, [33, 34, 35, 32, 36, 20]]
        ],
        [
            [8, [43, 44, 48, 47]]
        ],
        [
            [9, [40, 42, 38, 37]]
        ],
        [
            [12, [49, 46, 50, 45]]
        ],
        [
            [5, [39, 41]]
        ]
    ]
]",,,1760.0353844102904,0,9,4.333333333333333,,,,,results/sol_best_R101_2.5.dat_A8_L90_pid2777.txt,(not found),R101_2.5.dat_A8_L90_r3.log
96,test_data/data_demand_random_50_batch_all1_equal_random/R101_2.5.dat,8.0,120.0,1,1251.43,"[
    [
        [
            [0, [6, 3, 1]],
            [15, []],
            [25, []],
            [38, []],
            [49, []],
            [11, [11, 12, 8]],
            [40, []],
            [12, []],
            [43, []],
            [13, [13, 17, 16]],
            [16, []],
            [50, [19, 23, 21, 18, 15, 14]],
            [26, []],
            [6, []],
            [3, [24]],
            [28, []],
            [1, []],
            [37, []],
            [19, []],
            [14, []],
            [23, []],
            [27, []],
            [45, []],
            [29, []],
            [21, []],
            [34, []],
            [35, []],
            [8, [43, 44, 48, 47]],
            [36, []]
        ],
        [
            [0, [2, 4, 10, 9, 7, 5]],
            [44, []],
            [39, []],
            [2, []],
            [31, []],
            [41, []],
            [17, [22, 20]],
            [46, [28, 27, 26, 29, 30, 31, 25]],
            [18, []],
            [33, [33, 34, 35, 32, 36]],
            [4, []],
            [48, []],
            [47, []],
            [10, [42, 40, 38, 37]],
            [9, []],
            [30, []],
            [24, []],
            [22, []],
            [20, [49, 46, 50, 45]],
            [32, []],
            [7, []],
            [5, [39, 41]],
            [42, []]
        ]
    ],
    [
        [
            [17, [22, 20]]
        ],
        [
            [11, [11, 12, 8]]
        ],
        [
            [13, [13, 17, 16]]
        ],
        [
            [50, [19, 23, 21, 18, 15, 14]]
        ],
        [
            [3, [24]]
        ],
        [
            [8, [43, 44, 48, 47]]
        ],
        [
            [46, [28, 27, 26, 29, 30, 31, 25]]
        ],
        [
            [33, [33, 34, 35, 32, 36]]
        ],
        [
            [10, [42, 40, 38, 37]]
        ],
        [
            [20, [49, 46, 50, 45]]
        ],
        [
            [5, [39, 41]]
        ]
    ]
]",,,1744.253580026874,0,11,3.727272727272727,,,,,results/sol_best_R101_2.5.dat_A8_L120_pid2779.txt,(not found),R101_2.5.dat_A8_L120_r1.log
96,test_data/data_demand_random_50_batch_all1_equal_random/R101_2.5.dat,8.0,120.0,2,1251.43,"[
    [
        [
            [0, [7, 6, 3]],
            [31, []],
            [25, []],
            [14, [11, 8, 10, 9]],
            [16, []],
            [7, []],
            [43, [18, 16, 15, 14, 13]],
            [13, []],
            [38, []],
            [19, []],
            [46, []],
            [50, [19, 23, 21]],
            [6, []],
            [3, []],
            [42, []],
            [11, []],
            [15, []],
            [37, []],
            [23, []],
            [26, []],
            [18, [27, 26, 28, 29, 30, 24]],
            [27, []],
            [45, []],
            [28, []],
            [29, []],
            [21, []],
            [34, []],
            [35, []],
            [8, [43, 44, 48, 47]],
            [39, []],
            [36, []]
        ],
        [
            [0, [17, 1, 4, 2, 20, 22, 12, 5]],
            [17, []],
            [24, []],
            [32, []],
            [44, []],
            [47, [31, 25]],
            [1, []],
            [33, [33, 34, 35, 32, 36]],
            [4, []],
            [48, []],
            [10, []],
            [2, []],
            [9, [40, 42, 38, 37]],
            [30, []],
            [20, []],
            [41, []],
            [22, []],
            [12, [49, 46, 50, 45]],
            [40, []],
            [49, []],
            [5, [39, 41]]
        ]
    ],
    [
        [
            [14, [11, 8, 10, 9]]
        ],
        [
            [43, [18, 16, 15, 14, 13]]
        ],
        [
            [50, [19, 23, 21]]
        ],
        [
            [18, [27, 26, 28, 29, 30, 24]]
        ],
        [
            [47, [31, 25]]
        ],
        [
            [33, [33, 34, 35, 32, 36]]
        ],
        [
            [8, [43, 44, 48, 47]]
        ],
        [
            [9, [40, 42, 38, 37]]
        ],
        [
            [12, [49, 46, 50, 45]]
        ],
        [
            [5, [39, 41]]
        ]
    ]
]",,,1648.887944695898,0,10,3.9,,,,,results/sol_best_R101_2.5.dat_A8_L120_pid2781.txt,(not found),R101_2.5.dat_A8_L120_r2.log
96,test_data/data_demand_random_50_batch_all1_equal_random/R101_2.5.dat,8.0,120.0,3,1332.21,"[
    [
        [
            [0, [1, 7, 6, 3]],
            [43, []],
            [40, []],
            [49, []],
            [45, [12, 8]],
            [47, []],
            [1, []],
            [31, []],
            [25, []],
            [13, [13, 16, 15, 14]],
            [41, [19, 23, 21]],
            [12, [27, 26, 28, 29, 30, 24]],
            [32, []],
            [44, []],
            [7, []],
            [33, [33, 34, 35, 32, 36]],
            [6, []],
            [3, []],
            [50, []],
            [26, []],
            [28, []],
            [29, []],
            [21, []],
            [34, []],
            [35, []],
            [39, []],
            [30, []],
            [24, []],
            [48, []],
            [8, [43, 44, 48, 47]],
            [36, []]
        ],
        [
            [0, [4, 18, 10, 9, 2, 17, 5, 11]],
            [15, []],
            [23, []],
            [27, []],
            [46, [22, 20]],
            [16, []],
            [4, []],
            [19, []],
            [14, []],
            [18, []],
            [10, [42, 40, 38, 37, 31, 25]],
            [9, []],
            [2, []],
            [17, []],
            [22, [22]],
            [20, [49, 46, 50, 45]],
            [38, []],
            [37, []],
            [5, [39, 41]],
            [42, []],
            [11, []]
        ]
    ],
    [
        [
            [46, [22, 20]]
        ],
        [
            [45, [12, 8]]
        ],
        [
            [13, [13, 16, 15, 14]]
        ],
        [
            [41, [19, 23, 21]]
        ],
        [
            [12, [27, 26, 28, 29, 30, 24]]
        ],
        [
            [33, [33, 34, 35, 32, 36]]
        ],
        [
            [8, [43, 44, 48, 47]]
        ],
        [
            [10, [42, 40, 38, 37, 31, 25]]
        ],
        [
            [20, [49, 46, 50, 45]]
        ],
        [
            [5, [39, 41]]
        ]
    ]
]",,,1578.2102454055823,0,10,3.8,,,,,results/sol_best_R101_2.5.dat_A8_L120_pid2782.txt,(not found),R101_2.5.dat_A8_L120_r3.log
97,test_data/data_demand_random_50_batch_all1_equal_random/R101_2.dat,4.0,60.0,1,1330.97,"[
    [
        [
            [0, [14, 8, 5, 10, 4, 23, 6, 22, 16, 15, 25, 27]],
            [31, []],
            [14, []],
            [41, [31, 29, 32]],
            [8, [36, 35, 34]],
            [5, []],
            [39, []],
            [10, []],
            [4, [44, 45, 41]],
            [49, []],
            [23, []],
            [46, []],
            [6, []],
            [22, []],
            [16, []],
            [36, []],
            [43, []],
            [15, []],
            [25, []],
            [45, []],
            [32, []],
            [48, []],
            [27, []]
        ],
        [
            [0, [17, 13, 12, 11, 20, 3, 19, 18, 7, 2, 9, 1, 21]],
            [17, []],
            [29, []],
            [13, [28, 24, 26]],
            [37, []],
            [30, []],
            [28, [28]],
            [44, []],
            [35, []],
            [34, []],
            [12, []],
            [11, []],
            [24, [24]],
            [20, []],
            [3, [39, 40, 42]],
            [19, [50, 49, 46, 43]],
            [47, [37, 33, 38, 30]],
            [18, []],
            [7, []],
            [2, []],
            [40, []],
            [33, []],
            [9, []],
            [1, [47, 48]],
            [42, []],
            [26, [26]],
            [21, []],
            [50, []],
            [38, []]
        ]
    ],
    [
        [
            [13, [28, 24, 26]]
        ],
        [
            [41, [31, 29, 32]]
        ],
        [
            [8, [36, 35, 34]]
        ],
        [
            [4, [44, 45, 41]]
        ],
        [
            [3, [39, 40, 42]]
        ],
        [
            [19, [50, 49, 46, 43]]
        ],
        [
            [47, [37, 33, 38, 30]]
        ],
        [
            [1, [47, 48]]
        ]
    ]
]",,,1222.67580738832,0,8,3.125,,,,,results/sol_best_R101_2.dat_A4_L60_pid2869.txt,(not found),R101_2.dat_A4_L60_r1.log
97,test_data/data_demand_random_50_batch_all1_equal_random/R101_2.dat,4.0,60.0,2,1098.97,"[
    [
        [
            [0, [7, 10, 6, 14, 16, 17]],
            [11, []],
            [29, []],
            [44, []],
            [18, []],
            [30, []],
            [28, []],
            [7, []],
            [10, [27, 22]],
            [38, []],
            [50, []],
            [21, []],
            [26, []],
            [6, []],
            [14, []],
            [22, []],
            [16, []],
            [36, []],
            [31, []],
            [27, []],
            [48, []],
            [32, []],
            [17, []]
        ],
        [
            [0, [2, 5, 3, 4, 1]],
            [40, []],
            [37, []],
            [2, [9]],
            [33, []],
            [42, []],
            [9, []],
            [46, []],
            [41, []],
            [43, []],
            [23, [23, 20, 21]],
            [8, [8, 11]],
            [15, [15, 13, 12]],
            [13, [19, 18]],
            [25, [25, 28, 24, 26]],
            [5, []],
            [39, []],
            [47, [37, 33, 38, 30]],
            [35, [35, 34]],
            [12, []],
            [34, [29, 31, 32]],
            [20, []],
            [24, []],
            [3, [39, 40, 42]],
            [45, []],
            [19, [50, 49, 46]],
            [4, [44, 45, 43, 41, 36]],
            [1, [47, 48]],
            [49, []]
        ]
    ],
    [
        [
            [2, [9]]
        ],
        [
            [23, [23, 20, 21]]
        ],
        [
            [8, [8, 11]]
        ],
        [
            [15, [15, 13, 12]]
        ],
        [
            [10, [27, 22]]
        ],
        [
            [13, [19, 18]]
        ],
        [
            [25, [25, 28, 24, 26]]
        ],
        [
            [47, [37, 33, 38, 30]]
        ],
        [
            [35, [35, 34]]
        ],
        [
            [34, [29, 31, 32]]
        ],
        [
            [3, [39, 40, 42]]
        ],
        [
            [19, [50, 49, 46]]
        ],
        [
            [4, [44, 45, 43, 41, 36]]
        ],
        [
            [1, [47, 48]]
        ]
    ]
]",,,664.8739342109182,0,14,2.7857142857142856,,,,,results/sol_best_R101_2.dat_A4_L60_pid2871.txt,(not found),R101_2.dat_A4_L60_r2.log
97,test_data/data_demand_random_50_batch_all1_equal_random/R101_2.dat,4.0,60.0,3,1147.76,"[
    [
        [
            [0, [5]],
            [37, []],
            [39, []],
            [13, [11, 9, 6, 8, 13, 12, 14, 15]],
            [24, []],
            [11, []],
            [12, []],
            [29, []],
            [5, [22, 16, 17, 19, 21]],
            [49, [26, 25, 27, 24]],
            [38, []],
            [42, []],
            [33, []],
            [9, []],
            [46, []],
            [6, []],
            [14, []],
            [36, []],
            [16, []],
            [22, []],
            [41, []],
            [8, [37, 38]],
            [25, []],
            [47, []],
            [44, []],
            [35, []],
            [34, []],
            [19, [50, 49, 46, 43]],
            [45, []],
            [32, []],
            [48, []],
            [27, []]
        ],
        [
            [0, [20, 23, 3, 18, 7, 10, 2, 1, 4]],
            [20, []],
            [43, [31, 29, 30, 28]],
            [23, []],
            [15, []],
            [17, []],
            [31, []],
            [3, [39, 40, 42]],
            [18, []],
            [28, []],
            [30, []],
            [7, []],
            [10, []],
            [2, []],
            [40, []],
            [21, []],
            [26, []],
            [1, [47, 48, 44, 45, 41, 32]],
            [50, []],
            [4, [33, 36, 35, 34]]
        ]
    ],
    [
        [
            [13, [11, 9, 6, 8]]
        ],
        [
            [13, [13, 12, 14, 15]]
        ],
        [
            [5, [22, 16, 17, 19, 21]]
        ],
        [
            [49, [26, 25, 27, 24]]
        ],
        [
            [8, [37, 38]]
        ],
        [
            [43, [31, 29, 30, 28]]
        ],
        [
            [3, [39, 40, 42]]
        ],
        [
            [19, [50, 49, 46, 43]]
        ],
        [
            [1, [47, 48, 44, 45, 41, 32]]
        ],
        [
            [4, [33, 36, 35, 34]]
        ]
    ]
]",,,1374.417132330841,0,10,4.0,,,,,results/sol_best_R101_2.dat_A4_L60_pid2872.txt,(not found),R101_2.dat_A4_L60_r3.log
98,test_data/data_demand_random_50_batch_all1_equal_random/R101_2.dat,4.0,90.0,1,1180.62,"[
    [
        [
            [0, [5, 2, 4]],
            [8, []],
            [9, []],
            [42, []],
            [33, []],
            [40, []],
            [38, [6, 9, 8, 10]],
            [19, [19, 16, 17, 18]],
            [24, []],
            [16, []],
            [36, []],
            [22, [22, 23]],
            [14, []],
            [6, [14, 15, 13]],
            [41, [31, 32]],
            [43, []],
            [13, []],
            [5, [36, 35, 34, 38]],
            [47, [29, 30, 39]],
            [39, []],
            [37, []],
            [2, []],
            [4, [44, 45, 41]],
            [50, []],
            [46, [25, 27, 24]],
            [23, []],
            [15, []],
            [31, []],
            [27, []],
            [48, []],
            [32, []],
            [17, []],
            [25, []]
        ],
        [
            [0, [28, 7, 20, 3, 11, 12, 21, 26, 1]],
            [45, []],
            [29, []],
            [28, []],
            [30, []],
            [7, []],
            [35, []],
            [34, []],
            [20, []],
            [3, [46, 43, 40, 42]],
            [11, []],
            [12, [50, 49, 37, 33]],
            [44, []],
            [18, []],
            [10, []],
            [21, []],
            [26, []],
            [1, [47, 48]],
            [49, []]
        ]
    ],
    [
        [
            [38, [6, 9, 8, 10]]
        ],
        [
            [19, [19, 16, 17, 18]]
        ],
        [
            [22, [22, 23]]
        ],
        [
            [6, [14, 15, 13]]
        ],
        [
            [41, [31, 32]]
        ],
        [
            [5, [36, 35, 34, 38]]
        ],
        [
            [47, [29, 30, 39]]
        ],
        [
            [4, [44, 45, 41]]
        ],
        [
            [3, [46, 43, 40, 42]]
        ],
        [
            [46, [25, 27, 24]]
        ],
        [
            [12, [50, 49, 37, 33]]
        ],
        [
            [1, [47, 48]]
        ]
    ]
]",,,1422.0936328629098,0,12,3.1666666666666665,,,,,results/sol_best_R101_2.dat_A4_L90_pid2736.txt,(not found),R101_2.dat_A4_L90_r1.log
98,test_data/data_demand_random_50_batch_all1_equal_random/R101_2.dat,4.0,90.0,2,1316.62,"[
    [
        [
            [0, [10, 2, 7, 5, 8, 9, 14, 15, 4, 13]],
            [10, [16, 18]],
            [2, []],
            [33, []],
            [42, []],
            [50, [25, 27, 22]],
            [7, [32]],
            [39, []],
            [5, [36, 35, 34]],
            [8, [39, 40, 42]],
            [46, []],
            [9, []],
            [14, []],
            [22, []],
            [16, [16]],
            [36, []],
            [43, []],
            [15, []],
            [25, []],
            [4, [44, 45, 43]],
            [47, []],
            [18, [18]],
            [35, []],
            [34, []],
            [13, []],
            [45, []],
            [32, []],
            [48, []],
            [27, []]
        ],
        [
            [0, [6, 31, 17, 19, 3, 24, 20, 11, 12, 29, 28, 30, 1, 26, 21, 23]],
            [6, [37, 33, 38]],
            [41, []],
            [31, []],
            [17, [41]],
            [19, []],
            [3, []],
            [24, []],
            [20, []],
            [11, []],
            [12, [50, 49, 46]],
            [29, []],
            [44, []],
            [28, []],
            [30, []],
            [37, []],
            [40, []],
            [1, [47, 48]],
            [26, []],
            [21, []],
            [38, []],
            [49, []],
            [23, []]
        ]
    ],
    [
        [
            [10, [16, 18]]
        ],
        [
            [6, [37, 33, 38]]
        ],
        [
            [50, [25, 27, 22]]
        ],
        [
            [7, [32]]
        ],
        [
            [5, [36, 35, 34]]
        ],
        [
            [8, [39, 40, 42]]
        ],
        [
            [17, [41]]
        ],
        [
            [4, [44, 45, 43]]
        ],
        [
            [12, [50, 49, 46]]
        ],
        [
            [1, [47, 48]]
        ]
    ]
]",,,1179.3247082052108,0,10,2.4,,,,,results/sol_best_R101_2.dat_A4_L90_pid2738.txt,(not found),R101_2.dat_A4_L90_r2.log
98,test_data/data_demand_random_50_batch_all1_equal_random/R101_2.dat,4.0,90.0,3,1124.62,"[
    [
        [
            [0, [5, 2, 4]],
            [27, []],
            [5, [9, 6, 8, 10, 7]],
            [39, []],
            [7, []],
            [30, []],
            [2, []],
            [40, []],
            [38, []],
            [42, []],
            [9, []],
            [33, [14, 15, 13, 16, 17, 18, 21]],
            [21, []],
            [50, []],
            [16, [25, 27, 22, 23]],
            [31, [31, 32, 28]],
            [43, [36, 35, 34]],
            [36, []],
            [22, []],
            [14, []],
            [41, []],
            [6, []],
            [46, []],
            [8, []],
            [23, []],
            [15, []],
            [17, []],
            [25, []],
            [4, [44, 45, 41]],
            [44, []],
            [29, []]
        ],
        [
            [0, [3, 11, 1]],
            [28, [12]],
            [18, []],
            [10, []],
            [26, []],
            [37, []],
            [47, []],
            [35, []],
            [13, []],
            [45, []],
            [32, [37, 33, 38, 20]],
            [48, [24, 26, 19]],
            [24, [39, 40, 42]],
            [19, []],
            [3, [46, 43, 29, 30]],
            [20, []],
            [11, []],
            [12, [50, 49]],
            [34, []],
            [1, [47, 48]],
            [49, []]
        ]
    ],
    [
        [
            [28, [12]]
        ],
        [
            [5, [9, 6, 8, 10, 7]]
        ],
        [
            [33, [14, 15, 13]]
        ],
        [
            [33, [16, 17, 18, 21]]
        ],
        [
            [16, [25, 27, 22, 23]]
        ],
        [
            [31, [31, 32, 28]]
        ],
        [
            [43, [36, 35, 34]]
        ],
        [
            [32, [37, 33, 38, 20]]
        ],
        [
            [48, [24, 26, 19]]
        ],
        [
            [24, [39, 40, 42]]
        ],
        [
            [4, [44, 45, 41]]
        ],
        [
            [3, [46, 43, 29, 30]]
        ],
        [
            [12, [50, 49]]
        ],
        [
            [1, [47, 48]]
        ]
    ]
]",,,1392.398173139358,0,14,3.142857142857143,,,,,results/sol_best_R101_2.dat_A4_L90_pid2739.txt,(not found),R101_2.dat_A4_L90_r3.log
99,test_data/data_demand_random_50_batch_all1_equal_random/R101_2.dat,4.0,120.0,1,1229.62,"[
    [
        [
            [0, [2, 5, 4]],
            [10, [9, 10, 7, 6, 8]],
            [38, []],
            [8, []],
            [6, []],
            [14, [14, 15, 13, 18, 16, 17]],
            [46, [21, 22]],
            [9, []],
            [33, []],
            [42, []],
            [50, []],
            [21, []],
            [2, []],
            [7, [31, 32]],
            [39, []],
            [5, []],
            [25, [41, 36, 35, 34]],
            [15, []],
            [36, []],
            [16, []],
            [22, []],
            [41, []],
            [43, []],
            [31, []],
            [17, []],
            [4, [44, 45]],
            [47, []],
            [13, []],
            [45, []],
            [32, []],
            [48, []],
            [27, []]
        ],
        [
            [0, [23, 20, 24, 11, 3, 19, 12, 28, 1]],
            [23, []],
            [18, [25, 27]],
            [44, []],
            [35, []],
            [34, []],
            [29, []],
            [20, []],
            [24, [39, 40, 42, 26]],
            [11, []],
            [3, [46, 43, 29, 30]],
            [19, []],
            [12, [50, 49]],
            [28, [37, 33, 38]],
            [30, []],
            [37, []],
            [40, []],
            [26, []],
            [1, [47, 48]],
            [49, []]
        ]
    ],
    [
        [
            [10, [9]]
        ],
        [
            [10, [10, 7, 6, 8]]
        ],
        [
            [14, [14, 15, 13]]
        ],
        [
            [14, [18, 16, 17]]
        ],
        [
            [18, [25, 27]]
        ],
        [
            [46, [21, 22]]
        ],
        [
            [7, [31, 32]]
        ],
        [
            [25, [41, 36, 35, 34]]
        ],
        [
            [4, [44, 45]]
        ],
        [
            [24, [39, 40, 42, 26]]
        ],
        [
            [3, [46, 43, 29, 30]]
        ],
        [
            [12, [50, 49]]
        ],
        [
            [28, [37, 33, 38]]
        ],
        [
            [1, [47, 48]]
        ]
    ]
]",,,1239.9941941713516,0,14,2.7142857142857144,,,,,results/sol_best_R101_2.dat_A4_L120_pid2772.txt,(not found),R101_2.dat_A4_L120_r1.log
99,test_data/data_demand_random_50_batch_all1_equal_random/R101_2.dat,4.0,120.0,2,1437.18,"[
    [
        [
            [0, [5, 4, 9, 14, 16, 22, 6, 8, 1, 26, 21, 23, 15, 25, 17, 12, 19, 3, 27]],
            [5, []],
            [4, [32]],
            [9, [36, 35, 34]],
            [46, []],
            [14, []],
            [36, []],
            [16, []],
            [22, []],
            [6, []],
            [8, []],
            [1, [47, 48, 44, 45]],
            [26, []],
            [21, []],
            [23, []],
            [15, []],
            [25, []],
            [17, []],
            [47, []],
            [44, []],
            [35, []],
            [34, []],
            [12, [50, 49]],
            [19, []],
            [3, [46, 43]],
            [45, []],
            [32, []],
            [48, []],
            [27, []]
        ],
        [
            [0, [13, 11, 24, 20, 29, 18, 28, 30, 37, 7, 10, 2, 33, 38, 31]],
            [13, []],
            [11, []],
            [24, [39, 40, 42, 41]],
            [20, []],
            [29, []],
            [18, []],
            [28, []],
            [30, []],
            [37, []],
            [7, []],
            [39, [39]],
            [10, []],
            [2, []],
            [40, [40]],
            [33, []],
            [42, [42]],
            [50, []],
            [38, []],
            [49, []],
            [31, []],
            [41, [41]],
            [43, []]
        ]
    ],
    [
        [
            [24, [39, 40, 42, 41]]
        ],
        [
            [4, [32]]
        ],
        [
            [9, [36, 35, 34]]
        ],
        [
            [1, [47, 48, 44, 45]]
        ],
        [
            [12, [50, 49]]
        ],
        [
            [3, [46, 43]]
        ]
    ]
]",1699.62,"[
    [
        [
            [0, [5, 4, 1, 9, 14, 36, 16, 22, 6, 8, 26, 21, 23, 15, 25, 17, 35, 34, 13, 32, 27]],
            [5, []],
            [4, [44, 45]],
            [1, [47, 48]],
            [9, []],
            [14, []],
            [36, []],
            [16, []],
            [22, []],
            [6, []],
            [8, []],
            [26, []],
            [21, []],
            [23, []],
            [15, []],
            [25, []],
            [17, []],
            [47, []],
            [44, []],
            [35, []],
            [34, []],
            [13, []],
            [45, []],
            [32, []],
            [48, []],
            [27, []]
        ],
        [
            [0, [3, 11, 12, 19, 24, 20, 29, 18, 28, 30, 37, 7, 39, 10, 2, 40, 33, 42, 38, 31, 41]],
            [3, [46, 43]],
            [11, []],
            [12, [50, 49]],
            [19, []],
            [24, []],
            [20, []],
            [29, []],
            [18, []],
            [28, []],
            [30, []],
            [37, []],
            [7, []],
            [39, []],
            [10, []],
            [2, []],
            [40, []],
            [33, []],
            [46, [46]],
            [42, []],
            [50, []],
            [38, []],
            [49, []],
            [31, []],
            [41, []],
            [43, [43]]
        ]
    ],
    [
        [
            [3, [46, 43]],
            [4, [44, 45]]
        ],
        [
            [1, [47, 48]]
        ],
        [
            [12, [50, 49]]
        ]
    ]
]",935.8199378354466,0,6,2.6666666666666665,825.6811207342162,1,3,2.6666666666666665,results/sol_best_R101_2.dat_A4_L120_pid2774.txt,results/sol_best_multi_R101_2.dat_A4_L120_pid2774.txt,R101_2.dat_A4_L120_r2.log
99,test_data/data_demand_random_50_batch_all1_equal_random/R101_2.dat,4.0,120.0,3,1239.0,"[
    [
        [
            [0, [41, 14, 22, 8, 25, 4, 18, 35, 34, 13, 32, 27]],
            [43, []],
            [41, []],
            [14, []],
            [22, []],
            [8, []],
            [25, []],
            [4, [44, 45]],
            [47, []],
            [18, []],
            [44, []],
            [35, []],
            [34, []],
            [13, []],
            [45, []],
            [32, []],
            [48, []],
            [27, []]
        ],
        [
            [0, [5, 3, 2, 1]],
            [49, []],
            [38, []],
            [50, []],
            [42, []],
            [33, [9, 11, 7, 10]],
            [9, []],
            [46, []],
            [6, [6]],
            [15, [17, 19, 15, 12]],
            [10, []],
            [7, []],
            [39, []],
            [5, [24, 28, 26, 23]],
            [24, []],
            [19, [31, 29, 30]],
            [17, [36, 37, 33, 38]],
            [31, []],
            [16, []],
            [36, [39, 40, 42]],
            [3, [46, 43]],
            [20, []],
            [11, []],
            [12, [50, 49]],
            [29, []],
            [28, []],
            [30, []],
            [37, [20, 21, 16]],
            [2, []],
            [40, []],
            [21, []],
            [26, []],
            [1, [47, 48]],
            [23, []]
        ]
    ],
    [
        [
            [4, [44, 45]]
        ],
        [
            [33, [9, 11, 7, 10]]
        ],
        [
            [6, [6]]
        ],
        [
            [15, [17, 19, 15, 12]]
        ],
        [
            [5, [24, 28, 26, 23]]
        ],
        [
            [19, [31, 29, 30]]
        ],
        [
            [17, [36, 37, 33, 38]]
        ],
        [
            [36, [39, 40, 42]]
        ],
        [
            [3, [46, 43]]
        ],
        [
            [12, [50, 49]]
        ],
        [
            [37, [20, 21, 16]]
        ],
        [
            [1, [47, 48]]
        ]
    ]
]",,,675.1986873651757,0,12,2.8333333333333335,,,,,results/sol_best_R101_2.dat_A4_L120_pid2775.txt,(not found),R101_2.dat_A4_L120_r3.log
100,test_data/data_demand_random_50_batch_all1_equal_random/R101_2.dat,8.0,60.0,1,1225.5,"[
    [
        [
            [0, [9, 8, 1, 4]],
            [14, []],
            [46, []],
            [42, []],
            [9, []],
            [33, []],
            [40, []],
            [21, [21]],
            [26, []],
            [50, []],
            [8, [14, 15, 24, 25, 27, 22, 20, 17, 18]],
            [22, []],
            [24, []],
            [17, [41, 36, 35, 34, 32]],
            [43, []],
            [15, []],
            [1, [47, 48, 44, 45]],
            [49, []],
            [4, []],
            [47, []],
            [18, []],
            [35, []],
            [34, []],
            [20, []],
            [45, []],
            [32, []],
            [48, []],
            [27, []]
        ],
        [
            [0, [5, 6, 3, 11, 12, 7, 10, 2, 13]],
            [38, [16, 19]],
            [5, []],
            [25, []],
            [23, [23]],
            [36, []],
            [16, [16]],
            [6, []],
            [41, []],
            [31, [37, 33, 38, 31, 29, 30, 28, 26]],
            [3, [39, 40, 42]],
            [11, []],
            [12, []],
            [29, []],
            [44, []],
            [28, []],
            [30, []],
            [37, []],
            [7, []],
            [39, []],
            [10, []],
            [2, []],
            [19, [50, 49, 46, 43]],
            [13, []]
        ]
    ],
    [
        [
            [38, [16, 19]]
        ],
        [
            [23, [23]]
        ],
        [
            [21, [21]]
        ],
        [
            [8, [14, 15]]
        ],
        [
            [8, [24, 25, 27, 22, 20, 17, 18]]
        ],
        [
            [17, [41, 36, 35, 34, 32]]
        ],
        [
            [31, [37, 33, 38, 31, 29, 30, 28, 26]]
        ],
        [
            [3, [39, 40, 42]]
        ],
        [
            [1, [47, 48, 44, 45]]
        ],
        [
            [19, [50, 49, 46, 43]]
        ]
    ]
]",,,1302.8680019820372,0,10,3.7,,,,,results/sol_best_R101_2.dat_A8_L60_pid2808.txt,(not found),R101_2.dat_A8_L60_r1.log
100,test_data/data_demand_random_50_batch_all1_equal_random/R101_2.dat,8.0,60.0,2,1152.97,"[
    [
        [
            [0, [1, 4]],
            [40, []],
            [23, []],
            [46, []],
            [33, []],
            [42, []],
            [41, [9, 6, 8, 17, 16, 14, 15, 13, 18]],
            [36, []],
            [43, []],
            [17, [26, 25, 27, 22, 21, 23]],
            [15, []],
            [9, []],
            [14, []],
            [16, []],
            [22, []],
            [6, []],
            [8, []],
            [21, []],
            [26, []],
            [1, [47, 48, 44, 45, 35, 34, 32]],
            [50, []],
            [4, []],
            [47, []],
            [13, []],
            [45, []],
            [27, []]
        ],
        [
            [0, [2, 10, 3, 11, 7, 5]],
            [29, []],
            [35, []],
            [34, [12]],
            [32, []],
            [48, []],
            [2, []],
            [10, []],
            [37, []],
            [18, []],
            [38, [24, 28, 20, 19, 38, 37, 33, 36, 31, 29, 30]],
            [49, []],
            [31, []],
            [3, [39, 40, 42, 41]],
            [24, []],
            [11, []],
            [20, []],
            [19, [50, 49, 46, 43]],
            [12, [12]],
            [44, []],
            [28, []],
            [30, []],
            [7, []],
            [39, []],
            [5, []],
            [25, []]
        ]
    ],
    [
        [
            [34, [12]]
        ],
        [
            [41, [9, 6, 8]]
        ],
        [
            [41, [17, 16, 14, 15, 13, 18]]
        ],
        [
            [17, [26, 25, 27, 22, 21, 23]]
        ],
        [
            [38, [24, 28, 20, 19]]
        ],
        [
            [38, [38, 37, 33, 36, 31, 29, 30]]
        ],
        [
            [1, [47, 48, 44, 45, 35, 34, 32]]
        ],
        [
            [3, [39, 40, 42, 41]]
        ],
        [
            [19, [50, 49, 46, 43]]
        ]
    ]
]",,,1369.236317148727,0,9,4.666666666666667,,,,,results/sol_best_R101_2.dat_A8_L60_pid2810.txt,(not found),R101_2.dat_A8_L60_r2.log
100,test_data/data_demand_random_50_batch_all1_equal_random/R101_2.dat,8.0,60.0,3,1071.5,"[
    [
        [
            [0, [3, 5, 4]],
            [18, []],
            [50, [9, 6, 8, 14, 15, 13]],
            [8, []],
            [36, [16, 17, 18]],
            [16, []],
            [22, []],
            [14, []],
            [41, [22, 21]],
            [6, []],
            [46, []],
            [9, []],
            [26, []],
            [21, []],
            [38, []],
            [49, []],
            [23, []],
            [31, []],
            [43, []],
            [15, []],
            [3, [37, 33, 36]],
            [13, []],
            [5, []],
            [47, []],
            [4, [44, 45]],
            [25, []],
            [45, []],
            [32, []],
            [48, []],
            [27, []]
        ],
        [
            [0, [12, 11, 7, 10, 2, 1, 19]],
            [29, []],
            [12, []],
            [11, []],
            [24, []],
            [34, [24, 28, 20, 23]],
            [20, []],
            [35, [29, 30]],
            [44, []],
            [28, []],
            [30, []],
            [37, []],
            [7, []],
            [39, []],
            [10, []],
            [2, []],
            [40, []],
            [33, []],
            [42, []],
            [1, [47, 48]],
            [17, [35, 34, 38, 31, 32, 26, 25, 27]],
            [19, [50, 49, 46, 43, 39, 40, 42, 41]]
        ]
    ],
    [
        [
            [50, [9, 6, 8]]
        ],
        [
            [50, [14, 15, 13]]
        ],
        [
            [36, [16, 17, 18]]
        ],
        [
            [41, [22, 21]]
        ],
        [
            [3, [37, 33, 36]]
        ],
        [
            [34, [24, 28, 20, 23]]
        ],
        [
            [35, [29, 30]]
        ],
        [
            [4, [44, 45]]
        ],
        [
            [1, [47, 48]]
        ],
        [
            [17, [35, 34, 38, 31, 32, 26, 25, 27]]
        ],
        [
            [19, [50, 49, 46, 43, 39, 40, 42, 41]]
        ]
    ]
]",,,1309.3366242533357,0,11,3.6363636363636362,,,,,results/sol_best_R101_2.dat_A8_L60_pid2811.txt,(not found),R101_2.dat_A8_L60_r3.log
101,test_data/data_demand_random_50_batch_all1_equal_random/R101_2.dat,8.0,90.0,1,1074.76,"[
    [
        [
            [0, [2, 5]],
            [50, []],
            [38, []],
            [2, []],
            [10, [10]],
            [39, [9, 6, 8]],
            [5, []],
            [36, [15, 12]],
            [43, [17, 19, 16, 14, 13]],
            [23, []],
            [8, []],
            [9, []],
            [46, []],
            [6, []],
            [41, []],
            [17, [24, 26, 25, 27, 22, 23]],
            [25, []],
            [13, []],
            [19, []],
            [24, []],
            [11, []],
            [29, []],
            [44, []],
            [12, [50, 49]],
            [45, []],
            [27, []]
        ],
        [
            [0, [3, 4, 1]],
            [32, []],
            [48, []],
            [16, []],
            [22, []],
            [14, []],
            [15, []],
            [31, []],
            [21, []],
            [33, []],
            [26, [21, 20, 18]],
            [40, []],
            [7, [7, 11]],
            [28, []],
            [30, []],
            [37, [29, 30, 28]],
            [47, [37, 33, 38]],
            [18, []],
            [35, []],
            [34, []],
            [20, []],
            [3, [46, 43, 39, 40]],
            [4, [36, 35, 34, 31, 32]],
            [42, [42, 41]],
            [1, [47, 48, 44, 45]],
            [49, []]
        ]
    ],
    [
        [
            [10, [10]]
        ],
        [
            [39, [9, 6, 8]]
        ],
        [
            [36, [15, 12]]
        ],
        [
            [43, [17, 19, 16, 14, 13]]
        ],
        [
            [17, [24, 26, 25, 27, 22, 23]]
        ],
        [
            [26, [21, 20, 18]]
        ],
        [
            [7, [7, 11]]
        ],
        [
            [37, [29, 30, 28]]
        ],
        [
            [12, [50, 49]]
        ],
        [
            [47, [37, 33, 38]]
        ],
        [
            [3, [46, 43, 39, 40]]
        ],
        [
            [4, [36, 35, 34, 31, 32]]
        ],
        [
            [42, [42, 41]]
        ],
        [
            [1, [47, 48, 44, 45]]
        ]
    ]
]",,,1430.7060656097165,0,14,3.2142857142857144,,,,,results/sol_best_R101_2.dat_A8_L90_pid2759.txt,(not found),R101_2.dat_A8_L90_r1.log
101,test_data/data_demand_random_50_batch_all1_equal_random/R101_2.dat,8.0,90.0,2,1146.76,"[
    [
        [
            [0, [7, 5, 2]],
            [20, []],
            [29, [15]],
            [44, []],
            [30, []],
            [7, []],
            [28, []],
            [37, [25]],
            [39, []],
            [5, []],
            [18, []],
            [2, []],
            [10, []],
            [21, []],
            [40, []],
            [38, []],
            [49, []],
            [23, []],
            [36, []],
            [16, [16]],
            [15, [15]],
            [25, []]
        ],
        [
            [0, [3, 4, 1]],
            [34, []],
            [19, []],
            [45, []],
            [32, [9, 8, 11, 10, 6]],
            [48, []],
            [6, []],
            [41, []],
            [42, []],
            [26, []],
            [33, [17, 19, 18, 14, 12, 13]],
            [9, [20, 21, 23, 22]],
            [46, []],
            [14, []],
            [22, []],
            [43, []],
            [31, [31, 24, 28, 26, 30, 27]],
            [27, []],
            [17, [35, 37, 33, 38]],
            [47, [39, 40, 42]],
            [13, []],
            [3, [46, 43]],
            [24, []],
            [11, []],
            [12, [50, 49]],
            [35, []],
            [4, [44, 45, 41, 36, 34, 29, 32]],
            [50, []],
            [1, [47, 48]],
            [8, []]
        ]
    ],
    [
        [
            [29, [15]]
        ],
        [
            [32, [9, 8, 11, 10, 6]]
        ],
        [
            [33, [17, 19, 18, 14, 12, 13]]
        ],
        [
            [9, [20, 21, 23, 22]]
        ],
        [
            [37, [25]]
        ],
        [
            [16, [16]]
        ],
        [
            [31, [31, 24, 28, 26, 30, 27]]
        ],
        [
            [17, [35, 37, 33, 38]]
        ],
        [
            [47, [39, 40, 42]]
        ],
        [
            [3, [46, 43]]
        ],
        [
            [12, [50, 49]]
        ],
        [
            [4, [44, 45, 41, 36, 34, 29, 32]]
        ],
        [
            [1, [47, 48]]
        ]
    ]
]",,,813.2962156090346,0,13,3.3846153846153846,,,,,results/sol_best_R101_2.dat_A8_L90_pid2761.txt,(not found),R101_2.dat_A8_L90_r2.log
101,test_data/data_demand_random_50_batch_all1_equal_random/R101_2.dat,8.0,90.0,3,1124.62,"[
    [
        [
            [0, [2, 5, 4, 3]],
            [29, []],
            [44, []],
            [28, [6, 8, 7, 10]],
            [2, []],
            [40, []],
            [38, []],
            [26, []],
            [7, []],
            [30, []],
            [37, [23]],
            [10, []],
            [21, []],
            [50, []],
            [23, []],
            [43, []],
            [41, []],
            [6, []],
            [46, []],
            [8, []],
            [15, []],
            [17, []],
            [25, []],
            [5, []],
            [4, [44, 45, 43, 41]],
            [47, []],
            [39, []],
            [18, []],
            [35, []],
            [34, []],
            [13, []],
            [3, []],
            [45, []],
            [32, []],
            [48, []],
            [27, []]
        ],
        [
            [0, [9, 14, 16, 11, 12, 1]],
            [33, [15, 13]],
            [9, [26, 28, 22, 20, 21]],
            [42, [19, 17, 18]],
            [14, []],
            [22, []],
            [16, [36, 37, 33, 38, 31, 29, 30]],
            [36, []],
            [31, [39, 40, 42]],
            [19, [35, 34]],
            [20, []],
            [24, [32, 24, 25, 27]],
            [11, []],
            [12, [50, 49, 46]],
            [49, []],
            [1, [47, 48]]
        ]
    ],
    [
        [
            [28, [6, 8, 7, 10]]
        ],
        [
            [37, [23]]
        ],
        [
            [33, [15, 13]]
        ],
        [
            [9, [26, 28, 22, 20, 21]]
        ],
        [
            [42, [19, 17, 18]]
        ],
        [
            [4, [44, 45, 43, 41]]
        ],
        [
            [16, [36, 37, 33, 38, 31, 29, 30]]
        ],
        [
            [31, [39, 40, 42]]
        ],
        [
            [19, [35, 34]]
        ],
        [
            [24, [32, 24, 25, 27]]
        ],
        [
            [12, [50, 49, 46]]
        ],
        [
            [1, [47, 48]]
        ]
    ]
]",,,837.8079001281786,0,12,3.3333333333333335,,,,,results/sol_best_R101_2.dat_A8_L90_pid2762.txt,(not found),R101_2.dat_A8_L90_r3.log
102,test_data/data_demand_random_50_batch_all1_equal_random/R101_2.dat,8.0,120.0,1,1340.62,"[
    [
        [
            [0, [25, 4, 9, 14, 22, 6, 1, 8, 15, 17, 5, 13, 27]],
            [25, [29, 30, 31, 32]],
            [4, []],
            [33, [36, 35, 34]],
            [9, []],
            [46, []],
            [14, []],
            [22, []],
            [41, []],
            [6, []],
            [1, [47, 48, 43, 44, 45, 41]],
            [8, []],
            [43, []],
            [15, []],
            [31, []],
            [17, []],
            [47, []],
            [5, []],
            [35, []],
            [34, []],
            [13, []],
            [45, []],
            [32, []],
            [48, []],
            [27, []]
        ],
        [
            [0, [16, 3, 19, 11, 12, 18, 7, 10, 2]],
            [36, []],
            [16, []],
            [28, [20, 21, 23]],
            [24, [37, 33, 38]],
            [3, [39, 40, 42]],
            [19, []],
            [20, [20]],
            [11, []],
            [12, [50, 49, 46]],
            [29, []],
            [44, []],
            [18, [24, 28, 26]],
            [30, []],
            [37, []],
            [7, []],
            [39, []],
            [10, []],
            [2, []],
            [40, []],
            [21, [21]],
            [26, []],
            [42, []],
            [50, []],
            [38, []],
            [49, []],
            [23, [23]]
        ]
    ],
    [
        [
            [28, [20, 21, 23]]
        ],
        [
            [25, [29, 30, 31, 32]]
        ],
        [
            [33, [36, 35, 34]]
        ],
        [
            [24, [37, 33, 38]]
        ],
        [
            [3, [39, 40, 42]]
        ],
        [
            [1, [47, 48, 43, 44, 45, 41]]
        ],
        [
            [12, [50, 49, 46]]
        ],
        [
            [18, [24, 28, 26]]
        ]
    ]
]",,,1189.9132521327379,0,8,3.5,,,,,results/sol_best_R101_2.dat_A8_L120_pid2757.txt,(not found),R101_2.dat_A8_L120_r1.log
102,test_data/data_demand_random_50_batch_all1_equal_random/R101_2.dat,8.0,120.0,2,1457.86,"[
    [
        [
            [0, [31, 19, 24, 5, 4, 9, 14, 16, 8, 15, 13, 32, 27]],
            [31, []],
            [19, []],
            [24, [36, 35, 34]],
            [5, []],
            [4, [44, 45, 41]],
            [46, []],
            [9, []],
            [14, []],
            [36, []],
            [16, []],
            [8, [39, 40, 42]],
            [15, []],
            [47, []],
            [44, []],
            [35, []],
            [34, []],
            [13, []],
            [45, []],
            [32, []],
            [48, []],
            [27, []]
        ],
        [
            [0, [25, 17, 6, 22, 3, 20, 11, 12, 29, 18, 28, 30, 7, 10, 2, 1, 26, 21, 23]],
            [25, []],
            [17, []],
            [6, [37, 33, 38]],
            [41, []],
            [22, []],
            [43, []],
            [3, [46, 43]],
            [20, []],
            [11, []],
            [12, [50, 49]],
            [29, []],
            [18, []],
            [28, []],
            [30, []],
            [37, [37]],
            [7, []],
            [39, []],
            [10, []],
            [2, []],
            [40, []],
            [33, [33]],
            [1, [47, 48]],
            [42, []],
            [26, []],
            [21, []],
            [50, []],
            [38, [38]],
            [49, []],
            [23, []]
        ]
    ],
    [
        [
            [6, [37, 33, 38]]
        ],
        [
            [24, [36, 35, 34]]
        ],
        [
            [4, [44, 45, 41]]
        ],
        [
            [3, [46, 43]]
        ],
        [
            [8, [39, 40, 42]]
        ],
        [
            [12, [50, 49]]
        ],
        [
            [1, [47, 48]]
        ]
    ]
]",,,1123.6579073443904,0,7,2.5714285714285716,,,,,results/sol_best_R101_2.dat_A8_L120_pid2759.txt,(not found),R101_2.dat_A8_L120_r2.log
102,test_data/data_demand_random_50_batch_all1_equal_random/R101_2.dat,8.0,120.0,3,1357.62,"[
    [
        [
            [0, [9, 5, 4, 8, 14, 6, 15, 13]],
            [9, [16, 17]],
            [16, []],
            [21, [25, 27, 21, 22, 26]],
            [50, []],
            [42, []],
            [26, [26]],
            [46, [36, 35, 34, 38, 31, 32]],
            [5, []],
            [4, [44, 45, 41]],
            [38, []],
            [8, []],
            [14, []],
            [36, []],
            [22, []],
            [41, []],
            [6, []],
            [43, []],
            [31, []],
            [15, []],
            [17, []],
            [25, []],
            [13, []],
            [45, []],
            [32, []],
            [48, []],
            [27, []]
        ],
        [
            [0, [18, 20, 24, 11, 3, 19, 12, 28, 7, 10, 2, 1, 23]],
            [35, []],
            [34, [29, 30]],
            [47, []],
            [18, []],
            [20, [39, 40, 42]],
            [24, []],
            [11, []],
            [3, [46, 43]],
            [19, []],
            [12, [50, 49]],
            [29, []],
            [44, [37, 33]],
            [28, []],
            [30, []],
            [37, []],
            [7, []],
            [39, []],
            [10, []],
            [2, []],
            [40, []],
            [33, []],
            [1, [47, 48]],
            [49, []],
            [23, []]
        ]
    ],
    [
        [
            [34, [29, 30]]
        ],
        [
            [9, [16, 17]]
        ],
        [
            [21, [25, 27, 21, 22, 26]]
        ],
        [
            [46, [36, 35, 34, 38, 31, 32]]
        ],
        [
            [4, [44, 45, 41]]
        ],
        [
            [20, [39, 40, 42]]
        ],
        [
            [3, [46, 43]]
        ],
        [
            [12, [50, 49]]
        ],
        [
            [44, [37, 33]]
        ],
        [
            [1, [47, 48]]
        ]
    ]
]",,,1219.0484424801384,0,10,2.9,,,,,results/sol_best_R101_2.dat_A8_L120_pid2760.txt,(not found),R101_2.dat_A8_L120_r3.log
103,test_data/data_demand_random_50_batch_all1_equal_random/R101_3.dat,4.0,60.0,1,1428.15,"[
    [
        [
            [0, [19, 18, 13, 10, 28, 30, 29, 31, 27]],
            [50, []],
            [47, []],
            [19, []],
            [18, []],
            [13, []],
            [10, []],
            [12, []],
            [16, []],
            [49, []],
            [28, []],
            [34, []],
            [33, []],
            [30, []],
            [41, []],
            [29, []],
            [36, []],
            [17, [46, 42, 45, 35]],
            [31, []],
            [27, []],
            [44, []],
            [48, []],
            [40, []],
            [39, []]
        ],
        [
            [0, [2, 4, 1, 6, 3, 5]],
            [11, []],
            [32, []],
            [8, [8, 11, 7, 9, 14, 15, 16, 12]],
            [2, []],
            [14, []],
            [15, []],
            [24, [21, 20, 17, 25, 24, 22, 26, 23]],
            [4, []],
            [43, []],
            [22, []],
            [26, []],
            [21, []],
            [1, []],
            [35, []],
            [38, []],
            [37, []],
            [20, []],
            [6, [32, 34, 33, 36]],
            [3, []],
            [46, []],
            [42, []],
            [25, [43, 41, 44]],
            [45, []],
            [23, []],
            [5, []],
            [7, [49, 48, 40, 39]],
            [9, [50, 47, 38, 37]]
        ]
    ],
    [
        [
            [8, [8, 11, 7, 9]]
        ],
        [
            [8, [14, 15, 16, 12]]
        ],
        [
            [24, [21, 20, 17, 25]]
        ],
        [
            [24, [24, 22, 26, 23]]
        ],
        [
            [17, [46, 42, 45, 35]]
        ],
        [
            [6, [32, 34, 33, 36]]
        ],
        [
            [25, [43, 41, 44]]
        ],
        [
            [7, [49, 48, 40, 39]]
        ],
        [
            [9, [50, 47, 38, 37]]
        ]
    ]
]",,,1886.547420158617,0,9,3.888888888888889,,,,,results/sol_best_R101_3.dat_A4_L60_pid2737.txt,(not found),R101_3.dat_A4_L60_r1.log
103,test_data/data_demand_random_50_batch_all1_equal_random/R101_3.dat,4.0,60.0,2,1455.76,"[
    [
        [
            [0, [10, 7, 5, 3]],
            [16, []],
            [29, [16, 13, 12, 15]],
            [46, []],
            [45, []],
            [32, []],
            [42, []],
            [13, []],
            [10, []],
            [7, []],
            [12, []],
            [23, []],
            [5, [23, 25, 18, 19, 27, 28, 30, 31, 34, 33, 36]],
            [25, []],
            [18, []],
            [20, []],
            [3, [40, 39]],
            [19, []],
            [27, []],
            [34, []],
            [28, []],
            [15, []],
            [30, []],
            [31, []],
            [49, []],
            [44, []],
            [48, []],
            [40, []],
            [39, []]
        ],
        [
            [0, [8, 11, 2, 4, 1, 6, 9]],
            [41, []],
            [36, []],
            [8, [14]],
            [11, []],
            [43, []],
            [2, []],
            [14, [14]],
            [24, []],
            [4, []],
            [22, []],
            [26, []],
            [21, []],
            [33, []],
            [17, [17, 21, 20, 24, 22, 26, 32, 35, 29]],
            [50, []],
            [35, []],
            [38, []],
            [37, []],
            [1, [49, 48]],
            [6, [43, 41, 44]],
            [47, []],
            [9, [46, 42, 45, 50, 47, 38, 37]]
        ]
    ],
    [
        [
            [8, [14]]
        ],
        [
            [29, [16, 13, 12, 15]]
        ],
        [
            [5, [23, 25, 18, 19]]
        ],
        [
            [5, [27, 28, 30, 31]]
        ],
        [
            [5, [34, 33, 36]]
        ],
        [
            [3, [40, 39]]
        ],
        [
            [17, [17, 21, 20]]
        ],
        [
            [17, [24, 22, 26]]
        ],
        [
            [17, [32, 35, 29]]
        ],
        [
            [1, [49, 48]]
        ],
        [
            [6, [43, 41, 44]]
        ],
        [
            [9, [46, 42, 45]]
        ],
        [
            [9, [50, 47, 38, 37]]
        ]
    ]
]",,,1847.6796217116867,0,13,3.0,,,,,results/sol_best_R101_3.dat_A4_L60_pid2739.txt,(not found),R101_3.dat_A4_L60_r2.log
103,test_data/data_demand_random_50_batch_all1_equal_random/R101_3.dat,4.0,60.0,3,1414.31,"[
    [
        [
            [0, [6]],
            [33, []],
            [30, [10]],
            [28, []],
            [50, []],
            [40, []],
            [39, []],
            [17, []],
            [6, [18, 19, 13]],
            [32, []],
            [42, []],
            [13, []],
            [10, []],
            [18, []],
            [46, []],
            [45, []],
            [19, [27, 28, 30, 31]],
            [27, []],
            [34, []],
            [49, []],
            [44, []],
            [48, []],
            [23, []],
            [7, [49, 48]]
        ],
        [
            [0, [4, 2, 5, 1, 3]],
            [29, []],
            [36, []],
            [31, []],
            [41, []],
            [4, []],
            [43, []],
            [2, []],
            [14, []],
            [15, []],
            [16, []],
            [12, []],
            [5, []],
            [21, [11, 7, 8, 9, 14, 15, 16, 12]],
            [11, []],
            [24, []],
            [22, []],
            [26, []],
            [47, [17, 21, 20, 25, 24, 22, 26, 23, 32]],
            [1, []],
            [35, [35, 29, 40, 39]],
            [38, []],
            [37, []],
            [20, []],
            [3, [34, 33, 36]],
            [25, [43, 41, 44]],
            [9, [50, 47]],
            [8, [38, 37, 46, 42, 45]]
        ]
    ],
    [
        [
            [30, [10]]
        ],
        [
            [6, [18, 19, 13]]
        ],
        [
            [21, [11, 7, 8, 9]]
        ],
        [
            [21, [14, 15, 16, 12]]
        ],
        [
            [19, [27, 28, 30, 31]]
        ],
        [
            [47, [17, 21, 20, 25]]
        ],
        [
            [47, [24, 22, 26, 23, 32]]
        ],
        [
            [35, [35, 29, 40, 39]]
        ],
        [
            [3, [34, 33, 36]]
        ],
        [
            [25, [43, 41, 44]]
        ],
        [
            [7, [49, 48]]
        ],
        [
            [9, [50, 47]]
        ],
        [
            [8, [38, 37]]
        ],
        [
            [8, [46, 42, 45]]
        ]
    ]
]",,,1810.934384258453,0,14,3.142857142857143,,,,,results/sol_best_R101_3.dat_A4_L60_pid2740.txt,(not found),R101_3.dat_A4_L60_r3.log
104,test_data/data_demand_random_50_batch_all1_equal_random/R101_3.dat,4.0,90.0,1,1679.97,"[
    [
        [
            [0, [5, 3, 10, 7, 25, 23, 18, 19, 9]],
            [5, []],
            [3, []],
            [32, []],
            [10, [27, 28, 30, 31]],
            [7, []],
            [25, []],
            [23, []],
            [18, []],
            [19, []],
            [27, [27, 27]],
            [28, [28, 28]],
            [34, []],
            [33, []],
            [30, [30, 30]],
            [9, [50, 47]],
            [41, []],
            [36, []],
            [31, [31, 31]],
            [49, []],
            [44, []],
            [48, []],
            [40, []],
            [39, []]
        ],
        [
            [0, [16, 12, 11, 4, 14, 15, 8, 1, 2, 13, 6]],
            [22, []],
            [43, [17, 21, 20]],
            [16, [26, 24, 22]],
            [12, []],
            [11, [29]],
            [26, []],
            [24, []],
            [4, [38, 37, 35]],
            [14, []],
            [15, []],
            [17, []],
            [29, [32, 34, 33, 36]],
            [8, [46, 42, 45]],
            [21, []],
            [1, []],
            [35, []],
            [38, []],
            [37, []],
            [2, []],
            [20, []],
            [46, []],
            [13, [49, 48]],
            [42, []],
            [45, []],
            [6, [43, 41, 44]],
            [47, []],
            [50, [40, 39]]
        ]
    ],
    [
        [
            [10, [27, 28, 30, 31]]
        ],
        [
            [43, [17, 21, 20]]
        ],
        [
            [16, [26, 24, 22]]
        ],
        [
            [11, [29]]
        ],
        [
            [4, [38, 37, 35]]
        ],
        [
            [29, [32, 34, 33, 36]]
        ],
        [
            [8, [46, 42, 45]]
        ],
        [
            [9, [50, 47]]
        ],
        [
            [13, [49, 48]]
        ],
        [
            [6, [43, 41, 44]]
        ],
        [
            [50, [40, 39]]
        ]
    ]
]",,,1989.6726092576012,0,11,2.727272727272727,,,,,results/sol_best_R101_3.dat_A4_L90_pid2737.txt,(not found),R101_3.dat_A4_L90_r1.log
104,test_data/data_demand_random_50_batch_all1_equal_random/R101_3.dat,4.0,90.0,2,1644.0,"[
    [
        [
            [0, [11, 2, 7, 5, 3, 10]],
            [15, [15, 16, 13]],
            [31, []],
            [11, [18, 19]],
            [2, []],
            [42, [26, 25, 23]],
            [16, [27, 28, 31]],
            [7, [30, 29]],
            [23, []],
            [5, [32, 34, 33, 36]],
            [26, []],
            [45, []],
            [3, []],
            [32, []],
            [25, []],
            [10, []],
            [13, [49, 48, 40, 39]],
            [18, []],
            [19, []],
            [27, []],
            [49, []],
            [44, []],
            [48, []],
            [40, []],
            [39, []]
        ],
        [
            [0, [17, 12, 14, 4, 8, 21, 1, 20, 6, 9]],
            [34, []],
            [28, []],
            [17, [24, 22]],
            [36, []],
            [12, []],
            [43, []],
            [14, []],
            [33, []],
            [30, []],
            [24, [24]],
            [22, [22]],
            [4, [38, 37, 35]],
            [8, [46, 42, 45]],
            [21, []],
            [1, []],
            [35, []],
            [38, []],
            [37, []],
            [20, []],
            [46, []],
            [6, [43, 41, 44]],
            [50, []],
            [47, []],
            [9, [50, 47]],
            [41, []],
            [29, []]
        ]
    ],
    [
        [
            [17, [24, 22]]
        ],
        [
            [15, [15, 16, 13]]
        ],
        [
            [11, [18, 19]]
        ],
        [
            [42, [26, 25, 23]]
        ],
        [
            [16, [27, 28, 31]]
        ],
        [
            [7, [30, 29]]
        ],
        [
            [5, [32, 34, 33, 36]]
        ],
        [
            [13, [49, 48, 40, 39]]
        ],
        [
            [4, [38, 37, 35]]
        ],
        [
            [8, [46, 42, 45]]
        ],
        [
            [6, [43, 41, 44]]
        ],
        [
            [9, [50, 47]]
        ]
    ]
]",,,1638.1782111137243,0,12,2.8333333333333335,,,,,results/sol_best_R101_3.dat_A4_L90_pid2739.txt,(not found),R101_3.dat_A4_L90_r2.log
104,test_data/data_demand_random_50_batch_all1_equal_random/R101_3.dat,4.0,90.0,3,1693.97,"[
    [
        [
            [0, [5, 3, 10, 7, 12, 23, 25, 18, 19]],
            [50, []],
            [45, []],
            [5, [27, 28, 30, 31]],
            [3, []],
            [32, [32, 34, 33, 36]],
            [42, []],
            [10, []],
            [7, []],
            [12, []],
            [23, []],
            [25, []],
            [18, []],
            [19, []],
            [27, []],
            [28, []],
            [34, []],
            [33, []],
            [30, []],
            [29, []],
            [41, []],
            [36, []],
            [31, []],
            [49, []],
            [44, []],
            [48, []],
            [40, []],
            [39, []]
        ],
        [
            [0, [11, 2, 14, 16, 15, 17, 6, 4, 8, 21, 1, 20, 13, 9]],
            [26, [26, 24, 22]],
            [11, []],
            [2, []],
            [14, []],
            [16, []],
            [15, []],
            [17, []],
            [6, [40, 39]],
            [24, [24]],
            [4, [46, 42, 45, 35, 29]],
            [43, []],
            [22, [22]],
            [8, []],
            [21, []],
            [1, [49, 48]],
            [35, []],
            [38, []],
            [37, []],
            [20, []],
            [46, []],
            [13, [43, 41, 44]],
            [47, []],
            [9, [50, 47, 38, 37]]
        ]
    ],
    [
        [
            [26, [26, 24, 22]]
        ],
        [
            [5, [27, 28, 30, 31]]
        ],
        [
            [32, [32, 34, 33, 36]]
        ],
        [
            [6, [40, 39]]
        ],
        [
            [4, [46, 42, 45, 35, 29]]
        ],
        [
            [1, [49, 48]]
        ],
        [
            [13, [43, 41, 44]]
        ],
        [
            [9, [50, 47, 38, 37]]
        ]
    ]
]",,,1268.6505098086582,0,8,3.375,,,,,results/sol_best_R101_3.dat_A4_L90_pid2740.txt,(not found),R101_3.dat_A4_L90_r3.log
105,test_data/data_demand_random_50_batch_all1_equal_random/R101_3.dat,4.0,120.0,1,1478.4,"[
    [
        [
            [0, [10, 5, 7, 12, 16, 28, 31, 30, 15, 27, 17]],
            [47, []],
            [11, []],
            [19, []],
            [10, []],
            [5, []],
            [7, []],
            [12, []],
            [16, []],
            [28, []],
            [34, []],
            [31, []],
            [30, []],
            [15, []],
            [49, []],
            [44, []],
            [48, []],
            [27, []],
            [17, []],
            [9, [50, 47]]
        ],
        [
            [0, [1, 4, 2, 3, 6]],
            [21, []],
            [41, []],
            [36, []],
            [39, [11, 8, 9]],
            [40, []],
            [38, []],
            [1, [14, 13]],
            [45, []],
            [42, []],
            [18, [18, 19, 21, 20]],
            [32, []],
            [26, [26, 22, 24, 25]],
            [37, []],
            [43, [23]],
            [22, []],
            [23, []],
            [33, []],
            [14, []],
            [4, [38, 37, 35, 29]],
            [24, []],
            [29, []],
            [8, [46, 42, 45]],
            [35, []],
            [2, []],
            [20, []],
            [3, []],
            [46, []],
            [13, [49, 48]],
            [25, []],
            [6, [43, 41, 44]],
            [50, [32, 34, 33, 36, 40, 39]]
        ]
    ],
    [
        [
            [9, [50, 47]]
        ],
        [
            [39, [11, 8, 9]]
        ],
        [
            [1, [14, 13]]
        ],
        [
            [18, [18, 19, 21, 20]]
        ],
        [
            [26, [26, 22, 24, 25]]
        ],
        [
            [43, [23]]
        ],
        [
            [4, [38, 37, 35, 29]]
        ],
        [
            [8, [46, 42, 45]]
        ],
        [
            [13, [49, 48]]
        ],
        [
            [6, [43, 41, 44]]
        ],
        [
            [50, [32, 34, 33, 36]]
        ],
        [
            [50, [40, 39]]
        ]
    ]
]",,,2209.906824272952,0,12,2.8333333333333335,,,,,results/sol_best_R101_3.dat_A4_L120_pid2742.txt,(not found),R101_3.dat_A4_L120_r1.log
105,test_data/data_demand_random_50_batch_all1_equal_random/R101_3.dat,4.0,120.0,2,1483.4,"[
    [
        [
            [0, [27, 34, 28, 16, 32, 3, 13, 25, 19]],
            [17, []],
            [27, []],
            [34, []],
            [28, []],
            [49, []],
            [16, []],
            [42, []],
            [45, []],
            [32, []],
            [20, []],
            [3, []],
            [13, [49, 48]],
            [25, []],
            [19, []],
            [23, []],
            [39, []]
        ],
        [
            [0, [11, 2, 10, 7, 5, 4, 8, 1, 6, 9]],
            [29, []],
            [11, []],
            [37, []],
            [38, []],
            [22, []],
            [43, [12, 14, 15]],
            [26, [18, 17, 21, 20]],
            [2, []],
            [10, []],
            [7, []],
            [46, []],
            [18, []],
            [5, []],
            [40, []],
            [12, []],
            [44, []],
            [48, []],
            [36, [36, 30, 33, 31]],
            [41, []],
            [33, []],
            [30, []],
            [14, []],
            [15, []],
            [31, []],
            [24, []],
            [4, [46, 42, 45, 35, 29]],
            [8, [24, 22, 26, 23]],
            [35, []],
            [1, []],
            [21, []],
            [47, []],
            [6, [40, 39, 43, 41, 44]],
            [50, []],
            [9, [50, 47, 38, 37]]
        ]
    ],
    [
        [
            [13, [49, 48]]
        ],
        [
            [43, [12, 14, 15]]
        ],
        [
            [26, [18, 17, 21, 20]]
        ],
        [
            [36, [36, 30, 33, 31]]
        ],
        [
            [4, [46, 42, 45, 35, 29]]
        ],
        [
            [8, [24, 22, 26, 23]]
        ],
        [
            [6, [40, 39]]
        ],
        [
            [6, [43, 41, 44]]
        ],
        [
            [9, [50, 47, 38, 37]]
        ]
    ]
]",,,2167.9313378791935,0,9,3.4444444444444446,,,,,results/sol_best_R101_3.dat_A4_L120_pid2744.txt,(not found),R101_3.dat_A4_L120_r2.log
105,test_data/data_demand_random_50_batch_all1_equal_random/R101_3.dat,4.0,120.0,3,1468.4,"[
    [
        [
            [0, [3, 10, 5, 12, 7, 18, 19, 4, 17, 9]],
            [3, []],
            [50, []],
            [10, [25, 23]],
            [5, []],
            [12, [21, 20]],
            [29, [28, 27, 31, 24, 22, 26]],
            [40, []],
            [7, [32, 34, 33, 36]],
            [46, []],
            [18, []],
            [25, []],
            [19, []],
            [23, []],
            [27, []],
            [44, []],
            [34, []],
            [30, [30, 29, 40, 39]],
            [33, []],
            [4, [46, 42, 45]],
            [24, []],
            [41, []],
            [17, []],
            [39, []],
            [47, []],
            [9, [50, 47]]
        ],
        [
            [0, [16, 8, 14, 15, 1, 11, 2, 13, 6]],
            [36, []],
            [31, []],
            [16, []],
            [49, []],
            [28, []],
            [8, []],
            [14, []],
            [15, []],
            [48, []],
            [43, []],
            [22, []],
            [21, []],
            [1, []],
            [35, []],
            [38, []],
            [37, []],
            [26, []],
            [11, [38, 37, 35]],
            [2, []],
            [20, []],
            [32, []],
            [45, []],
            [42, []],
            [13, [49, 48]],
            [6, [43, 41, 44]]
        ]
    ],
    [
        [
            [10, [25, 23]]
        ],
        [
            [12, [21, 20]]
        ],
        [
            [29, [28, 27, 31]]
        ],
        [
            [29, [24, 22, 26]]
        ],
        [
            [11, [38, 37, 35]]
        ],
        [
            [7, [32, 34, 33, 36]]
        ],
        [
            [30, [30, 29, 40, 39]]
        ],
        [
            [4, [46, 42, 45]]
        ],
        [
            [9, [50, 47]]
        ],
        [
            [13, [49, 48]]
        ],
        [
            [6, [43, 41, 44]]
        ]
    ]
]",,,1817.3674478811333,0,11,2.8181818181818183,,,,,results/sol_best_R101_3.dat_A4_L120_pid2745.txt,(not found),R101_3.dat_A4_L120_r3.log
106,test_data/data_demand_random_50_batch_all1_equal_random/R101_3.dat,8.0,60.0,1,1466.8,"[
    [
        [
            [0, [5, 10, 7]],
            [38, []],
            [50, []],
            [23, [13, 16, 12]],
            [43, []],
            [37, []],
            [20, [20]],
            [45, []],
            [46, []],
            [42, []],
            [5, [27, 28, 30, 31, 25, 23, 18, 19]],
            [13, []],
            [10, []],
            [7, []],
            [16, []],
            [12, []],
            [25, [40, 39, 34, 33, 36]],
            [18, []],
            [19, []],
            [27, []],
            [28, []],
            [34, []],
            [31, []],
            [33, []],
            [30, []],
            [49, []],
            [44, []],
            [48, []],
            [40, []],
            [39, []]
        ],
        [
            [0, [8, 11, 2, 14, 15, 4, 3, 6, 1, 9]],
            [41, []],
            [36, [17, 21]],
            [8, []],
            [11, []],
            [2, []],
            [14, []],
            [15, []],
            [17, [24, 22, 26]],
            [24, []],
            [4, []],
            [22, []],
            [26, []],
            [29, [38, 37, 32, 35, 29]],
            [21, [21, 21]],
            [32, []],
            [3, []],
            [6, [43, 41, 44]],
            [1, [49, 48]],
            [35, []],
            [47, []],
            [9, [50, 47, 46, 42, 45]]
        ]
    ],
    [
        [
            [36, [17, 21]]
        ],
        [
            [23, [13, 16, 12]]
        ],
        [
            [20, [20]]
        ],
        [
            [5, [27, 28, 30, 31, 25, 23, 18, 19]]
        ],
        [
            [25, [40, 39, 34, 33, 36]]
        ],
        [
            [17, [24, 22, 26]]
        ],
        [
            [29, [38, 37, 32, 35, 29]]
        ],
        [
            [6, [43, 41, 44]]
        ],
        [
            [1, [49, 48]]
        ],
        [
            [9, [50, 47, 46, 42, 45]]
        ]
    ]
]",,,1661.3446833900223,0,10,3.7,,,,,results/sol_best_R101_3.dat_A8_L60_pid2801.txt,(not found),R101_3.dat_A8_L60_r1.log
106,test_data/data_demand_random_50_batch_all1_equal_random/R101_3.dat,8.0,60.0,2,1399.15,"[
    [
        [
            [0, [5, 13, 10, 16, 12, 19, 17]],
            [50, []],
            [5, []],
            [46, []],
            [13, []],
            [10, []],
            [16, []],
            [12, []],
            [23, []],
            [45, []],
            [19, []],
            [27, []],
            [28, []],
            [34, []],
            [17, []],
            [39, []],
            [29, []],
            [41, []],
            [36, []],
            [31, []],
            [49, []],
            [44, []],
            [48, []],
            [7, [49, 48, 43, 41, 44, 40, 39]]
        ],
        [
            [0, [4, 2, 1, 6, 3]],
            [33, []],
            [30, []],
            [4, []],
            [43, []],
            [21, [11, 7, 9, 8, 14, 15]],
            [2, []],
            [14, []],
            [15, []],
            [40, [24, 22, 26, 21, 20, 23, 18]],
            [24, []],
            [22, []],
            [1, []],
            [35, [35]],
            [38, []],
            [37, []],
            [26, []],
            [11, []],
            [20, []],
            [47, []],
            [6, [32, 34, 33, 36]],
            [3, []],
            [32, []],
            [42, []],
            [18, [18]],
            [25, [27, 28, 30, 29, 31, 25]],
            [9, [50, 47]],
            [8, [46, 42, 45, 38, 37]]
        ]
    ],
    [
        [
            [7, [49, 48, 43, 41, 44, 40, 39]]
        ],
        [
            [21, [11, 7, 9, 8]]
        ],
        [
            [21, [14, 15]]
        ],
        [
            [40, [24, 22, 26, 21, 20, 23, 18]]
        ],
        [
            [35, [35]]
        ],
        [
            [6, [32, 34, 33, 36]]
        ],
        [
            [25, [27, 28, 30, 29, 31, 25]]
        ],
        [
            [9, [50, 47]]
        ],
        [
            [8, [46, 42, 45, 38, 37]]
        ]
    ]
]",,,1968.6293083266767,0,9,4.222222222222222,,,,,results/sol_best_R101_3.dat_A8_L60_pid2803.txt,(not found),R101_3.dat_A8_L60_r2.log
106,test_data/data_demand_random_50_batch_all1_equal_random/R101_3.dat,8.0,60.0,3,1400.76,"[
    [
        [
            [0, [3, 5]],
            [26, []],
            [40, []],
            [23, [10, 7, 16, 13, 12, 15]],
            [46, []],
            [45, []],
            [42, []],
            [16, []],
            [3, [23, 20, 18, 19, 17]],
            [20, [27, 28, 30, 31]],
            [13, []],
            [10, []],
            [12, []],
            [7, [34, 33, 36]],
            [5, []],
            [25, []],
            [18, []],
            [19, []],
            [27, []],
            [28, []],
            [34, []],
            [15, []],
            [30, []],
            [29, []],
            [41, []],
            [36, []],
            [17, [50, 47, 46, 42, 45, 38, 37]],
            [39, []]
        ],
        [
            [0, [8, 11, 2, 4, 14, 9, 6, 1]],
            [31, []],
            [49, []],
            [44, []],
            [48, []],
            [43, []],
            [8, []],
            [11, []],
            [2, []],
            [4, []],
            [14, []],
            [33, []],
            [24, [32, 35, 29, 24, 22, 26, 25]],
            [22, []],
            [9, []],
            [21, [21]],
            [32, []],
            [6, [43, 41, 44, 40, 39]],
            [35, []],
            [38, []],
            [37, []],
            [1, [49, 48]],
            [47, []],
            [50, []]
        ]
    ],
    [
        [
            [23, [10, 7]]
        ],
        [
            [23, [16, 13, 12, 15]]
        ],
        [
            [3, [23, 20, 18, 19, 17]]
        ],
        [
            [20, [27, 28, 30, 31]]
        ],
        [
            [7, [34, 33, 36]]
        ],
        [
            [24, [32, 35, 29, 24, 22, 26, 25]]
        ],
        [
            [17, [50, 47, 46, 42, 45, 38, 37]]
        ],
        [
            [21, [21]]
        ],
        [
            [6, [43, 41, 44, 40, 39]]
        ],
        [
            [1, [49, 48]]
        ]
    ]
]",,,1967.5141719850667,0,10,4.0,,,,,results/sol_best_R101_3.dat_A8_L60_pid2804.txt,(not found),R101_3.dat_A8_L60_r3.log
107,test_data/data_demand_random_50_batch_all1_equal_random/R101_3.dat,8.0,90.0,1,1561.97,"[
    [
        [
            [0, [7, 1, 3, 19, 5, 23, 27, 28, 30, 31]],
            [7, []],
            [50, []],
            [21, []],
            [1, []],
            [26, []],
            [32, []],
            [3, [40, 39, 32, 34, 33, 36]],
            [19, []],
            [25, []],
            [5, []],
            [23, []],
            [27, []],
            [28, []],
            [34, []],
            [33, []],
            [30, []],
            [41, []],
            [36, []],
            [31, []],
            [49, []],
            [44, []],
            [48, []],
            [40, []],
            [39, []]
        ],
        [
            [0, [4, 2, 6]],
            [45, []],
            [42, []],
            [29, [11, 8, 10, 9]],
            [38, [14, 16, 12, 15, 13]],
            [22, []],
            [37, []],
            [11, [18, 17, 21, 20]],
            [8, []],
            [14, [25, 22, 26, 24]],
            [16, []],
            [10, []],
            [18, []],
            [12, []],
            [15, []],
            [17, []],
            [43, []],
            [4, [46, 42, 45, 38, 37, 35, 29]],
            [24, []],
            [35, []],
            [2, []],
            [20, []],
            [46, []],
            [13, [49, 48]],
            [6, [43, 41, 44]],
            [47, []],
            [9, [50, 47]]
        ]
    ],
    [
        [
            [3, [40, 39, 32, 34, 33, 36]]
        ],
        [
            [29, [11, 8, 10, 9]]
        ],
        [
            [38, [14, 16, 12, 15, 13]]
        ],
        [
            [11, [18, 17, 21, 20]]
        ],
        [
            [14, [25, 22, 26, 24]]
        ],
        [
            [4, [46, 42, 45, 38, 37, 35, 29]]
        ],
        [
            [13, [49, 48]]
        ],
        [
            [6, [43, 41, 44]]
        ],
        [
            [9, [50, 47]]
        ]
    ]
]",,,982.4829397445493,0,9,4.111111111111111,,,,,results/sol_best_R101_3.dat_A8_L90_pid2752.txt,(not found),R101_3.dat_A8_L90_r1.log
107,test_data/data_demand_random_50_batch_all1_equal_random/R101_3.dat,8.0,90.0,2,1561.97,"[
    [
        [
            [0, [3, 18, 10, 7, 12, 5, 19]],
            [23, [23, 25]],
            [50, []],
            [47, []],
            [29, []],
            [41, []],
            [36, []],
            [20, []],
            [3, []],
            [32, []],
            [42, []],
            [46, []],
            [18, []],
            [10, []],
            [7, []],
            [12, []],
            [5, []],
            [25, [25]],
            [16, [32, 34, 33, 36]],
            [19, []],
            [27, []],
            [49, []],
            [44, []],
            [48, []],
            [40, []],
            [39, []]
        ],
        [
            [0, [2, 1, 4, 6]],
            [31, []],
            [34, []],
            [45, []],
            [28, []],
            [33, [8, 11, 9]],
            [30, []],
            [8, [14, 15, 16, 13]],
            [21, []],
            [2, []],
            [14, [17, 21, 20]],
            [15, []],
            [17, []],
            [24, []],
            [22, []],
            [26, []],
            [11, [24, 22, 26, 29]],
            [1, []],
            [35, []],
            [38, []],
            [37, []],
            [43, [27, 28, 30, 31]],
            [4, [46, 42, 45, 38, 37, 35]],
            [6, [43, 41, 44, 40, 39]],
            [13, [49, 48]],
            [9, [50, 47]]
        ]
    ],
    [
        [
            [23, [23, 25]]
        ],
        [
            [33, [8, 11, 9]]
        ],
        [
            [8, [14, 15, 16, 13]]
        ],
        [
            [14, [17, 21, 20]]
        ],
        [
            [11, [24, 22, 26, 29]]
        ],
        [
            [43, [27, 28, 30, 31]]
        ],
        [
            [4, [46, 42, 45, 38, 37, 35]]
        ],
        [
            [16, [32, 34, 33, 36]]
        ],
        [
            [6, [43, 41, 44, 40, 39]]
        ],
        [
            [13, [49, 48]]
        ],
        [
            [9, [50, 47]]
        ]
    ]
]",,,1835.0493446668486,0,11,3.5454545454545454,,,,,results/sol_best_R101_3.dat_A8_L90_pid2754.txt,(not found),R101_3.dat_A8_L90_r2.log
107,test_data/data_demand_random_50_batch_all1_equal_random/R101_3.dat,8.0,90.0,3,1630.86,"[
    [
        [
            [0, [12, 23, 16, 5, 6, 3, 13, 18, 25, 19, 17]],
            [43, []],
            [24, [24, 22, 26]],
            [30, [30, 31, 28, 27]],
            [31, []],
            [12, []],
            [40, [32, 34, 33, 36]],
            [23, []],
            [28, []],
            [16, []],
            [5, [40, 39, 29]],
            [6, [43, 41, 44]],
            [3, []],
            [32, []],
            [45, []],
            [42, []],
            [13, [49, 48]],
            [18, []],
            [25, []],
            [19, []],
            [27, []],
            [49, []],
            [44, []],
            [48, []],
            [17, []],
            [36, []]
        ],
        [
            [0, [8, 11, 2, 1, 10, 7, 4, 9]],
            [29, []],
            [39, []],
            [34, [15, 14]],
            [15, [15]],
            [8, [21, 20]],
            [11, []],
            [2, []],
            [14, [14]],
            [33, []],
            [41, []],
            [22, []],
            [21, [21]],
            [1, []],
            [35, []],
            [47, []],
            [38, []],
            [37, []],
            [26, []],
            [20, [20]],
            [46, []],
            [10, []],
            [7, []],
            [50, []],
            [4, [46, 42, 45, 38, 37, 35]],
            [9, [50, 47]]
        ]
    ],
    [
        [
            [34, [15, 14]]
        ],
        [
            [8, [21, 20]]
        ],
        [
            [24, [24, 22, 26]]
        ],
        [
            [30, [30, 31, 28, 27]]
        ],
        [
            [40, [32, 34, 33, 36]]
        ],
        [
            [5, [40, 39, 29]]
        ],
        [
            [6, [43, 41, 44]]
        ],
        [
            [13, [49, 48]]
        ],
        [
            [4, [46, 42, 45, 38, 37, 35]]
        ],
        [
            [9, [50, 47]]
        ]
    ]
]",,,1700.8381037680992,0,10,3.1,,,,,results/sol_best_R101_3.dat_A8_L90_pid2755.txt,(not found),R101_3.dat_A8_L90_r3.log
108,test_data/data_demand_random_50_batch_all1_equal_random/R101_3.dat,8.0,120.0,1,1492.4,"[
    [
        [
            [0, [3, 5, 4]],
            [43, []],
            [45, [10, 7, 9, 16, 12]],
            [50, []],
            [3, [18, 19]],
            [32, []],
            [42, []],
            [10, [25, 23]],
            [7, []],
            [5, []],
            [16, []],
            [12, []],
            [25, []],
            [23, []],
            [18, []],
            [19, []],
            [27, []],
            [28, []],
            [34, []],
            [33, []],
            [4, [46, 42, 45, 40, 39]],
            [44, []],
            [48, []],
            [40, []],
            [39, []],
            [9, [50, 47]]
        ],
        [
            [0, [14, 8, 15, 2, 11, 1, 13, 6]],
            [31, []],
            [49, []],
            [41, []],
            [36, []],
            [14, []],
            [29, [24, 22, 26, 17, 21, 20]],
            [8, []],
            [30, [30, 29]],
            [15, []],
            [17, []],
            [24, []],
            [22, []],
            [26, []],
            [2, []],
            [11, [38, 37, 35]],
            [21, []],
            [1, []],
            [35, []],
            [38, []],
            [37, []],
            [20, []],
            [46, []],
            [13, [49, 48, 43, 41, 44]],
            [6, [32, 34, 33, 36, 27, 28, 31]],
            [47, []]
        ]
    ],
    [
        [
            [45, [10, 7, 9]]
        ],
        [
            [45, [16, 12]]
        ],
        [
            [3, [18, 19]]
        ],
        [
            [10, [25, 23]]
        ],
        [
            [4, [46, 42, 45, 40, 39]]
        ],
        [
            [29, [24, 22, 26, 17, 21, 20]]
        ],
        [
            [30, [30, 29]]
        ],
        [
            [11, [38, 37, 35]]
        ],
        [
            [9, [50, 47]]
        ],
        [
            [13, [49, 48, 43, 41, 44]]
        ],
        [
            [6, [32, 34, 33, 36, 27, 28, 31]]
        ]
    ]
]",,,2003.2609228702006,0,11,3.5454545454545454,,,,,results/sol_best_R101_3.dat_A8_L120_pid2744.txt,(not found),R101_3.dat_A8_L120_r1.log
108,test_data/data_demand_random_50_batch_all1_equal_random/R101_3.dat,8.0,120.0,2,1492.4,"[
    [
        [
            [0, [10, 3, 5, 7, 4]],
            [42, [16, 12]],
            [45, []],
            [16, []],
            [25, []],
            [19, [19, 17, 21, 20, 18]],
            [23, [23, 25, 24, 22, 26]],
            [10, []],
            [50, []],
            [3, []],
            [5, []],
            [7, []],
            [12, []],
            [27, []],
            [28, []],
            [34, []],
            [24, []],
            [4, [46, 42, 45, 38, 37, 35]],
            [33, []],
            [30, []],
            [41, []],
            [31, []],
            [49, []],
            [44, []],
            [48, []],
            [40, []],
            [39, []]
        ],
        [
            [0, [8, 11, 2, 14, 15, 1, 6, 13, 9]],
            [29, []],
            [36, []],
            [43, []],
            [8, []],
            [11, []],
            [2, []],
            [14, []],
            [15, []],
            [17, []],
            [32, []],
            [26, [32, 34, 33, 36, 27, 28, 30, 31, 29]],
            [22, []],
            [21, []],
            [1, []],
            [35, []],
            [38, []],
            [37, []],
            [6, [43, 41, 44, 40, 39]],
            [20, []],
            [46, []],
            [13, [49, 48]],
            [18, []],
            [47, []],
            [9, [50, 47]]
        ]
    ],
    [
        [
            [42, [16, 12]]
        ],
        [
            [19, [19, 17, 21, 20, 18]]
        ],
        [
            [23, [23, 25, 24, 22, 26]]
        ],
        [
            [4, [46, 42, 45, 38, 37, 35]]
        ],
        [
            [26, [32, 34, 33, 36, 27, 28, 30, 31, 29]]
        ],
        [
            [6, [43, 41, 44, 40, 39]]
        ],
        [
            [13, [49, 48]]
        ],
        [
            [9, [50, 47]]
        ]
    ]
]",,,1971.3940986469484,0,8,4.5,,,,,results/sol_best_R101_3.dat_A8_L120_pid2746.txt,(not found),R101_3.dat_A8_L120_r2.log
108,test_data/data_demand_random_50_batch_all1_equal_random/R101_3.dat,8.0,120.0,3,1508.97,"[
    [
        [
            [0, [3, 5, 6]],
            [30, []],
            [33, []],
            [41, [9, 8, 10, 7]],
            [21, []],
            [38, []],
            [37, [14, 16, 15, 13, 12]],
            [43, []],
            [14, [20]],
            [16, [17, 18, 19, 21]],
            [15, [26, 25, 23]],
            [17, []],
            [9, []],
            [29, [29]],
            [8, []],
            [20, []],
            [3, []],
            [46, []],
            [13, []],
            [10, []],
            [7, []],
            [12, []],
            [5, [40, 39]],
            [18, []],
            [25, []],
            [23, []],
            [6, [43, 41, 44]],
            [19, []],
            [27, []],
            [28, []],
            [34, []],
            [49, []],
            [44, []],
            [48, []],
            [40, []],
            [39, []]
        ],
        [
            [0, [22, 11, 2, 4, 24, 1]],
            [36, []],
            [31, []],
            [45, []],
            [26, [27, 28, 30, 31]],
            [22, []],
            [32, [32, 34, 33, 36]],
            [42, []],
            [11, [46, 42, 45, 38, 37, 35]],
            [2, []],
            [4, [50, 47]],
            [24, []],
            [35, []],
            [1, [49, 48]],
            [47, []],
            [50, []]
        ]
    ],
    [
        [
            [41, [9, 8, 10, 7]]
        ],
        [
            [37, [14, 16, 15, 13, 12]]
        ],
        [
            [14, [20]]
        ],
        [
            [16, [17, 18, 19, 21]]
        ],
        [
            [15, [26, 25, 23]]
        ],
        [
            [29, [29]]
        ],
        [
            [5, [40, 39]]
        ],
        [
            [26, [27, 28, 30, 31]]
        ],
        [
            [32, [32, 34, 33, 36]]
        ],
        [
            [6, [43, 41, 44]]
        ],
        [
            [11, [46, 42, 45, 38, 37, 35]]
        ],
        [
            [4, [50, 47]]
        ],
        [
            [1, [49, 48]]
        ]
    ]
]",,,1594.866242919879,0,13,3.1538461538461537,,,,,results/sol_best_R101_3.dat_A8_L120_pid2747.txt,(not found),R101_3.dat_A8_L120_r3.log
109,test_data/data_demand_random_50_batch_all1_equal_random/RC101_0.5.dat,4.0,60.0,1,776.0,"[
    [
        [
            [0, [30, 48, 13, 26, 29, 19, 18, 46, 36, 45, 7, 39, 42, 17, 5, 33, 47, 14, 16, 44, 35, 1, 22]],
            [30, []],
            [48, []],
            [13, []],
            [26, []],
            [29, []],
            [19, []],
            [18, []],
            [46, []],
            [36, []],
            [45, []],
            [7, []],
            [39, []],
            [42, []],
            [17, []],
            [5, []],
            [33, []],
            [47, []],
            [14, []],
            [16, []],
            [44, []],
            [35, []],
            [1, []],
            [22, []]
        ],
        [
            [0, [34, 38, 10, 12, 21, 28, 25, 20, 27, 41, 11, 49, 32, 8, 31, 6, 4, 15, 43, 37, 23, 50, 40, 9, 24, 3, 2]],
            [34, []],
            [38, []],
            [10, []],
            [12, []],
            [21, []],
            [28, []],
            [25, []],
            [20, []],
            [27, []],
            [41, []],
            [11, []],
            [49, []],
            [32, []],
            [8, []],
            [31, []],
            [6, []],
            [4, []],
            [15, []],
            [43, []],
            [37, []],
            [23, []],
            [50, []],
            [40, []],
            [9, []],
            [24, []],
            [3, []],
            [2, []]
        ]
    ],
    [
    ]
]",,,0.0,0,0,0.0,,,,,results/sol_best_RC101_0.5.dat_A4_L60_pid2765.txt,(not found),RC101_0.5.dat_A4_L60_r1.log
109,test_data/data_demand_random_50_batch_all1_equal_random/RC101_0.5.dat,4.0,60.0,2,776.0,"[
    [
        [
            [0, [48, 13, 26, 29, 19, 18, 46, 36, 45, 7, 39, 42, 17, 5, 33, 47, 14, 16, 44, 35, 1, 22]],
            [48, []],
            [13, []],
            [26, []],
            [29, []],
            [19, []],
            [18, []],
            [46, []],
            [36, []],
            [45, []],
            [7, []],
            [39, []],
            [42, []],
            [17, []],
            [5, []],
            [33, []],
            [47, []],
            [14, []],
            [16, []],
            [44, []],
            [35, []],
            [1, []],
            [22, []]
        ],
        [
            [0, [30, 38, 10, 12, 34, 21, 28, 25, 20, 27, 41, 11, 49, 32, 8, 31, 6, 4, 15, 43, 37, 23, 50, 40, 9, 24, 3, 2]],
            [30, []],
            [38, []],
            [10, []],
            [12, []],
            [34, []],
            [21, []],
            [28, []],
            [25, []],
            [20, []],
            [27, []],
            [41, []],
            [11, []],
            [49, []],
            [32, []],
            [8, []],
            [31, []],
            [6, []],
            [4, []],
            [15, []],
            [43, []],
            [37, []],
            [23, []],
            [50, []],
            [40, []],
            [9, []],
            [24, []],
            [3, []],
            [2, []]
        ]
    ],
    [
    ]
]",,,0.0,0,0,0.0,,,,,results/sol_best_RC101_0.5.dat_A4_L60_pid2767.txt,(not found),RC101_0.5.dat_A4_L60_r2.log
109,test_data/data_demand_random_50_batch_all1_equal_random/RC101_0.5.dat,4.0,60.0,3,776.0,"[
    [
        [
            [0, [48, 13, 26, 29, 19, 18, 46, 36, 45, 7, 39, 42, 17, 5, 33, 47, 14, 16, 44, 35, 1, 22]],
            [48, []],
            [13, []],
            [26, []],
            [29, []],
            [19, []],
            [18, []],
            [46, []],
            [36, []],
            [45, []],
            [7, []],
            [39, []],
            [42, []],
            [17, []],
            [5, []],
            [33, []],
            [47, []],
            [14, []],
            [16, []],
            [44, []],
            [35, []],
            [1, []],
            [22, []]
        ],
        [
            [0, [30, 38, 10, 12, 34, 28, 21, 25, 20, 27, 41, 11, 49, 32, 8, 31, 6, 4, 15, 43, 37, 23, 50, 40, 9, 24, 3, 2]],
            [30, []],
            [38, []],
            [10, []],
            [12, []],
            [34, []],
            [28, []],
            [21, []],
            [25, []],
            [20, []],
            [27, []],
            [41, []],
            [11, []],
            [49, []],
            [32, []],
            [8, []],
            [31, []],
            [6, []],
            [4, []],
            [15, []],
            [43, []],
            [37, []],
            [23, []],
            [50, []],
            [40, []],
            [9, []],
            [24, []],
            [3, []],
            [2, []]
        ]
    ],
    [
    ]
]",,,0.0,0,0,0.0,,,,,results/sol_best_RC101_0.5.dat_A4_L60_pid2768.txt,(not found),RC101_0.5.dat_A4_L60_r3.log
110,test_data/data_demand_random_50_batch_all1_equal_random/RC101_0.5.dat,4.0,90.0,1,776.0,"[
    [
        [
            [0, [48, 13, 26, 29, 19, 18, 46, 36, 45, 7, 39, 42, 17, 5, 33, 47, 14, 16, 44, 35, 1, 22]],
            [48, []],
            [13, []],
            [26, []],
            [29, []],
            [19, []],
            [18, []],
            [46, []],
            [36, []],
            [45, []],
            [7, []],
            [39, []],
            [42, []],
            [17, []],
            [5, []],
            [33, []],
            [47, []],
            [14, []],
            [16, []],
            [44, []],
            [35, []],
            [1, []],
            [22, []]
        ],
        [
            [0, [30, 38, 10, 12, 34, 28, 21, 25, 20, 27, 41, 11, 49, 32, 8, 31, 6, 4, 15, 43, 37, 23, 50, 40, 9, 24, 3, 2]],
            [30, []],
            [38, []],
            [10, []],
            [12, []],
            [34, []],
            [28, []],
            [21, []],
            [25, []],
            [20, []],
            [27, []],
            [41, []],
            [11, []],
            [49, []],
            [32, []],
            [8, []],
            [31, []],
            [6, []],
            [4, []],
            [15, []],
            [43, []],
            [37, []],
            [23, []],
            [50, []],
            [40, []],
            [9, []],
            [24, []],
            [3, []],
            [2, []]
        ]
    ],
    [
    ]
]",,,0.0,0,0,0.0,,,,,results/sol_best_RC101_0.5.dat_A4_L90_pid2737.txt,(not found),RC101_0.5.dat_A4_L90_r1.log
110,test_data/data_demand_random_50_batch_all1_equal_random/RC101_0.5.dat,4.0,90.0,2,776.0,"[
    [
        [
            [0, [30, 13, 26, 29, 19, 18, 46, 36, 45, 7, 39, 42, 17, 5, 33, 47, 14, 16, 44, 35, 1, 22]],
            [30, []],
            [13, []],
            [26, []],
            [29, []],
            [19, []],
            [18, []],
            [46, []],
            [36, []],
            [45, []],
            [7, []],
            [39, []],
            [42, []],
            [17, []],
            [5, []],
            [33, []],
            [47, []],
            [14, []],
            [16, []],
            [44, []],
            [35, []],
            [1, []],
            [22, []]
        ],
        [
            [0, [48, 38, 10, 12, 34, 21, 28, 25, 20, 27, 41, 11, 49, 32, 8, 31, 6, 4, 15, 43, 37, 23, 50, 40, 9, 24, 3, 2]],
            [48, []],
            [38, []],
            [10, []],
            [12, []],
            [34, []],
            [21, []],
            [28, []],
            [25, []],
            [20, []],
            [27, []],
            [41, []],
            [11, []],
            [49, []],
            [32, []],
            [8, []],
            [31, []],
            [6, []],
            [4, []],
            [15, []],
            [43, []],
            [37, []],
            [23, []],
            [50, []],
            [40, []],
            [9, []],
            [24, []],
            [3, []],
            [2, []]
        ]
    ],
    [
    ]
]",,,0.0,0,0,0.0,,,,,results/sol_best_RC101_0.5.dat_A4_L90_pid2739.txt,(not found),RC101_0.5.dat_A4_L90_r2.log
110,test_data/data_demand_random_50_batch_all1_equal_random/RC101_0.5.dat,4.0,90.0,3,776.0,"[
    [
        [
            [0, [30, 13, 26, 29, 19, 18, 46, 36, 45, 7, 39, 42, 17, 5, 33, 47, 14, 16, 44, 35, 1, 22]],
            [30, []],
            [13, []],
            [26, []],
            [29, []],
            [19, []],
            [18, []],
            [46, []],
            [36, []],
            [45, []],
            [7, []],
            [39, []],
            [42, []],
            [17, []],
            [5, []],
            [33, []],
            [47, []],
            [14, []],
            [16, []],
            [44, []],
            [35, []],
            [1, []],
            [22, []]
        ],
        [
            [0, [48, 38, 10, 12, 34, 21, 28, 25, 20, 27, 41, 11, 49, 32, 8, 31, 6, 4, 15, 43, 37, 23, 50, 40, 9, 24, 3, 2]],
            [48, []],
            [38, []],
            [10, []],
            [12, []],
            [34, []],
            [21, []],
            [28, []],
            [25, []],
            [20, []],
            [27, []],
            [41, []],
            [11, []],
            [49, []],
            [32, []],
            [8, []],
            [31, []],
            [6, []],
            [4, []],
            [15, []],
            [43, []],
            [37, []],
            [23, []],
            [50, []],
            [40, []],
            [9, []],
            [24, []],
            [3, []],
            [2, []]
        ]
    ],
    [
    ]
]",,,0.0,0,0,0.0,,,,,results/sol_best_RC101_0.5.dat_A4_L90_pid2740.txt,(not found),RC101_0.5.dat_A4_L90_r3.log
111,test_data/data_demand_random_50_batch_all1_equal_random/RC101_0.5.dat,4.0,120.0,1,776.0,"[
    [
        [
            [0, [30, 48, 13, 26, 29, 19, 18, 46, 36, 45, 7, 39, 42, 17, 5, 33, 47, 14, 16, 44, 35, 1, 22]],
            [30, []],
            [48, []],
            [13, []],
            [26, []],
            [29, []],
            [19, []],
            [18, []],
            [46, []],
            [36, []],
            [45, []],
            [7, []],
            [39, []],
            [42, []],
            [17, []],
            [5, []],
            [33, []],
            [47, []],
            [14, []],
            [16, []],
            [44, []],
            [35, []],
            [1, []],
            [22, []]
        ],
        [
            [0, [38, 10, 12, 34, 21, 28, 25, 20, 27, 41, 11, 49, 32, 8, 31, 6, 4, 15, 43, 37, 23, 50, 40, 9, 24, 3, 2]],
            [38, []],
            [10, []],
            [12, []],
            [34, []],
            [21, []],
            [28, []],
            [25, []],
            [20, []],
            [27, []],
            [41, []],
            [11, []],
            [49, []],
            [32, []],
            [8, []],
            [31, []],
            [6, []],
            [4, []],
            [15, []],
            [43, []],
            [37, []],
            [23, []],
            [50, []],
            [40, []],
            [9, []],
            [24, []],
            [3, []],
            [2, []]
        ]
    ],
    [
    ]
]",,,0.0,0,0,0.0,,,,,results/sol_best_RC101_0.5.dat_A4_L120_pid2742.txt,(not found),RC101_0.5.dat_A4_L120_r1.log
111,test_data/data_demand_random_50_batch_all1_equal_random/RC101_0.5.dat,4.0,120.0,2,776.0,"[
    [
        [
            [0, [30, 48, 13, 26, 29, 19, 18, 46, 36, 45, 7, 39, 42, 17, 5, 33, 47, 14, 16, 44, 35, 1, 22]],
            [30, []],
            [48, []],
            [13, []],
            [26, []],
            [29, []],
            [19, []],
            [18, []],
            [46, []],
            [36, []],
            [45, []],
            [7, []],
            [39, []],
            [42, []],
            [17, []],
            [5, []],
            [33, []],
            [47, []],
            [14, []],
            [16, []],
            [44, []],
            [35, []],
            [1, []],
            [22, []]
        ],
        [
            [0, [38, 10, 12, 34, 21, 28, 25, 20, 27, 41, 11, 49, 32, 8, 31, 6, 4, 15, 43, 37, 23, 50, 40, 9, 24, 3, 2]],
            [38, []],
            [10, []],
            [12, []],
            [34, []],
            [21, []],
            [28, []],
            [25, []],
            [20, []],
            [27, []],
            [41, []],
            [11, []],
            [49, []],
            [32, []],
            [8, []],
            [31, []],
            [6, []],
            [4, []],
            [15, []],
            [43, []],
            [37, []],
            [23, []],
            [50, []],
            [40, []],
            [9, []],
            [24, []],
            [3, []],
            [2, []]
        ]
    ],
    [
    ]
]",,,0.0,0,0,0.0,,,,,results/sol_best_RC101_0.5.dat_A4_L120_pid2744.txt,(not found),RC101_0.5.dat_A4_L120_r2.log
111,test_data/data_demand_random_50_batch_all1_equal_random/RC101_0.5.dat,4.0,120.0,3,776.0,"[
    [
        [
            [0, [30, 13, 26, 29, 19, 18, 46, 36, 45, 7, 39, 42, 17, 5, 33, 47, 14, 16, 44, 35, 1, 22]],
            [30, []],
            [13, []],
            [26, []],
            [29, []],
            [19, []],
            [18, []],
            [46, []],
            [36, []],
            [45, []],
            [7, []],
            [39, []],
            [42, []],
            [17, []],
            [5, []],
            [33, []],
            [47, []],
            [14, []],
            [16, []],
            [44, []],
            [35, []],
            [1, []],
            [22, []]
        ],
        [
            [0, [48, 38, 10, 12, 34, 21, 28, 25, 20, 27, 41, 11, 49, 32, 8, 31, 6, 4, 15, 43, 37, 23, 50, 40, 9, 24, 3, 2]],
            [48, []],
            [38, []],
            [10, []],
            [12, []],
            [34, []],
            [21, []],
            [28, []],
            [25, []],
            [20, []],
            [27, []],
            [41, []],
            [11, []],
            [49, []],
            [32, []],
            [8, []],
            [31, []],
            [6, []],
            [4, []],
            [15, []],
            [43, []],
            [37, []],
            [23, []],
            [50, []],
            [40, []],
            [9, []],
            [24, []],
            [3, []],
            [2, []]
        ]
    ],
    [
    ]
]",,,0.0,0,0,0.0,,,,,results/sol_best_RC101_0.5.dat_A4_L120_pid2745.txt,(not found),RC101_0.5.dat_A4_L120_r3.log
112,test_data/data_demand_random_50_batch_all1_equal_random/RC101_0.5.dat,8.0,60.0,1,776.0,"[
    [
        [
            [0, [48, 13, 26, 29, 19, 18, 46, 36, 45, 7, 39, 42, 17, 5, 33, 47, 14, 16, 44, 35, 1, 22]],
            [48, []],
            [13, []],
            [26, []],
            [29, []],
            [19, []],
            [18, []],
            [46, []],
            [36, []],
            [45, []],
            [7, []],
            [39, []],
            [42, []],
            [17, []],
            [5, []],
            [33, []],
            [47, []],
            [14, []],
            [16, []],
            [44, []],
            [35, []],
            [1, []],
            [22, []]
        ],
        [
            [0, [30, 38, 10, 12, 34, 21, 28, 25, 20, 27, 41, 11, 49, 32, 8, 31, 6, 4, 15, 43, 37, 23, 50, 40, 9, 24, 3, 2]],
            [30, []],
            [38, []],
            [10, []],
            [12, []],
            [34, []],
            [21, []],
            [28, []],
            [25, []],
            [20, []],
            [27, []],
            [41, []],
            [11, []],
            [49, []],
            [32, []],
            [8, []],
            [31, []],
            [6, []],
            [4, []],
            [15, []],
            [43, []],
            [37, []],
            [23, []],
            [50, []],
            [40, []],
            [9, []],
            [24, []],
            [3, []],
            [2, []]
        ]
    ],
    [
    ]
]",,,0.0,0,0,0.0,,,,,results/sol_best_RC101_0.5.dat_A8_L60_pid2746.txt,(not found),RC101_0.5.dat_A8_L60_r1.log
112,test_data/data_demand_random_50_batch_all1_equal_random/RC101_0.5.dat,8.0,60.0,2,776.0,"[
    [
        [
            [0, [30, 48, 13, 26, 29, 19, 18, 46, 36, 45, 7, 39, 42, 17, 5, 33, 47, 14, 16, 44, 35, 1, 22]],
            [30, []],
            [48, []],
            [13, []],
            [26, []],
            [29, []],
            [19, []],
            [18, []],
            [46, []],
            [36, []],
            [45, []],
            [7, []],
            [39, []],
            [42, []],
            [17, []],
            [5, []],
            [33, []],
            [47, []],
            [14, []],
            [16, []],
            [44, []],
            [35, []],
            [1, []],
            [22, []]
        ],
        [
            [0, [38, 10, 12, 34, 28, 21, 25, 20, 27, 41, 11, 49, 32, 8, 31, 6, 4, 15, 43, 37, 23, 50, 40, 9, 24, 3, 2]],
            [38, []],
            [10, []],
            [12, []],
            [34, []],
            [28, []],
            [21, []],
            [25, []],
            [20, []],
            [27, []],
            [41, []],
            [11, []],
            [49, []],
            [32, []],
            [8, []],
            [31, []],
            [6, []],
            [4, []],
            [15, []],
            [43, []],
            [37, []],
            [23, []],
            [50, []],
            [40, []],
            [9, []],
            [24, []],
            [3, []],
            [2, []]
        ]
    ],
    [
    ]
]",,,0.0,0,0,0.0,,,,,results/sol_best_RC101_0.5.dat_A8_L60_pid2748.txt,(not found),RC101_0.5.dat_A8_L60_r2.log
112,test_data/data_demand_random_50_batch_all1_equal_random/RC101_0.5.dat,8.0,60.0,3,776.0,"[
    [
        [
            [0, [30, 13, 26, 29, 19, 18, 46, 36, 45, 7, 39, 42, 17, 5, 33, 47, 14, 16, 44, 35, 1, 22]],
            [30, []],
            [13, []],
            [26, []],
            [29, []],
            [19, []],
            [18, []],
            [46, []],
            [36, []],
            [45, []],
            [7, []],
            [39, []],
            [42, []],
            [17, []],
            [5, []],
            [33, []],
            [47, []],
            [14, []],
            [16, []],
            [44, []],
            [35, []],
            [1, []],
            [22, []]
        ],
        [
            [0, [48, 38, 10, 12, 34, 21, 28, 25, 20, 27, 41, 11, 49, 32, 8, 31, 6, 4, 15, 43, 37, 23, 50, 40, 9, 24, 3, 2]],
            [48, []],
            [38, []],
            [10, []],
            [12, []],
            [34, []],
            [21, []],
            [28, []],
            [25, []],
            [20, []],
            [27, []],
            [41, []],
            [11, []],
            [49, []],
            [32, []],
            [8, []],
            [31, []],
            [6, []],
            [4, []],
            [15, []],
            [43, []],
            [37, []],
            [23, []],
            [50, []],
            [40, []],
            [9, []],
            [24, []],
            [3, []],
            [2, []]
        ]
    ],
    [
    ]
]",,,0.0,0,0,0.0,,,,,results/sol_best_RC101_0.5.dat_A8_L60_pid2749.txt,(not found),RC101_0.5.dat_A8_L60_r3.log
113,test_data/data_demand_random_50_batch_all1_equal_random/RC101_0.5.dat,8.0,90.0,1,776.0,"[
    [
        [
            [0, [48, 13, 26, 29, 19, 18, 46, 36, 45, 7, 39, 42, 17, 5, 33, 47, 14, 16, 44, 35, 1, 22]],
            [48, []],
            [13, []],
            [26, []],
            [29, []],
            [19, []],
            [18, []],
            [46, []],
            [36, []],
            [45, []],
            [7, []],
            [39, []],
            [42, []],
            [17, []],
            [5, []],
            [33, []],
            [47, []],
            [14, []],
            [16, []],
            [44, []],
            [35, []],
            [1, []],
            [22, []]
        ],
        [
            [0, [30, 38, 10, 12, 34, 21, 28, 25, 20, 27, 41, 11, 49, 32, 8, 31, 6, 4, 15, 43, 37, 23, 50, 40, 9, 24, 3, 2]],
            [30, []],
            [38, []],
            [10, []],
            [12, []],
            [34, []],
            [21, []],
            [28, []],
            [25, []],
            [20, []],
            [27, []],
            [41, []],
            [11, []],
            [49, []],
            [32, []],
            [8, []],
            [31, []],
            [6, []],
            [4, []],
            [15, []],
            [43, []],
            [37, []],
            [23, []],
            [50, []],
            [40, []],
            [9, []],
            [24, []],
            [3, []],
            [2, []]
        ]
    ],
    [
    ]
]",,,0.0,0,0,0.0,,,,,results/sol_best_RC101_0.5.dat_A8_L90_pid2803.txt,(not found),RC101_0.5.dat_A8_L90_r1.log
113,test_data/data_demand_random_50_batch_all1_equal_random/RC101_0.5.dat,8.0,90.0,2,776.0,"[
    [
        [
            [0, [48, 13, 26, 29, 19, 18, 46, 36, 45, 7, 39, 42, 17, 5, 33, 47, 14, 16, 44, 35, 1, 22]],
            [48, []],
            [13, []],
            [26, []],
            [29, []],
            [19, []],
            [18, []],
            [46, []],
            [36, []],
            [45, []],
            [7, []],
            [39, []],
            [42, []],
            [17, []],
            [5, []],
            [33, []],
            [47, []],
            [14, []],
            [16, []],
            [44, []],
            [35, []],
            [1, []],
            [22, []]
        ],
        [
            [0, [30, 38, 10, 12, 34, 21, 28, 25, 20, 27, 41, 11, 49, 32, 8, 31, 6, 4, 15, 43, 37, 23, 50, 40, 9, 24, 3, 2]],
            [30, []],
            [38, []],
            [10, []],
            [12, []],
            [34, []],
            [21, []],
            [28, []],
            [25, []],
            [20, []],
            [27, []],
            [41, []],
            [11, []],
            [49, []],
            [32, []],
            [8, []],
            [31, []],
            [6, []],
            [4, []],
            [15, []],
            [43, []],
            [37, []],
            [23, []],
            [50, []],
            [40, []],
            [9, []],
            [24, []],
            [3, []],
            [2, []]
        ]
    ],
    [
    ]
]",,,0.0,0,0,0.0,,,,,results/sol_best_RC101_0.5.dat_A8_L90_pid2805.txt,(not found),RC101_0.5.dat_A8_L90_r2.log
113,test_data/data_demand_random_50_batch_all1_equal_random/RC101_0.5.dat,8.0,90.0,3,776.0,"[
    [
        [
            [0, [30, 48, 13, 26, 29, 19, 18, 46, 36, 45, 7, 39, 42, 17, 5, 33, 47, 14, 16, 44, 35, 1, 22]],
            [30, []],
            [48, []],
            [13, []],
            [26, []],
            [29, []],
            [19, []],
            [18, []],
            [46, []],
            [36, []],
            [45, []],
            [7, []],
            [39, []],
            [42, []],
            [17, []],
            [5, []],
            [33, []],
            [47, []],
            [14, []],
            [16, []],
            [44, []],
            [35, []],
            [1, []],
            [22, []]
        ],
        [
            [0, [34, 38, 10, 12, 21, 28, 25, 20, 27, 41, 11, 49, 32, 8, 31, 6, 4, 15, 43, 37, 23, 50, 40, 9, 24, 3, 2]],
            [34, []],
            [38, []],
            [10, []],
            [12, []],
            [21, []],
            [28, []],
            [25, []],
            [20, []],
            [27, []],
            [41, []],
            [11, []],
            [49, []],
            [32, []],
            [8, []],
            [31, []],
            [6, []],
            [4, []],
            [15, []],
            [43, []],
            [37, []],
            [23, []],
            [50, []],
            [40, []],
            [9, []],
            [24, []],
            [3, []],
            [2, []]
        ]
    ],
    [
    ]
]",,,0.0,0,0,0.0,,,,,results/sol_best_RC101_0.5.dat_A8_L90_pid2806.txt,(not found),RC101_0.5.dat_A8_L90_r3.log
114,test_data/data_demand_random_50_batch_all1_equal_random/RC101_0.5.dat,8.0,120.0,1,744.0,"[
    [
        [
            [0, [26, 29, 19, 18, 46, 36, 45, 7, 39, 42, 17, 5, 33, 47, 14, 16, 44, 35, 1, 22, 24, 9, 3, 2]],
            [26, []],
            [29, []],
            [19, []],
            [18, []],
            [46, []],
            [36, []],
            [45, []],
            [7, []],
            [39, []],
            [42, []],
            [17, []],
            [5, []],
            [33, []],
            [47, []],
            [14, []],
            [16, []],
            [44, []],
            [35, []],
            [1, []],
            [22, []],
            [24, []],
            [9, []],
            [3, []],
            [2, []]
        ],
        [
            [0, [30, 48, 13, 10, 12, 38, 34, 21, 28, 25, 20, 27, 41, 11, 49, 32, 8, 31, 6, 4, 40, 50, 23, 37, 43, 15]],
            [30, []],
            [48, []],
            [13, []],
            [10, []],
            [12, []],
            [38, []],
            [34, []],
            [21, []],
            [28, []],
            [25, []],
            [20, []],
            [27, []],
            [41, []],
            [11, []],
            [49, []],
            [32, []],
            [8, []],
            [31, []],
            [6, []],
            [4, []],
            [40, []],
            [50, []],
            [23, []],
            [37, []],
            [43, []],
            [15, []]
        ]
    ],
    [
    ]
]",,,0.0,0,0,0.0,,,,,results/sol_best_RC101_0.5.dat_A8_L120_pid2752.txt,(not found),RC101_0.5.dat_A8_L120_r1.log
114,test_data/data_demand_random_50_batch_all1_equal_random/RC101_0.5.dat,8.0,120.0,2,776.0,"[
    [
        [
            [0, [30, 48, 13, 26, 29, 19, 18, 46, 36, 45, 7, 39, 42, 17, 5, 33, 47, 14, 16, 44, 35, 1, 22]],
            [30, []],
            [48, []],
            [13, []],
            [26, []],
            [29, []],
            [19, []],
            [18, []],
            [46, []],
            [36, []],
            [45, []],
            [7, []],
            [39, []],
            [42, []],
            [17, []],
            [5, []],
            [33, []],
            [47, []],
            [14, []],
            [16, []],
            [44, []],
            [35, []],
            [1, []],
            [22, []]
        ],
        [
            [0, [10, 12, 38, 34, 21, 28, 25, 20, 27, 41, 11, 49, 32, 8, 31, 6, 4, 15, 43, 37, 23, 50, 40, 9, 24, 3, 2]],
            [10, []],
            [12, []],
            [38, []],
            [34, []],
            [21, []],
            [28, []],
            [25, []],
            [20, []],
            [27, []],
            [41, []],
            [11, []],
            [49, []],
            [32, []],
            [8, []],
            [31, []],
            [6, []],
            [4, []],
            [15, []],
            [43, []],
            [37, []],
            [23, []],
            [50, []],
            [40, []],
            [9, []],
            [24, []],
            [3, []],
            [2, []]
        ]
    ],
    [
    ]
]",,,0.0,0,0,0.0,,,,,results/sol_best_RC101_0.5.dat_A8_L120_pid2754.txt,(not found),RC101_0.5.dat_A8_L120_r2.log
114,test_data/data_demand_random_50_batch_all1_equal_random/RC101_0.5.dat,8.0,120.0,3,776.0,"[
    [
        [
            [0, [30, 48, 13, 26, 29, 19, 18, 46, 36, 45, 7, 39, 42, 17, 5, 33, 47, 14, 16, 44, 35, 1, 22]],
            [30, []],
            [48, []],
            [13, []],
            [26, []],
            [29, []],
            [19, []],
            [18, []],
            [46, []],
            [36, []],
            [45, []],
            [7, []],
            [39, []],
            [42, []],
            [17, []],
            [5, []],
            [33, []],
            [47, []],
            [14, []],
            [16, []],
            [44, []],
            [35, []],
            [1, []],
            [22, []]
        ],
        [
            [0, [12, 10, 38, 34, 21, 28, 25, 20, 27, 41, 11, 49, 32, 8, 31, 6, 4, 15, 43, 37, 23, 50, 40, 9, 24, 3, 2]],
            [12, []],
            [10, []],
            [38, []],
            [34, []],
            [21, []],
            [28, []],
            [25, []],
            [20, []],
            [27, []],
            [41, []],
            [11, []],
            [49, []],
            [32, []],
            [8, []],
            [31, []],
            [6, []],
            [4, []],
            [15, []],
            [43, []],
            [37, []],
            [23, []],
            [50, []],
            [40, []],
            [9, []],
            [24, []],
            [3, []],
            [2, []]
        ]
    ],
    [
    ]
]",,,0.0,0,0,0.0,,,,,results/sol_best_RC101_0.5.dat_A8_L120_pid2755.txt,(not found),RC101_0.5.dat_A8_L120_r3.log
115,test_data/data_demand_random_50_batch_all1_equal_random/RC101_1.5.dat,4.0,60.0,1,1168.0,"[
    [
        [
            [0, [12, 45, 20, 34, 26, 31, 49, 10, 6, 37, 40, 44, 14, 27, 47, 35, 13, 43, 39, 50, 23, 22, 29, 41, 16, 9, 33, 32, 1]],
            [12, []],
            [45, []],
            [20, []],
            [34, []],
            [26, []],
            [31, []],
            [49, []],
            [10, []],
            [6, []],
            [37, []],
            [40, []],
            [44, []],
            [14, []],
            [27, []],
            [47, []],
            [35, []],
            [13, []],
            [43, []],
            [39, []],
            [50, []],
            [23, []],
            [22, []],
            [29, []],
            [41, []],
            [16, []],
            [9, []],
            [33, []],
            [32, []],
            [1, []]
        ],
        [
            [0, [36, 21, 8, 24, 17, 15, 3, 5, 2, 46, 4, 38, 48, 42, 19, 30, 7, 28, 11, 18, 25]],
            [36, []],
            [21, []],
            [8, []],
            [24, []],
            [17, []],
            [15, []],
            [3, []],
            [5, []],
            [2, []],
            [46, []],
            [4, []],
            [38, []],
            [48, []],
            [42, []],
            [19, []],
            [30, []],
            [7, []],
            [28, []],
            [11, []],
            [18, []],
            [25, []]
        ]
    ],
    [
    ]
]",,,0.0,0,0,0.0,,,,,results/sol_best_RC101_1.5.dat_A4_L60_pid2668.txt,(not found),RC101_1.5.dat_A4_L60_r1.log
115,test_data/data_demand_random_50_batch_all1_equal_random/RC101_1.5.dat,4.0,60.0,2,1168.0,"[
    [
        [
            [0, [12, 45, 20, 34, 26, 31, 49, 10, 6, 37, 40, 44, 14, 27, 47, 35, 13, 43, 39, 50, 23, 22, 29, 41, 16, 9, 33, 32, 1]],
            [12, []],
            [45, []],
            [20, []],
            [34, []],
            [26, []],
            [31, []],
            [49, []],
            [10, []],
            [6, []],
            [37, []],
            [40, []],
            [44, []],
            [14, []],
            [27, []],
            [47, []],
            [35, []],
            [13, []],
            [43, []],
            [39, []],
            [50, []],
            [23, []],
            [22, []],
            [29, []],
            [41, []],
            [16, []],
            [9, []],
            [33, []],
            [32, []],
            [1, []]
        ],
        [
            [0, [36, 21, 8, 24, 17, 15, 3, 5, 2, 46, 4, 38, 48, 42, 19, 30, 7, 28, 11, 18, 25]],
            [36, []],
            [21, []],
            [8, []],
            [24, []],
            [17, []],
            [15, []],
            [3, []],
            [5, []],
            [2, []],
            [46, []],
            [4, []],
            [38, []],
            [48, []],
            [42, []],
            [19, []],
            [30, []],
            [7, []],
            [28, []],
            [11, []],
            [18, []],
            [25, []]
        ]
    ],
    [
    ]
]",,,0.0,0,0,0.0,,,,,results/sol_best_RC101_1.5.dat_A4_L60_pid2670.txt,(not found),RC101_1.5.dat_A4_L60_r2.log
115,test_data/data_demand_random_50_batch_all1_equal_random/RC101_1.5.dat,4.0,60.0,3,1168.0,"[
    [
        [
            [0, [12, 45, 20, 34, 26, 31, 49, 10, 6, 37, 40, 44, 14, 27, 47, 35, 13, 43, 39, 50, 23, 22, 29, 41, 16, 9, 33, 32, 1]],
            [12, []],
            [45, []],
            [20, []],
            [34, []],
            [26, []],
            [31, []],
            [49, []],
            [10, []],
            [6, []],
            [37, []],
            [40, []],
            [44, []],
            [14, []],
            [27, []],
            [47, []],
            [35, []],
            [13, []],
            [43, []],
            [39, []],
            [50, []],
            [23, []],
            [22, []],
            [29, []],
            [41, []],
            [16, []],
            [9, []],
            [33, []],
            [32, []],
            [1, []]
        ],
        [
            [0, [36, 21, 8, 24, 17, 15, 3, 5, 2, 46, 4, 38, 48, 42, 19, 30, 7, 28, 11, 18, 25]],
            [36, []],
            [21, []],
            [8, []],
            [24, []],
            [17, []],
            [15, []],
            [3, []],
            [5, []],
            [2, []],
            [46, []],
            [4, []],
            [38, []],
            [48, []],
            [42, []],
            [19, []],
            [30, []],
            [7, []],
            [28, []],
            [11, []],
            [18, []],
            [25, []]
        ]
    ],
    [
    ]
]",,,0.0,0,0,0.0,,,,,results/sol_best_RC101_1.5.dat_A4_L60_pid2671.txt,(not found),RC101_1.5.dat_A4_L60_r3.log
116,test_data/data_demand_random_50_batch_all1_equal_random/RC101_1.5.dat,4.0,90.0,1,1096.0,"[
    [
        [
            [0, [12, 34, 31, 24, 8, 21, 37, 6, 36, 40, 44, 14, 27, 35, 13, 43, 39, 1, 32, 33, 9, 16, 41, 29, 22, 23]],
            [12, []],
            [34, []],
            [49, [49, 47, 50]],
            [31, []],
            [24, []],
            [8, []],
            [21, []],
            [37, []],
            [6, []],
            [36, []],
            [40, []],
            [44, []],
            [14, []],
            [27, []],
            [47, []],
            [35, []],
            [13, []],
            [43, []],
            [39, []],
            [1, []],
            [32, []],
            [33, []],
            [9, []],
            [16, []],
            [41, []],
            [29, []],
            [22, []],
            [23, []],
            [50, []]
        ],
        [
            [0, [10, 17, 26, 15, 3, 45, 20, 5, 2, 46, 4, 38, 48, 42, 19, 30, 7, 28, 11, 18, 25]],
            [10, []],
            [17, []],
            [26, []],
            [15, []],
            [3, []],
            [45, []],
            [20, []],
            [5, []],
            [2, []],
            [46, []],
            [4, []],
            [38, []],
            [48, []],
            [42, []],
            [19, []],
            [30, []],
            [7, []],
            [28, []],
            [11, []],
            [18, []],
            [25, []]
        ]
    ],
    [
        [
            [49, [49, 47, 50]]
        ]
    ]
]",,,661.05551275464,0,1,3.0,,,,,results/sol_best_RC101_1.5.dat_A4_L90_pid2749.txt,(not found),RC101_1.5.dat_A4_L90_r1.log
116,test_data/data_demand_random_50_batch_all1_equal_random/RC101_1.5.dat,4.0,90.0,2,1101.0,"[
    [
        [
            [0, [12, 20, 34, 3, 26, 31, 21, 37, 36, 40, 44, 14, 27, 35, 13, 43, 39, 23, 22, 29, 41, 16, 9, 33, 32, 1]],
            [12, []],
            [20, []],
            [34, []],
            [3, []],
            [26, []],
            [31, []],
            [49, []],
            [21, []],
            [37, []],
            [36, []],
            [40, []],
            [44, []],
            [14, []],
            [27, []],
            [47, []],
            [35, []],
            [13, []],
            [43, []],
            [39, []],
            [50, []],
            [23, []],
            [22, []],
            [29, []],
            [41, []],
            [16, []],
            [9, []],
            [33, []],
            [32, []],
            [1, []]
        ],
        [
            [0, [10, 6, 8, 24, 17, 15, 5, 2, 46, 4, 38, 48, 42, 19, 30, 7, 28, 11, 18, 25]],
            [10, []],
            [6, []],
            [8, []],
            [24, []],
            [17, []],
            [15, []],
            [5, []],
            [2, []],
            [46, []],
            [4, []],
            [45, [45, 49, 47, 50]],
            [38, []],
            [48, []],
            [42, []],
            [19, []],
            [30, []],
            [7, []],
            [28, []],
            [11, []],
            [18, []],
            [25, []]
        ]
    ],
    [
        [
            [45, [45, 49, 47, 50]]
        ]
    ]
]",,,797.2021504754765,0,1,4.0,,,,,results/sol_best_RC101_1.5.dat_A4_L90_pid2751.txt,(not found),RC101_1.5.dat_A4_L90_r2.log
116,test_data/data_demand_random_50_batch_all1_equal_random/RC101_1.5.dat,4.0,90.0,3,1096.0,"[
    [
        [
            [0, [12, 34, 26, 31, 24, 21, 8, 6, 37, 36, 40, 44, 14, 27, 35, 13, 43, 39, 1, 32, 33, 9, 16, 41, 29, 22, 23]],
            [12, []],
            [34, []],
            [26, []],
            [31, []],
            [24, []],
            [49, [49, 47, 50]],
            [21, []],
            [8, []],
            [6, []],
            [37, []],
            [36, []],
            [40, []],
            [44, []],
            [14, []],
            [27, []],
            [47, []],
            [35, []],
            [13, []],
            [43, []],
            [39, []],
            [1, []],
            [32, []],
            [33, []],
            [9, []],
            [16, []],
            [41, []],
            [29, []],
            [22, []],
            [23, []],
            [50, []]
        ],
        [
            [0, [10, 17, 15, 3, 45, 20, 5, 2, 46, 4, 38, 48, 42, 19, 30, 7, 28, 11, 18, 25]],
            [10, []],
            [17, []],
            [15, []],
            [3, []],
            [45, []],
            [20, []],
            [5, []],
            [2, []],
            [46, []],
            [4, []],
            [38, []],
            [48, []],
            [42, []],
            [19, []],
            [30, []],
            [7, []],
            [28, []],
            [11, []],
            [18, []],
            [25, []]
        ]
    ],
    [
        [
            [49, [49, 47, 50]]
        ]
    ]
]",,,681.05551275464,0,1,3.0,,,,,results/sol_best_RC101_1.5.dat_A4_L90_pid2752.txt,(not found),RC101_1.5.dat_A4_L90_r3.log
117,test_data/data_demand_random_50_batch_all1_equal_random/RC101_1.5.dat,4.0,120.0,1,1096.0,"[
    [
        [
            [0, [12, 34, 26, 31, 24, 8, 21, 6, 37, 36, 40, 44, 14, 27, 35, 13, 43, 39, 1, 32, 33, 9, 16, 41, 29, 22, 23]],
            [12, []],
            [34, []],
            [26, []],
            [31, []],
            [24, []],
            [49, [49, 47, 50]],
            [8, []],
            [21, []],
            [6, []],
            [37, []],
            [36, []],
            [40, []],
            [44, []],
            [14, []],
            [27, []],
            [47, []],
            [35, []],
            [13, []],
            [43, []],
            [39, []],
            [1, []],
            [32, []],
            [33, []],
            [9, []],
            [16, []],
            [41, []],
            [29, []],
            [22, []],
            [23, []],
            [50, []]
        ],
        [
            [0, [10, 17, 15, 3, 45, 20, 5, 2, 46, 4, 38, 48, 42, 19, 30, 7, 28, 11, 18, 25]],
            [10, []],
            [17, []],
            [15, []],
            [3, []],
            [45, []],
            [20, []],
            [5, []],
            [2, []],
            [46, []],
            [4, []],
            [38, []],
            [48, []],
            [42, []],
            [19, []],
            [30, []],
            [7, []],
            [28, []],
            [11, []],
            [18, []],
            [25, []]
        ]
    ],
    [
        [
            [49, [49, 47, 50]]
        ]
    ]
]",,,681.05551275464,0,1,3.0,,,,,results/sol_best_RC101_1.5.dat_A4_L120_pid2752.txt,(not found),RC101_1.5.dat_A4_L120_r1.log
117,test_data/data_demand_random_50_batch_all1_equal_random/RC101_1.5.dat,4.0,120.0,2,1096.0,"[
    [
        [
            [0, [34, 3, 20, 12, 10, 37, 36, 40, 44, 14, 27, 35, 13, 43, 39, 23, 22, 29, 41, 16, 9, 33, 32, 1]],
            [34, []],
            [3, []],
            [20, []],
            [45, [45, 49, 47, 50]],
            [12, []],
            [10, []],
            [37, []],
            [36, []],
            [40, []],
            [44, []],
            [14, []],
            [27, []],
            [47, []],
            [35, []],
            [13, []],
            [43, []],
            [39, []],
            [50, []],
            [23, []],
            [22, []],
            [29, []],
            [41, []],
            [16, []],
            [9, []],
            [33, []],
            [32, []],
            [1, []]
        ],
        [
            [0, [6, 21, 8, 24, 31, 17, 26, 15, 5, 2, 46, 4, 38, 48, 42, 19, 30, 7, 28, 11, 18, 25]],
            [6, []],
            [21, []],
            [8, []],
            [49, []],
            [24, []],
            [31, []],
            [17, []],
            [26, []],
            [15, []],
            [5, []],
            [2, []],
            [46, []],
            [4, []],
            [38, []],
            [48, []],
            [42, []],
            [19, []],
            [30, []],
            [7, []],
            [28, []],
            [11, []],
            [18, []],
            [25, []]
        ]
    ],
    [
        [
            [45, [45, 49, 47, 50]]
        ]
    ]
]",,,602.2021504754765,0,1,4.0,,,,,results/sol_best_RC101_1.5.dat_A4_L120_pid2754.txt,(not found),RC101_1.5.dat_A4_L120_r2.log
117,test_data/data_demand_random_50_batch_all1_equal_random/RC101_1.5.dat,4.0,120.0,3,1096.0,"[
    [
        [
            [0, [12, 34, 24, 31, 21, 8, 6, 37, 36, 40, 44, 14, 27, 35, 13, 43, 39, 1, 32, 33, 9, 16, 41, 29, 22, 23]],
            [12, []],
            [34, []],
            [24, []],
            [31, []],
            [49, [49, 47, 50]],
            [21, []],
            [8, []],
            [6, []],
            [37, []],
            [36, []],
            [40, []],
            [44, []],
            [14, []],
            [27, []],
            [47, []],
            [35, []],
            [13, []],
            [43, []],
            [39, []],
            [1, []],
            [32, []],
            [33, []],
            [9, []],
            [16, []],
            [41, []],
            [29, []],
            [22, []],
            [23, []],
            [50, []]
        ],
        [
            [0, [10, 17, 26, 15, 3, 45, 20, 5, 2, 46, 4, 38, 48, 42, 19, 30, 7, 28, 11, 18, 25]],
            [10, []],
            [17, []],
            [26, []],
            [15, []],
            [3, []],
            [45, []],
            [20, []],
            [5, []],
            [2, []],
            [46, []],
            [4, []],
            [38, []],
            [48, []],
            [42, []],
            [19, []],
            [30, []],
            [7, []],
            [28, []],
            [11, []],
            [18, []],
            [25, []]
        ]
    ],
    [
        [
            [49, [49, 47, 50]]
        ]
    ]
]",,,681.05551275464,0,1,3.0,,,,,results/sol_best_RC101_1.5.dat_A4_L120_pid2755.txt,(not found),RC101_1.5.dat_A4_L120_r3.log
118,test_data/data_demand_random_50_batch_all1_equal_random/RC101_1.5.dat,8.0,60.0,1,1104.0,"[
    [
        [
            [0, [10, 17, 31, 24, 49, 21, 8, 6, 37, 36, 40, 44, 14, 27, 47, 35, 13, 43, 39, 50, 23, 29, 22, 41, 16, 9, 33, 32, 1]],
            [10, []],
            [17, []],
            [31, []],
            [24, []],
            [49, []],
            [21, []],
            [8, []],
            [6, []],
            [37, []],
            [36, []],
            [40, []],
            [44, []],
            [14, []],
            [27, []],
            [47, []],
            [35, []],
            [13, []],
            [43, []],
            [39, []],
            [50, []],
            [23, []],
            [29, []],
            [22, []],
            [41, []],
            [16, []],
            [9, []],
            [33, []],
            [32, []],
            [1, []]
        ],
        [
            [0, [26, 15, 3, 34, 12, 45, 20, 5, 2, 46, 4, 38, 48, 42, 19, 30, 7, 28, 11, 18, 25]],
            [26, []],
            [15, []],
            [3, []],
            [34, []],
            [12, []],
            [45, []],
            [20, []],
            [5, []],
            [2, []],
            [46, []],
            [4, []],
            [38, []],
            [48, []],
            [42, []],
            [19, []],
            [30, []],
            [7, []],
            [28, []],
            [11, []],
            [18, []],
            [25, []]
        ]
    ],
    [
    ]
]",,,0.0,0,0,0.0,,,,,results/sol_best_RC101_1.5.dat_A8_L60_pid2754.txt,(not found),RC101_1.5.dat_A8_L60_r1.log
118,test_data/data_demand_random_50_batch_all1_equal_random/RC101_1.5.dat,8.0,60.0,2,1104.0,"[
    [
        [
            [0, [10, 24, 17, 31, 49, 21, 8, 6, 37, 36, 40, 44, 14, 27, 47, 35, 13, 43, 39, 50, 23, 22, 29, 41, 16, 9, 33, 32, 1]],
            [10, []],
            [24, []],
            [17, []],
            [31, []],
            [49, []],
            [21, []],
            [8, []],
            [6, []],
            [37, []],
            [36, []],
            [40, []],
            [44, []],
            [14, []],
            [27, []],
            [47, []],
            [35, []],
            [13, []],
            [43, []],
            [39, []],
            [50, []],
            [23, []],
            [22, []],
            [29, []],
            [41, []],
            [16, []],
            [9, []],
            [33, []],
            [32, []],
            [1, []]
        ],
        [
            [0, [26, 15, 3, 34, 12, 45, 20, 5, 2, 46, 4, 38, 48, 42, 19, 30, 7, 28, 11, 18, 25]],
            [26, []],
            [15, []],
            [3, []],
            [34, []],
            [12, []],
            [45, []],
            [20, []],
            [5, []],
            [2, []],
            [46, []],
            [4, []],
            [38, []],
            [48, []],
            [42, []],
            [19, []],
            [30, []],
            [7, []],
            [28, []],
            [11, []],
            [18, []],
            [25, []]
        ]
    ],
    [
    ]
]",,,0.0,0,0,0.0,,,,,results/sol_best_RC101_1.5.dat_A8_L60_pid2756.txt,(not found),RC101_1.5.dat_A8_L60_r2.log
118,test_data/data_demand_random_50_batch_all1_equal_random/RC101_1.5.dat,8.0,60.0,3,1124.0,"[
    [
        [
            [0, [12, 10, 37, 36, 40, 44, 14, 27, 47, 35, 13, 43, 39, 50, 23, 22, 29, 41, 16, 9, 33, 32, 1]],
            [12, []],
            [10, []],
            [37, []],
            [36, []],
            [40, []],
            [44, []],
            [14, []],
            [27, []],
            [47, []],
            [35, []],
            [13, []],
            [43, []],
            [39, []],
            [50, []],
            [23, []],
            [22, []],
            [29, []],
            [41, []],
            [16, []],
            [9, []],
            [33, []],
            [32, []],
            [1, []]
        ],
        [
            [0, [6, 21, 8, 49, 24, 31, 17, 26, 15, 3, 34, 45, 20, 5, 2, 46, 4, 38, 48, 42, 19, 30, 7, 28, 11, 18, 25]],
            [6, []],
            [21, []],
            [8, []],
            [49, []],
            [24, []],
            [31, []],
            [17, []],
            [26, []],
            [15, []],
            [3, []],
            [34, []],
            [45, []],
            [20, []],
            [5, []],
            [2, []],
            [46, []],
            [4, []],
            [38, []],
            [48, []],
            [42, []],
            [19, []],
            [30, []],
            [7, []],
            [28, []],
            [11, []],
            [18, []],
            [25, []]
        ]
    ],
    [
    ]
]",,,0.0,0,0,0.0,,,,,results/sol_best_RC101_1.5.dat_A8_L60_pid2757.txt,(not found),RC101_1.5.dat_A8_L60_r3.log
119,test_data/data_demand_random_50_batch_all1_equal_random/RC101_1.5.dat,8.0,90.0,1,1096.0,"[
    [
        [
            [0, [12, 34, 26, 31, 24, 8, 21, 37, 6, 36, 40, 44, 14, 27, 35, 13, 43, 39, 1, 32, 33, 9, 16, 41, 29, 22, 23]],
            [12, []],
            [34, []],
            [26, []],
            [31, []],
            [24, []],
            [49, [49, 47, 50]],
            [8, []],
            [21, []],
            [37, []],
            [6, []],
            [36, []],
            [40, []],
            [44, []],
            [14, []],
            [27, []],
            [47, []],
            [35, []],
            [13, []],
            [43, []],
            [39, []],
            [1, []],
            [32, []],
            [33, []],
            [9, []],
            [16, []],
            [41, []],
            [29, []],
            [22, []],
            [23, []],
            [50, []]
        ],
        [
            [0, [10, 17, 15, 3, 45, 20, 5, 2, 46, 4, 38, 48, 42, 19, 30, 7, 28, 11, 18, 25]],
            [10, []],
            [17, []],
            [15, []],
            [3, []],
            [45, []],
            [20, []],
            [5, []],
            [2, []],
            [46, []],
            [4, []],
            [38, []],
            [48, []],
            [42, []],
            [19, []],
            [30, []],
            [7, []],
            [28, []],
            [11, []],
            [18, []],
            [25, []]
        ]
    ],
    [
        [
            [49, [49, 47, 50]]
        ]
    ]
]",,,681.05551275464,0,1,3.0,,,,,results/sol_best_RC101_1.5.dat_A8_L90_pid2748.txt,(not found),RC101_1.5.dat_A8_L90_r1.log
119,test_data/data_demand_random_50_batch_all1_equal_random/RC101_1.5.dat,8.0,90.0,2,1096.0,"[
    [
        [
            [0, [12, 34, 24, 31, 21, 8, 6, 37, 36, 40, 44, 14, 27, 35, 13, 43, 39, 1, 32, 33, 9, 16, 41, 29, 22, 23]],
            [12, []],
            [34, []],
            [24, []],
            [31, []],
            [49, [49, 47, 50]],
            [21, []],
            [8, []],
            [6, []],
            [37, []],
            [36, []],
            [40, []],
            [44, []],
            [14, []],
            [27, []],
            [47, []],
            [35, []],
            [13, []],
            [43, []],
            [39, []],
            [1, []],
            [32, []],
            [33, []],
            [9, []],
            [16, []],
            [41, []],
            [29, []],
            [22, []],
            [23, []],
            [50, []]
        ],
        [
            [0, [10, 17, 26, 15, 3, 45, 20, 5, 2, 46, 4, 38, 48, 42, 19, 30, 7, 28, 11, 18, 25]],
            [10, []],
            [17, []],
            [26, []],
            [15, []],
            [3, []],
            [45, []],
            [20, []],
            [5, []],
            [2, []],
            [46, []],
            [4, []],
            [38, []],
            [48, []],
            [42, []],
            [19, []],
            [30, []],
            [7, []],
            [28, []],
            [11, []],
            [18, []],
            [25, []]
        ]
    ],
    [
        [
            [49, [49, 47, 50]]
        ]
    ]
]",,,681.05551275464,0,1,3.0,,,,,results/sol_best_RC101_1.5.dat_A8_L90_pid2750.txt,(not found),RC101_1.5.dat_A8_L90_r2.log
119,test_data/data_demand_random_50_batch_all1_equal_random/RC101_1.5.dat,8.0,90.0,3,1096.0,"[
    [
        [
            [0, [12, 34, 24, 31, 21, 8, 6, 37, 36, 40, 44, 14, 27, 35, 13, 43, 39, 1, 32, 33, 9, 16, 41, 29, 22, 23]],
            [12, []],
            [34, []],
            [24, []],
            [31, []],
            [49, [49, 47, 50]],
            [21, []],
            [8, []],
            [6, []],
            [37, []],
            [36, []],
            [40, []],
            [44, []],
            [14, []],
            [27, []],
            [47, []],
            [35, []],
            [13, []],
            [43, []],
            [39, []],
            [1, []],
            [32, []],
            [33, []],
            [9, []],
            [16, []],
            [41, []],
            [29, []],
            [22, []],
            [23, []],
            [50, []]
        ],
        [
            [0, [10, 17, 26, 15, 3, 45, 20, 5, 2, 46, 4, 38, 48, 42, 19, 30, 7, 28, 11, 18, 25]],
            [10, []],
            [17, []],
            [26, []],
            [15, []],
            [3, []],
            [45, []],
            [20, []],
            [5, []],
            [2, []],
            [46, []],
            [4, []],
            [38, []],
            [48, []],
            [42, []],
            [19, []],
            [30, []],
            [7, []],
            [28, []],
            [11, []],
            [18, []],
            [25, []]
        ]
    ],
    [
        [
            [49, [49, 47, 50]]
        ]
    ]
]",,,681.05551275464,0,1,3.0,,,,,results/sol_best_RC101_1.5.dat_A8_L90_pid2751.txt,(not found),RC101_1.5.dat_A8_L90_r3.log
120,test_data/data_demand_random_50_batch_all1_equal_random/RC101_1.5.dat,8.0,120.0,1,1104.0,"[
    [
        [
            [0, [12, 34, 24, 21, 8, 6, 10, 37, 36, 40, 44, 14, 27, 35, 13, 43, 39, 23, 22, 29, 41, 16, 9, 33, 32, 1]],
            [12, []],
            [34, []],
            [49, [49, 47, 50]],
            [24, []],
            [21, []],
            [8, []],
            [6, []],
            [10, []],
            [37, []],
            [36, []],
            [40, []],
            [44, []],
            [14, []],
            [27, []],
            [47, []],
            [35, []],
            [13, []],
            [43, []],
            [39, []],
            [50, []],
            [23, []],
            [22, []],
            [29, []],
            [41, []],
            [16, []],
            [9, []],
            [33, []],
            [32, []],
            [1, []]
        ],
        [
            [0, [26, 31, 17, 15, 3, 45, 20, 5, 2, 46, 4, 38, 48, 42, 19, 30, 7, 28, 11, 18, 25]],
            [26, []],
            [31, []],
            [17, []],
            [15, []],
            [3, []],
            [45, []],
            [20, []],
            [5, []],
            [2, []],
            [46, []],
            [4, []],
            [38, []],
            [48, []],
            [42, []],
            [19, []],
            [30, []],
            [7, []],
            [28, []],
            [11, []],
            [18, []],
            [25, []]
        ]
    ],
    [
        [
            [49, [49, 47, 50]]
        ]
    ]
]",,,661.05551275464,0,1,3.0,,,,,results/sol_best_RC101_1.5.dat_A8_L120_pid2755.txt,(not found),RC101_1.5.dat_A8_L120_r1.log
120,test_data/data_demand_random_50_batch_all1_equal_random/RC101_1.5.dat,8.0,120.0,2,1093.0,"[
    [
        [
            [0, [12, 20, 3, 34, 8, 21, 6, 37, 36, 40, 44, 14, 27, 35, 13, 43, 39, 23, 22, 29, 41, 16, 9, 33, 32, 1]],
            [12, []],
            [20, []],
            [3, []],
            [34, []],
            [8, []],
            [21, []],
            [6, []],
            [37, []],
            [36, []],
            [40, []],
            [44, []],
            [14, []],
            [27, []],
            [47, []],
            [35, []],
            [13, []],
            [43, []],
            [39, []],
            [50, []],
            [23, []],
            [22, []],
            [29, []],
            [41, []],
            [16, []],
            [9, []],
            [33, []],
            [32, []],
            [1, []]
        ],
        [
            [0, [10, 24, 31, 17, 26, 15, 5, 2, 46, 4, 38, 48, 42, 19, 30, 7, 28, 11, 18, 25]],
            [10, []],
            [49, []],
            [24, []],
            [31, []],
            [17, []],
            [26, []],
            [15, []],
            [5, []],
            [2, []],
            [46, []],
            [4, []],
            [45, [45, 49, 47, 50]],
            [38, []],
            [48, []],
            [42, []],
            [19, []],
            [30, []],
            [7, []],
            [28, []],
            [11, []],
            [18, []],
            [25, []]
        ]
    ],
    [
        [
            [45, [45, 49, 47, 50]]
        ]
    ]
]",,,789.2021504754765,0,1,4.0,,,,,results/sol_best_RC101_1.5.dat_A8_L120_pid2757.txt,(not found),RC101_1.5.dat_A8_L120_r2.log
120,test_data/data_demand_random_50_batch_all1_equal_random/RC101_1.5.dat,8.0,120.0,3,1096.0,"[
    [
        [
            [0, [12, 20, 34, 21, 37, 36, 40, 44, 14, 27, 35, 13, 43, 39, 23, 22, 29, 41, 16, 9, 33, 32, 1]],
            [12, []],
            [45, [45, 49, 47, 50]],
            [20, []],
            [34, []],
            [49, []],
            [21, []],
            [37, []],
            [36, []],
            [40, []],
            [44, []],
            [14, []],
            [27, []],
            [47, []],
            [35, []],
            [13, []],
            [43, []],
            [39, []],
            [50, []],
            [23, []],
            [22, []],
            [29, []],
            [41, []],
            [16, []],
            [9, []],
            [33, []],
            [32, []],
            [1, []]
        ],
        [
            [0, [10, 6, 8, 24, 31, 17, 26, 3, 15, 5, 2, 46, 4, 38, 48, 42, 19, 30, 7, 28, 11, 18, 25]],
            [10, []],
            [6, []],
            [8, []],
            [24, []],
            [31, []],
            [17, []],
            [26, []],
            [3, []],
            [15, []],
            [5, []],
            [2, []],
            [46, []],
            [4, []],
            [38, []],
            [48, []],
            [42, []],
            [19, []],
            [30, []],
            [7, []],
            [28, []],
            [11, []],
            [18, []],
            [25, []]
        ]
    ],
    [
        [
            [45, [45, 49, 47, 50]]
        ]
    ]
]",,,594.2021504754765,0,1,4.0,,,,,results/sol_best_RC101_1.5.dat_A8_L120_pid2758.txt,(not found),RC101_1.5.dat_A8_L120_r3.log
121,test_data/data_demand_random_50_batch_all1_equal_random/RC101_1.dat,4.0,60.0,1,888.0,"[
    [
        [
            [0, [7, 4, 42, 35, 30, 23, 34, 21, 37, 46, 44, 38, 27, 33, 8, 24, 22, 47, 31, 41, 50, 10, 49, 15, 9, 26, 5, 11, 1, 40]],
            [7, []],
            [4, []],
            [42, []],
            [35, []],
            [30, []],
            [23, []],
            [34, []],
            [21, []],
            [37, []],
            [46, []],
            [44, []],
            [38, []],
            [27, []],
            [33, []],
            [8, []],
            [24, []],
            [22, []],
            [47, []],
            [31, []],
            [41, []],
            [50, []],
            [10, []],
            [49, []],
            [15, []],
            [9, []],
            [26, []],
            [5, []],
            [11, []],
            [1, []],
            [40, []]
        ],
        [
            [0, [14, 18, 48, 25, 20, 29, 3, 19, 39, 6, 17, 36, 12, 43, 16, 45, 28, 13, 32, 2]],
            [14, []],
            [18, []],
            [48, []],
            [25, []],
            [20, []],
            [29, []],
            [3, []],
            [19, []],
            [39, []],
            [6, []],
            [17, []],
            [36, []],
            [12, []],
            [43, []],
            [16, []],
            [45, []],
            [28, []],
            [13, []],
            [32, []],
            [2, []]
        ]
    ],
    [
    ]
]",,,0.0,0,0,0.0,,,,,results/sol_best_RC101_1.dat_A4_L60_pid2755.txt,(not found),RC101_1.dat_A4_L60_r1.log
121,test_data/data_demand_random_50_batch_all1_equal_random/RC101_1.dat,4.0,60.0,2,876.0,"[
    [
        [
            [0, [35, 30, 42, 4, 23, 34, 21, 37, 46, 7, 44, 38, 27, 33, 8, 24, 22, 47, 31, 41, 50, 10, 49, 15, 9, 26, 5, 11, 1, 40]],
            [35, []],
            [30, []],
            [42, []],
            [4, []],
            [23, []],
            [34, []],
            [21, []],
            [37, []],
            [46, []],
            [7, []],
            [44, []],
            [38, []],
            [27, []],
            [33, []],
            [8, []],
            [24, []],
            [22, []],
            [47, []],
            [31, []],
            [41, []],
            [50, []],
            [10, []],
            [49, []],
            [15, []],
            [9, []],
            [26, []],
            [5, []],
            [11, []],
            [1, []],
            [40, []]
        ],
        [
            [0, [14, 18, 48, 25, 20, 29, 3, 19, 39, 6, 17, 36, 12, 43, 16, 45, 28, 13, 32, 2]],
            [14, []],
            [18, []],
            [48, []],
            [25, []],
            [20, []],
            [29, []],
            [3, []],
            [19, []],
            [39, []],
            [6, []],
            [17, []],
            [36, []],
            [12, []],
            [43, []],
            [16, []],
            [45, []],
            [28, []],
            [13, []],
            [32, []],
            [2, []]
        ]
    ],
    [
    ]
]",,,0.0,0,0,0.0,,,,,results/sol_best_RC101_1.dat_A4_L60_pid2757.txt,(not found),RC101_1.dat_A4_L60_r2.log
121,test_data/data_demand_random_50_batch_all1_equal_random/RC101_1.dat,4.0,60.0,3,876.0,"[
    [
        [
            [0, [7, 30, 35, 42, 4, 23, 34, 21, 37, 46, 44, 38, 27, 33, 8, 24, 22, 47, 31, 41, 50, 10, 49, 15, 9, 26, 5, 11, 1, 40]],
            [7, []],
            [30, []],
            [35, []],
            [42, []],
            [4, []],
            [23, []],
            [34, []],
            [21, []],
            [37, []],
            [46, []],
            [44, []],
            [38, []],
            [27, []],
            [33, []],
            [8, []],
            [24, []],
            [22, []],
            [47, []],
            [31, []],
            [41, []],
            [50, []],
            [10, []],
            [49, []],
            [15, []],
            [9, []],
            [26, []],
            [5, []],
            [11, []],
            [1, []],
            [40, []]
        ],
        [
            [0, [14, 18, 48, 25, 20, 29, 3, 19, 39, 6, 17, 36, 12, 43, 16, 45, 28, 13, 32, 2]],
            [14, []],
            [18, []],
            [48, []],
            [25, []],
            [20, []],
            [29, []],
            [3, []],
            [19, []],
            [39, []],
            [6, []],
            [17, []],
            [36, []],
            [12, []],
            [43, []],
            [16, []],
            [45, []],
            [28, []],
            [13, []],
            [32, []],
            [2, []]
        ]
    ],
    [
    ]
]",,,0.0,0,0,0.0,,,,,results/sol_best_RC101_1.dat_A4_L60_pid2758.txt,(not found),RC101_1.dat_A4_L60_r3.log
122,test_data/data_demand_random_50_batch_all1_equal_random/RC101_1.dat,4.0,90.0,1,791.54,"[
    [
        [
            [0, [4, 7, 23, 21, 8, 22, 10, 15, 9, 5, 11, 1]],
            [4, [27, 24, 26]],
            [7, [35, 34, 33, 37, 38, 40]],
            [42, [42, 30, 31]],
            [35, []],
            [30, []],
            [23, []],
            [34, []],
            [21, [44, 41, 46, 47, 50, 49]],
            [37, []],
            [46, []],
            [44, []],
            [38, []],
            [27, [27]],
            [33, []],
            [8, []],
            [24, [24]],
            [22, []],
            [47, []],
            [31, []],
            [41, []],
            [50, []],
            [10, []],
            [49, []],
            [15, []],
            [9, []],
            [26, [26]],
            [5, []],
            [11, []],
            [1, []],
            [40, []]
        ],
        [
            [0, [14, 18, 48, 25, 20, 29, 3, 19, 39, 6, 17, 36, 12, 43, 16, 45, 28, 13, 32, 2]],
            [14, []],
            [18, []],
            [48, []],
            [25, []],
            [20, []],
            [29, []],
            [3, []],
            [19, []],
            [39, []],
            [6, []],
            [17, []],
            [36, []],
            [12, []],
            [43, []],
            [16, []],
            [45, []],
            [28, []],
            [13, []],
            [32, []],
            [2, []]
        ]
    ],
    [
        [
            [4, [27, 24, 26]]
        ],
        [
            [7, [35, 34, 33]]
        ],
        [
            [7, [37, 38, 40]]
        ],
        [
            [42, [42, 30, 31]]
        ],
        [
            [21, [44, 41, 46]],
            [21, [47, 50, 49]]
        ]
    ]
]",791.54,"[
    [
        [
            [0, [4, 7, 23, 21, 8, 22, 10, 15, 9, 5, 11, 1]],
            [4, [27, 24, 26]],
            [7, [35, 34, 33, 37, 38, 40]],
            [42, [42, 30, 31]],
            [35, []],
            [30, []],
            [23, []],
            [34, []],
            [21, [44, 41, 46, 47, 50, 49]],
            [37, []],
            [46, []],
            [44, []],
            [38, []],
            [27, [27]],
            [33, []],
            [8, []],
            [24, [24]],
            [22, []],
            [47, []],
            [31, []],
            [41, []],
            [50, []],
            [10, []],
            [49, []],
            [15, []],
            [9, []],
            [26, [26]],
            [5, []],
            [11, []],
            [1, []],
            [40, []]
        ],
        [
            [0, [14, 18, 48, 25, 20, 29, 3, 19, 39, 6, 17, 36, 12, 43, 16, 45, 28, 13, 32, 2]],
            [14, []],
            [18, []],
            [48, []],
            [25, []],
            [20, []],
            [29, []],
            [3, []],
            [19, []],
            [39, []],
            [6, []],
            [17, []],
            [36, []],
            [12, []],
            [43, []],
            [16, []],
            [45, []],
            [28, []],
            [13, []],
            [32, []],
            [2, []]
        ]
    ],
    [
        [
            [4, [27, 24, 26]]
        ],
        [
            [7, [35, 34, 33]]
        ],
        [
            [7, [37, 38, 40]]
        ],
        [
            [42, [42, 30, 31]]
        ],
        [
            [21, [44, 41, 46]],
            [21, [47, 50, 49]]
        ]
    ]
]",314.74154257922316,1,5,3.6,314.74154257922316,1,5,3.6,results/sol_best_RC101_1.dat_A4_L90_pid2754.txt,results/sol_best_multi_RC101_1.dat_A4_L90_pid2754.txt,RC101_1.dat_A4_L90_r1.log
122,test_data/data_demand_random_50_batch_all1_equal_random/RC101_1.dat,4.0,90.0,2,788.31,"[
    [
        [
            [0, [4, 7, 8, 10, 9, 5, 11, 1]],
            [30, [23, 21, 22, 15]],
            [42, []],
            [23, []],
            [46, [27, 24, 26, 30, 31]],
            [4, []],
            [35, []],
            [7, [35, 34, 33, 37, 38, 40, 42]],
            [37, []],
            [34, []],
            [21, [44, 41, 46, 47, 50, 49]],
            [44, []],
            [38, []],
            [27, []],
            [33, []],
            [8, []],
            [24, []],
            [22, []],
            [47, []],
            [31, []],
            [41, []],
            [50, []],
            [10, []],
            [49, []],
            [15, []],
            [9, []],
            [26, []],
            [5, []],
            [11, []],
            [1, []],
            [40, []]
        ],
        [
            [0, [14, 18, 48, 25, 20, 29, 3, 19, 39, 6, 17, 36, 12, 43, 16, 45, 28, 13, 32, 2]],
            [14, []],
            [18, []],
            [48, []],
            [25, []],
            [20, []],
            [29, []],
            [3, []],
            [19, []],
            [39, []],
            [6, []],
            [17, []],
            [36, []],
            [12, []],
            [43, []],
            [16, []],
            [45, []],
            [28, []],
            [13, []],
            [32, []],
            [2, []]
        ]
    ],
    [
        [
            [30, [23, 21, 22, 15]]
        ],
        [
            [46, [27, 24, 26]]
        ],
        [
            [46, [30, 31]]
        ],
        [
            [7, [35, 34, 33]]
        ],
        [
            [7, [37, 38, 40, 42]]
        ],
        [
            [21, [44, 41, 46]],
            [21, [47, 50, 49]]
        ]
    ]
]",788.31,"[
    [
        [
            [0, [4, 7, 8, 10, 9, 5, 11, 1]],
            [30, [23, 21, 22, 15]],
            [42, []],
            [23, []],
            [46, [27, 24, 26, 30, 31]],
            [4, []],
            [35, []],
            [7, [35, 34, 33, 37, 38, 40, 42]],
            [37, []],
            [34, []],
            [21, [44, 41, 46, 47, 50, 49]],
            [44, []],
            [38, []],
            [27, []],
            [33, []],
            [8, []],
            [24, []],
            [22, []],
            [47, []],
            [31, []],
            [41, []],
            [50, []],
            [10, []],
            [49, []],
            [15, []],
            [9, []],
            [26, []],
            [5, []],
            [11, []],
            [1, []],
            [40, []]
        ],
        [
            [0, [14, 18, 48, 25, 20, 29, 3, 19, 39, 6, 17, 36, 12, 43, 16, 45, 28, 13, 32, 2]],
            [14, []],
            [18, []],
            [48, []],
            [25, []],
            [20, []],
            [29, []],
            [3, []],
            [19, []],
            [39, []],
            [6, []],
            [17, []],
            [36, []],
            [12, []],
            [43, []],
            [16, []],
            [45, []],
            [28, []],
            [13, []],
            [32, []],
            [2, []]
        ]
    ],
    [
        [
            [30, [23, 21, 22, 15]]
        ],
        [
            [46, [27, 24, 26]]
        ],
        [
            [46, [30, 31]]
        ],
        [
            [7, [35, 34, 33]]
        ],
        [
            [7, [37, 38, 40, 42]]
        ],
        [
            [21, [44, 41, 46]],
            [21, [47, 50, 49]]
        ]
    ]
]",268.55410250857244,1,6,3.6666666666666665,268.55410250857244,1,6,3.6666666666666665,results/sol_best_RC101_1.dat_A4_L90_pid2756.txt,results/sol_best_multi_RC101_1.dat_A4_L90_pid2756.txt,RC101_1.dat_A4_L90_r2.log
122,test_data/data_demand_random_50_batch_all1_equal_random/RC101_1.dat,4.0,90.0,3,789.54,"[
    [
        [
            [0, [21, 23, 4, 30, 7, 27, 8, 24, 22, 31, 10, 15, 9, 26, 5, 11, 1]],
            [46, []],
            [37, [34, 35, 33]],
            [21, []],
            [23, [37, 38, 40]],
            [34, []],
            [4, []],
            [42, [42, 44, 41, 46, 47, 50, 49]],
            [35, []],
            [30, []],
            [7, []],
            [44, []],
            [38, []],
            [27, []],
            [33, []],
            [8, []],
            [24, []],
            [22, []],
            [47, []],
            [31, []],
            [41, []],
            [50, []],
            [10, []],
            [49, []],
            [15, []],
            [9, []],
            [26, []],
            [5, []],
            [11, []],
            [1, []],
            [40, []]
        ],
        [
            [0, [14, 18, 48, 25, 20, 29, 3, 19, 39, 6, 17, 36, 12, 43, 16, 45, 28, 13, 32, 2]],
            [14, []],
            [18, []],
            [48, []],
            [25, []],
            [20, []],
            [29, []],
            [3, []],
            [19, []],
            [39, []],
            [6, []],
            [17, []],
            [36, []],
            [12, []],
            [43, []],
            [16, []],
            [45, []],
            [28, []],
            [13, []],
            [32, []],
            [2, []]
        ]
    ],
    [
        [
            [37, [34, 35, 33]]
        ],
        [
            [23, [37, 38, 40]]
        ],
        [
            [42, [42, 44, 41]],
            [42, [46, 47, 50, 49]]
        ]
    ]
]",789.54,"[
    [
        [
            [0, [21, 23, 4, 30, 7, 27, 8, 24, 22, 31, 10, 15, 9, 26, 5, 11, 1]],
            [46, []],
            [37, [34, 35, 33]],
            [21, []],
            [23, [37, 38, 40]],
            [34, []],
            [4, []],
            [42, [42, 44, 41, 46, 47, 50, 49]],
            [35, []],
            [30, []],
            [7, []],
            [44, []],
            [38, []],
            [27, []],
            [33, []],
            [8, []],
            [24, []],
            [22, []],
            [47, []],
            [31, []],
            [41, []],
            [50, []],
            [10, []],
            [49, []],
            [15, []],
            [9, []],
            [26, []],
            [5, []],
            [11, []],
            [1, []],
            [40, []]
        ],
        [
            [0, [14, 18, 48, 25, 20, 29, 3, 19, 39, 6, 17, 36, 12, 43, 16, 45, 28, 13, 32, 2]],
            [14, []],
            [18, []],
            [48, []],
            [25, []],
            [20, []],
            [29, []],
            [3, []],
            [19, []],
            [39, []],
            [6, []],
            [17, []],
            [36, []],
            [12, []],
            [43, []],
            [16, []],
            [45, []],
            [28, []],
            [13, []],
            [32, []],
            [2, []]
        ]
    ],
    [
        [
            [37, [34, 35, 33]]
        ],
        [
            [23, [37, 38, 40]]
        ],
        [
            [42, [42, 44, 41]],
            [42, [46, 47, 50, 49]]
        ]
    ]
]",357.38744028824914,1,3,4.333333333333333,357.38744028824914,1,3,4.333333333333333,results/sol_best_RC101_1.dat_A4_L90_pid2757.txt,results/sol_best_multi_RC101_1.dat_A4_L90_pid2757.txt,RC101_1.dat_A4_L90_r3.log
123,test_data/data_demand_random_50_batch_all1_equal_random/RC101_1.dat,4.0,120.0,1,804.13,"[
    [
        [
            [0, [23, 4, 21, 7, 27, 8, 24, 22, 10, 15, 9, 26, 5, 11, 1]],
            [30, []],
            [23, [35, 34, 33, 37, 38, 40]],
            [34, []],
            [4, []],
            [42, [42]],
            [35, []],
            [46, []],
            [21, [44, 41, 46, 47, 50, 49]],
            [37, []],
            [7, []],
            [44, []],
            [38, []],
            [27, []],
            [33, []],
            [8, []],
            [24, []],
            [22, []],
            [47, []],
            [31, []],
            [41, []],
            [50, []],
            [10, []],
            [49, []],
            [15, []],
            [9, []],
            [26, []],
            [5, []],
            [11, []],
            [1, []],
            [40, []]
        ],
        [
            [0, [14, 18, 48, 25, 20, 29, 3, 19, 39, 6, 17, 36, 12, 43, 16, 45, 28, 13, 32, 2]],
            [14, []],
            [18, []],
            [48, []],
            [25, []],
            [20, []],
            [29, []],
            [3, []],
            [19, []],
            [39, []],
            [6, []],
            [17, []],
            [36, []],
            [12, []],
            [43, []],
            [16, []],
            [45, []],
            [28, []],
            [13, []],
            [32, []],
            [2, [30, 31]]
        ]
    ],
    [
        [
            [23, [35, 34, 33]]
        ],
        [
            [23, [37, 38, 40]]
        ],
        [
            [42, [42]]
        ],
        [
            [21, [44, 41, 46]],
            [21, [47, 50, 49]]
        ],
        [
            [2, [30, 31]]
        ]
    ]
]",804.13,"[
    [
        [
            [0, [23, 4, 21, 7, 27, 8, 24, 22, 10, 15, 9, 26, 5, 11, 1]],
            [30, []],
            [23, [35, 34, 33, 37, 38, 40]],
            [34, []],
            [4, []],
            [42, [42]],
            [35, []],
            [46, []],
            [21, [44, 41, 46, 47, 50, 49]],
            [37, []],
            [7, []],
            [44, []],
            [38, []],
            [27, []],
            [33, []],
            [8, []],
            [24, []],
            [22, []],
            [47, []],
            [31, []],
            [41, []],
            [50, []],
            [10, []],
            [49, []],
            [15, []],
            [9, []],
            [26, []],
            [5, []],
            [11, []],
            [1, []],
            [40, []]
        ],
        [
            [0, [14, 18, 48, 25, 20, 29, 3, 19, 39, 6, 17, 36, 12, 43, 16, 45, 28, 13, 32, 2]],
            [14, []],
            [18, []],
            [48, []],
            [25, []],
            [20, []],
            [29, []],
            [3, []],
            [19, []],
            [39, []],
            [6, []],
            [17, []],
            [36, []],
            [12, []],
            [43, []],
            [16, []],
            [45, []],
            [28, []],
            [13, []],
            [32, []],
            [2, [30, 31]]
        ]
    ],
    [
        [
            [23, [35, 34, 33]]
        ],
        [
            [23, [37, 38, 40]]
        ],
        [
            [42, [42]]
        ],
        [
            [21, [44, 41, 46]],
            [21, [47, 50, 49]]
        ],
        [
            [2, [30, 31]]
        ]
    ]
]",446.6879678443087,1,5,3.0,446.6879678443087,1,5,3.0,results/sol_best_RC101_1.dat_A4_L120_pid2744.txt,results/sol_best_multi_RC101_1.dat_A4_L120_pid2744.txt,RC101_1.dat_A4_L120_r1.log
123,test_data/data_demand_random_50_batch_all1_equal_random/RC101_1.dat,4.0,120.0,2,788.36,"[
    [
        [
            [0, [7, 4, 23, 21, 8, 22, 10, 15, 9, 5, 11, 1]],
            [7, [27, 24, 26, 30, 31]],
            [34, []],
            [30, []],
            [46, [35, 34, 33, 37, 38, 40]],
            [4, []],
            [42, []],
            [35, []],
            [23, []],
            [37, []],
            [21, [42, 44, 41, 46, 47, 50, 49]],
            [44, []],
            [38, []],
            [27, []],
            [33, []],
            [8, []],
            [24, []],
            [22, []],
            [47, []],
            [31, []],
            [41, []],
            [50, []],
            [10, []],
            [49, []],
            [15, []],
            [9, []],
            [26, []],
            [5, []],
            [11, []],
            [1, []],
            [40, []]
        ],
        [
            [0, [14, 18, 48, 25, 20, 29, 3, 19, 39, 6, 17, 36, 12, 43, 16, 45, 28, 13, 32, 2]],
            [14, []],
            [18, []],
            [48, []],
            [25, []],
            [20, []],
            [29, []],
            [3, []],
            [19, []],
            [39, []],
            [6, []],
            [17, []],
            [36, []],
            [12, []],
            [43, []],
            [16, []],
            [45, []],
            [28, []],
            [13, []],
            [32, []],
            [2, []]
        ]
    ],
    [
        [
            [7, [27, 24, 26]]
        ],
        [
            [7, [30, 31]]
        ],
        [
            [46, [35, 34, 33]]
        ],
        [
            [46, [37, 38, 40]]
        ],
        [
            [21, [42, 44, 41]],
            [21, [46, 47, 50, 49]]
        ]
    ]
]",788.36,"[
    [
        [
            [0, [7, 4, 23, 21, 8, 22, 10, 15, 9, 5, 11, 1]],
            [7, [27, 24, 26, 30, 31]],
            [34, []],
            [30, []],
            [46, [35, 34, 33, 37, 38, 40]],
            [4, []],
            [42, []],
            [35, []],
            [23, []],
            [37, []],
            [21, [42, 44, 41, 46, 47, 50, 49]],
            [44, []],
            [38, []],
            [27, []],
            [33, []],
            [8, []],
            [24, []],
            [22, []],
            [47, []],
            [31, []],
            [41, []],
            [50, []],
            [10, []],
            [49, []],
            [15, []],
            [9, []],
            [26, []],
            [5, []],
            [11, []],
            [1, []],
            [40, []]
        ],
        [
            [0, [14, 18, 48, 25, 20, 29, 3, 19, 39, 6, 17, 36, 12, 43, 16, 45, 28, 13, 32, 2]],
            [14, []],
            [18, []],
            [48, []],
            [25, []],
            [20, []],
            [29, []],
            [3, []],
            [19, []],
            [39, []],
            [6, []],
            [17, []],
            [36, []],
            [12, []],
            [43, []],
            [16, []],
            [45, []],
            [28, []],
            [13, []],
            [32, []],
            [2, []]
        ]
    ],
    [
        [
            [7, [27, 24, 26]]
        ],
        [
            [7, [30, 31]]
        ],
        [
            [46, [35, 34, 33]]
        ],
        [
            [46, [37, 38, 40]]
        ],
        [
            [21, [42, 44, 41]],
            [21, [46, 47, 50, 49]]
        ]
    ]
]",298.9597011645908,1,5,3.6,298.9597011645908,1,5,3.6,results/sol_best_RC101_1.dat_A4_L120_pid2746.txt,results/sol_best_multi_RC101_1.dat_A4_L120_pid2746.txt,RC101_1.dat_A4_L120_r2.log
123,test_data/data_demand_random_50_batch_all1_equal_random/RC101_1.dat,4.0,120.0,3,781.54,"[
    [
        [
            [0, [7, 23, 21, 4, 8, 22, 10, 15, 9, 5, 11, 1]],
            [7, [27, 24, 26, 30, 31]],
            [37, []],
            [23, []],
            [34, []],
            [21, []],
            [35, [35, 34, 33, 37, 38, 40]],
            [30, []],
            [46, []],
            [4, []],
            [42, [42, 44, 41, 46, 47, 50, 49]],
            [44, []],
            [38, []],
            [27, []],
            [33, []],
            [8, []],
            [24, []],
            [22, []],
            [47, []],
            [31, []],
            [41, []],
            [50, []],
            [10, []],
            [49, []],
            [15, []],
            [9, []],
            [26, []],
            [5, []],
            [11, []],
            [1, []],
            [40, []]
        ],
        [
            [0, [14, 18, 48, 25, 20, 29, 3, 19, 39, 6, 17, 36, 12, 43, 16, 45, 28, 13, 32, 2]],
            [14, []],
            [18, []],
            [48, []],
            [25, []],
            [20, []],
            [29, []],
            [3, []],
            [19, []],
            [39, []],
            [6, []],
            [17, []],
            [36, []],
            [12, []],
            [43, []],
            [16, []],
            [45, []],
            [28, []],
            [13, []],
            [32, []],
            [2, []]
        ]
    ],
    [
        [
            [7, [27, 24, 26]]
        ],
        [
            [7, [30, 31]]
        ],
        [
            [35, [35, 34, 33]]
        ],
        [
            [35, [37, 38, 40]]
        ],
        [
            [42, [42, 44, 41]],
            [42, [46, 47, 50, 49]]
        ]
    ]
]",781.54,"[
    [
        [
            [0, [7, 23, 21, 4, 8, 22, 10, 15, 9, 5, 11, 1]],
            [7, [27, 24, 26, 30, 31]],
            [37, []],
            [23, []],
            [34, []],
            [21, []],
            [35, [35, 34, 33, 37, 38, 40]],
            [30, []],
            [46, []],
            [4, []],
            [42, [42, 44, 41, 46, 47, 50, 49]],
            [44, []],
            [38, []],
            [27, []],
            [33, []],
            [8, []],
            [24, []],
            [22, []],
            [47, []],
            [31, []],
            [41, []],
            [50, []],
            [10, []],
            [49, []],
            [15, []],
            [9, []],
            [26, []],
            [5, []],
            [11, []],
            [1, []],
            [40, []]
        ],
        [
            [0, [14, 18, 48, 25, 20, 29, 3, 19, 39, 6, 17, 36, 12, 43, 16, 45, 28, 13, 32, 2]],
            [14, []],
            [18, []],
            [48, []],
            [25, []],
            [20, []],
            [29, []],
            [3, []],
            [19, []],
            [39, []],
            [6, []],
            [17, []],
            [36, []],
            [12, []],
            [43, []],
            [16, []],
            [45, []],
            [28, []],
            [13, []],
            [32, []],
            [2, []]
        ]
    ],
    [
        [
            [7, [27, 24, 26]]
        ],
        [
            [7, [30, 31]]
        ],
        [
            [35, [35, 34, 33]]
        ],
        [
            [35, [37, 38, 40]]
        ],
        [
            [42, [42, 44, 41]],
            [42, [46, 47, 50, 49]]
        ]
    ]
]",296.9126223657342,1,5,3.6,296.9126223657342,1,5,3.6,results/sol_best_RC101_1.dat_A4_L120_pid2747.txt,results/sol_best_multi_RC101_1.dat_A4_L120_pid2747.txt,RC101_1.dat_A4_L120_r3.log
124,test_data/data_demand_random_50_batch_all1_equal_random/RC101_1.dat,8.0,60.0,1,876.0,"[
    [
        [
            [0, [46, 37, 21, 34, 23, 4, 42, 35, 30, 7, 44, 38, 27, 33, 8, 24, 22, 47, 31, 41, 50, 10, 49, 15, 9, 26, 5, 11, 1, 40]],
            [46, []],
            [37, []],
            [21, []],
            [34, []],
            [23, []],
            [4, []],
            [42, []],
            [35, []],
            [30, []],
            [7, []],
            [44, []],
            [38, []],
            [27, []],
            [33, []],
            [8, []],
            [24, []],
            [22, []],
            [47, []],
            [31, []],
            [41, []],
            [50, []],
            [10, []],
            [49, []],
            [15, []],
            [9, []],
            [26, []],
            [5, []],
            [11, []],
            [1, []],
            [40, []]
        ],
        [
            [0, [14, 18, 48, 25, 20, 29, 3, 19, 39, 6, 17, 36, 12, 43, 16, 45, 28, 13, 32, 2]],
            [14, []],
            [18, []],
            [48, []],
            [25, []],
            [20, []],
            [29, []],
            [3, []],
            [19, []],
            [39, []],
            [6, []],
            [17, []],
            [36, []],
            [12, []],
            [43, []],
            [16, []],
            [45, []],
            [28, []],
            [13, []],
            [32, []],
            [2, []]
        ]
    ],
    [
    ]
]",,,0.0,0,0,0.0,,,,,results/sol_best_RC101_1.dat_A8_L60_pid2744.txt,(not found),RC101_1.dat_A8_L60_r1.log
124,test_data/data_demand_random_50_batch_all1_equal_random/RC101_1.dat,8.0,60.0,2,876.0,"[
    [
        [
            [0, [35, 30, 42, 4, 23, 34, 21, 37, 46, 7, 44, 38, 27, 33, 8, 24, 22, 47, 31, 41, 50, 10, 49, 15, 9, 26, 5, 11, 1, 40]],
            [35, []],
            [30, []],
            [42, []],
            [4, []],
            [23, []],
            [34, []],
            [21, []],
            [37, []],
            [46, []],
            [7, []],
            [44, []],
            [38, []],
            [27, []],
            [33, []],
            [8, []],
            [24, []],
            [22, []],
            [47, []],
            [31, []],
            [41, []],
            [50, []],
            [10, []],
            [49, []],
            [15, []],
            [9, []],
            [26, []],
            [5, []],
            [11, []],
            [1, []],
            [40, []]
        ],
        [
            [0, [14, 18, 48, 25, 20, 29, 3, 19, 39, 6, 17, 36, 12, 43, 16, 45, 28, 13, 32, 2]],
            [14, []],
            [18, []],
            [48, []],
            [25, []],
            [20, []],
            [29, []],
            [3, []],
            [19, []],
            [39, []],
            [6, []],
            [17, []],
            [36, []],
            [12, []],
            [43, []],
            [16, []],
            [45, []],
            [28, []],
            [13, []],
            [32, []],
            [2, []]
        ]
    ],
    [
    ]
]",,,0.0,0,0,0.0,,,,,results/sol_best_RC101_1.dat_A8_L60_pid2746.txt,(not found),RC101_1.dat_A8_L60_r2.log
124,test_data/data_demand_random_50_batch_all1_equal_random/RC101_1.dat,8.0,60.0,3,876.0,"[
    [
        [
            [0, [35, 30, 42, 4, 23, 34, 21, 37, 46, 7, 44, 38, 27, 33, 8, 24, 22, 47, 31, 41, 50, 10, 49, 15, 9, 26, 5, 11, 1, 40]],
            [35, []],
            [30, []],
            [42, []],
            [4, []],
            [23, []],
            [34, []],
            [21, []],
            [37, []],
            [46, []],
            [7, []],
            [44, []],
            [38, []],
            [27, []],
            [33, []],
            [8, []],
            [24, []],
            [22, []],
            [47, []],
            [31, []],
            [41, []],
            [50, []],
            [10, []],
            [49, []],
            [15, []],
            [9, []],
            [26, []],
            [5, []],
            [11, []],
            [1, []],
            [40, []]
        ],
        [
            [0, [14, 18, 48, 25, 20, 29, 3, 19, 39, 6, 17, 36, 12, 43, 16, 45, 28, 13, 32, 2]],
            [14, []],
            [18, []],
            [48, []],
            [25, []],
            [20, []],
            [29, []],
            [3, []],
            [19, []],
            [39, []],
            [6, []],
            [17, []],
            [36, []],
            [12, []],
            [43, []],
            [16, []],
            [45, []],
            [28, []],
            [13, []],
            [32, []],
            [2, []]
        ]
    ],
    [
    ]
]",,,0.0,0,0,0.0,,,,,results/sol_best_RC101_1.dat_A8_L60_pid2747.txt,(not found),RC101_1.dat_A8_L60_r3.log
125,test_data/data_demand_random_50_batch_all1_equal_random/RC101_1.dat,8.0,90.0,1,780.0,"[
    [
        [
            [0, [21, 7, 23, 4, 27, 8, 24, 22, 10, 15, 9, 26, 5, 11, 1]],
            [37, []],
            [21, [34, 35, 33, 30, 31]],
            [7, [37, 38, 40]],
            [46, []],
            [30, [30]],
            [23, []],
            [34, []],
            [4, []],
            [42, [46, 47, 50, 49, 42, 44, 41]],
            [35, []],
            [44, []],
            [38, []],
            [27, []],
            [33, []],
            [8, []],
            [24, []],
            [22, []],
            [47, []],
            [31, [31]],
            [41, []],
            [50, []],
            [10, []],
            [49, []],
            [15, []],
            [9, []],
            [26, []],
            [5, []],
            [11, []],
            [1, []],
            [40, []]
        ],
        [
            [0, [14, 18, 48, 25, 20, 29, 3, 19, 39, 6, 17, 36, 12, 43, 16, 45, 28, 13, 32, 2]],
            [14, []],
            [18, []],
            [48, []],
            [25, []],
            [20, []],
            [29, []],
            [3, []],
            [19, []],
            [39, []],
            [6, []],
            [17, []],
            [36, []],
            [12, []],
            [43, []],
            [16, []],
            [45, []],
            [28, []],
            [13, []],
            [32, []],
            [2, []]
        ]
    ],
    [
        [
            [21, [34, 35, 33, 30, 31]]
        ],
        [
            [7, [37, 38, 40]]
        ],
        [
            [42, [46, 47, 50, 49, 42, 44, 41]]
        ]
    ]
]",,,334.74685929513095,0,3,5.0,,,,,results/sol_best_RC101_1.dat_A8_L90_pid2670.txt,(not found),RC101_1.dat_A8_L90_r1.log
125,test_data/data_demand_random_50_batch_all1_equal_random/RC101_1.dat,8.0,90.0,2,786.54,"[
    [
        [
            [0, [7, 30, 4, 23, 21, 27, 8, 24, 22, 31, 10, 15, 9, 26, 5, 11, 1]],
            [7, [37, 38, 40, 34, 33, 35]],
            [30, []],
            [35, []],
            [42, [42]],
            [4, []],
            [23, []],
            [34, []],
            [21, [47, 50, 49, 44, 41, 46]],
            [37, []],
            [46, []],
            [44, []],
            [38, []],
            [27, []],
            [33, []],
            [8, []],
            [24, []],
            [22, []],
            [47, []],
            [31, []],
            [41, []],
            [50, []],
            [10, []],
            [49, []],
            [15, []],
            [9, []],
            [26, []],
            [5, []],
            [11, []],
            [1, []],
            [40, []]
        ],
        [
            [0, [14, 18, 48, 25, 20, 29, 3, 19, 39, 6, 17, 36, 12, 43, 16, 45, 28, 13, 32, 2]],
            [14, []],
            [18, []],
            [48, []],
            [25, []],
            [20, []],
            [29, []],
            [3, []],
            [19, []],
            [39, []],
            [6, []],
            [17, []],
            [36, []],
            [12, []],
            [43, []],
            [16, []],
            [45, []],
            [28, []],
            [13, []],
            [32, []],
            [2, []]
        ]
    ],
    [
        [
            [7, [37, 38, 40, 34, 33, 35]]
        ],
        [
            [42, [42]]
        ],
        [
            [21, [47, 50, 49, 44, 41, 46]]
        ]
    ]
]",822.39,"[
    [
        [
            [0, [7, 30, 4, 23, 21, 27, 8, 24, 22, 31, 10, 15, 9, 26, 5, 11, 1]],
            [7, [37, 38, 40, 34, 33, 35]],
            [30, []],
            [35, []],
            [42, [42]],
            [4, []],
            [23, []],
            [34, []],
            [37, []],
            [21, [47, 50, 49, 44, 41, 46]],
            [46, []],
            [44, []],
            [38, []],
            [27, []],
            [33, []],
            [8, []],
            [24, []],
            [22, []],
            [47, []],
            [31, []],
            [41, []],
            [50, []],
            [10, []],
            [49, []],
            [15, []],
            [9, []],
            [26, []],
            [5, []],
            [11, []],
            [1, []],
            [40, []]
        ],
        [
            [0, [14, 18, 48, 25, 20, 29, 3, 19, 39, 6, 17, 36, 12, 43, 16, 45, 28, 13, 32, 2]],
            [14, []],
            [18, []],
            [48, []],
            [25, []],
            [20, []],
            [29, []],
            [3, []],
            [19, []],
            [39, []],
            [6, []],
            [17, []],
            [36, []],
            [12, []],
            [43, []],
            [16, []],
            [45, []],
            [28, []],
            [13, []],
            [32, []],
            [2, []]
        ]
    ],
    [
        [
            [7, [37, 38, 40, 34, 33, 35]],
            [42, [42]]
        ],
        [
            [21, [47, 50, 49, 44, 41, 46]]
        ]
    ]
]",349.74685929513095,0,3,4.333333333333333,369.9261542019948,1,2,6.5,results/sol_best_RC101_1.dat_A8_L90_pid2672.txt,results/sol_best_multi_RC101_1.dat_A8_L90_pid2672.txt,RC101_1.dat_A8_L90_r2.log
125,test_data/data_demand_random_50_batch_all1_equal_random/RC101_1.dat,8.0,90.0,3,780.0,"[
    [
        [
            [0, [21, 7, 30, 23, 4, 27, 8, 24, 22, 31, 10, 15, 9, 26, 5, 11, 1]],
            [46, []],
            [37, []],
            [21, [34, 35, 33]],
            [7, [37, 38, 40]],
            [30, []],
            [23, []],
            [34, []],
            [4, []],
            [42, [46, 47, 50, 49, 42, 44, 41]],
            [35, []],
            [44, []],
            [38, []],
            [27, []],
            [33, []],
            [8, []],
            [24, []],
            [22, []],
            [47, []],
            [31, []],
            [41, []],
            [50, []],
            [10, []],
            [49, []],
            [15, []],
            [9, []],
            [26, []],
            [5, []],
            [11, []],
            [1, []],
            [40, []]
        ],
        [
            [0, [14, 18, 48, 25, 20, 29, 3, 19, 39, 6, 17, 36, 12, 43, 16, 45, 28, 13, 32, 2]],
            [14, []],
            [18, []],
            [48, []],
            [25, []],
            [20, []],
            [29, []],
            [3, []],
            [19, []],
            [39, []],
            [6, []],
            [17, []],
            [36, []],
            [12, []],
            [43, []],
            [16, []],
            [45, []],
            [28, []],
            [13, []],
            [32, []],
            [2, []]
        ]
    ],
    [
        [
            [21, [34, 35, 33]]
        ],
        [
            [7, [37, 38, 40]]
        ],
        [
            [42, [46, 47, 50, 49, 42, 44, 41]]
        ]
    ]
]",,,365.74685929513095,0,3,4.333333333333333,,,,,results/sol_best_RC101_1.dat_A8_L90_pid2673.txt,(not found),RC101_1.dat_A8_L90_r3.log
126,test_data/data_demand_random_50_batch_all1_equal_random/RC101_1.dat,8.0,120.0,1,783.31,"[
    [
        [
            [0, [4, 7, 23, 21, 27, 8, 24, 22, 10, 15, 9, 26, 5, 11, 1]],
            [30, [30, 31]],
            [4, []],
            [42, []],
            [7, [37, 38, 40, 35, 34, 33]],
            [23, []],
            [35, []],
            [34, []],
            [21, [46, 47, 50, 49, 42, 44, 41]],
            [37, []],
            [46, []],
            [44, []],
            [38, []],
            [27, []],
            [33, []],
            [8, []],
            [24, []],
            [22, []],
            [47, []],
            [31, []],
            [41, []],
            [50, []],
            [10, []],
            [49, []],
            [15, []],
            [9, []],
            [26, []],
            [5, []],
            [11, []],
            [1, []],
            [40, []]
        ],
        [
            [0, [14, 18, 48, 25, 20, 29, 3, 19, 39, 6, 17, 36, 12, 43, 16, 45, 28, 13, 32, 2]],
            [14, []],
            [18, []],
            [48, []],
            [25, []],
            [20, []],
            [29, []],
            [3, []],
            [19, []],
            [39, []],
            [6, []],
            [17, []],
            [36, []],
            [12, []],
            [43, []],
            [16, []],
            [45, []],
            [28, []],
            [13, []],
            [32, []],
            [2, []]
        ]
    ],
    [
        [
            [30, [30, 31]]
        ],
        [
            [7, [37, 38, 40, 35, 34, 33]]
        ],
        [
            [21, [46, 47, 50, 49, 42, 44, 41]]
        ]
    ]
]",,,351.4085558171255,0,3,5.0,,,,,results/sol_best_RC101_1.dat_A8_L120_pid2760.txt,(not found),RC101_1.dat_A8_L120_r1.log
126,test_data/data_demand_random_50_batch_all1_equal_random/RC101_1.dat,8.0,120.0,2,783.31,"[
    [
        [
            [0, [4, 23, 7, 21, 27, 8, 24, 22, 10, 15, 9, 26, 5, 11, 1]],
            [4, [30, 31]],
            [23, []],
            [30, []],
            [7, [37, 38, 40, 35, 34, 33]],
            [42, []],
            [35, []],
            [34, []],
            [21, [46, 47, 50, 49, 42, 44, 41]],
            [37, []],
            [46, []],
            [44, []],
            [38, []],
            [27, []],
            [33, []],
            [8, []],
            [24, []],
            [22, []],
            [47, []],
            [31, []],
            [41, []],
            [50, []],
            [10, []],
            [49, []],
            [15, []],
            [9, []],
            [26, []],
            [5, []],
            [11, []],
            [1, []],
            [40, []]
        ],
        [
            [0, [14, 18, 48, 25, 20, 29, 3, 19, 39, 6, 17, 36, 12, 43, 16, 45, 28, 13, 32, 2]],
            [14, []],
            [18, []],
            [48, []],
            [25, []],
            [20, []],
            [29, []],
            [3, []],
            [19, []],
            [39, []],
            [6, []],
            [17, []],
            [36, []],
            [12, []],
            [43, []],
            [16, []],
            [45, []],
            [28, []],
            [13, []],
            [32, []],
            [2, []]
        ]
    ],
    [
        [
            [4, [30, 31]]
        ],
        [
            [7, [37, 38, 40, 35, 34, 33]]
        ],
        [
            [21, [46, 47, 50, 49, 42, 44, 41]]
        ]
    ]
]",,,359.5928079174052,0,3,5.0,,,,,results/sol_best_RC101_1.dat_A8_L120_pid2762.txt,(not found),RC101_1.dat_A8_L120_r2.log
126,test_data/data_demand_random_50_batch_all1_equal_random/RC101_1.dat,8.0,120.0,3,780.0,"[
    [
        [
            [0, [21, 7, 23, 4, 8, 22, 10, 15, 9, 5, 11, 1]],
            [21, [30, 31, 27, 24, 26]],
            [7, []],
            [23, []],
            [34, []],
            [35, [37, 38, 40, 35, 34, 33]],
            [30, []],
            [37, []],
            [46, []],
            [4, []],
            [42, [46, 47, 50, 49, 42, 44, 41]],
            [44, []],
            [38, []],
            [27, [27]],
            [33, []],
            [8, []],
            [24, [24]],
            [22, []],
            [47, []],
            [31, []],
            [41, []],
            [50, []],
            [10, []],
            [49, []],
            [15, []],
            [9, []],
            [26, [26]],
            [5, []],
            [11, []],
            [1, []],
            [40, []]
        ],
        [
            [0, [14, 18, 48, 25, 20, 29, 3, 19, 39, 6, 17, 36, 12, 43, 16, 45, 28, 13, 32, 2]],
            [14, []],
            [18, []],
            [48, []],
            [25, []],
            [20, []],
            [29, []],
            [3, []],
            [19, []],
            [39, []],
            [6, []],
            [17, []],
            [36, []],
            [12, []],
            [43, []],
            [16, []],
            [45, []],
            [28, []],
            [13, []],
            [32, []],
            [2, []]
        ]
    ],
    [
        [
            [21, [30, 31, 27, 24, 26]]
        ],
        [
            [35, [37, 38, 40, 35, 34, 33]]
        ],
        [
            [42, [46, 47, 50, 49, 42, 44, 41]]
        ]
    ]
]",,,328.1583616685578,0,3,6.0,,,,,results/sol_best_RC101_1.dat_A8_L120_pid2763.txt,(not found),RC101_1.dat_A8_L120_r3.log
127,test_data/data_demand_random_50_batch_all1_equal_random/RC101_2.5.dat,4.0,60.0,1,1429.0,"[
    [
        [
            [0, [30, 40, 26, 3, 14, 20, 13, 49, 15, 12, 18, 1, 29, 41, 19, 34, 33, 42, 36, 37, 21, 46]],
            [30, []],
            [40, []],
            [26, []],
            [3, []],
            [14, []],
            [20, []],
            [13, []],
            [49, []],
            [15, []],
            [12, []],
            [18, []],
            [1, []],
            [29, []],
            [41, []],
            [19, []],
            [34, []],
            [33, []],
            [42, []],
            [36, []],
            [37, []],
            [21, []],
            [46, []]
        ],
        [
            [0, [4, 47, 39, 6, 38, 27, 35, 5, 28, 11, 45, 16, 50, 44, 10, 9, 23, 7, 17, 32, 43, 24, 25, 48, 31, 2, 22, 8]],
            [4, []],
            [47, []],
            [39, []],
            [6, []],
            [38, []],
            [27, []],
            [35, []],
            [5, []],
            [28, []],
            [11, []],
            [45, []],
            [16, []],
            [50, []],
            [44, []],
            [10, []],
            [9, []],
            [23, []],
            [7, []],
            [17, []],
            [32, []],
            [43, []],
            [24, []],
            [25, []],
            [48, []],
            [31, []],
            [2, []],
            [22, []],
            [8, []]
        ]
    ],
    [
    ]
]",,,0.0,0,0,0.0,,,,,results/sol_best_RC101_2.5.dat_A4_L60_pid2749.txt,(not found),RC101_2.5.dat_A4_L60_r1.log
127,test_data/data_demand_random_50_batch_all1_equal_random/RC101_2.5.dat,4.0,60.0,2,1469.0,"[
    [
        [
            [0, [18, 26, 3, 14, 20, 13, 49, 15, 12, 1, 29, 41, 19, 34, 33, 42, 36, 37, 21, 46, 24, 25, 48, 31, 2, 22, 8]],
            [18, []],
            [26, []],
            [3, []],
            [14, []],
            [20, []],
            [13, []],
            [49, []],
            [15, []],
            [12, []],
            [1, []],
            [29, []],
            [41, []],
            [19, []],
            [34, []],
            [33, []],
            [42, []],
            [36, []],
            [37, []],
            [21, []],
            [46, []],
            [24, []],
            [25, []],
            [48, []],
            [31, []],
            [2, []],
            [22, []],
            [8, []]
        ],
        [
            [0, [17, 32, 43, 50, 11, 45, 5, 30, 40, 35, 38, 27, 39, 6, 47, 4, 16, 44, 10, 9, 7, 23, 28]],
            [17, []],
            [32, []],
            [43, []],
            [50, []],
            [11, []],
            [45, []],
            [5, []],
            [30, []],
            [40, []],
            [35, []],
            [38, []],
            [27, []],
            [39, []],
            [6, []],
            [47, []],
            [4, []],
            [16, []],
            [44, []],
            [10, []],
            [9, []],
            [7, []],
            [23, []],
            [28, []]
        ]
    ],
    [
    ]
]",,,0.0,0,0,0.0,,,,,results/sol_best_RC101_2.5.dat_A4_L60_pid2751.txt,(not found),RC101_2.5.dat_A4_L60_r2.log
127,test_data/data_demand_random_50_batch_all1_equal_random/RC101_2.5.dat,4.0,60.0,3,1457.0,"[
    [
        [
            [0, [18, 26, 3, 14, 20, 13, 49, 15, 12, 1, 29, 41, 19, 34, 33, 42, 36, 37, 21, 46, 24, 48, 25, 31, 2, 22, 17]],
            [18, []],
            [26, []],
            [3, []],
            [14, []],
            [20, []],
            [13, []],
            [49, []],
            [15, []],
            [12, []],
            [1, []],
            [29, []],
            [41, []],
            [19, []],
            [34, []],
            [33, []],
            [42, []],
            [36, []],
            [37, []],
            [21, []],
            [46, []],
            [24, []],
            [48, []],
            [25, []],
            [31, []],
            [2, []],
            [22, []],
            [17, []]
        ],
        [
            [0, [43, 32, 8, 28, 11, 45, 4, 5, 30, 40, 35, 38, 27, 39, 6, 47, 16, 50, 44, 10, 9, 23, 7]],
            [43, []],
            [32, []],
            [8, []],
            [28, []],
            [11, []],
            [45, []],
            [4, []],
            [5, []],
            [30, []],
            [40, []],
            [35, []],
            [38, []],
            [27, []],
            [39, []],
            [6, []],
            [47, []],
            [16, []],
            [50, []],
            [44, []],
            [10, []],
            [9, []],
            [23, []],
            [7, []]
        ]
    ],
    [
    ]
]",,,0.0,0,0,0.0,,,,,results/sol_best_RC101_2.5.dat_A4_L60_pid2752.txt,(not found),RC101_2.5.dat_A4_L60_r3.log
128,test_data/data_demand_random_50_batch_all1_equal_random/RC101_2.5.dat,4.0,90.0,1,1309.0,"[
    [
        [
            [0, [14, 3, 20, 13, 49, 15, 12, 1, 29, 41, 19, 34, 33, 42, 36, 37, 21, 46]],
            [14, []],
            [3, []],
            [20, []],
            [13, []],
            [49, []],
            [15, []],
            [12, []],
            [1, []],
            [29, []],
            [41, []],
            [19, []],
            [34, []],
            [33, []],
            [42, []],
            [36, []],
            [37, []],
            [21, []],
            [46, []]
        ],
        [
            [0, [18, 26, 2, 25, 24, 8, 28, 11, 4, 5, 6, 27, 16, 10, 9, 23, 7, 22, 17]],
            [18, []],
            [26, []],
            [2, [30]],
            [25, []],
            [24, []],
            [48, []],
            [31, []],
            [8, []],
            [28, [43, 40, 44, 39, 38]],
            [11, []],
            [45, []],
            [4, []],
            [5, []],
            [30, [30]],
            [40, []],
            [35, []],
            [6, []],
            [38, []],
            [27, []],
            [39, []],
            [47, []],
            [16, []],
            [50, []],
            [44, []],
            [10, []],
            [9, []],
            [23, [31, 35, 32]],
            [7, []],
            [22, []],
            [32, [50, 45, 47, 48]],
            [43, []],
            [17, []]
        ]
    ],
    [
        [
            [2, [30]]
        ],
        [
            [28, [43, 40, 44, 39, 38]]
        ],
        [
            [23, [31, 35, 32]]
        ],
        [
            [32, [50, 45, 47, 48]]
        ]
    ]
]",,,941.0743897984418,0,4,3.25,,,,,results/sol_best_RC101_2.5.dat_A4_L90_pid2792.txt,(not found),RC101_2.5.dat_A4_L90_r1.log
128,test_data/data_demand_random_50_batch_all1_equal_random/RC101_2.5.dat,4.0,90.0,2,1281.0,"[
    [
        [
            [0, [18, 13, 49, 29, 41, 19, 34, 33, 42, 36, 37, 21, 46]],
            [18, []],
            [13, []],
            [49, []],
            [29, []],
            [41, []],
            [19, []],
            [34, []],
            [33, []],
            [42, []],
            [36, []],
            [37, []],
            [21, []],
            [46, []]
        ],
        [
            [0, [26, 14, 3, 20, 15, 12, 1, 22, 17, 16, 4, 5, 27, 6, 28, 11, 10, 9, 23, 7, 2, 25, 24, 8]],
            [26, []],
            [14, []],
            [3, []],
            [20, []],
            [15, []],
            [12, []],
            [1, []],
            [22, []],
            [17, []],
            [50, []],
            [16, []],
            [45, []],
            [4, []],
            [5, []],
            [30, []],
            [40, []],
            [35, []],
            [38, []],
            [27, []],
            [39, []],
            [6, []],
            [47, []],
            [28, [43, 40, 44, 39, 38]],
            [11, []],
            [44, []],
            [10, []],
            [9, []],
            [23, [31, 35, 32, 30]],
            [7, []],
            [2, []],
            [31, []],
            [48, []],
            [25, []],
            [24, []],
            [32, [50, 45, 47, 48]],
            [43, []],
            [8, []]
        ]
    ],
    [
        [
            [28, [43, 40, 44, 39, 38]]
        ],
        [
            [23, [31, 35, 32, 30]]
        ],
        [
            [32, [50, 45, 47, 48]]
        ]
    ]
]",,,1105.4062312214826,0,3,4.333333333333333,,,,,results/sol_best_RC101_2.5.dat_A4_L90_pid2794.txt,(not found),RC101_2.5.dat_A4_L90_r2.log
128,test_data/data_demand_random_50_batch_all1_equal_random/RC101_2.5.dat,4.0,90.0,3,1289.0,"[
    [
        [
            [0, [26, 20, 13, 49, 29, 41, 19, 34, 33, 42, 36, 37, 21, 46]],
            [26, []],
            [20, []],
            [13, []],
            [49, []],
            [29, []],
            [41, []],
            [19, []],
            [34, []],
            [33, []],
            [42, []],
            [36, []],
            [37, []],
            [21, []],
            [46, []]
        ],
        [
            [0, [18, 3, 14, 15, 12, 1, 17, 24, 25, 23, 28, 11, 4, 5, 27, 6, 16, 10, 9, 7, 2, 22, 8]],
            [18, []],
            [3, []],
            [14, []],
            [15, []],
            [12, []],
            [1, []],
            [17, []],
            [43, []],
            [24, []],
            [25, []],
            [48, []],
            [31, [31, 32, 35, 30]],
            [23, []],
            [28, [43, 40, 44, 39, 38]],
            [11, []],
            [45, []],
            [4, []],
            [5, []],
            [30, []],
            [40, []],
            [35, []],
            [38, []],
            [27, []],
            [39, []],
            [6, []],
            [47, []],
            [16, []],
            [50, []],
            [44, []],
            [10, []],
            [9, []],
            [7, []],
            [2, []],
            [22, []],
            [32, [50, 45, 47, 48]],
            [8, []]
        ]
    ],
    [
        [
            [31, [31, 32, 35, 30]]
        ],
        [
            [28, [43, 40, 44, 39, 38]]
        ],
        [
            [32, [50, 45, 47, 48]]
        ]
    ]
]",,,936.3908816992104,0,3,4.333333333333333,,,,,results/sol_best_RC101_2.5.dat_A4_L90_pid2795.txt,(not found),RC101_2.5.dat_A4_L90_r3.log
129,test_data/data_demand_random_50_batch_all1_equal_random/RC101_2.5.dat,4.0,120.0,1,1297.0,"[
    [
        [
            [0, [18, 26, 3, 20, 13, 49, 15, 12, 1, 29, 41, 19, 34, 33, 42, 36, 37, 21, 46]],
            [18, []],
            [26, []],
            [3, []],
            [20, []],
            [13, []],
            [49, []],
            [15, []],
            [12, []],
            [1, []],
            [29, []],
            [41, []],
            [19, []],
            [34, []],
            [33, []],
            [42, []],
            [36, []],
            [37, []],
            [21, []],
            [46, []]
        ],
        [
            [0, [14, 17, 25, 24, 22, 16, 4, 5, 27, 6, 11, 28, 10, 9, 23, 7, 2, 8]],
            [14, []],
            [17, []],
            [43, []],
            [48, []],
            [25, []],
            [24, []],
            [22, []],
            [50, []],
            [16, []],
            [45, []],
            [4, []],
            [5, []],
            [30, []],
            [40, []],
            [35, []],
            [38, []],
            [27, []],
            [39, []],
            [6, []],
            [47, []],
            [11, []],
            [28, [43, 40, 44, 39, 38, 30]],
            [44, []],
            [10, []],
            [9, []],
            [23, [31, 32, 35]],
            [7, []],
            [2, []],
            [31, []],
            [32, [50, 45, 47, 48]],
            [8, []]
        ]
    ],
    [
        [
            [28, [43, 40, 44, 39, 38, 30]]
        ],
        [
            [23, [31, 32, 35]]
        ],
        [
            [32, [50, 45, 47, 48]]
        ]
    ]
]",,,1150.7395645548158,0,3,4.333333333333333,,,,,results/sol_best_RC101_2.5.dat_A4_L120_pid2744.txt,(not found),RC101_2.5.dat_A4_L120_r1.log
129,test_data/data_demand_random_50_batch_all1_equal_random/RC101_2.5.dat,4.0,120.0,2,1309.0,"[
    [
        [
            [0, [18, 26, 14, 3, 20, 13, 49, 15, 12, 1, 29, 41, 19, 34, 33, 42, 36, 37, 21, 46]],
            [18, []],
            [26, []],
            [14, []],
            [3, []],
            [20, []],
            [13, []],
            [49, []],
            [15, []],
            [12, []],
            [1, []],
            [29, []],
            [41, []],
            [19, []],
            [34, []],
            [33, []],
            [42, []],
            [36, []],
            [37, []],
            [21, []],
            [46, []]
        ],
        [
            [0, [4, 27, 5, 10, 22, 17, 25, 24, 28, 11, 6, 16, 23, 9, 7, 2, 8]],
            [4, []],
            [35, []],
            [38, []],
            [27, []],
            [30, []],
            [5, []],
            [40, [32, 31, 35, 30]],
            [50, []],
            [10, []],
            [22, []],
            [17, []],
            [43, []],
            [48, []],
            [25, []],
            [24, []],
            [28, [43, 40, 44, 39]],
            [11, []],
            [45, []],
            [47, []],
            [39, []],
            [6, []],
            [16, []],
            [44, []],
            [23, []],
            [9, []],
            [7, []],
            [2, []],
            [31, []],
            [32, [50, 45, 47, 48, 38]],
            [8, []]
        ]
    ],
    [
        [
            [40, [32, 31, 35, 30]]
        ],
        [
            [28, [43, 40, 44, 39]]
        ],
        [
            [32, [50, 45, 47, 48, 38]]
        ]
    ]
]",,,898.1341253395452,0,3,4.333333333333333,,,,,results/sol_best_RC101_2.5.dat_A4_L120_pid2746.txt,(not found),RC101_2.5.dat_A4_L120_r2.log
129,test_data/data_demand_random_50_batch_all1_equal_random/RC101_2.5.dat,4.0,120.0,3,1289.0,"[
    [
        [
            [0, [13, 49, 15, 12, 1, 29, 41, 19, 34, 33, 42, 36, 37, 21, 46]],
            [13, []],
            [49, []],
            [15, []],
            [12, []],
            [1, []],
            [29, []],
            [41, []],
            [19, []],
            [34, []],
            [33, []],
            [42, []],
            [36, []],
            [37, []],
            [21, []],
            [46, []]
        ],
        [
            [0, [18, 26, 14, 20, 3, 27, 6, 4, 5, 23, 2, 24, 25, 8, 28, 11, 16, 10, 9, 7, 22, 17]],
            [18, []],
            [26, []],
            [14, []],
            [20, []],
            [3, []],
            [40, []],
            [35, [35, 31, 32, 30]],
            [38, []],
            [27, []],
            [6, []],
            [39, []],
            [47, []],
            [4, []],
            [5, []],
            [30, []],
            [50, [38]],
            [23, []],
            [2, []],
            [31, []],
            [24, []],
            [43, []],
            [48, []],
            [25, []],
            [32, [50, 45, 47, 48, 39]],
            [8, []],
            [28, [43, 40, 44]],
            [11, []],
            [45, []],
            [16, []],
            [44, []],
            [10, []],
            [9, []],
            [7, []],
            [22, []],
            [17, []]
        ]
    ],
    [
        [
            [35, [35, 31, 32, 30]]
        ],
        [
            [50, [38]]
        ],
        [
            [32, [50, 45, 47, 48, 39]]
        ],
        [
            [28, [43, 40, 44]]
        ]
    ]
]",,,880.0355930902336,0,4,3.25,,,,,results/sol_best_RC101_2.5.dat_A4_L120_pid2747.txt,(not found),RC101_2.5.dat_A4_L120_r3.log
130,test_data/data_demand_random_50_batch_all1_equal_random/RC101_2.5.dat,8.0,60.0,1,1481.0,"[
    [
        [
            [0, [4, 47, 6, 39, 27, 38, 5, 30, 40, 35, 26, 3, 14, 20, 13, 49, 15, 12, 1, 29, 41, 19, 34, 33, 42, 36, 37, 21, 46]],
            [4, []],
            [47, []],
            [6, []],
            [39, []],
            [27, []],
            [38, []],
            [5, []],
            [30, []],
            [40, []],
            [35, []],
            [26, []],
            [3, []],
            [14, []],
            [20, []],
            [13, []],
            [49, []],
            [15, []],
            [12, []],
            [1, []],
            [29, []],
            [41, []],
            [19, []],
            [34, []],
            [33, []],
            [42, []],
            [36, []],
            [37, []],
            [21, []],
            [46, []]
        ],
        [
            [0, [18, 32, 43, 24, 48, 25, 31, 8, 28, 11, 45, 16, 50, 44, 10, 9, 23, 7, 2, 22, 17]],
            [18, []],
            [32, []],
            [43, []],
            [24, []],
            [48, []],
            [25, []],
            [31, []],
            [8, []],
            [28, []],
            [11, []],
            [45, []],
            [16, []],
            [50, []],
            [44, []],
            [10, []],
            [9, []],
            [23, []],
            [7, []],
            [2, []],
            [22, []],
            [17, []]
        ]
    ],
    [
    ]
]",,,0.0,0,0,0.0,,,,,results/sol_best_RC101_2.5.dat_A8_L60_pid2750.txt,(not found),RC101_2.5.dat_A8_L60_r1.log
130,test_data/data_demand_random_50_batch_all1_equal_random/RC101_2.5.dat,8.0,60.0,2,1549.0,"[
    [
        [
            [0, [28, 30, 40, 35, 26, 3, 14, 20, 13, 49, 15, 12, 18, 1, 29, 41, 19, 34, 33, 42, 36, 37, 21, 46]],
            [28, []],
            [30, []],
            [40, []],
            [35, []],
            [26, []],
            [3, []],
            [14, []],
            [20, []],
            [13, []],
            [49, []],
            [15, []],
            [12, []],
            [18, []],
            [1, []],
            [29, []],
            [41, []],
            [19, []],
            [34, []],
            [33, []],
            [42, []],
            [36, []],
            [37, []],
            [21, []],
            [46, []]
        ],
        [
            [0, [8, 43, 32, 44, 50, 11, 45, 4, 5, 38, 27, 39, 6, 47, 16, 10, 9, 23, 7, 25, 24, 48, 31, 2, 22, 17]],
            [8, []],
            [43, []],
            [32, []],
            [44, []],
            [50, []],
            [11, []],
            [45, []],
            [4, []],
            [5, []],
            [38, []],
            [27, []],
            [39, []],
            [6, []],
            [47, []],
            [16, []],
            [10, []],
            [9, []],
            [23, []],
            [7, []],
            [25, []],
            [24, []],
            [48, []],
            [31, []],
            [2, []],
            [22, []],
            [17, []]
        ]
    ],
    [
    ]
]",,,0.0,0,0,0.0,,,,,results/sol_best_RC101_2.5.dat_A8_L60_pid2752.txt,(not found),RC101_2.5.dat_A8_L60_r2.log
130,test_data/data_demand_random_50_batch_all1_equal_random/RC101_2.5.dat,8.0,60.0,3,1489.0,"[
    [
        [
            [0, [4, 47, 39, 6, 38, 27, 5, 30, 40, 35, 26, 3, 14, 20, 13, 49, 15, 12, 29, 41, 19, 34, 33, 42, 36, 37, 21, 46]],
            [4, []],
            [47, []],
            [39, []],
            [6, []],
            [38, []],
            [27, []],
            [5, []],
            [30, []],
            [40, []],
            [35, []],
            [26, []],
            [3, []],
            [14, []],
            [20, []],
            [13, []],
            [49, []],
            [15, []],
            [12, []],
            [29, []],
            [41, []],
            [19, []],
            [34, []],
            [33, []],
            [42, []],
            [36, []],
            [37, []],
            [21, []],
            [46, []]
        ],
        [
            [0, [18, 1, 8, 43, 32, 31, 48, 25, 24, 22, 28, 11, 45, 16, 50, 44, 10, 9, 23, 7, 2, 17]],
            [18, []],
            [1, []],
            [8, []],
            [43, []],
            [32, []],
            [31, []],
            [48, []],
            [25, []],
            [24, []],
            [22, []],
            [28, []],
            [11, []],
            [45, []],
            [16, []],
            [50, []],
            [44, []],
            [10, []],
            [9, []],
            [23, []],
            [7, []],
            [2, []],
            [17, []]
        ]
    ],
    [
    ]
]",,,0.0,0,0,0.0,,,,,results/sol_best_RC101_2.5.dat_A8_L60_pid2753.txt,(not found),RC101_2.5.dat_A8_L60_r3.log
131,test_data/data_demand_random_50_batch_all1_equal_random/RC101_2.5.dat,8.0,90.0,1,1289.0,"[
    [
        [
            [0, [26, 20, 13, 49, 29, 41, 19, 34, 33, 42, 36, 37, 21, 46]],
            [26, []],
            [20, []],
            [13, []],
            [49, []],
            [29, []],
            [41, []],
            [19, []],
            [34, []],
            [33, []],
            [42, []],
            [36, []],
            [37, []],
            [21, []],
            [46, []]
        ],
        [
            [0, [1, 12, 3, 14, 2, 8, 11, 4, 5, 6, 10, 9, 7]],
            [15, [15]],
            [1, []],
            [12, [18, 16, 17]],
            [18, []],
            [3, []],
            [14, []],
            [23, [31, 35, 32, 23, 22, 25, 24, 28, 27]],
            [2, []],
            [31, []],
            [48, []],
            [43, []],
            [25, []],
            [24, []],
            [8, []],
            [28, [43, 40, 44, 39, 38, 30]],
            [50, []],
            [11, []],
            [45, []],
            [4, []],
            [5, []],
            [30, [30]],
            [40, []],
            [35, []],
            [38, []],
            [27, []],
            [39, []],
            [6, []],
            [47, []],
            [16, []],
            [44, []],
            [10, []],
            [9, []],
            [7, []],
            [22, []],
            [32, [50, 45, 47, 48]],
            [17, []]
        ]
    ],
    [
        [
            [15, [15]]
        ],
        [
            [12, [18, 16, 17]]
        ],
        [
            [23, [31, 35, 32, 23, 22, 25, 24, 28, 27]]
        ],
        [
            [28, [43, 40, 44, 39, 38, 30]]
        ],
        [
            [32, [50, 45, 47, 48]]
        ]
    ]
]",,,564.464251526866,0,5,4.6,,,,,results/sol_best_RC101_2.5.dat_A8_L90_pid2659.txt,(not found),RC101_2.5.dat_A8_L90_r1.log
131,test_data/data_demand_random_50_batch_all1_equal_random/RC101_2.5.dat,8.0,90.0,2,1289.0,"[
    [
        [
            [0, [18, 20, 13, 49, 15, 12, 1, 29, 41, 19, 34, 33, 42, 36, 37, 21, 46]],
            [18, []],
            [20, []],
            [13, []],
            [49, []],
            [15, []],
            [12, []],
            [1, []],
            [29, []],
            [41, []],
            [19, []],
            [34, []],
            [33, []],
            [42, []],
            [36, []],
            [37, []],
            [21, []],
            [46, []]
        ],
        [
            [0, [3, 14, 2, 11, 4, 5, 6, 10, 9, 7, 8]],
            [3, []],
            [14, []],
            [2, []],
            [31, []],
            [25, []],
            [48, []],
            [24, []],
            [43, []],
            [17, []],
            [22, []],
            [23, [23, 25, 22, 24, 28, 27, 17, 16, 32, 31, 35, 30, 26]],
            [50, []],
            [28, []],
            [11, []],
            [45, []],
            [4, []],
            [5, []],
            [47, []],
            [39, []],
            [6, []],
            [38, [38]],
            [27, []],
            [35, []],
            [40, []],
            [30, []],
            [16, []],
            [44, []],
            [10, []],
            [9, []],
            [7, []],
            [32, [43, 40, 44, 39]],
            [8, [50, 45, 47, 48]],
            [26, []]
        ]
    ],
    [
        [
            [23, [23, 25, 22, 24, 28, 27, 17, 16]]
        ],
        [
            [23, [32, 31, 35, 30, 26]]
        ],
        [
            [38, [38]]
        ],
        [
            [32, [43, 40, 44, 39]]
        ],
        [
            [8, [50, 45, 47, 48]]
        ]
    ]
]",,,801.7739592763066,0,5,4.4,,,,,results/sol_best_RC101_2.5.dat_A8_L90_pid2661.txt,(not found),RC101_2.5.dat_A8_L90_r2.log
131,test_data/data_demand_random_50_batch_all1_equal_random/RC101_2.5.dat,8.0,90.0,3,1441.0,"[
    [
        [
            [0, [4, 6, 27, 5, 30, 26, 3, 20, 13, 49, 29, 41, 19, 34, 33, 42, 36, 37, 21, 46]],
            [4, []],
            [6, []],
            [39, []],
            [27, []],
            [38, []],
            [5, []],
            [30, []],
            [26, []],
            [3, []],
            [20, []],
            [13, []],
            [49, []],
            [29, []],
            [41, []],
            [19, []],
            [34, []],
            [33, []],
            [42, []],
            [36, []],
            [37, []],
            [21, []],
            [46, []]
        ],
        [
            [0, [1, 12, 14, 8, 11, 10, 9, 7, 2]],
            [15, [15, 18, 16, 17]],
            [1, []],
            [12, []],
            [18, [18]],
            [14, []],
            [23, [31, 32, 35, 23, 22, 28, 25, 24]],
            [31, []],
            [22, []],
            [48, []],
            [50, []],
            [43, []],
            [25, []],
            [24, []],
            [32, [50, 45, 47, 48, 38]],
            [8, []],
            [28, [43, 40, 44, 39]],
            [11, []],
            [45, []],
            [40, []],
            [35, []],
            [47, []],
            [16, [16]],
            [44, []],
            [10, []],
            [9, []],
            [7, []],
            [2, []],
            [17, [17]]
        ]
    ],
    [
        [
            [15, [15, 18, 16, 17]]
        ],
        [
            [23, [31, 32, 35, 23, 22, 28, 25, 24]]
        ],
        [
            [32, [50, 45, 47, 48, 38]]
        ],
        [
            [28, [43, 40, 44, 39]]
        ]
    ]
]",,,626.5671656133622,0,4,5.25,,,,,results/sol_best_RC101_2.5.dat_A8_L90_pid2662.txt,(not found),RC101_2.5.dat_A8_L90_r3.log
132,test_data/data_demand_random_50_batch_all1_equal_random/RC101_2.5.dat,8.0,120.0,1,1297.0,"[
    [
        [
            [0, [26, 18, 20, 13, 49, 15, 12, 1, 29, 41, 19, 34, 33, 42, 36, 37, 21, 46]],
            [26, []],
            [18, []],
            [20, []],
            [13, []],
            [49, []],
            [15, []],
            [12, []],
            [1, []],
            [29, []],
            [41, []],
            [19, []],
            [34, []],
            [33, []],
            [42, []],
            [36, []],
            [37, []],
            [21, []],
            [46, []]
        ],
        [
            [0, [3, 14, 4, 5, 6, 2, 8, 11, 10, 9, 7]],
            [3, []],
            [14, []],
            [4, []],
            [5, []],
            [6, [16, 17]],
            [23, [27, 31, 35, 32, 23, 25, 24, 28, 22]],
            [2, []],
            [31, []],
            [48, []],
            [43, []],
            [25, [38, 30]],
            [24, []],
            [8, []],
            [28, [43, 40, 44, 39]],
            [50, []],
            [11, []],
            [45, []],
            [30, [30]],
            [40, []],
            [35, []],
            [38, []],
            [27, []],
            [39, []],
            [47, []],
            [16, []],
            [44, []],
            [10, []],
            [9, []],
            [7, []],
            [22, []],
            [32, [50, 45, 47, 48]],
            [17, []]
        ]
    ],
    [
        [
            [6, [16, 17]]
        ],
        [
            [23, [27]]
        ],
        [
            [23, [31, 35, 32, 23, 25, 24, 28, 22]]
        ],
        [
            [25, [38, 30]]
        ],
        [
            [28, [43, 40, 44, 39]]
        ],
        [
            [32, [50, 45, 47, 48]]
        ]
    ]
]",,,690.4858655169072,0,6,3.5,,,,,results/sol_best_RC101_2.5.dat_A8_L120_pid2818.txt,(not found),RC101_2.5.dat_A8_L120_r1.log
132,test_data/data_demand_random_50_batch_all1_equal_random/RC101_2.5.dat,8.0,120.0,2,1305.0,"[
    [
        [
            [0, [20, 13, 49, 26, 29, 41, 19, 34, 33, 42, 36, 37, 21, 46]],
            [20, []],
            [13, []],
            [49, []],
            [18, []],
            [26, []],
            [29, []],
            [41, []],
            [19, []],
            [34, []],
            [33, []],
            [42, []],
            [36, []],
            [37, []],
            [21, []],
            [46, []]
        ],
        [
            [0, [12, 1, 14, 3, 8, 11, 4, 5, 6, 10, 9, 7, 2]],
            [12, [18, 16, 17, 15]],
            [15, []],
            [1, []],
            [14, []],
            [3, []],
            [23, [31, 35, 32, 23, 22, 25, 24, 28, 27, 30]],
            [22, []],
            [43, []],
            [25, []],
            [24, []],
            [48, []],
            [8, []],
            [28, [43, 40, 44, 39, 38]],
            [11, []],
            [45, []],
            [4, []],
            [5, []],
            [40, []],
            [35, []],
            [27, []],
            [38, []],
            [6, []],
            [39, []],
            [47, []],
            [30, []],
            [50, []],
            [16, []],
            [44, []],
            [10, []],
            [9, []],
            [7, []],
            [2, []],
            [31, []],
            [32, [50, 45, 47, 48]],
            [17, []]
        ]
    ],
    [
        [
            [12, [18, 16, 17, 15]]
        ],
        [
            [23, [31, 35, 32, 23, 22, 25, 24, 28, 27, 30]]
        ],
        [
            [28, [43, 40, 44, 39, 38]]
        ],
        [
            [32, [50, 45, 47, 48]]
        ]
    ]
]",,,643.0678222113321,0,4,5.75,,,,,results/sol_best_RC101_2.5.dat_A8_L120_pid2820.txt,(not found),RC101_2.5.dat_A8_L120_r2.log
132,test_data/data_demand_random_50_batch_all1_equal_random/RC101_2.5.dat,8.0,120.0,3,1347.06,"[
    [
        [
            [0, [26, 3, 20, 13, 49, 15, 12, 1, 29, 41, 19, 34, 33, 42, 36, 37, 21, 46]],
            [26, []],
            [3, []],
            [20, []],
            [13, []],
            [49, []],
            [15, []],
            [12, []],
            [1, []],
            [29, []],
            [41, []],
            [19, []],
            [34, []],
            [33, []],
            [42, []],
            [36, []],
            [37, []],
            [21, []],
            [46, []]
        ],
        [
            [0, [8, 14, 5, 2, 7, 9, 10, 6, 4, 11]],
            [8, [18, 16, 17]],
            [18, []],
            [14, []],
            [5, []],
            [30, []],
            [40, []],
            [35, [28, 23, 22, 25, 24, 27, 30, 35, 31, 32]],
            [47, []],
            [50, []],
            [23, []],
            [22, []],
            [31, []],
            [43, []],
            [48, []],
            [25, []],
            [24, []],
            [32, [50, 45, 47, 48, 38]],
            [17, []],
            [2, []],
            [7, []],
            [9, []],
            [10, []],
            [44, []],
            [16, []],
            [6, []],
            [39, []],
            [27, []],
            [38, []],
            [4, []],
            [45, []],
            [11, []],
            [28, [43, 40, 44, 39]]
        ]
    ],
    [
        [
            [8, [18, 16, 17]]
        ],
        [
            [35, [28, 23, 22, 25, 24, 27, 30]],
            [35, [35, 31, 32]]
        ],
        [
            [32, [50, 45, 47, 48, 38]]
        ],
        [
            [28, [43, 40, 44, 39]]
        ]
    ]
]",1347.06,"[
    [
        [
            [0, [26, 3, 20, 13, 49, 15, 12, 1, 29, 41, 19, 34, 33, 42, 36, 37, 21, 46]],
            [26, []],
            [3, []],
            [20, []],
            [13, []],
            [49, []],
            [15, []],
            [12, []],
            [1, []],
            [29, []],
            [41, []],
            [19, []],
            [34, []],
            [33, []],
            [42, []],
            [36, []],
            [37, []],
            [21, []],
            [46, []]
        ],
        [
            [0, [8, 14, 5, 2, 7, 9, 10, 6, 4, 11]],
            [8, [18, 16, 17]],
            [18, []],
            [14, []],
            [5, []],
            [30, []],
            [40, []],
            [35, [28, 23, 22, 25, 24, 27, 30, 35, 31, 32]],
            [47, []],
            [50, []],
            [23, []],
            [22, []],
            [31, []],
            [43, []],
            [48, []],
            [25, []],
            [24, []],
            [32, [50, 45, 47, 48, 38]],
            [17, []],
            [2, []],
            [7, []],
            [9, []],
            [10, []],
            [44, []],
            [16, []],
            [6, []],
            [39, []],
            [27, []],
            [38, []],
            [4, []],
            [45, []],
            [11, []],
            [28, [43, 40, 44, 39]]
        ]
    ],
    [
        [
            [8, [18, 16, 17]]
        ],
        [
            [35, [28, 23, 22, 25, 24, 27, 30]],
            [35, [35, 31, 32]]
        ],
        [
            [32, [50, 45, 47, 48, 38]]
        ],
        [
            [28, [43, 40, 44, 39]]
        ]
    ]
]",719.9365163717392,1,4,5.5,719.9365163717392,1,4,5.5,results/sol_best_RC101_2.5.dat_A8_L120_pid2821.txt,results/sol_best_multi_RC101_2.5.dat_A8_L120_pid2821.txt,RC101_2.5.dat_A8_L120_r3.log
133,test_data/data_demand_random_50_batch_all1_equal_random/RC101_2.dat,4.0,60.0,1,1257.0,"[
    [
        [
            [0, [17, 28, 12, 38, 48, 26, 13, 36, 43, 50, 10, 22, 14, 24, 34, 5, 19, 11, 23, 6, 16, 47, 3, 44, 33, 7]],
            [17, []],
            [28, []],
            [12, []],
            [38, []],
            [48, []],
            [26, []],
            [13, []],
            [36, []],
            [43, []],
            [50, []],
            [10, []],
            [22, []],
            [14, []],
            [24, []],
            [34, []],
            [5, []],
            [19, []],
            [11, []],
            [23, []],
            [6, []],
            [16, []],
            [47, []],
            [3, []],
            [44, []],
            [33, []],
            [7, []]
        ],
        [
            [0, [39, 35, 46, 29, 30, 45, 15, 42, 21, 20, 37, 49, 32, 27, 9, 41, 31, 25, 40, 8, 1, 4, 2, 18]],
            [39, []],
            [35, []],
            [46, []],
            [29, []],
            [30, []],
            [45, []],
            [15, []],
            [42, []],
            [21, []],
            [20, []],
            [37, []],
            [49, []],
            [32, []],
            [27, []],
            [9, []],
            [41, []],
            [31, []],
            [25, []],
            [40, []],
            [8, []],
            [1, []],
            [4, []],
            [2, []],
            [18, []]
        ]
    ],
    [
    ]
]",,,0.0,0,0,0.0,,,,,results/sol_best_RC101_2.dat_A4_L60_pid2750.txt,(not found),RC101_2.dat_A4_L60_r1.log
133,test_data/data_demand_random_50_batch_all1_equal_random/RC101_2.dat,4.0,60.0,2,1285.0,"[
    [
        [
            [0, [17, 43, 38, 12, 48, 28, 36, 13, 26, 50, 10, 22, 14, 24, 19, 34, 5, 6, 23, 11, 32, 49, 21, 27]],
            [17, []],
            [43, []],
            [38, []],
            [12, []],
            [48, []],
            [28, []],
            [36, []],
            [13, []],
            [26, []],
            [50, []],
            [10, []],
            [22, []],
            [14, []],
            [24, []],
            [19, []],
            [34, []],
            [5, []],
            [6, []],
            [23, []],
            [11, []],
            [32, []],
            [49, []],
            [21, []],
            [27, []]
        ],
        [
            [0, [39, 16, 3, 47, 33, 44, 35, 46, 29, 7, 30, 45, 15, 42, 20, 37, 9, 41, 31, 25, 40, 8, 1, 4, 2, 18]],
            [39, []],
            [16, []],
            [3, []],
            [47, []],
            [33, []],
            [44, []],
            [35, []],
            [46, []],
            [29, []],
            [7, []],
            [30, []],
            [45, []],
            [15, []],
            [42, []],
            [20, []],
            [37, []],
            [9, []],
            [41, []],
            [31, []],
            [25, []],
            [40, []],
            [8, []],
            [1, []],
            [4, []],
            [2, []],
            [18, []]
        ]
    ],
    [
    ]
]",,,0.0,0,0,0.0,,,,,results/sol_best_RC101_2.dat_A4_L60_pid2751.txt,(not found),RC101_2.dat_A4_L60_r2.log
133,test_data/data_demand_random_50_batch_all1_equal_random/RC101_2.dat,4.0,60.0,3,1261.0,"[
    [
        [
            [0, [17, 28, 12, 38, 48, 26, 13, 36, 43, 50, 10, 22, 14, 24, 19, 11, 23, 34, 5, 6, 47, 3, 16, 7, 44, 33, 35, 46]],
            [17, []],
            [28, []],
            [12, []],
            [38, []],
            [48, []],
            [26, []],
            [13, []],
            [36, []],
            [43, []],
            [50, []],
            [10, []],
            [22, []],
            [14, []],
            [24, []],
            [19, []],
            [11, []],
            [23, []],
            [34, []],
            [5, []],
            [6, []],
            [47, []],
            [3, []],
            [16, []],
            [7, []],
            [44, []],
            [33, []],
            [35, []],
            [46, []]
        ],
        [
            [0, [39, 29, 30, 45, 15, 42, 21, 20, 37, 49, 32, 27, 9, 41, 31, 25, 40, 8, 1, 4, 2, 18]],
            [39, []],
            [29, []],
            [30, []],
            [45, []],
            [15, []],
            [42, []],
            [21, []],
            [20, []],
            [37, []],
            [49, []],
            [32, []],
            [27, []],
            [9, []],
            [41, []],
            [31, []],
            [25, []],
            [40, []],
            [8, []],
            [1, []],
            [4, []],
            [2, []],
            [18, []]
        ]
    ],
    [
    ]
]",,,0.0,0,0,0.0,,,,,results/sol_best_RC101_2.dat_A4_L60_pid2753.txt,(not found),RC101_2.dat_A4_L60_r3.log
134,test_data/data_demand_random_50_batch_all1_equal_random/RC101_2.dat,4.0,90.0,1,1265.0,"[
    [
        [
            [0, [18, 1, 4, 12, 26, 13, 17, 28, 11, 22, 10, 14, 24, 19, 5, 23, 6, 21]],
            [18, []],
            [1, []],
            [4, []],
            [48, []],
            [12, []],
            [38, []],
            [26, []],
            [13, []],
            [17, []],
            [43, []],
            [50, []],
            [28, [44, 46, 35]],
            [36, []],
            [11, [38, 36, 34, 32]],
            [22, []],
            [10, []],
            [14, []],
            [24, []],
            [19, []],
            [34, []],
            [5, []],
            [23, []],
            [6, [48, 43, 50, 49]],
            [35, []],
            [46, []],
            [21, []],
            [49, []],
            [32, []]
        ],
        [
            [0, [39, 16, 3, 47, 33, 7, 29, 30, 45, 15, 42, 20, 37, 27, 9, 41, 31, 25, 40, 8, 2]],
            [39, []],
            [16, []],
            [3, []],
            [47, []],
            [33, []],
            [44, []],
            [7, []],
            [29, []],
            [30, []],
            [45, []],
            [15, []],
            [42, []],
            [20, []],
            [37, []],
            [27, []],
            [9, []],
            [41, []],
            [31, []],
            [25, []],
            [40, []],
            [8, []],
            [2, []]
        ]
    ],
    [
        [
            [28, [44, 46, 35]]
        ],
        [
            [11, [38, 36, 34, 32]]
        ],
        [
            [6, [48, 43, 50, 49]]
        ]
    ]
]",,,864.4544443787676,0,3,3.6666666666666665,,,,,results/sol_best_RC101_2.dat_A4_L90_pid2798.txt,(not found),RC101_2.dat_A4_L90_r1.log
134,test_data/data_demand_random_50_batch_all1_equal_random/RC101_2.dat,4.0,90.0,2,1127.81,"[
    [
        [
            [0, [24, 14, 22, 10, 12, 28, 17, 26, 13, 19, 5, 11, 23, 6, 3, 16, 7, 20, 27]],
            [24, []],
            [14, []],
            [22, []],
            [10, []],
            [50, []],
            [43, []],
            [38, []],
            [12, []],
            [48, []],
            [28, []],
            [17, []],
            [36, []],
            [26, []],
            [13, []],
            [19, []],
            [34, []],
            [5, []],
            [11, [38, 36, 34, 32, 47, 33, 44, 39, 29]],
            [23, []],
            [6, [48, 43, 50, 49, 37, 35, 46]],
            [39, []],
            [47, []],
            [3, []],
            [16, []],
            [7, []],
            [44, []],
            [33, []],
            [35, []],
            [46, []],
            [29, []],
            [32, []],
            [20, []],
            [37, []],
            [27, []],
            [49, []]
        ],
        [
            [0, [30, 45, 15, 42, 21, 9, 41, 31, 25, 40, 8, 1, 4, 2, 18]],
            [30, []],
            [45, []],
            [15, []],
            [42, []],
            [21, []],
            [9, []],
            [41, []],
            [31, []],
            [25, []],
            [40, []],
            [8, []],
            [1, []],
            [4, []],
            [2, []],
            [18, []]
        ]
    ],
    [
        [
            [11, [38, 36, 34, 32, 47, 33, 44, 39, 29]]
        ],
        [
            [6, [48, 43, 50, 49, 37, 35, 46]]
        ]
    ]
]",,,770.0805913304131,0,2,8.0,,,,,results/sol_best_RC101_2.dat_A4_L90_pid2800.txt,(not found),RC101_2.dat_A4_L90_r2.log
134,test_data/data_demand_random_50_batch_all1_equal_random/RC101_2.dat,4.0,90.0,3,1265.0,"[
    [
        [
            [0, [5, 14, 10, 19, 17, 12, 13, 11, 6, 7, 21, 20]],
            [5, []],
            [14, []],
            [10, []],
            [19, []],
            [17, []],
            [12, []],
            [38, []],
            [48, []],
            [13, []],
            [26, []],
            [28, []],
            [36, []],
            [43, []],
            [50, []],
            [22, []],
            [24, [24, 26, 28, 22, 23]],
            [23, []],
            [11, [38, 36, 34, 32]],
            [34, []],
            [6, [48, 43, 50, 49, 35]],
            [35, []],
            [7, []],
            [21, []],
            [20, []],
            [49, []],
            [32, []]
        ],
        [
            [0, [39, 16, 3, 47, 33, 44, 46, 29, 30, 45, 15, 42, 37, 27, 9, 41, 31, 25, 40, 8, 1, 4, 2, 18]],
            [39, []],
            [16, []],
            [3, []],
            [47, []],
            [33, []],
            [44, []],
            [46, []],
            [29, []],
            [30, []],
            [45, []],
            [15, []],
            [42, []],
            [37, []],
            [27, []],
            [9, []],
            [41, []],
            [31, []],
            [25, []],
            [40, []],
            [8, []],
            [1, []],
            [4, []],
            [2, []],
            [18, []]
        ]
    ],
    [
        [
            [24, [24, 26, 28, 22, 23]]
        ],
        [
            [11, [38, 36, 34, 32]]
        ],
        [
            [6, [48, 43, 50, 49, 35]]
        ]
    ]
]",,,738.2990357296843,0,3,4.666666666666667,,,,,results/sol_best_RC101_2.dat_A4_L90_pid2801.txt,(not found),RC101_2.dat_A4_L90_r3.log
135,test_data/data_demand_random_50_batch_all1_equal_random/RC101_2.dat,4.0,120.0,1,1225.0,"[
    [
        [
            [0, [23, 14, 22, 10, 12, 28, 17, 13, 26, 19, 24, 5, 6, 11, 16, 3, 7, 21]],
            [23, []],
            [34, []],
            [14, []],
            [22, []],
            [10, []],
            [50, []],
            [43, []],
            [12, []],
            [38, []],
            [48, []],
            [28, []],
            [36, []],
            [17, []],
            [13, []],
            [26, []],
            [19, [34, 32, 33, 39]],
            [24, []],
            [5, []],
            [6, [48, 43, 50, 49, 47]],
            [11, [38, 36, 44, 35]],
            [39, []],
            [16, []],
            [47, []],
            [3, []],
            [44, []],
            [33, []],
            [35, [35]],
            [7, []],
            [32, []],
            [21, []],
            [49, []]
        ],
        [
            [0, [46, 29, 30, 45, 15, 42, 20, 37, 27, 9, 41, 31, 25, 40, 8, 1, 4, 2, 18]],
            [46, []],
            [29, []],
            [30, []],
            [45, []],
            [15, []],
            [42, []],
            [20, []],
            [37, []],
            [27, []],
            [9, []],
            [41, []],
            [31, []],
            [25, []],
            [40, []],
            [8, []],
            [1, []],
            [4, []],
            [2, []],
            [18, []]
        ]
    ],
    [
        [
            [19, [34, 32, 33, 39]]
        ],
        [
            [6, [48, 43, 50, 49, 47]]
        ],
        [
            [11, [38, 36, 44, 35]]
        ]
    ]
]",,,753.4055651384888,0,3,4.333333333333333,,,,,results/sol_best_RC101_2.dat_A4_L120_pid2736.txt,(not found),RC101_2.dat_A4_L120_r1.log
135,test_data/data_demand_random_50_batch_all1_equal_random/RC101_2.dat,4.0,120.0,2,1265.0,"[
    [
        [
            [0, [19, 14, 10, 26, 13, 12, 17, 28, 22, 24, 23, 5, 6, 11, 7, 27, 21]],
            [19, []],
            [14, []],
            [10, []],
            [26, [34, 32]],
            [13, []],
            [12, []],
            [38, []],
            [48, []],
            [17, []],
            [28, []],
            [36, []],
            [43, []],
            [50, []],
            [22, []],
            [24, []],
            [23, []],
            [34, []],
            [5, []],
            [6, [48, 43, 50, 46]],
            [11, [38, 36, 49]],
            [7, []],
            [32, []],
            [49, []],
            [27, []],
            [21, []]
        ],
        [
            [0, [39, 16, 3, 47, 33, 44, 35, 29, 30, 45, 15, 42, 20, 37, 9, 41, 31, 25, 40, 8, 1, 4, 2, 18]],
            [39, []],
            [16, []],
            [3, []],
            [47, []],
            [33, []],
            [44, []],
            [35, []],
            [46, []],
            [29, []],
            [30, []],
            [45, []],
            [15, []],
            [42, []],
            [20, []],
            [37, []],
            [9, []],
            [41, []],
            [31, []],
            [25, []],
            [40, []],
            [8, []],
            [1, []],
            [4, []],
            [2, []],
            [18, []]
        ]
    ],
    [
        [
            [26, [34, 32]]
        ],
        [
            [6, [48, 43, 50, 46]]
        ],
        [
            [11, [38, 36, 49]]
        ]
    ]
]",,,735.1674589183236,0,3,3.0,,,,,results/sol_best_RC101_2.dat_A4_L120_pid2738.txt,(not found),RC101_2.dat_A4_L120_r2.log
135,test_data/data_demand_random_50_batch_all1_equal_random/RC101_2.dat,4.0,120.0,3,1265.0,"[
    [
        [
            [0, [19, 24, 14, 10, 26, 12, 28, 22, 11, 23, 5, 6, 13, 17, 21, 20, 7]],
            [19, []],
            [24, []],
            [14, []],
            [10, []],
            [26, []],
            [12, []],
            [38, []],
            [48, []],
            [28, []],
            [36, []],
            [43, []],
            [50, []],
            [22, []],
            [11, [38, 36, 34, 32, 29]],
            [23, []],
            [34, []],
            [5, []],
            [6, [48, 43, 50, 49]],
            [13, []],
            [17, []],
            [21, []],
            [20, []],
            [49, []],
            [32, []],
            [7, []],
            [29, []]
        ],
        [
            [0, [39, 16, 3, 47, 33, 44, 35, 46, 30, 45, 15, 42, 37, 27, 9, 41, 31, 25, 40, 8, 1, 4, 2, 18]],
            [39, []],
            [16, []],
            [3, []],
            [47, []],
            [33, []],
            [44, []],
            [35, []],
            [46, []],
            [30, []],
            [45, []],
            [15, []],
            [42, []],
            [37, []],
            [27, []],
            [9, []],
            [41, []],
            [31, []],
            [25, []],
            [40, []],
            [8, []],
            [1, []],
            [4, []],
            [2, []],
            [18, []]
        ]
    ],
    [
        [
            [11, [38, 36, 34, 32, 29]]
        ],
        [
            [6, [48, 43, 50, 49]]
        ]
    ]
]",,,748.0805913304131,0,2,4.5,,,,,results/sol_best_RC101_2.dat_A4_L120_pid2739.txt,(not found),RC101_2.dat_A4_L120_r3.log
136,test_data/data_demand_random_50_batch_all1_equal_random/RC101_2.dat,8.0,60.0,1,1289.0,"[
    [
        [
            [0, [11, 23, 14, 10, 26, 13, 12, 38, 48, 17, 28, 36, 43, 50, 22, 24, 19, 34, 5, 6, 46, 35]],
            [11, []],
            [23, []],
            [14, []],
            [10, []],
            [26, []],
            [13, []],
            [12, []],
            [38, []],
            [48, []],
            [17, []],
            [28, []],
            [36, []],
            [43, []],
            [50, []],
            [22, []],
            [24, []],
            [19, []],
            [34, []],
            [5, []],
            [6, []],
            [46, []],
            [35, []]
        ],
        [
            [0, [39, 16, 3, 47, 33, 44, 7, 29, 30, 45, 15, 42, 21, 20, 37, 49, 32, 27, 9, 41, 31, 25, 40, 8, 1, 4, 2, 18]],
            [39, []],
            [16, []],
            [3, []],
            [47, []],
            [33, []],
            [44, []],
            [7, []],
            [29, []],
            [30, []],
            [45, []],
            [15, []],
            [42, []],
            [21, []],
            [20, []],
            [37, []],
            [49, []],
            [32, []],
            [27, []],
            [9, []],
            [41, []],
            [31, []],
            [25, []],
            [40, []],
            [8, []],
            [1, []],
            [4, []],
            [2, []],
            [18, []]
        ]
    ],
    [
    ]
]",,,0.0,0,0,0.0,,,,,results/sol_best_RC101_2.dat_A8_L60_pid2750.txt,(not found),RC101_2.dat_A8_L60_r1.log
136,test_data/data_demand_random_50_batch_all1_equal_random/RC101_2.dat,8.0,60.0,2,1249.0,"[
    [
        [
            [0, [17, 36, 28, 48, 12, 38, 43, 50, 26, 13, 10, 22, 14, 24, 19, 34, 5, 11, 23, 6, 47, 3, 16, 7, 44, 33, 35, 39]],
            [17, []],
            [36, []],
            [28, []],
            [48, []],
            [12, []],
            [38, []],
            [43, []],
            [50, []],
            [26, []],
            [13, []],
            [10, []],
            [22, []],
            [14, []],
            [24, []],
            [19, []],
            [34, []],
            [5, []],
            [11, []],
            [23, []],
            [6, []],
            [47, []],
            [3, []],
            [16, []],
            [7, []],
            [44, []],
            [33, []],
            [35, []],
            [39, []]
        ],
        [
            [0, [46, 29, 30, 45, 15, 42, 21, 20, 37, 49, 32, 27, 9, 41, 31, 25, 40, 8, 1, 4, 2, 18]],
            [46, []],
            [29, []],
            [30, []],
            [45, []],
            [15, []],
            [42, []],
            [21, []],
            [20, []],
            [37, []],
            [49, []],
            [32, []],
            [27, []],
            [9, []],
            [41, []],
            [31, []],
            [25, []],
            [40, []],
            [8, []],
            [1, []],
            [4, []],
            [2, []],
            [18, []]
        ]
    ],
    [
    ]
]",,,0.0,0,0,0.0,,,,,results/sol_best_RC101_2.dat_A8_L60_pid2752.txt,(not found),RC101_2.dat_A8_L60_r2.log
136,test_data/data_demand_random_50_batch_all1_equal_random/RC101_2.dat,8.0,60.0,3,1249.0,"[
    [
        [
            [0, [17, 36, 28, 48, 12, 38, 43, 13, 26, 50, 10, 22, 14, 24, 19, 34, 5, 11, 23, 6, 39, 47, 3, 16, 7, 44, 33, 35, 46]],
            [17, []],
            [36, []],
            [28, []],
            [48, []],
            [12, []],
            [38, []],
            [43, []],
            [13, []],
            [26, []],
            [50, []],
            [10, []],
            [22, []],
            [14, []],
            [24, []],
            [19, []],
            [34, []],
            [5, []],
            [11, []],
            [23, []],
            [6, []],
            [39, []],
            [47, []],
            [3, []],
            [16, []],
            [7, []],
            [44, []],
            [33, []],
            [35, []],
            [46, []]
        ],
        [
            [0, [29, 30, 45, 15, 42, 21, 20, 37, 49, 32, 27, 9, 41, 31, 25, 40, 8, 1, 4, 2, 18]],
            [29, []],
            [30, []],
            [45, []],
            [15, []],
            [42, []],
            [21, []],
            [20, []],
            [37, []],
            [49, []],
            [32, []],
            [27, []],
            [9, []],
            [41, []],
            [31, []],
            [25, []],
            [40, []],
            [8, []],
            [1, []],
            [4, []],
            [2, []],
            [18, []]
        ]
    ],
    [
    ]
]",,,0.0,0,0,0.0,,,,,results/sol_best_RC101_2.dat_A8_L60_pid2753.txt,(not found),RC101_2.dat_A8_L60_r3.log
137,test_data/data_demand_random_50_batch_all1_equal_random/RC101_2.dat,8.0,90.0,1,1265.0,"[
    [
        [
            [0, [21, 7, 14, 10, 19, 12, 28, 17, 13, 26, 22, 24, 23, 5, 6, 11]],
            [21, []],
            [49, []],
            [32, [32]],
            [7, []],
            [46, []],
            [14, [38, 36, 34]],
            [10, []],
            [19, []],
            [36, []],
            [12, []],
            [38, []],
            [48, []],
            [28, []],
            [17, []],
            [43, []],
            [50, []],
            [13, []],
            [26, [48, 43, 50, 46, 49]],
            [22, []],
            [24, []],
            [23, []],
            [34, []],
            [5, []],
            [6, []],
            [11, []]
        ],
        [
            [0, [39, 16, 3, 47, 33, 44, 35, 29, 30, 45, 15, 42, 20, 37, 27, 9, 41, 31, 25, 40, 8, 1, 4, 2, 18]],
            [39, []],
            [16, []],
            [3, []],
            [47, []],
            [33, []],
            [44, []],
            [35, []],
            [29, []],
            [30, []],
            [45, []],
            [15, []],
            [42, []],
            [20, []],
            [37, []],
            [27, []],
            [9, []],
            [41, []],
            [31, []],
            [25, []],
            [40, []],
            [8, []],
            [1, []],
            [4, []],
            [2, []],
            [18, []]
        ]
    ],
    [
        [
            [32, [32]]
        ],
        [
            [14, [38, 36, 34]]
        ],
        [
            [26, [48, 43, 50, 46, 49]]
        ]
    ]
]",,,749.5698597071845,0,3,3.0,,,,,results/sol_best_RC101_2.dat_A8_L90_pid2661.txt,(not found),RC101_2.dat_A8_L90_r1.log
137,test_data/data_demand_random_50_batch_all1_equal_random/RC101_2.dat,8.0,90.0,2,1273.0,"[
    [
        [
            [0, [7, 1, 4, 5, 6]],
            [7, []],
            [11, [11, 10, 12, 13, 14]],
            [10, [19, 17, 18]],
            [19, []],
            [17, [26, 28, 22, 24, 23]],
            [1, []],
            [4, []],
            [18, []],
            [12, [12]],
            [38, []],
            [48, []],
            [13, [13]],
            [26, [48, 43, 50, 46, 49, 34, 32]],
            [43, []],
            [50, []],
            [28, []],
            [36, []],
            [22, []],
            [14, [38, 36]],
            [24, []],
            [23, []],
            [34, []],
            [5, []],
            [6, []],
            [46, []],
            [49, []],
            [32, []]
        ],
        [
            [0, [39, 16, 3, 47, 33, 44, 35, 29, 30, 45, 15, 42, 21, 20, 37, 27, 9, 41, 31, 25, 40, 8, 2]],
            [39, []],
            [16, []],
            [3, []],
            [47, []],
            [33, []],
            [44, []],
            [35, []],
            [29, []],
            [30, []],
            [45, []],
            [15, []],
            [42, []],
            [21, []],
            [20, []],
            [37, []],
            [27, []],
            [9, []],
            [41, []],
            [31, []],
            [25, []],
            [40, []],
            [8, []],
            [2, []]
        ]
    ],
    [
        [
            [11, [11, 10, 12, 13, 14]]
        ],
        [
            [10, [19, 17, 18]]
        ],
        [
            [17, [26, 28, 22, 24, 23]]
        ],
        [
            [26, [48, 43, 50, 46, 49, 34, 32]]
        ],
        [
            [14, [38, 36]]
        ]
    ]
]",,,496.66860711359084,0,5,4.4,,,,,results/sol_best_RC101_2.dat_A8_L90_pid2663.txt,(not found),RC101_2.dat_A8_L90_r2.log
137,test_data/data_demand_random_50_batch_all1_equal_random/RC101_2.dat,8.0,90.0,3,1273.0,"[
    [
        [
            [0, [14, 10, 1, 4, 12, 13, 11, 6, 5, 7]],
            [14, []],
            [10, []],
            [19, [19, 17, 18]],
            [17, []],
            [1, []],
            [4, []],
            [18, []],
            [12, []],
            [38, []],
            [48, []],
            [13, []],
            [26, []],
            [43, []],
            [50, []],
            [28, []],
            [36, []],
            [34, [34, 32]],
            [24, [24, 26, 28, 22, 23]],
            [22, []],
            [11, [38, 36]],
            [23, []],
            [6, [48, 43, 50, 46, 49]],
            [5, []],
            [7, []],
            [49, []],
            [32, []]
        ],
        [
            [0, [39, 16, 3, 47, 33, 44, 35, 29, 30, 45, 15, 42, 21, 20, 37, 27, 9, 41, 31, 25, 40, 8, 2]],
            [39, []],
            [16, []],
            [3, []],
            [47, []],
            [33, []],
            [44, []],
            [35, []],
            [46, []],
            [29, []],
            [30, []],
            [45, []],
            [15, []],
            [42, []],
            [21, []],
            [20, []],
            [37, []],
            [27, []],
            [9, []],
            [41, []],
            [31, []],
            [25, []],
            [40, []],
            [8, []],
            [2, []]
        ]
    ],
    [
        [
            [19, [19, 17, 18]]
        ],
        [
            [34, [34, 32]]
        ],
        [
            [24, [24, 26, 28, 22, 23]]
        ],
        [
            [11, [38, 36]]
        ],
        [
            [6, [48, 43, 50, 46, 49]]
        ]
    ]
]",,,761.0309540838338,0,5,3.4,,,,,results/sol_best_RC101_2.dat_A8_L90_pid2664.txt,(not found),RC101_2.dat_A8_L90_r3.log
138,test_data/data_demand_random_50_batch_all1_equal_random/RC101_2.dat,8.0,120.0,1,1265.0,"[
    [
        [
            [0, [21, 20, 18, 12, 13, 17, 14, 11, 10, 19, 5, 6]],
            [21, []],
            [20, []],
            [18, []],
            [12, []],
            [38, []],
            [48, []],
            [13, []],
            [26, []],
            [43, []],
            [50, []],
            [28, []],
            [36, []],
            [17, []],
            [14, []],
            [22, [22, 26, 28, 24, 23, 29, 34, 27, 32]],
            [34, []],
            [24, []],
            [11, [38, 36, 35, 49]],
            [10, []],
            [19, []],
            [5, []],
            [23, []],
            [6, [48, 43, 50, 46]],
            [35, []],
            [29, []],
            [46, []],
            [32, []],
            [49, [49]],
            [27, []]
        ],
        [
            [0, [39, 16, 3, 47, 33, 44, 7, 30, 45, 15, 42, 37, 9, 41, 31, 25, 40, 8, 1, 4, 2]],
            [39, []],
            [16, []],
            [3, []],
            [47, []],
            [33, []],
            [44, []],
            [7, []],
            [30, []],
            [45, []],
            [15, []],
            [42, []],
            [37, []],
            [9, []],
            [41, []],
            [31, []],
            [25, []],
            [40, []],
            [8, []],
            [1, []],
            [4, []],
            [2, []]
        ]
    ],
    [
        [
            [22, [22, 26, 28, 24, 23, 29, 34, 27, 32]]
        ],
        [
            [11, [38, 36, 35, 49]]
        ],
        [
            [6, [48, 43, 50, 46]]
        ]
    ]
]",,,871.506173323045,0,3,5.666666666666667,,,,,results/sol_best_RC101_2.dat_A8_L120_pid2750.txt,(not found),RC101_2.dat_A8_L120_r1.log
138,test_data/data_demand_random_50_batch_all1_equal_random/RC101_2.dat,8.0,120.0,2,1273.0,"[
    [
        [
            [0, [11, 10, 1, 4, 12, 13, 14, 5, 6, 7]],
            [11, []],
            [10, [19, 17, 18]],
            [19, []],
            [17, [26, 28, 22, 24, 23]],
            [1, []],
            [4, []],
            [18, []],
            [12, [35]],
            [38, []],
            [48, []],
            [13, []],
            [26, [48, 43, 50, 46, 49, 34, 32]],
            [43, []],
            [50, []],
            [28, []],
            [36, []],
            [22, []],
            [14, [38, 36]],
            [24, []],
            [23, []],
            [34, []],
            [5, []],
            [6, []],
            [46, []],
            [35, [35]],
            [7, []],
            [49, []],
            [32, []]
        ],
        [
            [0, [39, 16, 3, 47, 33, 44, 29, 30, 45, 15, 42, 21, 20, 37, 27, 9, 41, 31, 25, 40, 8, 2]],
            [39, []],
            [16, []],
            [3, []],
            [47, []],
            [33, []],
            [44, []],
            [29, []],
            [30, []],
            [45, []],
            [15, []],
            [42, []],
            [21, []],
            [20, []],
            [37, []],
            [27, []],
            [9, []],
            [41, []],
            [31, []],
            [25, []],
            [40, []],
            [8, []],
            [2, []]
        ]
    ],
    [
        [
            [10, [19, 17, 18]]
        ],
        [
            [17, [26, 28, 22, 24, 23]]
        ],
        [
            [12, [35]]
        ],
        [
            [26, [48, 43, 50, 46, 49, 34, 32]]
        ],
        [
            [14, [38, 36]]
        ]
    ]
]",,,574.3097636603337,0,5,3.6,,,,,results/sol_best_RC101_2.dat_A8_L120_pid2752.txt,(not found),RC101_2.dat_A8_L120_r2.log
138,test_data/data_demand_random_50_batch_all1_equal_random/RC101_2.dat,8.0,120.0,3,1243.29,"[
    [
        [
            [0, [16, 21, 7, 3, 19, 10, 12, 17, 13, 14, 5, 6, 11]],
            [16, [28, 26, 22, 24, 23]],
            [21, []],
            [49, [32, 33, 34]],
            [32, []],
            [7, []],
            [3, []],
            [47, []],
            [33, []],
            [44, [44, 47]],
            [19, []],
            [10, []],
            [43, []],
            [12, []],
            [38, []],
            [48, []],
            [28, [28]],
            [36, []],
            [17, []],
            [13, []],
            [26, [48, 43, 50, 46, 49]],
            [50, []],
            [22, [22]],
            [14, [38, 36]],
            [24, [24]],
            [34, []],
            [5, []],
            [6, []],
            [23, [23]],
            [11, []]
        ],
        [
            [0, [39, 35, 29, 30, 45, 15, 42, 20, 37, 27, 9, 41, 31, 25, 40, 8, 1, 4, 2, 18]],
            [39, []],
            [35, []],
            [46, []],
            [29, []],
            [30, []],
            [45, []],
            [15, []],
            [42, []],
            [20, []],
            [37, []],
            [27, []],
            [9, []],
            [41, []],
            [31, []],
            [25, []],
            [40, []],
            [8, []],
            [1, []],
            [4, []],
            [2, []],
            [18, []]
        ]
    ],
    [
        [
            [16, [28, 26, 22, 24, 23]]
        ],
        [
            [49, [32, 33, 34]]
        ],
        [
            [44, [44, 47]]
        ],
        [
            [26, [48, 43, 50, 46, 49]]
        ],
        [
            [14, [38, 36]]
        ]
    ]
]",,,719.6603174607483,0,5,3.4,,,,,results/sol_best_RC101_2.dat_A8_L120_pid2753.txt,(not found),RC101_2.dat_A8_L120_r3.log
139,test_data/data_demand_random_50_batch_all1_equal_random/RC101_3.dat,4.0,60.0,1,1641.0,"[
    [
        [
            [0, [47, 23, 1, 39, 37, 17, 5, 12, 19, 31, 28, 22, 41, 40, 44, 27, 33, 42, 25, 29, 9, 20, 43]],
            [47, []],
            [23, []],
            [1, []],
            [39, []],
            [37, []],
            [17, []],
            [5, []],
            [12, []],
            [19, []],
            [31, []],
            [28, []],
            [22, []],
            [41, []],
            [40, []],
            [44, []],
            [27, []],
            [33, []],
            [42, []],
            [25, []],
            [29, []],
            [9, []],
            [20, []],
            [43, []]
        ],
        [
            [0, [21, 16, 46, 30, 10, 34, 50, 45, 26, 35, 32, 3, 48, 11, 13, 4, 38, 18, 15, 6, 36, 14, 49, 7, 24, 8, 2]],
            [21, []],
            [16, []],
            [46, []],
            [30, []],
            [10, []],
            [34, []],
            [50, []],
            [45, []],
            [26, []],
            [35, []],
            [32, []],
            [3, []],
            [48, []],
            [11, []],
            [13, []],
            [4, []],
            [38, []],
            [18, []],
            [15, []],
            [6, []],
            [36, []],
            [14, []],
            [49, []],
            [7, []],
            [24, []],
            [8, []],
            [2, []]
        ]
    ],
    [
    ]
]",,,0.0,0,0,0.0,,,,,results/sol_best_RC101_3.dat_A4_L60_pid2756.txt,(not found),RC101_3.dat_A4_L60_r1.log
139,test_data/data_demand_random_50_batch_all1_equal_random/RC101_3.dat,4.0,60.0,2,1641.0,"[
    [
        [
            [0, [5, 12, 19, 31, 39, 37, 17, 1, 23, 47, 22, 28, 25, 42, 41, 40, 44, 27, 33, 29, 20, 9, 43]],
            [5, []],
            [12, []],
            [19, []],
            [31, []],
            [39, []],
            [37, []],
            [17, []],
            [1, []],
            [23, []],
            [47, []],
            [22, []],
            [28, []],
            [25, []],
            [42, []],
            [41, []],
            [40, []],
            [44, []],
            [27, []],
            [33, []],
            [29, []],
            [20, []],
            [9, []],
            [43, []]
        ],
        [
            [0, [21, 16, 46, 30, 10, 34, 50, 45, 26, 35, 32, 3, 48, 11, 13, 4, 38, 18, 15, 6, 36, 14, 49, 7, 24, 8, 2]],
            [21, []],
            [16, []],
            [46, []],
            [30, []],
            [10, []],
            [34, []],
            [50, []],
            [45, []],
            [26, []],
            [35, []],
            [32, []],
            [3, []],
            [48, []],
            [11, []],
            [13, []],
            [4, []],
            [38, []],
            [18, []],
            [15, []],
            [6, []],
            [36, []],
            [14, []],
            [49, []],
            [7, []],
            [24, []],
            [8, []],
            [2, []]
        ]
    ],
    [
    ]
]",,,0.0,0,0,0.0,,,,,results/sol_best_RC101_3.dat_A4_L60_pid2758.txt,(not found),RC101_3.dat_A4_L60_r2.log
139,test_data/data_demand_random_50_batch_all1_equal_random/RC101_3.dat,4.0,60.0,3,1633.0,"[
    [
        [
            [0, [5, 12, 31, 19, 37, 39, 1, 23, 17, 47, 28, 25, 42, 22, 41, 40, 44, 27, 50, 43, 20, 9, 29, 33]],
            [5, []],
            [12, []],
            [31, []],
            [19, []],
            [37, []],
            [39, []],
            [1, []],
            [23, []],
            [17, []],
            [47, []],
            [28, []],
            [25, []],
            [42, []],
            [22, []],
            [41, []],
            [40, []],
            [44, []],
            [27, []],
            [50, []],
            [43, []],
            [20, []],
            [9, []],
            [29, []],
            [33, []]
        ],
        [
            [0, [21, 16, 46, 30, 34, 10, 45, 26, 35, 32, 3, 48, 11, 13, 4, 38, 18, 15, 6, 36, 14, 49, 7, 24, 8, 2]],
            [21, []],
            [16, []],
            [46, []],
            [30, []],
            [34, []],
            [10, []],
            [45, []],
            [26, []],
            [35, []],
            [32, []],
            [3, []],
            [48, []],
            [11, []],
            [13, []],
            [4, []],
            [38, []],
            [18, []],
            [15, []],
            [6, []],
            [36, []],
            [14, []],
            [49, []],
            [7, []],
            [24, []],
            [8, []],
            [2, []]
        ]
    ],
    [
    ]
]",,,0.0,0,0,0.0,,,,,results/sol_best_RC101_3.dat_A4_L60_pid2759.txt,(not found),RC101_3.dat_A4_L60_r3.log
140,test_data/data_demand_random_50_batch_all1_equal_random/RC101_3.dat,4.0,90.0,1,1633.0,"[
    [
        [
            [0, [19, 12, 39, 37, 23, 17, 5, 1, 31, 22, 28, 33, 42, 41, 40, 34, 27, 25, 29, 20, 9]],
            [19, []],
            [12, []],
            [39, []],
            [37, []],
            [23, []],
            [17, []],
            [5, []],
            [1, []],
            [31, [47, 50, 44, 43]],
            [47, []],
            [22, []],
            [28, []],
            [33, []],
            [42, []],
            [41, []],
            [40, []],
            [44, []],
            [50, []],
            [34, []],
            [27, []],
            [25, []],
            [29, []],
            [20, []],
            [9, []],
            [43, []]
        ],
        [
            [0, [21, 16, 46, 30, 10, 45, 26, 35, 32, 3, 48, 11, 13, 4, 38, 18, 15, 6, 36, 14, 49, 7, 24, 8, 2]],
            [21, []],
            [16, []],
            [46, []],
            [30, []],
            [10, []],
            [45, []],
            [26, []],
            [35, []],
            [32, []],
            [3, []],
            [48, []],
            [11, []],
            [13, []],
            [4, []],
            [38, []],
            [18, []],
            [15, []],
            [6, []],
            [36, []],
            [14, []],
            [49, []],
            [7, []],
            [24, []],
            [8, []],
            [2, []]
        ]
    ],
    [
        [
            [31, [47, 50, 44, 43]]
        ]
    ]
]",,,1143.3112887414927,0,1,4.0,,,,,results/sol_best_RC101_3.dat_A4_L90_pid2674.txt,(not found),RC101_3.dat_A4_L90_r1.log
140,test_data/data_demand_random_50_batch_all1_equal_random/RC101_3.dat,4.0,90.0,2,1633.0,"[
    [
        [
            [0, [19, 12, 39, 37, 23, 17, 5, 1, 31, 22, 28, 25, 42, 41, 34, 27, 40, 33, 29, 20, 9]],
            [19, []],
            [12, []],
            [39, []],
            [37, []],
            [23, []],
            [17, []],
            [5, []],
            [1, []],
            [31, [47, 50, 44, 43]],
            [47, []],
            [22, []],
            [28, []],
            [25, []],
            [42, []],
            [41, []],
            [50, []],
            [34, []],
            [27, []],
            [40, []],
            [44, []],
            [33, []],
            [29, []],
            [20, []],
            [9, []],
            [43, []]
        ],
        [
            [0, [21, 16, 46, 30, 10, 45, 26, 35, 32, 3, 48, 11, 13, 4, 38, 18, 15, 6, 36, 14, 49, 7, 24, 8, 2]],
            [21, []],
            [16, []],
            [46, []],
            [30, []],
            [10, []],
            [45, []],
            [26, []],
            [35, []],
            [32, []],
            [3, []],
            [48, []],
            [11, []],
            [13, []],
            [4, []],
            [38, []],
            [18, []],
            [15, []],
            [6, []],
            [36, []],
            [14, []],
            [49, []],
            [7, []],
            [24, []],
            [8, []],
            [2, []]
        ]
    ],
    [
        [
            [31, [47, 50, 44, 43]]
        ]
    ]
]",,,1143.3112887414927,0,1,4.0,,,,,results/sol_best_RC101_3.dat_A4_L90_pid2676.txt,(not found),RC101_3.dat_A4_L90_r2.log
140,test_data/data_demand_random_50_batch_all1_equal_random/RC101_3.dat,4.0,90.0,3,1633.0,"[
    [
        [
            [0, [19, 12, 39, 37, 23, 17, 5, 1, 31, 22, 28, 25, 42, 41, 34, 27, 40, 33, 29, 20, 9]],
            [19, []],
            [12, []],
            [39, []],
            [37, []],
            [23, []],
            [17, []],
            [5, []],
            [1, []],
            [31, [47, 50, 44, 43]],
            [47, []],
            [22, []],
            [28, []],
            [25, []],
            [42, []],
            [41, []],
            [50, []],
            [34, []],
            [27, []],
            [40, []],
            [44, []],
            [33, []],
            [29, []],
            [20, []],
            [9, []],
            [43, []]
        ],
        [
            [0, [21, 16, 46, 30, 10, 45, 26, 35, 32, 3, 48, 11, 13, 4, 38, 18, 15, 6, 36, 14, 49, 7, 24, 8, 2]],
            [21, []],
            [16, []],
            [46, []],
            [30, []],
            [10, []],
            [45, []],
            [26, []],
            [35, []],
            [32, []],
            [3, []],
            [48, []],
            [11, []],
            [13, []],
            [4, []],
            [38, []],
            [18, []],
            [15, []],
            [6, []],
            [36, []],
            [14, []],
            [49, []],
            [7, []],
            [24, []],
            [8, []],
            [2, []]
        ]
    ],
    [
        [
            [31, [47, 50, 44, 43]]
        ]
    ]
]",,,1143.3112887414927,0,1,4.0,,,,,results/sol_best_RC101_3.dat_A4_L90_pid2677.txt,(not found),RC101_3.dat_A4_L90_r3.log
141,test_data/data_demand_random_50_batch_all1_equal_random/RC101_3.dat,4.0,120.0,1,1610.0,"[
    [
        [
            [0, [8, 2, 6, 36, 23, 1, 17, 5, 12, 31, 39, 37, 19, 28, 22, 41, 40, 27, 33, 42, 25, 29, 9, 20]],
            [8, []],
            [2, []],
            [6, []],
            [36, []],
            [23, []],
            [1, []],
            [47, []],
            [17, []],
            [5, []],
            [12, []],
            [31, []],
            [39, []],
            [37, []],
            [19, []],
            [28, []],
            [22, []],
            [41, []],
            [40, []],
            [44, []],
            [50, []],
            [27, []],
            [33, []],
            [42, []],
            [25, []],
            [29, []],
            [9, []],
            [20, []],
            [43, []]
        ],
        [
            [0, [21, 16, 46, 30, 34, 10, 45, 26, 35, 32, 3, 48, 11, 13, 4, 38, 18, 15, 14, 49, 7, 24]],
            [21, []],
            [16, []],
            [46, []],
            [30, []],
            [34, []],
            [10, []],
            [45, []],
            [26, []],
            [35, []],
            [32, []],
            [3, []],
            [48, []],
            [11, []],
            [13, []],
            [4, []],
            [38, []],
            [18, []],
            [15, [47, 50, 44, 43]],
            [14, []],
            [49, []],
            [7, []],
            [24, []]
        ]
    ],
    [
        [
            [15, [47, 50, 44, 43]]
        ]
    ]
]",,,1552.0,0,1,4.0,,,,,results/sol_best_RC101_3.dat_A4_L120_pid2770.txt,(not found),RC101_3.dat_A4_L120_r1.log
141,test_data/data_demand_random_50_batch_all1_equal_random/RC101_3.dat,4.0,120.0,2,1610.0,"[
    [
        [
            [0, [2, 6, 36, 23, 1, 39, 37, 17, 5, 12, 31, 19, 28, 22, 41, 40, 27, 33, 42, 25, 29, 9, 20]],
            [2, []],
            [6, []],
            [36, []],
            [23, []],
            [1, []],
            [39, []],
            [37, []],
            [47, []],
            [17, []],
            [5, []],
            [12, []],
            [31, []],
            [19, []],
            [28, []],
            [22, []],
            [41, []],
            [40, []],
            [44, []],
            [50, []],
            [27, []],
            [33, []],
            [42, []],
            [25, []],
            [29, []],
            [9, []],
            [20, []],
            [43, []]
        ],
        [
            [0, [21, 16, 46, 30, 34, 10, 45, 26, 35, 32, 3, 48, 11, 13, 4, 38, 18, 15, 14, 49, 7, 24, 8]],
            [21, []],
            [16, []],
            [46, []],
            [30, []],
            [34, []],
            [10, []],
            [45, []],
            [26, []],
            [35, []],
            [32, []],
            [3, []],
            [48, []],
            [11, []],
            [13, []],
            [4, []],
            [38, []],
            [18, []],
            [15, [47, 50, 44, 43]],
            [14, []],
            [49, []],
            [7, []],
            [24, []],
            [8, []]
        ]
    ],
    [
        [
            [15, [47, 50, 44, 43]]
        ]
    ]
]",,,1552.0,0,1,4.0,,,,,results/sol_best_RC101_3.dat_A4_L120_pid2772.txt,(not found),RC101_3.dat_A4_L120_r2.log
141,test_data/data_demand_random_50_batch_all1_equal_random/RC101_3.dat,4.0,120.0,3,1610.0,"[
    [
        [
            [0, [2, 6, 36, 23, 1, 37, 39, 17, 5, 12, 31, 19, 28, 22, 41, 40, 27, 33, 42, 25, 29, 9, 20]],
            [2, []],
            [6, []],
            [36, []],
            [23, []],
            [1, []],
            [37, []],
            [39, []],
            [47, []],
            [17, []],
            [5, []],
            [12, []],
            [31, []],
            [19, []],
            [28, []],
            [22, []],
            [41, []],
            [40, []],
            [44, []],
            [50, []],
            [27, []],
            [33, []],
            [42, []],
            [25, []],
            [29, []],
            [9, []],
            [20, []],
            [43, []]
        ],
        [
            [0, [21, 16, 46, 30, 34, 10, 45, 26, 35, 32, 3, 48, 11, 13, 4, 38, 18, 15, 14, 49, 7, 24, 8]],
            [21, []],
            [16, []],
            [46, []],
            [30, []],
            [34, []],
            [10, []],
            [45, []],
            [26, []],
            [35, []],
            [32, []],
            [3, []],
            [48, []],
            [11, []],
            [13, []],
            [4, []],
            [38, []],
            [18, []],
            [15, [47, 44, 50, 43]],
            [14, []],
            [49, []],
            [7, []],
            [24, []],
            [8, []]
        ]
    ],
    [
        [
            [15, [47, 44, 50, 43]]
        ]
    ]
]",,,1552.0,0,1,4.0,,,,,results/sol_best_RC101_3.dat_A4_L120_pid2773.txt,(not found),RC101_3.dat_A4_L120_r3.log
142,test_data/data_demand_random_50_batch_all1_equal_random/RC101_3.dat,8.0,60.0,1,1633.0,"[
    [
        [
            [0, [47, 39, 37, 1, 23, 17, 5, 12, 31, 19, 28, 22, 41, 29, 33, 42, 25, 9, 20, 43, 10, 27, 44, 40]],
            [47, []],
            [39, []],
            [37, []],
            [1, []],
            [23, []],
            [17, []],
            [5, []],
            [12, []],
            [31, []],
            [19, []],
            [28, []],
            [22, []],
            [41, []],
            [29, []],
            [33, []],
            [42, []],
            [25, []],
            [9, []],
            [20, []],
            [43, []],
            [10, []],
            [27, []],
            [44, []],
            [40, []]
        ],
        [
            [0, [21, 16, 46, 30, 34, 50, 45, 26, 35, 32, 3, 48, 11, 13, 4, 38, 18, 15, 6, 36, 14, 49, 7, 24, 8, 2]],
            [21, []],
            [16, []],
            [46, []],
            [30, []],
            [34, []],
            [50, []],
            [45, []],
            [26, []],
            [35, []],
            [32, []],
            [3, []],
            [48, []],
            [11, []],
            [13, []],
            [4, []],
            [38, []],
            [18, []],
            [15, []],
            [6, []],
            [36, []],
            [14, []],
            [49, []],
            [7, []],
            [24, []],
            [8, []],
            [2, []]
        ]
    ],
    [
    ]
]",,,0.0,0,0,0.0,,,,,results/sol_best_RC101_3.dat_A8_L60_pid2697.txt,(not found),RC101_3.dat_A8_L60_r1.log
142,test_data/data_demand_random_50_batch_all1_equal_random/RC101_3.dat,8.0,60.0,2,1641.0,"[
    [
        [
            [0, [12, 37, 39, 31, 19, 5, 17, 1, 23, 47, 28, 25, 42, 22, 41, 40, 44, 27, 33, 29, 9, 20, 43]],
            [12, []],
            [37, []],
            [39, []],
            [31, []],
            [19, []],
            [5, []],
            [17, []],
            [1, []],
            [23, []],
            [47, []],
            [28, []],
            [25, []],
            [42, []],
            [22, []],
            [41, []],
            [40, []],
            [44, []],
            [27, []],
            [33, []],
            [29, []],
            [9, []],
            [20, []],
            [43, []]
        ],
        [
            [0, [21, 16, 46, 30, 10, 34, 50, 45, 26, 35, 32, 3, 48, 11, 13, 4, 38, 18, 15, 6, 36, 14, 49, 7, 24, 8, 2]],
            [21, []],
            [16, []],
            [46, []],
            [30, []],
            [10, []],
            [34, []],
            [50, []],
            [45, []],
            [26, []],
            [35, []],
            [32, []],
            [3, []],
            [48, []],
            [11, []],
            [13, []],
            [4, []],
            [38, []],
            [18, []],
            [15, []],
            [6, []],
            [36, []],
            [14, []],
            [49, []],
            [7, []],
            [24, []],
            [8, []],
            [2, []]
        ]
    ],
    [
    ]
]",,,0.0,0,0,0.0,,,,,results/sol_best_RC101_3.dat_A8_L60_pid2699.txt,(not found),RC101_3.dat_A8_L60_r2.log
142,test_data/data_demand_random_50_batch_all1_equal_random/RC101_3.dat,8.0,60.0,3,1633.0,"[
    [
        [
            [0, [12, 19, 31, 39, 37, 1, 23, 47, 17, 5, 28, 25, 42, 22, 41, 40, 44, 50, 27, 33, 29, 9, 20, 43]],
            [12, []],
            [19, []],
            [31, []],
            [39, []],
            [37, []],
            [1, []],
            [23, []],
            [47, []],
            [17, []],
            [5, []],
            [28, []],
            [25, []],
            [42, []],
            [22, []],
            [41, []],
            [40, []],
            [44, []],
            [50, []],
            [27, []],
            [33, []],
            [29, []],
            [9, []],
            [20, []],
            [43, []]
        ],
        [
            [0, [21, 16, 46, 30, 34, 10, 45, 26, 35, 32, 3, 48, 11, 13, 4, 38, 18, 15, 6, 36, 14, 49, 7, 24, 8, 2]],
            [21, []],
            [16, []],
            [46, []],
            [30, []],
            [34, []],
            [10, []],
            [45, []],
            [26, []],
            [35, []],
            [32, []],
            [3, []],
            [48, []],
            [11, []],
            [13, []],
            [4, []],
            [38, []],
            [18, []],
            [15, []],
            [6, []],
            [36, []],
            [14, []],
            [49, []],
            [7, []],
            [24, []],
            [8, []],
            [2, []]
        ]
    ],
    [
    ]
]",,,0.0,0,0,0.0,,,,,results/sol_best_RC101_3.dat_A8_L60_pid2700.txt,(not found),RC101_3.dat_A8_L60_r3.log
143,test_data/data_demand_random_50_batch_all1_equal_random/RC101_3.dat,8.0,90.0,1,1625.0,"[
    [
        [
            [0, [2, 1, 6, 5]],
            [2, []],
            [34, []],
            [50, [12, 9]],
            [1, [17, 19, 22, 21, 20, 15, 23, 28, 27, 25, 29]],
            [6, []],
            [39, []],
            [37, []],
            [23, []],
            [17, []],
            [5, []],
            [12, []],
            [19, [39, 37, 42, 41, 40, 31, 33, 34]],
            [31, []],
            [47, []],
            [22, []],
            [28, []],
            [33, []],
            [42, []],
            [41, []],
            [21, []],
            [40, []],
            [44, []],
            [27, []],
            [25, []],
            [29, []],
            [20, []],
            [9, []],
            [43, []],
            [15, [47, 50, 44, 43]]
        ],
        [
            [0, [16, 46, 30, 10, 45, 26, 35, 32, 3, 48, 11, 13, 4, 38, 18, 36, 14, 49, 7, 24, 8]],
            [16, []],
            [46, []],
            [30, []],
            [10, []],
            [45, []],
            [26, []],
            [35, []],
            [32, []],
            [3, []],
            [48, []],
            [11, []],
            [13, []],
            [4, []],
            [38, []],
            [18, []],
            [36, []],
            [14, []],
            [49, []],
            [7, []],
            [24, []],
            [8, []]
        ]
    ],
    [
        [
            [50, [12, 9]]
        ],
        [
            [1, [17, 19, 22, 21, 20, 15]]
        ],
        [
            [1, [23, 28, 27, 25, 29]]
        ],
        [
            [19, [39, 37, 42, 41, 40, 31, 33, 34]]
        ],
        [
            [15, [47, 50, 44, 43]]
        ]
    ]
]",,,740.4186295721213,0,5,5.0,,,,,results/sol_best_RC101_3.dat_A8_L90_pid2695.txt,(not found),RC101_3.dat_A8_L90_r1.log
143,test_data/data_demand_random_50_batch_all1_equal_random/RC101_3.dat,8.0,90.0,2,1625.0,"[
    [
        [
            [0, [2, 6, 23, 17, 5, 12, 1, 19, 22, 28, 25, 27, 29, 20, 9, 15]],
            [2, []],
            [6, []],
            [39, [31, 33, 34]],
            [37, []],
            [23, []],
            [17, []],
            [5, []],
            [12, []],
            [31, []],
            [47, []],
            [1, []],
            [19, [39, 37, 42, 41, 40]],
            [22, []],
            [28, []],
            [25, []],
            [42, []],
            [41, []],
            [40, []],
            [44, []],
            [50, []],
            [34, []],
            [27, []],
            [33, []],
            [29, []],
            [20, []],
            [9, []],
            [43, []],
            [15, [47, 44, 50, 43]]
        ],
        [
            [0, [21, 16, 46, 30, 10, 45, 26, 35, 32, 3, 48, 11, 13, 4, 38, 18, 36, 14, 49, 7, 24, 8]],
            [21, []],
            [16, []],
            [46, []],
            [30, []],
            [10, []],
            [45, []],
            [26, []],
            [35, []],
            [32, []],
            [3, []],
            [48, []],
            [11, []],
            [13, []],
            [4, []],
            [38, []],
            [18, []],
            [36, []],
            [14, []],
            [49, []],
            [7, []],
            [24, []],
            [8, []]
        ]
    ],
    [
        [
            [39, [31, 33, 34]]
        ],
        [
            [19, [39, 37, 42, 41, 40]]
        ],
        [
            [15, [47, 44, 50, 43]]
        ]
    ]
]",,,1092.1861973498833,0,3,4.0,,,,,results/sol_best_RC101_3.dat_A8_L90_pid2697.txt,(not found),RC101_3.dat_A8_L90_r2.log
143,test_data/data_demand_random_50_batch_all1_equal_random/RC101_3.dat,8.0,90.0,3,1625.0,"[
    [
        [
            [0, [2, 1, 6, 5]],
            [2, []],
            [34, []],
            [50, [12, 9]],
            [1, [17, 19, 22, 21, 20, 15, 23, 28, 27, 25, 29]],
            [6, []],
            [39, []],
            [37, []],
            [23, []],
            [17, []],
            [5, []],
            [12, []],
            [19, [39, 37, 42, 41, 40, 31, 33, 34]],
            [31, []],
            [47, []],
            [22, []],
            [28, []],
            [25, []],
            [42, []],
            [41, []],
            [21, []],
            [40, []],
            [44, []],
            [27, []],
            [33, []],
            [29, []],
            [20, []],
            [9, []],
            [43, []],
            [15, [47, 50, 44, 43]]
        ],
        [
            [0, [16, 46, 30, 10, 45, 26, 35, 32, 3, 48, 11, 13, 4, 38, 18, 36, 14, 49, 7, 24, 8]],
            [16, []],
            [46, []],
            [30, []],
            [10, []],
            [45, []],
            [26, []],
            [35, []],
            [32, []],
            [3, []],
            [48, []],
            [11, []],
            [13, []],
            [4, []],
            [38, []],
            [18, []],
            [36, []],
            [14, []],
            [49, []],
            [7, []],
            [24, []],
            [8, []]
        ]
    ],
    [
        [
            [50, [12, 9]]
        ],
        [
            [1, [17, 19, 22, 21, 20, 15]]
        ],
        [
            [1, [23, 28, 27, 25, 29]]
        ],
        [
            [19, [39, 37, 42, 41, 40, 31, 33, 34]]
        ],
        [
            [15, [47, 50, 44, 43]]
        ]
    ]
]",,,734.8186295721213,0,5,5.0,,,,,results/sol_best_RC101_3.dat_A8_L90_pid2698.txt,(not found),RC101_3.dat_A8_L90_r3.log
144,test_data/data_demand_random_50_batch_all1_equal_random/RC101_3.dat,8.0,120.0,1,1625.0,"[
    [
        [
            [0, [2, 22, 12, 17, 5, 1, 19, 9, 20, 15]],
            [2, []],
            [22, [23, 28, 27, 25, 29]],
            [12, []],
            [39, [31, 33, 34]],
            [37, []],
            [23, []],
            [17, []],
            [5, []],
            [1, []],
            [31, []],
            [47, []],
            [19, [39, 37, 42, 41, 40]],
            [28, []],
            [25, []],
            [42, []],
            [41, []],
            [40, []],
            [44, []],
            [50, []],
            [34, []],
            [27, []],
            [33, []],
            [29, []],
            [9, []],
            [20, []],
            [43, []],
            [15, [47, 44, 50, 43]]
        ],
        [
            [0, [21, 16, 46, 30, 10, 45, 26, 35, 32, 3, 48, 11, 13, 4, 38, 18, 6, 36, 14, 49, 7, 24, 8]],
            [21, []],
            [16, []],
            [46, []],
            [30, []],
            [10, []],
            [45, []],
            [26, []],
            [35, []],
            [32, []],
            [3, []],
            [48, []],
            [11, []],
            [13, []],
            [4, []],
            [38, []],
            [18, []],
            [6, []],
            [36, []],
            [14, []],
            [49, []],
            [7, []],
            [24, []],
            [8, []]
        ]
    ],
    [
        [
            [22, [23, 28, 27, 25, 29]]
        ],
        [
            [39, [31, 33, 34]]
        ],
        [
            [19, [39, 37, 42, 41, 40]]
        ],
        [
            [15, [47, 44, 50, 43]]
        ]
    ]
]",,,921.9650609150859,0,4,4.25,,,,,results/sol_best_RC101_3.dat_A8_L120_pid2749.txt,(not found),RC101_3.dat_A8_L120_r1.log
144,test_data/data_demand_random_50_batch_all1_equal_random/RC101_3.dat,8.0,120.0,2,1625.0,"[
    [
        [
            [0, [2, 1, 6, 17, 12, 19, 5, 22, 9, 20, 18, 15]],
            [2, []],
            [1, [23, 28, 27, 25, 29]],
            [6, []],
            [39, []],
            [37, []],
            [23, []],
            [17, []],
            [47, []],
            [12, []],
            [19, [39, 37, 42, 41, 40, 31, 33, 34]],
            [31, []],
            [5, []],
            [22, []],
            [28, []],
            [25, []],
            [42, []],
            [41, []],
            [40, []],
            [44, []],
            [50, []],
            [34, []],
            [27, []],
            [33, []],
            [29, []],
            [9, []],
            [20, []],
            [43, []],
            [18, []],
            [15, [47, 44, 50, 43]]
        ],
        [
            [0, [21, 16, 46, 30, 10, 45, 26, 35, 32, 3, 48, 11, 13, 4, 38, 36, 14, 49, 7, 24, 8]],
            [21, []],
            [16, []],
            [46, []],
            [30, []],
            [10, []],
            [45, []],
            [26, []],
            [35, []],
            [32, []],
            [3, []],
            [48, []],
            [11, []],
            [13, []],
            [4, []],
            [38, []],
            [36, []],
            [14, []],
            [49, []],
            [7, []],
            [24, []],
            [8, []]
        ]
    ],
    [
        [
            [1, [23, 28, 27, 25, 29]]
        ],
        [
            [19, [39, 37, 42, 41, 40, 31, 33, 34]]
        ],
        [
            [15, [47, 44, 50, 43]]
        ]
    ]
]",,,993.8021337742643,0,3,5.666666666666667,,,,,results/sol_best_RC101_3.dat_A8_L120_pid2751.txt,(not found),RC101_3.dat_A8_L120_r2.log
144,test_data/data_demand_random_50_batch_all1_equal_random/RC101_3.dat,8.0,120.0,3,1625.0,"[
    [
        [
            [0, [2, 6, 1, 5]],
            [34, []],
            [2, [12, 9]],
            [6, []],
            [50, [15]],
            [1, [17, 19, 22, 20, 23, 28, 27, 25, 29]],
            [39, []],
            [37, []],
            [23, []],
            [17, []],
            [47, []],
            [31, []],
            [19, [39, 37, 42, 41, 40, 31, 33, 34]],
            [12, []],
            [5, []],
            [22, []],
            [28, []],
            [25, []],
            [42, []],
            [41, []],
            [40, []],
            [44, []],
            [27, []],
            [33, []],
            [29, []],
            [9, []],
            [20, []],
            [43, []],
            [15, [47, 50, 44, 43]]
        ],
        [
            [0, [21, 16, 46, 30, 10, 45, 26, 35, 32, 3, 48, 11, 13, 4, 38, 18, 14, 36, 49, 7, 24, 8]],
            [21, []],
            [16, []],
            [46, []],
            [30, []],
            [10, []],
            [45, []],
            [26, []],
            [35, []],
            [32, []],
            [3, []],
            [48, []],
            [11, []],
            [13, []],
            [4, []],
            [38, []],
            [18, []],
            [14, []],
            [36, []],
            [49, []],
            [7, []],
            [24, []],
            [8, []]
        ]
    ],
    [
        [
            [2, [12, 9]]
        ],
        [
            [50, [15]]
        ],
        [
            [1, [17, 19, 22, 20]]
        ],
        [
            [1, [23, 28, 27, 25, 29]]
        ],
        [
            [19, [39, 37, 42, 41, 40, 31, 33, 34]]
        ],
        [
            [15, [47, 50, 44, 43]]
        ]
    ]
]",,,805.8583740244204,0,6,4.0,,,,,results/sol_best_RC101_3.dat_A8_L120_pid2752.txt,(not found),RC101_3.dat_A8_L120_r3.log
