job_id,instance,A,L,run_index,best_fitness,best_solution,best_multi_fitness,best_multi_solution,best_drone_avg_trip_time,best_multi_visit_trip_count,best_drone_trip_count,best_avg_customers_per_trip,best_multi_drone_avg_trip_time,best_multi_multi_visit_trip_count,best_multi_drone_trip_count,best_multi_avg_customers_per_trip,best_solution_file,best_multi_solution_file,log
1,test_data/data_demand_random_50_batch_all1_equal_cluster/C101_0.5.dat,4.0,60.0,1,471.0,"[
    [
        [
            [0, [11, 8, 9, 10, 31, 32, 12, 14, 13, 29, 30, 33, 16, 7, 5, 15, 4, 3, 2, 1, 28, 27, 26, 25, 24, 23, 22]],
            [11, []],
            [8, [36, 35, 37, 38]],
            [9, []],
            [10, []],
            [31, []],
            [32, []],
            [12, []],
            [14, [48, 49, 47]],
            [13, []],
            [29, []],
            [30, []],
            [49, []],
            [48, []],
            [47, []],
            [33, []],
            [16, []],
            [7, []],
            [5, []],
            [15, []],
            [4, []],
            [3, []],
            [2, []],
            [1, []],
            [36, []],
            [35, []],
            [28, []],
            [37, []],
            [38, []],
            [27, []],
            [26, []],
            [25, []],
            [24, []],
            [23, []],
            [22, []]
        ],
        [
            [0, [18, 21, 39, 40, 41, 42, 43, 50, 20, 19, 44, 45, 46, 34, 17, 6]],
            [18, []],
            [21, []],
            [39, []],
            [40, []],
            [41, []],
            [42, []],
            [43, []],
            [50, []],
            [20, []],
            [19, []],
            [44, []],
            [45, []],
            [46, []],
            [34, []],
            [17, []],
            [6, []]
        ]
    ],
    [
        [
            [8, [36, 35, 37, 38]]
        ],
        [
            [14, [48, 49, 47]]
        ]
    ]
]",512.0,"[
    [
        [
            [0, [13, 12, 14, 10, 9, 8, 11, 5, 15, 4, 3, 2, 26, 25, 24, 27, 23, 22, 28, 1]],
            [13, []],
            [12, [31, 32, 30, 29]],
            [31, []],
            [32, []],
            [14, []],
            [10, []],
            [9, [38, 36, 35]],
            [8, []],
            [11, []],
            [29, []],
            [30, [48, 49, 37]],
            [48, []],
            [49, []],
            [5, []],
            [15, []],
            [4, []],
            [3, []],
            [2, []],
            [26, []],
            [25, []],
            [24, []],
            [38, []],
            [27, []],
            [23, []],
            [22, []],
            [35, []],
            [28, []],
            [37, []],
            [36, []],
            [1, []]
        ],
        [
            [0, [6, 39, 21, 40, 41, 42, 43, 50, 20, 19, 17, 46, 47, 45, 44, 34, 33, 16, 7]],
            [6, [18]],
            [18, []],
            [39, []],
            [21, []],
            [40, []],
            [41, []],
            [42, []],
            [43, []],
            [50, []],
            [20, []],
            [19, []],
            [17, []],
            [46, []],
            [47, []],
            [45, []],
            [44, []],
            [34, []],
            [33, []],
            [16, []],
            [7, []]
        ]
    ],
    [
        [
            [12, [31, 32, 30, 29]]
        ],
        [
            [9, [38, 36, 35]]
        ],
        [
            [6, [18]],
            [30, [48, 49, 37]]
        ]
    ]
]",138.61624859633167,0,2,3.5,152.41410291818983,1,3,3.6666666666666665,results/sol_best_C101_0.5.dat_A4_L60_pid2771.txt,results/sol_best_multi_C101_0.5.dat_A4_L60_pid2771.txt,C101_0.5.dat_A4_L60_r1.log
1,test_data/data_demand_random_50_batch_all1_equal_cluster/C101_0.5.dat,4.0,60.0,2,491.0,"[
    [
        [
            [0, [11, 9, 8, 10, 31, 32, 12, 14, 13, 29, 30, 49, 48, 47, 46, 16, 15, 4, 3, 1, 35, 36, 37, 28, 38, 27, 26, 25, 24, 23, 22]],
            [11, []],
            [9, []],
            [8, []],
            [10, []],
            [31, []],
            [32, []],
            [12, []],
            [14, []],
            [13, []],
            [29, []],
            [30, []],
            [49, []],
            [48, []],
            [47, []],
            [46, []],
            [16, []],
            [15, []],
            [4, []],
            [3, []],
            [1, []],
            [35, []],
            [36, []],
            [37, []],
            [28, []],
            [38, []],
            [27, []],
            [26, []],
            [25, []],
            [24, []],
            [23, []],
            [22, []]
        ],
        [
            [0, [6, 21, 39, 40, 41, 42, 43, 50, 20, 19, 18, 17, 45, 44, 34, 33, 7, 5, 2]],
            [6, []],
            [21, []],
            [39, []],
            [40, []],
            [41, []],
            [42, []],
            [43, []],
            [50, []],
            [20, []],
            [19, []],
            [18, []],
            [17, []],
            [45, []],
            [44, []],
            [34, []],
            [33, []],
            [7, []],
            [5, []],
            [2, []]
        ]
    ],
    [
    ]
]",,,0.0,0,0,0.0,,,,,results/sol_best_C101_0.5.dat_A4_L60_pid2772.txt,(not found),C101_0.5.dat_A4_L60_r2.log
2,test_data/data_demand_random_50_batch_all1_equal_cluster/C101_0.5.dat,4.0,90.0,1,468.0,"[
    [
        [
            [0, [13, 11, 9, 8, 10, 12, 14, 4, 3, 1, 28, 27, 26, 25, 24, 23, 22]],
            [13, [32, 31, 29, 30]],
            [29, []],
            [11, [37, 38, 36, 35]],
            [9, []],
            [8, []],
            [10, []],
            [31, []],
            [32, [46, 47, 48, 49]],
            [12, []],
            [14, []],
            [30, []],
            [46, []],
            [47, []],
            [48, []],
            [49, []],
            [4, []],
            [3, []],
            [1, []],
            [35, []],
            [28, []],
            [27, []],
            [38, []],
            [26, []],
            [25, []],
            [24, []],
            [23, []],
            [37, []],
            [36, []],
            [22, []]
        ],
        [
            [0, [6, 18, 19, 21, 39, 40, 41, 42, 43, 20, 34, 33, 17, 15, 16, 7, 5, 2]],
            [6, []],
            [18, []],
            [19, []],
            [21, []],
            [39, [50, 45, 44]],
            [40, []],
            [41, []],
            [42, []],
            [43, []],
            [50, []],
            [20, []],
            [44, []],
            [45, []],
            [34, []],
            [33, []],
            [17, []],
            [15, []],
            [16, []],
            [7, []],
            [5, []],
            [2, []]
        ]
    ],
    [
        [
            [13, [32, 31, 29, 30]]
        ],
        [
            [11, [37, 38, 36, 35]]
        ],
        [
            [32, [46, 47, 48, 49]]
        ],
        [
            [39, [50, 45, 44]]
        ]
    ]
]",,,150.58726875151174,0,4,3.75,,,,,results/sol_best_C101_0.5.dat_A4_L90_pid2693.txt,(not found),C101_0.5.dat_A4_L90_r1.log
2,test_data/data_demand_random_50_batch_all1_equal_cluster/C101_0.5.dat,4.0,90.0,2,471.0,"[
    [
        [
            [0, [8, 13, 14, 12, 10, 9, 11, 15, 16, 4, 3, 28, 27, 26, 25, 24, 23, 22, 1]],
            [8, [32, 31, 29, 30]],
            [13, []],
            [14, [36, 35, 38, 37]],
            [12, []],
            [32, []],
            [31, []],
            [10, [46, 47, 48, 49]],
            [9, []],
            [11, []],
            [29, []],
            [30, []],
            [46, []],
            [47, []],
            [48, []],
            [49, []],
            [15, []],
            [16, []],
            [4, []],
            [3, []],
            [36, []],
            [37, []],
            [38, []],
            [28, []],
            [27, []],
            [26, []],
            [25, []],
            [24, []],
            [23, []],
            [22, []],
            [35, []],
            [1, []]
        ],
        [
            [0, [6, 18, 39, 21, 40, 41, 42, 43, 50, 20, 19, 45, 44, 34, 33, 17, 7, 5, 2]],
            [6, []],
            [18, []],
            [39, []],
            [21, []],
            [40, []],
            [41, []],
            [42, []],
            [43, []],
            [50, []],
            [20, []],
            [19, []],
            [45, []],
            [44, []],
            [34, []],
            [33, []],
            [17, []],
            [7, []],
            [5, []],
            [2, []]
        ]
    ],
    [
        [
            [8, [32, 31, 29, 30]]
        ],
        [
            [14, [36, 35, 38, 37]]
        ],
        [
            [10, [46, 47, 48, 49]]
        ]
    ]
]",493.0,"[
    [
        [
            [0, [8, 11, 13, 14, 12, 9, 10, 4, 3, 27, 26, 25, 24, 23, 22, 1]],
            [8, [32, 31, 29, 30]],
            [11, []],
            [13, []],
            [14, [36, 35, 38, 37]],
            [12, []],
            [31, []],
            [32, []],
            [9, [46, 47, 48, 49]],
            [10, []],
            [29, []],
            [30, []],
            [46, []],
            [47, []],
            [48, []],
            [49, []],
            [4, [28]],
            [3, []],
            [36, []],
            [38, []],
            [37, []],
            [28, []],
            [27, []],
            [26, []],
            [25, []],
            [24, []],
            [23, []],
            [22, []],
            [35, []],
            [1, []]
        ],
        [
            [0, [6, 18, 39, 19, 21, 40, 41, 42, 43, 20, 34, 33, 17, 16, 15, 7, 5, 2]],
            [6, []],
            [18, []],
            [39, []],
            [19, []],
            [21, []],
            [40, []],
            [41, []],
            [42, []],
            [43, []],
            [50, [50]],
            [20, [45, 44]],
            [44, []],
            [45, []],
            [34, []],
            [33, []],
            [17, []],
            [16, []],
            [15, []],
            [7, []],
            [5, []],
            [2, []]
        ]
    ],
    [
        [
            [8, [32, 31, 29, 30]]
        ],
        [
            [14, [36, 35, 38, 37]]
        ],
        [
            [9, [46, 47, 48, 49]]
        ],
        [
            [50, [50]]
        ],
        [
            [20, [45, 44]],
            [4, [28]]
        ]
    ]
]",122.11442248964606,0,3,4.0,197.13366028615062,1,5,3.2,results/sol_best_C101_0.5.dat_A4_L90_pid2694.txt,results/sol_best_multi_C101_0.5.dat_A4_L90_pid2694.txt,C101_0.5.dat_A4_L90_r2.log
3,test_data/data_demand_random_50_batch_all1_equal_cluster/C101_0.5.dat,4.0,120.0,1,480.0,"[
    [
        [
            [0, [11, 13, 14, 12, 10, 32, 31, 9, 8, 29, 30, 4, 3, 36, 35, 28, 37, 38, 27, 26, 25, 24, 23, 22, 1]],
            [11, []],
            [13, []],
            [14, []],
            [12, []],
            [10, [46, 47, 48, 49]],
            [32, []],
            [31, []],
            [9, []],
            [8, []],
            [29, []],
            [30, []],
            [46, []],
            [47, []],
            [48, []],
            [49, []],
            [4, []],
            [3, []],
            [36, []],
            [35, []],
            [28, []],
            [37, []],
            [38, []],
            [27, []],
            [26, []],
            [25, []],
            [24, []],
            [23, []],
            [22, []],
            [1, []]
        ],
        [
            [0, [2, 5, 7, 21, 39, 40, 41, 42, 43, 20, 19, 18, 17, 34, 33, 16, 15, 6]],
            [2, []],
            [5, [50, 45, 44]],
            [7, []],
            [21, []],
            [39, []],
            [40, []],
            [41, []],
            [42, []],
            [43, []],
            [50, []],
            [20, []],
            [19, []],
            [18, []],
            [17, []],
            [45, []],
            [44, []],
            [34, []],
            [33, []],
            [16, []],
            [15, []],
            [6, []]
        ]
    ],
    [
        [
            [10, [46, 47, 48, 49]]
        ],
        [
            [5, [50, 45, 44]]
        ]
    ]
]",480.0,"[
    [
        [
            [0, [13, 14, 12, 32, 31, 10, 9, 11, 29, 30, 4, 3, 1, 36, 35, 28, 37, 38, 27, 26, 25, 24, 23, 22]],
            [13, []],
            [14, []],
            [12, []],
            [32, []],
            [31, []],
            [10, []],
            [9, [46, 47, 48, 49]],
            [8, [8]],
            [11, []],
            [29, []],
            [30, []],
            [46, []],
            [47, []],
            [48, []],
            [49, []],
            [4, []],
            [3, []],
            [1, []],
            [36, []],
            [35, []],
            [28, []],
            [37, []],
            [38, []],
            [27, []],
            [26, []],
            [25, []],
            [24, []],
            [23, []],
            [22, []]
        ],
        [
            [0, [2, 5, 7, 21, 39, 40, 41, 42, 43, 20, 19, 18, 17, 34, 33, 16, 15, 6]],
            [2, []],
            [5, [50, 45, 44]],
            [7, []],
            [21, []],
            [39, []],
            [40, []],
            [41, []],
            [42, []],
            [43, []],
            [50, []],
            [20, []],
            [19, []],
            [18, []],
            [17, []],
            [45, []],
            [44, []],
            [34, []],
            [33, []],
            [16, []],
            [15, []],
            [6, []]
        ]
    ],
    [
        [
            [9, [46, 47, 48, 49]]
        ],
        [
            [5, [50, 45, 44]],
            [8, [8]]
        ]
    ]
]",152.1217581133482,0,2,3.5,174.62863072350933,1,2,4.0,results/sol_best_C101_0.5.dat_A4_L120_pid2812.txt,results/sol_best_multi_C101_0.5.dat_A4_L120_pid2812.txt,C101_0.5.dat_A4_L120_r1.log
3,test_data/data_demand_random_50_batch_all1_equal_cluster/C101_0.5.dat,4.0,120.0,2,472.0,"[
    [
        [
            [0, [11, 13, 14, 12, 32, 31, 10, 8, 9, 29, 30, 4, 3, 28, 27, 26, 25, 24, 23, 22, 1]],
            [11, [36, 35, 38, 37]],
            [13, []],
            [14, []],
            [12, []],
            [32, []],
            [31, []],
            [10, [46, 47, 48, 49]],
            [8, []],
            [9, []],
            [29, []],
            [30, []],
            [46, [15]],
            [47, []],
            [48, []],
            [49, []],
            [15, []],
            [4, []],
            [3, []],
            [36, []],
            [35, []],
            [28, []],
            [37, []],
            [38, []],
            [27, []],
            [26, []],
            [25, []],
            [24, []],
            [23, []],
            [22, []],
            [1, []]
        ],
        [
            [0, [6, 18, 19, 21, 39, 40, 41, 42, 43, 20, 17, 34, 33, 16, 7, 5, 2]],
            [6, []],
            [18, []],
            [19, [50, 45, 44]],
            [21, []],
            [39, []],
            [40, []],
            [41, []],
            [42, []],
            [43, []],
            [50, []],
            [20, []],
            [17, []],
            [34, []],
            [45, []],
            [44, []],
            [33, []],
            [16, []],
            [7, []],
            [5, []],
            [2, []]
        ]
    ],
    [
        [
            [11, [36, 35, 38, 37]]
        ],
        [
            [10, [46, 47, 48, 49]]
        ],
        [
            [19, [50, 45, 44]],
            [46, [15]]
        ]
    ]
]",472.0,"[
    [
        [
            [0, [11, 13, 14, 12, 32, 31, 10, 8, 9, 29, 30, 4, 3, 28, 27, 26, 25, 24, 23, 22, 1]],
            [11, [36, 35, 38, 37]],
            [13, []],
            [14, []],
            [12, []],
            [32, []],
            [31, []],
            [10, [46, 47, 48, 49]],
            [8, []],
            [9, []],
            [29, []],
            [30, []],
            [46, [15]],
            [47, []],
            [48, []],
            [49, []],
            [15, []],
            [4, []],
            [3, []],
            [36, []],
            [35, []],
            [28, []],
            [37, []],
            [38, []],
            [27, []],
            [26, []],
            [25, []],
            [24, []],
            [23, []],
            [22, []],
            [1, []]
        ],
        [
            [0, [6, 18, 19, 21, 39, 40, 41, 42, 43, 20, 17, 34, 33, 16, 7, 5, 2]],
            [6, []],
            [18, []],
            [19, [50, 45, 44]],
            [21, []],
            [39, []],
            [40, []],
            [41, []],
            [42, []],
            [43, []],
            [50, []],
            [20, []],
            [17, []],
            [34, []],
            [45, []],
            [44, []],
            [33, []],
            [16, []],
            [7, []],
            [5, []],
            [2, []]
        ]
    ],
    [
        [
            [11, [36, 35, 38, 37]]
        ],
        [
            [10, [46, 47, 48, 49]]
        ],
        [
            [19, [50, 45, 44]],
            [46, [15]]
        ]
    ]
]",174.72209434363822,1,3,4.0,174.72209434363822,1,3,4.0,results/sol_best_C101_0.5.dat_A4_L120_pid2813.txt,results/sol_best_multi_C101_0.5.dat_A4_L120_pid2813.txt,C101_0.5.dat_A4_L120_r2.log
4,test_data/data_demand_random_50_batch_all1_equal_cluster/C101_0.5.dat,8.0,60.0,1,463.0,"[
    [
        [
            [0, [8, 9, 10, 11, 12, 13, 14, 7, 5, 4, 1]],
            [8, []],
            [9, []],
            [10, []],
            [11, [27, 28, 26, 23, 25, 24, 22, 17]],
            [31, [32, 31, 29, 30]],
            [32, []],
            [12, []],
            [13, []],
            [14, []],
            [29, []],
            [30, [49, 37, 38, 36, 35, 48, 47, 34]],
            [49, []],
            [48, []],
            [47, []],
            [34, []],
            [17, []],
            [16, [16]],
            [7, []],
            [5, []],
            [4, []],
            [36, []],
            [37, []],
            [28, []],
            [27, []],
            [38, []],
            [26, []],
            [25, []],
            [24, []],
            [23, []],
            [22, []],
            [35, []],
            [1, []]
        ],
        [
            [0, [2, 3, 15, 33, 46, 45, 44, 20, 50, 43, 42, 41, 40, 39, 21, 19, 18, 6]],
            [2, []],
            [3, []],
            [15, []],
            [33, []],
            [46, []],
            [45, []],
            [44, []],
            [20, []],
            [50, []],
            [43, []],
            [42, []],
            [41, []],
            [40, []],
            [39, []],
            [21, []],
            [19, []],
            [18, []],
            [6, []]
        ]
    ],
    [
        [
            [11, [27, 28, 26, 23, 25, 24, 22, 17]]
        ],
        [
            [31, [32, 31, 29, 30]]
        ],
        [
            [30, [49, 37, 38, 36, 35, 48, 47, 34]]
        ],
        [
            [16, [16]]
        ]
    ]
]",,,149.5121173858318,0,4,5.25,,,,,results/sol_best_C101_0.5.dat_A8_L60_pid2806.txt,(not found),C101_0.5.dat_A8_L60_r1.log
4,test_data/data_demand_random_50_batch_all1_equal_cluster/C101_0.5.dat,8.0,60.0,2,483.0,"[
    [
        [
            [0, [11, 9, 8, 10, 31, 32, 12, 14, 13, 29, 30, 34, 33, 15, 16, 7, 5, 6, 2, 4, 3, 28, 27, 26, 25, 24, 23, 22]],
            [11, []],
            [9, []],
            [8, []],
            [10, []],
            [31, []],
            [32, []],
            [12, []],
            [14, []],
            [13, []],
            [29, [48, 49, 37, 38, 36, 35]],
            [30, []],
            [49, []],
            [48, []],
            [34, []],
            [33, []],
            [15, []],
            [16, []],
            [7, []],
            [5, []],
            [6, []],
            [2, []],
            [4, []],
            [3, []],
            [36, []],
            [35, []],
            [28, []],
            [37, []],
            [38, []],
            [27, []],
            [26, []],
            [25, []],
            [24, []],
            [23, []],
            [22, []]
        ],
        [
            [0, [1, 18, 39, 21, 40, 41, 42, 43, 50, 20, 19, 44, 45, 47, 46, 17]],
            [1, []],
            [18, []],
            [39, []],
            [21, []],
            [40, []],
            [41, []],
            [42, []],
            [43, []],
            [50, []],
            [20, []],
            [19, []],
            [44, []],
            [45, []],
            [47, []],
            [46, []],
            [17, []]
        ]
    ],
    [
        [
            [29, [48, 49, 37, 38, 36, 35]]
        ]
    ]
]",491.0,"[
    [
        [
            [0, [11, 10, 9, 8, 31, 32, 12, 14, 13, 29, 30, 34, 33, 15, 16, 7, 5, 6, 2, 4, 3, 28, 27, 26, 25, 24, 23, 22]],
            [11, []],
            [10, []],
            [9, []],
            [8, []],
            [31, []],
            [32, []],
            [12, []],
            [14, []],
            [13, []],
            [29, [48, 49, 37, 38, 36, 35]],
            [30, []],
            [49, []],
            [48, []],
            [34, []],
            [33, []],
            [15, []],
            [16, []],
            [7, []],
            [5, []],
            [6, []],
            [2, []],
            [4, []],
            [3, []],
            [36, []],
            [35, []],
            [28, []],
            [37, []],
            [38, []],
            [27, []],
            [26, []],
            [25, []],
            [24, []],
            [23, []],
            [22, []]
        ],
        [
            [0, [1, 39, 21, 40, 41, 42, 43, 50, 20, 19, 44, 45, 47, 46, 17]],
            [1, [18]],
            [18, []],
            [39, []],
            [21, []],
            [40, []],
            [41, []],
            [42, []],
            [43, []],
            [50, []],
            [20, []],
            [19, []],
            [44, []],
            [45, []],
            [47, []],
            [46, []],
            [17, []]
        ]
    ],
    [
        [
            [1, [18]],
            [29, [48, 49, 37, 38, 36, 35]]
        ]
    ]
]",168.76305461424022,0,1,6.0,176.76305461424022,1,1,7.0,results/sol_best_C101_0.5.dat_A8_L60_pid2807.txt,results/sol_best_multi_C101_0.5.dat_A8_L60_pid2807.txt,C101_0.5.dat_A8_L60_r2.log
5,test_data/data_demand_random_50_batch_all1_equal_cluster/C101_0.5.dat,8.0,90.0,1,442.53,"[
    [
        [
            [0, [4]],
            [12, [12, 9, 8, 10, 13, 14, 11]],
            [9, []],
            [8, []],
            [10, [28, 27, 26, 25, 24, 23, 22]],
            [13, []],
            [14, [36, 35, 38, 37, 31, 32, 29, 30]],
            [32, []],
            [31, []],
            [11, [46, 47, 48, 49]],
            [29, []],
            [30, []],
            [46, []],
            [47, []],
            [48, []],
            [49, []],
            [4, []],
            [36, []],
            [35, []],
            [28, []],
            [37, []],
            [38, []],
            [27, []],
            [26, []],
            [25, []],
            [24, []],
            [23, []],
            [22, []]
        ],
        [
            [0, [5, 2, 7, 6]],
            [3, [3]],
            [1, [21, 20, 19, 18, 17, 16, 15, 1]],
            [5, []],
            [2, []],
            [7, []],
            [21, [50, 45, 44, 39, 40, 41, 42, 43]],
            [39, []],
            [40, []],
            [41, []],
            [42, []],
            [43, []],
            [50, [34, 33]],
            [20, []],
            [19, []],
            [18, []],
            [17, []],
            [45, []],
            [44, []],
            [34, []],
            [33, []],
            [16, []],
            [15, []],
            [6, []]
        ]
    ],
    [
        [
            [3, [3]],
            [12, [12, 9, 8, 10, 13, 14, 11]]
        ],
        [
            [1, [21, 20, 19, 18, 17, 16, 15, 1]]
        ],
        [
            [10, [28, 27, 26, 25, 24, 23, 22]]
        ],
        [
            [14, [36, 35, 38, 37, 31, 32, 29, 30]]
        ],
        [
            [21, [50, 45, 44, 39, 40, 41, 42, 43]]
        ],
        [
            [11, [46, 47, 48, 49]]
        ],
        [
            [50, [34, 33]]
        ]
    ]
]",442.52610922848,"[
    [
        [
            [0, [4]],
            [12, [12, 9, 8, 10, 13, 14, 11]],
            [9, []],
            [8, []],
            [10, [28, 27, 26, 25, 24, 23, 22]],
            [13, []],
            [14, [36, 35, 38, 37, 31, 32, 29, 30]],
            [32, []],
            [31, []],
            [11, [46, 47, 48, 49]],
            [29, []],
            [30, []],
            [46, []],
            [47, []],
            [48, []],
            [49, []],
            [4, []],
            [36, []],
            [35, []],
            [28, []],
            [37, []],
            [38, []],
            [27, []],
            [26, []],
            [25, []],
            [24, []],
            [23, []],
            [22, []]
        ],
        [
            [0, [5, 2, 7, 6]],
            [3, [3]],
            [1, [21, 20, 19, 18, 17, 16, 15, 1]],
            [5, []],
            [2, []],
            [7, []],
            [21, [50, 45, 44, 39, 40, 41, 42, 43]],
            [39, []],
            [40, []],
            [41, []],
            [42, []],
            [43, []],
            [50, [34, 33]],
            [20, []],
            [19, []],
            [18, []],
            [17, []],
            [45, []],
            [44, []],
            [34, []],
            [33, []],
            [16, []],
            [15, []],
            [6, []]
        ]
    ],
    [
        [
            [3, [3]],
            [12, [12, 9, 8, 10, 13, 14, 11]]
        ],
        [
            [1, [21, 20, 19, 18, 17, 16, 15, 1]]
        ],
        [
            [10, [28, 27, 26, 25, 24, 23, 22]]
        ],
        [
            [14, [36, 35, 38, 37, 31, 32, 29, 30]]
        ],
        [
            [21, [50, 45, 44, 39, 40, 41, 42, 43]]
        ],
        [
            [11, [46, 47, 48, 49]]
        ],
        [
            [50, [34, 33]]
        ]
    ]
]",110.83665307645352,1,7,6.428571428571429,110.83665307645352,1,7,6.428571428571429,results/sol_best_C101_0.5.dat_A8_L90_pid2665.txt,results/sol_best_multi_C101_0.5.dat_A8_L90_pid2665.txt,C101_0.5.dat_A8_L90_r1.log
5,test_data/data_demand_random_50_batch_all1_equal_cluster/C101_0.5.dat,8.0,90.0,2,450.39,"[
    [
        [
            [0, [4, 3, 1]],
            [14, [14, 8, 13, 12, 11, 10, 9]],
            [8, [28, 27, 26, 25, 24, 23, 22]],
            [13, []],
            [12, []],
            [11, [36, 35, 38, 37, 32, 31, 29, 30]],
            [32, []],
            [31, []],
            [10, [46, 47, 48, 49]],
            [9, []],
            [29, []],
            [30, []],
            [46, []],
            [47, []],
            [48, []],
            [49, []],
            [4, []],
            [3, []],
            [36, []],
            [38, []],
            [37, []],
            [28, []],
            [27, []],
            [26, []],
            [25, []],
            [24, []],
            [23, []],
            [22, []],
            [35, []],
            [1, []]
        ],
        [
            [0, [2, 5, 7, 19, 21, 20, 18, 17, 34, 33, 16, 15, 6]],
            [2, []],
            [5, []],
            [7, []],
            [19, [50, 45, 44, 39, 40, 41, 42, 43]],
            [21, []],
            [39, []],
            [40, []],
            [41, []],
            [42, []],
            [43, []],
            [50, []],
            [20, []],
            [18, []],
            [17, []],
            [45, []],
            [44, []],
            [34, []],
            [33, []],
            [16, []],
            [15, []],
            [6, []]
        ]
    ],
    [
        [
            [14, [14, 8, 13, 12, 11, 10, 9]]
        ],
        [
            [8, [28, 27, 26, 25, 24, 23, 22]]
        ],
        [
            [11, [36, 35, 38, 37, 32, 31, 29, 30]]
        ],
        [
            [10, [46, 47, 48, 49]]
        ],
        [
            [19, [50, 45, 44, 39, 40, 41, 42, 43]]
        ]
    ]
]",454.11,"[
    [
        [
            [0, [4, 3, 1]],
            [14, [14, 8, 13, 12, 11, 10, 9]],
            [8, [28, 27, 26, 25, 24, 23, 22]],
            [13, []],
            [12, []],
            [11, [36, 35, 38, 37, 32, 31, 29, 30]],
            [32, []],
            [31, []],
            [10, [46, 47, 48, 49]],
            [9, []],
            [29, []],
            [30, []],
            [46, []],
            [47, []],
            [48, []],
            [49, []],
            [4, []],
            [3, []],
            [36, []],
            [38, []],
            [37, []],
            [28, []],
            [27, []],
            [26, []],
            [25, []],
            [24, []],
            [23, []],
            [22, []],
            [35, []],
            [1, []]
        ],
        [
            [0, [7, 2, 19, 21, 20, 18, 17, 16, 15, 6]],
            [7, []],
            [2, []],
            [5, [5]],
            [19, [50, 45, 44, 39, 40, 41, 42, 43]],
            [21, []],
            [39, []],
            [40, []],
            [41, []],
            [42, []],
            [43, [34, 33]],
            [50, []],
            [20, []],
            [18, []],
            [17, []],
            [45, []],
            [44, []],
            [34, []],
            [33, []],
            [16, []],
            [15, []],
            [6, []]
        ]
    ],
    [
        [
            [14, [14, 8, 13, 12, 11, 10, 9]]
        ],
        [
            [8, [28, 27, 26, 25, 24, 23, 22]],
            [5, [5]]
        ],
        [
            [11, [36, 35, 38, 37, 32, 31, 29, 30]]
        ],
        [
            [19, [50, 45, 44, 39, 40, 41, 42, 43]]
        ],
        [
            [10, [46, 47, 48, 49]]
        ],
        [
            [43, [34, 33]]
        ]
    ]
]",111.9463073900683,0,5,6.8,137.66043220108634,1,6,6.166666666666667,results/sol_best_C101_0.5.dat_A8_L90_pid2666.txt,results/sol_best_multi_C101_0.5.dat_A8_L90_pid2666.txt,C101_0.5.dat_A8_L90_r2.log
6,test_data/data_demand_random_50_batch_all1_equal_cluster/C101_0.5.dat,8.0,120.0,1,458.59,"[
    [
        [
            [0, [11, 13, 14, 12, 10, 9, 8, 4, 3]],
            [11, []],
            [13, [31, 32, 29, 30]],
            [14, []],
            [12, []],
            [10, []],
            [9, []],
            [8, []],
            [31, []],
            [32, []],
            [29, [46, 47, 48, 49]],
            [30, []],
            [46, [36, 35, 37, 38]],
            [47, []],
            [48, []],
            [49, []],
            [4, [28, 27, 26, 25, 24, 23, 22]],
            [3, []],
            [36, []],
            [35, []],
            [28, []],
            [37, []],
            [38, []],
            [27, []],
            [26, []],
            [25, []],
            [24, []],
            [23, []],
            [22, []]
        ],
        [
            [0, [1, 6, 7, 5, 2]],
            [15, [15, 19, 21, 20, 18, 17, 16]],
            [1, []],
            [6, []],
            [19, [39, 40, 41, 42, 43, 34, 33]],
            [39, []],
            [40, []],
            [41, []],
            [21, [50, 45, 44]],
            [42, []],
            [43, []],
            [50, []],
            [20, []],
            [18, []],
            [17, []],
            [45, []],
            [44, []],
            [34, []],
            [33, []],
            [16, []],
            [7, []],
            [5, []],
            [2, []]
        ]
    ],
    [
        [
            [13, [31, 32, 29, 30]]
        ],
        [
            [15, [15, 19, 21, 20, 18, 17, 16]]
        ],
        [
            [19, [39, 40, 41, 42, 43, 34, 33]]
        ],
        [
            [29, [46, 47, 48, 49]],
            [21, [50, 45, 44]]
        ],
        [
            [46, [36, 35, 37, 38]]
        ],
        [
            [4, [28, 27, 26, 25, 24, 23, 22]]
        ]
    ]
]",458.59,"[
    [
        [
            [0, [11, 13, 14, 12, 10, 9, 8, 4, 3]],
            [11, []],
            [13, [31, 32, 29, 30]],
            [14, []],
            [12, []],
            [10, []],
            [9, []],
            [8, []],
            [31, []],
            [32, []],
            [29, [46, 47, 48, 49]],
            [30, []],
            [46, [36, 35, 37, 38]],
            [47, []],
            [48, []],
            [49, []],
            [4, [28, 27, 26, 25, 24, 23, 22]],
            [3, []],
            [36, []],
            [35, []],
            [28, []],
            [37, []],
            [38, []],
            [27, []],
            [26, []],
            [25, []],
            [24, []],
            [23, []],
            [22, []]
        ],
        [
            [0, [1, 6, 7, 5, 2]],
            [15, [15, 19, 21, 20, 18, 17, 16]],
            [1, []],
            [6, []],
            [19, [39, 40, 41, 42, 43, 34, 33]],
            [39, []],
            [40, []],
            [41, []],
            [21, [50, 45, 44]],
            [42, []],
            [43, []],
            [50, []],
            [20, []],
            [18, []],
            [17, []],
            [45, []],
            [44, []],
            [34, []],
            [33, []],
            [16, []],
            [7, []],
            [5, []],
            [2, []]
        ]
    ],
    [
        [
            [13, [31, 32, 29, 30]]
        ],
        [
            [15, [15, 19, 21, 20, 18, 17, 16]]
        ],
        [
            [19, [39, 40, 41, 42, 43, 34, 33]]
        ],
        [
            [29, [46, 47, 48, 49]],
            [21, [50, 45, 44]]
        ],
        [
            [46, [36, 35, 37, 38]]
        ],
        [
            [4, [28, 27, 26, 25, 24, 23, 22]]
        ]
    ]
]",161.48200834027338,1,6,6.0,161.48200834027338,1,6,6.0,results/sol_best_C101_0.5.dat_A8_L120_pid2749.txt,results/sol_best_multi_C101_0.5.dat_A8_L120_pid2749.txt,C101_0.5.dat_A8_L120_r1.log
6,test_data/data_demand_random_50_batch_all1_equal_cluster/C101_0.5.dat,8.0,120.0,2,442.11,"[
    [
        [
            [0, [8, 12, 14, 13, 11, 10, 9, 4, 3]],
            [8, []],
            [12, [28, 27, 26, 25, 24, 23, 22]],
            [14, []],
            [13, []],
            [11, [36, 35, 38, 37, 31, 32, 29, 30]],
            [31, []],
            [32, []],
            [10, [46, 47, 48, 49]],
            [9, []],
            [29, []],
            [30, []],
            [46, []],
            [47, []],
            [48, []],
            [49, []],
            [4, []],
            [3, []],
            [36, []],
            [35, []],
            [28, []],
            [37, []],
            [38, []],
            [27, []],
            [26, []],
            [25, []],
            [24, []],
            [23, []],
            [22, []]
        ],
        [
            [0, [2, 5, 7, 21, 20, 19, 18, 17, 16, 15, 6, 1]],
            [2, []],
            [5, []],
            [7, []],
            [21, []],
            [39, [50, 45, 44, 39, 40, 41, 42, 43]],
            [40, []],
            [41, []],
            [42, []],
            [43, []],
            [50, [34, 33]],
            [20, []],
            [19, []],
            [18, []],
            [17, []],
            [34, []],
            [45, []],
            [44, []],
            [33, []],
            [16, []],
            [15, []],
            [6, []],
            [1, []]
        ]
    ],
    [
        [
            [12, [28, 27, 26, 25, 24, 23, 22]]
        ],
        [
            [11, [36, 35, 38, 37, 31, 32, 29, 30]]
        ],
        [
            [39, [50, 45, 44, 39, 40, 41, 42, 43]]
        ],
        [
            [10, [46, 47, 48, 49]],
            [50, [34, 33]]
        ]
    ]
]",442.11,"[
    [
        [
            [0, [8, 12, 14, 13, 11, 10, 9, 4, 3]],
            [8, []],
            [12, [28, 27, 26, 25, 24, 23, 22]],
            [14, []],
            [13, []],
            [11, [36, 35, 38, 37, 31, 32, 29, 30]],
            [31, []],
            [32, []],
            [10, [46, 47, 48, 49]],
            [9, []],
            [29, []],
            [30, []],
            [46, []],
            [47, []],
            [48, []],
            [49, []],
            [4, []],
            [3, []],
            [36, []],
            [35, []],
            [28, []],
            [37, []],
            [38, []],
            [27, []],
            [26, []],
            [25, []],
            [24, []],
            [23, []],
            [22, []]
        ],
        [
            [0, [2, 5, 7, 21, 20, 19, 18, 17, 16, 15, 6, 1]],
            [2, []],
            [5, []],
            [7, []],
            [21, []],
            [39, [50, 45, 44, 39, 40, 41, 42, 43]],
            [40, []],
            [41, []],
            [42, []],
            [43, []],
            [50, [34, 33]],
            [20, []],
            [19, []],
            [18, []],
            [17, []],
            [34, []],
            [45, []],
            [44, []],
            [33, []],
            [16, []],
            [15, []],
            [6, []],
            [1, []]
        ]
    ],
    [
        [
            [12, [28, 27, 26, 25, 24, 23, 22]]
        ],
        [
            [11, [36, 35, 38, 37, 31, 32, 29, 30]]
        ],
        [
            [39, [50, 45, 44, 39, 40, 41, 42, 43]]
        ],
        [
            [10, [46, 47, 48, 49]],
            [50, [34, 33]]
        ]
    ]
]",139.23351633579415,1,4,7.25,139.23351633579415,1,4,7.25,results/sol_best_C101_0.5.dat_A8_L120_pid2750.txt,results/sol_best_multi_C101_0.5.dat_A8_L120_pid2750.txt,C101_0.5.dat_A8_L120_r2.log
7,test_data/data_demand_random_50_batch_all1_equal_cluster/C101_1.5.dat,4.0,60.0,1,697.0,"[
    [
        [
            [0, [14, 28, 29, 31, 19, 18, 17, 16, 15, 30, 32, 33, 40, 42, 41, 38, 39, 34, 35, 8, 7, 5, 9, 4, 3, 2, 20, 21, 24, 26, 25, 13]],
            [14, []],
            [28, []],
            [29, []],
            [31, []],
            [19, []],
            [18, []],
            [17, []],
            [16, []],
            [15, []],
            [30, []],
            [32, []],
            [33, []],
            [40, []],
            [42, []],
            [41, []],
            [38, []],
            [39, []],
            [34, []],
            [35, []],
            [8, []],
            [7, []],
            [5, []],
            [9, []],
            [4, []],
            [3, []],
            [2, []],
            [20, []],
            [21, []],
            [24, []],
            [26, []],
            [25, []],
            [13, []]
        ],
        [
            [0, [10, 11, 12, 22, 23, 27, 48, 49, 47, 46, 50, 45, 44, 37, 43, 36, 6, 1]],
            [10, []],
            [11, []],
            [12, []],
            [22, []],
            [23, []],
            [27, []],
            [48, []],
            [49, []],
            [47, []],
            [46, []],
            [50, []],
            [45, []],
            [44, []],
            [37, []],
            [43, []],
            [36, []],
            [6, []],
            [1, []]
        ]
    ],
    [
    ]
]",,,0.0,0,0,0.0,,,,,results/sol_best_C101_1.5.dat_A4_L60_pid2852.txt,(not found),C101_1.5.dat_A4_L60_r1.log
7,test_data/data_demand_random_50_batch_all1_equal_cluster/C101_1.5.dat,4.0,60.0,2,705.0,"[
    [
        [
            [0, [2, 3, 4, 9, 8, 7, 5, 6, 34, 39, 38, 42, 41, 40, 33, 29, 28, 30, 32, 31, 19, 18, 17, 16, 15, 14, 20, 21, 23, 22, 24, 26, 25, 13]],
            [2, []],
            [3, []],
            [4, []],
            [9, []],
            [8, []],
            [7, []],
            [5, []],
            [6, []],
            [34, []],
            [39, []],
            [38, []],
            [42, []],
            [41, []],
            [40, []],
            [33, []],
            [29, []],
            [28, []],
            [30, []],
            [32, []],
            [31, []],
            [19, []],
            [18, []],
            [17, []],
            [16, []],
            [15, []],
            [14, []],
            [20, []],
            [21, []],
            [23, []],
            [22, []],
            [24, []],
            [26, []],
            [25, []],
            [13, []]
        ],
        [
            [0, [10, 11, 12, 27, 48, 49, 47, 46, 50, 44, 45, 35, 37, 43, 36, 1]],
            [10, []],
            [11, []],
            [12, []],
            [27, []],
            [48, []],
            [49, []],
            [47, []],
            [46, []],
            [50, []],
            [44, []],
            [45, []],
            [35, []],
            [37, []],
            [43, []],
            [36, []],
            [1, []]
        ]
    ],
    [
    ]
]",,,0.0,0,0,0.0,,,,,results/sol_best_C101_1.5.dat_A4_L60_pid2853.txt,(not found),C101_1.5.dat_A4_L60_r2.log
8,test_data/data_demand_random_50_batch_all1_equal_cluster/C101_1.5.dat,4.0,90.0,1,678.0,"[
    [
        [
            [0, [13, 24, 22, 20, 21, 49, 48, 47, 46, 50, 44, 45, 27, 7, 5, 6, 3, 2, 1, 28, 14, 15]],
            [13, []],
            [24, []],
            [22, []],
            [20, []],
            [21, []],
            [49, []],
            [48, []],
            [47, []],
            [46, []],
            [50, []],
            [44, []],
            [45, []],
            [27, []],
            [7, []],
            [5, []],
            [6, []],
            [3, []],
            [2, []],
            [1, []],
            [28, []],
            [14, []],
            [15, []]
        ],
        [
            [0, [10, 11, 12, 25, 26, 23, 4, 9, 8, 35, 34, 39, 38, 36, 37, 43, 42, 41, 40, 33, 29, 30, 32, 31, 19, 18, 17, 16]],
            [10, []],
            [11, []],
            [12, []],
            [25, []],
            [26, []],
            [23, []],
            [4, []],
            [9, []],
            [8, []],
            [35, []],
            [34, []],
            [39, []],
            [38, []],
            [36, []],
            [37, []],
            [43, []],
            [42, []],
            [41, []],
            [40, []],
            [33, []],
            [29, []],
            [30, []],
            [32, []],
            [31, []],
            [19, []],
            [18, []],
            [17, []],
            [16, []]
        ]
    ],
    [
    ]
]",,,0.0,0,0,0.0,,,,,results/sol_best_C101_1.5.dat_A4_L90_pid2922.txt,(not found),C101_1.5.dat_A4_L90_r1.log
8,test_data/data_demand_random_50_batch_all1_equal_cluster/C101_1.5.dat,4.0,90.0,2,727.06,"[
    [
        [
            [0, [2, 7, 6, 1, 3, 8, 4, 19, 18, 15, 14, 20, 21, 23, 22, 25, 26, 24, 13]],
            [2, []],
            [7, []],
            [6, []],
            [1, []],
            [3, []],
            [8, [35, 34]],
            [4, [45, 44]],
            [19, []],
            [18, []],
            [15, []],
            [14, []],
            [20, []],
            [21, []],
            [23, []],
            [22, []],
            [25, []],
            [26, []],
            [24, []],
            [13, []],
            [49, [49, 48, 47]],
            [48, []],
            [47, []],
            [45, []],
            [44, []],
            [35, []],
            [34, []]
        ],
        [
            [0, [12, 11, 10, 27, 9, 5, 38, 36, 37, 33, 29, 28, 30, 32, 31, 17, 16]],
            [12, []],
            [11, []],
            [10, []],
            [27, []],
            [46, [46, 50, 39]],
            [50, []],
            [9, [43, 42, 41, 40]],
            [5, []],
            [39, []],
            [38, []],
            [36, []],
            [37, []],
            [43, []],
            [42, []],
            [41, []],
            [40, []],
            [33, []],
            [29, []],
            [28, []],
            [30, []],
            [32, []],
            [31, []],
            [17, []],
            [16, []]
        ]
    ],
    [
        [
            [8, [35, 34]]
        ],
        [
            [4, [45, 44]]
        ],
        [
            [49, [49, 48, 47]]
        ],
        [
            [46, [46, 50, 39]]
        ],
        [
            [9, [43, 42, 41, 40]]
        ]
    ]
]",727.05551275464,"[
    [
        [
            [0, [2, 6, 1, 3, 7, 8, 4, 19, 18, 15, 14, 20, 21, 22, 24, 23]],
            [13, [13]],
            [2, []],
            [6, []],
            [1, []],
            [3, []],
            [7, []],
            [8, [35, 34]],
            [4, [45, 44]],
            [19, []],
            [18, []],
            [15, []],
            [14, []],
            [20, []],
            [21, []],
            [22, []],
            [24, []],
            [23, []],
            [49, [49, 48, 47]],
            [48, []],
            [47, []],
            [45, []],
            [44, []],
            [35, []],
            [34, []]
        ],
        [
            [0, [12, 11, 10, 27, 9, 5, 33, 29, 28, 30, 32, 31, 17, 16]],
            [25, [25]],
            [26, [38, 36, 37, 26]],
            [12, []],
            [11, []],
            [10, []],
            [27, []],
            [46, [46, 50, 39]],
            [50, []],
            [9, [43, 42, 41, 40]],
            [5, []],
            [39, []],
            [38, []],
            [36, []],
            [37, []],
            [43, []],
            [42, []],
            [41, []],
            [40, []],
            [33, []],
            [29, []],
            [28, []],
            [30, []],
            [32, []],
            [31, []],
            [17, []],
            [16, []]
        ]
    ],
    [
        [
            [13, [13]],
            [25, [25]]
        ],
        [
            [26, [38, 36, 37, 26]]
        ],
        [
            [8, [35, 34]]
        ],
        [
            [4, [45, 44]]
        ],
        [
            [49, [49, 48, 47]]
        ],
        [
            [46, [46, 50, 39]]
        ],
        [
            [9, [43, 42, 41, 40]]
        ]
    ]
]",398.5331623462941,0,5,2.8,373.99469736454694,1,7,2.857142857142857,results/sol_best_C101_1.5.dat_A4_L90_pid2923.txt,results/sol_best_multi_C101_1.5.dat_A4_L90_pid2923.txt,C101_1.5.dat_A4_L90_r2.log
9,test_data/data_demand_random_50_batch_all1_equal_cluster/C101_1.5.dat,4.0,120.0,1,693.0,"[
    [
        [
            [0, [24, 23, 22, 20, 21, 27, 45, 44, 50, 47, 49, 48, 46, 35, 5, 6, 1, 14, 15]],
            [24, []],
            [23, []],
            [22, []],
            [20, []],
            [21, []],
            [27, []],
            [45, []],
            [44, []],
            [50, []],
            [47, []],
            [49, []],
            [48, []],
            [46, []],
            [35, []],
            [5, []],
            [6, []],
            [1, []],
            [14, []],
            [15, []]
        ],
        [
            [0, [10, 11, 12, 26, 25, 13, 2, 3, 4, 9, 8, 7, 34, 36, 37, 43, 42, 41, 38, 39, 33, 40, 29, 28, 30, 32, 31, 19, 18, 17, 16]],
            [10, []],
            [11, []],
            [12, []],
            [26, []],
            [25, []],
            [13, []],
            [2, []],
            [3, []],
            [4, []],
            [9, []],
            [8, []],
            [7, []],
            [34, []],
            [36, []],
            [37, []],
            [43, []],
            [42, []],
            [41, []],
            [38, []],
            [39, []],
            [33, []],
            [40, []],
            [29, []],
            [28, []],
            [30, []],
            [32, []],
            [31, []],
            [19, []],
            [18, []],
            [17, []],
            [16, []]
        ]
    ],
    [
    ]
]",,,0.0,0,0,0.0,,,,,results/sol_best_C101_1.5.dat_A4_L120_pid2824.txt,(not found),C101_1.5.dat_A4_L120_r1.log
9,test_data/data_demand_random_50_batch_all1_equal_cluster/C101_1.5.dat,4.0,120.0,2,693.0,"[
    [
        [
            [0, [20, 21, 22, 23, 27, 45, 44, 50, 48, 49, 47, 46, 35, 7, 6, 1, 28, 30, 15, 14]],
            [20, []],
            [21, []],
            [22, []],
            [23, []],
            [27, []],
            [45, []],
            [44, []],
            [50, []],
            [48, []],
            [49, []],
            [47, []],
            [46, []],
            [35, []],
            [7, []],
            [6, []],
            [1, []],
            [28, []],
            [30, []],
            [15, []],
            [14, []]
        ],
        [
            [0, [13, 24, 26, 25, 12, 11, 10, 4, 3, 2, 5, 9, 8, 34, 39, 38, 36, 37, 43, 42, 41, 40, 33, 29, 32, 31, 19, 18, 17, 16]],
            [13, []],
            [24, []],
            [26, []],
            [25, []],
            [12, []],
            [11, []],
            [10, []],
            [4, []],
            [3, []],
            [2, []],
            [5, []],
            [9, []],
            [8, []],
            [34, []],
            [39, []],
            [38, []],
            [36, []],
            [37, []],
            [43, []],
            [42, []],
            [41, []],
            [40, []],
            [33, []],
            [29, []],
            [32, []],
            [31, []],
            [19, []],
            [18, []],
            [17, []],
            [16, []]
        ]
    ],
    [
    ]
]",,,0.0,0,0,0.0,,,,,results/sol_best_C101_1.5.dat_A4_L120_pid2825.txt,(not found),C101_1.5.dat_A4_L120_r2.log
10,test_data/data_demand_random_50_batch_all1_equal_cluster/C101_1.5.dat,8.0,60.0,1,709.0,"[
    [
        [
            [0, [1, 3, 4, 8, 7, 6, 34, 39, 38, 42, 41, 40, 33, 29, 28, 30, 32, 31, 19, 18, 17, 16, 15, 14, 20, 21, 22, 24, 26, 25, 12, 10, 11, 13]],
            [1, []],
            [3, []],
            [4, []],
            [8, []],
            [7, []],
            [6, []],
            [34, []],
            [39, []],
            [38, []],
            [42, []],
            [41, []],
            [40, []],
            [33, []],
            [29, []],
            [28, []],
            [30, []],
            [32, []],
            [31, []],
            [19, []],
            [18, []],
            [17, []],
            [16, []],
            [15, []],
            [14, []],
            [20, []],
            [21, []],
            [22, []],
            [24, []],
            [26, []],
            [25, []],
            [12, []],
            [10, []],
            [11, []],
            [13, []]
        ],
        [
            [0, [23, 27, 48, 49, 47, 46, 50, 45, 44, 37, 43, 36, 35, 9, 5, 2]],
            [23, []],
            [27, []],
            [48, []],
            [49, []],
            [47, []],
            [46, []],
            [50, []],
            [45, []],
            [44, []],
            [37, []],
            [43, []],
            [36, []],
            [35, []],
            [9, []],
            [5, []],
            [2, []]
        ]
    ],
    [
    ]
]",,,0.0,0,0,0.0,,,,,results/sol_best_C101_1.5.dat_A8_L60_pid2738.txt,(not found),C101_1.5.dat_A8_L60_r1.log
10,test_data/data_demand_random_50_batch_all1_equal_cluster/C101_1.5.dat,8.0,60.0,2,713.0,"[
    [
        [
            [0, [2, 3, 4, 8, 7, 5, 6, 34, 39, 38, 42, 41, 40, 33, 29, 28, 19, 31, 32, 30, 18, 17, 16, 15, 14, 20, 21, 23, 22, 24, 26, 25, 13]],
            [2, []],
            [3, []],
            [4, []],
            [8, []],
            [7, []],
            [5, []],
            [6, []],
            [34, []],
            [39, []],
            [38, []],
            [42, []],
            [41, []],
            [40, []],
            [33, []],
            [29, []],
            [28, []],
            [19, []],
            [31, []],
            [32, []],
            [30, []],
            [18, []],
            [17, []],
            [16, []],
            [15, []],
            [14, []],
            [20, []],
            [21, []],
            [23, []],
            [22, []],
            [24, []],
            [26, []],
            [25, []],
            [13, []]
        ],
        [
            [0, [10, 11, 12, 27, 45, 44, 50, 46, 47, 48, 49, 9, 35, 37, 43, 36, 1]],
            [10, []],
            [11, []],
            [12, []],
            [27, []],
            [45, []],
            [44, []],
            [50, []],
            [46, []],
            [47, []],
            [48, []],
            [49, []],
            [9, []],
            [35, []],
            [37, []],
            [43, []],
            [36, []],
            [1, []]
        ]
    ],
    [
    ]
]",,,0.0,0,0,0.0,,,,,results/sol_best_C101_1.5.dat_A8_L60_pid2739.txt,(not found),C101_1.5.dat_A8_L60_r2.log
11,test_data/data_demand_random_50_batch_all1_equal_cluster/C101_1.5.dat,8.0,90.0,1,694.72,"[
    [
        [
            [0, [8, 7, 6, 1, 3, 9, 4, 13]],
            [8, [19, 18, 15, 14]],
            [7, []],
            [6, []],
            [1, []],
            [19, []],
            [18, []],
            [15, []],
            [14, []],
            [3, []],
            [9, [21, 20, 23, 22, 25, 26, 24]],
            [4, []],
            [20, []],
            [21, []],
            [23, []],
            [24, []],
            [13, []],
            [25, []],
            [26, []],
            [22, [50, 49, 48, 47, 46, 45, 44]],
            [45, [35, 34, 36]],
            [44, []],
            [50, []],
            [49, []],
            [48, []],
            [47, []],
            [46, []],
            [35, []],
            [36, []],
            [34, []]
        ],
        [
            [0, [11, 10, 12, 5, 2, 33, 29, 28, 30, 32, 31, 17, 16]],
            [11, []],
            [10, []],
            [12, []],
            [27, [27]],
            [5, [37]],
            [2, []],
            [37, []],
            [43, [43, 39, 42, 41, 40, 38]],
            [42, []],
            [38, []],
            [39, []],
            [41, []],
            [40, []],
            [33, []],
            [29, []],
            [28, []],
            [30, []],
            [32, []],
            [31, []],
            [17, []],
            [16, []]
        ]
    ],
    [
        [
            [8, [19, 18, 15, 14]]
        ],
        [
            [9, [21, 20, 23, 22, 25, 26, 24]],
            [27, [27]]
        ],
        [
            [5, [37]],
            [22, [50, 49, 48, 47, 46, 45, 44]]
        ],
        [
            [43, [43, 39, 42, 41, 40, 38]]
        ],
        [
            [45, [35, 34, 36]]
        ]
    ]
]",694.72,"[
    [
        [
            [0, [8, 7, 6, 1, 3, 9, 4, 13]],
            [8, [19, 18, 15, 14]],
            [7, []],
            [6, []],
            [1, []],
            [19, []],
            [18, []],
            [15, []],
            [14, []],
            [3, []],
            [9, [21, 20, 23, 22, 25, 26, 24]],
            [4, []],
            [20, []],
            [21, []],
            [23, []],
            [24, []],
            [13, []],
            [25, []],
            [26, []],
            [22, [50, 49, 48, 47, 46, 45, 44]],
            [45, [35, 34, 36]],
            [44, []],
            [50, []],
            [49, []],
            [48, []],
            [47, []],
            [46, []],
            [35, []],
            [36, []],
            [34, []]
        ],
        [
            [0, [11, 10, 12, 5, 2, 33, 29, 28, 30, 32, 31, 17, 16]],
            [11, []],
            [10, []],
            [12, []],
            [27, [27]],
            [5, [37]],
            [2, []],
            [37, []],
            [43, [43, 39, 42, 41, 40, 38]],
            [42, []],
            [38, []],
            [39, []],
            [41, []],
            [40, []],
            [33, []],
            [29, []],
            [28, []],
            [30, []],
            [32, []],
            [31, []],
            [17, []],
            [16, []]
        ]
    ],
    [
        [
            [8, [19, 18, 15, 14]]
        ],
        [
            [9, [21, 20, 23, 22, 25, 26, 24]],
            [27, [27]]
        ],
        [
            [5, [37]],
            [22, [50, 49, 48, 47, 46, 45, 44]]
        ],
        [
            [43, [43, 39, 42, 41, 40, 38]]
        ],
        [
            [45, [35, 34, 36]]
        ]
    ]
]",368.97302550094344,2,5,5.8,368.97302550094344,2,5,5.8,results/sol_best_C101_1.5.dat_A8_L90_pid2734.txt,results/sol_best_multi_C101_1.5.dat_A8_L90_pid2734.txt,C101_1.5.dat_A8_L90_r1.log
11,test_data/data_demand_random_50_batch_all1_equal_cluster/C101_1.5.dat,8.0,90.0,2,585.2,"[
    [
        [
            [0, [10]],
            [20, [20, 27, 21, 22, 24, 26, 23]],
            [10, []],
            [13, [13]],
            [27, []],
            [21, []],
            [22, []],
            [24, []],
            [25, [25]],
            [26, []],
            [23, []],
            [45, [50, 49, 48, 47, 46, 45, 44, 34]],
            [44, []],
            [50, []],
            [48, []],
            [49, []],
            [47, []],
            [46, []],
            [34, []]
        ],
        [
            [0, [3, 1, 7, 6, 8, 4, 9, 5, 2]],
            [3, []],
            [1, []],
            [7, []],
            [6, []],
            [8, []],
            [4, []],
            [12, [19, 18, 17, 16, 12, 11]],
            [11, []],
            [9, [33, 29, 28, 30, 32, 31, 15, 14]],
            [5, []],
            [35, [35, 38, 36, 37]],
            [2, [39, 43, 42, 41, 40]],
            [39, []],
            [38, []],
            [36, []],
            [37, []],
            [43, []],
            [42, []],
            [41, []],
            [40, []],
            [33, []],
            [29, []],
            [28, []],
            [30, []],
            [32, []],
            [31, []],
            [19, []],
            [18, []],
            [17, []],
            [16, []],
            [15, []],
            [14, []]
        ]
    ],
    [
        [
            [20, [20, 27, 21, 22, 24, 26, 23]]
        ],
        [
            [12, [19, 18, 17, 16, 12, 11]],
            [13, [13]]
        ],
        [
            [9, [33, 29, 28, 30, 32, 31, 15, 14]]
        ],
        [
            [35, [35, 38, 36, 37]]
        ],
        [
            [2, [39, 43, 42, 41, 40]],
            [25, [25]]
        ],
        [
            [45, [50, 49, 48, 47, 46, 45, 44, 34]]
        ]
    ]
]",585.198039027186,"[
    [
        [
            [0, [10]],
            [20, [20, 27, 21, 22, 24, 26, 23]],
            [10, []],
            [13, [13]],
            [27, []],
            [21, []],
            [22, []],
            [24, []],
            [25, [25]],
            [26, []],
            [23, []],
            [45, [50, 49, 48, 47, 46, 45, 44, 34]],
            [44, []],
            [50, []],
            [48, []],
            [49, []],
            [47, []],
            [46, []],
            [34, []]
        ],
        [
            [0, [3, 1, 7, 6, 8, 4, 9, 5, 2]],
            [3, []],
            [1, []],
            [7, []],
            [6, []],
            [8, []],
            [4, []],
            [12, [19, 18, 17, 16, 12, 11]],
            [11, []],
            [9, [33, 29, 28, 30, 32, 31, 15, 14]],
            [5, []],
            [35, [35, 38, 36, 37]],
            [2, [39, 43, 42, 41, 40]],
            [39, []],
            [38, []],
            [36, []],
            [37, []],
            [43, []],
            [42, []],
            [41, []],
            [40, []],
            [33, []],
            [29, []],
            [28, []],
            [30, []],
            [32, []],
            [31, []],
            [19, []],
            [18, []],
            [17, []],
            [16, []],
            [15, []],
            [14, []]
        ]
    ],
    [
        [
            [20, [20, 27, 21, 22, 24, 26, 23]]
        ],
        [
            [12, [19, 18, 17, 16, 12, 11]],
            [13, [13]]
        ],
        [
            [9, [33, 29, 28, 30, 32, 31, 15, 14]]
        ],
        [
            [35, [35, 38, 36, 37]]
        ],
        [
            [2, [39, 43, 42, 41, 40]],
            [25, [25]]
        ],
        [
            [45, [50, 49, 48, 47, 46, 45, 44, 34]]
        ]
    ]
]",265.3222172783901,2,6,6.666666666666667,265.3222172783901,2,6,6.666666666666667,results/sol_best_C101_1.5.dat_A8_L90_pid2735.txt,results/sol_best_multi_C101_1.5.dat_A8_L90_pid2735.txt,C101_1.5.dat_A8_L90_r2.log
12,test_data/data_demand_random_50_batch_all1_equal_cluster/C101_1.5.dat,8.0,120.0,1,675.12,"[
    [
        [
            [0, [15, 14, 6, 1, 7, 3, 20, 21, 25, 26, 24]],
            [15, []],
            [14, []],
            [6, [35, 34]],
            [1, []],
            [7, []],
            [3, [50, 49, 48, 47, 46, 12, 22]],
            [20, []],
            [21, []],
            [22, []],
            [12, []],
            [25, []],
            [26, []],
            [24, []],
            [50, []],
            [49, []],
            [48, []],
            [47, []],
            [46, []],
            [35, []],
            [34, []]
        ],
        [
            [0, [2, 9, 4, 8, 5, 11, 13, 10, 19, 18, 17, 16]],
            [2, []],
            [9, []],
            [4, []],
            [8, []],
            [5, []],
            [11, [38, 36, 37, 23, 27]],
            [13, []],
            [10, []],
            [23, []],
            [27, []],
            [45, [45, 44]],
            [44, []],
            [38, []],
            [36, []],
            [37, []],
            [43, [42, 41, 40, 43, 39]],
            [42, [33, 29, 28, 30, 32, 31]],
            [41, []],
            [40, []],
            [33, []],
            [39, []],
            [29, []],
            [28, []],
            [30, []],
            [32, []],
            [31, []],
            [19, []],
            [18, []],
            [17, []],
            [16, []]
        ]
    ],
    [
        [
            [11, [38, 36, 37, 23, 27]],
            [6, [35, 34]]
        ],
        [
            [3, [50, 49, 48, 47, 46, 12, 22]]
        ],
        [
            [45, [45, 44]]
        ],
        [
            [43, [42, 41, 40, 43, 39]]
        ],
        [
            [42, [33, 29, 28, 30, 32, 31]]
        ]
    ]
]",675.12,"[
    [
        [
            [0, [15, 14, 6, 1, 7, 3, 20, 21, 25, 26, 24]],
            [15, []],
            [14, []],
            [6, [35, 34]],
            [1, []],
            [7, []],
            [3, [50, 49, 48, 47, 46, 12, 22]],
            [20, []],
            [21, []],
            [22, []],
            [12, []],
            [25, []],
            [26, []],
            [24, []],
            [50, []],
            [49, []],
            [48, []],
            [47, []],
            [46, []],
            [35, []],
            [34, []]
        ],
        [
            [0, [2, 9, 4, 8, 5, 11, 13, 10, 19, 18, 17, 16]],
            [2, []],
            [9, []],
            [4, []],
            [8, []],
            [5, []],
            [11, [38, 36, 37, 23, 27]],
            [13, []],
            [10, []],
            [23, []],
            [27, []],
            [45, [45, 44]],
            [44, []],
            [38, []],
            [36, []],
            [37, []],
            [43, [42, 41, 40, 43, 39]],
            [42, [33, 29, 28, 30, 32, 31]],
            [41, []],
            [40, []],
            [33, []],
            [39, []],
            [29, []],
            [28, []],
            [30, []],
            [32, []],
            [31, []],
            [19, []],
            [18, []],
            [17, []],
            [16, []]
        ]
    ],
    [
        [
            [11, [38, 36, 37, 23, 27]],
            [6, [35, 34]]
        ],
        [
            [3, [50, 49, 48, 47, 46, 12, 22]]
        ],
        [
            [45, [45, 44]]
        ],
        [
            [43, [42, 41, 40, 43, 39]]
        ],
        [
            [42, [33, 29, 28, 30, 32, 31]]
        ]
    ]
]",396.27095134576336,1,5,5.4,396.27095134576336,1,5,5.4,results/sol_best_C101_1.5.dat_A8_L120_pid2749.txt,results/sol_best_multi_C101_1.5.dat_A8_L120_pid2749.txt,C101_1.5.dat_A8_L120_r1.log
12,test_data/data_demand_random_50_batch_all1_equal_cluster/C101_1.5.dat,8.0,120.0,2,715.15,"[
    [
        [
            [0, [9, 5, 3, 4, 8, 7, 6, 1, 19, 18, 15, 14]],
            [9, []],
            [5, []],
            [3, [21, 20, 23, 22, 25, 26, 24]],
            [4, []],
            [8, []],
            [7, []],
            [6, []],
            [1, []],
            [19, []],
            [18, []],
            [15, []],
            [14, []],
            [21, []],
            [20, []],
            [23, []],
            [22, [50, 49, 48, 47, 46, 45, 44]],
            [25, []],
            [26, []],
            [24, []],
            [45, [35, 34, 36]],
            [44, []],
            [50, []],
            [49, []],
            [48, []],
            [47, []],
            [46, []],
            [35, []],
            [36, []],
            [34, []]
        ],
        [
            [0, [12, 11, 10, 27, 17, 16]],
            [2, [2]],
            [12, []],
            [11, []],
            [10, []],
            [27, []],
            [13, [33, 29, 28, 30, 32, 31, 38, 13]],
            [37, [37]],
            [43, [43, 39, 42, 41, 40]],
            [42, []],
            [39, []],
            [38, []],
            [41, []],
            [40, []],
            [33, []],
            [29, []],
            [28, []],
            [30, []],
            [32, []],
            [31, []],
            [17, []],
            [16, []]
        ]
    ],
    [
        [
            [3, [21, 20, 23, 22, 25, 26, 24]],
            [2, [2]]
        ],
        [
            [22, [50, 49, 48, 47, 46, 45, 44]]
        ],
        [
            [13, [33, 29, 28, 30, 32, 31, 38, 13]]
        ],
        [
            [37, [37]]
        ],
        [
            [45, [35, 34, 36]],
            [43, [43, 39, 42, 41, 40]]
        ]
    ]
]",715.15,"[
    [
        [
            [0, [9, 5, 3, 4, 8, 7, 6, 1, 19, 18, 15, 14]],
            [9, []],
            [5, []],
            [3, [21, 20, 23, 22, 25, 26, 24]],
            [4, []],
            [8, []],
            [7, []],
            [6, []],
            [1, []],
            [19, []],
            [18, []],
            [15, []],
            [14, []],
            [21, []],
            [20, []],
            [23, []],
            [22, [50, 49, 48, 47, 46, 45, 44]],
            [25, []],
            [26, []],
            [24, []],
            [45, [35, 34, 36]],
            [44, []],
            [50, []],
            [49, []],
            [48, []],
            [47, []],
            [46, []],
            [35, []],
            [36, []],
            [34, []]
        ],
        [
            [0, [12, 11, 10, 27, 17, 16]],
            [2, [2]],
            [12, []],
            [11, []],
            [10, []],
            [27, []],
            [13, [33, 29, 28, 30, 32, 31, 38, 13]],
            [37, [37]],
            [43, [43, 39, 42, 41, 40]],
            [42, []],
            [39, []],
            [38, []],
            [41, []],
            [40, []],
            [33, []],
            [29, []],
            [28, []],
            [30, []],
            [32, []],
            [31, []],
            [17, []],
            [16, []]
        ]
    ],
    [
        [
            [3, [21, 20, 23, 22, 25, 26, 24]],
            [2, [2]]
        ],
        [
            [22, [50, 49, 48, 47, 46, 45, 44]]
        ],
        [
            [13, [33, 29, 28, 30, 32, 31, 38, 13]]
        ],
        [
            [37, [37]]
        ],
        [
            [45, [35, 34, 36]],
            [43, [43, 39, 42, 41, 40]]
        ]
    ]
]",407.7950874208561,2,5,6.4,407.7950874208561,2,5,6.4,results/sol_best_C101_1.5.dat_A8_L120_pid2750.txt,results/sol_best_multi_C101_1.5.dat_A8_L120_pid2750.txt,C101_1.5.dat_A8_L120_r2.log
13,test_data/data_demand_random_50_batch_all1_equal_cluster/C101_1.dat,4.0,60.0,1,590.0,"[
    [
        [
            [0, [1, 2, 36, 37, 38, 42, 50, 49, 48, 35, 34, 33, 10, 9, 8, 4, 3, 25, 40, 27, 39, 19, 18, 17, 26, 24, 16]],
            [1, []],
            [2, []],
            [36, []],
            [37, []],
            [38, []],
            [42, []],
            [50, []],
            [49, []],
            [48, []],
            [35, []],
            [34, []],
            [33, []],
            [10, []],
            [9, []],
            [8, []],
            [4, []],
            [3, []],
            [25, []],
            [40, []],
            [27, []],
            [39, []],
            [19, []],
            [18, []],
            [17, []],
            [26, []],
            [24, []],
            [16, []]
        ],
        [
            [0, [41, 5, 6, 7, 30, 31, 32, 47, 43, 44, 45, 46, 21, 20, 22, 23, 29, 28, 13, 15, 14, 12, 11]],
            [41, []],
            [5, []],
            [6, []],
            [7, []],
            [30, []],
            [31, []],
            [32, []],
            [47, []],
            [43, []],
            [44, []],
            [45, []],
            [46, []],
            [21, []],
            [20, []],
            [22, []],
            [23, []],
            [29, []],
            [28, []],
            [13, []],
            [15, []],
            [14, []],
            [12, []],
            [11, []]
        ]
    ],
    [
    ]
]",,,0.0,0,0,0.0,,,,,results/sol_best_C101_1.dat_A4_L60_pid2868.txt,(not found),C101_1.dat_A4_L60_r1.log
13,test_data/data_demand_random_50_batch_all1_equal_cluster/C101_1.dat,4.0,60.0,2,538.0,"[
    [
        [
            [0, [2, 3, 4, 8, 9, 10, 33, 34, 35, 48, 49, 50, 37, 36, 42, 38, 41, 40, 27, 39, 19, 18, 17, 26, 25, 24, 16]],
            [2, []],
            [3, []],
            [4, []],
            [8, []],
            [9, []],
            [10, []],
            [33, []],
            [34, []],
            [35, []],
            [48, []],
            [49, []],
            [50, []],
            [37, []],
            [36, []],
            [42, []],
            [38, []],
            [41, []],
            [40, []],
            [27, []],
            [39, []],
            [19, []],
            [18, []],
            [17, []],
            [26, []],
            [25, []],
            [24, []],
            [16, []]
        ],
        [
            [0, [1, 5, 6, 7, 30, 31, 32, 47, 43, 44, 45, 46, 21, 23, 22, 20, 14, 15, 29, 28, 13, 12, 11]],
            [1, []],
            [5, []],
            [6, []],
            [7, []],
            [30, []],
            [31, []],
            [32, []],
            [47, []],
            [43, []],
            [44, []],
            [45, []],
            [46, []],
            [21, []],
            [23, []],
            [22, []],
            [20, []],
            [14, []],
            [15, []],
            [29, []],
            [28, []],
            [13, []],
            [12, []],
            [11, []]
        ]
    ],
    [
    ]
]",595.0,"[
    [
        [
            [0, [1, 3, 8, 9, 10, 33, 34, 36, 37, 38, 42, 49, 50, 48, 35, 40, 39, 19, 18, 17, 27, 26, 41, 24, 16]],
            [1, []],
            [3, []],
            [4, [4]],
            [8, []],
            [9, []],
            [10, []],
            [33, []],
            [34, []],
            [36, []],
            [37, []],
            [38, []],
            [42, []],
            [49, []],
            [50, []],
            [48, []],
            [35, []],
            [40, []],
            [39, []],
            [19, []],
            [18, []],
            [17, []],
            [27, []],
            [26, []],
            [41, []],
            [24, []],
            [16, []]
        ],
        [
            [0, [2, 5, 6, 7, 30, 31, 32, 47, 43, 44, 45, 46, 23, 22, 21, 20, 14, 15, 29, 28, 13, 12, 11]],
            [2, []],
            [25, [25]],
            [5, []],
            [6, []],
            [7, []],
            [30, []],
            [31, []],
            [32, []],
            [47, []],
            [43, []],
            [44, []],
            [45, []],
            [46, []],
            [23, []],
            [22, []],
            [21, []],
            [20, []],
            [14, []],
            [15, []],
            [29, []],
            [28, []],
            [13, []],
            [12, []],
            [11, []]
        ]
    ],
    [
        [
            [4, [4]],
            [25, [25]]
        ]
    ]
]",0.0,0,0,0.0,311.20937271229855,1,1,2.0,results/sol_best_C101_1.dat_A4_L60_pid2869.txt,results/sol_best_multi_C101_1.dat_A4_L60_pid2869.txt,C101_1.dat_A4_L60_r2.log
14,test_data/data_demand_random_50_batch_all1_equal_cluster/C101_1.dat,4.0,90.0,1,531.0,"[
    [
        [
            [0, [10, 9, 8, 4, 3, 1, 24, 16, 19, 18, 17, 26, 27, 25, 38, 37, 36, 35, 34, 33]],
            [10, [39, 40, 41, 42]],
            [9, []],
            [8, []],
            [4, []],
            [3, []],
            [1, []],
            [24, []],
            [16, []],
            [39, [50, 49, 48]],
            [19, []],
            [18, []],
            [17, []],
            [26, []],
            [27, []],
            [40, []],
            [41, []],
            [25, []],
            [38, []],
            [37, []],
            [36, []],
            [42, []],
            [50, []],
            [49, []],
            [48, []],
            [35, []],
            [34, []],
            [33, []]
        ],
        [
            [0, [5, 7, 6, 2, 22, 15, 14, 20, 21, 30, 31, 32, 23, 29, 28, 13, 12, 11]],
            [5, []],
            [7, []],
            [6, []],
            [2, []],
            [22, []],
            [15, []],
            [14, [43, 44, 45, 46]],
            [20, []],
            [21, []],
            [30, []],
            [31, []],
            [32, []],
            [47, [47]],
            [43, []],
            [44, []],
            [45, []],
            [46, []],
            [23, []],
            [29, []],
            [28, []],
            [13, []],
            [12, []],
            [11, []]
        ]
    ],
    [
        [
            [10, [39, 40, 41, 42]]
        ],
        [
            [14, [43, 44, 45, 46]]
        ],
        [
            [39, [50, 49, 48]]
        ],
        [
            [47, [47]]
        ]
    ]
]",531.0,"[
    [
        [
            [0, [10, 9, 8, 4, 3, 1, 24, 16, 19, 18, 17, 26, 27, 25, 38, 37, 36, 35, 34, 33]],
            [10, [39, 40, 41, 42]],
            [9, []],
            [8, []],
            [4, []],
            [3, []],
            [1, []],
            [24, []],
            [16, []],
            [39, [50, 49, 48]],
            [19, []],
            [18, []],
            [17, []],
            [26, []],
            [27, []],
            [40, []],
            [41, []],
            [25, []],
            [38, []],
            [37, []],
            [36, []],
            [42, []],
            [50, []],
            [49, []],
            [48, []],
            [35, []],
            [34, []],
            [33, []]
        ],
        [
            [0, [5, 7, 6, 2, 14, 15, 22, 20, 21, 30, 31, 32, 23, 29, 28, 13, 12, 11]],
            [5, []],
            [7, []],
            [6, []],
            [2, []],
            [14, []],
            [15, []],
            [22, [43]],
            [20, []],
            [21, []],
            [30, []],
            [31, []],
            [32, []],
            [47, [47]],
            [43, []],
            [44, [44, 45, 46]],
            [45, []],
            [46, []],
            [23, []],
            [29, []],
            [28, []],
            [13, []],
            [12, []],
            [11, []]
        ]
    ],
    [
        [
            [10, [39, 40, 41, 42]]
        ],
        [
            [22, [43]],
            [39, [50, 49, 48]]
        ],
        [
            [47, [47]]
        ],
        [
            [44, [44, 45, 46]]
        ]
    ]
]",293.8018589340399,0,4,3.0,324.3796811194131,1,4,3.0,results/sol_best_C101_1.dat_A4_L90_pid2812.txt,results/sol_best_multi_C101_1.dat_A4_L90_pid2812.txt,C101_1.dat_A4_L90_r1.log
14,test_data/data_demand_random_50_batch_all1_equal_cluster/C101_1.dat,4.0,90.0,2,519.0,"[
    [
        [
            [0, [1, 9, 10, 8, 4, 3, 25, 24, 16, 17, 18, 19, 26, 27, 38, 37, 36, 35, 34, 33]],
            [1, []],
            [9, [39, 40, 41, 42]],
            [10, []],
            [8, []],
            [4, []],
            [3, []],
            [25, []],
            [24, []],
            [16, []],
            [17, []],
            [18, []],
            [19, []],
            [39, []],
            [26, [50, 49, 48]],
            [27, []],
            [40, []],
            [41, []],
            [38, []],
            [42, []],
            [37, []],
            [36, []],
            [50, []],
            [49, []],
            [48, []],
            [35, []],
            [34, []],
            [33, []]
        ],
        [
            [0, [5, 7, 6, 2, 28, 29, 15, 14, 20, 21, 30, 31, 32, 23, 22, 13, 12, 11]],
            [5, []],
            [7, []],
            [6, []],
            [2, []],
            [28, []],
            [29, []],
            [15, []],
            [14, []],
            [20, []],
            [21, []],
            [30, []],
            [31, []],
            [32, []],
            [47, [47, 43]],
            [43, []],
            [44, [44, 45, 46]],
            [45, []],
            [46, []],
            [23, []],
            [22, []],
            [13, []],
            [12, []],
            [11, []]
        ]
    ],
    [
        [
            [9, [39, 40, 41, 42]]
        ],
        [
            [26, [50, 49, 48]]
        ],
        [
            [47, [47, 43]]
        ],
        [
            [44, [44, 45, 46]]
        ]
    ]
]",519.0,"[
    [
        [
            [0, [1, 9, 10, 8, 4, 3, 25, 24, 16, 17, 18, 19, 26, 27, 38, 37, 36, 35, 34, 33]],
            [1, []],
            [9, [39, 40, 41, 42]],
            [10, []],
            [8, []],
            [4, []],
            [3, []],
            [25, []],
            [24, []],
            [16, []],
            [17, []],
            [18, []],
            [19, []],
            [39, []],
            [26, [50, 49, 48]],
            [27, []],
            [40, []],
            [41, []],
            [38, []],
            [42, []],
            [37, []],
            [36, []],
            [50, []],
            [49, []],
            [48, []],
            [35, []],
            [34, []],
            [33, []]
        ],
        [
            [0, [6, 5, 7, 2, 28, 15, 14, 20, 21, 30, 31, 32, 23, 22, 13, 12, 11]],
            [6, []],
            [5, []],
            [7, []],
            [2, []],
            [28, []],
            [29, [29]],
            [15, []],
            [14, []],
            [20, []],
            [21, []],
            [30, []],
            [31, []],
            [32, []],
            [47, [47, 43]],
            [43, []],
            [44, [44, 45, 46]],
            [45, []],
            [46, []],
            [23, []],
            [22, []],
            [13, []],
            [12, []],
            [11, []]
        ]
    ],
    [
        [
            [9, [39, 40, 41, 42]]
        ],
        [
            [29, [29]],
            [26, [50, 49, 48]]
        ],
        [
            [47, [47, 43]]
        ],
        [
            [44, [44, 45, 46]]
        ]
    ]
]",337.9184606374173,0,4,3.0,341.9184606374173,1,4,3.25,results/sol_best_C101_1.dat_A4_L90_pid2813.txt,results/sol_best_multi_C101_1.dat_A4_L90_pid2813.txt,C101_1.dat_A4_L90_r2.log
15,test_data/data_demand_random_50_batch_all1_equal_cluster/C101_1.dat,4.0,120.0,1,543.0,"[
    [
        [
            [0, [8, 9, 10, 4, 3, 1, 16, 19, 18, 17, 26, 24, 25, 27, 38, 37, 36, 35, 34, 33]],
            [8, []],
            [9, []],
            [10, [39, 40, 41, 42]],
            [4, []],
            [3, []],
            [1, []],
            [16, []],
            [39, [50, 49, 48]],
            [19, []],
            [18, []],
            [17, []],
            [26, []],
            [24, []],
            [25, []],
            [27, []],
            [40, []],
            [41, []],
            [38, []],
            [37, []],
            [36, []],
            [42, []],
            [50, []],
            [49, []],
            [48, []],
            [35, []],
            [34, []],
            [33, []]
        ],
        [
            [0, [5, 7, 6, 2, 22, 15, 14, 20, 21, 30, 31, 32, 23, 29, 28, 13, 12, 11]],
            [5, []],
            [7, []],
            [6, []],
            [2, []],
            [22, []],
            [15, []],
            [14, [43, 44, 45, 46]],
            [20, []],
            [21, []],
            [30, []],
            [31, []],
            [32, []],
            [47, [47]],
            [43, []],
            [44, []],
            [45, []],
            [46, []],
            [23, []],
            [29, []],
            [28, []],
            [13, []],
            [12, []],
            [11, []]
        ]
    ],
    [
        [
            [10, [39, 40, 41, 42]]
        ],
        [
            [14, [43, 44, 45, 46]]
        ],
        [
            [39, [50, 49, 48]],
            [47, [47]]
        ]
    ]
]",543.0,"[
    [
        [
            [0, [8, 9, 10, 4, 3, 1, 16, 19, 18, 17, 26, 24, 25, 27, 38, 37, 36, 35, 34, 33]],
            [8, []],
            [9, []],
            [10, [39, 40, 41, 42]],
            [4, []],
            [3, []],
            [1, []],
            [16, []],
            [39, [50, 49, 48]],
            [19, []],
            [18, []],
            [17, []],
            [26, []],
            [24, []],
            [25, []],
            [27, []],
            [40, []],
            [41, []],
            [38, []],
            [37, []],
            [36, []],
            [42, []],
            [50, []],
            [49, []],
            [48, []],
            [35, []],
            [34, []],
            [33, []]
        ],
        [
            [0, [5, 7, 6, 2, 22, 15, 14, 20, 21, 30, 31, 32, 23, 29, 28, 13, 12, 11]],
            [5, []],
            [7, []],
            [6, []],
            [2, []],
            [22, []],
            [15, []],
            [14, [43, 44, 45, 46]],
            [20, []],
            [21, []],
            [30, []],
            [31, []],
            [32, []],
            [47, [47]],
            [43, []],
            [44, []],
            [45, []],
            [46, []],
            [23, []],
            [29, []],
            [28, []],
            [13, []],
            [12, []],
            [11, []]
        ]
    ],
    [
        [
            [10, [39, 40, 41, 42]]
        ],
        [
            [14, [43, 44, 45, 46]]
        ],
        [
            [39, [50, 49, 48]],
            [47, [47]]
        ]
    ]
]",292.8259200712217,1,3,4.0,292.8259200712217,1,3,4.0,results/sol_best_C101_1.dat_A4_L120_pid2835.txt,results/sol_best_multi_C101_1.dat_A4_L120_pid2835.txt,C101_1.dat_A4_L120_r1.log
15,test_data/data_demand_random_50_batch_all1_equal_cluster/C101_1.dat,4.0,120.0,2,519.0,"[
    [
        [
            [0, [1, 8, 9, 10, 4, 3, 25, 24, 16, 17, 18, 19, 26, 27, 38, 37, 36, 35, 34, 33]],
            [1, []],
            [8, []],
            [9, [39, 40, 41, 42]],
            [10, []],
            [4, []],
            [3, []],
            [25, []],
            [24, []],
            [16, []],
            [17, []],
            [18, []],
            [19, []],
            [39, [50, 49, 48]],
            [26, []],
            [27, []],
            [40, []],
            [41, []],
            [38, []],
            [37, []],
            [36, []],
            [42, []],
            [50, []],
            [49, []],
            [48, []],
            [35, []],
            [34, []],
            [33, []]
        ],
        [
            [0, [5, 7, 6, 2, 14, 21, 30, 31, 32, 23, 22, 15, 29, 28, 13, 12, 11]],
            [5, []],
            [7, []],
            [6, []],
            [2, []],
            [14, [43, 44, 45, 46]],
            [20, [20]],
            [21, []],
            [30, []],
            [31, []],
            [32, []],
            [47, [47]],
            [43, []],
            [44, []],
            [45, []],
            [46, []],
            [23, []],
            [22, []],
            [15, []],
            [29, []],
            [28, []],
            [13, []],
            [12, []],
            [11, []]
        ]
    ],
    [
        [
            [9, [39, 40, 41, 42]]
        ],
        [
            [14, [43, 44, 45, 46]]
        ],
        [
            [20, [20]],
            [39, [50, 49, 48]]
        ],
        [
            [47, [47]]
        ]
    ]
]",519.0,"[
    [
        [
            [0, [1, 8, 10, 9, 4, 3, 25, 24, 16, 17, 18, 19, 26, 27, 38, 37, 36, 35, 34, 33]],
            [1, []],
            [8, []],
            [10, [39, 40, 41, 42]],
            [9, []],
            [4, []],
            [3, []],
            [25, []],
            [24, []],
            [16, []],
            [17, []],
            [18, []],
            [19, []],
            [39, [50, 49, 48]],
            [26, []],
            [27, []],
            [40, []],
            [41, []],
            [38, []],
            [37, []],
            [36, []],
            [42, []],
            [50, []],
            [49, []],
            [48, []],
            [35, []],
            [34, []],
            [33, []]
        ],
        [
            [0, [5, 7, 6, 2, 14, 21, 30, 31, 32, 23, 22, 15, 29, 28, 13, 12, 11]],
            [5, []],
            [7, []],
            [6, []],
            [2, []],
            [14, [43, 44, 45, 46]],
            [20, [20]],
            [21, []],
            [30, []],
            [31, []],
            [32, []],
            [47, [47]],
            [43, []],
            [44, []],
            [45, []],
            [46, []],
            [23, []],
            [22, []],
            [15, []],
            [29, []],
            [28, []],
            [13, []],
            [12, []],
            [11, []]
        ]
    ],
    [
        [
            [10, [39, 40, 41, 42]]
        ],
        [
            [14, [43, 44, 45, 46]]
        ],
        [
            [20, [20]],
            [39, [50, 49, 48]]
        ],
        [
            [47, [47]]
        ]
    ]
]",287.57798818868514,1,4,3.25,289.8018589340399,1,4,3.25,results/sol_best_C101_1.dat_A4_L120_pid2836.txt,results/sol_best_multi_C101_1.dat_A4_L120_pid2836.txt,C101_1.dat_A4_L120_r2.log
16,test_data/data_demand_random_50_batch_all1_equal_cluster/C101_1.dat,8.0,60.0,1,538.0,"[
    [
        [
            [0, [2, 3, 4, 8, 9, 10, 33, 37, 36, 34, 35, 48, 49, 50, 42, 38, 41, 26, 17, 18, 19, 39, 27, 40, 25, 24, 16]],
            [2, []],
            [3, []],
            [4, []],
            [8, []],
            [9, []],
            [10, []],
            [33, []],
            [37, []],
            [36, []],
            [34, []],
            [35, []],
            [48, []],
            [49, []],
            [50, []],
            [42, []],
            [38, []],
            [41, []],
            [26, []],
            [17, []],
            [18, []],
            [19, []],
            [39, []],
            [27, []],
            [40, []],
            [25, []],
            [24, []],
            [16, []]
        ],
        [
            [0, [1, 5, 6, 7, 30, 31, 32, 47, 43, 44, 45, 46, 21, 20, 22, 23, 15, 29, 28, 13, 12, 11, 14]],
            [1, []],
            [5, []],
            [6, []],
            [7, []],
            [30, []],
            [31, []],
            [32, []],
            [47, []],
            [43, []],
            [44, []],
            [45, []],
            [46, []],
            [21, []],
            [20, []],
            [22, []],
            [23, []],
            [15, []],
            [29, []],
            [28, []],
            [13, []],
            [12, []],
            [11, []],
            [14, []]
        ]
    ],
    [
    ]
]",,,0.0,0,0,0.0,,,,,results/sol_best_C101_1.dat_A8_L60_pid2792.txt,(not found),C101_1.dat_A8_L60_r1.log
16,test_data/data_demand_random_50_batch_all1_equal_cluster/C101_1.dat,8.0,60.0,2,538.0,"[
    [
        [
            [0, [1, 2, 3, 6, 7, 9, 10, 33, 34, 35, 48, 49, 50, 42, 36, 37, 38, 41, 40, 27, 39, 19, 18, 17, 26, 25, 24, 16]],
            [1, []],
            [2, []],
            [3, []],
            [6, []],
            [7, []],
            [9, []],
            [10, []],
            [33, []],
            [34, []],
            [35, []],
            [48, []],
            [49, []],
            [50, []],
            [42, []],
            [36, []],
            [37, []],
            [38, []],
            [41, []],
            [40, []],
            [27, []],
            [39, []],
            [19, []],
            [18, []],
            [17, []],
            [26, []],
            [25, []],
            [24, []],
            [16, []]
        ],
        [
            [0, [5, 8, 4, 30, 31, 32, 47, 43, 44, 45, 46, 21, 20, 14, 15, 23, 22, 13, 28, 29, 12, 11]],
            [5, []],
            [8, []],
            [4, []],
            [30, []],
            [31, []],
            [32, []],
            [47, []],
            [43, []],
            [44, []],
            [45, []],
            [46, []],
            [21, []],
            [20, []],
            [14, []],
            [15, []],
            [23, []],
            [22, []],
            [13, []],
            [28, []],
            [29, []],
            [12, []],
            [11, []]
        ]
    ],
    [
    ]
]",,,0.0,0,0,0.0,,,,,results/sol_best_C101_1.dat_A8_L60_pid2793.txt,(not found),C101_1.dat_A8_L60_r2.log
17,test_data/data_demand_random_50_batch_all1_equal_cluster/C101_1.dat,8.0,90.0,1,549.62,"[
    [
        [
            [0, [10, 9, 8, 4, 3, 1, 17, 18, 19, 27, 26, 24, 25, 16]],
            [10, [39, 40, 41, 42]],
            [9, [38, 37, 36, 35, 34, 33]],
            [8, []],
            [4, []],
            [3, []],
            [1, []],
            [17, []],
            [18, []],
            [19, []],
            [27, []],
            [26, []],
            [24, []],
            [25, []],
            [16, []],
            [39, [50, 49, 48]],
            [40, []],
            [41, []],
            [38, []],
            [37, []],
            [36, []],
            [42, []],
            [50, []],
            [49, []],
            [48, []],
            [35, []],
            [34, []],
            [33, []]
        ],
        [
            [0, [5, 7, 6, 2, 29, 28, 14, 20, 21, 30, 31, 32, 23, 22, 13, 12, 11]],
            [5, []],
            [7, []],
            [6, []],
            [2, []],
            [15, [15]],
            [29, []],
            [28, []],
            [14, []],
            [20, []],
            [21, [43, 44, 45, 46, 47]],
            [30, []],
            [31, []],
            [32, []],
            [47, []],
            [43, []],
            [44, []],
            [45, []],
            [46, []],
            [23, []],
            [22, []],
            [13, []],
            [12, []],
            [11, []]
        ]
    ],
    [
        [
            [10, [39, 40, 41, 42]],
            [15, [15]]
        ],
        [
            [9, [38, 37, 36, 35, 34, 33]]
        ],
        [
            [21, [43, 44, 45, 46, 47]],
            [39, [50, 49, 48]]
        ]
    ]
]",549.615528128088,"[
    [
        [
            [0, [10, 9, 8, 4, 3, 1, 17, 18, 19, 27, 26, 24, 25, 16]],
            [10, [39, 40, 41, 42]],
            [9, [38, 37, 36, 35, 34, 33]],
            [8, []],
            [4, []],
            [3, []],
            [1, []],
            [17, []],
            [18, []],
            [19, []],
            [27, []],
            [26, []],
            [24, []],
            [25, []],
            [16, []],
            [39, [50, 49, 48]],
            [40, []],
            [41, []],
            [38, []],
            [37, []],
            [36, []],
            [42, []],
            [50, []],
            [49, []],
            [48, []],
            [35, []],
            [34, []],
            [33, []]
        ],
        [
            [0, [5, 7, 6, 2, 29, 28, 14, 20, 21, 30, 31, 32, 23, 22, 13, 12, 11]],
            [5, []],
            [7, []],
            [6, []],
            [2, []],
            [15, [15]],
            [29, []],
            [28, []],
            [14, []],
            [20, []],
            [21, [43, 44, 45, 46, 47]],
            [30, []],
            [31, []],
            [32, []],
            [47, []],
            [43, []],
            [44, []],
            [45, []],
            [46, []],
            [23, []],
            [22, []],
            [13, []],
            [12, []],
            [11, []]
        ]
    ],
    [
        [
            [10, [39, 40, 41, 42]],
            [15, [15]]
        ],
        [
            [9, [38, 37, 36, 35, 34, 33]]
        ],
        [
            [21, [43, 44, 45, 46, 47]],
            [39, [50, 49, 48]]
        ]
    ]
]",267.4586396021411,2,3,6.333333333333333,267.4586396021411,2,3,6.333333333333333,results/sol_best_C101_1.dat_A8_L90_pid2829.txt,results/sol_best_multi_C101_1.dat_A8_L90_pid2829.txt,C101_1.dat_A8_L90_r1.log
17,test_data/data_demand_random_50_batch_all1_equal_cluster/C101_1.dat,8.0,90.0,2,496.13,"[
    [
        [
            [0, [8, 4, 6, 3, 1, 19, 18, 17, 16]],
            [8, [27, 24, 25, 26]],
            [4, []],
            [7, [7]],
            [6, [38, 37, 36, 35, 34, 33]],
            [3, []],
            [1, []],
            [27, []],
            [19, []],
            [18, []],
            [17, []],
            [16, []],
            [24, []],
            [25, []],
            [26, []],
            [39, [50, 49, 48, 39, 40, 41, 42]],
            [40, []],
            [41, []],
            [38, []],
            [37, []],
            [36, []],
            [42, []],
            [50, []],
            [49, []],
            [48, []],
            [35, []],
            [34, []],
            [33, []]
        ],
        [
            [0, [5, 2, 9, 10, 14, 13, 12, 11]],
            [5, []],
            [2, []],
            [9, [15]],
            [10, []],
            [29, [29, 20, 21, 23, 22]],
            [28, [28]],
            [15, []],
            [14, []],
            [20, []],
            [21, []],
            [30, [30, 31, 32]],
            [31, []],
            [32, []],
            [47, [47, 43, 44, 45, 46]],
            [43, []],
            [44, []],
            [45, []],
            [46, []],
            [23, []],
            [22, []],
            [13, []],
            [12, []],
            [11, []]
        ]
    ],
    [
        [
            [9, [15]],
            [8, [27, 24, 25, 26]]
        ],
        [
            [7, [7]],
            [29, [29, 20, 21, 23, 22]]
        ],
        [
            [6, [38, 37, 36, 35, 34, 33]],
            [28, [28]]
        ],
        [
            [39, [50, 49, 48, 39, 40, 41, 42]]
        ],
        [
            [30, [30, 31, 32]]
        ],
        [
            [47, [47, 43, 44, 45, 46]]
        ]
    ]
]",496.13,"[
    [
        [
            [0, [8, 4, 6, 3, 1, 19, 18, 17, 16]],
            [8, [27, 24, 25, 26]],
            [4, []],
            [7, [7]],
            [6, [38, 37, 36, 35, 34, 33]],
            [3, []],
            [1, []],
            [27, []],
            [19, []],
            [18, []],
            [17, []],
            [16, []],
            [24, []],
            [25, []],
            [26, []],
            [39, [50, 49, 48, 39, 40, 41, 42]],
            [40, []],
            [41, []],
            [38, []],
            [37, []],
            [36, []],
            [42, []],
            [50, []],
            [49, []],
            [48, []],
            [35, []],
            [34, []],
            [33, []]
        ],
        [
            [0, [5, 2, 9, 10, 14, 13, 12, 11]],
            [5, []],
            [2, []],
            [9, [15]],
            [10, []],
            [29, [29, 20, 21, 23, 22]],
            [28, [28]],
            [15, []],
            [14, []],
            [20, []],
            [21, []],
            [30, [30, 31, 32]],
            [31, []],
            [32, []],
            [47, [47, 43, 44, 45, 46]],
            [43, []],
            [44, []],
            [45, []],
            [46, []],
            [23, []],
            [22, []],
            [13, []],
            [12, []],
            [11, []]
        ]
    ],
    [
        [
            [9, [15]],
            [8, [27, 24, 25, 26]]
        ],
        [
            [7, [7]],
            [29, [29, 20, 21, 23, 22]]
        ],
        [
            [6, [38, 37, 36, 35, 34, 33]],
            [28, [28]]
        ],
        [
            [39, [50, 49, 48, 39, 40, 41, 42]]
        ],
        [
            [30, [30, 31, 32]]
        ],
        [
            [47, [47, 43, 44, 45, 46]]
        ]
    ]
]",243.91770155512828,3,6,5.5,243.91770155512828,3,6,5.5,results/sol_best_C101_1.dat_A8_L90_pid2830.txt,results/sol_best_multi_C101_1.dat_A8_L90_pid2830.txt,C101_1.dat_A8_L90_r2.log
18,test_data/data_demand_random_50_batch_all1_equal_cluster/C101_1.dat,8.0,120.0,1,521.0,"[
    [
        [
            [0, [3, 10, 7, 9, 4, 8, 6, 2, 1, 24, 16, 19, 18, 17, 27, 26, 25, 5]],
            [3, []],
            [10, []],
            [7, []],
            [9, []],
            [4, []],
            [8, []],
            [6, []],
            [2, []],
            [1, []],
            [24, []],
            [16, []],
            [19, []],
            [18, []],
            [17, []],
            [27, []],
            [26, [38, 37, 36, 35, 34, 33]],
            [39, [50, 49, 48, 39, 40, 41, 42]],
            [40, []],
            [41, []],
            [25, []],
            [38, []],
            [37, []],
            [36, []],
            [42, []],
            [50, []],
            [49, []],
            [48, []],
            [35, []],
            [34, []],
            [33, []],
            [5, []]
        ],
        [
            [0, [15, 29, 28, 14, 20, 21, 30, 31, 32, 44, 45, 46, 23, 22, 13, 12, 11]],
            [15, []],
            [29, []],
            [28, []],
            [14, []],
            [20, []],
            [21, []],
            [30, []],
            [31, []],
            [32, []],
            [47, [47]],
            [43, [43]],
            [44, []],
            [45, []],
            [46, []],
            [23, []],
            [22, []],
            [13, []],
            [12, []],
            [11, []]
        ]
    ],
    [
        [
            [26, [38, 37, 36, 35, 34, 33]],
            [47, [47]]
        ],
        [
            [39, [50, 49, 48, 39, 40, 41, 42]],
            [43, [43]]
        ]
    ]
]",521.0,"[
    [
        [
            [0, [3, 10, 7, 9, 4, 8, 6, 2, 1, 24, 16, 19, 18, 17, 27, 26, 25, 5]],
            [3, []],
            [10, []],
            [7, []],
            [9, []],
            [4, []],
            [8, []],
            [6, []],
            [2, []],
            [1, []],
            [24, []],
            [16, []],
            [19, []],
            [18, []],
            [17, []],
            [27, []],
            [26, [38, 37, 36, 35, 34, 33]],
            [39, [50, 49, 48, 39, 40, 41, 42]],
            [40, []],
            [41, []],
            [25, []],
            [38, []],
            [37, []],
            [36, []],
            [42, []],
            [50, []],
            [49, []],
            [48, []],
            [35, []],
            [34, []],
            [33, []],
            [5, []]
        ],
        [
            [0, [15, 14, 20, 21, 30, 31, 32, 44, 45, 46, 23, 22, 29, 28, 13, 12, 11]],
            [15, []],
            [14, []],
            [20, []],
            [21, []],
            [30, []],
            [31, []],
            [32, []],
            [47, [47]],
            [43, [43]],
            [44, []],
            [45, []],
            [46, []],
            [23, []],
            [22, []],
            [29, []],
            [28, []],
            [13, []],
            [12, []],
            [11, []]
        ]
    ],
    [
        [
            [26, [38, 37, 36, 35, 34, 33]],
            [47, [47]]
        ],
        [
            [39, [50, 49, 48, 39, 40, 41, 42]],
            [43, [43]]
        ]
    ]
]",395.5533805670866,2,2,7.5,383.4078827528118,2,2,7.5,results/sol_best_C101_1.dat_A8_L120_pid2784.txt,results/sol_best_multi_C101_1.dat_A8_L120_pid2784.txt,C101_1.dat_A8_L120_r1.log
18,test_data/data_demand_random_50_batch_all1_equal_cluster/C101_1.dat,8.0,120.0,2,532.62,"[
    [
        [
            [0, [8, 4, 10, 9, 3, 1, 16, 19, 18, 17, 27, 26, 24, 25]],
            [8, [38, 37, 36, 35, 34, 33]],
            [4, []],
            [10, [39, 40, 41, 42]],
            [9, []],
            [3, []],
            [1, []],
            [16, []],
            [19, []],
            [18, []],
            [17, []],
            [39, [50, 49, 48]],
            [27, []],
            [26, []],
            [24, []],
            [25, []],
            [40, []],
            [41, []],
            [38, []],
            [37, []],
            [36, []],
            [42, []],
            [50, []],
            [49, []],
            [48, []],
            [35, []],
            [34, []],
            [33, []]
        ],
        [
            [0, [2, 7, 6, 5, 15, 29, 28, 14, 21, 30, 31, 32, 23, 22, 13, 12, 11]],
            [2, []],
            [7, []],
            [6, []],
            [5, []],
            [15, []],
            [29, []],
            [28, []],
            [14, []],
            [20, [20]],
            [21, []],
            [30, []],
            [31, []],
            [32, []],
            [47, [47, 43, 44, 45, 46]],
            [43, []],
            [44, []],
            [45, []],
            [46, []],
            [23, []],
            [22, []],
            [13, []],
            [12, []],
            [11, []]
        ]
    ],
    [
        [
            [8, [38, 37, 36, 35, 34, 33]]
        ],
        [
            [10, [39, 40, 41, 42]],
            [20, [20]]
        ],
        [
            [39, [50, 49, 48]],
            [47, [47, 43, 44, 45, 46]]
        ]
    ]
]",532.615528128088,"[
    [
        [
            [0, [8, 4, 10, 9, 3, 1, 16, 19, 18, 17, 27, 26, 24, 25]],
            [8, [38, 37, 36, 35, 34, 33]],
            [4, []],
            [10, [39, 40, 41, 42]],
            [9, []],
            [3, []],
            [1, []],
            [16, []],
            [19, []],
            [18, []],
            [17, []],
            [39, [50, 49, 48]],
            [27, []],
            [26, []],
            [24, []],
            [25, []],
            [40, []],
            [41, []],
            [38, []],
            [37, []],
            [36, []],
            [42, []],
            [50, []],
            [49, []],
            [48, []],
            [35, []],
            [34, []],
            [33, []]
        ],
        [
            [0, [2, 7, 6, 5, 15, 29, 28, 14, 21, 30, 31, 32, 23, 22, 13, 12, 11]],
            [2, []],
            [7, []],
            [6, []],
            [5, []],
            [15, []],
            [29, []],
            [28, []],
            [14, []],
            [20, [20]],
            [21, []],
            [30, []],
            [31, []],
            [32, []],
            [47, [47, 43, 44, 45, 46]],
            [43, []],
            [44, []],
            [45, []],
            [46, []],
            [23, []],
            [22, []],
            [13, []],
            [12, []],
            [11, []]
        ]
    ],
    [
        [
            [8, [38, 37, 36, 35, 34, 33]]
        ],
        [
            [10, [39, 40, 41, 42]],
            [20, [20]]
        ],
        [
            [39, [50, 49, 48]],
            [47, [47, 43, 44, 45, 46]]
        ]
    ]
]",292.87523043153845,2,3,6.333333333333333,292.87523043153845,2,3,6.333333333333333,results/sol_best_C101_1.dat_A8_L120_pid2785.txt,results/sol_best_multi_C101_1.dat_A8_L120_pid2785.txt,C101_1.dat_A8_L120_r2.log
19,test_data/data_demand_random_50_batch_all1_equal_cluster/C101_2.5.dat,4.0,60.0,1,972.0,"[
    [
        [
            [0, [13, 39, 47, 46, 45, 44, 33, 8, 9, 7, 6, 5, 3, 4, 1, 21, 20, 19, 18, 17, 16, 29, 30, 28, 27, 15]],
            [13, []],
            [39, []],
            [47, []],
            [46, []],
            [45, []],
            [44, []],
            [33, []],
            [8, []],
            [9, []],
            [7, []],
            [6, []],
            [5, []],
            [3, []],
            [4, []],
            [1, []],
            [21, []],
            [20, []],
            [19, []],
            [18, []],
            [17, []],
            [16, []],
            [29, []],
            [30, []],
            [28, []],
            [27, []],
            [15, []]
        ],
        [
            [0, [2, 32, 37, 36, 31, 50, 48, 49, 38, 35, 34, 43, 42, 41, 40, 22, 23, 25, 24, 14, 26, 12, 11, 10]],
            [2, []],
            [32, []],
            [37, []],
            [36, []],
            [31, []],
            [50, []],
            [48, []],
            [49, []],
            [38, []],
            [35, []],
            [34, []],
            [43, []],
            [42, []],
            [41, []],
            [40, []],
            [22, []],
            [23, []],
            [25, []],
            [24, []],
            [14, []],
            [26, []],
            [12, []],
            [11, []],
            [10, []]
        ]
    ],
    [
    ]
]",,,0.0,0,0,0.0,,,,,results/sol_best_C101_2.5.dat_A4_L60_pid2802.txt,(not found),C101_2.5.dat_A4_L60_r1.log
19,test_data/data_demand_random_50_batch_all1_equal_cluster/C101_2.5.dat,4.0,60.0,2,972.0,"[
    [
        [
            [0, [1, 29, 30, 20, 19, 18, 17, 16, 21, 27, 15, 28, 4, 8, 9, 7, 6, 5, 32, 33, 44, 45, 46, 47, 39, 13]],
            [1, []],
            [29, []],
            [30, []],
            [20, []],
            [19, []],
            [18, []],
            [17, []],
            [16, []],
            [21, []],
            [27, []],
            [15, []],
            [28, []],
            [4, []],
            [8, []],
            [9, []],
            [7, []],
            [6, []],
            [5, []],
            [32, []],
            [33, []],
            [44, []],
            [45, []],
            [46, []],
            [47, []],
            [39, []],
            [13, []]
        ],
        [
            [0, [2, 3, 36, 37, 31, 50, 48, 49, 38, 35, 34, 43, 42, 41, 40, 22, 23, 25, 24, 14, 26, 12, 11, 10]],
            [2, []],
            [3, []],
            [36, []],
            [37, []],
            [31, []],
            [50, []],
            [48, []],
            [49, []],
            [38, []],
            [35, []],
            [34, []],
            [43, []],
            [42, []],
            [41, []],
            [40, []],
            [22, []],
            [23, []],
            [25, []],
            [24, []],
            [14, []],
            [26, []],
            [12, []],
            [11, []],
            [10, []]
        ]
    ],
    [
    ]
]",,,0.0,0,0,0.0,,,,,results/sol_best_C101_2.5.dat_A4_L60_pid2803.txt,(not found),C101_2.5.dat_A4_L60_r2.log
20,test_data/data_demand_random_50_batch_all1_equal_cluster/C101_2.5.dat,4.0,90.0,1,864.39,"[
    [
        [
            [0, [2, 7, 9, 8, 22, 23, 14, 13, 11, 10, 12, 25, 24, 15, 16, 17, 18, 19, 30, 20, 21, 27, 28, 29, 31, 1]],
            [2, []],
            [7, []],
            [9, []],
            [5, [5]],
            [8, []],
            [22, []],
            [23, []],
            [14, []],
            [13, []],
            [11, []],
            [10, []],
            [12, [26]],
            [26, []],
            [39, [39]],
            [25, []],
            [24, []],
            [15, []],
            [16, []],
            [17, []],
            [18, []],
            [19, []],
            [30, []],
            [20, []],
            [21, []],
            [27, []],
            [28, []],
            [29, []],
            [31, []],
            [50, [50, 49, 48, 37]],
            [49, []],
            [48, []],
            [37, []],
            [1, []]
        ],
        [
            [0, [4, 6, 36, 38, 34, 33, 32]],
            [4, []],
            [3, [3]],
            [6, [35]],
            [35, []],
            [36, []],
            [38, []],
            [34, [47, 46, 45, 44]],
            [41, [43, 42, 41, 40]],
            [42, []],
            [43, []],
            [44, []],
            [45, []],
            [47, []],
            [46, []],
            [40, []],
            [33, []],
            [32, []]
        ]
    ],
    [
        [
            [5, [5]],
            [3, [3]]
        ],
        [
            [6, [35]],
            [12, [26]]
        ],
        [
            [39, [39]]
        ],
        [
            [50, [50, 49, 48, 37]]
        ],
        [
            [34, [47, 46, 45, 44]]
        ],
        [
            [41, [43, 42, 41, 40]]
        ]
    ]
]",864.388269481403,"[
    [
        [
            [0, [3, 4, 7, 5, 2, 22, 24, 14, 13, 11, 10, 12, 25, 23, 15, 16, 17, 18, 19, 30, 20, 21, 27, 28, 29, 31, 1]],
            [3, []],
            [4, []],
            [7, []],
            [5, []],
            [8, [8]],
            [2, []],
            [22, []],
            [24, []],
            [14, []],
            [13, []],
            [11, []],
            [10, []],
            [12, []],
            [26, [26]],
            [39, [39]],
            [25, []],
            [23, []],
            [15, []],
            [16, []],
            [17, []],
            [18, []],
            [19, []],
            [30, []],
            [20, []],
            [21, []],
            [27, []],
            [28, []],
            [29, []],
            [31, []],
            [50, [50, 49, 48, 37]],
            [49, []],
            [48, []],
            [37, []],
            [1, []]
        ],
        [
            [0, [6, 36, 38, 34, 33, 32]],
            [9, [9]],
            [6, [35]],
            [35, []],
            [36, []],
            [38, []],
            [34, [47, 46, 45, 44]],
            [41, [43, 42, 41, 40]],
            [42, []],
            [43, []],
            [44, []],
            [45, []],
            [47, []],
            [46, []],
            [40, []],
            [33, []],
            [32, []]
        ]
    ],
    [
        [
            [8, [8]],
            [9, [9]]
        ],
        [
            [6, [35]],
            [26, [26]]
        ],
        [
            [39, [39]]
        ],
        [
            [50, [50, 49, 48, 37]]
        ],
        [
            [34, [47, 46, 45, 44]]
        ],
        [
            [41, [43, 42, 41, 40]]
        ]
    ]
]",602.7767683477292,2,6,2.8333333333333335,614.1309835980738,2,6,2.8333333333333335,results/sol_best_C101_2.5.dat_A4_L90_pid2865.txt,results/sol_best_multi_C101_2.5.dat_A4_L90_pid2865.txt,C101_2.5.dat_A4_L90_r1.log
20,test_data/data_demand_random_50_batch_all1_equal_cluster/C101_2.5.dat,4.0,90.0,2,885.62,"[
    [
        [
            [0, [3, 4, 6, 8, 9, 7, 5, 27, 15, 21, 20, 19, 18, 17, 16, 29, 30, 28, 31, 1, 11, 12, 26, 10]],
            [3, []],
            [4, []],
            [6, []],
            [8, []],
            [9, []],
            [7, []],
            [33, [33, 32]],
            [32, []],
            [5, []],
            [27, []],
            [15, []],
            [21, []],
            [20, []],
            [19, []],
            [18, []],
            [17, []],
            [16, [37, 22]],
            [29, []],
            [30, []],
            [28, []],
            [37, [50, 49, 48, 39]],
            [31, []],
            [50, []],
            [49, []],
            [48, []],
            [1, []],
            [22, []],
            [11, []],
            [12, []],
            [39, []],
            [26, []],
            [10, []]
        ],
        [
            [0, [24, 14, 23, 25, 13, 2]],
            [24, []],
            [14, []],
            [23, []],
            [25, []],
            [13, []],
            [2, []],
            [38, [38]],
            [35, [35, 36, 34]],
            [36, [47, 46, 45, 44]],
            [34, []],
            [42, [42, 41, 40, 43]],
            [43, []],
            [47, []],
            [46, []],
            [45, []],
            [44, []],
            [41, []],
            [40, []]
        ]
    ],
    [
        [
            [33, [33, 32]],
            [38, [38]]
        ],
        [
            [35, [35, 36, 34]]
        ],
        [
            [16, [37, 22]]
        ],
        [
            [36, [47, 46, 45, 44]]
        ],
        [
            [37, [50, 49, 48, 39]]
        ],
        [
            [42, [42, 41, 40, 43]]
        ]
    ]
]",885.615528128088,"[
    [
        [
            [0, [3, 4, 6, 8, 9, 7, 5, 27, 15, 21, 20, 19, 18, 17, 16, 29, 30, 28, 31, 1, 11, 12, 26, 10]],
            [3, []],
            [4, []],
            [6, []],
            [8, []],
            [9, []],
            [7, []],
            [33, [33, 32]],
            [32, []],
            [5, []],
            [27, []],
            [15, []],
            [21, []],
            [20, []],
            [19, []],
            [18, []],
            [17, []],
            [16, [37, 22]],
            [29, []],
            [30, []],
            [28, []],
            [37, [50, 49, 48, 39]],
            [31, []],
            [50, []],
            [49, []],
            [48, []],
            [1, []],
            [22, []],
            [11, []],
            [12, []],
            [39, []],
            [26, []],
            [10, []]
        ],
        [
            [0, [24, 14, 23, 25, 13, 2]],
            [24, []],
            [14, []],
            [23, []],
            [25, []],
            [13, []],
            [2, []],
            [38, [38]],
            [35, [35, 36, 34]],
            [36, [47, 46, 45, 44]],
            [34, []],
            [42, [42, 41, 40, 43]],
            [43, []],
            [47, []],
            [46, []],
            [45, []],
            [44, []],
            [41, []],
            [40, []]
        ]
    ],
    [
        [
            [33, [33, 32]],
            [38, [38]]
        ],
        [
            [35, [35, 36, 34]]
        ],
        [
            [16, [37, 22]]
        ],
        [
            [36, [47, 46, 45, 44]]
        ],
        [
            [37, [50, 49, 48, 39]]
        ],
        [
            [42, [42, 41, 40, 43]]
        ]
    ]
]",571.9140101010233,1,6,3.3333333333333335,571.9140101010233,1,6,3.3333333333333335,results/sol_best_C101_2.5.dat_A4_L90_pid2866.txt,results/sol_best_multi_C101_2.5.dat_A4_L90_pid2866.txt,C101_2.5.dat_A4_L90_r2.log
21,test_data/data_demand_random_50_batch_all1_equal_cluster/C101_2.5.dat,4.0,120.0,1,894.0,"[
    [
        [
            [0, [14, 25, 23, 4, 9, 7, 6, 3, 29, 30, 20, 19, 18, 17, 16, 21, 27, 15, 28, 31, 5, 1, 2, 13, 11, 26, 10]],
            [14, []],
            [25, []],
            [23, []],
            [4, []],
            [9, []],
            [7, []],
            [6, []],
            [3, []],
            [29, []],
            [30, []],
            [20, []],
            [19, []],
            [18, []],
            [17, []],
            [16, []],
            [21, []],
            [27, []],
            [15, []],
            [28, []],
            [50, [50]],
            [31, [49, 48, 37, 39]],
            [37, []],
            [49, []],
            [48, []],
            [5, []],
            [1, []],
            [2, []],
            [13, []],
            [11, []],
            [26, []],
            [39, []],
            [10, []]
        ],
        [
            [0, [12, 24, 22, 33, 32, 36, 38, 35, 34, 8]],
            [12, []],
            [24, []],
            [22, []],
            [33, []],
            [32, []],
            [36, []],
            [38, []],
            [35, []],
            [34, []],
            [41, [43, 42, 41, 47]],
            [42, []],
            [43, []],
            [47, []],
            [46, [46, 45, 44, 40]],
            [45, []],
            [44, []],
            [40, []],
            [8, []]
        ]
    ],
    [
        [
            [50, [50]]
        ],
        [
            [31, [49, 48, 37, 39]]
        ],
        [
            [41, [43, 42, 41, 47]]
        ],
        [
            [46, [46, 45, 44, 40]]
        ]
    ]
]",903.0,"[
    [
        [
            [0, [25, 23, 4, 9, 7, 6, 5, 29, 30, 20, 19, 18, 17, 16, 21, 27, 15, 28, 31, 3, 1, 2, 13, 11, 10]],
            [26, [26]],
            [25, []],
            [23, []],
            [4, []],
            [9, []],
            [7, []],
            [6, []],
            [5, []],
            [29, []],
            [30, []],
            [20, []],
            [19, []],
            [18, []],
            [17, []],
            [16, []],
            [21, []],
            [27, []],
            [15, []],
            [28, []],
            [50, [50]],
            [31, [49, 48, 37, 39]],
            [37, []],
            [49, []],
            [48, []],
            [3, []],
            [1, []],
            [2, []],
            [13, []],
            [11, []],
            [39, []],
            [10, []]
        ],
        [
            [0, [12, 24, 22, 33, 32, 36, 38, 35, 34, 8]],
            [12, []],
            [14, [14]],
            [24, []],
            [22, []],
            [33, []],
            [32, []],
            [36, []],
            [38, []],
            [35, []],
            [34, []],
            [41, [43, 42, 41, 47]],
            [42, []],
            [43, []],
            [47, []],
            [46, [46, 45, 44, 40]],
            [45, []],
            [44, []],
            [40, []],
            [8, []]
        ]
    ],
    [
        [
            [26, [26]],
            [14, [14]]
        ],
        [
            [50, [50]]
        ],
        [
            [31, [49, 48, 37, 39]]
        ],
        [
            [41, [43, 42, 41, 47]]
        ],
        [
            [46, [46, 45, 44, 40]]
        ]
    ]
]",724.5697185277047,0,4,3.25,685.4557748221638,1,5,3.0,results/sol_best_C101_2.5.dat_A4_L120_pid2719.txt,results/sol_best_multi_C101_2.5.dat_A4_L120_pid2719.txt,C101_2.5.dat_A4_L120_r1.log
21,test_data/data_demand_random_50_batch_all1_equal_cluster/C101_2.5.dat,4.0,120.0,2,859.98,"[
    [
        [
            [0, [13, 2, 3, 9, 7, 6, 5, 21, 20, 19, 18, 17, 16, 29, 30, 28, 27, 15, 31, 4]],
            [13, []],
            [2, []],
            [3, []],
            [9, []],
            [7, []],
            [6, []],
            [5, []],
            [21, []],
            [20, []],
            [19, []],
            [18, []],
            [17, []],
            [16, []],
            [29, []],
            [30, []],
            [28, []],
            [27, []],
            [15, []],
            [37, [50, 49, 48, 37]],
            [31, []],
            [50, []],
            [49, []],
            [48, []],
            [1, [1]],
            [4, []]
        ],
        [
            [0, [22, 14, 12, 11, 10, 26, 24, 25, 23, 8]],
            [22, []],
            [14, []],
            [12, []],
            [11, []],
            [10, []],
            [26, []],
            [24, []],
            [25, []],
            [23, []],
            [8, [36, 38, 35, 34]],
            [33, [33, 32]],
            [32, []],
            [36, []],
            [38, []],
            [35, []],
            [34, []],
            [43, [43, 42, 41, 47]],
            [42, []],
            [41, []],
            [47, []],
            [46, [46, 45, 44, 40]],
            [45, []],
            [44, []],
            [40, []],
            [39, [39]]
        ]
    ],
    [
        [
            [8, [36, 38, 35, 34]]
        ],
        [
            [33, [33, 32]]
        ],
        [
            [37, [50, 49, 48, 37]]
        ],
        [
            [43, [43, 42, 41, 47]]
        ],
        [
            [46, [46, 45, 44, 40]]
        ],
        [
            [1, [1]],
            [39, [39]]
        ]
    ]
]",859.98,"[
    [
        [
            [0, [13, 2, 3, 9, 7, 6, 5, 21, 20, 19, 18, 17, 16, 29, 30, 28, 27, 15, 31, 4]],
            [13, []],
            [2, []],
            [3, []],
            [9, []],
            [7, []],
            [6, []],
            [5, []],
            [21, []],
            [20, []],
            [19, []],
            [18, []],
            [17, []],
            [16, []],
            [29, []],
            [30, []],
            [28, []],
            [27, []],
            [15, []],
            [37, [50, 49, 48, 37]],
            [31, []],
            [50, []],
            [49, []],
            [48, []],
            [1, [1]],
            [4, []]
        ],
        [
            [0, [22, 14, 12, 11, 10, 26, 24, 25, 23, 8]],
            [22, []],
            [14, []],
            [12, []],
            [11, []],
            [10, []],
            [26, []],
            [24, []],
            [25, []],
            [23, []],
            [8, [36, 38, 35, 34]],
            [33, [33, 32]],
            [32, []],
            [36, []],
            [38, []],
            [35, []],
            [34, []],
            [43, [43, 42, 41, 47]],
            [42, []],
            [41, []],
            [47, []],
            [46, [46, 45, 44, 40]],
            [45, []],
            [44, []],
            [40, []],
            [39, [39]]
        ]
    ],
    [
        [
            [8, [36, 38, 35, 34]]
        ],
        [
            [33, [33, 32]]
        ],
        [
            [37, [50, 49, 48, 37]]
        ],
        [
            [43, [43, 42, 41, 47]]
        ],
        [
            [46, [46, 45, 44, 40]]
        ],
        [
            [1, [1]],
            [39, [39]]
        ]
    ]
]",635.6789678077574,1,6,3.3333333333333335,635.6789678077574,1,6,3.3333333333333335,results/sol_best_C101_2.5.dat_A4_L120_pid2720.txt,results/sol_best_multi_C101_2.5.dat_A4_L120_pid2720.txt,C101_2.5.dat_A4_L120_r2.log
22,test_data/data_demand_random_50_batch_all1_equal_cluster/C101_2.5.dat,8.0,60.0,1,968.0,"[
    [
        [
            [0, [1, 28, 15, 27, 21, 16, 17, 18, 19, 20, 30, 29, 5, 6, 32, 7, 9, 33, 44, 45, 46, 47, 14, 39, 26, 12, 13]],
            [1, []],
            [28, []],
            [15, []],
            [27, []],
            [21, []],
            [16, []],
            [17, []],
            [18, []],
            [19, []],
            [20, []],
            [30, []],
            [29, []],
            [5, []],
            [6, []],
            [32, []],
            [7, []],
            [9, []],
            [33, []],
            [44, []],
            [45, []],
            [46, []],
            [47, []],
            [14, []],
            [39, []],
            [26, []],
            [12, []],
            [13, []]
        ],
        [
            [0, [2, 3, 4, 8, 34, 35, 38, 49, 48, 50, 31, 37, 36, 43, 42, 41, 40, 25, 24, 23, 22, 11, 10]],
            [2, []],
            [3, []],
            [4, []],
            [8, []],
            [34, []],
            [35, []],
            [38, []],
            [49, []],
            [48, []],
            [50, []],
            [31, []],
            [37, []],
            [36, []],
            [43, []],
            [42, []],
            [41, []],
            [40, []],
            [25, []],
            [24, []],
            [23, []],
            [22, []],
            [11, []],
            [10, []]
        ]
    ],
    [
    ]
]",,,0.0,0,0,0.0,,,,,results/sol_best_C101_2.5.dat_A8_L60_pid2815.txt,(not found),C101_2.5.dat_A8_L60_r1.log
22,test_data/data_demand_random_50_batch_all1_equal_cluster/C101_2.5.dat,8.0,60.0,2,972.0,"[
    [
        [
            [0, [13, 39, 47, 46, 45, 44, 33, 8, 9, 7, 6, 5, 3, 4, 1, 21, 20, 19, 18, 17, 16, 29, 30, 28, 27, 15]],
            [13, []],
            [39, []],
            [47, []],
            [46, []],
            [45, []],
            [44, []],
            [33, []],
            [8, []],
            [9, []],
            [7, []],
            [6, []],
            [5, []],
            [3, []],
            [4, []],
            [1, []],
            [21, []],
            [20, []],
            [19, []],
            [18, []],
            [17, []],
            [16, []],
            [29, []],
            [30, []],
            [28, []],
            [27, []],
            [15, []]
        ],
        [
            [0, [2, 32, 36, 37, 31, 50, 48, 49, 38, 35, 34, 43, 42, 41, 40, 22, 23, 25, 24, 14, 26, 12, 11, 10]],
            [2, []],
            [32, []],
            [36, []],
            [37, []],
            [31, []],
            [50, []],
            [48, []],
            [49, []],
            [38, []],
            [35, []],
            [34, []],
            [43, []],
            [42, []],
            [41, []],
            [40, []],
            [22, []],
            [23, []],
            [25, []],
            [24, []],
            [14, []],
            [26, []],
            [12, []],
            [11, []],
            [10, []]
        ]
    ],
    [
    ]
]",,,0.0,0,0,0.0,,,,,results/sol_best_C101_2.5.dat_A8_L60_pid2816.txt,(not found),C101_2.5.dat_A8_L60_r2.log
23,test_data/data_demand_random_50_batch_all1_equal_cluster/C101_2.5.dat,8.0,90.0,1,829.62,"[
    [
        [
            [0, [9, 7, 6, 8, 16, 17, 18, 19, 20, 21, 15, 3, 2, 13, 5]],
            [9, []],
            [7, []],
            [6, []],
            [8, []],
            [16, []],
            [17, []],
            [18, []],
            [19, []],
            [20, []],
            [21, []],
            [29, [29, 30, 28, 27, 31]],
            [30, []],
            [28, []],
            [27, []],
            [15, []],
            [32, [32]],
            [3, []],
            [2, []],
            [13, []],
            [5, []],
            [37, [50, 49, 48, 37]],
            [31, []],
            [50, []],
            [49, []],
            [48, []],
            [1, [1]]
        ],
        [
            [0, [14, 12, 11, 10, 26, 24, 25, 23, 22]],
            [14, []],
            [12, []],
            [11, []],
            [10, []],
            [26, []],
            [24, []],
            [25, []],
            [23, []],
            [22, []],
            [4, [4]],
            [33, [33, 36, 38, 35, 34]],
            [36, []],
            [38, []],
            [35, []],
            [34, []],
            [42, [47, 46, 45, 44, 42, 41, 43, 40]],
            [41, []],
            [43, []],
            [47, []],
            [46, []],
            [45, []],
            [44, []],
            [40, []],
            [39, [39]]
        ]
    ],
    [
        [
            [29, [29, 30, 28, 27, 31]],
            [4, [4]]
        ],
        [
            [33, [33, 36, 38, 35, 34]],
            [32, [32]]
        ],
        [
            [37, [50, 49, 48, 37]]
        ],
        [
            [42, [47, 46, 45, 44, 42, 41, 43, 40]]
        ],
        [
            [39, [39]],
            [1, [1]]
        ]
    ]
]",829.615528128088,"[
    [
        [
            [0, [9, 7, 6, 8, 16, 17, 18, 19, 20, 21, 15, 3, 2, 13, 5]],
            [9, []],
            [7, []],
            [6, []],
            [8, []],
            [16, []],
            [17, []],
            [18, []],
            [19, []],
            [20, []],
            [21, []],
            [29, [29, 30, 28, 27, 31]],
            [30, []],
            [28, []],
            [27, []],
            [15, []],
            [32, [32]],
            [3, []],
            [2, []],
            [13, []],
            [5, []],
            [37, [50, 49, 48, 37]],
            [31, []],
            [50, []],
            [49, []],
            [48, []],
            [1, [1]]
        ],
        [
            [0, [14, 12, 11, 10, 26, 24, 25, 23, 22]],
            [14, []],
            [12, []],
            [11, []],
            [10, []],
            [26, []],
            [24, []],
            [25, []],
            [23, []],
            [22, []],
            [4, [4]],
            [33, [33, 36, 38, 35, 34]],
            [36, []],
            [38, []],
            [35, []],
            [34, []],
            [42, [47, 46, 45, 44, 42, 41, 43, 40]],
            [41, []],
            [43, []],
            [47, []],
            [46, []],
            [45, []],
            [44, []],
            [40, []],
            [39, [39]]
        ]
    ],
    [
        [
            [29, [29, 30, 28, 27, 31]],
            [4, [4]]
        ],
        [
            [33, [33, 36, 38, 35, 34]],
            [32, [32]]
        ],
        [
            [37, [50, 49, 48, 37]]
        ],
        [
            [42, [47, 46, 45, 44, 42, 41, 43, 40]]
        ],
        [
            [39, [39]],
            [1, [1]]
        ]
    ]
]",598.1956231322022,3,5,5.2,598.1956231322022,3,5,5.2,results/sol_best_C101_2.5.dat_A8_L90_pid2798.txt,results/sol_best_multi_C101_2.5.dat_A8_L90_pid2798.txt,C101_2.5.dat_A8_L90_r1.log
23,test_data/data_demand_random_50_batch_all1_equal_cluster/C101_2.5.dat,8.0,90.0,2,844.54,"[
    [
        [
            [0, [7, 6, 5, 1, 2, 14, 4, 9, 3, 21, 20, 19, 18, 17, 16, 8]],
            [7, []],
            [6, []],
            [5, []],
            [1, []],
            [2, []],
            [14, []],
            [4, []],
            [9, []],
            [3, []],
            [21, []],
            [20, []],
            [19, []],
            [18, []],
            [17, []],
            [16, []],
            [15, [15]],
            [27, [29, 30, 28, 27, 37, 31]],
            [28, []],
            [30, []],
            [29, []],
            [37, []],
            [31, [50, 49, 48, 39]],
            [50, []],
            [49, []],
            [48, []],
            [8, []],
            [39, []]
        ],
        [
            [0, [13, 26, 10, 12, 11, 24, 25, 23, 22]],
            [13, []],
            [26, []],
            [10, []],
            [12, []],
            [11, []],
            [24, []],
            [25, []],
            [23, []],
            [22, []],
            [36, [36, 38, 34, 33, 32]],
            [38, []],
            [35, [35, 43]],
            [34, []],
            [42, [47, 46, 45, 44, 42, 41, 40]],
            [41, []],
            [43, []],
            [47, []],
            [46, []],
            [45, []],
            [44, []],
            [40, []],
            [33, []],
            [32, []]
        ]
    ],
    [
        [
            [15, [15]],
            [36, [36, 38, 34, 33, 32]]
        ],
        [
            [27, [29, 30, 28, 27, 37, 31]],
            [35, [35, 43]]
        ],
        [
            [31, [50, 49, 48, 39]]
        ],
        [
            [42, [47, 46, 45, 44, 42, 41, 40]]
        ]
    ]
]",844.54,"[
    [
        [
            [0, [7, 6, 5, 1, 2, 14, 4, 9, 3, 21, 20, 19, 18, 17, 16, 8]],
            [7, []],
            [6, []],
            [5, []],
            [1, []],
            [2, []],
            [14, []],
            [4, []],
            [9, []],
            [3, []],
            [21, []],
            [20, []],
            [19, []],
            [18, []],
            [17, []],
            [16, []],
            [15, [15]],
            [27, [29, 30, 28, 27, 37, 31]],
            [28, []],
            [30, []],
            [29, []],
            [37, []],
            [31, [50, 49, 48, 39]],
            [50, []],
            [49, []],
            [48, []],
            [8, []],
            [39, []]
        ],
        [
            [0, [13, 26, 10, 12, 11, 24, 25, 23, 22]],
            [13, []],
            [26, []],
            [10, []],
            [12, []],
            [11, []],
            [24, []],
            [25, []],
            [23, []],
            [22, []],
            [36, [36, 38, 34, 33, 32]],
            [38, []],
            [35, [35, 43]],
            [34, []],
            [42, [47, 46, 45, 44, 42, 41, 40]],
            [41, []],
            [43, []],
            [47, []],
            [46, []],
            [45, []],
            [44, []],
            [40, []],
            [33, []],
            [32, []]
        ]
    ],
    [
        [
            [15, [15]],
            [36, [36, 38, 34, 33, 32]]
        ],
        [
            [27, [29, 30, 28, 27, 37, 31]],
            [35, [35, 43]]
        ],
        [
            [31, [50, 49, 48, 39]]
        ],
        [
            [42, [47, 46, 45, 44, 42, 41, 40]]
        ]
    ]
]",586.318226144399,2,4,6.25,586.318226144399,2,4,6.25,results/sol_best_C101_2.5.dat_A8_L90_pid2799.txt,results/sol_best_multi_C101_2.5.dat_A8_L90_pid2799.txt,C101_2.5.dat_A8_L90_r2.log
24,test_data/data_demand_random_50_batch_all1_equal_cluster/C101_2.5.dat,8.0,120.0,1,995.72,"[
    [
        [
            [0, [9, 7, 6, 10, 26, 13, 16, 17, 18, 19, 20, 21, 15, 14]],
            [3, [3]],
            [9, [31, 29, 30, 28, 27]],
            [7, []],
            [6, []],
            [10, []],
            [26, []],
            [13, []],
            [16, []],
            [17, []],
            [18, []],
            [19, []],
            [20, []],
            [21, []],
            [37, [50, 49, 48, 39, 37]],
            [31, []],
            [29, []],
            [30, []],
            [28, []],
            [27, []],
            [15, []],
            [50, []],
            [49, []],
            [48, []],
            [14, []],
            [39, []]
        ],
        [
            [0, [4, 12, 24, 25, 23, 8, 22]],
            [4, []],
            [12, []],
            [11, [11]],
            [24, []],
            [25, []],
            [23, []],
            [2, [2, 1]],
            [36, [36, 38]],
            [38, []],
            [35, [35, 34]],
            [34, []],
            [8, [43, 42]],
            [22, []],
            [43, []],
            [42, []],
            [41, [47, 46, 45, 44, 41, 40]],
            [47, []],
            [46, []],
            [45, []],
            [44, []],
            [40, []],
            [33, [33, 32]],
            [32, []],
            [5, [5]],
            [1, []]
        ]
    ],
    [
        [
            [3, [3]],
            [11, [11]]
        ],
        [
            [9, [31, 29, 30, 28, 27]],
            [2, [2, 1]]
        ],
        [
            [36, [36, 38]]
        ],
        [
            [35, [35, 34]]
        ],
        [
            [37, [50, 49, 48, 39, 37]],
            [8, [43, 42]]
        ],
        [
            [41, [47, 46, 45, 44, 41, 40]]
        ],
        [
            [33, [33, 32]]
        ],
        [
            [5, [5]]
        ]
    ]
]",995.72,"[
    [
        [
            [0, [9, 7, 6, 10, 26, 13, 16, 17, 18, 19, 20, 21, 15, 14]],
            [3, [3]],
            [9, [31, 29, 30, 28, 27]],
            [7, []],
            [6, []],
            [10, []],
            [26, []],
            [13, []],
            [16, []],
            [17, []],
            [18, []],
            [19, []],
            [20, []],
            [21, []],
            [37, [50, 49, 48, 39, 37]],
            [31, []],
            [29, []],
            [30, []],
            [28, []],
            [27, []],
            [15, []],
            [50, []],
            [49, []],
            [48, []],
            [14, []],
            [39, []]
        ],
        [
            [0, [4, 12, 24, 25, 23, 8, 22]],
            [4, []],
            [12, []],
            [11, [11]],
            [24, []],
            [25, []],
            [23, []],
            [2, [2, 1]],
            [36, [36, 38]],
            [38, []],
            [35, [35, 34]],
            [34, []],
            [8, [43, 42]],
            [22, []],
            [43, []],
            [42, []],
            [41, [47, 46, 45, 44, 41, 40]],
            [47, []],
            [46, []],
            [45, []],
            [44, []],
            [40, []],
            [33, [33, 32]],
            [32, []],
            [5, [5]],
            [1, []]
        ]
    ],
    [
        [
            [3, [3]],
            [11, [11]]
        ],
        [
            [9, [31, 29, 30, 28, 27]],
            [2, [2, 1]]
        ],
        [
            [36, [36, 38]]
        ],
        [
            [35, [35, 34]]
        ],
        [
            [37, [50, 49, 48, 39, 37]],
            [8, [43, 42]]
        ],
        [
            [41, [47, 46, 45, 44, 41, 40]]
        ],
        [
            [33, [33, 32]]
        ],
        [
            [5, [5]]
        ]
    ]
]",643.2415713564018,3,8,3.625,643.2415713564018,3,8,3.625,results/sol_best_C101_2.5.dat_A8_L120_pid2890.txt,results/sol_best_multi_C101_2.5.dat_A8_L120_pid2890.txt,C101_2.5.dat_A8_L120_r1.log
24,test_data/data_demand_random_50_batch_all1_equal_cluster/C101_2.5.dat,8.0,120.0,2,964.62,"[
    [
        [
            [0, [4, 7, 6, 5, 21, 20, 19, 18, 16, 15, 1, 13]],
            [4, []],
            [14, [14]],
            [7, []],
            [6, []],
            [5, []],
            [21, [31, 29, 30, 28, 27]],
            [20, []],
            [19, []],
            [18, []],
            [17, [17]],
            [16, [37, 39]],
            [37, [50, 49, 48]],
            [31, []],
            [29, []],
            [30, []],
            [28, []],
            [27, []],
            [15, []],
            [50, []],
            [49, []],
            [48, []],
            [1, []],
            [13, []],
            [39, []]
        ],
        [
            [0, [3, 11, 10, 26, 24, 25, 23, 22, 8]],
            [3, []],
            [2, [2]],
            [12, [12]],
            [11, []],
            [10, []],
            [26, [36, 38, 35, 34, 33, 32]],
            [24, []],
            [25, []],
            [23, []],
            [22, []],
            [8, []],
            [9, [9]],
            [36, [47, 46, 45, 44, 43]],
            [38, []],
            [35, []],
            [34, []],
            [43, []],
            [42, [42, 41, 40]],
            [41, []],
            [47, []],
            [46, []],
            [45, []],
            [44, []],
            [40, []],
            [33, []],
            [32, []]
        ]
    ],
    [
        [
            [14, [14]],
            [2, [2]]
        ],
        [
            [12, [12]],
            [21, [31, 29, 30, 28, 27]]
        ],
        [
            [26, [36, 38, 35, 34, 33, 32]],
            [17, [17]]
        ],
        [
            [16, [37, 39]],
            [9, [9]]
        ],
        [
            [37, [50, 49, 48]],
            [36, [47, 46, 45, 44, 43]]
        ],
        [
            [42, [42, 41, 40]]
        ]
    ]
]",964.62,"[
    [
        [
            [0, [4, 7, 6, 5, 21, 20, 19, 18, 16, 15, 1, 13]],
            [4, []],
            [14, [14]],
            [7, []],
            [6, []],
            [5, []],
            [21, [31, 29, 30, 28, 27]],
            [20, []],
            [19, []],
            [18, []],
            [17, [17]],
            [16, [37, 39]],
            [37, [50, 49, 48]],
            [31, []],
            [29, []],
            [30, []],
            [28, []],
            [27, []],
            [15, []],
            [50, []],
            [49, []],
            [48, []],
            [1, []],
            [13, []],
            [39, []]
        ],
        [
            [0, [3, 11, 10, 26, 24, 25, 23, 22, 8]],
            [3, []],
            [2, [2]],
            [12, [12]],
            [11, []],
            [10, []],
            [26, [36, 38, 35, 34, 33, 32]],
            [24, []],
            [25, []],
            [23, []],
            [22, []],
            [8, []],
            [9, [9]],
            [36, [47, 46, 45, 44, 43]],
            [38, []],
            [35, []],
            [34, []],
            [43, []],
            [42, [42, 41, 40]],
            [41, []],
            [47, []],
            [46, []],
            [45, []],
            [44, []],
            [40, []],
            [33, []],
            [32, []]
        ]
    ],
    [
        [
            [14, [14]],
            [2, [2]]
        ],
        [
            [12, [12]],
            [21, [31, 29, 30, 28, 27]]
        ],
        [
            [26, [36, 38, 35, 34, 33, 32]],
            [17, [17]]
        ],
        [
            [16, [37, 39]],
            [9, [9]]
        ],
        [
            [37, [50, 49, 48]],
            [36, [47, 46, 45, 44, 43]]
        ],
        [
            [42, [42, 41, 40]]
        ]
    ]
]",499.29923622653706,5,6,4.833333333333333,499.29923622653706,5,6,4.833333333333333,results/sol_best_C101_2.5.dat_A8_L120_pid2891.txt,results/sol_best_multi_C101_2.5.dat_A8_L120_pid2891.txt,C101_2.5.dat_A8_L120_r2.log
25,test_data/data_demand_random_50_batch_all1_equal_cluster/C101_2.dat,4.0,60.0,1,821.0,"[
    [
        [
            [0, [1, 5, 7, 24, 36, 34, 28, 35, 29, 17, 16, 15, 14, 13, 26, 27, 3, 4, 8, 22, 23, 19, 18, 20, 21, 32, 31, 30, 11, 9, 10, 12]],
            [1, []],
            [5, []],
            [7, []],
            [24, []],
            [36, []],
            [34, []],
            [28, []],
            [35, []],
            [29, []],
            [17, []],
            [16, []],
            [15, []],
            [14, []],
            [13, []],
            [26, []],
            [27, []],
            [3, []],
            [4, [38, 46]],
            [8, []],
            [22, []],
            [23, []],
            [38, []],
            [46, []],
            [19, []],
            [18, []],
            [20, []],
            [21, []],
            [32, []],
            [31, []],
            [30, []],
            [11, []],
            [9, []],
            [10, []],
            [12, []]
        ],
        [
            [0, [25, 44, 45, 50, 49, 43, 42, 37, 39, 40, 41, 48, 47, 33, 6, 2]],
            [25, []],
            [44, []],
            [45, []],
            [50, []],
            [49, []],
            [43, []],
            [42, []],
            [37, []],
            [39, []],
            [40, []],
            [41, []],
            [48, []],
            [47, []],
            [33, []],
            [6, []],
            [2, []]
        ]
    ],
    [
        [
            [4, [38, 46]]
        ]
    ]
]",,,578.0,0,1,2.0,,,,,results/sol_best_C101_2.dat_A4_L60_pid2730.txt,(not found),C101_2.dat_A4_L60_r1.log
25,test_data/data_demand_random_50_batch_all1_equal_cluster/C101_2.dat,4.0,60.0,2,801.0,"[
    [
        [
            [0, [2, 6, 5, 34, 28, 35, 29, 17, 16, 15, 14, 13, 26, 27, 36, 24, 7, 3, 4, 8, 22, 23, 33, 19, 18, 21, 32, 31, 30, 11, 10, 9]],
            [2, []],
            [6, []],
            [5, []],
            [34, []],
            [28, []],
            [35, []],
            [29, []],
            [17, []],
            [16, []],
            [15, []],
            [14, []],
            [13, [43, 38]],
            [26, []],
            [27, []],
            [43, []],
            [36, []],
            [24, []],
            [7, []],
            [3, []],
            [4, []],
            [8, []],
            [22, []],
            [23, []],
            [38, []],
            [33, []],
            [19, []],
            [18, []],
            [21, []],
            [32, []],
            [31, []],
            [30, []],
            [11, []],
            [10, []],
            [9, []]
        ],
        [
            [0, [1, 25, 44, 45, 50, 49, 42, 37, 39, 40, 41, 48, 47, 46, 20, 12]],
            [1, []],
            [25, []],
            [44, []],
            [45, []],
            [50, []],
            [49, []],
            [42, []],
            [37, []],
            [39, []],
            [40, []],
            [41, []],
            [48, []],
            [47, []],
            [46, []],
            [20, []],
            [12, []]
        ]
    ],
    [
        [
            [13, [43, 38]]
        ]
    ]
]",808.0,"[
    [
        [
            [0, [2, 6, 5, 34, 28, 35, 29, 17, 16, 15, 14, 13, 26, 27, 36, 24, 7, 3, 4, 8, 22, 23, 33, 19, 18, 21, 32, 11, 10, 31, 30, 9]],
            [2, []],
            [6, []],
            [5, []],
            [34, []],
            [28, []],
            [35, []],
            [29, []],
            [17, []],
            [16, []],
            [15, []],
            [14, []],
            [13, [43, 38]],
            [26, []],
            [27, []],
            [43, []],
            [36, []],
            [24, []],
            [7, []],
            [3, []],
            [4, []],
            [8, []],
            [22, []],
            [23, []],
            [38, []],
            [33, []],
            [19, []],
            [18, []],
            [21, []],
            [32, []],
            [11, []],
            [10, []],
            [31, []],
            [30, []],
            [9, []]
        ],
        [
            [0, [1, 25, 44, 45, 50, 49, 42, 37, 39, 40, 41, 48, 47, 46, 12]],
            [1, [20]],
            [25, []],
            [44, []],
            [45, []],
            [50, []],
            [49, []],
            [42, []],
            [37, []],
            [39, []],
            [40, []],
            [41, []],
            [48, []],
            [47, []],
            [46, []],
            [20, []],
            [12, []]
        ]
    ],
    [
        [
            [13, [43, 38]],
            [1, [20]]
        ]
    ]
]",471.55294535724687,0,1,2.0,491.0,1,1,3.0,results/sol_best_C101_2.dat_A4_L60_pid2731.txt,results/sol_best_multi_C101_2.dat_A4_L60_pid2731.txt,C101_2.dat_A4_L60_r2.log
26,test_data/data_demand_random_50_batch_all1_equal_cluster/C101_2.dat,4.0,90.0,1,768.13,"[
    [
        [
            [0, [10, 12, 9, 4, 22, 7, 6, 5, 3, 2, 1, 15, 16, 17, 14, 13, 25, 24]],
            [10, []],
            [12, []],
            [9, [29, 28]],
            [4, []],
            [22, []],
            [7, []],
            [6, []],
            [5, []],
            [3, []],
            [2, [36, 37, 33, 32]],
            [1, []],
            [15, []],
            [16, []],
            [17, []],
            [29, []],
            [28, []],
            [14, []],
            [13, []],
            [36, []],
            [37, [48, 47, 46, 38]],
            [25, []],
            [24, []],
            [38, []],
            [39, [39, 40, 41]],
            [40, []],
            [41, []],
            [48, []],
            [47, []],
            [46, []],
            [33, []],
            [32, []]
        ],
        [
            [0, [18, 23, 8, 20, 21, 11, 19, 26, 27]],
            [18, []],
            [23, [35, 34, 30, 31]],
            [8, []],
            [20, []],
            [21, []],
            [11, [43, 42, 45, 44]],
            [30, []],
            [31, []],
            [19, []],
            [26, []],
            [27, []],
            [35, []],
            [34, []],
            [43, []],
            [42, []],
            [49, [49, 50]],
            [50, []],
            [45, []],
            [44, []]
        ]
    ],
    [
        [
            [23, [35, 34, 30, 31]]
        ],
        [
            [9, [29, 28]]
        ],
        [
            [2, [36, 37, 33, 32]]
        ],
        [
            [37, [48, 47, 46, 38]]
        ],
        [
            [11, [43, 42, 45, 44]]
        ],
        [
            [39, [39, 40, 41]]
        ],
        [
            [49, [49, 50]]
        ]
    ]
]",768.13,"[
    [
        [
            [0, [10, 12, 9, 4, 22, 7, 6, 5, 3, 2, 1, 15, 16, 17, 14, 13, 25, 24]],
            [10, []],
            [12, []],
            [9, [29, 28]],
            [4, []],
            [22, []],
            [7, []],
            [6, []],
            [5, []],
            [3, []],
            [2, [36, 37, 33, 32]],
            [1, []],
            [15, []],
            [16, []],
            [17, []],
            [29, []],
            [28, []],
            [14, []],
            [13, []],
            [36, []],
            [37, [48, 47, 46, 38]],
            [25, []],
            [24, []],
            [38, []],
            [39, [39, 40, 41]],
            [40, []],
            [41, []],
            [48, []],
            [47, []],
            [46, []],
            [33, []],
            [32, []]
        ],
        [
            [0, [18, 23, 20, 21, 19, 11]],
            [18, []],
            [23, [30, 31, 26, 27]],
            [8, [8]],
            [20, []],
            [21, []],
            [30, []],
            [31, [35, 34]],
            [19, []],
            [11, [43, 42, 45, 44]],
            [26, []],
            [27, []],
            [35, []],
            [34, []],
            [43, []],
            [42, []],
            [49, [49, 50]],
            [50, []],
            [45, []],
            [44, []]
        ]
    ],
    [
        [
            [23, [30, 31, 26, 27]]
        ],
        [
            [9, [29, 28]],
            [8, [8]]
        ],
        [
            [2, [36, 37, 33, 32]]
        ],
        [
            [31, [35, 34]]
        ],
        [
            [11, [43, 42, 45, 44]]
        ],
        [
            [37, [48, 47, 46, 38]]
        ],
        [
            [39, [39, 40, 41]]
        ],
        [
            [49, [49, 50]]
        ]
    ]
]",461.61842349310837,0,7,3.2857142857142856,456.9528918662834,1,8,3.25,results/sol_best_C101_2.dat_A4_L90_pid2716.txt,results/sol_best_multi_C101_2.dat_A4_L90_pid2716.txt,C101_2.dat_A4_L90_r1.log
26,test_data/data_demand_random_50_batch_all1_equal_cluster/C101_2.dat,4.0,90.0,2,823.68,"[
    [
        [
            [0, [9, 22, 7, 6, 5, 2, 3, 4, 17, 16, 15, 14, 13, 29, 28, 24]],
            [9, []],
            [22, [36, 37, 33, 32]],
            [7, []],
            [6, []],
            [5, []],
            [1, [1]],
            [2, []],
            [3, []],
            [4, []],
            [17, []],
            [16, []],
            [15, []],
            [14, []],
            [13, []],
            [29, []],
            [28, []],
            [36, [48, 47, 46, 38]],
            [37, []],
            [24, []],
            [38, []],
            [39, [39, 40, 41]],
            [40, []],
            [41, []],
            [48, []],
            [47, []],
            [46, []],
            [33, []],
            [32, []]
        ],
        [
            [0, [18, 19, 21, 11, 10, 20, 12, 26, 27, 8, 23, 25]],
            [18, [30, 31]],
            [19, []],
            [21, []],
            [11, []],
            [30, [35, 34]],
            [31, []],
            [10, []],
            [20, []],
            [12, []],
            [26, [43, 42, 45, 44]],
            [27, []],
            [35, []],
            [34, []],
            [43, []],
            [8, [49]],
            [23, []],
            [42, []],
            [49, []],
            [50, [50]],
            [45, []],
            [44, []],
            [25, []]
        ]
    ],
    [
        [
            [18, [30, 31]]
        ],
        [
            [22, [36, 37, 33, 32]]
        ],
        [
            [30, [35, 34]],
            [1, [1]]
        ],
        [
            [36, [48, 47, 46, 38]]
        ],
        [
            [26, [43, 42, 45, 44]]
        ],
        [
            [8, [49]],
            [39, [39, 40, 41]]
        ],
        [
            [50, [50]]
        ]
    ]
]",823.68,"[
    [
        [
            [0, [9, 22, 7, 6, 5, 2, 3, 4, 17, 16, 15, 14, 13, 29, 28, 24]],
            [9, []],
            [22, [36, 37, 33, 32]],
            [7, []],
            [6, []],
            [5, []],
            [1, [1]],
            [2, []],
            [3, []],
            [4, []],
            [17, []],
            [16, []],
            [15, []],
            [14, []],
            [13, []],
            [29, []],
            [28, []],
            [36, [48, 47, 46, 38]],
            [37, []],
            [24, []],
            [38, []],
            [39, [39, 40, 41]],
            [40, []],
            [41, []],
            [48, []],
            [47, []],
            [46, []],
            [33, []],
            [32, []]
        ],
        [
            [0, [18, 19, 21, 11, 10, 20, 12, 26, 27, 8, 23, 25]],
            [18, [30, 31]],
            [19, []],
            [21, []],
            [11, []],
            [30, [35, 34]],
            [31, []],
            [10, []],
            [20, []],
            [12, []],
            [26, [43, 42, 45, 44]],
            [27, []],
            [35, []],
            [34, []],
            [43, []],
            [8, [49]],
            [23, []],
            [42, []],
            [49, []],
            [50, [50]],
            [45, []],
            [44, []],
            [25, []]
        ]
    ],
    [
        [
            [18, [30, 31]]
        ],
        [
            [22, [36, 37, 33, 32]]
        ],
        [
            [30, [35, 34]],
            [1, [1]]
        ],
        [
            [36, [48, 47, 46, 38]]
        ],
        [
            [26, [43, 42, 45, 44]]
        ],
        [
            [8, [49]],
            [39, [39, 40, 41]]
        ],
        [
            [50, [50]]
        ]
    ]
]",493.6626101594615,2,7,3.142857142857143,493.6626101594615,2,7,3.142857142857143,results/sol_best_C101_2.dat_A4_L90_pid2717.txt,results/sol_best_multi_C101_2.dat_A4_L90_pid2717.txt,C101_2.dat_A4_L90_r2.log
27,test_data/data_demand_random_50_batch_all1_equal_cluster/C101_2.dat,4.0,120.0,1,900.17,"[
    [
        [
            [0, [12, 3, 7, 6, 5, 1, 4, 17, 16, 15, 14, 13, 29, 28, 25, 24, 33, 32]],
            [12, []],
            [3, [38, 39, 40, 41]],
            [7, []],
            [6, []],
            [5, []],
            [1, []],
            [4, []],
            [17, []],
            [16, [36, 37]],
            [15, []],
            [14, []],
            [13, []],
            [29, []],
            [28, []],
            [25, []],
            [36, [48, 47, 46]],
            [37, []],
            [24, []],
            [38, []],
            [39, []],
            [40, []],
            [41, []],
            [48, []],
            [47, []],
            [46, []],
            [33, []],
            [32, []]
        ],
        [
            [0, [18, 2, 22, 23, 8, 19, 20, 21, 11, 30, 31, 10, 26, 27, 35, 34]],
            [18, []],
            [2, [43, 42, 45, 44]],
            [22, []],
            [23, []],
            [8, []],
            [19, []],
            [20, []],
            [21, []],
            [11, []],
            [30, []],
            [31, []],
            [10, [49, 50]],
            [9, [9]],
            [26, []],
            [27, []],
            [35, []],
            [34, []],
            [43, []],
            [42, []],
            [49, []],
            [50, []],
            [45, []],
            [44, []]
        ]
    ],
    [
        [
            [2, [43, 42, 45, 44]]
        ],
        [
            [3, [38, 39, 40, 41]]
        ],
        [
            [16, [36, 37]],
            [10, [49, 50]]
        ],
        [
            [9, [9]],
            [36, [48, 47, 46]]
        ]
    ]
]",900.165525060596,"[
    [
        [
            [0, [12, 3, 7, 6, 5, 1, 4, 17, 16, 15, 14, 13, 29, 28, 25, 24, 33, 32]],
            [12, []],
            [3, [38, 39, 40, 41]],
            [7, []],
            [6, []],
            [5, []],
            [1, []],
            [4, []],
            [17, []],
            [16, [36, 37]],
            [15, []],
            [14, []],
            [13, []],
            [29, []],
            [28, []],
            [25, []],
            [36, [48, 47, 46]],
            [37, []],
            [24, []],
            [38, []],
            [39, []],
            [40, []],
            [41, []],
            [48, []],
            [47, []],
            [46, []],
            [33, []],
            [32, []]
        ],
        [
            [0, [18, 2, 22, 23, 8, 19, 20, 21, 11, 30, 31, 10, 26, 27, 35, 34]],
            [18, []],
            [2, [43, 42, 45, 44]],
            [22, []],
            [23, []],
            [8, []],
            [19, []],
            [20, []],
            [21, []],
            [11, []],
            [30, []],
            [31, []],
            [10, [49, 50]],
            [9, [9]],
            [26, []],
            [27, []],
            [35, []],
            [34, []],
            [43, []],
            [42, []],
            [49, []],
            [50, []],
            [45, []],
            [44, []]
        ]
    ],
    [
        [
            [2, [43, 42, 45, 44]]
        ],
        [
            [3, [38, 39, 40, 41]]
        ],
        [
            [16, [36, 37]],
            [10, [49, 50]]
        ],
        [
            [9, [9]],
            [36, [48, 47, 46]]
        ]
    ]
]",505.50727481171896,2,4,4.0,505.50727481171896,2,4,4.0,results/sol_best_C101_2.dat_A4_L120_pid2734.txt,results/sol_best_multi_C101_2.dat_A4_L120_pid2734.txt,C101_2.dat_A4_L120_r1.log
27,test_data/data_demand_random_50_batch_all1_equal_cluster/C101_2.dat,4.0,120.0,2,853.81,"[
    [
        [
            [0, [4, 22, 7, 6, 5, 1, 17, 16, 15, 14, 13, 29, 28, 25, 24, 33, 21, 10]],
            [4, [36, 37]],
            [22, []],
            [7, []],
            [6, []],
            [5, []],
            [1, []],
            [17, []],
            [16, []],
            [15, []],
            [14, []],
            [13, [38, 39, 40, 41]],
            [29, []],
            [28, []],
            [25, []],
            [36, [48]],
            [37, []],
            [24, []],
            [38, []],
            [39, []],
            [40, []],
            [41, []],
            [48, []],
            [47, [47, 46]],
            [46, []],
            [33, []],
            [21, []],
            [10, []]
        ],
        [
            [0, [12, 18, 19, 20, 3, 23, 8, 9, 11, 2, 27, 26]],
            [12, []],
            [18, []],
            [19, []],
            [20, []],
            [3, [30, 31]],
            [23, []],
            [8, [43, 42, 45, 44]],
            [9, []],
            [32, [32, 35]],
            [11, []],
            [30, []],
            [31, []],
            [2, []],
            [35, []],
            [27, []],
            [26, []],
            [34, [49, 50, 34]],
            [43, []],
            [42, []],
            [49, []],
            [50, []],
            [45, []],
            [44, []]
        ]
    ],
    [
        [
            [4, [36, 37]],
            [3, [30, 31]]
        ],
        [
            [13, [38, 39, 40, 41]]
        ],
        [
            [8, [43, 42, 45, 44]]
        ],
        [
            [32, [32, 35]],
            [36, [48]]
        ],
        [
            [47, [47, 46]]
        ],
        [
            [34, [49, 50, 34]]
        ]
    ]
]",853.81,"[
    [
        [
            [0, [4, 22, 7, 6, 5, 1, 17, 16, 15, 14, 13, 29, 28, 25, 24, 33, 21, 10]],
            [4, [36, 37]],
            [22, []],
            [7, []],
            [6, []],
            [5, []],
            [1, []],
            [17, []],
            [16, []],
            [15, []],
            [14, []],
            [13, [38, 39, 40, 41]],
            [29, []],
            [28, []],
            [25, []],
            [36, [48]],
            [37, []],
            [24, []],
            [38, []],
            [39, []],
            [40, []],
            [41, []],
            [48, []],
            [47, [47, 46]],
            [46, []],
            [33, []],
            [21, []],
            [10, []]
        ],
        [
            [0, [12, 18, 19, 20, 3, 23, 8, 9, 11, 2, 27, 26]],
            [12, []],
            [18, []],
            [19, []],
            [20, []],
            [3, [30, 31]],
            [23, []],
            [8, [43, 42, 45, 44]],
            [9, []],
            [32, [32, 35]],
            [11, []],
            [30, []],
            [31, []],
            [2, []],
            [35, []],
            [27, []],
            [26, []],
            [34, [49, 50, 34]],
            [43, []],
            [42, []],
            [49, []],
            [50, []],
            [45, []],
            [44, []]
        ]
    ],
    [
        [
            [4, [36, 37]],
            [3, [30, 31]]
        ],
        [
            [13, [38, 39, 40, 41]]
        ],
        [
            [8, [43, 42, 45, 44]]
        ],
        [
            [32, [32, 35]],
            [36, [48]]
        ],
        [
            [47, [47, 46]]
        ],
        [
            [34, [49, 50, 34]]
        ]
    ]
]",525.3719540319122,2,6,3.3333333333333335,525.3719540319122,2,6,3.3333333333333335,results/sol_best_C101_2.dat_A4_L120_pid2735.txt,results/sol_best_multi_C101_2.dat_A4_L120_pid2735.txt,C101_2.dat_A4_L120_r2.log
28,test_data/data_demand_random_50_batch_all1_equal_cluster/C101_2.dat,8.0,60.0,1,824.0,"[
    [
        [
            [0, [1, 3, 4, 6, 5, 7, 24, 25, 44, 45, 43, 36, 27, 26, 28, 34, 35, 29, 17, 16, 15, 14, 13, 18, 19, 21, 20, 32, 31, 30, 12]],
            [1, []],
            [3, []],
            [4, []],
            [6, []],
            [5, []],
            [7, []],
            [24, [49, 50]],
            [25, []],
            [44, []],
            [45, []],
            [50, []],
            [49, []],
            [43, []],
            [36, []],
            [27, []],
            [26, []],
            [28, []],
            [34, []],
            [35, []],
            [29, []],
            [17, []],
            [16, []],
            [15, []],
            [14, []],
            [13, []],
            [18, []],
            [19, []],
            [21, []],
            [20, []],
            [32, []],
            [31, []],
            [30, []],
            [12, []]
        ],
        [
            [0, [2, 8, 22, 23, 42, 37, 38, 39, 40, 41, 48, 46, 47, 33, 11, 10, 9]],
            [2, []],
            [8, []],
            [22, []],
            [23, []],
            [42, []],
            [37, []],
            [38, []],
            [39, []],
            [40, []],
            [41, []],
            [48, []],
            [46, []],
            [47, []],
            [33, []],
            [11, []],
            [10, []],
            [9, []]
        ]
    ],
    [
        [
            [24, [49, 50]]
        ]
    ]
]",828.0,"[
    [
        [
            [0, [1, 3, 4, 6, 5, 7, 24, 25, 44, 45, 43, 36, 27, 26, 28, 34, 35, 29, 17, 16, 15, 14, 13, 18, 19, 21, 31, 30, 20, 32, 12]],
            [1, []],
            [3, []],
            [4, []],
            [6, []],
            [5, []],
            [7, []],
            [24, [49, 50]],
            [25, []],
            [44, []],
            [45, []],
            [50, []],
            [49, []],
            [43, []],
            [36, []],
            [27, []],
            [26, []],
            [28, []],
            [34, []],
            [35, []],
            [29, []],
            [17, []],
            [16, []],
            [15, []],
            [14, []],
            [13, []],
            [18, []],
            [19, []],
            [21, []],
            [31, []],
            [30, []],
            [20, []],
            [32, []],
            [12, []]
        ],
        [
            [0, [2, 8, 23, 42, 37, 38, 39, 40, 41, 48, 46, 47, 33, 11, 10, 9]],
            [2, []],
            [8, [22]],
            [22, []],
            [23, []],
            [42, []],
            [37, []],
            [38, []],
            [39, []],
            [40, []],
            [41, []],
            [48, []],
            [46, []],
            [47, []],
            [33, []],
            [11, []],
            [10, []],
            [9, []]
        ]
    ],
    [
        [
            [24, [49, 50]],
            [8, [22]]
        ]
    ]
]",507.0,0,1,2.0,516.8113883008419,1,1,3.0,results/sol_best_C101_2.dat_A8_L60_pid2874.txt,results/sol_best_multi_C101_2.dat_A8_L60_pid2874.txt,C101_2.dat_A8_L60_r1.log
28,test_data/data_demand_random_50_batch_all1_equal_cluster/C101_2.dat,8.0,60.0,2,801.0,"[
    [
        [
            [0, [2, 4, 8, 22, 23, 24, 7, 6, 3, 5, 29, 28, 14, 17, 16, 15, 13, 26, 27, 25, 33, 19, 18, 20, 21, 32, 31, 30, 11, 10, 9, 12]],
            [2, []],
            [4, []],
            [8, []],
            [22, []],
            [23, []],
            [24, []],
            [7, []],
            [6, []],
            [3, []],
            [5, []],
            [34, [36, 35, 34]],
            [35, []],
            [29, []],
            [28, []],
            [14, []],
            [17, []],
            [16, []],
            [15, [43, 40]],
            [13, []],
            [26, []],
            [27, []],
            [36, []],
            [43, []],
            [25, []],
            [40, []],
            [33, []],
            [19, []],
            [18, []],
            [20, []],
            [21, []],
            [32, []],
            [31, []],
            [30, []],
            [11, []],
            [10, []],
            [9, []],
            [12, []]
        ],
        [
            [0, [44, 45, 50, 49, 42, 37, 39, 38, 41, 48, 47, 46, 1]],
            [44, []],
            [45, []],
            [50, []],
            [49, []],
            [42, []],
            [37, []],
            [39, []],
            [38, []],
            [41, []],
            [48, []],
            [47, []],
            [46, []],
            [1, []]
        ]
    ],
    [
        [
            [34, [36, 35, 34]]
        ],
        [
            [15, [43, 40]]
        ]
    ]
]",816.0,"[
    [
        [
            [0, [7, 22, 8, 2, 3, 6, 5, 34, 35, 28, 29, 17, 16, 15, 14, 13, 26, 27, 36, 25, 23, 33, 21, 20, 19, 18, 12, 32, 31, 30, 11, 10, 9]],
            [7, []],
            [22, []],
            [8, []],
            [2, []],
            [3, []],
            [6, []],
            [5, []],
            [34, []],
            [35, []],
            [28, []],
            [29, []],
            [17, []],
            [16, []],
            [15, []],
            [14, []],
            [13, []],
            [26, [38, 43]],
            [27, []],
            [36, []],
            [43, []],
            [25, []],
            [23, []],
            [38, []],
            [33, []],
            [21, []],
            [20, []],
            [19, []],
            [18, []],
            [12, []],
            [32, []],
            [31, []],
            [30, []],
            [11, []],
            [10, []],
            [9, []]
        ],
        [
            [0, [1, 44, 45, 50, 49, 42, 37, 39, 40, 41, 48, 47, 46, 4]],
            [1, [24]],
            [24, []],
            [44, []],
            [45, []],
            [50, []],
            [49, []],
            [42, []],
            [37, []],
            [39, []],
            [40, []],
            [41, []],
            [48, []],
            [47, []],
            [46, []],
            [4, []]
        ]
    ],
    [
        [
            [1, [24]],
            [26, [38, 43]]
        ]
    ]
]",460.7425250971261,0,2,2.5,519.02775637732,1,1,3.0,results/sol_best_C101_2.dat_A8_L60_pid2875.txt,results/sol_best_multi_C101_2.dat_A8_L60_pid2875.txt,C101_2.dat_A8_L60_r2.log
29,test_data/data_demand_random_50_batch_all1_equal_cluster/C101_2.dat,8.0,90.0,1,830.62,"[
    [
        [
            [0, [4, 3, 8, 22, 23, 7, 6, 5, 13, 15, 14, 17, 29, 28, 25, 24]],
            [31, [31]],
            [4, [36, 37, 33, 32]],
            [3, []],
            [8, []],
            [22, []],
            [23, []],
            [7, []],
            [6, []],
            [5, []],
            [13, []],
            [15, []],
            [14, []],
            [17, []],
            [29, []],
            [28, []],
            [36, []],
            [37, [48, 47, 46, 38, 39, 40, 41]],
            [25, []],
            [24, []],
            [38, []],
            [39, []],
            [40, []],
            [41, []],
            [48, []],
            [47, []],
            [46, []],
            [33, []],
            [32, []]
        ],
        [
            [0, [9, 10, 18, 19, 20, 21, 11, 30, 12, 27]],
            [1, [1]],
            [2, [2]],
            [9, []],
            [10, []],
            [18, []],
            [19, []],
            [20, []],
            [21, []],
            [11, []],
            [30, []],
            [12, []],
            [26, [26, 34, 35]],
            [27, []],
            [16, [16]],
            [35, []],
            [34, []],
            [43, [43]],
            [42, [49, 50, 42, 45, 44]],
            [49, []],
            [50, []],
            [45, []],
            [44, []]
        ]
    ],
    [
        [
            [31, [31]],
            [1, [1]]
        ],
        [
            [2, [2]],
            [4, [36, 37, 33, 32]]
        ],
        [
            [26, [26, 34, 35]]
        ],
        [
            [37, [48, 47, 46, 38, 39, 40, 41]],
            [16, [16]]
        ],
        [
            [43, [43]]
        ],
        [
            [42, [49, 50, 42, 45, 44]]
        ]
    ]
]",830.615528128088,"[
    [
        [
            [0, [4, 3, 8, 22, 23, 7, 6, 5, 13, 15, 14, 17, 29, 28, 25, 24]],
            [31, [31]],
            [4, [36, 37, 33, 32]],
            [3, []],
            [8, []],
            [22, []],
            [23, []],
            [7, []],
            [6, []],
            [5, []],
            [13, []],
            [15, []],
            [14, []],
            [17, []],
            [29, []],
            [28, []],
            [36, []],
            [37, [48, 47, 46, 38, 39, 40, 41]],
            [25, []],
            [24, []],
            [38, []],
            [39, []],
            [40, []],
            [41, []],
            [48, []],
            [47, []],
            [46, []],
            [33, []],
            [32, []]
        ],
        [
            [0, [9, 10, 18, 19, 20, 21, 11, 30, 12, 27]],
            [1, [1]],
            [2, [2]],
            [9, []],
            [10, []],
            [18, []],
            [19, []],
            [20, []],
            [21, []],
            [11, []],
            [30, []],
            [12, []],
            [26, [26, 34, 35]],
            [27, []],
            [16, [16]],
            [35, []],
            [34, []],
            [43, [43]],
            [42, [49, 50, 42, 45, 44]],
            [49, []],
            [50, []],
            [45, []],
            [44, []]
        ]
    ],
    [
        [
            [31, [31]],
            [1, [1]]
        ],
        [
            [2, [2]],
            [4, [36, 37, 33, 32]]
        ],
        [
            [26, [26, 34, 35]]
        ],
        [
            [37, [48, 47, 46, 38, 39, 40, 41]],
            [16, [16]]
        ],
        [
            [43, [43]]
        ],
        [
            [42, [49, 50, 42, 45, 44]]
        ]
    ]
]",525.1956805498135,3,6,4.0,525.1956805498135,3,6,4.0,results/sol_best_C101_2.dat_A8_L90_pid2787.txt,results/sol_best_multi_C101_2.dat_A8_L90_pid2787.txt,C101_2.dat_A8_L90_r1.log
29,test_data/data_demand_random_50_batch_all1_equal_cluster/C101_2.dat,8.0,90.0,2,735.39,"[
    [
        [
            [0, [5, 1, 17, 16, 15, 14, 13, 3, 7, 6, 4]],
            [25, [25, 22, 23, 24]],
            [22, []],
            [23, []],
            [5, [33, 32, 26, 29, 28]],
            [1, []],
            [26, []],
            [17, []],
            [16, []],
            [15, []],
            [14, []],
            [13, []],
            [29, []],
            [28, []],
            [3, []],
            [24, []],
            [7, []],
            [6, []],
            [4, [48, 47, 46, 38, 39, 40, 41]],
            [38, []],
            [39, []],
            [40, []],
            [41, []],
            [48, []],
            [47, []],
            [46, []],
            [33, []],
            [32, []]
        ],
        [
            [0, [12, 10, 18, 19, 20, 21, 11, 8, 2]],
            [12, []],
            [9, [9]],
            [10, []],
            [18, []],
            [19, []],
            [20, []],
            [21, []],
            [11, []],
            [30, [30]],
            [31, [31, 27]],
            [8, []],
            [2, [49, 50, 43, 42, 45, 44, 35, 34]],
            [27, []],
            [35, []],
            [34, []],
            [43, []],
            [36, [36, 37]],
            [37, []],
            [42, []],
            [49, []],
            [50, []],
            [45, []],
            [44, []]
        ]
    ],
    [
        [
            [25, [25, 22, 23, 24]],
            [9, [9]]
        ],
        [
            [30, [30]]
        ],
        [
            [5, [33, 32, 26, 29, 28]],
            [31, [31, 27]]
        ],
        [
            [4, [48, 47, 46, 38, 39, 40, 41]]
        ],
        [
            [2, [49, 50, 43, 42, 45, 44, 35, 34]]
        ],
        [
            [36, [36, 37]]
        ]
    ]
]",735.388269481403,"[
    [
        [
            [0, [5, 1, 17, 16, 15, 14, 13, 3, 7, 6, 4]],
            [25, [25, 22, 23, 24]],
            [22, []],
            [23, []],
            [5, [33, 32, 26, 29, 28]],
            [1, []],
            [26, []],
            [17, []],
            [16, []],
            [15, []],
            [14, []],
            [13, []],
            [29, []],
            [28, []],
            [3, []],
            [24, []],
            [7, []],
            [6, []],
            [4, [48, 47, 46, 38, 39, 40, 41]],
            [38, []],
            [39, []],
            [40, []],
            [41, []],
            [48, []],
            [47, []],
            [46, []],
            [33, []],
            [32, []]
        ],
        [
            [0, [12, 10, 18, 19, 20, 21, 11, 8, 2]],
            [12, []],
            [9, [9]],
            [10, []],
            [18, []],
            [19, []],
            [20, []],
            [21, []],
            [11, []],
            [30, [30]],
            [31, [31, 27]],
            [8, []],
            [2, [49, 50, 43, 42, 45, 44, 35, 34]],
            [27, []],
            [35, []],
            [34, []],
            [43, []],
            [36, [36, 37]],
            [37, []],
            [42, []],
            [49, []],
            [50, []],
            [45, []],
            [44, []]
        ]
    ],
    [
        [
            [25, [25, 22, 23, 24]],
            [9, [9]]
        ],
        [
            [30, [30]]
        ],
        [
            [5, [33, 32, 26, 29, 28]],
            [31, [31, 27]]
        ],
        [
            [4, [48, 47, 46, 38, 39, 40, 41]]
        ],
        [
            [2, [49, 50, 43, 42, 45, 44, 35, 34]]
        ],
        [
            [36, [36, 37]]
        ]
    ]
]",363.8165519257593,2,6,5.0,363.8165519257593,2,6,5.0,results/sol_best_C101_2.dat_A8_L90_pid2788.txt,results/sol_best_multi_C101_2.dat_A8_L90_pid2788.txt,C101_2.dat_A8_L90_r2.log
30,test_data/data_demand_random_50_batch_all1_equal_cluster/C101_2.dat,8.0,120.0,1,816.0,"[
    [
        [
            [0, [22, 4, 6, 5, 1, 17, 16, 15, 14, 13, 26, 28, 25, 24]],
            [2, [2]],
            [22, [33, 32]],
            [4, [36, 37]],
            [6, []],
            [5, []],
            [1, []],
            [17, []],
            [16, []],
            [15, []],
            [14, []],
            [13, []],
            [26, []],
            [28, []],
            [25, []],
            [36, [48, 47, 46, 38, 39, 40, 41]],
            [37, []],
            [24, []],
            [38, []],
            [39, []],
            [40, []],
            [41, []],
            [48, []],
            [47, []],
            [46, []],
            [33, []],
            [32, []]
        ],
        [
            [0, [19, 20, 21, 12, 11, 9, 10, 8, 23, 27]],
            [3, [3]],
            [7, [7]],
            [18, [18, 30, 31]],
            [19, []],
            [20, []],
            [21, []],
            [12, []],
            [11, []],
            [30, []],
            [31, [35, 34]],
            [9, []],
            [10, []],
            [8, [43]],
            [23, []],
            [29, [29]],
            [27, []],
            [35, []],
            [34, []],
            [43, []],
            [42, [42, 45, 44]],
            [49, [49, 50]],
            [50, []],
            [45, []],
            [44, []]
        ]
    ],
    [
        [
            [2, [2]],
            [3, [3]]
        ],
        [
            [7, [7]],
            [22, [33, 32]]
        ],
        [
            [4, [36, 37]],
            [18, [18, 30, 31]]
        ],
        [
            [31, [35, 34]]
        ],
        [
            [8, [43]]
        ],
        [
            [36, [48, 47, 46, 38, 39, 40, 41]],
            [29, [29]]
        ],
        [
            [42, [42, 45, 44]]
        ],
        [
            [49, [49, 50]]
        ]
    ]
]",816.0,"[
    [
        [
            [0, [22, 4, 6, 5, 1, 17, 16, 15, 14, 13, 26, 28, 25, 24]],
            [2, [2]],
            [22, [33, 32]],
            [4, [36, 37]],
            [6, []],
            [5, []],
            [1, []],
            [17, []],
            [16, []],
            [15, []],
            [14, []],
            [13, []],
            [26, []],
            [28, []],
            [25, []],
            [36, [48, 47, 46, 38, 39, 40, 41]],
            [37, []],
            [24, []],
            [38, []],
            [39, []],
            [40, []],
            [41, []],
            [48, []],
            [47, []],
            [46, []],
            [33, []],
            [32, []]
        ],
        [
            [0, [19, 20, 21, 12, 11, 9, 10, 8, 23, 27]],
            [3, [3]],
            [7, [7]],
            [18, [18, 30, 31]],
            [19, []],
            [20, []],
            [21, []],
            [12, []],
            [11, []],
            [30, []],
            [31, [35, 34]],
            [9, []],
            [10, []],
            [8, [43]],
            [23, []],
            [29, [29]],
            [27, []],
            [35, []],
            [34, []],
            [43, []],
            [42, [42, 45, 44]],
            [49, [49, 50]],
            [50, []],
            [45, []],
            [44, []]
        ]
    ],
    [
        [
            [2, [2]],
            [3, [3]]
        ],
        [
            [7, [7]],
            [22, [33, 32]]
        ],
        [
            [4, [36, 37]],
            [18, [18, 30, 31]]
        ],
        [
            [31, [35, 34]]
        ],
        [
            [8, [43]]
        ],
        [
            [36, [48, 47, 46, 38, 39, 40, 41]],
            [29, [29]]
        ],
        [
            [42, [42, 45, 44]]
        ],
        [
            [49, [49, 50]]
        ]
    ]
]",472.28201195783646,4,8,3.25,472.28201195783646,4,8,3.25,results/sol_best_C101_2.dat_A8_L120_pid2793.txt,results/sol_best_multi_C101_2.dat_A8_L120_pid2793.txt,C101_2.dat_A8_L120_r1.log
30,test_data/data_demand_random_50_batch_all1_equal_cluster/C101_2.dat,8.0,120.0,2,753.54,"[
    [
        [
            [0, [4, 5, 1, 17, 16, 15, 14, 13]],
            [2, [2]],
            [4, [33, 32, 29, 28]],
            [5, []],
            [1, []],
            [17, [36, 37]],
            [16, []],
            [15, []],
            [14, []],
            [13, []],
            [29, []],
            [28, []],
            [36, [48, 47, 46, 38, 39, 40, 41]],
            [37, []],
            [38, []],
            [39, []],
            [40, []],
            [41, []],
            [48, []],
            [47, []],
            [46, []],
            [33, []],
            [32, []]
        ],
        [
            [0, [3, 7, 6, 19, 20, 21, 12, 11, 10, 9, 8]],
            [3, []],
            [7, []],
            [24, [24]],
            [23, [23]],
            [6, []],
            [18, [18, 30, 31]],
            [19, [35, 34, 25]],
            [20, []],
            [21, []],
            [12, []],
            [11, [26, 27, 22]],
            [30, []],
            [31, []],
            [10, []],
            [9, []],
            [8, []],
            [22, []],
            [26, []],
            [27, []],
            [35, []],
            [34, []],
            [43, [43]],
            [42, [42, 45, 44, 49, 50]],
            [49, []],
            [50, []],
            [45, []],
            [44, []],
            [25, []]
        ]
    ],
    [
        [
            [24, [24]]
        ],
        [
            [23, [23]],
            [2, [2]]
        ],
        [
            [4, [33, 32, 29, 28]],
            [18, [18, 30, 31]]
        ],
        [
            [19, [35, 34, 25]],
            [17, [36, 37]]
        ],
        [
            [11, [26, 27, 22]]
        ],
        [
            [43, [43]]
        ],
        [
            [36, [48, 47, 46, 38, 39, 40, 41]]
        ],
        [
            [42, [42, 45, 44, 49, 50]]
        ]
    ]
]",753.54,"[
    [
        [
            [0, [4, 5, 1, 17, 16, 15, 14, 13]],
            [2, [2]],
            [4, [33, 32, 29, 28]],
            [5, []],
            [1, []],
            [17, [36, 37]],
            [16, []],
            [15, []],
            [14, []],
            [13, []],
            [29, []],
            [28, []],
            [36, [48, 47, 46, 38, 39, 40, 41]],
            [37, []],
            [38, []],
            [39, []],
            [40, []],
            [41, []],
            [48, []],
            [47, []],
            [46, []],
            [33, []],
            [32, []]
        ],
        [
            [0, [3, 7, 6, 19, 20, 21, 12, 11, 10, 9, 8]],
            [3, []],
            [7, []],
            [24, [24]],
            [23, [23]],
            [6, []],
            [18, [18, 30, 31]],
            [19, [35, 34, 25]],
            [20, []],
            [21, []],
            [12, []],
            [11, [26, 27, 22]],
            [30, []],
            [31, []],
            [10, []],
            [9, []],
            [8, []],
            [22, []],
            [26, []],
            [27, []],
            [35, []],
            [34, []],
            [43, [43]],
            [42, [42, 45, 44, 49, 50]],
            [49, []],
            [50, []],
            [45, []],
            [44, []],
            [25, []]
        ]
    ],
    [
        [
            [24, [24]]
        ],
        [
            [23, [23]],
            [2, [2]]
        ],
        [
            [4, [33, 32, 29, 28]],
            [18, [18, 30, 31]]
        ],
        [
            [19, [35, 34, 25]],
            [17, [36, 37]]
        ],
        [
            [11, [26, 27, 22]]
        ],
        [
            [43, [43]]
        ],
        [
            [36, [48, 47, 46, 38, 39, 40, 41]]
        ],
        [
            [42, [42, 45, 44, 49, 50]]
        ]
    ]
]",375.1642548133327,3,8,3.875,375.1642548133327,3,8,3.875,results/sol_best_C101_2.dat_A8_L120_pid2794.txt,results/sol_best_multi_C101_2.dat_A8_L120_pid2794.txt,C101_2.dat_A8_L120_r2.log
31,test_data/data_demand_random_50_batch_all1_equal_cluster/C101_3.dat,4.0,60.0,1,995.0,"[
    [
        [
            [0, [2, 3, 5, 7, 6, 34, 35, 36, 49, 50, 42, 38, 37, 41, 40, 39, 29, 21, 20, 19, 18, 17, 28, 27, 26, 16]],
            [2, []],
            [3, []],
            [5, []],
            [7, []],
            [6, []],
            [34, []],
            [35, []],
            [36, []],
            [49, []],
            [50, []],
            [42, []],
            [38, []],
            [37, []],
            [41, []],
            [40, []],
            [39, []],
            [29, []],
            [21, []],
            [20, []],
            [19, []],
            [18, []],
            [17, []],
            [28, []],
            [27, []],
            [26, []],
            [16, []]
        ],
        [
            [0, [14, 15, 31, 30, 11, 12, 13, 24, 25, 23, 22, 47, 48, 46, 45, 44, 43, 33, 32, 10, 8, 9, 4, 1]],
            [14, []],
            [15, []],
            [31, []],
            [30, []],
            [11, []],
            [12, []],
            [13, []],
            [24, []],
            [25, []],
            [23, []],
            [22, []],
            [47, []],
            [48, []],
            [46, []],
            [45, []],
            [44, []],
            [43, []],
            [33, []],
            [32, []],
            [10, []],
            [8, []],
            [9, []],
            [4, []],
            [1, []]
        ]
    ],
    [
    ]
]",,,0.0,0,0,0.0,,,,,results/sol_best_C101_3.dat_A4_L60_pid2818.txt,(not found),C101_3.dat_A4_L60_r1.log
31,test_data/data_demand_random_50_batch_all1_equal_cluster/C101_3.dat,4.0,60.0,2,999.0,"[
    [
        [
            [0, [2, 3, 7, 8, 10, 34, 35, 36, 49, 50, 42, 38, 37, 41, 40, 27, 39, 29, 21, 20, 19, 18, 17, 28, 26, 16]],
            [2, []],
            [3, []],
            [7, []],
            [8, []],
            [10, []],
            [34, []],
            [35, []],
            [36, []],
            [49, []],
            [50, []],
            [42, []],
            [38, []],
            [37, []],
            [41, []],
            [40, []],
            [27, []],
            [39, []],
            [29, []],
            [21, []],
            [20, []],
            [19, []],
            [18, []],
            [17, []],
            [28, []],
            [26, []],
            [16, []]
        ],
        [
            [0, [14, 11, 12, 13, 30, 31, 15, 25, 24, 22, 23, 32, 33, 43, 44, 45, 46, 48, 47, 4, 9, 5, 6, 1]],
            [14, []],
            [11, []],
            [12, []],
            [13, []],
            [30, []],
            [31, []],
            [15, []],
            [25, []],
            [24, []],
            [22, []],
            [23, []],
            [32, []],
            [33, []],
            [43, []],
            [44, []],
            [45, []],
            [46, []],
            [48, []],
            [47, []],
            [4, []],
            [9, []],
            [5, []],
            [6, []],
            [1, []]
        ]
    ],
    [
    ]
]",1040.0,"[
    [
        [
            [0, [2, 6, 7, 3, 4, 8, 10, 34, 35, 36, 49, 50, 42, 38, 37, 41, 40, 29, 21, 20, 19, 18, 17, 28, 39, 16]],
            [2, []],
            [6, []],
            [7, []],
            [3, []],
            [4, []],
            [8, []],
            [10, []],
            [34, []],
            [35, []],
            [36, []],
            [49, []],
            [50, []],
            [42, []],
            [38, []],
            [37, []],
            [41, []],
            [40, []],
            [29, []],
            [21, []],
            [20, []],
            [19, []],
            [18, []],
            [17, []],
            [28, []],
            [39, []],
            [26, [26]],
            [16, []]
        ],
        [
            [0, [14, 11, 12, 13, 30, 31, 15, 25, 24, 22, 23, 32, 33, 43, 44, 45, 46, 48, 47, 9, 5, 27]],
            [14, []],
            [11, []],
            [12, []],
            [13, []],
            [30, []],
            [31, []],
            [15, []],
            [25, []],
            [24, []],
            [22, []],
            [23, []],
            [32, []],
            [33, []],
            [43, []],
            [44, []],
            [45, []],
            [46, []],
            [48, []],
            [47, []],
            [9, []],
            [5, []],
            [27, []],
            [1, [1]]
        ]
    ],
    [
        [
            [26, [26]],
            [1, [1]]
        ]
    ]
]",0.0,0,0,0.0,1025.0,1,1,2.0,results/sol_best_C101_3.dat_A4_L60_pid2819.txt,results/sol_best_multi_C101_3.dat_A4_L60_pid2819.txt,C101_3.dat_A4_L60_r2.log
32,test_data/data_demand_random_50_batch_all1_equal_cluster/C101_3.dat,4.0,90.0,1,994.0,"[
    [
        [
            [0, [1, 6, 4, 7, 8, 3, 27, 26, 16, 17, 18, 19, 20, 29, 21, 28, 38, 37, 35, 36, 34, 10]],
            [1, []],
            [6, []],
            [4, []],
            [7, []],
            [8, []],
            [3, [39, 41, 40]],
            [27, []],
            [26, []],
            [16, []],
            [17, []],
            [18, []],
            [19, []],
            [20, []],
            [29, []],
            [21, []],
            [28, []],
            [39, []],
            [40, []],
            [41, []],
            [38, []],
            [37, []],
            [35, []],
            [36, []],
            [34, [48, 47, 30, 31]],
            [10, []],
            [48, []],
            [47, []],
            [31, []],
            [30, []]
        ],
        [
            [0, [9, 5, 2, 15, 13, 12, 11, 24, 25, 23, 22, 14]],
            [9, [33]],
            [5, []],
            [2, []],
            [15, []],
            [13, []],
            [12, []],
            [11, []],
            [24, []],
            [25, []],
            [33, []],
            [32, [32]],
            [23, [46, 45, 44, 43]],
            [22, []],
            [14, []],
            [46, []],
            [45, []],
            [44, []],
            [43, []],
            [49, [49]],
            [50, [50, 42]],
            [42, []]
        ]
    ],
    [
        [
            [9, [33]]
        ],
        [
            [3, [39, 41, 40]],
            [32, [32]]
        ],
        [
            [23, [46, 45, 44, 43]]
        ],
        [
            [34, [48, 47, 30, 31]]
        ],
        [
            [49, [49]]
        ],
        [
            [50, [50, 42]]
        ]
    ]
]",994.0,"[
    [
        [
            [0, [1, 6, 4, 7, 8, 3, 27, 26, 16, 17, 18, 19, 20, 29, 21, 28, 38, 37, 35, 36, 34, 10]],
            [1, []],
            [6, []],
            [4, []],
            [7, []],
            [8, []],
            [3, [39, 41, 40]],
            [27, []],
            [26, []],
            [16, []],
            [17, []],
            [18, []],
            [19, []],
            [20, []],
            [29, []],
            [21, []],
            [28, []],
            [39, []],
            [40, []],
            [41, []],
            [38, []],
            [37, []],
            [35, []],
            [36, []],
            [34, [48, 47, 30, 31]],
            [10, []],
            [48, []],
            [47, []],
            [31, []],
            [30, []]
        ],
        [
            [0, [9, 5, 2, 15, 13, 12, 11, 24, 25, 23, 22, 14]],
            [9, [33]],
            [5, []],
            [2, []],
            [15, []],
            [13, []],
            [12, []],
            [11, []],
            [24, []],
            [25, []],
            [33, []],
            [32, [32]],
            [23, [46, 45, 44, 43]],
            [22, []],
            [14, []],
            [46, []],
            [45, []],
            [44, []],
            [43, []],
            [49, [49]],
            [50, [50, 42]],
            [42, []]
        ]
    ],
    [
        [
            [9, [33]]
        ],
        [
            [3, [39, 41, 40]],
            [32, [32]]
        ],
        [
            [23, [46, 45, 44, 43]]
        ],
        [
            [34, [48, 47, 30, 31]]
        ],
        [
            [49, [49]]
        ],
        [
            [50, [50, 42]]
        ]
    ]
]",638.9293647087346,1,6,2.6666666666666665,638.9293647087346,1,6,2.6666666666666665,results/sol_best_C101_3.dat_A4_L90_pid2827.txt,results/sol_best_multi_C101_3.dat_A4_L90_pid2827.txt,C101_3.dat_A4_L90_r1.log
32,test_data/data_demand_random_50_batch_all1_equal_cluster/C101_3.dat,4.0,90.0,2,969.36,"[
    [
        [
            [0, [1, 26, 28, 39, 41, 40, 37, 38, 35, 36, 34, 10, 5]],
            [1, []],
            [26, []],
            [28, []],
            [39, []],
            [41, []],
            [40, []],
            [37, []],
            [38, []],
            [35, []],
            [36, []],
            [34, []],
            [10, []],
            [5, []],
            [47, [47]]
        ],
        [
            [0, [11, 14, 12, 13, 15, 2, 7, 9, 8, 3, 4, 6]],
            [11, []],
            [14, []],
            [12, []],
            [13, []],
            [15, []],
            [2, []],
            [7, []],
            [9, []],
            [8, [20, 18, 17, 16]],
            [17, []],
            [18, [25, 24, 23, 22]],
            [29, [29, 27, 21]],
            [27, []],
            [16, []],
            [21, []],
            [19, [19]],
            [20, []],
            [3, []],
            [4, [33, 32, 30, 31]],
            [33, []],
            [32, []],
            [23, []],
            [22, []],
            [24, []],
            [30, []],
            [31, [46, 45, 44, 43]],
            [25, []],
            [48, [49, 50, 48, 42]],
            [46, []],
            [45, []],
            [44, []],
            [43, []],
            [42, []],
            [50, []],
            [49, []],
            [6, []]
        ]
    ],
    [
        [
            [8, [20, 18, 17, 16]]
        ],
        [
            [18, [25, 24, 23, 22]]
        ],
        [
            [29, [29, 27, 21]]
        ],
        [
            [47, [47]]
        ],
        [
            [19, [19]]
        ],
        [
            [4, [33, 32, 30, 31]]
        ],
        [
            [31, [46, 45, 44, 43]]
        ],
        [
            [48, [49, 50, 48, 42]]
        ]
    ]
]",1019.11,"[
    [
        [
            [0, [3, 5, 34, 10, 8, 7, 6, 1, 21, 20, 19, 18, 17, 28, 26, 35, 36, 37, 38]],
            [3, []],
            [5, []],
            [34, []],
            [10, []],
            [8, []],
            [7, []],
            [6, []],
            [1, []],
            [21, []],
            [20, []],
            [19, []],
            [18, []],
            [17, []],
            [28, []],
            [26, [41, 40, 39]],
            [35, []],
            [36, []],
            [37, []],
            [38, []],
            [41, []],
            [40, []],
            [39, []]
        ],
        [
            [0, [2, 14, 13, 12, 24, 25, 23, 15, 22]],
            [16, [16]],
            [29, [29]],
            [27, [27, 4]],
            [4, [33, 32, 30, 31]],
            [9, [9]],
            [2, []],
            [33, []],
            [32, []],
            [14, []],
            [13, []],
            [12, []],
            [11, [11]],
            [24, [46, 45, 44, 43]],
            [25, []],
            [23, []],
            [31, []],
            [30, []],
            [15, []],
            [22, [49, 50, 42, 48]],
            [47, [47]],
            [48, []],
            [46, []],
            [45, []],
            [44, []],
            [43, []],
            [49, []],
            [50, []],
            [42, []]
        ]
    ],
    [
        [
            [16, [16]]
        ],
        [
            [29, [29]]
        ],
        [
            [27, [27, 4]]
        ],
        [
            [4, [33, 32, 30, 31]]
        ],
        [
            [9, [9]]
        ],
        [
            [11, [11]],
            [26, [41, 40, 39]]
        ],
        [
            [24, [46, 45, 44, 43]]
        ],
        [
            [22, [49, 50, 42, 48]]
        ],
        [
            [47, [47]]
        ]
    ]
]",524.5490816890156,0,8,3.125,502.541995638547,1,9,2.4444444444444446,results/sol_best_C101_3.dat_A4_L90_pid2828.txt,results/sol_best_multi_C101_3.dat_A4_L90_pid2828.txt,C101_3.dat_A4_L90_r2.log
33,test_data/data_demand_random_50_batch_all1_equal_cluster/C101_3.dat,4.0,120.0,1,1025.0,"[
    [
        [
            [0, [3, 10, 8, 7, 6, 4, 1, 21, 20, 17, 28, 26, 37, 38, 35, 36, 9, 32]],
            [3, []],
            [10, []],
            [8, []],
            [7, []],
            [6, []],
            [4, [41, 40, 39]],
            [1, []],
            [21, []],
            [20, []],
            [17, []],
            [28, []],
            [26, []],
            [37, []],
            [38, []],
            [35, [48, 47]],
            [36, []],
            [41, []],
            [40, []],
            [39, []],
            [9, []],
            [32, []],
            [48, []],
            [47, []]
        ],
        [
            [0, [19, 18, 29, 27, 16, 5, 14, 15, 13, 12, 11, 24, 25, 23, 22]],
            [19, []],
            [18, []],
            [29, []],
            [27, []],
            [16, []],
            [34, [34, 31, 30, 33]],
            [5, []],
            [2, [2]],
            [14, [43, 44]],
            [15, []],
            [31, []],
            [30, []],
            [13, []],
            [12, []],
            [11, []],
            [24, []],
            [25, []],
            [23, []],
            [22, []],
            [33, []],
            [46, [46, 45, 42]],
            [45, []],
            [44, []],
            [43, []],
            [49, [49, 50]],
            [50, []],
            [42, []]
        ]
    ],
    [
        [
            [34, [34, 31, 30, 33]]
        ],
        [
            [4, [41, 40, 39]],
            [2, [2]]
        ],
        [
            [35, [48, 47]]
        ],
        [
            [14, [43, 44]]
        ],
        [
            [46, [46, 45, 42]]
        ],
        [
            [49, [49, 50]]
        ]
    ]
]",1025.0,"[
    [
        [
            [0, [3, 10, 8, 7, 6, 4, 1, 21, 20, 17, 28, 26, 37, 38, 35, 36, 9, 32]],
            [3, []],
            [10, []],
            [8, []],
            [7, []],
            [6, []],
            [4, [41, 40, 39]],
            [1, []],
            [21, []],
            [20, []],
            [17, []],
            [28, []],
            [26, []],
            [37, []],
            [38, []],
            [35, [48, 47]],
            [36, []],
            [41, []],
            [40, []],
            [39, []],
            [9, []],
            [32, []],
            [48, []],
            [47, []]
        ],
        [
            [0, [19, 18, 29, 27, 16, 5, 14, 15, 13, 12, 11, 24, 25, 23, 22]],
            [19, []],
            [18, []],
            [29, []],
            [27, []],
            [16, []],
            [34, [34, 31, 30, 33]],
            [5, []],
            [2, [2]],
            [14, [43, 44]],
            [15, []],
            [31, []],
            [30, []],
            [13, []],
            [12, []],
            [11, []],
            [24, []],
            [25, []],
            [23, []],
            [22, []],
            [33, []],
            [46, [46, 45, 42]],
            [45, []],
            [44, []],
            [43, []],
            [49, [49, 50]],
            [50, []],
            [42, []]
        ]
    ],
    [
        [
            [34, [34, 31, 30, 33]]
        ],
        [
            [4, [41, 40, 39]],
            [2, [2]]
        ],
        [
            [35, [48, 47]]
        ],
        [
            [14, [43, 44]]
        ],
        [
            [46, [46, 45, 42]]
        ],
        [
            [49, [49, 50]]
        ]
    ]
]",674.4690728778397,1,6,2.8333333333333335,674.4690728778397,1,6,2.8333333333333335,results/sol_best_C101_3.dat_A4_L120_pid2834.txt,results/sol_best_multi_C101_3.dat_A4_L120_pid2834.txt,C101_3.dat_A4_L120_r1.log
33,test_data/data_demand_random_50_batch_all1_equal_cluster/C101_3.dat,4.0,120.0,2,1052.27,"[
    [
        [
            [0, [8, 7, 6, 1, 21, 20, 19, 18, 17, 28, 29, 27, 26, 35, 36, 37, 38, 34, 22]],
            [9, [9]],
            [10, [10]],
            [8, []],
            [7, []],
            [6, []],
            [1, []],
            [21, []],
            [20, []],
            [19, []],
            [18, []],
            [17, []],
            [28, []],
            [29, []],
            [27, []],
            [26, []],
            [39, [39, 41, 40]],
            [35, [48, 47]],
            [36, []],
            [37, []],
            [38, []],
            [41, []],
            [40, []],
            [34, []],
            [48, []],
            [47, []],
            [22, []]
        ],
        [
            [0, [3, 4, 5, 2, 15, 13, 12, 11, 24, 25, 14]],
            [3, []],
            [4, []],
            [5, []],
            [2, []],
            [15, []],
            [13, []],
            [12, []],
            [11, []],
            [24, []],
            [25, []],
            [16, [16]],
            [23, [23]],
            [33, [33]],
            [32, [32, 31, 30, 42]],
            [31, [49, 50]],
            [30, []],
            [14, []],
            [46, [46, 45, 44, 43]],
            [45, []],
            [44, []],
            [43, []],
            [49, []],
            [50, []],
            [42, []]
        ]
    ],
    [
        [
            [16, [16]],
            [9, [9]]
        ],
        [
            [10, [10]],
            [23, [23]]
        ],
        [
            [33, [33]],
            [39, [39, 41, 40]]
        ],
        [
            [32, [32, 31, 30, 42]]
        ],
        [
            [31, [49, 50]],
            [35, [48, 47]]
        ],
        [
            [46, [46, 45, 44, 43]]
        ]
    ]
]",1052.269755251621,"[
    [
        [
            [0, [8, 7, 6, 1, 21, 20, 19, 18, 17, 28, 29, 27, 26, 35, 36, 37, 38, 34, 22]],
            [9, [9]],
            [10, [10]],
            [8, []],
            [7, []],
            [6, []],
            [1, []],
            [21, []],
            [20, []],
            [19, []],
            [18, []],
            [17, []],
            [28, []],
            [29, []],
            [27, []],
            [26, []],
            [39, [39, 41, 40]],
            [35, [48, 47]],
            [36, []],
            [37, []],
            [38, []],
            [41, []],
            [40, []],
            [34, []],
            [48, []],
            [47, []],
            [22, []]
        ],
        [
            [0, [3, 4, 5, 2, 15, 13, 12, 11, 24, 25, 14]],
            [3, []],
            [4, []],
            [5, []],
            [2, []],
            [15, []],
            [13, []],
            [12, []],
            [11, []],
            [24, []],
            [25, []],
            [16, [16]],
            [23, [23]],
            [33, [33]],
            [32, [32, 31, 30, 42]],
            [31, [49, 50]],
            [30, []],
            [14, []],
            [46, [46, 45, 44, 43]],
            [45, []],
            [44, []],
            [43, []],
            [49, []],
            [50, []],
            [42, []]
        ]
    ],
    [
        [
            [16, [16]],
            [9, [9]]
        ],
        [
            [10, [10]],
            [23, [23]]
        ],
        [
            [33, [33]],
            [39, [39, 41, 40]]
        ],
        [
            [32, [32, 31, 30, 42]]
        ],
        [
            [31, [49, 50]],
            [35, [48, 47]]
        ],
        [
            [46, [46, 45, 44, 43]]
        ]
    ]
]",673.2945302219347,4,6,3.3333333333333335,673.2945302219347,4,6,3.3333333333333335,results/sol_best_C101_3.dat_A4_L120_pid2835.txt,results/sol_best_multi_C101_3.dat_A4_L120_pid2835.txt,C101_3.dat_A4_L120_r2.log
34,test_data/data_demand_random_50_batch_all1_equal_cluster/C101_3.dat,8.0,60.0,1,1059.0,"[
    [
        [
            [0, [6, 34, 35, 37, 38, 40, 41, 42, 50, 49, 36, 10, 8, 7, 3, 4, 2, 21, 20, 19, 18, 17, 28, 26, 16]],
            [6, []],
            [34, []],
            [35, []],
            [37, []],
            [38, []],
            [40, []],
            [41, []],
            [42, []],
            [50, []],
            [49, []],
            [36, []],
            [10, []],
            [8, []],
            [7, []],
            [3, []],
            [4, []],
            [2, []],
            [21, []],
            [20, []],
            [19, []],
            [18, []],
            [17, []],
            [28, []],
            [26, []],
            [16, []]
        ],
        [
            [0, [14, 11, 12, 13, 30, 31, 15, 24, 25, 23, 22, 32, 33, 43, 44, 45, 46, 48, 47, 9, 5, 39, 29, 27, 1]],
            [14, []],
            [11, []],
            [12, []],
            [13, []],
            [30, []],
            [31, []],
            [15, []],
            [24, []],
            [25, []],
            [23, []],
            [22, []],
            [32, []],
            [33, []],
            [43, []],
            [44, []],
            [45, []],
            [46, []],
            [48, []],
            [47, []],
            [9, []],
            [5, []],
            [39, []],
            [29, []],
            [27, []],
            [1, []]
        ]
    ],
    [
    ]
]",,,0.0,0,0,0.0,,,,,results/sol_best_C101_3.dat_A8_L60_pid2811.txt,(not found),C101_3.dat_A8_L60_r1.log
34,test_data/data_demand_random_50_batch_all1_equal_cluster/C101_3.dat,8.0,60.0,2,1067.0,"[
    [
        [
            [0, [6, 37, 38, 40, 41, 42, 50, 49, 36, 35, 34, 10, 8, 7, 3, 4, 1, 21, 20, 19, 18, 17, 28, 29, 27, 26, 16]],
            [6, []],
            [37, []],
            [38, []],
            [40, []],
            [41, []],
            [42, []],
            [50, []],
            [49, []],
            [36, []],
            [35, []],
            [34, []],
            [10, []],
            [8, []],
            [7, []],
            [3, []],
            [4, []],
            [1, []],
            [21, []],
            [20, []],
            [19, []],
            [18, []],
            [17, []],
            [28, []],
            [29, []],
            [27, []],
            [26, []],
            [16, []]
        ],
        [
            [0, [14, 15, 31, 30, 13, 12, 11, 24, 25, 23, 22, 32, 33, 43, 44, 45, 46, 48, 47, 9, 5, 39, 2]],
            [14, []],
            [15, []],
            [31, []],
            [30, []],
            [13, []],
            [12, []],
            [11, []],
            [24, []],
            [25, []],
            [23, []],
            [22, []],
            [32, []],
            [33, []],
            [43, []],
            [44, []],
            [45, []],
            [46, []],
            [48, []],
            [47, []],
            [9, []],
            [5, []],
            [39, []],
            [2, []]
        ]
    ],
    [
    ]
]",,,0.0,0,0,0.0,,,,,results/sol_best_C101_3.dat_A8_L60_pid2812.txt,(not found),C101_3.dat_A8_L60_r2.log
35,test_data/data_demand_random_50_batch_all1_equal_cluster/C101_3.dat,8.0,90.0,1,1042.39,"[
    [
        [
            [0, [3, 10, 8, 7, 6, 1, 21, 20, 19, 18, 17, 28, 29, 27, 26, 16]],
            [14, [14]],
            [4, [4]],
            [3, []],
            [10, []],
            [8, []],
            [7, []],
            [6, []],
            [1, []],
            [21, []],
            [20, []],
            [19, []],
            [18, [34, 35, 36, 37, 38]],
            [17, []],
            [28, []],
            [29, []],
            [27, []],
            [26, []],
            [16, []],
            [34, []],
            [35, [48, 47, 41, 40, 39]],
            [36, []],
            [37, []],
            [38, []],
            [41, []],
            [40, []],
            [39, []],
            [48, []],
            [47, []]
        ],
        [
            [0, [5, 2, 15, 13, 12, 24, 25, 23, 22, 33, 32, 31, 30]],
            [9, [9]],
            [5, []],
            [2, []],
            [15, []],
            [13, []],
            [12, []],
            [11, [11]],
            [24, []],
            [25, []],
            [23, []],
            [22, []],
            [33, []],
            [32, []],
            [31, [49, 50, 46, 45, 44, 43, 42]],
            [30, []],
            [46, []],
            [45, []],
            [44, []],
            [43, []],
            [49, []],
            [50, []],
            [42, []]
        ]
    ],
    [
        [
            [14, [14]]
        ],
        [
            [9, [9]],
            [4, [4]]
        ],
        [
            [11, [11]],
            [18, [34, 35, 36, 37, 38]]
        ],
        [
            [35, [48, 47, 41, 40, 39]]
        ],
        [
            [31, [49, 50, 46, 45, 44, 43, 42]]
        ]
    ]
]",1042.388269481403,"[
    [
        [
            [0, [11, 24, 14, 4, 3, 10, 7, 6, 1, 21, 20, 19, 18, 17, 28, 29, 27, 26, 16]],
            [11, []],
            [24, []],
            [14, []],
            [4, []],
            [3, []],
            [10, []],
            [8, [8]],
            [7, []],
            [6, []],
            [1, []],
            [21, []],
            [20, []],
            [19, []],
            [18, [34, 35, 36, 37, 38]],
            [17, []],
            [28, []],
            [29, []],
            [27, []],
            [26, []],
            [16, []],
            [34, []],
            [35, [48, 47, 41, 40, 39]],
            [36, []],
            [37, []],
            [38, []],
            [41, []],
            [40, []],
            [39, []],
            [48, []],
            [47, []]
        ],
        [
            [0, [5, 2, 15, 13, 12, 25, 23, 22, 32, 31, 30]],
            [9, [9]],
            [5, []],
            [2, []],
            [15, [33]],
            [13, []],
            [12, []],
            [25, []],
            [23, []],
            [22, []],
            [33, []],
            [32, []],
            [31, [49, 50, 46, 45, 44, 43, 42]],
            [30, []],
            [46, []],
            [45, []],
            [44, []],
            [43, []],
            [49, []],
            [50, []],
            [42, []]
        ]
    ],
    [
        [
            [9, [9]],
            [8, [8]]
        ],
        [
            [15, [33]],
            [18, [34, 35, 36, 37, 38]]
        ],
        [
            [35, [48, 47, 41, 40, 39]]
        ],
        [
            [31, [49, 50, 46, 45, 44, 43, 42]]
        ]
    ]
]",571.2839189777254,2,5,4.2,625.6854234634048,2,4,5.0,results/sol_best_C101_3.dat_A8_L90_pid2722.txt,results/sol_best_multi_C101_3.dat_A8_L90_pid2722.txt,C101_3.dat_A8_L90_r1.log
35,test_data/data_demand_random_50_batch_all1_equal_cluster/C101_3.dat,8.0,90.0,2,976.12,"[
    [
        [
            [0, [23, 4, 8, 7, 2, 6, 1, 20, 19, 18, 17, 16, 27, 29, 10, 3, 9]],
            [22, [22]],
            [23, []],
            [4, []],
            [8, [21]],
            [7, []],
            [2, [38, 37, 36, 35]],
            [6, []],
            [1, []],
            [21, []],
            [20, []],
            [19, [39, 40, 41]],
            [18, []],
            [17, []],
            [16, []],
            [27, []],
            [29, []],
            [39, []],
            [40, []],
            [41, []],
            [38, []],
            [37, []],
            [36, []],
            [35, []],
            [10, []],
            [3, [48, 47]],
            [48, []],
            [47, []],
            [9, []]
        ],
        [
            [0, [5, 11, 14, 13, 15, 12, 24, 25]],
            [28, [28]],
            [26, [30, 31, 33, 32, 26]],
            [34, [34]],
            [5, []],
            [11, []],
            [14, []],
            [13, []],
            [30, []],
            [31, []],
            [15, []],
            [12, [46, 45, 44, 43]],
            [24, []],
            [25, []],
            [33, []],
            [32, []],
            [46, []],
            [45, []],
            [44, []],
            [43, []],
            [49, [49, 50, 42]],
            [50, []],
            [42, []]
        ]
    ],
    [
        [
            [22, [22]],
            [28, [28]]
        ],
        [
            [26, [30, 31, 33, 32, 26]],
            [8, [21]]
        ],
        [
            [2, [38, 37, 36, 35]],
            [34, [34]]
        ],
        [
            [19, [39, 40, 41]]
        ],
        [
            [3, [48, 47]]
        ],
        [
            [12, [46, 45, 44, 43]]
        ],
        [
            [49, [49, 50, 42]]
        ]
    ]
]",976.12,"[
    [
        [
            [0, [23, 4, 8, 7, 2, 6, 1, 20, 19, 18, 17, 16, 27, 29, 10, 3, 9]],
            [22, [22]],
            [23, []],
            [4, []],
            [8, [21]],
            [7, []],
            [2, [38, 37, 36, 35]],
            [6, []],
            [1, []],
            [21, []],
            [20, []],
            [19, [39, 40, 41]],
            [18, []],
            [17, []],
            [16, []],
            [27, []],
            [29, []],
            [39, []],
            [40, []],
            [41, []],
            [38, []],
            [37, []],
            [36, []],
            [35, []],
            [10, []],
            [3, [48, 47]],
            [48, []],
            [47, []],
            [9, []]
        ],
        [
            [0, [5, 11, 14, 13, 15, 12, 24, 25]],
            [28, [28]],
            [26, [30, 31, 33, 32, 26]],
            [34, [34]],
            [5, []],
            [11, []],
            [14, []],
            [13, []],
            [30, []],
            [31, []],
            [15, []],
            [12, [46, 45, 44, 43]],
            [24, []],
            [25, []],
            [33, []],
            [32, []],
            [46, []],
            [45, []],
            [44, []],
            [43, []],
            [49, [49, 50, 42]],
            [50, []],
            [42, []]
        ]
    ],
    [
        [
            [22, [22]],
            [28, [28]]
        ],
        [
            [26, [30, 31, 33, 32, 26]],
            [8, [21]]
        ],
        [
            [2, [38, 37, 36, 35]],
            [34, [34]]
        ],
        [
            [19, [39, 40, 41]]
        ],
        [
            [3, [48, 47]]
        ],
        [
            [12, [46, 45, 44, 43]]
        ],
        [
            [49, [49, 50, 42]]
        ]
    ]
]",572.5845546339261,3,7,3.5714285714285716,572.5845546339261,3,7,3.5714285714285716,results/sol_best_C101_3.dat_A8_L90_pid2723.txt,results/sol_best_multi_C101_3.dat_A8_L90_pid2723.txt,C101_3.dat_A8_L90_r2.log
36,test_data/data_demand_random_50_batch_all1_equal_cluster/C101_3.dat,8.0,120.0,1,1104.17,"[
    [
        [
            [0, [33, 32, 13, 11, 4, 10, 8, 7, 6, 3, 1, 21, 20, 19, 18, 17, 28, 29, 27, 26, 16]],
            [33, [37, 38, 34]],
            [32, []],
            [15, [15]],
            [13, []],
            [11, []],
            [4, []],
            [10, []],
            [8, []],
            [7, []],
            [6, []],
            [3, [48, 47, 39]],
            [1, []],
            [21, []],
            [20, []],
            [19, []],
            [18, []],
            [17, []],
            [28, []],
            [29, []],
            [27, []],
            [26, []],
            [16, []],
            [39, []],
            [38, []],
            [37, []],
            [34, []],
            [48, []],
            [47, []]
        ],
        [
            [0, [5, 2, 12, 24, 25, 23, 22, 31, 30, 14]],
            [35, [35, 36]],
            [36, []],
            [9, [9]],
            [5, [42]],
            [2, []],
            [12, []],
            [24, []],
            [25, []],
            [23, []],
            [22, []],
            [31, [49, 50]],
            [30, []],
            [14, []],
            [46, [46, 45, 44, 43, 41, 40]],
            [45, []],
            [44, []],
            [43, []],
            [49, []],
            [50, []],
            [42, []],
            [41, []],
            [40, []]
        ]
    ],
    [
        [
            [35, [35, 36]]
        ],
        [
            [33, [37, 38, 34]],
            [9, [9]]
        ],
        [
            [15, [15]],
            [5, [42]]
        ],
        [
            [3, [48, 47, 39]],
            [31, [49, 50]]
        ],
        [
            [46, [46, 45, 44, 43, 41, 40]]
        ]
    ]
]",1104.165525060596,"[
    [
        [
            [0, [33, 32, 13, 11, 4, 10, 8, 7, 6, 3, 1, 21, 20, 19, 18, 17, 28, 29, 27, 26, 16]],
            [33, [37, 38, 34]],
            [32, []],
            [15, [15]],
            [13, []],
            [11, []],
            [4, []],
            [10, []],
            [8, []],
            [7, []],
            [6, []],
            [3, [48, 47, 39]],
            [1, []],
            [21, []],
            [20, []],
            [19, []],
            [18, []],
            [17, []],
            [28, []],
            [29, []],
            [27, []],
            [26, []],
            [16, []],
            [39, []],
            [38, []],
            [37, []],
            [34, []],
            [48, []],
            [47, []]
        ],
        [
            [0, [5, 2, 12, 24, 25, 23, 22, 31, 30, 14]],
            [35, [35, 36]],
            [36, []],
            [9, [9]],
            [5, [42]],
            [2, []],
            [12, []],
            [24, []],
            [25, []],
            [23, []],
            [22, []],
            [31, [49, 50]],
            [30, []],
            [14, []],
            [46, [46, 45, 44, 43, 41, 40]],
            [45, []],
            [44, []],
            [43, []],
            [49, []],
            [50, []],
            [42, []],
            [41, []],
            [40, []]
        ]
    ],
    [
        [
            [35, [35, 36]]
        ],
        [
            [33, [37, 38, 34]],
            [9, [9]]
        ],
        [
            [15, [15]],
            [5, [42]]
        ],
        [
            [3, [48, 47, 39]],
            [31, [49, 50]]
        ],
        [
            [46, [46, 45, 44, 43, 41, 40]]
        ]
    ]
]",645.7379251012073,3,5,3.8,645.7379251012073,3,5,3.8,results/sol_best_C101_3.dat_A8_L120_pid2742.txt,results/sol_best_multi_C101_3.dat_A8_L120_pid2742.txt,C101_3.dat_A8_L120_r1.log
36,test_data/data_demand_random_50_batch_all1_equal_cluster/C101_3.dat,8.0,120.0,2,1046.0,"[
    [
        [
            [0, [3, 10, 8, 7, 6, 1, 21, 20, 19, 18, 17, 28, 29, 27, 26, 16]],
            [22, [22]],
            [4, [4]],
            [3, []],
            [10, []],
            [8, []],
            [7, []],
            [6, []],
            [1, [39, 41, 40]],
            [21, []],
            [20, []],
            [19, []],
            [18, []],
            [17, [34, 35, 36, 37]],
            [28, []],
            [39, []],
            [29, []],
            [27, []],
            [26, []],
            [16, []],
            [34, [48, 47]],
            [35, []],
            [36, []],
            [37, []],
            [41, []],
            [40, []],
            [48, []],
            [47, []]
        ],
        [
            [0, [9, 5, 15, 13, 12, 11, 24, 25, 23]],
            [9, []],
            [5, []],
            [2, [2]],
            [15, [33, 32, 31, 30]],
            [13, []],
            [12, []],
            [11, []],
            [24, []],
            [25, []],
            [23, []],
            [33, [14]],
            [32, []],
            [31, [38]],
            [30, []],
            [14, []],
            [46, [49, 50, 46, 44, 43, 42]],
            [45, [45]],
            [44, []],
            [43, []],
            [49, []],
            [50, []],
            [38, []],
            [42, []]
        ]
    ],
    [
        [
            [22, [22]],
            [2, [2]]
        ],
        [
            [15, [33, 32, 31, 30]],
            [4, [4]]
        ],
        [
            [1, [39, 41, 40]],
            [33, [14]]
        ],
        [
            [17, [34, 35, 36, 37]],
            [31, [38]]
        ],
        [
            [46, [49, 50, 46, 44, 43, 42]]
        ],
        [
            [34, [48, 47]],
            [45, [45]]
        ]
    ]
]",1046.0,"[
    [
        [
            [0, [2, 15, 4, 3, 10, 8, 7, 6, 1, 21, 20, 19, 18, 17, 28, 29, 27, 26, 16]],
            [2, []],
            [15, []],
            [22, [22]],
            [4, []],
            [3, []],
            [10, []],
            [8, []],
            [7, []],
            [6, []],
            [1, [39, 41, 40]],
            [21, []],
            [20, []],
            [19, []],
            [18, []],
            [17, [34, 35, 36, 37]],
            [28, []],
            [39, []],
            [29, []],
            [27, []],
            [26, []],
            [16, []],
            [34, [48, 47]],
            [35, []],
            [36, []],
            [37, []],
            [41, []],
            [40, []],
            [48, []],
            [47, []]
        ],
        [
            [0, [9, 5, 13, 12, 11, 24, 25, 23]],
            [9, []],
            [5, []],
            [13, []],
            [12, []],
            [11, []],
            [24, []],
            [25, []],
            [23, []],
            [33, [14, 33]],
            [32, [32]],
            [31, [38, 31, 30]],
            [30, []],
            [14, []],
            [46, [46, 45, 44, 43]],
            [45, []],
            [44, []],
            [43, []],
            [49, [49, 50, 42]],
            [50, []],
            [38, []],
            [42, []]
        ]
    ],
    [
        [
            [22, [22]],
            [33, [14, 33]]
        ],
        [
            [1, [39, 41, 40]],
            [32, [32]]
        ],
        [
            [17, [34, 35, 36, 37]],
            [31, [38, 31, 30]]
        ],
        [
            [34, [48, 47]],
            [46, [46, 45, 44, 43]]
        ],
        [
            [49, [49, 50, 42]]
        ]
    ]
]",561.3214426579142,5,6,4.166666666666667,658.8888256020844,4,5,4.6,results/sol_best_C101_3.dat_A8_L120_pid2743.txt,results/sol_best_multi_C101_3.dat_A8_L120_pid2743.txt,C101_3.dat_A8_L120_r2.log
37,test_data/data_demand_random_50_batch_all1_equal_cluster/C201_0.5.dat,4.0,60.0,1,659.0,"[
    [
        [
            [0, [14, 15, 16, 17, 32, 31, 12, 13, 27, 38, 30, 29, 28, 19, 18, 43, 44, 42, 41, 24, 4, 2, 11, 10]],
            [14, []],
            [15, []],
            [16, []],
            [17, []],
            [32, []],
            [31, []],
            [12, []],
            [13, []],
            [27, []],
            [38, []],
            [30, []],
            [29, []],
            [28, []],
            [19, []],
            [18, []],
            [43, []],
            [44, []],
            [42, []],
            [41, []],
            [24, []],
            [4, []],
            [2, []],
            [11, []],
            [10, []]
        ],
        [
            [0, [5, 8, 25, 40, 39, 26, 23, 7, 6, 9, 20, 21, 22, 50, 46, 45, 37, 36, 35, 49, 47, 48, 34, 33, 3, 1]],
            [5, []],
            [8, []],
            [25, []],
            [40, []],
            [39, []],
            [26, []],
            [23, []],
            [7, []],
            [6, []],
            [9, []],
            [20, []],
            [21, []],
            [22, []],
            [50, []],
            [46, []],
            [45, []],
            [37, []],
            [36, []],
            [35, []],
            [49, []],
            [47, []],
            [48, []],
            [34, []],
            [33, []],
            [3, []],
            [1, []]
        ]
    ],
    [
    ]
]",684.0,"[
    [
        [
            [0, [14, 15, 16, 17, 31, 32, 13, 27, 47, 49, 38, 30, 29, 28, 12, 10, 11, 19, 18, 43, 44, 42, 41, 1]],
            [14, []],
            [15, []],
            [16, []],
            [17, []],
            [31, []],
            [32, []],
            [13, []],
            [27, []],
            [47, []],
            [49, []],
            [38, []],
            [30, []],
            [29, []],
            [28, []],
            [12, []],
            [10, []],
            [11, []],
            [19, []],
            [18, []],
            [43, []],
            [44, []],
            [42, []],
            [41, []],
            [20, [20]],
            [1, []]
        ],
        [
            [0, [5, 8, 25, 40, 39, 26, 23, 7, 6, 9, 24, 21, 22, 50, 46, 45, 37, 36, 35, 48, 34, 33, 3, 2]],
            [5, []],
            [8, []],
            [25, []],
            [40, []],
            [39, []],
            [26, []],
            [23, []],
            [7, []],
            [6, []],
            [9, []],
            [24, []],
            [21, []],
            [22, []],
            [50, []],
            [46, []],
            [45, []],
            [37, []],
            [36, []],
            [35, []],
            [48, []],
            [34, []],
            [33, []],
            [4, [4]],
            [3, []],
            [2, []]
        ]
    ],
    [
        [
            [20, [20]],
            [4, [4]]
        ]
    ]
]",0.0,0,0,0.0,650.1172427686237,1,1,2.0,results/sol_best_C201_0.5.dat_A4_L60_pid2802.txt,results/sol_best_multi_C201_0.5.dat_A4_L60_pid2802.txt,C201_0.5.dat_A4_L60_r1.log
37,test_data/data_demand_random_50_batch_all1_equal_cluster/C201_0.5.dat,4.0,60.0,2,667.0,"[
    [
        [
            [0, [14, 31, 32, 17, 16, 15, 13, 27, 47, 30, 38, 29, 28, 12, 10, 11, 19, 18, 43, 44, 42, 41, 20, 3, 1]],
            [14, []],
            [31, []],
            [32, []],
            [17, []],
            [16, []],
            [15, []],
            [13, []],
            [27, []],
            [47, []],
            [30, []],
            [38, []],
            [29, []],
            [28, []],
            [12, []],
            [10, []],
            [11, []],
            [19, []],
            [18, []],
            [43, []],
            [44, []],
            [42, []],
            [41, []],
            [20, []],
            [3, []],
            [1, []]
        ],
        [
            [0, [5, 6, 9, 23, 26, 39, 40, 25, 8, 7, 24, 21, 22, 50, 46, 45, 37, 36, 35, 49, 48, 34, 33, 4, 2]],
            [5, []],
            [6, []],
            [9, []],
            [23, []],
            [26, []],
            [39, []],
            [40, []],
            [25, []],
            [8, []],
            [7, []],
            [24, []],
            [21, []],
            [22, []],
            [50, []],
            [46, []],
            [45, []],
            [37, []],
            [36, []],
            [35, []],
            [49, []],
            [48, []],
            [34, []],
            [33, []],
            [4, []],
            [2, []]
        ]
    ],
    [
    ]
]",,,0.0,0,0,0.0,,,,,results/sol_best_C201_0.5.dat_A4_L60_pid2803.txt,(not found),C201_0.5.dat_A4_L60_r2.log
38,test_data/data_demand_random_50_batch_all1_equal_cluster/C201_0.5.dat,4.0,90.0,1,630.0,"[
    [
        [
            [0, [1, 18, 3, 35, 28, 29, 38, 30, 34, 33, 27, 11, 10, 13, 12, 31, 32, 17, 16, 15, 14]],
            [1, [49, 47, 48]],
            [18, []],
            [3, []],
            [35, []],
            [28, []],
            [29, []],
            [38, []],
            [30, []],
            [49, []],
            [47, []],
            [48, []],
            [34, []],
            [33, []],
            [27, []],
            [11, []],
            [10, []],
            [13, []],
            [12, []],
            [31, []],
            [32, []],
            [17, []],
            [16, []],
            [15, []],
            [14, []]
        ],
        [
            [0, [5, 8, 24, 26, 25, 7, 6, 9, 20, 22, 21, 19, 4, 2]],
            [5, [40, 39, 42, 41]],
            [8, []],
            [24, []],
            [23, [23]],
            [26, []],
            [40, []],
            [39, []],
            [25, []],
            [7, []],
            [6, []],
            [9, []],
            [20, []],
            [22, []],
            [50, [50, 43, 46]],
            [46, []],
            [45, [45, 44, 36, 37]],
            [44, []],
            [42, []],
            [41, []],
            [21, []],
            [43, []],
            [36, []],
            [37, []],
            [19, []],
            [4, []],
            [2, []]
        ]
    ],
    [
        [
            [5, [40, 39, 42, 41]]
        ],
        [
            [1, [49, 47, 48]],
            [23, [23]]
        ],
        [
            [50, [50, 43, 46]]
        ],
        [
            [45, [45, 44, 36, 37]]
        ]
    ]
]",630.0,"[
    [
        [
            [0, [1, 18, 3, 35, 28, 29, 38, 30, 34, 33, 27, 11, 10, 13, 12, 31, 32, 17, 16, 15, 14]],
            [1, [49, 47, 48]],
            [18, []],
            [3, []],
            [35, []],
            [28, []],
            [29, []],
            [38, []],
            [30, []],
            [49, []],
            [47, []],
            [48, []],
            [34, []],
            [33, []],
            [27, []],
            [11, []],
            [10, []],
            [13, []],
            [12, []],
            [31, []],
            [32, []],
            [17, []],
            [16, []],
            [15, []],
            [14, []]
        ],
        [
            [0, [5, 8, 24, 26, 25, 7, 6, 9, 20, 22, 21, 19, 4, 2]],
            [5, [40, 39, 42, 41]],
            [8, []],
            [24, []],
            [23, [23]],
            [26, []],
            [40, []],
            [39, []],
            [25, []],
            [7, []],
            [6, []],
            [9, []],
            [20, []],
            [22, []],
            [50, [50, 43, 46]],
            [46, []],
            [45, [45, 44, 36, 37]],
            [44, []],
            [42, []],
            [41, []],
            [21, []],
            [43, []],
            [36, []],
            [37, []],
            [19, []],
            [4, []],
            [2, []]
        ]
    ],
    [
        [
            [5, [40, 39, 42, 41]]
        ],
        [
            [1, [49, 47, 48]],
            [23, [23]]
        ],
        [
            [50, [50, 43, 46]]
        ],
        [
            [45, [45, 44, 36, 37]]
        ]
    ]
]",269.43401588488416,1,4,3.75,269.43401588488416,1,4,3.75,results/sol_best_C201_0.5.dat_A4_L90_pid3440.txt,results/sol_best_multi_C201_0.5.dat_A4_L90_pid3440.txt,C201_0.5.dat_A4_L90_r1.log
38,test_data/data_demand_random_50_batch_all1_equal_cluster/C201_0.5.dat,4.0,90.0,2,647.0,"[
    [
        [
            [0, [1, 10, 4, 11, 3, 13, 12, 17, 16, 15, 14]],
            [1, []],
            [10, []],
            [4, [34, 33, 31, 32]],
            [11, [49, 47, 48, 38]],
            [3, [45, 44, 43]],
            [43, [30, 29, 27]],
            [45, []],
            [44, []],
            [49, []],
            [38, []],
            [30, []],
            [29, []],
            [47, []],
            [48, []],
            [34, []],
            [33, []],
            [27, []],
            [13, []],
            [12, []],
            [31, []],
            [32, []],
            [17, []],
            [16, []],
            [15, []],
            [14, []]
        ],
        [
            [0, [5, 8, 25, 26, 23, 7, 6, 9, 24, 21, 22, 20, 18, 28, 35, 36, 37, 19, 2]],
            [5, [39, 40, 42, 41]],
            [8, []],
            [25, []],
            [39, []],
            [40, []],
            [26, []],
            [23, []],
            [7, []],
            [6, []],
            [9, []],
            [24, []],
            [21, []],
            [22, []],
            [46, [46, 50]],
            [50, []],
            [42, []],
            [41, []],
            [20, []],
            [18, []],
            [28, []],
            [35, []],
            [36, []],
            [37, []],
            [19, []],
            [2, []]
        ]
    ],
    [
        [
            [5, [39, 40, 42, 41]]
        ],
        [
            [4, [34, 33, 31, 32]]
        ],
        [
            [11, [49, 47, 48, 38]]
        ],
        [
            [3, [45, 44, 43]]
        ],
        [
            [43, [30, 29, 27]]
        ],
        [
            [46, [46, 50]]
        ]
    ]
]",662.117242768624,"[
    [
        [
            [0, [4, 1, 10, 11, 3, 13, 12, 17, 16, 15, 14]],
            [4, [34, 33, 31, 32]],
            [1, []],
            [10, []],
            [11, [49, 47, 48, 38]],
            [3, [45, 44, 43]],
            [43, [30, 29, 27]],
            [45, []],
            [44, []],
            [49, []],
            [38, []],
            [30, []],
            [29, []],
            [47, []],
            [48, []],
            [34, []],
            [33, []],
            [27, []],
            [13, []],
            [12, []],
            [31, []],
            [32, []],
            [17, []],
            [16, []],
            [15, []],
            [14, []]
        ],
        [
            [0, [8, 25, 39, 40, 26, 23, 7, 6, 9, 24, 21, 22, 42, 41, 20, 18, 28, 35, 36, 37, 19, 2]],
            [5, [5]],
            [8, []],
            [25, []],
            [39, []],
            [40, []],
            [26, []],
            [23, []],
            [7, []],
            [6, []],
            [9, []],
            [24, []],
            [21, []],
            [22, []],
            [46, [46, 50]],
            [50, []],
            [42, []],
            [41, []],
            [20, []],
            [18, []],
            [28, []],
            [35, []],
            [36, []],
            [37, []],
            [19, []],
            [2, []]
        ]
    ],
    [
        [
            [4, [34, 33, 31, 32]]
        ],
        [
            [11, [49, 47, 48, 38]]
        ],
        [
            [5, [5]],
            [3, [45, 44, 43]]
        ],
        [
            [43, [30, 29, 27]]
        ],
        [
            [46, [46, 50]]
        ]
    ]
]",219.3614669850272,0,6,3.3333333333333335,222.45290820864253,1,5,3.4,results/sol_best_C201_0.5.dat_A4_L90_pid3441.txt,results/sol_best_multi_C201_0.5.dat_A4_L90_pid3441.txt,C201_0.5.dat_A4_L90_r2.log
39,test_data/data_demand_random_50_batch_all1_equal_cluster/C201_0.5.dat,4.0,120.0,1,664.0,"[
    [
        [
            [0, [1, 4, 3, 11, 10, 34, 33, 27, 13, 12, 31, 32, 17, 16, 15, 14]],
            [1, [36, 37, 38]],
            [4, []],
            [3, [45, 44, 43]],
            [11, [49, 47, 48]],
            [10, []],
            [36, []],
            [37, []],
            [45, []],
            [44, []],
            [43, []],
            [38, []],
            [49, []],
            [47, []],
            [48, []],
            [34, []],
            [33, []],
            [27, []],
            [13, []],
            [12, []],
            [31, []],
            [32, []],
            [17, []],
            [16, []],
            [15, []],
            [14, []]
        ],
        [
            [0, [5, 8, 24, 23, 26, 25, 7, 6, 9, 21, 22, 20, 35, 30, 29, 28, 18, 19, 2]],
            [5, [40, 39, 42, 41]],
            [8, []],
            [24, []],
            [23, []],
            [26, []],
            [40, []],
            [39, [46, 50]],
            [25, []],
            [7, []],
            [6, []],
            [9, []],
            [46, []],
            [50, []],
            [42, []],
            [41, []],
            [21, []],
            [22, []],
            [20, []],
            [35, []],
            [30, []],
            [29, []],
            [28, []],
            [18, []],
            [19, []],
            [2, []]
        ]
    ],
    [
        [
            [1, [36, 37, 38]]
        ],
        [
            [5, [40, 39, 42, 41]]
        ],
        [
            [3, [45, 44, 43]]
        ],
        [
            [11, [49, 47, 48]]
        ],
        [
            [39, [46, 50]]
        ]
    ]
]",664.0,"[
    [
        [
            [0, [1, 4, 3, 11, 10, 34, 33, 27, 13, 12, 31, 32, 17, 16, 15, 14]],
            [1, [36, 37, 38]],
            [4, []],
            [3, [45, 43]],
            [11, [49, 47, 48]],
            [10, []],
            [36, []],
            [37, []],
            [45, []],
            [43, []],
            [38, []],
            [49, []],
            [47, []],
            [48, []],
            [34, []],
            [33, []],
            [27, []],
            [13, []],
            [12, []],
            [31, []],
            [32, []],
            [17, []],
            [16, []],
            [15, []],
            [14, []]
        ],
        [
            [0, [5, 8, 9, 23, 26, 25, 7, 6, 24, 21, 22, 20, 30, 29, 28, 19, 18, 2]],
            [5, []],
            [8, []],
            [9, []],
            [23, []],
            [26, []],
            [40, [40, 46]],
            [39, [39]],
            [25, []],
            [7, []],
            [6, []],
            [24, []],
            [42, [42, 41, 44]],
            [44, []],
            [46, []],
            [50, [50, 35]],
            [41, []],
            [21, []],
            [22, []],
            [20, []],
            [35, []],
            [30, []],
            [29, []],
            [28, []],
            [19, []],
            [18, []],
            [2, []]
        ]
    ],
    [
        [
            [1, [36, 37, 38]]
        ],
        [
            [3, [45, 43]],
            [40, [40, 46]]
        ],
        [
            [11, [49, 47, 48]],
            [39, [39]]
        ],
        [
            [42, [42, 41, 44]]
        ],
        [
            [50, [50, 35]]
        ]
    ]
]",180.69611655929594,0,5,3.0,285.13400226476216,2,5,3.2,results/sol_best_C201_0.5.dat_A4_L120_pid2735.txt,results/sol_best_multi_C201_0.5.dat_A4_L120_pid2735.txt,C201_0.5.dat_A4_L120_r1.log
39,test_data/data_demand_random_50_batch_all1_equal_cluster/C201_0.5.dat,4.0,120.0,2,638.66,"[
    [
        [
            [0, [10, 11, 1, 3, 18, 20, 30, 29, 34, 33, 27, 13, 12, 31, 32, 17, 16, 15, 14]],
            [10, []],
            [11, [45, 44, 43, 38]],
            [1, []],
            [3, []],
            [18, []],
            [20, []],
            [45, []],
            [44, []],
            [43, []],
            [49, [49, 47, 48]],
            [38, []],
            [30, []],
            [29, []],
            [47, []],
            [48, []],
            [34, []],
            [33, []],
            [27, []],
            [13, []],
            [12, []],
            [31, []],
            [32, []],
            [17, []],
            [16, []],
            [15, []],
            [14, []]
        ],
        [
            [0, [5, 8, 24, 23, 26, 40, 39, 25, 7, 6, 9, 21, 22, 42, 41, 37, 36, 35, 28, 4, 19, 2]],
            [5, []],
            [8, []],
            [24, []],
            [23, []],
            [26, []],
            [40, []],
            [39, []],
            [25, []],
            [7, []],
            [6, []],
            [9, []],
            [21, []],
            [22, []],
            [42, []],
            [41, []],
            [46, [46, 50]],
            [50, []],
            [37, []],
            [36, []],
            [35, []],
            [28, []],
            [4, []],
            [19, []],
            [2, []]
        ]
    ],
    [
        [
            [11, [45, 44, 43, 38]]
        ],
        [
            [49, [49, 47, 48]]
        ],
        [
            [46, [46, 50]]
        ]
    ]
]",638.66,"[
    [
        [
            [0, [10, 11, 1, 3, 18, 20, 30, 29, 34, 33, 27, 13, 12, 31, 32, 17, 16, 15, 14]],
            [10, []],
            [11, [45, 44, 43, 38]],
            [1, []],
            [3, []],
            [18, []],
            [20, []],
            [43, []],
            [45, []],
            [44, []],
            [49, [49, 47, 48]],
            [38, []],
            [30, []],
            [29, []],
            [47, []],
            [48, []],
            [34, []],
            [33, []],
            [27, []],
            [13, []],
            [12, []],
            [31, []],
            [32, []],
            [17, []],
            [16, []],
            [15, []],
            [14, []]
        ],
        [
            [0, [5, 8, 24, 23, 26, 39, 40, 25, 7, 6, 9, 41, 42, 22, 37, 36, 35, 28, 4, 19, 2]],
            [5, []],
            [8, []],
            [24, []],
            [23, []],
            [26, []],
            [39, []],
            [40, []],
            [25, []],
            [7, []],
            [6, []],
            [9, []],
            [41, []],
            [42, []],
            [22, []],
            [21, [21]],
            [50, [46, 50]],
            [46, []],
            [37, []],
            [36, []],
            [35, []],
            [28, []],
            [4, []],
            [19, []],
            [2, []]
        ]
    ],
    [
        [
            [11, [45, 44, 43, 38]]
        ],
        [
            [49, [49, 47, 48]],
            [21, [21]]
        ],
        [
            [50, [46, 50]]
        ]
    ]
]",340.98140280846684,0,3,3.0,350.5261486000504,1,3,3.3333333333333335,results/sol_best_C201_0.5.dat_A4_L120_pid2736.txt,results/sol_best_multi_C201_0.5.dat_A4_L120_pid2736.txt,C201_0.5.dat_A4_L120_r2.log
40,test_data/data_demand_random_50_batch_all1_equal_cluster/C201_0.5.dat,8.0,60.0,1,659.0,"[
    [
        [
            [0, [14, 15, 31, 32, 17, 16, 33, 48, 34, 27, 13, 12, 10, 11, 19, 45, 46, 50, 22, 43, 18, 3]],
            [14, []],
            [15, []],
            [31, []],
            [32, []],
            [17, []],
            [16, []],
            [33, []],
            [48, []],
            [34, []],
            [27, []],
            [13, []],
            [12, []],
            [10, []],
            [11, []],
            [19, []],
            [45, []],
            [46, []],
            [50, []],
            [22, []],
            [43, []],
            [18, []],
            [3, []]
        ],
        [
            [0, [5, 6, 9, 7, 8, 25, 39, 40, 26, 23, 24, 20, 21, 41, 42, 37, 36, 35, 30, 38, 29, 28, 4, 2, 1]],
            [5, []],
            [6, []],
            [9, []],
            [7, []],
            [8, []],
            [25, []],
            [39, []],
            [40, []],
            [26, []],
            [23, []],
            [24, []],
            [20, [49, 44, 47]],
            [21, []],
            [41, []],
            [42, []],
            [44, []],
            [37, []],
            [36, []],
            [35, []],
            [49, []],
            [47, []],
            [30, []],
            [38, []],
            [29, []],
            [28, []],
            [4, []],
            [2, []],
            [1, []]
        ]
    ],
    [
        [
            [20, [49, 44, 47]]
        ]
    ]
]",692.0,"[
    [
        [
            [0, [14, 31, 32, 17, 16, 15, 13, 27, 29, 48, 47, 28, 12, 11, 4, 43, 44, 45, 46, 50, 42, 41, 21, 3, 1]],
            [14, []],
            [31, []],
            [32, []],
            [17, []],
            [16, []],
            [15, []],
            [13, []],
            [27, []],
            [29, []],
            [48, []],
            [47, []],
            [28, []],
            [12, []],
            [10, [10]],
            [11, []],
            [4, []],
            [43, []],
            [44, []],
            [45, []],
            [46, []],
            [50, []],
            [42, []],
            [41, []],
            [21, []],
            [3, []],
            [1, []]
        ],
        [
            [0, [5, 8, 25, 40, 39, 26, 23, 7, 6, 9, 24, 22, 20, 18, 19, 37, 36, 35, 38, 30, 34, 33, 2]],
            [5, []],
            [8, []],
            [25, []],
            [40, []],
            [39, []],
            [26, []],
            [23, []],
            [7, []],
            [6, []],
            [9, []],
            [24, []],
            [22, []],
            [20, []],
            [18, []],
            [19, [49]],
            [37, []],
            [36, []],
            [35, []],
            [49, []],
            [38, []],
            [30, []],
            [34, []],
            [33, []],
            [2, []]
        ]
    ],
    [
        [
            [19, [49]],
            [10, [10]]
        ]
    ]
]",388.298221281347,0,1,3.0,470.6619037896906,1,1,2.0,results/sol_best_C201_0.5.dat_A8_L60_pid2863.txt,results/sol_best_multi_C201_0.5.dat_A8_L60_pid2863.txt,C201_0.5.dat_A8_L60_r1.log
40,test_data/data_demand_random_50_batch_all1_equal_cluster/C201_0.5.dat,8.0,60.0,2,659.0,"[
    [
        [
            [0, [14, 15, 16, 17, 32, 31, 12, 13, 27, 30, 29, 28, 10, 11, 4, 19, 18, 43, 44, 42, 41, 24, 3, 1]],
            [14, []],
            [15, []],
            [16, []],
            [17, []],
            [32, []],
            [31, []],
            [12, []],
            [13, []],
            [27, []],
            [30, []],
            [29, []],
            [28, []],
            [10, []],
            [11, []],
            [4, []],
            [19, []],
            [18, []],
            [43, []],
            [44, []],
            [42, []],
            [41, []],
            [24, []],
            [3, []],
            [1, []]
        ],
        [
            [0, [5, 8, 25, 40, 39, 26, 23, 7, 6, 9, 20, 21, 22, 50, 46, 45, 37, 36, 35, 38, 49, 47, 48, 34, 33, 2]],
            [5, []],
            [8, []],
            [25, []],
            [40, []],
            [39, []],
            [26, []],
            [23, []],
            [7, []],
            [6, []],
            [9, []],
            [20, []],
            [21, []],
            [22, []],
            [50, []],
            [46, []],
            [45, []],
            [37, []],
            [36, []],
            [35, []],
            [38, []],
            [49, []],
            [47, []],
            [48, []],
            [34, []],
            [33, []],
            [2, []]
        ]
    ],
    [
    ]
]",,,0.0,0,0,0.0,,,,,results/sol_best_C201_0.5.dat_A8_L60_pid2864.txt,(not found),C201_0.5.dat_A8_L60_r2.log
41,test_data/data_demand_random_50_batch_all1_equal_cluster/C201_0.5.dat,8.0,90.0,1,620.0,"[
    [
        [
            [0, [10, 4, 19, 13, 12, 17, 16, 15, 14]],
            [10, [34, 33, 31, 32]],
            [4, []],
            [19, [30, 29, 27]],
            [43, [49, 47, 48, 45, 44, 43, 37, 38]],
            [44, []],
            [45, []],
            [37, []],
            [49, []],
            [38, []],
            [30, []],
            [29, []],
            [47, []],
            [48, []],
            [34, []],
            [33, []],
            [27, []],
            [13, []],
            [12, []],
            [31, []],
            [32, []],
            [17, []],
            [16, []],
            [15, []],
            [14, []]
        ],
        [
            [0, [1, 11, 5, 8, 7, 6, 9, 20, 22, 21, 18, 3, 2]],
            [1, [24, 23, 26, 25]],
            [11, []],
            [5, [40, 39, 42, 41]],
            [8, []],
            [24, []],
            [23, []],
            [26, []],
            [40, []],
            [39, []],
            [25, [50, 46]],
            [7, []],
            [6, []],
            [9, []],
            [20, [35, 36, 28]],
            [22, []],
            [46, []],
            [50, []],
            [42, []],
            [41, []],
            [21, []],
            [36, []],
            [35, []],
            [28, []],
            [18, []],
            [3, []],
            [2, []]
        ]
    ],
    [
        [
            [1, [24, 23, 26, 25]]
        ],
        [
            [10, [34, 33, 31, 32]]
        ],
        [
            [5, [40, 39, 42, 41]],
            [19, [30, 29, 27]]
        ],
        [
            [43, [49, 47, 48, 45, 44, 43, 37, 38]]
        ],
        [
            [25, [50, 46]]
        ],
        [
            [20, [35, 36, 28]]
        ]
    ]
]",620.0,"[
    [
        [
            [0, [10, 4, 19, 13, 12, 17, 16, 15, 14]],
            [10, [34, 33, 31, 32]],
            [4, []],
            [19, [30, 29, 27]],
            [43, [49, 47, 48, 45, 44, 43, 37, 38]],
            [44, []],
            [45, []],
            [37, []],
            [49, []],
            [38, []],
            [30, []],
            [29, []],
            [47, []],
            [48, []],
            [34, []],
            [33, []],
            [27, []],
            [13, []],
            [12, []],
            [31, []],
            [32, []],
            [17, []],
            [16, []],
            [15, []],
            [14, []]
        ],
        [
            [0, [1, 11, 5, 8, 7, 6, 9, 20, 22, 21, 18, 3, 2]],
            [1, [24, 23, 26, 25]],
            [11, []],
            [5, [40, 39, 42, 41]],
            [8, []],
            [24, []],
            [23, []],
            [26, []],
            [40, []],
            [39, []],
            [25, [50, 46]],
            [7, []],
            [6, []],
            [9, []],
            [20, [35, 36, 28]],
            [22, []],
            [46, []],
            [50, []],
            [42, []],
            [41, []],
            [21, []],
            [36, []],
            [35, []],
            [28, []],
            [18, []],
            [3, []],
            [2, []]
        ]
    ],
    [
        [
            [1, [24, 23, 26, 25]]
        ],
        [
            [10, [34, 33, 31, 32]]
        ],
        [
            [5, [40, 39, 42, 41]],
            [19, [30, 29, 27]]
        ],
        [
            [43, [49, 47, 48, 45, 44, 43, 37, 38]]
        ],
        [
            [25, [50, 46]]
        ],
        [
            [20, [35, 36, 28]]
        ]
    ]
]",209.9342591907259,1,6,4.666666666666667,209.9342591907259,1,6,4.666666666666667,results/sol_best_C201_0.5.dat_A8_L90_pid2815.txt,results/sol_best_multi_C201_0.5.dat_A8_L90_pid2815.txt,C201_0.5.dat_A8_L90_r1.log
41,test_data/data_demand_random_50_batch_all1_equal_cluster/C201_0.5.dat,8.0,90.0,2,586.77,"[
    [
        [
            [0, [10, 11, 2, 3, 4, 36, 35, 28, 29, 30, 38, 34, 33, 27, 13, 12, 31, 32, 17, 16, 15, 14]],
            [10, []],
            [11, []],
            [2, []],
            [3, []],
            [4, [49, 47, 48]],
            [36, []],
            [35, []],
            [28, []],
            [29, []],
            [30, []],
            [38, []],
            [49, []],
            [47, []],
            [48, []],
            [34, []],
            [33, []],
            [27, []],
            [13, []],
            [12, []],
            [31, []],
            [32, []],
            [17, []],
            [16, []],
            [15, []],
            [14, []]
        ],
        [
            [0, [5, 6, 9, 7, 8, 25, 39, 40, 26, 23, 24, 20, 42, 41, 21, 22, 37, 19, 18, 1]],
            [5, [50, 43, 44, 45, 46]],
            [6, []],
            [9, []],
            [7, []],
            [8, []],
            [25, []],
            [39, []],
            [40, []],
            [26, []],
            [23, []],
            [24, []],
            [20, []],
            [43, []],
            [44, []],
            [42, []],
            [41, []],
            [21, []],
            [22, []],
            [50, []],
            [46, []],
            [45, []],
            [37, []],
            [19, []],
            [18, []],
            [1, []]
        ]
    ],
    [
        [
            [5, [50, 43, 44, 45, 46]],
            [4, [49, 47, 48]]
        ]
    ]
]",586.77,"[
    [
        [
            [0, [10, 11, 2, 3, 4, 36, 35, 28, 29, 30, 38, 34, 33, 27, 13, 12, 31, 32, 17, 16, 15, 14]],
            [10, []],
            [11, []],
            [2, []],
            [3, []],
            [4, [49, 47, 48]],
            [36, []],
            [35, []],
            [28, []],
            [29, []],
            [30, []],
            [38, []],
            [49, []],
            [47, []],
            [48, []],
            [34, []],
            [33, []],
            [27, []],
            [13, []],
            [12, []],
            [31, []],
            [32, []],
            [17, []],
            [16, []],
            [15, []],
            [14, []]
        ],
        [
            [0, [5, 6, 9, 7, 8, 25, 39, 40, 26, 23, 24, 20, 42, 41, 21, 22, 37, 19, 18, 1]],
            [5, [50, 43, 44, 45, 46]],
            [6, []],
            [9, []],
            [7, []],
            [8, []],
            [25, []],
            [39, []],
            [40, []],
            [26, []],
            [23, []],
            [24, []],
            [20, []],
            [43, []],
            [44, []],
            [42, []],
            [41, []],
            [21, []],
            [22, []],
            [50, []],
            [46, []],
            [45, []],
            [37, []],
            [19, []],
            [18, []],
            [1, []]
        ]
    ],
    [
        [
            [5, [50, 43, 44, 45, 46]],
            [4, [49, 47, 48]]
        ]
    ]
]",208.1172427686237,1,1,8.0,208.1172427686237,1,1,8.0,results/sol_best_C201_0.5.dat_A8_L90_pid2816.txt,results/sol_best_multi_C201_0.5.dat_A8_L90_pid2816.txt,C201_0.5.dat_A8_L90_r2.log
42,test_data/data_demand_random_50_batch_all1_equal_cluster/C201_0.5.dat,8.0,120.0,1,651.77,"[
    [
        [
            [0, [10, 11, 1, 3, 18, 30, 29, 34, 33, 27, 13, 12, 31, 32, 17, 16, 15, 14]],
            [10, []],
            [11, []],
            [1, []],
            [3, [49, 47, 48, 45, 44, 43]],
            [18, [38]],
            [43, []],
            [44, []],
            [45, [37]],
            [37, []],
            [49, []],
            [38, []],
            [30, []],
            [29, []],
            [47, []],
            [48, []],
            [34, []],
            [33, []],
            [27, []],
            [13, []],
            [12, []],
            [31, []],
            [32, []],
            [17, []],
            [16, []],
            [15, []],
            [14, []]
        ],
        [
            [0, [5, 8, 24, 26, 25, 7, 6, 9, 21, 22, 20, 28, 4, 19, 2]],
            [5, [40, 39, 42, 41, 23, 35, 36]],
            [8, []],
            [24, []],
            [23, []],
            [26, []],
            [40, []],
            [39, []],
            [25, [50, 46]],
            [7, []],
            [6, []],
            [9, []],
            [21, []],
            [22, []],
            [46, []],
            [50, []],
            [42, []],
            [41, []],
            [20, []],
            [35, []],
            [36, []],
            [28, []],
            [4, []],
            [19, []],
            [2, []]
        ]
    ],
    [
        [
            [3, [49, 47, 48, 45, 44, 43]]
        ],
        [
            [5, [40, 39, 42, 41, 23, 35, 36]],
            [18, [38]]
        ],
        [
            [45, [37]],
            [25, [50, 46]]
        ]
    ]
]",651.77,"[
    [
        [
            [0, [10, 11, 1, 3, 18, 30, 29, 34, 33, 27, 13, 12, 31, 32, 17, 16, 15, 14]],
            [10, []],
            [11, []],
            [1, []],
            [3, [49, 47, 48, 45, 44, 43]],
            [18, [38]],
            [43, []],
            [44, []],
            [45, [37]],
            [37, []],
            [49, []],
            [38, []],
            [30, []],
            [29, []],
            [47, []],
            [48, []],
            [34, []],
            [33, []],
            [27, []],
            [13, []],
            [12, []],
            [31, []],
            [32, []],
            [17, []],
            [16, []],
            [15, []],
            [14, []]
        ],
        [
            [0, [5, 8, 24, 26, 25, 7, 6, 9, 21, 22, 20, 28, 4, 19, 2]],
            [5, [40, 39, 42, 41, 23, 35, 36]],
            [8, []],
            [24, []],
            [23, []],
            [26, []],
            [40, []],
            [39, []],
            [25, [50, 46]],
            [7, []],
            [6, []],
            [9, []],
            [21, []],
            [22, []],
            [46, []],
            [50, []],
            [42, []],
            [41, []],
            [20, []],
            [35, []],
            [36, []],
            [28, []],
            [4, []],
            [19, []],
            [2, []]
        ]
    ],
    [
        [
            [3, [49, 47, 48, 45, 44, 43]]
        ],
        [
            [5, [40, 39, 42, 41, 23, 35, 36]],
            [18, [38]]
        ],
        [
            [45, [37]],
            [25, [50, 46]]
        ]
    ]
]",225.7186953703323,2,3,5.666666666666667,225.7186953703323,2,3,5.666666666666667,results/sol_best_C201_0.5.dat_A8_L120_pid2829.txt,results/sol_best_multi_C201_0.5.dat_A8_L120_pid2829.txt,C201_0.5.dat_A8_L120_r1.log
42,test_data/data_demand_random_50_batch_all1_equal_cluster/C201_0.5.dat,8.0,120.0,2,648.0,"[
    [
        [
            [0, [1, 3, 4, 11, 10, 28, 30, 29, 27, 13, 12, 17, 16, 15, 14]],
            [1, []],
            [3, [34, 33, 31, 32]],
            [4, []],
            [11, []],
            [10, [43, 38]],
            [28, []],
            [43, []],
            [49, [49, 47, 48]],
            [38, []],
            [30, []],
            [29, []],
            [47, []],
            [48, []],
            [34, []],
            [33, []],
            [27, []],
            [13, []],
            [12, []],
            [31, []],
            [32, []],
            [17, []],
            [16, []],
            [15, []],
            [14, []]
        ],
        [
            [0, [8, 9, 6, 7, 25, 26, 23, 24, 22, 21, 20, 35, 36, 37, 19, 18, 2]],
            [5, [5]],
            [8, []],
            [9, []],
            [6, []],
            [7, []],
            [25, []],
            [39, [39, 40, 41, 42, 44]],
            [40, []],
            [26, []],
            [23, []],
            [24, []],
            [41, []],
            [42, []],
            [44, []],
            [45, [45, 50, 46]],
            [46, []],
            [50, []],
            [22, []],
            [21, []],
            [20, []],
            [35, []],
            [36, []],
            [37, []],
            [19, []],
            [18, []],
            [2, []]
        ]
    ],
    [
        [
            [3, [34, 33, 31, 32]],
            [5, [5]]
        ],
        [
            [10, [43, 38]],
            [39, [39, 40, 41, 42, 44]]
        ],
        [
            [49, [49, 47, 48]],
            [45, [45, 50, 46]]
        ]
    ]
]",648.0,"[
    [
        [
            [0, [1, 3, 4, 11, 10, 28, 30, 29, 27, 13, 12, 17, 16, 15, 14]],
            [1, []],
            [3, [34, 33, 31, 32]],
            [4, []],
            [11, []],
            [10, [43, 38]],
            [28, []],
            [43, []],
            [49, [49, 47, 48]],
            [38, []],
            [30, []],
            [29, []],
            [47, []],
            [48, []],
            [34, []],
            [33, []],
            [27, []],
            [13, []],
            [12, []],
            [31, []],
            [32, []],
            [17, []],
            [16, []],
            [15, []],
            [14, []]
        ],
        [
            [0, [8, 9, 6, 7, 25, 26, 23, 24, 22, 21, 20, 35, 36, 37, 19, 18, 2]],
            [5, [5]],
            [8, []],
            [9, []],
            [6, []],
            [7, []],
            [25, []],
            [39, [39, 40, 41, 42, 44]],
            [40, []],
            [26, []],
            [23, []],
            [24, []],
            [41, []],
            [42, []],
            [44, []],
            [45, [45, 50, 46]],
            [46, []],
            [50, []],
            [22, []],
            [21, []],
            [20, []],
            [35, []],
            [36, []],
            [37, []],
            [19, []],
            [18, []],
            [2, []]
        ]
    ],
    [
        [
            [3, [34, 33, 31, 32]],
            [5, [5]]
        ],
        [
            [10, [43, 38]],
            [39, [39, 40, 41, 42, 44]]
        ],
        [
            [49, [49, 47, 48]],
            [45, [45, 50, 46]]
        ]
    ]
]",286.3766559160939,3,3,6.0,286.3766559160939,3,3,6.0,results/sol_best_C201_0.5.dat_A8_L120_pid2830.txt,results/sol_best_multi_C201_0.5.dat_A8_L120_pid2830.txt,C201_0.5.dat_A8_L120_r2.log
43,test_data/data_demand_random_50_batch_all1_equal_cluster/C201_1.5.dat,4.0,60.0,1,1010.0,"[
    [
        [
            [0, [9, 44, 16, 12, 11, 10, 13, 31, 46, 47, 27, 25, 5, 3, 4, 6, 22, 37, 40, 24, 41, 42, 49, 50, 36, 23, 21, 19, 20, 18, 17]],
            [9, []],
            [44, []],
            [16, []],
            [12, []],
            [11, []],
            [10, []],
            [13, []],
            [31, []],
            [46, []],
            [47, []],
            [27, []],
            [25, []],
            [5, []],
            [3, []],
            [4, []],
            [6, []],
            [22, []],
            [37, []],
            [40, []],
            [24, []],
            [41, []],
            [42, []],
            [49, []],
            [50, []],
            [36, []],
            [23, []],
            [21, []],
            [19, []],
            [20, []],
            [18, []],
            [17, []]
        ],
        [
            [0, [35, 34, 33, 32, 45, 43, 14, 15, 28, 26, 29, 30, 48, 39, 38, 8, 7, 2, 1]],
            [35, []],
            [34, []],
            [33, []],
            [32, []],
            [45, []],
            [43, []],
            [14, []],
            [15, []],
            [28, []],
            [26, []],
            [29, []],
            [30, []],
            [48, []],
            [39, []],
            [38, []],
            [8, []],
            [7, []],
            [2, []],
            [1, []]
        ]
    ],
    [
    ]
]",,,0.0,0,0,0.0,,,,,results/sol_best_C201_1.5.dat_A4_L60_pid2784.txt,(not found),C201_1.5.dat_A4_L60_r1.log
43,test_data/data_demand_random_50_batch_all1_equal_cluster/C201_1.5.dat,4.0,60.0,2,978.0,"[
    [
        [
            [0, [1, 13, 43, 44, 45, 15, 28, 31, 46, 29, 5, 4, 6, 22, 42, 49, 50, 36, 19]],
            [1, []],
            [13, []],
            [43, []],
            [44, []],
            [45, []],
            [15, []],
            [28, []],
            [31, []],
            [46, []],
            [29, []],
            [5, []],
            [4, []],
            [6, []],
            [22, []],
            [42, []],
            [49, []],
            [50, []],
            [36, []],
            [19, []]
        ],
        [
            [0, [9, 10, 11, 12, 16, 14, 25, 26, 27, 30, 39, 38, 37, 40, 41, 24, 23, 21, 20, 18, 35, 34, 33, 32, 17, 8, 7, 2, 3]],
            [9, []],
            [10, []],
            [11, []],
            [12, []],
            [16, []],
            [14, []],
            [25, [47, 48]],
            [26, []],
            [27, []],
            [47, []],
            [48, []],
            [30, []],
            [39, []],
            [38, []],
            [37, []],
            [40, []],
            [41, []],
            [24, []],
            [23, []],
            [21, []],
            [20, []],
            [18, []],
            [35, []],
            [34, []],
            [33, []],
            [32, []],
            [17, []],
            [8, []],
            [7, []],
            [2, []],
            [3, []]
        ]
    ],
    [
        [
            [25, [47, 48]]
        ]
    ]
]",,,553.2982212813471,0,1,2.0,,,,,results/sol_best_C201_1.5.dat_A4_L60_pid2785.txt,(not found),C201_1.5.dat_A4_L60_r2.log
44,test_data/data_demand_random_50_batch_all1_equal_cluster/C201_1.5.dat,4.0,90.0,1,1025.0,"[
    [
        [
            [0, [2, 4, 3, 15, 16, 14, 7, 21, 36, 24, 23, 22, 6, 30, 29, 5, 8, 19, 20, 34, 33, 32, 35, 18, 17]],
            [2, []],
            [4, []],
            [3, []],
            [15, []],
            [16, []],
            [14, []],
            [7, []],
            [21, []],
            [36, []],
            [42, [42, 25]],
            [24, []],
            [23, []],
            [22, []],
            [6, []],
            [25, []],
            [48, [48]],
            [30, []],
            [29, []],
            [5, []],
            [8, []],
            [19, []],
            [20, []],
            [34, []],
            [33, []],
            [32, []],
            [35, []],
            [18, []],
            [17, []]
        ],
        [
            [0, [9, 1, 50, 49, 41, 40, 37, 38, 39, 46, 27, 26, 31, 28, 13, 10, 12, 11, 43, 44, 45]],
            [9, []],
            [1, []],
            [50, []],
            [49, []],
            [41, []],
            [40, []],
            [37, []],
            [38, []],
            [39, [47]],
            [47, []],
            [46, []],
            [27, []],
            [26, []],
            [31, []],
            [28, []],
            [13, []],
            [10, []],
            [12, []],
            [11, []],
            [43, []],
            [44, []],
            [45, []]
        ]
    ],
    [
        [
            [42, [42, 25]]
        ],
        [
            [39, [47]],
            [48, [48]]
        ]
    ]
]",1025.0,"[
    [
        [
            [0, [2, 4, 3, 15, 16, 14, 7, 21, 36, 24, 23, 22, 6, 30, 29, 5, 8, 19, 20, 34, 33, 32, 35, 18, 17]],
            [2, []],
            [4, []],
            [3, []],
            [15, []],
            [16, []],
            [14, []],
            [7, []],
            [21, []],
            [36, []],
            [42, [42, 25]],
            [24, []],
            [23, []],
            [22, []],
            [6, []],
            [25, []],
            [48, [48]],
            [30, []],
            [29, []],
            [5, []],
            [8, []],
            [19, []],
            [20, []],
            [34, []],
            [33, []],
            [32, []],
            [35, []],
            [18, []],
            [17, []]
        ],
        [
            [0, [9, 1, 50, 49, 41, 40, 37, 38, 39, 46, 27, 26, 31, 28, 13, 10, 12, 11, 43, 44, 45]],
            [9, []],
            [1, []],
            [50, []],
            [49, []],
            [41, []],
            [40, []],
            [37, []],
            [38, []],
            [39, [47]],
            [47, []],
            [46, []],
            [27, []],
            [26, []],
            [31, []],
            [28, []],
            [13, []],
            [10, []],
            [12, []],
            [11, []],
            [43, []],
            [44, []],
            [45, []]
        ]
    ],
    [
        [
            [42, [42, 25]]
        ],
        [
            [39, [47]],
            [48, [48]]
        ]
    ]
]",690.1834007480663,1,2,2.0,690.1834007480663,1,2,2.0,results/sol_best_C201_1.5.dat_A4_L90_pid2744.txt,results/sol_best_multi_C201_1.5.dat_A4_L90_pid2744.txt,C201_1.5.dat_A4_L90_r1.log
44,test_data/data_demand_random_50_batch_all1_equal_cluster/C201_1.5.dat,4.0,90.0,2,977.0,"[
    [
        [
            [0, [7, 13, 14, 15, 2, 4, 6, 22, 23, 35, 33, 32, 34, 18, 17, 19, 20, 21, 36, 30, 29, 5, 3, 1]],
            [7, []],
            [13, []],
            [14, []],
            [15, []],
            [2, []],
            [4, []],
            [6, []],
            [22, []],
            [23, [42, 50, 49]],
            [35, []],
            [33, []],
            [32, []],
            [34, []],
            [18, []],
            [17, []],
            [19, []],
            [20, []],
            [21, []],
            [36, []],
            [50, []],
            [49, []],
            [42, []],
            [41, [41, 48, 38]],
            [38, []],
            [30, []],
            [48, []],
            [29, []],
            [5, []],
            [3, []],
            [1, []]
        ],
        [
            [0, [37, 40, 24, 39, 31, 27, 26, 28, 25, 10, 11, 12, 16, 9, 8]],
            [37, []],
            [40, [47]],
            [24, []],
            [39, []],
            [46, [46]],
            [47, []],
            [31, []],
            [27, []],
            [26, []],
            [28, []],
            [25, []],
            [10, []],
            [11, []],
            [12, []],
            [16, []],
            [43, [43, 44, 45]],
            [44, []],
            [45, []],
            [9, []],
            [8, []]
        ]
    ],
    [
        [
            [40, [47]],
            [23, [42, 50, 49]]
        ],
        [
            [46, [46]]
        ],
        [
            [43, [43, 44, 45]]
        ],
        [
            [41, [41, 48, 38]]
        ]
    ]
]",977.0,"[
    [
        [
            [0, [7, 13, 14, 15, 2, 4, 6, 22, 23, 35, 33, 32, 34, 18, 17, 19, 20, 21, 36, 30, 29, 5, 3, 1]],
            [7, []],
            [13, []],
            [14, []],
            [15, []],
            [2, []],
            [4, []],
            [6, []],
            [22, []],
            [23, [42, 50, 49]],
            [35, []],
            [33, []],
            [32, []],
            [34, []],
            [18, []],
            [17, []],
            [19, []],
            [20, []],
            [21, []],
            [36, []],
            [50, []],
            [49, []],
            [42, []],
            [41, [41, 48, 38]],
            [38, []],
            [30, []],
            [48, []],
            [29, []],
            [5, []],
            [3, []],
            [1, []]
        ],
        [
            [0, [37, 40, 24, 39, 31, 27, 26, 28, 25, 10, 11, 12, 16, 9, 8]],
            [37, []],
            [40, [47]],
            [24, []],
            [39, []],
            [46, [46]],
            [47, []],
            [31, []],
            [27, []],
            [26, []],
            [28, []],
            [25, []],
            [10, []],
            [11, []],
            [12, []],
            [16, []],
            [43, [43, 44, 45]],
            [44, []],
            [45, []],
            [9, []],
            [8, []]
        ]
    ],
    [
        [
            [40, [47]],
            [23, [42, 50, 49]]
        ],
        [
            [46, [46]]
        ],
        [
            [43, [43, 44, 45]]
        ],
        [
            [41, [41, 48, 38]]
        ]
    ]
]",700.5498016955822,1,4,2.75,700.5498016955822,1,4,2.75,results/sol_best_C201_1.5.dat_A4_L90_pid2745.txt,results/sol_best_multi_C201_1.5.dat_A4_L90_pid2745.txt,C201_1.5.dat_A4_L90_r2.log
45,test_data/data_demand_random_50_batch_all1_equal_cluster/C201_1.5.dat,4.0,120.0,1,954.0,"[
    [
        [
            [0, [7, 2, 5, 6, 4, 3, 1, 24, 23, 21, 20, 18, 17, 19, 22, 15, 12]],
            [7, []],
            [2, []],
            [5, []],
            [6, []],
            [4, []],
            [3, []],
            [1, []],
            [24, [32, 33, 34, 35]],
            [23, []],
            [21, []],
            [20, []],
            [18, []],
            [17, []],
            [32, []],
            [33, []],
            [34, []],
            [35, []],
            [19, [48, 45]],
            [22, []],
            [29, [29, 30]],
            [30, []],
            [48, []],
            [15, []],
            [43, [43, 44]],
            [44, []],
            [45, []],
            [16, [16]],
            [12, []]
        ],
        [
            [0, [9, 14, 11, 10, 27, 26, 25, 8, 36, 42, 41, 40, 37, 38, 39, 31, 28, 13]],
            [9, []],
            [14, []],
            [11, []],
            [10, []],
            [27, []],
            [26, []],
            [25, []],
            [8, [50, 49]],
            [36, []],
            [50, []],
            [49, []],
            [42, []],
            [41, []],
            [40, []],
            [37, []],
            [38, []],
            [39, []],
            [46, [47, 46]],
            [47, []],
            [31, []],
            [28, []],
            [13, []]
        ]
    ],
    [
        [
            [24, [32, 33, 34, 35]]
        ],
        [
            [19, [48, 45]]
        ],
        [
            [8, [50, 49]],
            [29, [29, 30]]
        ],
        [
            [43, [43, 44]]
        ],
        [
            [46, [47, 46]],
            [16, [16]]
        ]
    ]
]",954.0,"[
    [
        [
            [0, [7, 2, 5, 6, 4, 3, 1, 24, 23, 21, 20, 18, 17, 19, 22, 15, 12]],
            [7, []],
            [2, []],
            [5, []],
            [6, []],
            [4, []],
            [3, []],
            [1, []],
            [24, [32, 33, 34, 35]],
            [23, []],
            [21, []],
            [20, []],
            [18, []],
            [17, []],
            [32, []],
            [33, []],
            [34, []],
            [35, []],
            [19, [48, 45]],
            [22, []],
            [29, [29, 30]],
            [30, []],
            [48, []],
            [15, []],
            [43, [43, 44]],
            [44, []],
            [45, []],
            [16, [16]],
            [12, []]
        ],
        [
            [0, [9, 14, 11, 10, 27, 26, 25, 8, 36, 42, 41, 40, 37, 38, 39, 31, 28, 13]],
            [9, []],
            [14, []],
            [11, []],
            [10, []],
            [27, []],
            [26, []],
            [25, []],
            [8, [50, 49]],
            [36, []],
            [50, []],
            [49, []],
            [42, []],
            [41, []],
            [40, []],
            [37, []],
            [38, []],
            [39, []],
            [46, [47, 46]],
            [47, []],
            [31, []],
            [28, []],
            [13, []]
        ]
    ],
    [
        [
            [24, [32, 33, 34, 35]]
        ],
        [
            [19, [48, 45]]
        ],
        [
            [8, [50, 49]],
            [29, [29, 30]]
        ],
        [
            [43, [43, 44]]
        ],
        [
            [46, [47, 46]],
            [16, [16]]
        ]
    ]
]",659.5138202993948,2,5,3.0,659.5138202993948,2,5,3.0,results/sol_best_C201_1.5.dat_A4_L120_pid2809.txt,results/sol_best_multi_C201_1.5.dat_A4_L120_pid2809.txt,C201_1.5.dat_A4_L120_r1.log
45,test_data/data_demand_random_50_batch_all1_equal_cluster/C201_1.5.dat,4.0,120.0,2,906.0,"[
    [
        [
            [0, [9, 12, 16, 11, 10, 13, 15, 1, 3, 6, 22, 21, 23, 24, 5, 4, 2, 7, 8, 19, 20, 18, 17]],
            [9, []],
            [12, []],
            [16, []],
            [11, []],
            [10, []],
            [13, []],
            [15, []],
            [1, []],
            [3, []],
            [6, []],
            [22, []],
            [21, []],
            [23, [34, 33, 32, 35]],
            [24, []],
            [42, [26, 40, 37, 42]],
            [40, []],
            [37, []],
            [38, [38, 39]],
            [39, []],
            [25, [25, 29, 27, 30]],
            [26, []],
            [27, []],
            [46, [48, 46, 47]],
            [47, []],
            [48, []],
            [30, []],
            [29, []],
            [5, []],
            [4, []],
            [2, []],
            [7, []],
            [8, []],
            [19, []],
            [20, []],
            [18, []],
            [35, []],
            [34, []],
            [33, []],
            [32, []],
            [17, []]
        ],
        [
            [0, [36, 50, 49, 41, 31, 28, 14, 43, 44, 45]],
            [36, []],
            [50, []],
            [49, []],
            [41, []],
            [31, []],
            [28, []],
            [14, []],
            [43, []],
            [44, []],
            [45, []]
        ]
    ],
    [
        [
            [23, [34, 33, 32, 35]]
        ],
        [
            [42, [26, 40, 37, 42]]
        ],
        [
            [38, [38, 39]]
        ],
        [
            [25, [25, 29, 27, 30]]
        ],
        [
            [46, [48, 46, 47]]
        ]
    ]
]",916.05551275464,"[
    [
        [
            [0, [9, 12, 11, 16, 10, 13, 15, 1, 3, 5, 6, 22, 21, 23, 24, 4, 2, 7, 8, 19, 20, 18, 17]],
            [9, []],
            [12, []],
            [11, []],
            [16, []],
            [10, []],
            [13, []],
            [15, []],
            [1, []],
            [3, []],
            [5, []],
            [6, []],
            [22, []],
            [21, []],
            [23, [34, 33, 32, 35]],
            [42, [26, 40, 37, 42]],
            [24, []],
            [40, []],
            [37, []],
            [25, [25, 29, 27, 30]],
            [26, []],
            [27, []],
            [46, [48, 46, 47]],
            [47, []],
            [48, []],
            [30, []],
            [29, []],
            [38, [38, 39]],
            [39, []],
            [4, []],
            [2, []],
            [7, []],
            [8, []],
            [19, []],
            [20, []],
            [18, []],
            [35, []],
            [34, []],
            [33, []],
            [32, []],
            [17, []]
        ],
        [
            [0, [36, 50, 49, 41, 28, 31, 14, 44, 45]],
            [36, []],
            [50, []],
            [49, []],
            [41, [43]],
            [28, []],
            [31, []],
            [14, []],
            [43, []],
            [44, []],
            [45, []]
        ]
    ],
    [
        [
            [23, [34, 33, 32, 35]]
        ],
        [
            [42, [26, 40, 37, 42]]
        ],
        [
            [25, [25, 29, 27, 30]]
        ],
        [
            [46, [48, 46, 47]]
        ],
        [
            [41, [43]],
            [38, [38, 39]]
        ]
    ]
]",522.9258716055066,0,5,3.4,531.7885131886721,1,5,3.6,results/sol_best_C201_1.5.dat_A4_L120_pid2810.txt,results/sol_best_multi_C201_1.5.dat_A4_L120_pid2810.txt,C201_1.5.dat_A4_L120_r2.log
46,test_data/data_demand_random_50_batch_all1_equal_cluster/C201_1.5.dat,8.0,60.0,1,934.0,"[
    [
        [
            [0, [45, 44, 43, 15, 28, 31, 27, 29, 5, 6, 23, 24, 40, 41, 42, 49, 50, 36, 21]],
            [45, []],
            [44, []],
            [43, []],
            [15, []],
            [28, []],
            [31, []],
            [27, []],
            [29, []],
            [5, []],
            [6, []],
            [23, []],
            [24, []],
            [40, []],
            [41, []],
            [42, []],
            [49, []],
            [50, []],
            [36, []],
            [21, []]
        ],
        [
            [0, [9, 10, 11, 12, 16, 14, 13, 25, 26, 30, 39, 38, 37, 22, 19, 20, 18, 35, 34, 33, 32, 17, 8, 7, 2, 4, 3, 1]],
            [9, []],
            [10, []],
            [11, []],
            [12, []],
            [16, []],
            [14, []],
            [13, []],
            [25, [48, 47, 46]],
            [26, []],
            [46, []],
            [47, []],
            [48, []],
            [30, []],
            [39, []],
            [38, []],
            [37, []],
            [22, []],
            [19, []],
            [20, []],
            [18, []],
            [35, []],
            [34, []],
            [33, []],
            [32, []],
            [17, []],
            [8, []],
            [7, []],
            [2, []],
            [4, []],
            [3, []],
            [1, []]
        ]
    ],
    [
        [
            [25, [48, 47, 46]]
        ]
    ]
]",,,553.2982212813471,0,1,3.0,,,,,results/sol_best_C201_1.5.dat_A8_L60_pid2682.txt,(not found),C201_1.5.dat_A8_L60_r1.log
46,test_data/data_demand_random_50_batch_all1_equal_cluster/C201_1.5.dat,8.0,60.0,2,946.0,"[
    [
        [
            [0, [45, 44, 43, 16, 15, 28, 31, 46, 27, 26, 5, 6, 24, 40, 41, 42, 49, 50, 36, 19]],
            [45, []],
            [44, []],
            [43, []],
            [16, []],
            [15, []],
            [28, []],
            [31, []],
            [46, []],
            [27, []],
            [26, []],
            [5, []],
            [6, []],
            [24, []],
            [40, []],
            [41, []],
            [42, []],
            [49, []],
            [50, []],
            [36, []],
            [19, []]
        ],
        [
            [0, [9, 10, 12, 11, 14, 13, 25, 29, 30, 39, 38, 37, 22, 23, 21, 20, 18, 35, 34, 33, 32, 17, 8, 7, 2, 4, 3, 1]],
            [9, []],
            [10, []],
            [12, []],
            [11, []],
            [14, []],
            [13, []],
            [25, [47, 48]],
            [29, []],
            [30, []],
            [48, []],
            [47, []],
            [39, []],
            [38, []],
            [37, []],
            [22, []],
            [23, []],
            [21, []],
            [20, []],
            [18, []],
            [35, []],
            [34, []],
            [33, []],
            [32, []],
            [17, []],
            [8, []],
            [7, []],
            [2, []],
            [4, []],
            [3, []],
            [1, []]
        ]
    ],
    [
        [
            [25, [47, 48]]
        ]
    ]
]",,,533.2982212813471,0,1,2.0,,,,,results/sol_best_C201_1.5.dat_A8_L60_pid2683.txt,(not found),C201_1.5.dat_A8_L60_r2.log
47,test_data/data_demand_random_50_batch_all1_equal_cluster/C201_1.5.dat,8.0,90.0,1,910.66,"[
    [
        [
            [0, [3, 4, 6, 13, 15, 1, 20, 22, 21, 19, 24, 23, 18, 17]],
            [3, []],
            [4, []],
            [6, []],
            [13, []],
            [15, []],
            [1, []],
            [20, []],
            [22, []],
            [21, []],
            [19, []],
            [24, [50, 36, 34, 33, 32, 35]],
            [23, []],
            [50, []],
            [36, []],
            [35, []],
            [33, []],
            [32, []],
            [34, []],
            [18, []],
            [17, []]
        ],
        [
            [0, [11, 12, 16, 5, 9, 10, 8, 2, 7, 14]],
            [11, []],
            [12, []],
            [16, []],
            [5, []],
            [30, [30, 29, 31, 28, 27, 26, 25]],
            [29, []],
            [26, []],
            [27, []],
            [25, []],
            [9, []],
            [10, []],
            [8, [41, 40, 37, 38, 39]],
            [2, []],
            [7, [49, 47, 46, 43, 44, 45, 48, 42]],
            [42, []],
            [49, []],
            [41, []],
            [40, []],
            [37, []],
            [38, []],
            [39, []],
            [48, []],
            [47, []],
            [46, []],
            [31, []],
            [28, []],
            [14, []],
            [43, []],
            [44, []],
            [45, []]
        ]
    ],
    [
        [
            [24, [50, 36, 34, 33, 32, 35]]
        ],
        [
            [30, [30, 29, 31, 28, 27, 26, 25]]
        ],
        [
            [8, [41, 40, 37, 38, 39]]
        ],
        [
            [7, [49, 47, 46, 43, 44, 45, 48, 42]]
        ]
    ]
]",910.66,"[
    [
        [
            [0, [4, 6, 13, 20, 22, 21, 19, 24, 23, 18, 17]],
            [3, [3]],
            [4, []],
            [6, []],
            [13, []],
            [20, []],
            [22, []],
            [21, []],
            [19, []],
            [24, [50, 36, 34, 33, 32, 35]],
            [23, []],
            [50, []],
            [36, []],
            [35, []],
            [33, []],
            [32, []],
            [34, []],
            [18, []],
            [17, []]
        ],
        [
            [0, [5, 8, 2, 7]],
            [11, [11, 12, 16, 9, 10, 14, 15]],
            [12, []],
            [16, []],
            [15, []],
            [1, [1]],
            [5, []],
            [30, [30, 29, 31, 28, 27, 26, 25]],
            [29, []],
            [26, []],
            [27, []],
            [25, []],
            [9, []],
            [10, []],
            [8, [41, 40, 37, 38, 39]],
            [2, []],
            [7, [49, 47, 46, 43, 44, 45, 48, 42]],
            [42, []],
            [49, []],
            [41, []],
            [40, []],
            [37, []],
            [38, []],
            [39, []],
            [48, []],
            [47, []],
            [46, []],
            [31, []],
            [28, []],
            [14, []],
            [43, []],
            [44, []],
            [45, []]
        ]
    ],
    [
        [
            [11, [11, 12, 16, 9, 10, 14, 15]]
        ],
        [
            [1, [1]],
            [3, [3]]
        ],
        [
            [24, [50, 36, 34, 33, 32, 35]]
        ],
        [
            [30, [30, 29, 31, 28, 27, 26, 25]]
        ],
        [
            [8, [41, 40, 37, 38, 39]]
        ],
        [
            [7, [49, 47, 46, 43, 44, 45, 48, 42]]
        ]
    ]
]",434.7451995623505,0,4,6.5,299.04900102753834,1,6,5.833333333333333,results/sol_best_C201_1.5.dat_A8_L90_pid2768.txt,results/sol_best_multi_C201_1.5.dat_A8_L90_pid2768.txt,C201_1.5.dat_A8_L90_r1.log
47,test_data/data_demand_random_50_batch_all1_equal_cluster/C201_1.5.dat,8.0,90.0,2,1038.3,"[
    [
        [
            [0, [6, 3, 15, 13, 1, 24, 23, 21, 19, 20, 18, 17]],
            [8, [8]],
            [5, [5]],
            [6, []],
            [2, [2]],
            [3, []],
            [15, []],
            [13, [36, 34, 33, 32, 35]],
            [1, []],
            [24, [48, 42]],
            [23, []],
            [21, []],
            [19, []],
            [20, []],
            [36, []],
            [42, []],
            [48, []],
            [34, []],
            [33, []],
            [32, []],
            [35, []],
            [18, []],
            [17, []]
        ],
        [
            [0, [7, 14, 16, 11, 9, 22]],
            [7, []],
            [4, [4]],
            [14, [30, 29, 31, 28, 27, 26, 25]],
            [16, []],
            [12, [12]],
            [11, []],
            [10, [10]],
            [9, []],
            [30, []],
            [29, [50, 49, 47, 46, 43, 44, 45, 41]],
            [31, []],
            [28, []],
            [27, []],
            [26, []],
            [25, []],
            [22, []],
            [50, []],
            [49, []],
            [41, []],
            [40, [40, 37, 38, 39]],
            [37, []],
            [38, []],
            [39, []],
            [47, []],
            [46, []],
            [43, []],
            [44, []],
            [45, []]
        ]
    ],
    [
        [
            [4, [4]],
            [8, [8]]
        ],
        [
            [5, [5]],
            [14, [30, 29, 31, 28, 27, 26, 25]]
        ],
        [
            [2, [2]],
            [12, [12]]
        ],
        [
            [13, [36, 34, 33, 32, 35]],
            [10, [10]]
        ],
        [
            [24, [48, 42]]
        ],
        [
            [29, [50, 49, 47, 46, 43, 44, 45, 41]]
        ],
        [
            [40, [40, 37, 38, 39]]
        ]
    ]
]",1038.3,"[
    [
        [
            [0, [6, 3, 15, 13, 1, 24, 23, 21, 19, 20, 18, 17]],
            [8, [8, 4]],
            [4, []],
            [5, [5]],
            [6, []],
            [2, [2]],
            [3, []],
            [15, []],
            [13, [36, 34, 33, 32, 35]],
            [1, []],
            [24, [48, 42]],
            [23, []],
            [21, []],
            [19, []],
            [20, []],
            [36, []],
            [42, []],
            [48, []],
            [34, []],
            [33, []],
            [32, []],
            [35, []],
            [18, []],
            [17, []]
        ],
        [
            [0, [14, 12, 11, 9, 22]],
            [7, [7]],
            [14, [30, 29, 31, 28, 27, 26, 25]],
            [16, [16]],
            [12, []],
            [11, []],
            [10, [10]],
            [9, []],
            [30, []],
            [29, [50, 49, 47, 46, 43, 44, 45, 41]],
            [31, []],
            [28, []],
            [27, []],
            [26, []],
            [25, []],
            [22, []],
            [50, []],
            [49, []],
            [41, []],
            [40, [40, 37, 38, 39]],
            [37, []],
            [38, []],
            [39, []],
            [47, []],
            [46, []],
            [43, []],
            [44, []],
            [45, []]
        ]
    ],
    [
        [
            [8, [8, 4]],
            [7, [7]]
        ],
        [
            [5, [5]],
            [14, [30, 29, 31, 28, 27, 26, 25]]
        ],
        [
            [2, [2]],
            [16, [16]]
        ],
        [
            [13, [36, 34, 33, 32, 35]],
            [10, [10]]
        ],
        [
            [24, [48, 42]]
        ],
        [
            [29, [50, 49, 47, 46, 43, 44, 45, 41]]
        ],
        [
            [40, [40, 37, 38, 39]]
        ]
    ]
]",391.1291144677663,4,7,4.571428571428571,377.5724109620133,4,7,4.714285714285714,results/sol_best_C201_1.5.dat_A8_L90_pid2769.txt,results/sol_best_multi_C201_1.5.dat_A8_L90_pid2769.txt,C201_1.5.dat_A8_L90_r2.log
48,test_data/data_demand_random_50_batch_all1_equal_cluster/C201_1.5.dat,8.0,120.0,1,881.31,"[
    [
        [
            [0, [4, 28, 30, 22, 24, 23, 21, 17, 18, 20, 19, 8, 7]],
            [4, []],
            [3, [3]],
            [28, [36, 35, 34, 33, 32]],
            [30, []],
            [39, [39]],
            [22, []],
            [24, []],
            [23, []],
            [50, [50]],
            [36, []],
            [21, []],
            [35, []],
            [34, []],
            [33, []],
            [32, []],
            [17, []],
            [18, []],
            [20, []],
            [19, []],
            [8, []],
            [7, []]
        ],
        [
            [0, [1]],
            [10, [10, 11, 14, 16, 15, 13, 9, 12]],
            [11, []],
            [14, []],
            [16, []],
            [15, []],
            [13, []],
            [9, []],
            [12, []],
            [25, [25, 27, 29, 5]],
            [6, [6]],
            [2, [2]],
            [1, []],
            [5, [41, 40, 37, 38, 31, 42, 26]],
            [40, []],
            [41, []],
            [42, []],
            [49, [49, 47, 46, 43, 44, 45, 48]],
            [37, []],
            [38, []],
            [29, []],
            [48, []],
            [47, []],
            [46, []],
            [26, []],
            [27, []],
            [31, []],
            [43, []],
            [44, []],
            [45, []]
        ]
    ],
    [
        [
            [10, [10, 11, 14, 16, 15, 13, 9, 12]]
        ],
        [
            [25, [25, 27, 29, 5]],
            [3, [3]]
        ],
        [
            [6, [6]]
        ],
        [
            [2, [2]],
            [28, [36, 35, 34, 33, 32]]
        ],
        [
            [5, [41, 40, 37, 38, 31, 42, 26]],
            [39, [39]]
        ],
        [
            [49, [49, 47, 46, 43, 44, 45, 48]],
            [50, [50]]
        ]
    ]
]",881.31,"[
    [
        [
            [0, [4, 22, 24, 23, 21, 18, 17, 20, 19, 8, 7]],
            [3, [28, 3]],
            [4, [30]],
            [28, [36, 35, 34, 33, 32]],
            [30, []],
            [39, [39]],
            [22, []],
            [24, []],
            [23, []],
            [50, [50]],
            [36, []],
            [21, []],
            [18, []],
            [35, []],
            [34, []],
            [33, []],
            [32, []],
            [17, []],
            [20, []],
            [19, []],
            [8, []],
            [7, []]
        ],
        [
            [0, [1]],
            [10, [10, 11, 14, 16, 15, 13, 9, 12]],
            [11, []],
            [14, []],
            [16, []],
            [15, []],
            [13, []],
            [9, []],
            [12, []],
            [25, [25, 27, 29, 5]],
            [6, [6]],
            [2, [2]],
            [1, []],
            [5, [41, 40, 37, 38, 31, 42, 26]],
            [40, []],
            [41, []],
            [42, []],
            [49, [49, 47, 46, 43, 44, 45, 48]],
            [37, []],
            [38, []],
            [29, []],
            [48, []],
            [47, []],
            [46, []],
            [26, []],
            [27, []],
            [31, []],
            [43, []],
            [44, []],
            [45, []]
        ]
    ],
    [
        [
            [10, [10, 11, 14, 16, 15, 13, 9, 12]]
        ],
        [
            [25, [25, 27, 29, 5]],
            [3, [28, 3]]
        ],
        [
            [4, [30]],
            [6, [6]]
        ],
        [
            [2, [2]],
            [28, [36, 35, 34, 33, 32]]
        ],
        [
            [5, [41, 40, 37, 38, 31, 42, 26]],
            [39, [39]]
        ],
        [
            [49, [49, 47, 46, 43, 44, 45, 48]],
            [50, [50]]
        ]
    ]
]",328.5687323578189,4,6,6.0,288.3293133577043,5,6,6.333333333333333,results/sol_best_C201_1.5.dat_A8_L120_pid2745.txt,results/sol_best_multi_C201_1.5.dat_A8_L120_pid2745.txt,C201_1.5.dat_A8_L120_r1.log
48,test_data/data_demand_random_50_batch_all1_equal_cluster/C201_1.5.dat,8.0,120.0,2,932.3,"[
    [
        [
            [0, [8, 6, 4, 3, 15, 13, 1, 7, 2]],
            [8, []],
            [6, [23, 21, 19, 20, 18, 17]],
            [4, []],
            [3, []],
            [15, []],
            [13, []],
            [1, []],
            [7, []],
            [2, [36, 34, 33, 32, 35]],
            [23, []],
            [21, []],
            [19, []],
            [20, []],
            [36, []],
            [42, [42, 48]],
            [48, []],
            [34, []],
            [33, []],
            [32, []],
            [35, []],
            [18, []],
            [17, []]
        ],
        [
            [0, [5, 14, 16, 12, 11, 10, 9]],
            [5, [24, 22]],
            [14, [30, 29, 27, 26, 25, 31, 28]],
            [16, []],
            [12, []],
            [11, []],
            [10, []],
            [9, []],
            [30, []],
            [29, []],
            [27, []],
            [26, []],
            [25, []],
            [24, [38, 39]],
            [22, []],
            [50, [50, 49, 41, 40, 37]],
            [49, []],
            [41, []],
            [40, []],
            [37, []],
            [38, []],
            [39, []],
            [47, [47, 46, 43, 44, 45]],
            [46, []],
            [31, []],
            [28, []],
            [43, []],
            [44, []],
            [45, []]
        ]
    ],
    [
        [
            [5, [24, 22]],
            [6, [23, 21, 19, 20, 18, 17]]
        ],
        [
            [2, [36, 34, 33, 32, 35]]
        ],
        [
            [14, [30, 29, 27, 26, 25, 31, 28]]
        ],
        [
            [24, [38, 39]],
            [42, [42, 48]]
        ],
        [
            [50, [50, 49, 41, 40, 37]]
        ],
        [
            [47, [47, 46, 43, 44, 45]]
        ]
    ]
]",932.3,"[
    [
        [
            [0, [8, 6, 4, 3, 15, 13, 1, 7, 2]],
            [8, []],
            [6, [23, 21, 19, 20, 18, 17]],
            [4, []],
            [3, []],
            [15, []],
            [13, []],
            [1, []],
            [7, []],
            [2, [36, 34, 33, 32, 35]],
            [23, []],
            [21, []],
            [19, []],
            [20, []],
            [36, []],
            [42, [42, 48]],
            [48, []],
            [34, []],
            [33, []],
            [32, []],
            [35, []],
            [18, []],
            [17, []]
        ],
        [
            [0, [5, 14, 16, 12, 11, 10, 9]],
            [5, [24, 22]],
            [14, [30, 29, 27, 26, 25, 31, 28]],
            [16, []],
            [12, []],
            [11, []],
            [10, []],
            [9, []],
            [30, []],
            [29, []],
            [27, []],
            [26, []],
            [25, []],
            [24, [38, 39]],
            [22, []],
            [50, [50, 49, 41, 40, 37]],
            [49, []],
            [41, []],
            [40, []],
            [37, []],
            [38, []],
            [39, []],
            [47, [47, 46, 43, 44, 45]],
            [46, []],
            [31, []],
            [28, []],
            [43, []],
            [44, []],
            [45, []]
        ]
    ],
    [
        [
            [5, [24, 22]],
            [6, [23, 21, 19, 20, 18, 17]]
        ],
        [
            [2, [36, 34, 33, 32, 35]]
        ],
        [
            [14, [30, 29, 27, 26, 25, 31, 28]]
        ],
        [
            [24, [38, 39]],
            [42, [42, 48]]
        ],
        [
            [50, [50, 49, 41, 40, 37]]
        ],
        [
            [47, [47, 46, 43, 44, 45]]
        ]
    ]
]",386.630939880468,2,6,5.666666666666667,386.630939880468,2,6,5.666666666666667,results/sol_best_C201_1.5.dat_A8_L120_pid2746.txt,results/sol_best_multi_C201_1.5.dat_A8_L120_pid2746.txt,C201_1.5.dat_A8_L120_r2.log
49,test_data/data_demand_random_50_batch_all1_equal_cluster/C201_1.dat,4.0,60.0,1,882.0,"[
    [
        [
            [0, [2, 3, 50, 49, 48, 25, 5, 6, 39, 30, 29, 27, 26, 13, 1, 7, 21, 19, 20, 18, 35, 34, 33, 32, 17]],
            [2, []],
            [3, []],
            [50, []],
            [49, []],
            [48, []],
            [25, []],
            [5, []],
            [6, []],
            [39, []],
            [30, []],
            [29, []],
            [27, []],
            [26, []],
            [13, []],
            [1, []],
            [7, []],
            [21, []],
            [19, []],
            [20, []],
            [18, []],
            [35, []],
            [34, []],
            [33, []],
            [32, []],
            [17, []]
        ],
        [
            [0, [8, 22, 37, 38, 40, 24, 41, 42, 43, 44, 36, 23, 4, 31, 28, 15, 14, 45, 47, 46, 16, 12, 11, 10, 9]],
            [8, []],
            [22, []],
            [37, []],
            [38, []],
            [40, []],
            [24, []],
            [41, []],
            [42, []],
            [43, []],
            [44, []],
            [36, []],
            [23, []],
            [4, []],
            [31, []],
            [28, []],
            [15, []],
            [14, []],
            [45, []],
            [47, []],
            [46, []],
            [16, []],
            [12, []],
            [11, []],
            [10, []],
            [9, []]
        ]
    ],
    [
    ]
]",,,0.0,0,0,0.0,,,,,results/sol_best_C201_1.dat_A4_L60_pid2669.txt,(not found),C201_1.dat_A4_L60_r1.log
49,test_data/data_demand_random_50_batch_all1_equal_cluster/C201_1.dat,4.0,60.0,2,810.0,"[
    [
        [
            [0, [1, 13, 15, 28, 31, 48, 49, 50, 39, 30, 29, 27, 26, 25, 5, 6, 4, 3, 7, 19, 20, 18, 35, 34, 33, 32, 17]],
            [1, []],
            [13, []],
            [15, []],
            [28, []],
            [31, []],
            [48, []],
            [49, []],
            [50, []],
            [39, []],
            [30, []],
            [29, []],
            [27, []],
            [26, []],
            [25, []],
            [5, []],
            [6, []],
            [4, []],
            [3, []],
            [7, []],
            [19, []],
            [20, []],
            [18, []],
            [35, []],
            [34, []],
            [33, []],
            [32, []],
            [17, []]
        ],
        [
            [0, [8, 22, 37, 38, 40, 24, 41, 42, 43, 44, 36, 23, 21, 2, 14, 45, 47, 46, 16, 12, 11, 10, 9]],
            [8, []],
            [22, []],
            [37, []],
            [38, []],
            [40, []],
            [24, []],
            [41, []],
            [42, []],
            [43, []],
            [44, []],
            [36, []],
            [23, []],
            [21, []],
            [2, []],
            [14, []],
            [45, []],
            [47, []],
            [46, []],
            [16, []],
            [12, []],
            [11, []],
            [10, []],
            [9, []]
        ]
    ],
    [
    ]
]",815.0,"[
    [
        [
            [0, [13, 15, 28, 31, 48, 49, 50, 39, 30, 29, 27, 26, 25, 5, 6, 4, 3, 8, 19, 20, 18, 35, 34, 33, 32, 17]],
            [1, [1]],
            [13, []],
            [15, []],
            [28, []],
            [31, []],
            [48, []],
            [49, []],
            [50, []],
            [39, []],
            [30, []],
            [29, []],
            [27, []],
            [26, []],
            [25, []],
            [5, []],
            [6, []],
            [4, []],
            [3, []],
            [8, []],
            [19, []],
            [20, []],
            [18, []],
            [35, []],
            [34, []],
            [33, []],
            [32, []],
            [17, []]
        ],
        [
            [0, [22, 37, 38, 40, 24, 41, 42, 43, 44, 36, 23, 21, 2, 14, 45, 47, 46, 16, 12, 11, 10, 9]],
            [7, [7]],
            [22, []],
            [37, []],
            [38, []],
            [40, []],
            [24, []],
            [41, []],
            [42, []],
            [43, []],
            [44, []],
            [36, []],
            [23, []],
            [21, []],
            [2, []],
            [14, []],
            [45, []],
            [47, []],
            [46, []],
            [16, []],
            [12, []],
            [11, []],
            [10, []],
            [9, []]
        ]
    ],
    [
        [
            [1, [1]],
            [7, [7]]
        ]
    ]
]",0.0,0,0,0.0,353.6619037896906,1,1,2.0,results/sol_best_C201_1.dat_A4_L60_pid2670.txt,results/sol_best_multi_C201_1.dat_A4_L60_pid2670.txt,C201_1.dat_A4_L60_r2.log
50,test_data/data_demand_random_50_batch_all1_equal_cluster/C201_1.dat,4.0,90.0,1,731.6,"[
    [
        [
            [0, [13, 1, 3, 4, 2, 25, 26, 27, 30, 29, 21, 18, 17]],
            [13, []],
            [1, []],
            [3, []],
            [4, [35, 34, 33, 32]],
            [2, [38, 37, 40, 44]],
            [25, []],
            [26, []],
            [27, []],
            [48, [49, 48, 50]],
            [49, []],
            [50, []],
            [30, []],
            [29, []],
            [38, []],
            [37, []],
            [40, []],
            [44, []],
            [21, []],
            [18, []],
            [35, []],
            [34, []],
            [33, []],
            [32, []],
            [17, []]
        ],
        [
            [0, [8, 7, 5, 6, 22, 19, 20, 23, 24, 15, 14, 16, 12, 11, 10, 9]],
            [8, []],
            [7, []],
            [5, []],
            [6, []],
            [22, []],
            [19, []],
            [20, []],
            [23, []],
            [24, [41, 43, 42, 39]],
            [42, []],
            [36, [36, 31, 28]],
            [43, []],
            [41, []],
            [39, []],
            [31, []],
            [28, []],
            [15, []],
            [14, []],
            [45, [45, 47, 46]],
            [47, []],
            [46, []],
            [16, []],
            [12, []],
            [11, []],
            [10, []],
            [9, []]
        ]
    ],
    [
        [
            [4, [35, 34, 33, 32]]
        ],
        [
            [24, [41, 43, 42, 39]]
        ],
        [
            [2, [38, 37, 40, 44]]
        ],
        [
            [36, [36, 31, 28]]
        ],
        [
            [48, [49, 48, 50]]
        ],
        [
            [45, [45, 47, 46]]
        ]
    ]
]",744.165525060596,"[
    [
        [
            [0, [3, 4, 2, 1, 13, 25, 26, 27, 30, 29, 21, 18, 17]],
            [3, []],
            [5, [5]],
            [6, [6]],
            [4, [35, 34, 33, 32]],
            [2, [38, 37, 40, 44]],
            [1, []],
            [13, []],
            [25, []],
            [26, []],
            [27, []],
            [48, [49, 48, 50]],
            [49, []],
            [50, []],
            [30, []],
            [29, []],
            [38, []],
            [37, []],
            [40, []],
            [44, []],
            [21, []],
            [18, []],
            [35, []],
            [34, []],
            [33, []],
            [32, []],
            [17, []]
        ],
        [
            [0, [7, 22, 20, 23, 24, 15, 14, 16, 12, 11, 10, 9]],
            [8, [8]],
            [7, []],
            [22, []],
            [19, [19]],
            [20, []],
            [23, []],
            [24, [41, 43, 42, 39]],
            [42, []],
            [36, [36, 31, 28]],
            [43, []],
            [41, []],
            [39, []],
            [31, []],
            [28, []],
            [15, []],
            [14, []],
            [45, [45, 47, 46]],
            [47, []],
            [46, []],
            [16, []],
            [12, []],
            [11, []],
            [10, []],
            [9, []]
        ]
    ],
    [
        [
            [8, [8]],
            [5, [5]]
        ],
        [
            [6, [6]],
            [19, [19]]
        ],
        [
            [4, [35, 34, 33, 32]]
        ],
        [
            [2, [38, 37, 40, 44]]
        ],
        [
            [24, [41, 43, 42, 39]]
        ],
        [
            [36, [36, 31, 28]]
        ],
        [
            [48, [49, 48, 50]]
        ],
        [
            [45, [45, 47, 46]]
        ]
    ]
]",368.8342332950883,0,6,3.5,312.5461912028136,2,8,3.125,results/sol_best_C201_1.dat_A4_L90_pid2854.txt,results/sol_best_multi_C201_1.dat_A4_L90_pid2854.txt,C201_1.dat_A4_L90_r1.log
50,test_data/data_demand_random_50_batch_all1_equal_cluster/C201_1.dat,4.0,90.0,2,726.81,"[
    [
        [
            [0, [13, 25, 26, 27, 30, 29, 22, 21, 19, 20, 18, 35, 34, 33, 32, 17]],
            [13, []],
            [25, []],
            [26, []],
            [27, []],
            [50, [50, 38, 37, 40]],
            [30, []],
            [29, []],
            [38, []],
            [37, []],
            [40, []],
            [22, []],
            [21, []],
            [19, []],
            [20, []],
            [18, []],
            [35, []],
            [34, []],
            [33, []],
            [32, []],
            [17, []]
        ],
        [
            [0, [6, 4, 5, 3, 1, 2, 8, 7, 15, 14, 16, 12, 11, 10, 9]],
            [6, []],
            [4, []],
            [5, []],
            [3, []],
            [1, []],
            [2, [31, 28, 24, 23]],
            [8, []],
            [7, []],
            [24, []],
            [23, [41, 43, 42, 39]],
            [44, [44, 36]],
            [36, []],
            [43, []],
            [42, []],
            [41, []],
            [39, []],
            [49, [49, 48]],
            [48, []],
            [31, []],
            [28, []],
            [15, []],
            [14, []],
            [45, [45, 47, 46]],
            [47, []],
            [46, []],
            [16, []],
            [12, []],
            [11, []],
            [10, []],
            [9, []]
        ]
    ],
    [
        [
            [2, [31, 28, 24, 23]]
        ],
        [
            [23, [41, 43, 42, 39]]
        ],
        [
            [44, [44, 36]]
        ],
        [
            [50, [50, 38, 37, 40]]
        ],
        [
            [49, [49, 48]]
        ],
        [
            [45, [45, 47, 46]]
        ]
    ]
]",765.3,"[
    [
        [
            [0, [5, 6, 4, 25, 30, 29, 27, 26, 22, 21, 19, 20, 18, 35, 34, 33, 32, 17]],
            [5, []],
            [6, []],
            [4, []],
            [3, [3]],
            [25, []],
            [30, []],
            [29, []],
            [27, []],
            [26, []],
            [50, [50, 38, 37, 40]],
            [38, []],
            [37, []],
            [40, []],
            [22, []],
            [21, []],
            [19, []],
            [20, []],
            [18, []],
            [35, []],
            [34, []],
            [33, []],
            [32, []],
            [17, []]
        ],
        [
            [0, [1, 13, 2, 8, 7, 15, 14, 16, 12, 11, 10, 9]],
            [1, []],
            [13, []],
            [2, [31, 28, 24, 23]],
            [8, []],
            [7, [36]],
            [24, [41, 43, 42, 39]],
            [23, []],
            [41, []],
            [44, [44]],
            [36, []],
            [43, []],
            [42, []],
            [39, []],
            [49, [49, 48]],
            [48, []],
            [31, []],
            [28, []],
            [15, []],
            [14, []],
            [45, [45, 47, 46]],
            [47, []],
            [46, []],
            [16, []],
            [12, []],
            [11, []],
            [10, []],
            [9, []]
        ]
    ],
    [
        [
            [2, [31, 28, 24, 23]]
        ],
        [
            [7, [36]],
            [3, [3]]
        ],
        [
            [24, [41, 43, 42, 39]]
        ],
        [
            [44, [44]]
        ],
        [
            [50, [50, 38, 37, 40]]
        ],
        [
            [49, [49, 48]]
        ],
        [
            [45, [45, 47, 46]]
        ]
    ]
]",368.65323339343223,0,6,3.1666666666666665,366.63074405282686,1,7,2.857142857142857,results/sol_best_C201_1.dat_A4_L90_pid2855.txt,results/sol_best_multi_C201_1.dat_A4_L90_pid2855.txt,C201_1.dat_A4_L90_r2.log
51,test_data/data_demand_random_50_batch_all1_equal_cluster/C201_1.dat,4.0,120.0,1,820.66,"[
    [
        [
            [0, [5, 27, 26, 25, 15, 30, 29, 24, 21, 19, 20, 18, 35, 34, 33, 32, 17]],
            [5, [38, 37, 40]],
            [27, []],
            [26, []],
            [25, []],
            [15, []],
            [30, []],
            [29, [50, 49, 48]],
            [50, []],
            [49, []],
            [48, []],
            [38, []],
            [37, []],
            [40, []],
            [24, []],
            [21, []],
            [19, []],
            [20, []],
            [18, []],
            [35, []],
            [34, []],
            [33, []],
            [32, []],
            [17, []]
        ],
        [
            [0, [1, 8, 2, 3, 7, 23, 22, 6, 4, 31, 28, 13, 14, 16, 12, 11, 10, 9]],
            [1, []],
            [8, []],
            [2, []],
            [3, []],
            [7, [43, 42, 41, 39]],
            [43, []],
            [36, [36, 44, 45]],
            [42, []],
            [41, []],
            [44, []],
            [23, []],
            [22, []],
            [6, []],
            [4, []],
            [39, []],
            [31, []],
            [28, []],
            [13, []],
            [14, []],
            [45, []],
            [47, [47, 46]],
            [46, []],
            [16, []],
            [12, []],
            [11, []],
            [10, []],
            [9, []]
        ]
    ],
    [
        [
            [5, [38, 37, 40]]
        ],
        [
            [7, [43, 42, 41, 39]]
        ],
        [
            [36, [36, 44, 45]]
        ],
        [
            [29, [50, 49, 48]]
        ],
        [
            [47, [47, 46]]
        ]
    ]
]",820.66,"[
    [
        [
            [0, [5, 15, 26, 25, 27, 30, 29, 38, 37, 40, 24, 21, 20, 18, 35, 34, 33, 32, 17]],
            [5, []],
            [15, []],
            [26, []],
            [25, []],
            [27, []],
            [30, []],
            [29, [50, 49, 48]],
            [50, []],
            [49, []],
            [48, []],
            [38, []],
            [37, []],
            [40, []],
            [24, []],
            [21, []],
            [19, [19]],
            [20, []],
            [18, []],
            [35, []],
            [34, []],
            [33, []],
            [32, []],
            [17, []]
        ],
        [
            [0, [1, 8, 2, 3, 7, 23, 22, 6, 4, 31, 28, 13, 14, 16, 12, 11, 10, 9]],
            [1, []],
            [8, []],
            [2, []],
            [3, []],
            [7, [43, 42, 41, 39]],
            [43, []],
            [36, [36, 44, 45]],
            [42, []],
            [41, []],
            [44, []],
            [23, []],
            [22, []],
            [6, []],
            [4, []],
            [39, []],
            [31, []],
            [28, []],
            [13, []],
            [14, []],
            [45, []],
            [47, [47, 46]],
            [46, []],
            [16, []],
            [12, []],
            [11, []],
            [10, []],
            [9, []]
        ]
    ],
    [
        [
            [29, [50, 49, 48]]
        ],
        [
            [7, [43, 42, 41, 39]]
        ],
        [
            [36, [36, 44, 45]]
        ],
        [
            [19, [19]],
            [47, [47, 46]]
        ]
    ]
]",420.4354776385867,0,5,3.0,465.74476545095047,1,4,3.25,results/sol_best_C201_1.dat_A4_L120_pid2805.txt,results/sol_best_multi_C201_1.dat_A4_L120_pid2805.txt,C201_1.dat_A4_L120_r1.log
51,test_data/data_demand_random_50_batch_all1_equal_cluster/C201_1.dat,4.0,120.0,2,918.66,"[
    [
        [
            [0, [5, 6, 4, 3, 1, 15, 13, 30, 29, 27, 26, 25, 21, 19, 20, 18, 35, 34, 33, 32, 17]],
            [5, [38, 37, 40, 44]],
            [6, []],
            [4, []],
            [3, []],
            [1, []],
            [15, [50]],
            [13, []],
            [30, []],
            [29, []],
            [27, []],
            [26, []],
            [25, []],
            [50, []],
            [49, [49, 48]],
            [48, []],
            [38, []],
            [37, []],
            [40, []],
            [44, []],
            [21, []],
            [19, []],
            [20, []],
            [18, []],
            [35, []],
            [34, []],
            [33, []],
            [32, []],
            [17, []]
        ],
        [
            [0, [8, 7, 24, 23, 22, 36, 41, 43, 42, 2, 39, 31, 28, 14, 16, 12, 11, 10, 9]],
            [8, []],
            [7, [45, 47, 46]],
            [24, []],
            [23, []],
            [22, []],
            [36, []],
            [41, []],
            [43, []],
            [42, []],
            [2, []],
            [39, []],
            [31, []],
            [28, []],
            [14, []],
            [45, []],
            [47, []],
            [46, []],
            [16, []],
            [12, []],
            [11, []],
            [10, []],
            [9, []]
        ]
    ],
    [
        [
            [5, [38, 37, 40, 44]]
        ],
        [
            [7, [45, 47, 46]],
            [15, [50]]
        ],
        [
            [49, [49, 48]]
        ]
    ]
]",918.66,"[
    [
        [
            [0, [5, 6, 4, 3, 1, 15, 13, 30, 29, 27, 26, 25, 21, 19, 20, 18, 35, 34, 33, 32, 17]],
            [5, [38, 37, 40, 44]],
            [6, []],
            [4, []],
            [3, []],
            [1, []],
            [15, [50]],
            [13, []],
            [30, []],
            [29, []],
            [27, []],
            [26, []],
            [25, []],
            [50, []],
            [49, [49, 48]],
            [48, []],
            [38, []],
            [37, []],
            [40, []],
            [44, []],
            [21, []],
            [19, []],
            [20, []],
            [18, []],
            [35, []],
            [34, []],
            [33, []],
            [32, []],
            [17, []]
        ],
        [
            [0, [8, 7, 24, 23, 22, 36, 41, 43, 42, 2, 39, 31, 28, 14, 16, 12, 11, 10, 9]],
            [8, []],
            [7, [45, 47, 46]],
            [24, []],
            [23, []],
            [22, []],
            [36, []],
            [41, []],
            [43, []],
            [42, []],
            [2, []],
            [39, []],
            [31, []],
            [28, []],
            [14, []],
            [45, []],
            [47, []],
            [46, []],
            [16, []],
            [12, []],
            [11, []],
            [10, []],
            [9, []]
        ]
    ],
    [
        [
            [5, [38, 37, 40, 44]]
        ],
        [
            [7, [45, 47, 46]],
            [15, [50]]
        ],
        [
            [49, [49, 48]]
        ]
    ]
]",387.0115215860531,1,3,3.3333333333333335,387.0115215860531,1,3,3.3333333333333335,results/sol_best_C201_1.dat_A4_L120_pid2806.txt,results/sol_best_multi_C201_1.dat_A4_L120_pid2806.txt,C201_1.dat_A4_L120_r2.log
52,test_data/data_demand_random_50_batch_all1_equal_cluster/C201_1.dat,8.0,60.0,1,818.0,"[
    [
        [
            [0, [3, 5, 6, 38, 39, 50, 49, 48, 31, 30, 29, 27, 26, 28, 15, 13, 1, 7, 19, 20, 18, 35, 34, 33, 32, 17]],
            [3, []],
            [5, []],
            [6, []],
            [38, []],
            [39, []],
            [50, []],
            [49, []],
            [48, []],
            [31, []],
            [30, []],
            [29, []],
            [27, []],
            [26, []],
            [28, []],
            [15, []],
            [13, []],
            [1, []],
            [7, []],
            [19, []],
            [20, []],
            [18, []],
            [35, []],
            [34, []],
            [33, []],
            [32, []],
            [17, []]
        ],
        [
            [0, [8, 22, 37, 40, 24, 41, 42, 43, 44, 36, 23, 21, 2, 4, 25, 14, 45, 47, 46, 16, 12, 11, 10, 9]],
            [8, []],
            [22, []],
            [37, []],
            [40, []],
            [24, []],
            [41, []],
            [42, []],
            [43, []],
            [44, []],
            [36, []],
            [23, []],
            [21, []],
            [2, []],
            [4, []],
            [25, []],
            [14, []],
            [45, []],
            [47, []],
            [46, []],
            [16, []],
            [12, []],
            [11, []],
            [10, []],
            [9, []]
        ]
    ],
    [
    ]
]",823.0,"[
    [
        [
            [0, [3, 5, 38, 39, 50, 49, 48, 31, 30, 29, 27, 26, 28, 15, 13, 1, 8, 19, 20, 18, 35, 34, 33, 32, 17]],
            [3, []],
            [5, []],
            [6, [6]],
            [38, []],
            [39, []],
            [50, []],
            [49, []],
            [48, []],
            [31, []],
            [30, []],
            [29, []],
            [27, []],
            [26, []],
            [28, []],
            [15, []],
            [13, []],
            [1, []],
            [8, []],
            [19, []],
            [20, []],
            [18, []],
            [35, []],
            [34, []],
            [33, []],
            [32, []],
            [17, []]
        ],
        [
            [0, [22, 37, 40, 24, 41, 42, 43, 44, 36, 23, 21, 2, 4, 25, 14, 45, 47, 46, 16, 12, 11, 10, 9]],
            [7, [7]],
            [22, []],
            [37, []],
            [40, []],
            [24, []],
            [41, []],
            [42, []],
            [43, []],
            [44, []],
            [36, []],
            [23, []],
            [21, []],
            [2, []],
            [4, []],
            [25, []],
            [14, []],
            [45, []],
            [47, []],
            [46, []],
            [16, []],
            [12, []],
            [11, []],
            [10, []],
            [9, []]
        ]
    ],
    [
        [
            [7, [7]],
            [6, [6]]
        ]
    ]
]",0.0,0,0,0.0,380.61552812808833,1,1,2.0,results/sol_best_C201_1.dat_A8_L60_pid2800.txt,results/sol_best_multi_C201_1.dat_A8_L60_pid2800.txt,C201_1.dat_A8_L60_r1.log
52,test_data/data_demand_random_50_batch_all1_equal_cluster/C201_1.dat,8.0,60.0,2,818.0,"[
    [
        [
            [0, [3, 4, 5, 6, 39, 50, 49, 48, 31, 30, 29, 27, 26, 28, 25, 13, 1, 7, 19, 20, 18, 35, 34, 33, 32, 17]],
            [3, []],
            [4, []],
            [5, []],
            [6, []],
            [39, []],
            [50, []],
            [49, []],
            [48, []],
            [31, []],
            [30, []],
            [29, []],
            [27, []],
            [26, []],
            [28, []],
            [25, []],
            [13, []],
            [1, []],
            [7, []],
            [19, []],
            [20, []],
            [18, []],
            [35, []],
            [34, []],
            [33, []],
            [32, []],
            [17, []]
        ],
        [
            [0, [8, 22, 37, 38, 40, 24, 41, 42, 43, 44, 36, 23, 21, 2, 15, 14, 45, 47, 46, 16, 12, 11, 10, 9]],
            [8, []],
            [22, []],
            [37, []],
            [38, []],
            [40, []],
            [24, []],
            [41, []],
            [42, []],
            [43, []],
            [44, []],
            [36, []],
            [23, []],
            [21, []],
            [2, []],
            [15, []],
            [14, []],
            [45, []],
            [47, []],
            [46, []],
            [16, []],
            [12, []],
            [11, []],
            [10, []],
            [9, []]
        ]
    ],
    [
    ]
]",,,0.0,0,0,0.0,,,,,results/sol_best_C201_1.dat_A8_L60_pid2801.txt,(not found),C201_1.dat_A8_L60_r2.log
53,test_data/data_demand_random_50_batch_all1_equal_cluster/C201_1.dat,8.0,90.0,1,762.66,"[
    [
        [
            [0, [2, 5, 3, 1, 13, 15, 31, 28, 26, 27, 29, 30, 24, 23, 17]],
            [6, [6]],
            [4, [35, 34, 33, 32, 4]],
            [2, []],
            [5, [37, 40, 39, 38]],
            [3, []],
            [1, []],
            [13, [49, 48, 50]],
            [15, []],
            [31, []],
            [28, []],
            [26, []],
            [27, []],
            [29, []],
            [30, []],
            [50, []],
            [49, []],
            [48, []],
            [39, []],
            [38, []],
            [37, []],
            [40, []],
            [24, []],
            [23, []],
            [35, []],
            [34, []],
            [33, []],
            [32, []],
            [17, []]
        ],
        [
            [0, [18, 20, 19, 8, 7, 22, 21, 14, 16, 12, 11, 10, 9]],
            [18, [25]],
            [20, [36]],
            [19, []],
            [8, [43, 42]],
            [7, [45, 47, 46, 44, 41]],
            [22, []],
            [21, []],
            [36, []],
            [44, []],
            [43, []],
            [42, []],
            [41, []],
            [25, []],
            [14, []],
            [45, []],
            [47, []],
            [46, []],
            [16, []],
            [12, []],
            [11, []],
            [10, []],
            [9, []]
        ]
    ],
    [
        [
            [18, [25]],
            [6, [6]]
        ],
        [
            [4, [35, 34, 33, 32, 4]],
            [20, [36]]
        ],
        [
            [5, [37, 40, 39, 38]],
            [8, [43, 42]]
        ],
        [
            [7, [45, 47, 46, 44, 41]],
            [13, [49, 48, 50]]
        ]
    ]
]",762.66,"[
    [
        [
            [0, [2, 5, 3, 1, 13, 15, 31, 28, 26, 27, 29, 30, 24, 23, 17]],
            [6, [6]],
            [4, [35, 34, 33, 32, 4]],
            [2, []],
            [5, [37, 40, 39, 38]],
            [3, []],
            [1, []],
            [13, [49, 48, 50]],
            [15, []],
            [31, []],
            [28, []],
            [26, []],
            [27, []],
            [29, []],
            [30, []],
            [50, []],
            [49, []],
            [48, []],
            [39, []],
            [38, []],
            [37, []],
            [40, []],
            [24, []],
            [23, []],
            [35, []],
            [34, []],
            [33, []],
            [32, []],
            [17, []]
        ],
        [
            [0, [18, 20, 19, 8, 7, 22, 21, 14, 16, 12, 11, 10, 9]],
            [18, [25]],
            [20, [36]],
            [19, []],
            [8, [43, 42]],
            [7, [45, 47, 46, 44, 41]],
            [22, []],
            [21, []],
            [36, []],
            [44, []],
            [43, []],
            [42, []],
            [41, []],
            [25, []],
            [14, []],
            [45, []],
            [47, []],
            [46, []],
            [16, []],
            [12, []],
            [11, []],
            [10, []],
            [9, []]
        ]
    ],
    [
        [
            [18, [25]],
            [6, [6]]
        ],
        [
            [4, [35, 34, 33, 32, 4]],
            [20, [36]]
        ],
        [
            [5, [37, 40, 39, 38]],
            [8, [43, 42]]
        ],
        [
            [7, [45, 47, 46, 44, 41]],
            [13, [49, 48, 50]]
        ]
    ]
]",268.49134339506435,4,4,5.5,268.49134339506435,4,4,5.5,results/sol_best_C201_1.dat_A8_L90_pid2760.txt,results/sol_best_multi_C201_1.dat_A8_L90_pid2760.txt,C201_1.dat_A8_L90_r1.log
53,test_data/data_demand_random_50_batch_all1_equal_cluster/C201_1.dat,8.0,90.0,2,759.66,"[
    [
        [
            [0, [30, 29, 25, 31, 22, 21, 19, 20, 18, 35, 34, 33, 32, 17]],
            [30, [39, 37]],
            [29, [49, 48, 50]],
            [25, []],
            [31, []],
            [48, []],
            [49, []],
            [50, []],
            [39, []],
            [37, []],
            [22, []],
            [21, []],
            [19, []],
            [20, []],
            [18, []],
            [35, []],
            [34, []],
            [33, []],
            [32, []],
            [17, []]
        ],
        [
            [0, [1, 4, 3, 2, 5, 6, 7, 8]],
            [13, [13, 15, 14, 16, 12, 11, 10, 9]],
            [1, []],
            [4, []],
            [3, []],
            [2, []],
            [5, []],
            [24, [24, 23]],
            [23, []],
            [6, []],
            [7, [44, 41, 43, 42, 40, 36]],
            [8, [45, 47, 46, 38]],
            [36, []],
            [44, []],
            [43, []],
            [42, [27, 26, 28]],
            [41, []],
            [40, []],
            [38, []],
            [27, []],
            [26, []],
            [28, []],
            [15, []],
            [14, []],
            [45, []],
            [47, []],
            [46, []],
            [16, []],
            [12, []],
            [11, []],
            [10, []],
            [9, []]
        ]
    ],
    [
        [
            [13, [13, 15, 14, 16, 12, 11, 10, 9]]
        ],
        [
            [24, [24, 23]]
        ],
        [
            [7, [44, 41, 43, 42, 40, 36]],
            [30, [39, 37]]
        ],
        [
            [8, [45, 47, 46, 38]],
            [29, [49, 48, 50]]
        ],
        [
            [42, [27, 26, 28]]
        ]
    ]
]",759.66,"[
    [
        [
            [0, [25, 31, 30, 29, 22, 21, 19, 20, 18, 35, 34, 33, 32, 17]],
            [25, []],
            [31, []],
            [30, [39, 37]],
            [29, [49, 48, 50]],
            [48, []],
            [49, []],
            [50, []],
            [39, []],
            [37, []],
            [22, []],
            [21, []],
            [19, []],
            [20, []],
            [18, []],
            [35, []],
            [34, []],
            [33, []],
            [32, []],
            [17, []]
        ],
        [
            [0, [1, 3, 2, 5, 6, 4, 7, 8]],
            [1, []],
            [3, []],
            [2, []],
            [5, []],
            [24, [24, 23]],
            [23, []],
            [6, []],
            [4, []],
            [13, [13, 15, 14, 16, 12, 11, 10, 9]],
            [7, [44, 41, 43, 42, 40, 36]],
            [8, [45, 47, 46, 38]],
            [36, []],
            [44, []],
            [43, []],
            [42, [27, 26, 28]],
            [41, []],
            [40, []],
            [38, []],
            [27, []],
            [26, []],
            [28, []],
            [15, []],
            [14, []],
            [45, []],
            [47, []],
            [46, []],
            [16, []],
            [12, []],
            [11, []],
            [10, []],
            [9, []]
        ]
    ],
    [
        [
            [24, [24, 23]]
        ],
        [
            [13, [13, 15, 14, 16, 12, 11, 10, 9]]
        ],
        [
            [7, [44, 41, 43, 42, 40, 36]],
            [30, [39, 37]]
        ],
        [
            [8, [45, 47, 46, 38]],
            [29, [49, 48, 50]]
        ],
        [
            [42, [27, 26, 28]]
        ]
    ]
]",272.8916383780973,2,5,5.6,305.4257058566768,2,5,5.6,results/sol_best_C201_1.dat_A8_L90_pid2761.txt,results/sol_best_multi_C201_1.dat_A8_L90_pid2761.txt,C201_1.dat_A8_L90_r2.log
54,test_data/data_demand_random_50_batch_all1_equal_cluster/C201_1.dat,8.0,120.0,1,802.62,"[
    [
        [
            [0, [6, 4, 15, 28, 25, 30, 29, 27, 26, 21, 19, 20, 18, 17]],
            [5, [5]],
            [6, [38, 37, 40, 35, 34, 33, 32]],
            [4, []],
            [15, [50, 49, 48]],
            [28, []],
            [25, []],
            [30, []],
            [29, []],
            [27, []],
            [26, []],
            [48, []],
            [49, []],
            [50, []],
            [38, []],
            [37, []],
            [40, []],
            [21, []],
            [19, []],
            [20, []],
            [18, []],
            [35, []],
            [34, []],
            [33, []],
            [32, []],
            [17, []]
        ],
        [
            [0, [3, 1, 22, 8, 2, 7, 24, 23, 13, 14, 16, 12, 11, 10, 9]],
            [3, [31]],
            [1, []],
            [22, []],
            [8, []],
            [2, []],
            [7, [36]],
            [24, [41, 43, 42, 39]],
            [23, []],
            [36, []],
            [44, [45, 47, 46, 44]],
            [43, []],
            [42, []],
            [41, []],
            [39, []],
            [31, []],
            [13, []],
            [14, []],
            [45, []],
            [47, []],
            [46, []],
            [16, []],
            [12, []],
            [11, []],
            [10, []],
            [9, []]
        ]
    ],
    [
        [
            [3, [31]],
            [5, [5]]
        ],
        [
            [6, [38, 37, 40, 35, 34, 33, 32]],
            [7, [36]]
        ],
        [
            [15, [50, 49, 48]]
        ],
        [
            [24, [41, 43, 42, 39]]
        ],
        [
            [44, [45, 47, 46, 44]]
        ]
    ]
]",802.615528128088,"[
    [
        [
            [0, [6, 4, 15, 28, 25, 30, 29, 27, 26, 21, 19, 20, 18, 17]],
            [5, [5]],
            [6, [38, 37, 40, 35, 34, 33, 32]],
            [4, []],
            [15, [50, 49, 48]],
            [28, []],
            [25, []],
            [30, []],
            [29, []],
            [27, []],
            [26, []],
            [48, []],
            [49, []],
            [50, []],
            [38, []],
            [37, []],
            [40, []],
            [21, []],
            [19, []],
            [20, []],
            [18, []],
            [35, []],
            [34, []],
            [33, []],
            [32, []],
            [17, []]
        ],
        [
            [0, [3, 1, 22, 8, 2, 7, 24, 23, 13, 14, 16, 12, 11, 10, 9]],
            [3, [31]],
            [1, []],
            [22, []],
            [8, []],
            [2, []],
            [7, [36]],
            [24, [41, 43, 42, 39]],
            [23, []],
            [36, []],
            [44, [45, 47, 46, 44]],
            [43, []],
            [42, []],
            [41, []],
            [39, []],
            [31, []],
            [13, []],
            [14, []],
            [45, []],
            [47, []],
            [46, []],
            [16, []],
            [12, []],
            [11, []],
            [10, []],
            [9, []]
        ]
    ],
    [
        [
            [3, [31]],
            [5, [5]]
        ],
        [
            [6, [38, 37, 40, 35, 34, 33, 32]],
            [7, [36]]
        ],
        [
            [15, [50, 49, 48]]
        ],
        [
            [24, [41, 43, 42, 39]]
        ],
        [
            [44, [45, 47, 46, 44]]
        ]
    ]
]",310.0248802421351,2,5,4.2,310.0248802421351,2,5,4.2,results/sol_best_C201_1.dat_A8_L120_pid2817.txt,results/sol_best_multi_C201_1.dat_A8_L120_pid2817.txt,C201_1.dat_A8_L120_r1.log
54,test_data/data_demand_random_50_batch_all1_equal_cluster/C201_1.dat,8.0,120.0,2,918.66,"[
    [
        [
            [0, [5, 6, 4, 3, 15, 13, 30, 29, 27, 26, 25, 1, 21, 19, 20, 18, 17]],
            [5, [35, 34, 33]],
            [6, []],
            [4, []],
            [3, []],
            [15, []],
            [13, []],
            [30, []],
            [29, []],
            [27, [38, 37, 40, 44, 50]],
            [26, []],
            [25, []],
            [1, []],
            [50, []],
            [49, [49, 48]],
            [48, []],
            [38, []],
            [37, []],
            [40, []],
            [44, []],
            [21, []],
            [19, []],
            [20, []],
            [18, []],
            [35, []],
            [34, []],
            [33, []],
            [17, []]
        ],
        [
            [0, [8, 7, 24, 23, 22, 2, 31, 28, 14, 16, 12, 11, 10, 9]],
            [32, [32, 36]],
            [8, []],
            [7, [45, 47, 46, 41, 43, 42, 39]],
            [24, []],
            [23, []],
            [22, []],
            [36, []],
            [41, []],
            [43, []],
            [42, []],
            [2, []],
            [39, []],
            [31, []],
            [28, []],
            [14, []],
            [45, []],
            [47, []],
            [46, []],
            [16, []],
            [12, []],
            [11, []],
            [10, []],
            [9, []]
        ]
    ],
    [
        [
            [32, [32, 36]]
        ],
        [
            [5, [35, 34, 33]]
        ],
        [
            [7, [45, 47, 46, 41, 43, 42, 39]]
        ],
        [
            [27, [38, 37, 40, 44, 50]]
        ],
        [
            [49, [49, 48]]
        ]
    ]
]",919.61,"[
    [
        [
            [0, [5, 6, 4, 3, 15, 13, 30, 29, 27, 26, 25, 1, 21, 19, 20, 18, 17]],
            [5, [35, 34, 33]],
            [6, []],
            [4, []],
            [3, []],
            [15, []],
            [13, []],
            [30, []],
            [29, []],
            [27, [38, 37, 40, 44, 50]],
            [26, []],
            [25, []],
            [1, []],
            [50, []],
            [49, [49, 48]],
            [48, []],
            [38, []],
            [37, []],
            [40, []],
            [44, []],
            [21, []],
            [19, []],
            [20, []],
            [18, []],
            [35, []],
            [34, []],
            [33, []],
            [17, []]
        ],
        [
            [0, [7, 24, 23, 22, 2, 31, 28, 14, 16, 12, 11, 10, 9]],
            [32, [32, 36]],
            [8, [8]],
            [7, [45, 47, 46, 41, 43, 42, 39]],
            [24, []],
            [23, []],
            [22, []],
            [36, []],
            [41, []],
            [43, []],
            [42, []],
            [2, []],
            [39, []],
            [31, []],
            [28, []],
            [14, []],
            [45, []],
            [47, []],
            [46, []],
            [16, []],
            [12, []],
            [11, []],
            [10, []],
            [9, []]
        ]
    ],
    [
        [
            [32, [32, 36]]
        ],
        [
            [5, [35, 34, 33]],
            [8, [8]]
        ],
        [
            [7, [45, 47, 46, 41, 43, 42, 39]]
        ],
        [
            [27, [38, 37, 40, 44, 50]]
        ],
        [
            [49, [49, 48]]
        ]
    ]
]",346.2063132448158,0,5,3.8,363.73869400275396,1,5,4.0,results/sol_best_C201_1.dat_A8_L120_pid2818.txt,results/sol_best_multi_C201_1.dat_A8_L120_pid2818.txt,C201_1.dat_A8_L120_r2.log
55,test_data/data_demand_random_50_batch_all1_equal_cluster/C201_2.5.dat,4.0,60.0,1,1272.0,"[
    [
        [
            [0, [1, 11, 12, 23, 39, 50, 49, 46, 45, 41, 40, 38, 37, 36, 5, 2, 3, 4, 6, 44, 43, 42, 29, 28, 16, 18, 17, 15, 13]],
            [1, []],
            [11, []],
            [12, []],
            [23, []],
            [39, []],
            [50, []],
            [49, []],
            [46, []],
            [45, []],
            [41, []],
            [40, []],
            [38, []],
            [37, []],
            [36, []],
            [5, []],
            [2, []],
            [3, []],
            [4, []],
            [6, []],
            [44, []],
            [43, []],
            [42, []],
            [29, []],
            [28, []],
            [16, []],
            [18, []],
            [17, []],
            [15, []],
            [13, []]
        ],
        [
            [0, [14, 47, 48, 35, 34, 33, 32, 31, 30, 19, 20, 21, 22, 27, 26, 25, 24, 10, 9, 8, 7]],
            [14, []],
            [47, []],
            [48, []],
            [35, []],
            [34, []],
            [33, []],
            [32, []],
            [31, []],
            [30, []],
            [19, []],
            [20, []],
            [21, []],
            [22, []],
            [27, []],
            [26, []],
            [25, []],
            [24, []],
            [10, []],
            [9, []],
            [8, []],
            [7, []]
        ]
    ],
    [
    ]
]",1397.0,"[
    [
        [
            [0, [18, 17, 16, 15, 13, 23, 11, 36, 37, 38, 45, 46, 49, 50, 39, 12, 3, 4, 6, 44, 43, 42, 29, 28]],
            [18, []],
            [17, []],
            [16, []],
            [15, []],
            [13, []],
            [1, [1]],
            [23, []],
            [11, []],
            [36, []],
            [37, []],
            [38, []],
            [45, []],
            [46, []],
            [49, []],
            [50, []],
            [39, []],
            [12, []],
            [3, []],
            [4, []],
            [6, []],
            [44, []],
            [43, []],
            [42, []],
            [29, []],
            [28, []]
        ],
        [
            [0, [40, 41, 2, 14, 47, 48, 35, 34, 33, 32, 31, 30, 19, 20, 21, 22, 27, 26, 25, 24, 10, 9, 8, 7]],
            [40, []],
            [41, []],
            [5, [5]],
            [2, []],
            [14, []],
            [47, []],
            [48, []],
            [35, []],
            [34, []],
            [33, []],
            [32, []],
            [31, []],
            [30, []],
            [19, []],
            [20, []],
            [21, []],
            [22, []],
            [27, []],
            [26, []],
            [25, []],
            [24, []],
            [10, []],
            [9, []],
            [8, []],
            [7, []]
        ]
    ],
    [
        [
            [5, [5]],
            [1, [1]]
        ]
    ]
]",0.0,0,0,0.0,922.0,1,1,2.0,results/sol_best_C201_2.5.dat_A4_L60_pid2815.txt,results/sol_best_multi_C201_2.5.dat_A4_L60_pid2815.txt,C201_2.5.dat_A4_L60_r1.log
55,test_data/data_demand_random_50_batch_all1_equal_cluster/C201_2.5.dat,4.0,60.0,2,1328.0,"[
    [
        [
            [0, [14, 13, 17, 18, 20, 21, 22, 15, 29, 42, 43, 40, 41, 45, 46, 49, 50, 39, 38, 37, 36, 5, 4, 3, 1, 11, 12, 23, 9, 10, 7]],
            [14, []],
            [13, []],
            [17, []],
            [18, []],
            [20, []],
            [21, []],
            [22, []],
            [15, []],
            [29, []],
            [42, []],
            [43, []],
            [40, []],
            [41, []],
            [45, []],
            [46, []],
            [49, []],
            [50, []],
            [39, []],
            [38, []],
            [37, []],
            [36, []],
            [5, []],
            [4, []],
            [3, []],
            [1, []],
            [11, []],
            [12, []],
            [23, []],
            [9, []],
            [10, []],
            [7, []]
        ],
        [
            [0, [19, 16, 28, 47, 48, 35, 34, 33, 32, 31, 30, 6, 44, 2, 8, 24, 25, 26, 27]],
            [19, []],
            [16, []],
            [28, []],
            [47, []],
            [48, []],
            [35, []],
            [34, []],
            [33, []],
            [32, []],
            [31, []],
            [30, []],
            [6, []],
            [44, []],
            [2, []],
            [8, []],
            [24, []],
            [25, []],
            [26, []],
            [27, []]
        ]
    ],
    [
    ]
]",1353.0,"[
    [
        [
            [0, [14, 13, 18, 20, 21, 22, 15, 29, 42, 43, 39, 50, 49, 46, 45, 41, 40, 38, 37, 36, 5, 6, 4, 3, 1, 11, 12, 23, 9, 10, 7]],
            [14, []],
            [13, []],
            [17, [17]],
            [18, []],
            [20, []],
            [21, []],
            [22, []],
            [15, []],
            [29, []],
            [42, []],
            [43, []],
            [39, []],
            [50, []],
            [49, []],
            [46, []],
            [45, []],
            [41, []],
            [40, []],
            [38, []],
            [37, []],
            [36, []],
            [5, []],
            [6, []],
            [4, []],
            [3, []],
            [1, []],
            [11, []],
            [12, []],
            [23, []],
            [9, []],
            [10, []],
            [7, []]
        ],
        [
            [0, [19, 30, 31, 32, 33, 34, 35, 48, 47, 28, 44, 2, 8, 24, 25, 26, 27]],
            [16, [16]],
            [19, []],
            [30, []],
            [31, []],
            [32, []],
            [33, []],
            [34, []],
            [35, []],
            [48, []],
            [47, []],
            [28, []],
            [44, []],
            [2, []],
            [8, []],
            [24, []],
            [25, []],
            [26, []],
            [27, []]
        ]
    ],
    [
        [
            [16, [16]],
            [17, [17]]
        ]
    ]
]",0.0,0,0,0.0,865.1327459504215,1,1,2.0,results/sol_best_C201_2.5.dat_A4_L60_pid2816.txt,results/sol_best_multi_C201_2.5.dat_A4_L60_pid2816.txt,C201_2.5.dat_A4_L60_r2.log
56,test_data/data_demand_random_50_batch_all1_equal_cluster/C201_2.5.dat,4.0,90.0,1,1129.0,"[
    [
        [
            [0, [27, 25, 9, 8, 1, 4, 3, 5, 6, 14, 28, 29, 30, 34, 33, 32, 31, 35, 18]],
            [27, []],
            [25, []],
            [9, []],
            [8, []],
            [1, []],
            [4, []],
            [3, []],
            [5, [44, 43, 42]],
            [6, []],
            [14, []],
            [28, []],
            [29, []],
            [30, []],
            [34, []],
            [33, [48, 47, 17]],
            [44, []],
            [43, []],
            [42, []],
            [32, []],
            [31, []],
            [35, []],
            [48, []],
            [47, []],
            [18, []],
            [17, []]
        ],
        [
            [0, [22, 21, 20, 19, 16, 15, 13, 2, 36, 40, 41, 37, 38, 39, 23, 10, 26, 24, 12, 11, 7]],
            [22, []],
            [21, []],
            [20, []],
            [19, []],
            [16, []],
            [15, []],
            [13, []],
            [2, [45]],
            [36, []],
            [40, []],
            [41, []],
            [45, []],
            [46, [49, 50, 46]],
            [49, []],
            [37, []],
            [38, []],
            [50, []],
            [39, []],
            [23, []],
            [10, []],
            [26, []],
            [24, []],
            [12, []],
            [11, []],
            [7, []]
        ]
    ],
    [
        [
            [5, [44, 43, 42]]
        ],
        [
            [2, [45]],
            [33, [48, 47, 17]]
        ],
        [
            [46, [49, 50, 46]]
        ]
    ]
]",1129.0,"[
    [
        [
            [0, [27, 25, 9, 8, 1, 4, 3, 5, 6, 14, 28, 29, 30, 34, 33, 32, 31, 35, 18]],
            [27, []],
            [25, []],
            [9, []],
            [8, []],
            [1, []],
            [4, []],
            [3, []],
            [5, [44, 43, 42]],
            [6, []],
            [14, []],
            [28, []],
            [29, []],
            [30, []],
            [34, []],
            [33, [48, 47, 17]],
            [44, []],
            [43, []],
            [42, []],
            [32, []],
            [31, []],
            [35, []],
            [48, []],
            [47, []],
            [18, []],
            [17, []]
        ],
        [
            [0, [22, 21, 20, 19, 16, 15, 13, 2, 36, 40, 41, 37, 38, 39, 23, 10, 26, 24, 12, 11, 7]],
            [22, []],
            [21, []],
            [20, []],
            [19, []],
            [16, []],
            [15, []],
            [13, []],
            [2, [45]],
            [36, []],
            [40, []],
            [41, []],
            [45, []],
            [46, [49, 50, 46]],
            [49, []],
            [37, []],
            [38, []],
            [50, []],
            [39, []],
            [23, []],
            [10, []],
            [26, []],
            [24, []],
            [12, []],
            [11, []],
            [7, []]
        ]
    ],
    [
        [
            [5, [44, 43, 42]]
        ],
        [
            [2, [45]],
            [33, [48, 47, 17]]
        ],
        [
            [46, [49, 50, 46]]
        ]
    ]
]",834.0941015452366,1,3,3.3333333333333335,834.0941015452366,1,3,3.3333333333333335,results/sol_best_C201_2.5.dat_A4_L90_pid2795.txt,results/sol_best_multi_C201_2.5.dat_A4_L90_pid2795.txt,C201_2.5.dat_A4_L90_r1.log
56,test_data/data_demand_random_50_batch_all1_equal_cluster/C201_2.5.dat,4.0,90.0,2,1239.62,"[
    [
        [
            [0, [19, 21, 20, 22, 5, 6, 4, 3, 2, 13, 15, 29, 30, 34, 33, 32, 31, 35, 28, 16, 18]],
            [19, []],
            [21, []],
            [20, []],
            [22, []],
            [17, [17]],
            [36, [36, 44, 43, 42]],
            [5, []],
            [6, [48, 47]],
            [4, []],
            [3, []],
            [2, []],
            [13, []],
            [15, []],
            [29, []],
            [30, []],
            [34, []],
            [33, []],
            [44, []],
            [43, []],
            [42, []],
            [32, []],
            [31, []],
            [35, []],
            [48, []],
            [47, []],
            [28, []],
            [16, []],
            [18, []]
        ],
        [
            [0, [12, 10, 9, 8, 7, 14, 26, 27, 23, 25, 24, 11, 1]],
            [12, [40, 38, 37]],
            [10, []],
            [9, []],
            [8, []],
            [7, []],
            [14, []],
            [26, []],
            [27, [45, 46, 39, 41]],
            [23, []],
            [39, []],
            [41, [49, 50]],
            [40, []],
            [38, []],
            [37, []],
            [45, []],
            [46, []],
            [49, []],
            [50, []],
            [25, []],
            [24, []],
            [11, []],
            [1, []]
        ]
    ],
    [
        [
            [12, [40, 38, 37]],
            [17, [17]]
        ],
        [
            [36, [36, 44, 43, 42]]
        ],
        [
            [6, [48, 47]]
        ],
        [
            [27, [45, 46, 39, 41]]
        ],
        [
            [41, [49, 50]]
        ]
    ]
]",1239.615528128088,"[
    [
        [
            [0, [19, 21, 20, 22, 5, 6, 4, 3, 2, 13, 15, 29, 30, 34, 33, 32, 31, 35, 28, 16, 18]],
            [19, []],
            [21, []],
            [20, []],
            [22, []],
            [17, [17]],
            [36, [36, 44, 43, 42]],
            [5, []],
            [6, [48, 47]],
            [4, []],
            [3, []],
            [2, []],
            [13, []],
            [15, []],
            [29, []],
            [30, []],
            [34, []],
            [33, []],
            [44, []],
            [43, []],
            [42, []],
            [32, []],
            [31, []],
            [35, []],
            [48, []],
            [47, []],
            [28, []],
            [16, []],
            [18, []]
        ],
        [
            [0, [12, 10, 9, 8, 7, 14, 26, 27, 23, 25, 24, 11, 1]],
            [12, [40, 38, 37]],
            [10, []],
            [9, []],
            [8, []],
            [7, []],
            [14, []],
            [26, []],
            [27, [45, 46, 39, 41]],
            [23, []],
            [39, []],
            [41, [49, 50]],
            [40, []],
            [38, []],
            [37, []],
            [45, []],
            [46, []],
            [49, []],
            [50, []],
            [25, []],
            [24, []],
            [11, []],
            [1, []]
        ]
    ],
    [
        [
            [12, [40, 38, 37]],
            [17, [17]]
        ],
        [
            [36, [36, 44, 43, 42]]
        ],
        [
            [6, [48, 47]]
        ],
        [
            [27, [45, 46, 39, 41]]
        ],
        [
            [41, [49, 50]]
        ]
    ]
]",748.4900367623409,1,5,3.2,748.4900367623409,1,5,3.2,results/sol_best_C201_2.5.dat_A4_L90_pid2796.txt,results/sol_best_multi_C201_2.5.dat_A4_L90_pid2796.txt,C201_2.5.dat_A4_L90_r2.log
57,test_data/data_demand_random_50_batch_all1_equal_cluster/C201_2.5.dat,4.0,120.0,1,1332.0,"[
    [
        [
            [0, [5, 6, 4, 3, 1, 16, 15, 13, 19, 18, 27, 23, 29, 35, 34, 33, 31, 30, 28]],
            [5, []],
            [6, []],
            [4, []],
            [3, []],
            [1, []],
            [16, []],
            [15, []],
            [13, []],
            [19, []],
            [18, [44, 43, 42]],
            [27, []],
            [23, []],
            [29, []],
            [35, []],
            [34, []],
            [33, [48, 47]],
            [44, []],
            [43, [32]],
            [42, []],
            [32, []],
            [31, []],
            [30, []],
            [48, []],
            [47, []],
            [28, []]
        ],
        [
            [0, [26, 10, 9, 12, 11, 8, 7, 14, 22, 21, 20, 17, 2, 39, 36, 38, 37, 41, 40, 25, 24]],
            [26, []],
            [10, []],
            [9, []],
            [12, []],
            [11, []],
            [8, []],
            [7, []],
            [14, []],
            [22, []],
            [21, []],
            [20, []],
            [17, []],
            [2, []],
            [39, []],
            [36, []],
            [38, [45, 46]],
            [37, []],
            [41, [49, 50]],
            [40, []],
            [45, []],
            [46, []],
            [49, []],
            [50, []],
            [25, []],
            [24, []]
        ]
    ],
    [
        [
            [18, [44, 43, 42]]
        ],
        [
            [33, [48, 47]],
            [38, [45, 46]]
        ],
        [
            [41, [49, 50]],
            [43, [32]]
        ]
    ]
]",1332.0,"[
    [
        [
            [0, [5, 6, 4, 3, 1, 16, 15, 13, 19, 18, 27, 23, 29, 35, 34, 33, 31, 30, 28]],
            [5, []],
            [6, []],
            [4, []],
            [3, []],
            [1, []],
            [16, []],
            [15, []],
            [13, []],
            [19, []],
            [18, [44, 43, 42]],
            [27, []],
            [23, []],
            [29, []],
            [35, []],
            [34, []],
            [33, [48, 47]],
            [44, []],
            [43, [32]],
            [42, []],
            [32, []],
            [31, []],
            [30, []],
            [48, []],
            [47, []],
            [28, []]
        ],
        [
            [0, [26, 10, 9, 12, 11, 8, 7, 14, 22, 21, 20, 17, 2, 39, 36, 38, 37, 41, 40, 25, 24]],
            [26, []],
            [10, []],
            [9, []],
            [12, []],
            [11, []],
            [8, []],
            [7, []],
            [14, []],
            [22, []],
            [21, []],
            [20, []],
            [17, []],
            [2, []],
            [39, []],
            [36, []],
            [38, [45, 46]],
            [37, []],
            [41, [49, 50]],
            [40, []],
            [45, []],
            [46, []],
            [49, []],
            [50, []],
            [25, []],
            [24, []]
        ]
    ],
    [
        [
            [18, [44, 43, 42]]
        ],
        [
            [33, [48, 47]],
            [38, [45, 46]]
        ],
        [
            [41, [49, 50]],
            [43, [32]]
        ]
    ]
]",1008.7725507792796,2,3,3.3333333333333335,1008.7725507792796,2,3,3.3333333333333335,results/sol_best_C201_2.5.dat_A4_L120_pid2748.txt,results/sol_best_multi_C201_2.5.dat_A4_L120_pid2748.txt,C201_2.5.dat_A4_L120_r1.log
57,test_data/data_demand_random_50_batch_all1_equal_cluster/C201_2.5.dat,4.0,120.0,2,1399.0,"[
    [
        [
            [0, [5, 6, 4, 3, 12, 11, 1, 16, 15, 13, 19, 18, 27, 23, 29, 35, 34, 33, 32, 31, 30, 28]],
            [5, []],
            [6, []],
            [4, []],
            [3, []],
            [12, []],
            [11, []],
            [1, []],
            [16, []],
            [15, []],
            [13, []],
            [19, []],
            [18, [44, 43, 42]],
            [27, []],
            [23, []],
            [29, []],
            [35, []],
            [34, []],
            [33, [48, 47]],
            [44, []],
            [43, []],
            [42, []],
            [32, []],
            [31, []],
            [30, []],
            [48, []],
            [47, []],
            [28, []]
        ],
        [
            [0, [2, 36, 10, 9, 8, 7, 14, 22, 21, 20, 17, 39, 41, 40, 38, 37, 25, 26, 24]],
            [2, []],
            [36, []],
            [10, []],
            [9, []],
            [8, []],
            [7, []],
            [14, []],
            [22, []],
            [21, []],
            [20, []],
            [17, []],
            [39, []],
            [41, [49, 50]],
            [40, [45, 46]],
            [38, []],
            [37, []],
            [45, []],
            [46, []],
            [49, []],
            [50, []],
            [25, []],
            [26, []],
            [24, []]
        ]
    ],
    [
        [
            [18, [44, 43, 42]]
        ],
        [
            [41, [49, 50]],
            [33, [48, 47]]
        ],
        [
            [40, [45, 46]]
        ]
    ]
]",1399.0,"[
    [
        [
            [0, [5, 6, 4, 3, 12, 11, 1, 16, 15, 13, 19, 18, 27, 23, 29, 35, 34, 33, 32, 31, 30, 28]],
            [5, []],
            [6, []],
            [4, []],
            [3, []],
            [12, []],
            [11, []],
            [1, []],
            [16, []],
            [15, []],
            [13, []],
            [19, []],
            [18, [44, 43, 42]],
            [27, []],
            [23, []],
            [29, []],
            [35, []],
            [34, []],
            [33, [48, 47]],
            [44, []],
            [43, []],
            [42, []],
            [32, []],
            [31, []],
            [30, []],
            [48, []],
            [47, []],
            [28, []]
        ],
        [
            [0, [10, 9, 8, 2, 14, 20, 17, 21, 22, 39, 38, 41, 40, 37, 25, 26, 24, 7]],
            [10, []],
            [9, []],
            [8, []],
            [2, []],
            [14, []],
            [20, []],
            [17, [36]],
            [21, []],
            [22, []],
            [36, []],
            [39, []],
            [38, []],
            [41, [49, 50]],
            [40, [45, 46]],
            [45, []],
            [46, []],
            [49, []],
            [37, []],
            [50, []],
            [25, []],
            [26, []],
            [24, []],
            [7, []]
        ]
    ],
    [
        [
            [18, [44, 43, 42]],
            [17, [36]]
        ],
        [
            [41, [49, 50]],
            [33, [48, 47]]
        ],
        [
            [40, [45, 46]]
        ]
    ]
]",1031.3516819963415,1,3,3.0,1032.5240879371192,2,3,3.3333333333333335,results/sol_best_C201_2.5.dat_A4_L120_pid2749.txt,results/sol_best_multi_C201_2.5.dat_A4_L120_pid2749.txt,C201_2.5.dat_A4_L120_r2.log
58,test_data/data_demand_random_50_batch_all1_equal_cluster/C201_2.5.dat,8.0,60.0,1,1332.0,"[
    [
        [
            [0, [13, 15, 17, 18, 16, 28, 3, 5, 36, 40, 41, 45, 46, 49, 50, 39, 37, 38, 43, 42, 29, 6, 14, 1, 11, 12, 23, 10, 9, 8]],
            [13, []],
            [15, []],
            [17, []],
            [18, []],
            [16, []],
            [28, []],
            [3, []],
            [5, []],
            [36, []],
            [40, []],
            [41, []],
            [45, []],
            [46, []],
            [49, []],
            [50, []],
            [39, []],
            [37, []],
            [38, []],
            [43, []],
            [42, []],
            [29, []],
            [6, []],
            [14, []],
            [1, []],
            [11, []],
            [12, []],
            [23, []],
            [10, []],
            [9, []],
            [8, []]
        ],
        [
            [0, [2, 4, 44, 31, 32, 33, 34, 35, 48, 47, 30, 19, 20, 21, 22, 27, 26, 25, 24, 7]],
            [2, []],
            [4, []],
            [44, []],
            [31, []],
            [32, []],
            [33, []],
            [34, []],
            [35, []],
            [48, []],
            [47, []],
            [30, []],
            [19, []],
            [20, []],
            [21, []],
            [22, []],
            [27, []],
            [26, []],
            [25, []],
            [24, []],
            [7, []]
        ]
    ],
    [
    ]
]",,,0.0,0,0,0.0,,,,,results/sol_best_C201_2.5.dat_A8_L60_pid2747.txt,(not found),C201_2.5.dat_A8_L60_r1.log
58,test_data/data_demand_random_50_batch_all1_equal_cluster/C201_2.5.dat,8.0,60.0,2,1276.0,"[
    [
        [
            [0, [7, 11, 12, 23, 39, 50, 49, 46, 45, 41, 40, 38, 37, 36, 5, 3, 4, 6, 44, 43, 42, 29, 28, 18, 16, 15, 13, 14, 2]],
            [7, []],
            [11, []],
            [12, []],
            [23, []],
            [39, []],
            [50, []],
            [49, []],
            [46, []],
            [45, []],
            [41, []],
            [40, []],
            [38, []],
            [37, []],
            [36, []],
            [5, []],
            [3, []],
            [4, []],
            [6, []],
            [44, []],
            [43, []],
            [42, []],
            [29, []],
            [28, []],
            [18, []],
            [16, []],
            [15, []],
            [13, []],
            [14, []],
            [2, []]
        ],
        [
            [0, [17, 22, 21, 20, 19, 30, 31, 32, 33, 34, 35, 48, 47, 1, 8, 9, 10, 24, 25, 26, 27]],
            [17, []],
            [22, []],
            [21, []],
            [20, []],
            [19, []],
            [30, []],
            [31, []],
            [32, []],
            [33, []],
            [34, []],
            [35, []],
            [48, []],
            [47, []],
            [1, []],
            [8, []],
            [9, []],
            [10, []],
            [24, []],
            [25, []],
            [26, []],
            [27, []]
        ]
    ],
    [
    ]
]",,,0.0,0,0,0.0,,,,,results/sol_best_C201_2.5.dat_A8_L60_pid2748.txt,(not found),C201_2.5.dat_A8_L60_r2.log
59,test_data/data_demand_random_50_batch_all1_equal_cluster/C201_2.5.dat,8.0,90.0,1,1073.05,"[
    [
        [
            [0, [21, 18, 16, 15, 13, 14, 1, 11, 6, 4, 5]],
            [21, []],
            [18, []],
            [16, []],
            [15, []],
            [13, []],
            [14, []],
            [1, []],
            [11, []],
            [23, [23]],
            [6, [33, 34, 30, 29, 31, 35, 28, 41]],
            [4, []],
            [5, []],
            [33, []],
            [34, []],
            [30, []],
            [29, []],
            [41, []],
            [43, [32, 48, 47, 43]],
            [42, [42]],
            [32, []],
            [31, []],
            [35, []],
            [48, []],
            [47, []],
            [28, []]
        ],
        [
            [0, [2, 12, 10, 9, 8, 7, 17, 3]],
            [2, []],
            [12, []],
            [10, [22, 19, 20]],
            [9, []],
            [8, []],
            [7, []],
            [22, []],
            [19, []],
            [20, []],
            [17, []],
            [26, [26, 25, 24]],
            [25, []],
            [27, [45, 46, 27]],
            [24, []],
            [36, [40, 38, 37, 36]],
            [37, []],
            [38, []],
            [40, []],
            [44, [44, 39, 50, 49]],
            [39, []],
            [50, []],
            [49, []],
            [46, []],
            [45, []],
            [3, []]
        ]
    ],
    [
        [
            [10, [22, 19, 20]]
        ],
        [
            [23, [23]]
        ],
        [
            [6, [33, 34, 30, 29, 31, 35, 28, 41]]
        ],
        [
            [26, [26, 25, 24]]
        ],
        [
            [27, [45, 46, 27]]
        ],
        [
            [36, [40, 38, 37, 36]],
            [43, [32, 48, 47, 43]]
        ],
        [
            [44, [44, 39, 50, 49]],
            [42, [42]]
        ]
    ]
]",1073.04834939252,"[
    [
        [
            [0, [21, 18, 16, 15, 13, 14, 1, 11, 6, 4, 5]],
            [21, []],
            [18, []],
            [16, []],
            [15, []],
            [13, []],
            [14, []],
            [1, []],
            [11, []],
            [23, [23]],
            [6, [33, 34, 30, 29, 31, 35, 28, 41]],
            [4, []],
            [5, []],
            [33, []],
            [34, []],
            [30, []],
            [29, []],
            [41, []],
            [43, [32, 48, 47, 43]],
            [42, [42]],
            [32, []],
            [31, []],
            [35, []],
            [48, []],
            [47, []],
            [28, []]
        ],
        [
            [0, [2, 12, 10, 9, 8, 7, 17, 3]],
            [2, []],
            [12, []],
            [10, [22, 19, 20]],
            [9, []],
            [8, []],
            [7, []],
            [22, []],
            [19, []],
            [20, []],
            [17, []],
            [26, [26, 25, 24]],
            [25, []],
            [27, [45, 46, 27]],
            [24, []],
            [36, [40, 38, 37, 36]],
            [37, []],
            [38, []],
            [40, []],
            [44, [44, 39, 50, 49]],
            [39, []],
            [50, []],
            [49, []],
            [46, []],
            [45, []],
            [3, []]
        ]
    ],
    [
        [
            [10, [22, 19, 20]]
        ],
        [
            [23, [23]]
        ],
        [
            [6, [33, 34, 30, 29, 31, 35, 28, 41]]
        ],
        [
            [26, [26, 25, 24]]
        ],
        [
            [27, [45, 46, 27]]
        ],
        [
            [36, [40, 38, 37, 36]],
            [43, [32, 48, 47, 43]]
        ],
        [
            [44, [44, 39, 50, 49]],
            [42, [42]]
        ]
    ]
]",647.4432355334675,2,7,4.428571428571429,647.4432355334675,2,7,4.428571428571429,results/sol_best_C201_2.5.dat_A8_L90_pid2733.txt,results/sol_best_multi_C201_2.5.dat_A8_L90_pid2733.txt,C201_2.5.dat_A8_L90_r1.log
59,test_data/data_demand_random_50_batch_all1_equal_cluster/C201_2.5.dat,8.0,90.0,2,1364.62,"[
    [
        [
            [0, [4, 3, 12, 11, 1, 6, 16, 15, 13, 19, 18, 29, 35, 34, 33, 32, 31, 30, 28]],
            [17, [17]],
            [5, [5]],
            [4, []],
            [3, []],
            [12, []],
            [11, []],
            [1, []],
            [6, [48, 47]],
            [16, []],
            [15, []],
            [13, [44, 43, 42]],
            [19, []],
            [18, []],
            [29, []],
            [35, []],
            [34, []],
            [33, []],
            [44, []],
            [43, []],
            [42, []],
            [32, []],
            [31, []],
            [30, []],
            [48, []],
            [47, []],
            [28, []]
        ],
        [
            [0, [2, 10, 9, 8, 14, 22, 21, 20, 27, 23, 25, 24]],
            [2, []],
            [10, []],
            [9, []],
            [8, []],
            [7, [7]],
            [14, []],
            [22, []],
            [21, []],
            [20, [26]],
            [26, []],
            [27, [45, 46, 39]],
            [23, []],
            [39, []],
            [41, [49, 50, 41, 40, 38, 37, 36]],
            [40, []],
            [38, []],
            [37, []],
            [45, []],
            [46, []],
            [36, []],
            [49, []],
            [50, []],
            [25, []],
            [24, []]
        ]
    ],
    [
        [
            [7, [7]],
            [17, [17]]
        ],
        [
            [5, [5]],
            [20, [26]]
        ],
        [
            [6, [48, 47]]
        ],
        [
            [27, [45, 46, 39]]
        ],
        [
            [13, [44, 43, 42]]
        ],
        [
            [41, [49, 50, 41, 40, 38, 37, 36]]
        ]
    ]
]",1364.615528128088,"[
    [
        [
            [0, [4, 3, 12, 11, 1, 6, 16, 15, 13, 19, 18, 29, 35, 34, 33, 32, 31, 30, 28]],
            [17, [17]],
            [5, [5]],
            [4, []],
            [3, []],
            [12, []],
            [11, []],
            [1, []],
            [6, [48, 47]],
            [16, []],
            [15, []],
            [13, [44, 43, 42]],
            [19, []],
            [18, []],
            [29, []],
            [35, []],
            [34, []],
            [33, []],
            [44, []],
            [43, []],
            [42, []],
            [32, []],
            [31, []],
            [30, []],
            [48, []],
            [47, []],
            [28, []]
        ],
        [
            [0, [2, 10, 9, 8, 14, 22, 21, 20, 27, 23, 25, 24]],
            [2, []],
            [10, []],
            [9, []],
            [8, []],
            [7, [7]],
            [14, []],
            [22, []],
            [21, []],
            [20, [26]],
            [26, []],
            [27, [45, 46, 39]],
            [23, []],
            [39, []],
            [41, [49, 50, 41, 40, 38, 37, 36]],
            [40, []],
            [38, []],
            [37, []],
            [45, []],
            [46, []],
            [36, []],
            [49, []],
            [50, []],
            [25, []],
            [24, []]
        ]
    ],
    [
        [
            [7, [7]],
            [17, [17]]
        ],
        [
            [5, [5]],
            [20, [26]]
        ],
        [
            [6, [48, 47]]
        ],
        [
            [27, [45, 46, 39]]
        ],
        [
            [13, [44, 43, 42]]
        ],
        [
            [41, [49, 50, 41, 40, 38, 37, 36]]
        ]
    ]
]",768.4051724464267,2,6,3.1666666666666665,768.4051724464267,2,6,3.1666666666666665,results/sol_best_C201_2.5.dat_A8_L90_pid2734.txt,results/sol_best_multi_C201_2.5.dat_A8_L90_pid2734.txt,C201_2.5.dat_A8_L90_r2.log
60,test_data/data_demand_random_50_batch_all1_equal_cluster/C201_2.5.dat,8.0,120.0,1,1143.53,"[
    [
        [
            [0, [12, 5, 4, 3, 2, 11, 1, 16, 15, 13, 6, 17]],
            [12, []],
            [23, [23]],
            [10, [10]],
            [5, [29, 35, 34, 33, 32, 31, 30, 28]],
            [4, []],
            [3, []],
            [2, []],
            [11, []],
            [1, []],
            [16, []],
            [15, []],
            [13, []],
            [43, [43]],
            [44, [44, 42]],
            [6, [48, 47]],
            [29, []],
            [30, []],
            [34, []],
            [33, []],
            [42, [18]],
            [32, []],
            [31, []],
            [35, []],
            [48, []],
            [47, []],
            [28, []],
            [18, []],
            [17, []]
        ],
        [
            [0, [9, 8, 7, 14, 22, 21, 20, 19]],
            [9, []],
            [8, [25, 24, 26, 27]],
            [7, []],
            [14, []],
            [22, []],
            [21, []],
            [20, []],
            [19, []],
            [39, [39]],
            [41, [41, 40, 38, 37, 36]],
            [40, []],
            [38, []],
            [37, []],
            [36, []],
            [45, [45, 46]],
            [46, []],
            [49, [49, 50]],
            [50, []],
            [25, []],
            [24, []],
            [26, []],
            [27, []]
        ]
    ],
    [
        [
            [23, [23]]
        ],
        [
            [8, [25, 24, 26, 27]],
            [10, [10]]
        ],
        [
            [5, [29, 35, 34, 33, 32, 31, 30, 28]]
        ],
        [
            [43, [43]]
        ],
        [
            [39, [39]],
            [44, [44, 42]]
        ],
        [
            [41, [41, 40, 38, 37, 36]]
        ],
        [
            [6, [48, 47]],
            [45, [45, 46]]
        ],
        [
            [49, [49, 50]],
            [42, [18]]
        ]
    ]
]",1143.53,"[
    [
        [
            [0, [12, 5, 4, 3, 2, 11, 1, 16, 15, 13, 6, 17]],
            [12, []],
            [23, [23]],
            [10, [10]],
            [5, [29, 35, 34, 33, 32, 31, 30, 28]],
            [4, []],
            [3, []],
            [2, []],
            [11, []],
            [1, []],
            [16, []],
            [15, []],
            [13, []],
            [43, [43]],
            [44, [44, 42]],
            [6, [48, 47]],
            [29, []],
            [30, []],
            [34, []],
            [33, []],
            [42, [18]],
            [32, []],
            [31, []],
            [35, []],
            [48, []],
            [47, []],
            [28, []],
            [18, []],
            [17, []]
        ],
        [
            [0, [9, 8, 7, 14, 22, 21, 20, 19]],
            [9, []],
            [8, [25, 24, 26, 27]],
            [7, []],
            [14, []],
            [22, []],
            [21, []],
            [20, []],
            [19, []],
            [39, [39]],
            [41, [41, 40, 38, 37, 36]],
            [40, []],
            [38, []],
            [37, []],
            [36, []],
            [45, [45, 46]],
            [46, []],
            [49, [49, 50]],
            [50, []],
            [25, []],
            [24, []],
            [26, []],
            [27, []]
        ]
    ],
    [
        [
            [23, [23]]
        ],
        [
            [8, [25, 24, 26, 27]],
            [10, [10]]
        ],
        [
            [5, [29, 35, 34, 33, 32, 31, 30, 28]]
        ],
        [
            [43, [43]]
        ],
        [
            [39, [39]],
            [44, [44, 42]]
        ],
        [
            [41, [41, 40, 38, 37, 36]]
        ],
        [
            [6, [48, 47]],
            [45, [45, 46]]
        ],
        [
            [49, [49, 50]],
            [42, [18]]
        ]
    ]
]",606.0404672664876,4,8,3.75,606.0404672664876,4,8,3.75,results/sol_best_C201_2.5.dat_A8_L120_pid2749.txt,results/sol_best_multi_C201_2.5.dat_A8_L120_pid2749.txt,C201_2.5.dat_A8_L120_r1.log
60,test_data/data_demand_random_50_batch_all1_equal_cluster/C201_2.5.dat,8.0,120.0,2,1115.0,"[
    [
        [
            [0, [3, 23, 11, 1, 13, 15, 16, 19, 18, 29, 35, 34, 33, 32, 31, 30, 28]],
            [3, []],
            [23, []],
            [11, []],
            [1, []],
            [13, []],
            [15, []],
            [16, []],
            [19, []],
            [18, [44, 43, 42]],
            [29, []],
            [35, []],
            [34, []],
            [33, [48, 47]],
            [44, []],
            [43, []],
            [42, []],
            [32, []],
            [31, []],
            [30, []],
            [48, []],
            [47, []],
            [28, []]
        ],
        [
            [0, [4, 5, 6, 14, 10, 9, 8, 12, 7, 2, 17]],
            [4, []],
            [5, []],
            [6, []],
            [14, []],
            [10, []],
            [9, []],
            [8, []],
            [12, []],
            [26, [26, 25, 24, 27, 22, 21, 20]],
            [27, []],
            [7, []],
            [2, []],
            [22, [39, 41, 40, 38, 37, 36]],
            [21, []],
            [20, []],
            [17, []],
            [36, []],
            [40, [49, 50]],
            [41, []],
            [45, [45, 46]],
            [46, []],
            [49, []],
            [50, []],
            [38, []],
            [37, []],
            [39, []],
            [25, []],
            [24, []]
        ]
    ],
    [
        [
            [18, [44, 43, 42]]
        ],
        [
            [26, [26, 25, 24, 27, 22, 21, 20]]
        ],
        [
            [22, [39, 41, 40, 38, 37, 36]]
        ],
        [
            [40, [49, 50]]
        ],
        [
            [33, [48, 47]],
            [45, [45, 46]]
        ]
    ]
]",1115.0,"[
    [
        [
            [0, [3, 23, 11, 1, 13, 15, 16, 19, 18, 29, 35, 34, 33, 32, 31, 30, 28]],
            [3, []],
            [23, []],
            [11, []],
            [1, []],
            [13, []],
            [15, []],
            [16, []],
            [19, []],
            [18, [44, 43, 42]],
            [29, []],
            [35, []],
            [34, []],
            [33, [48, 47]],
            [44, []],
            [43, []],
            [42, []],
            [32, []],
            [31, []],
            [30, []],
            [48, []],
            [47, []],
            [28, []]
        ],
        [
            [0, [4, 5, 6, 14, 10, 9, 8, 12, 7, 2, 17]],
            [4, []],
            [5, []],
            [6, []],
            [14, []],
            [10, []],
            [9, []],
            [8, []],
            [12, []],
            [26, [26, 25, 24, 27, 22, 21, 20]],
            [27, []],
            [7, []],
            [2, []],
            [22, [39, 41, 40, 38, 37, 36]],
            [21, []],
            [20, []],
            [17, []],
            [36, []],
            [40, [49, 50]],
            [41, []],
            [45, [45, 46]],
            [46, []],
            [49, []],
            [50, []],
            [38, []],
            [37, []],
            [39, []],
            [25, []],
            [24, []]
        ]
    ],
    [
        [
            [18, [44, 43, 42]]
        ],
        [
            [26, [26, 25, 24, 27, 22, 21, 20]]
        ],
        [
            [22, [39, 41, 40, 38, 37, 36]]
        ],
        [
            [40, [49, 50]]
        ],
        [
            [33, [48, 47]],
            [45, [45, 46]]
        ]
    ]
]",709.4510959646459,1,5,4.4,709.4510959646459,1,5,4.4,results/sol_best_C201_2.5.dat_A8_L120_pid2750.txt,results/sol_best_multi_C201_2.5.dat_A8_L120_pid2750.txt,C201_2.5.dat_A8_L120_r2.log
61,test_data/data_demand_random_50_batch_all1_equal_cluster/C201_2.dat,4.0,60.0,1,1105.0,"[
    [
        [
            [0, [41, 40, 39, 38, 13, 29, 42, 43, 44, 28, 27, 26, 5, 6, 4, 2, 15, 14, 20, 35, 36, 37, 21, 16, 17, 19]],
            [41, []],
            [40, []],
            [39, []],
            [38, []],
            [13, []],
            [29, []],
            [42, []],
            [43, []],
            [44, []],
            [28, []],
            [27, []],
            [26, []],
            [5, []],
            [6, []],
            [4, []],
            [2, []],
            [15, []],
            [14, []],
            [20, []],
            [35, []],
            [36, []],
            [37, []],
            [21, []],
            [16, []],
            [17, []],
            [19, []]
        ],
        [
            [0, [18, 31, 32, 33, 34, 22, 23, 50, 25, 24, 45, 46, 47, 49, 48, 30, 3, 1, 11, 12, 10, 9, 8, 7]],
            [18, []],
            [31, []],
            [32, []],
            [33, []],
            [34, []],
            [22, []],
            [23, []],
            [50, []],
            [25, []],
            [24, []],
            [45, []],
            [46, []],
            [47, []],
            [49, []],
            [48, []],
            [30, []],
            [3, []],
            [1, []],
            [11, []],
            [12, []],
            [10, []],
            [9, []],
            [8, []],
            [7, []]
        ]
    ],
    [
    ]
]",,,0.0,0,0,0.0,,,,,results/sol_best_C201_2.dat_A4_L60_pid2738.txt,(not found),C201_2.dat_A4_L60_r1.log
61,test_data/data_demand_random_50_batch_all1_equal_cluster/C201_2.dat,4.0,60.0,2,1113.0,"[
    [
        [
            [0, [1, 3, 4, 5, 26, 27, 28, 43, 44, 42, 29, 13, 12, 39, 41, 40, 38, 14, 16, 21, 37, 36, 35, 20, 17, 19]],
            [1, []],
            [3, []],
            [4, []],
            [5, []],
            [26, []],
            [27, []],
            [28, []],
            [43, []],
            [44, []],
            [42, []],
            [29, []],
            [13, []],
            [12, []],
            [39, []],
            [41, []],
            [40, []],
            [38, []],
            [14, []],
            [16, []],
            [21, [50]],
            [50, []],
            [37, []],
            [36, []],
            [35, []],
            [20, []],
            [17, []],
            [19, []]
        ],
        [
            [0, [18, 31, 32, 33, 34, 22, 23, 24, 25, 45, 46, 47, 49, 48, 30, 6, 15, 2, 11, 8, 9, 10, 7]],
            [18, []],
            [31, []],
            [32, []],
            [33, []],
            [34, []],
            [22, []],
            [23, []],
            [24, []],
            [25, []],
            [45, []],
            [46, []],
            [47, []],
            [49, []],
            [48, []],
            [30, []],
            [6, []],
            [15, []],
            [2, []],
            [11, []],
            [8, []],
            [9, []],
            [10, []],
            [7, []]
        ]
    ],
    [
        [
            [21, [50]]
        ]
    ]
]",1149.0,"[
    [
        [
            [0, [3, 4, 5, 26, 27, 28, 43, 44, 42, 29, 13, 38, 41, 40, 39, 11, 1, 14, 16, 21, 37, 36, 35, 20, 17, 19]],
            [3, []],
            [4, []],
            [5, []],
            [26, []],
            [27, []],
            [28, []],
            [43, []],
            [44, []],
            [42, []],
            [29, []],
            [13, []],
            [38, []],
            [41, []],
            [40, []],
            [39, []],
            [11, []],
            [1, []],
            [14, []],
            [16, []],
            [21, [50, 24, 25]],
            [24, []],
            [25, []],
            [50, []],
            [37, []],
            [36, []],
            [35, []],
            [20, []],
            [17, []],
            [19, []]
        ],
        [
            [0, [18, 31, 32, 33, 34, 22, 23, 45, 46, 47, 49, 48, 30, 6, 2, 12, 9, 10, 8, 7]],
            [18, []],
            [31, []],
            [32, []],
            [33, []],
            [34, []],
            [22, []],
            [23, []],
            [45, []],
            [46, []],
            [47, []],
            [49, []],
            [48, []],
            [30, []],
            [6, [15]],
            [15, []],
            [2, []],
            [12, []],
            [9, []],
            [10, []],
            [8, []],
            [7, []]
        ]
    ],
    [
        [
            [21, [50, 24, 25]],
            [6, [15]]
        ]
    ]
]",956.0831891575846,0,1,1.0,979.7958680155872,1,1,4.0,results/sol_best_C201_2.dat_A4_L60_pid2739.txt,results/sol_best_multi_C201_2.dat_A4_L60_pid2739.txt,C201_2.dat_A4_L60_r2.log
62,test_data/data_demand_random_50_batch_all1_equal_cluster/C201_2.dat,4.0,90.0,1,985.0,"[
    [
        [
            [0, [17, 20, 35, 36, 37, 50, 45, 46, 47, 48, 49, 44, 43, 42, 28, 27, 26, 5, 3, 1]],
            [17, []],
            [20, []],
            [35, []],
            [36, []],
            [37, []],
            [50, []],
            [45, []],
            [46, []],
            [47, []],
            [48, []],
            [49, []],
            [44, []],
            [43, []],
            [42, []],
            [28, []],
            [27, []],
            [26, []],
            [5, []],
            [3, []],
            [1, []]
        ],
        [
            [0, [7, 2, 15, 14, 16, 25, 24, 23, 22, 21, 6, 13, 12, 11, 8, 9, 10, 19, 18]],
            [7, []],
            [2, []],
            [15, []],
            [14, []],
            [16, []],
            [25, []],
            [24, []],
            [23, []],
            [22, []],
            [21, []],
            [6, [31, 33, 32, 30]],
            [4, [34, 29, 4]],
            [30, []],
            [29, []],
            [13, []],
            [12, []],
            [11, []],
            [8, []],
            [9, []],
            [10, []],
            [38, [40, 39, 38, 41]],
            [39, []],
            [40, []],
            [41, []],
            [31, []],
            [32, []],
            [33, []],
            [34, []],
            [19, []],
            [18, []]
        ]
    ],
    [
        [
            [6, [31, 33, 32, 30]]
        ],
        [
            [4, [34, 29, 4]]
        ],
        [
            [38, [40, 39, 38, 41]]
        ]
    ]
]",990.615528128088,"[
    [
        [
            [0, [1, 3, 26, 42, 43, 44, 48, 47, 46, 45, 50, 37, 36, 35, 2]],
            [1, []],
            [3, [49]],
            [26, []],
            [42, []],
            [43, []],
            [44, []],
            [49, []],
            [48, []],
            [47, []],
            [46, []],
            [45, []],
            [50, []],
            [37, []],
            [36, []],
            [35, []],
            [2, []]
        ],
        [
            [0, [15, 14, 16, 17, 20, 23, 24, 25, 22, 21, 6, 4, 5, 11, 8, 7, 10, 9, 13, 12, 19, 18]],
            [15, []],
            [14, []],
            [16, []],
            [17, []],
            [20, []],
            [23, []],
            [24, []],
            [25, []],
            [22, []],
            [21, []],
            [6, [31, 33, 32, 30]],
            [4, []],
            [5, []],
            [30, []],
            [28, [34, 27, 29, 28]],
            [27, []],
            [29, []],
            [11, []],
            [8, []],
            [7, []],
            [10, []],
            [9, []],
            [13, []],
            [12, []],
            [39, [39]],
            [38, [40, 38, 41]],
            [40, []],
            [41, []],
            [31, []],
            [32, []],
            [33, []],
            [34, []],
            [19, []],
            [18, []]
        ]
    ],
    [
        [
            [6, [31, 33, 32, 30]]
        ],
        [
            [28, [34, 27, 29, 28]]
        ],
        [
            [3, [49]],
            [39, [39]]
        ],
        [
            [38, [40, 38, 41]]
        ]
    ]
]",594.4808970536923,0,3,3.6666666666666665,619.6764376537382,1,4,3.25,results/sol_best_C201_2.dat_A4_L90_pid2735.txt,results/sol_best_multi_C201_2.dat_A4_L90_pid2735.txt,C201_2.dat_A4_L90_r1.log
62,test_data/data_demand_random_50_batch_all1_equal_cluster/C201_2.dat,4.0,90.0,2,1005.0,"[
    [
        [
            [0, [16, 17, 20, 35, 36, 37, 50, 45, 46, 47, 48, 49, 44, 43, 42, 29, 27, 26, 5, 6, 3, 1]],
            [16, []],
            [17, []],
            [20, []],
            [35, []],
            [36, []],
            [37, []],
            [50, []],
            [45, []],
            [46, []],
            [47, []],
            [48, []],
            [49, []],
            [44, []],
            [43, []],
            [42, []],
            [29, []],
            [27, []],
            [26, []],
            [5, []],
            [6, []],
            [3, []],
            [1, []]
        ],
        [
            [0, [7, 10, 8, 11, 25, 24, 23, 22, 21, 4, 13, 12, 9, 2, 15, 14, 18, 19]],
            [7, []],
            [10, []],
            [8, []],
            [11, []],
            [28, [28, 30]],
            [30, []],
            [25, []],
            [24, []],
            [23, []],
            [22, [32, 31, 33, 34]],
            [21, []],
            [4, [40, 39, 38, 41]],
            [13, []],
            [12, []],
            [39, []],
            [41, []],
            [40, []],
            [38, []],
            [9, []],
            [2, []],
            [15, []],
            [14, []],
            [18, []],
            [31, []],
            [32, []],
            [33, []],
            [34, []],
            [19, []]
        ]
    ],
    [
        [
            [28, [28, 30]]
        ],
        [
            [22, [32, 31, 33, 34]]
        ],
        [
            [4, [40, 39, 38, 41]]
        ]
    ]
]",,,503.8163985328676,0,3,3.3333333333333335,,,,,results/sol_best_C201_2.dat_A4_L90_pid2736.txt,(not found),C201_2.dat_A4_L90_r2.log
63,test_data/data_demand_random_50_batch_all1_equal_cluster/C201_2.dat,4.0,120.0,1,1005.0,"[
    [
        [
            [0, [16, 17, 20, 35, 36, 37, 50, 45, 46, 47, 48, 49, 44, 43, 42, 29, 27, 26, 5, 6, 4, 3, 1]],
            [16, []],
            [17, []],
            [20, []],
            [35, []],
            [36, []],
            [37, []],
            [50, []],
            [45, []],
            [46, []],
            [47, []],
            [48, []],
            [49, []],
            [44, []],
            [43, []],
            [42, []],
            [29, []],
            [27, []],
            [26, []],
            [5, []],
            [6, []],
            [4, []],
            [3, []],
            [1, []]
        ],
        [
            [0, [2, 13, 25, 24, 23, 22, 21, 15, 11, 12, 10, 9, 8, 7, 14, 18, 19]],
            [2, []],
            [13, []],
            [28, [28, 30]],
            [30, []],
            [25, []],
            [24, []],
            [23, []],
            [22, [32, 31, 33, 34]],
            [21, []],
            [15, [40, 39, 38, 41]],
            [11, []],
            [12, []],
            [39, []],
            [40, []],
            [41, []],
            [38, []],
            [10, []],
            [9, []],
            [8, []],
            [7, []],
            [14, []],
            [18, []],
            [31, []],
            [32, []],
            [33, []],
            [34, []],
            [19, []]
        ]
    ],
    [
        [
            [28, [28, 30]]
        ],
        [
            [22, [32, 31, 33, 34]]
        ],
        [
            [15, [40, 39, 38, 41]]
        ]
    ]
]",,,511.9979522065566,0,3,3.3333333333333335,,,,,results/sol_best_C201_2.dat_A4_L120_pid2814.txt,(not found),C201_2.dat_A4_L120_r1.log
63,test_data/data_demand_random_50_batch_all1_equal_cluster/C201_2.dat,4.0,120.0,2,1088.05,"[
    [
        [
            [0, [14, 16, 17, 35, 36, 37, 50, 45, 46, 47, 48, 49, 44, 43, 42, 29, 13, 11, 26, 5, 3]],
            [1, [1]],
            [14, []],
            [16, []],
            [17, []],
            [35, []],
            [36, []],
            [37, []],
            [50, []],
            [45, []],
            [46, []],
            [47, []],
            [48, []],
            [49, []],
            [44, []],
            [43, []],
            [42, []],
            [29, []],
            [13, []],
            [11, []],
            [26, []],
            [5, []],
            [3, []]
        ],
        [
            [0, [2, 12, 10, 9, 8, 7, 15, 18, 19, 20, 25, 24, 23, 22, 21, 6, 4]],
            [2, []],
            [12, []],
            [10, []],
            [9, []],
            [8, []],
            [7, []],
            [15, []],
            [18, []],
            [19, []],
            [20, []],
            [25, [40, 39, 38, 41]],
            [24, []],
            [23, []],
            [22, []],
            [21, [32, 31, 33, 30]],
            [6, []],
            [4, []],
            [30, []],
            [28, [28, 27, 34]],
            [27, []],
            [38, []],
            [39, []],
            [40, []],
            [41, []],
            [31, []],
            [32, []],
            [33, []],
            [34, []]
        ]
    ],
    [
        [
            [25, [40, 39, 38, 41]]
        ],
        [
            [21, [32, 31, 33, 30]]
        ],
        [
            [1, [1]],
            [28, [28, 27, 34]]
        ]
    ]
]",1088.05,"[
    [
        [
            [0, [14, 16, 17, 35, 36, 37, 50, 45, 46, 47, 48, 49, 44, 43, 42, 29, 13, 26, 5, 3]],
            [1, [1]],
            [14, []],
            [16, []],
            [17, []],
            [35, []],
            [36, []],
            [37, []],
            [50, []],
            [45, []],
            [46, []],
            [47, []],
            [48, []],
            [49, []],
            [44, []],
            [43, []],
            [42, []],
            [29, []],
            [13, []],
            [26, []],
            [5, []],
            [3, []]
        ],
        [
            [0, [2, 12, 10, 9, 8, 7, 15, 18, 19, 20, 25, 24, 23, 22, 21, 6, 4, 11]],
            [2, []],
            [12, []],
            [10, []],
            [9, []],
            [8, []],
            [7, []],
            [15, []],
            [18, []],
            [19, []],
            [20, []],
            [25, [40, 39, 41, 38]],
            [24, []],
            [23, []],
            [22, []],
            [21, []],
            [6, [30, 28, 27]],
            [4, []],
            [30, []],
            [28, [31, 32, 33, 34]],
            [27, []],
            [11, []],
            [38, []],
            [39, []],
            [40, []],
            [41, []],
            [31, []],
            [32, []],
            [33, []],
            [34, []]
        ]
    ],
    [
        [
            [25, [40, 39, 41, 38]]
        ],
        [
            [6, [30, 28, 27]],
            [1, [1]]
        ],
        [
            [28, [31, 32, 33, 34]]
        ]
    ]
]",654.8868489218661,1,3,4.0,662.5858991651709,1,3,4.0,results/sol_best_C201_2.dat_A4_L120_pid2815.txt,results/sol_best_multi_C201_2.dat_A4_L120_pid2815.txt,C201_2.dat_A4_L120_r2.log
64,test_data/data_demand_random_50_batch_all1_equal_cluster/C201_2.dat,8.0,60.0,1,1097.0,"[
    [
        [
            [0, [1, 11, 8, 9, 38, 40, 41, 39, 12, 29, 42, 43, 44, 28, 27, 26, 5, 6, 4, 2, 15, 21, 37, 36, 35, 20, 17, 16, 14]],
            [1, []],
            [11, []],
            [8, []],
            [9, []],
            [38, []],
            [40, []],
            [41, []],
            [39, []],
            [12, []],
            [29, []],
            [42, []],
            [43, []],
            [44, []],
            [28, []],
            [27, []],
            [26, []],
            [5, []],
            [6, []],
            [4, []],
            [2, []],
            [15, [50]],
            [21, []],
            [50, []],
            [37, []],
            [36, []],
            [35, []],
            [20, []],
            [17, []],
            [16, []],
            [14, []]
        ],
        [
            [0, [18, 19, 31, 32, 33, 34, 22, 23, 24, 25, 45, 46, 47, 49, 48, 30, 3, 13, 10, 7]],
            [18, []],
            [19, []],
            [31, []],
            [32, []],
            [33, []],
            [34, []],
            [22, []],
            [23, []],
            [24, []],
            [25, []],
            [45, []],
            [46, []],
            [47, []],
            [49, []],
            [48, []],
            [30, []],
            [3, []],
            [13, []],
            [10, []],
            [7, []]
        ]
    ],
    [
        [
            [15, [50]]
        ]
    ]
]",,,907.6619037896907,0,1,1.0,,,,,results/sol_best_C201_2.dat_A8_L60_pid2809.txt,(not found),C201_2.dat_A8_L60_r1.log
64,test_data/data_demand_random_50_batch_all1_equal_cluster/C201_2.dat,8.0,60.0,2,1117.0,"[
    [
        [
            [0, [41, 40, 39, 38, 13, 29, 42, 43, 44, 28, 27, 26, 5, 6, 4, 15, 14, 16, 17, 20, 35, 36, 37, 25, 19]],
            [41, []],
            [40, []],
            [39, []],
            [38, []],
            [13, []],
            [29, []],
            [42, []],
            [43, []],
            [44, []],
            [28, []],
            [27, []],
            [26, []],
            [5, []],
            [6, []],
            [4, []],
            [15, []],
            [14, []],
            [16, []],
            [17, []],
            [20, [50]],
            [35, []],
            [36, []],
            [37, []],
            [25, []],
            [50, []],
            [19, []]
        ],
        [
            [0, [18, 31, 32, 33, 34, 22, 23, 24, 21, 45, 46, 47, 49, 48, 30, 3, 2, 1, 11, 12, 10, 9, 8, 7]],
            [18, []],
            [31, []],
            [32, []],
            [33, []],
            [34, []],
            [22, []],
            [23, []],
            [24, []],
            [21, []],
            [45, []],
            [46, []],
            [47, []],
            [49, []],
            [48, []],
            [30, []],
            [3, []],
            [2, []],
            [1, []],
            [11, []],
            [12, []],
            [10, []],
            [9, []],
            [8, []],
            [7, []]
        ]
    ],
    [
        [
            [20, [50]]
        ]
    ]
]",,,939.3238075793812,0,1,1.0,,,,,results/sol_best_C201_2.dat_A8_L60_pid2810.txt,(not found),C201_2.dat_A8_L60_r2.log
65,test_data/data_demand_random_50_batch_all1_equal_cluster/C201_2.dat,8.0,90.0,1,1187.32,"[
    [
        [
            [0, [4, 3, 13, 11, 1, 19, 17, 16, 20, 14, 5, 29, 28, 27, 26]],
            [2, [2]],
            [6, [6]],
            [4, []],
            [3, []],
            [13, []],
            [11, []],
            [1, []],
            [19, []],
            [17, []],
            [16, []],
            [20, [50, 45, 46, 47, 48, 49]],
            [14, []],
            [33, [33, 34, 35, 36, 37]],
            [34, []],
            [35, []],
            [36, []],
            [37, []],
            [50, []],
            [45, []],
            [46, []],
            [47, []],
            [5, [44, 43, 42]],
            [48, []],
            [49, []],
            [44, []],
            [43, []],
            [42, []],
            [29, []],
            [28, []],
            [27, []],
            [26, []]
        ],
        [
            [0, [10, 9, 8, 7, 18, 25, 24, 23, 22, 21]],
            [12, [12]],
            [10, []],
            [9, []],
            [8, []],
            [7, []],
            [15, [15]],
            [18, []],
            [25, []],
            [24, []],
            [23, []],
            [22, []],
            [21, []],
            [30, [30, 40]],
            [40, []],
            [39, [39, 38, 41, 32]],
            [38, []],
            [41, []],
            [32, []],
            [31, [31]]
        ]
    ],
    [
        [
            [12, [12]],
            [2, [2]]
        ],
        [
            [6, [6]],
            [15, [15]]
        ],
        [
            [20, [50, 45, 46, 47, 48, 49]],
            [30, [30, 40]]
        ],
        [
            [33, [33, 34, 35, 36, 37]]
        ],
        [
            [39, [39, 38, 41, 32]]
        ],
        [
            [5, [44, 43, 42]],
            [31, [31]]
        ]
    ]
]",1187.32,"[
    [
        [
            [0, [4, 3, 13, 11, 1, 19, 17, 16, 20, 14, 5, 29, 28, 27, 26]],
            [2, [2]],
            [6, [6]],
            [4, []],
            [3, []],
            [13, []],
            [11, []],
            [1, []],
            [19, []],
            [17, []],
            [16, []],
            [20, [50, 45, 46, 47, 48, 49]],
            [14, []],
            [33, [33, 34, 35, 36, 37]],
            [34, []],
            [35, []],
            [36, []],
            [37, []],
            [50, []],
            [45, []],
            [46, []],
            [47, []],
            [5, [44, 43, 42]],
            [48, []],
            [49, []],
            [44, []],
            [43, []],
            [42, []],
            [29, []],
            [28, []],
            [27, []],
            [26, []]
        ],
        [
            [0, [10, 9, 8, 7, 18, 25, 24, 23, 22, 21]],
            [12, [12]],
            [10, []],
            [9, []],
            [8, []],
            [7, []],
            [15, [15]],
            [18, []],
            [25, []],
            [24, []],
            [23, []],
            [22, []],
            [21, []],
            [30, [30, 40]],
            [40, []],
            [39, [39, 38, 41, 32]],
            [38, []],
            [41, []],
            [32, []],
            [31, [31]]
        ]
    ],
    [
        [
            [12, [12]],
            [2, [2]]
        ],
        [
            [6, [6]],
            [15, [15]]
        ],
        [
            [20, [50, 45, 46, 47, 48, 49]],
            [30, [30, 40]]
        ],
        [
            [33, [33, 34, 35, 36, 37]]
        ],
        [
            [39, [39, 38, 41, 32]]
        ],
        [
            [5, [44, 43, 42]],
            [31, [31]]
        ]
    ]
]",683.9884346722419,4,6,4.166666666666667,683.9884346722419,4,6,4.166666666666667,results/sol_best_C201_2.dat_A8_L90_pid2723.txt,results/sol_best_multi_C201_2.dat_A8_L90_pid2723.txt,C201_2.dat_A8_L90_r1.log
65,test_data/data_demand_random_50_batch_all1_equal_cluster/C201_2.dat,8.0,90.0,2,1124.62,"[
    [
        [
            [0, [6, 4, 3, 1, 14, 17, 16, 20, 19, 33, 34, 35, 36, 37, 29, 28, 27, 26, 11]],
            [18, [18]],
            [6, [44, 43, 42]],
            [4, []],
            [3, []],
            [1, []],
            [14, []],
            [17, []],
            [16, []],
            [20, [50, 45, 46, 47, 48, 49]],
            [19, []],
            [33, []],
            [34, []],
            [35, []],
            [36, []],
            [37, []],
            [50, []],
            [45, []],
            [46, []],
            [47, []],
            [48, []],
            [49, []],
            [44, []],
            [43, []],
            [42, []],
            [29, []],
            [28, []],
            [27, []],
            [26, []],
            [11, []]
        ],
        [
            [0, [2, 10, 9, 8, 7, 5, 25, 24, 23, 22, 12]],
            [2, []],
            [10, []],
            [9, []],
            [8, []],
            [7, []],
            [15, [15]],
            [5, []],
            [25, []],
            [24, []],
            [23, []],
            [22, []],
            [21, [21]],
            [30, [30]],
            [12, [32, 31, 40, 41]],
            [13, [39, 38, 13]],
            [40, []],
            [39, []],
            [38, []],
            [41, []],
            [32, []],
            [31, []]
        ]
    ],
    [
        [
            [15, [15]],
            [18, [18]]
        ],
        [
            [6, [44, 43, 42]],
            [21, [21]]
        ],
        [
            [20, [50, 45, 46, 47, 48, 49]],
            [30, [30]]
        ],
        [
            [12, [32, 31, 40, 41]]
        ],
        [
            [13, [39, 38, 13]]
        ]
    ]
]",1124.615528128088,"[
    [
        [
            [0, [6, 4, 3, 1, 14, 17, 16, 20, 19, 33, 34, 35, 36, 37, 29, 28, 27, 26, 11]],
            [6, [44, 43, 42]],
            [4, []],
            [3, []],
            [1, []],
            [14, []],
            [17, []],
            [16, []],
            [20, [50, 45, 46, 47, 48, 49]],
            [19, []],
            [33, []],
            [34, []],
            [35, []],
            [36, []],
            [37, []],
            [50, []],
            [45, []],
            [46, []],
            [47, []],
            [48, []],
            [49, []],
            [44, []],
            [43, []],
            [42, []],
            [29, []],
            [28, []],
            [27, []],
            [26, []],
            [11, []]
        ],
        [
            [0, [2, 10, 9, 8, 7, 18, 15, 5, 12, 13]],
            [2, []],
            [10, []],
            [9, []],
            [8, []],
            [7, []],
            [18, []],
            [15, []],
            [5, []],
            [25, [25, 24, 23, 22, 21]],
            [24, []],
            [23, []],
            [22, []],
            [21, []],
            [30, [30]],
            [12, [32, 31, 40, 41]],
            [13, [39, 38]],
            [40, []],
            [39, []],
            [38, []],
            [41, []],
            [32, []],
            [31, []]
        ]
    ],
    [
        [
            [6, [44, 43, 42]],
            [25, [25, 24, 23, 22, 21]]
        ],
        [
            [20, [50, 45, 46, 47, 48, 49]],
            [30, [30]]
        ],
        [
            [12, [32, 31, 40, 41]]
        ],
        [
            [13, [39, 38]]
        ]
    ]
]",652.1568028107109,3,5,4.0,658.5286062232614,2,4,5.25,results/sol_best_C201_2.dat_A8_L90_pid2724.txt,results/sol_best_multi_C201_2.dat_A8_L90_pid2724.txt,C201_2.dat_A8_L90_r2.log
66,test_data/data_demand_random_50_batch_all1_equal_cluster/C201_2.dat,8.0,120.0,1,1090.32,"[
    [
        [
            [0, [3, 1, 14, 17, 16, 20, 19, 21, 29, 28, 27, 26]],
            [3, []],
            [1, []],
            [14, [31, 34, 35, 36, 37]],
            [17, []],
            [32, [32]],
            [31, []],
            [16, []],
            [20, [50, 46, 47, 48, 49, 33]],
            [19, []],
            [33, []],
            [34, []],
            [35, []],
            [36, []],
            [37, [44, 43, 42]],
            [50, []],
            [21, []],
            [46, []],
            [47, []],
            [48, []],
            [49, []],
            [44, []],
            [43, []],
            [42, []],
            [29, []],
            [28, []],
            [27, []],
            [26, []]
        ],
        [
            [0, [5, 4, 6, 2, 13, 11, 10, 9, 8, 7, 18]],
            [5, []],
            [4, []],
            [6, []],
            [2, []],
            [13, []],
            [11, []],
            [10, []],
            [9, []],
            [8, []],
            [7, []],
            [15, [15]],
            [18, [30, 22, 25, 24, 23]],
            [22, []],
            [25, []],
            [24, []],
            [23, []],
            [45, [45]],
            [30, []],
            [12, [12]],
            [40, [40, 39, 38, 41]],
            [39, []],
            [38, []],
            [41, []]
        ]
    ],
    [
        [
            [14, [31, 34, 35, 36, 37]],
            [15, [15]]
        ],
        [
            [18, [30, 22, 25, 24, 23]],
            [32, [32]]
        ],
        [
            [20, [50, 46, 47, 48, 49, 33]],
            [45, [45]]
        ],
        [
            [37, [44, 43, 42]],
            [12, [12]]
        ],
        [
            [40, [40, 39, 38, 41]]
        ]
    ]
]",1090.32,"[
    [
        [
            [0, [3, 1, 14, 17, 16, 20, 19, 21, 29, 28, 27, 26]],
            [3, []],
            [1, []],
            [14, [31, 34, 35, 36, 37]],
            [17, []],
            [32, [32]],
            [31, []],
            [16, []],
            [20, [50, 46, 47, 48, 49, 33]],
            [19, []],
            [33, []],
            [34, []],
            [35, []],
            [36, []],
            [37, [44, 43, 42]],
            [50, []],
            [21, []],
            [46, []],
            [47, []],
            [48, []],
            [49, []],
            [44, []],
            [43, []],
            [42, []],
            [29, []],
            [28, []],
            [27, []],
            [26, []]
        ],
        [
            [0, [5, 4, 6, 2, 13, 11, 10, 9, 8, 7, 18]],
            [5, []],
            [4, []],
            [6, []],
            [2, []],
            [13, []],
            [11, []],
            [10, []],
            [9, []],
            [8, []],
            [7, []],
            [15, [15]],
            [18, [30, 22, 25, 24, 23]],
            [22, []],
            [25, []],
            [24, []],
            [23, []],
            [45, [45]],
            [30, []],
            [12, [12]],
            [40, [40, 39, 38, 41]],
            [39, []],
            [38, []],
            [41, []]
        ]
    ],
    [
        [
            [14, [31, 34, 35, 36, 37]],
            [15, [15]]
        ],
        [
            [18, [30, 22, 25, 24, 23]],
            [32, [32]]
        ],
        [
            [20, [50, 46, 47, 48, 49, 33]],
            [45, [45]]
        ],
        [
            [37, [44, 43, 42]],
            [12, [12]]
        ],
        [
            [40, [40, 39, 38, 41]]
        ]
    ]
]",636.5975893551752,4,5,5.4,636.5975893551752,4,5,5.4,results/sol_best_C201_2.dat_A8_L120_pid2734.txt,results/sol_best_multi_C201_2.dat_A8_L120_pid2734.txt,C201_2.dat_A8_L120_r1.log
66,test_data/data_demand_random_50_batch_all1_equal_cluster/C201_2.dat,8.0,120.0,2,1088.39,"[
    [
        [
            [0, [5, 6, 4, 3, 1, 20, 17, 16, 18, 19, 33, 34, 35, 36, 37, 26]],
            [5, []],
            [6, []],
            [4, []],
            [3, []],
            [1, []],
            [20, []],
            [17, []],
            [16, []],
            [18, [50, 45, 46, 47, 48, 49]],
            [19, []],
            [33, []],
            [34, []],
            [35, []],
            [36, []],
            [37, []],
            [50, []],
            [45, []],
            [46, [44, 43, 42]],
            [47, [27]],
            [48, []],
            [49, []],
            [44, []],
            [43, []],
            [42, []],
            [29, [29]],
            [28, [28]],
            [27, []],
            [26, []]
        ],
        [
            [0, [11, 12, 10, 9, 8, 13, 2, 25, 24, 23, 22, 21, 15, 14, 7]],
            [30, [30]],
            [11, []],
            [12, []],
            [10, []],
            [9, []],
            [8, []],
            [13, []],
            [2, []],
            [25, []],
            [24, []],
            [23, []],
            [22, []],
            [21, []],
            [15, []],
            [14, []],
            [7, []],
            [38, [38]],
            [40, [40, 39, 41, 31, 32]],
            [39, []],
            [41, []],
            [32, []],
            [31, []]
        ]
    ],
    [
        [
            [30, [30]]
        ],
        [
            [18, [50, 45, 46, 47, 48, 49]]
        ],
        [
            [38, [38]],
            [46, [44, 43, 42]]
        ],
        [
            [40, [40, 39, 41, 31, 32]],
            [47, [27]]
        ],
        [
            [29, [29]]
        ],
        [
            [28, [28]]
        ]
    ]
]",1088.388269481403,"[
    [
        [
            [0, [5, 6, 4, 3, 1, 20, 17, 16, 18, 19, 33, 34, 35, 36, 37, 26]],
            [5, []],
            [6, []],
            [4, []],
            [3, []],
            [1, []],
            [20, []],
            [17, []],
            [16, []],
            [18, [50, 45, 46, 47, 48, 49]],
            [19, []],
            [33, []],
            [34, []],
            [35, []],
            [36, []],
            [37, []],
            [50, []],
            [45, []],
            [46, [44, 43, 42]],
            [47, [27]],
            [48, []],
            [49, []],
            [44, []],
            [43, []],
            [42, []],
            [29, [29]],
            [28, [28]],
            [27, []],
            [26, []]
        ],
        [
            [0, [11, 12, 10, 9, 8, 13, 2, 25, 24, 23, 22, 21, 15, 14, 7]],
            [30, [30]],
            [11, []],
            [12, []],
            [10, []],
            [9, []],
            [8, []],
            [13, []],
            [2, []],
            [25, []],
            [24, []],
            [23, []],
            [22, []],
            [21, []],
            [15, []],
            [14, []],
            [7, []],
            [38, [38]],
            [40, [40, 39, 41, 31, 32]],
            [39, []],
            [41, []],
            [32, []],
            [31, []]
        ]
    ],
    [
        [
            [30, [30]]
        ],
        [
            [18, [50, 45, 46, 47, 48, 49]]
        ],
        [
            [38, [38]],
            [46, [44, 43, 42]]
        ],
        [
            [40, [40, 39, 41, 31, 32]],
            [47, [27]]
        ],
        [
            [29, [29]]
        ],
        [
            [28, [28]]
        ]
    ]
]",775.1849538324741,2,6,3.1666666666666665,775.1849538324741,2,6,3.1666666666666665,results/sol_best_C201_2.dat_A8_L120_pid2735.txt,results/sol_best_multi_C201_2.dat_A8_L120_pid2735.txt,C201_2.dat_A8_L120_r2.log
67,test_data/data_demand_random_50_batch_all1_equal_cluster/C201_3.dat,4.0,60.0,1,1216.0,"[
    [
        [
            [0, [3, 5, 22, 4, 2, 15, 14, 16, 17, 18, 19, 20, 27, 26, 24, 33, 32, 30, 29, 31, 28, 7, 8, 11, 13]],
            [3, []],
            [5, []],
            [22, []],
            [4, []],
            [2, []],
            [15, []],
            [14, []],
            [16, []],
            [17, []],
            [18, [36, 37, 38, 39]],
            [36, []],
            [37, []],
            [38, []],
            [39, []],
            [19, []],
            [20, []],
            [27, []],
            [26, []],
            [24, []],
            [33, []],
            [32, []],
            [30, []],
            [29, []],
            [31, []],
            [28, []],
            [7, []],
            [8, []],
            [11, []],
            [13, [48, 49, 47]],
            [47, []],
            [48, []],
            [49, []]
        ],
        [
            [0, [1, 40, 41, 44, 43, 45, 42, 21, 23, 25, 35, 46, 12, 10, 9, 6]],
            [1, []],
            [40, []],
            [41, []],
            [44, []],
            [43, []],
            [45, []],
            [42, []],
            [21, [50, 34]],
            [23, []],
            [25, []],
            [35, []],
            [50, []],
            [46, []],
            [34, []],
            [12, []],
            [10, []],
            [9, []],
            [6, []]
        ]
    ],
    [
        [
            [18, [36, 37, 38, 39]]
        ],
        [
            [13, [48, 49, 47]]
        ],
        [
            [21, [50, 34]]
        ]
    ]
]",,,925.9752851241237,0,3,3.0,,,,,results/sol_best_C201_3.dat_A4_L60_pid2744.txt,(not found),C201_3.dat_A4_L60_r1.log
67,test_data/data_demand_random_50_batch_all1_equal_cluster/C201_3.dat,4.0,60.0,2,1372.0,"[
    [
        [
            [0, [3, 5, 4, 2, 10, 8, 9, 13, 7, 14, 19, 18, 17, 16, 21, 27, 22, 25, 30, 29, 28, 6]],
            [3, []],
            [5, []],
            [4, []],
            [2, []],
            [10, []],
            [8, []],
            [9, []],
            [13, []],
            [7, [36, 37, 38, 39]],
            [14, []],
            [19, []],
            [39, []],
            [38, []],
            [36, []],
            [37, []],
            [18, []],
            [17, []],
            [16, []],
            [21, []],
            [27, []],
            [22, []],
            [25, []],
            [30, []],
            [29, []],
            [28, [49]],
            [6, []],
            [49, []]
        ],
        [
            [0, [1, 15, 20, 42, 40, 41, 44, 43, 45, 26, 23, 24, 32, 33, 35, 50, 46, 34, 31, 12, 11, 47, 48]],
            [1, []],
            [15, []],
            [20, []],
            [42, []],
            [40, []],
            [41, []],
            [44, []],
            [43, []],
            [45, []],
            [26, []],
            [23, []],
            [24, []],
            [32, []],
            [33, []],
            [35, []],
            [50, []],
            [46, []],
            [34, []],
            [31, []],
            [12, []],
            [11, []],
            [47, []],
            [48, []]
        ]
    ],
    [
        [
            [7, [36, 37, 38, 39]]
        ],
        [
            [28, [49]]
        ]
    ]
]",,,917.925583319297,0,2,2.5,,,,,results/sol_best_C201_3.dat_A4_L60_pid2745.txt,(not found),C201_3.dat_A4_L60_r2.log
68,test_data/data_demand_random_50_batch_all1_equal_cluster/C201_3.dat,4.0,90.0,1,1440.12,"[
    [
        [
            [0, [10, 13, 8, 7, 3, 5, 4, 19, 14]],
            [2, [2]],
            [11, [11]],
            [10, []],
            [13, [27, 26, 23, 22]],
            [8, []],
            [7, []],
            [34, [34]],
            [3, [12]],
            [5, []],
            [4, [41, 40, 39, 38]],
            [27, []],
            [26, []],
            [23, []],
            [22, []],
            [12, []],
            [32, [32, 30, 29, 28]],
            [28, []],
            [41, []],
            [40, []],
            [39, []],
            [38, []],
            [19, []],
            [14, []],
            [30, [50, 46]],
            [29, []],
            [50, []],
            [46, []]
        ],
        [
            [0, [15, 18, 17, 16, 21, 1, 6]],
            [9, [9]],
            [15, []],
            [18, []],
            [20, [20, 25, 24]],
            [17, []],
            [16, []],
            [21, []],
            [24, []],
            [25, []],
            [35, [35, 33, 31]],
            [33, []],
            [1, []],
            [6, []],
            [31, []],
            [45, [45, 36, 37]],
            [44, [44, 43, 42, 47]],
            [43, []],
            [42, []],
            [36, []],
            [37, []],
            [47, []],
            [48, [48, 49]],
            [49, []]
        ]
    ],
    [
        [
            [9, [9]],
            [2, [2]]
        ],
        [
            [11, [11]],
            [20, [20, 25, 24]]
        ],
        [
            [13, [27, 26, 23, 22]]
        ],
        [
            [34, [34]]
        ],
        [
            [3, [12]],
            [35, [35, 33, 31]]
        ],
        [
            [4, [41, 40, 39, 38]]
        ],
        [
            [32, [32, 30, 29, 28]]
        ],
        [
            [45, [45, 36, 37]]
        ],
        [
            [44, [44, 43, 42, 47]]
        ],
        [
            [30, [50, 46]]
        ],
        [
            [48, [48, 49]]
        ]
    ]
]",1440.117242768624,"[
    [
        [
            [0, [10, 13, 8, 7, 3, 5, 4, 19, 14]],
            [2, [2]],
            [11, [11]],
            [10, []],
            [13, [27, 26, 23, 22]],
            [8, []],
            [7, []],
            [34, [34]],
            [3, [12]],
            [5, []],
            [4, [41, 40, 39, 38]],
            [27, []],
            [26, []],
            [23, []],
            [22, []],
            [12, []],
            [32, [32, 30, 29, 28]],
            [28, []],
            [41, []],
            [40, []],
            [39, []],
            [38, []],
            [19, []],
            [14, []],
            [30, [50, 46]],
            [29, []],
            [50, []],
            [46, []]
        ],
        [
            [0, [15, 18, 17, 16, 21, 1, 6]],
            [9, [9]],
            [15, []],
            [18, []],
            [20, [20, 25, 24]],
            [17, []],
            [16, []],
            [21, []],
            [24, []],
            [25, []],
            [35, [35, 33, 31]],
            [33, []],
            [1, []],
            [6, []],
            [31, []],
            [45, [45, 36, 37]],
            [44, [44, 43, 42, 47]],
            [43, []],
            [42, []],
            [36, []],
            [37, []],
            [47, []],
            [48, [48, 49]],
            [49, []]
        ]
    ],
    [
        [
            [9, [9]],
            [2, [2]]
        ],
        [
            [11, [11]],
            [20, [20, 25, 24]]
        ],
        [
            [13, [27, 26, 23, 22]]
        ],
        [
            [34, [34]]
        ],
        [
            [3, [12]],
            [35, [35, 33, 31]]
        ],
        [
            [4, [41, 40, 39, 38]]
        ],
        [
            [32, [32, 30, 29, 28]]
        ],
        [
            [45, [45, 36, 37]]
        ],
        [
            [44, [44, 43, 42, 47]]
        ],
        [
            [30, [50, 46]]
        ],
        [
            [48, [48, 49]]
        ]
    ]
]",719.9474742607545,3,11,3.090909090909091,719.9474742607545,3,11,3.090909090909091,results/sol_best_C201_3.dat_A4_L90_pid2729.txt,results/sol_best_multi_C201_3.dat_A4_L90_pid2729.txt,C201_3.dat_A4_L90_r1.log
68,test_data/data_demand_random_50_batch_all1_equal_cluster/C201_3.dat,4.0,90.0,2,1230.81,"[
    [
        [
            [0, [5, 3, 1, 2, 12, 10, 13, 7, 11, 6, 4]],
            [5, []],
            [3, []],
            [1, []],
            [2, []],
            [12, [17, 16, 14]],
            [10, []],
            [13, []],
            [7, []],
            [11, []],
            [6, []],
            [25, [26, 23, 18, 25]],
            [22, [22]],
            [18, [28, 35, 30, 29]],
            [19, [19]],
            [17, []],
            [16, []],
            [14, []],
            [15, [27, 15, 21]],
            [21, []],
            [27, []],
            [26, []],
            [23, []],
            [4, [41, 40, 39, 38]],
            [28, []],
            [29, []],
            [30, []],
            [46, [46]],
            [35, []],
            [41, []],
            [40, []],
            [39, []],
            [38, []]
        ],
        [
            [0, [8, 9, 24]],
            [8, []],
            [9, []],
            [20, [20]],
            [37, [37]],
            [36, [36]],
            [42, [44, 43, 42, 45]],
            [43, []],
            [44, []],
            [45, []],
            [24, [33, 32, 34, 31]],
            [33, []],
            [32, []],
            [50, [48, 49, 50, 47]],
            [34, []],
            [31, []],
            [47, []],
            [48, []],
            [49, []]
        ]
    ],
    [
        [
            [12, [17, 16, 14]]
        ],
        [
            [25, [26, 23, 18, 25]]
        ],
        [
            [22, [22]]
        ],
        [
            [18, [28, 35, 30, 29]]
        ],
        [
            [20, [20]],
            [19, [19]]
        ],
        [
            [37, [37]]
        ],
        [
            [15, [27, 15, 21]],
            [36, [36]]
        ],
        [
            [4, [41, 40, 39, 38]]
        ],
        [
            [42, [44, 43, 42, 45]]
        ],
        [
            [46, [46]]
        ],
        [
            [24, [33, 32, 34, 31]]
        ],
        [
            [50, [48, 49, 50, 47]]
        ]
    ]
]",1230.805843601499,"[
    [
        [
            [0, [5, 3, 1, 2, 12, 10, 13, 7, 11, 6, 4]],
            [5, []],
            [3, []],
            [1, []],
            [2, []],
            [12, [17, 16, 14]],
            [10, []],
            [13, []],
            [7, []],
            [11, []],
            [6, []],
            [25, [26, 23, 18, 25]],
            [22, [22]],
            [18, [28, 35, 30, 29]],
            [19, [19]],
            [17, []],
            [16, []],
            [14, []],
            [15, [27, 15, 21]],
            [21, []],
            [27, []],
            [26, []],
            [23, []],
            [4, [41, 40, 39, 38]],
            [28, []],
            [29, []],
            [30, []],
            [46, [46]],
            [35, []],
            [41, []],
            [40, []],
            [39, []],
            [38, []]
        ],
        [
            [0, [8, 9, 24]],
            [8, []],
            [9, []],
            [20, [20]],
            [37, [37]],
            [36, [36]],
            [42, [44, 43, 42, 45]],
            [43, []],
            [44, []],
            [45, []],
            [24, [33, 32, 34, 31]],
            [33, []],
            [32, []],
            [50, [48, 49, 50, 47]],
            [34, []],
            [31, []],
            [47, []],
            [48, []],
            [49, []]
        ]
    ],
    [
        [
            [12, [17, 16, 14]]
        ],
        [
            [25, [26, 23, 18, 25]]
        ],
        [
            [22, [22]]
        ],
        [
            [18, [28, 35, 30, 29]]
        ],
        [
            [20, [20]],
            [19, [19]]
        ],
        [
            [37, [37]]
        ],
        [
            [15, [27, 15, 21]],
            [36, [36]]
        ],
        [
            [4, [41, 40, 39, 38]]
        ],
        [
            [42, [44, 43, 42, 45]]
        ],
        [
            [46, [46]]
        ],
        [
            [24, [33, 32, 34, 31]]
        ],
        [
            [50, [48, 49, 50, 47]]
        ]
    ]
]",656.203412889551,2,12,3.0,656.203412889551,2,12,3.0,results/sol_best_C201_3.dat_A4_L90_pid2730.txt,results/sol_best_multi_C201_3.dat_A4_L90_pid2730.txt,C201_3.dat_A4_L90_r2.log
69,test_data/data_demand_random_50_batch_all1_equal_cluster/C201_3.dat,4.0,120.0,1,1448.8,"[
    [
        [
            [0, [4, 1, 10, 13, 8, 7, 6, 2, 27, 26, 23, 35, 33, 32, 30, 29, 28, 14, 16, 17]],
            [15, [15]],
            [22, [22, 21]],
            [21, []],
            [4, []],
            [3, [3]],
            [1, []],
            [10, []],
            [13, []],
            [8, []],
            [7, []],
            [6, [38, 39, 40, 41]],
            [2, []],
            [38, []],
            [39, []],
            [40, []],
            [41, []],
            [27, []],
            [26, []],
            [23, []],
            [50, [50]],
            [35, []],
            [33, []],
            [32, []],
            [30, []],
            [29, []],
            [28, []],
            [14, []],
            [16, []],
            [17, []]
        ],
        [
            [0, [20, 12, 11, 9, 18, 24, 25, 34, 31]],
            [5, [5]],
            [19, [19]],
            [20, [36, 37]],
            [12, [45, 44, 43, 42]],
            [11, []],
            [9, []],
            [18, []],
            [36, []],
            [37, []],
            [42, []],
            [43, []],
            [44, []],
            [45, []],
            [24, []],
            [25, []],
            [46, [46, 47, 48]],
            [34, []],
            [31, []],
            [47, []],
            [48, []],
            [49, [49]]
        ]
    ],
    [
        [
            [5, [5]],
            [15, [15]]
        ],
        [
            [22, [22, 21]],
            [19, [19]]
        ],
        [
            [3, [3]],
            [20, [36, 37]]
        ],
        [
            [6, [38, 39, 40, 41]]
        ],
        [
            [12, [45, 44, 43, 42]]
        ],
        [
            [46, [46, 47, 48]],
            [50, [50]]
        ],
        [
            [49, [49]]
        ]
    ]
]",1448.8,"[
    [
        [
            [0, [4, 1, 10, 13, 8, 7, 6, 2, 27, 26, 23, 35, 33, 32, 30, 29, 28, 14, 16, 17]],
            [15, [15]],
            [22, [22, 21]],
            [21, []],
            [4, []],
            [3, [3]],
            [1, []],
            [10, []],
            [13, []],
            [8, []],
            [7, []],
            [6, [38, 39, 40, 41]],
            [2, []],
            [38, []],
            [39, []],
            [40, []],
            [41, []],
            [27, []],
            [26, []],
            [23, []],
            [50, [50]],
            [35, []],
            [33, []],
            [32, []],
            [30, []],
            [29, []],
            [28, []],
            [14, []],
            [16, []],
            [17, []]
        ],
        [
            [0, [20, 12, 11, 9, 18, 24, 25, 34, 31]],
            [5, [5]],
            [19, [19]],
            [20, [36, 37]],
            [12, [45, 44, 43, 42]],
            [11, []],
            [9, []],
            [18, []],
            [36, []],
            [37, []],
            [42, []],
            [43, []],
            [44, []],
            [45, []],
            [24, []],
            [25, []],
            [46, [46, 47, 48]],
            [34, []],
            [31, []],
            [47, []],
            [48, []],
            [49, [49]]
        ]
    ],
    [
        [
            [5, [5]],
            [15, [15]]
        ],
        [
            [22, [22, 21]],
            [19, [19]]
        ],
        [
            [3, [3]],
            [20, [36, 37]]
        ],
        [
            [6, [38, 39, 40, 41]]
        ],
        [
            [12, [45, 44, 43, 42]]
        ],
        [
            [46, [46, 47, 48]],
            [50, [50]]
        ],
        [
            [49, [49]]
        ]
    ]
]",875.445198150257,4,7,3.0,875.445198150257,4,7,3.0,results/sol_best_C201_3.dat_A4_L120_pid2802.txt,results/sol_best_multi_C201_3.dat_A4_L120_pid2802.txt,C201_3.dat_A4_L120_r1.log
69,test_data/data_demand_random_50_batch_all1_equal_cluster/C201_3.dat,4.0,120.0,2,1586.23,"[
    [
        [
            [0, [5, 3, 1, 10, 7, 8, 13, 6, 16, 14, 18, 4, 27, 26, 23, 22, 33, 32, 30, 29, 28, 19, 17, 34]],
            [5, []],
            [3, []],
            [1, []],
            [10, []],
            [7, []],
            [8, []],
            [13, []],
            [6, []],
            [16, []],
            [14, [35]],
            [18, [41, 40, 39, 38]],
            [4, []],
            [27, []],
            [26, []],
            [23, []],
            [22, []],
            [35, []],
            [33, []],
            [32, []],
            [30, []],
            [29, []],
            [28, []],
            [41, []],
            [40, []],
            [39, []],
            [38, []],
            [19, []],
            [17, []],
            [34, []],
            [46, [46]]
        ],
        [
            [0, [2, 12, 11, 9, 15, 21, 20, 24, 25]],
            [2, []],
            [12, []],
            [11, []],
            [9, []],
            [15, []],
            [21, [36, 37, 31]],
            [20, [45, 44, 43, 42]],
            [24, []],
            [25, []],
            [50, [47, 48, 49, 50]],
            [31, []],
            [36, []],
            [37, []],
            [45, []],
            [44, []],
            [43, []],
            [42, []],
            [47, []],
            [48, []],
            [49, []]
        ]
    ],
    [
        [
            [14, [35]],
            [21, [36, 37, 31]]
        ],
        [
            [18, [41, 40, 39, 38]]
        ],
        [
            [46, [46]]
        ],
        [
            [20, [45, 44, 43, 42]]
        ],
        [
            [50, [47, 48, 49, 50]]
        ]
    ]
]",1586.23,"[
    [
        [
            [0, [5, 3, 1, 10, 7, 8, 13, 6, 16, 14, 18, 17, 27, 26, 23, 22, 33, 32, 30, 29, 28, 19, 4, 34]],
            [5, []],
            [3, []],
            [1, []],
            [10, []],
            [7, []],
            [8, []],
            [13, []],
            [6, []],
            [16, []],
            [14, [35]],
            [18, [41, 40, 39, 38]],
            [17, []],
            [27, []],
            [26, []],
            [23, []],
            [22, []],
            [35, []],
            [33, []],
            [32, []],
            [30, []],
            [29, []],
            [28, []],
            [41, []],
            [40, []],
            [39, []],
            [38, []],
            [19, []],
            [4, []],
            [34, []],
            [46, [46]]
        ],
        [
            [0, [2, 12, 11, 9, 15, 21, 20, 24, 25]],
            [2, []],
            [12, []],
            [11, []],
            [9, []],
            [15, []],
            [21, [36, 37, 31]],
            [20, [45, 44, 43, 42]],
            [24, []],
            [25, []],
            [50, [47, 48, 49, 50]],
            [31, []],
            [36, []],
            [37, []],
            [45, []],
            [44, []],
            [43, []],
            [42, []],
            [47, []],
            [48, []],
            [49, []]
        ]
    ],
    [
        [
            [14, [35]],
            [21, [36, 37, 31]]
        ],
        [
            [18, [41, 40, 39, 38]]
        ],
        [
            [46, [46]]
        ],
        [
            [20, [45, 44, 43, 42]]
        ],
        [
            [50, [47, 48, 49, 50]]
        ]
    ]
]",896.6961944434679,1,5,3.4,886.2961944434679,1,5,3.4,results/sol_best_C201_3.dat_A4_L120_pid2803.txt,results/sol_best_multi_C201_3.dat_A4_L120_pid2803.txt,C201_3.dat_A4_L120_r2.log
70,test_data/data_demand_random_50_batch_all1_equal_cluster/C201_3.dat,8.0,60.0,1,1360.0,"[
    [
        [
            [0, [1, 2, 22, 21, 16, 15, 18, 19, 17, 27, 26, 23, 24, 25, 35, 32, 30, 29, 28, 5, 4, 3, 12, 8, 9, 13, 11, 10, 7, 6]],
            [1, []],
            [2, []],
            [22, []],
            [21, []],
            [16, []],
            [15, [36, 37, 38, 39]],
            [18, []],
            [36, []],
            [37, []],
            [38, []],
            [39, []],
            [19, []],
            [17, [42]],
            [42, []],
            [27, []],
            [26, []],
            [23, []],
            [24, []],
            [25, []],
            [35, []],
            [32, []],
            [30, []],
            [29, []],
            [28, [49]],
            [5, []],
            [4, []],
            [3, []],
            [12, []],
            [8, []],
            [9, []],
            [49, []],
            [13, []],
            [11, []],
            [10, []],
            [7, []],
            [6, []]
        ],
        [
            [0, [14, 20, 40, 41, 44, 43, 45, 33, 46, 50, 34, 31, 47, 48]],
            [14, []],
            [20, []],
            [40, []],
            [41, []],
            [44, []],
            [43, []],
            [45, []],
            [33, []],
            [46, []],
            [50, []],
            [34, []],
            [31, []],
            [47, []],
            [48, []]
        ]
    ],
    [
        [
            [15, [36, 37, 38, 39]]
        ],
        [
            [17, [42]]
        ],
        [
            [28, [49]]
        ]
    ]
]",,,858.5356692584754,0,3,2.0,,,,,results/sol_best_C201_3.dat_A8_L60_pid2862.txt,(not found),C201_3.dat_A8_L60_r1.log
70,test_data/data_demand_random_50_batch_all1_equal_cluster/C201_3.dat,8.0,60.0,2,1352.0,"[
    [
        [
            [0, [32, 35, 33, 25, 30, 29, 28, 5, 22, 4, 3, 1, 15, 14, 21, 27, 26, 17, 16, 18, 19, 13, 8, 10, 7, 6]],
            [32, []],
            [35, []],
            [33, []],
            [25, []],
            [30, []],
            [29, []],
            [28, []],
            [5, []],
            [22, []],
            [4, []],
            [3, []],
            [1, []],
            [15, []],
            [14, []],
            [21, [42]],
            [27, []],
            [26, []],
            [42, []],
            [17, []],
            [16, []],
            [18, []],
            [19, [48, 49, 39, 38, 37, 36]],
            [39, []],
            [38, []],
            [37, []],
            [36, []],
            [49, []],
            [48, []],
            [13, []],
            [8, []],
            [10, []],
            [7, []],
            [6, []]
        ],
        [
            [0, [2, 20, 40, 41, 44, 43, 45, 23, 24, 50, 46, 34, 31, 12, 11, 47, 9]],
            [2, []],
            [20, []],
            [40, []],
            [41, []],
            [44, []],
            [43, []],
            [45, []],
            [23, []],
            [24, []],
            [50, []],
            [46, []],
            [34, []],
            [31, []],
            [12, []],
            [11, []],
            [47, []],
            [9, []]
        ]
    ],
    [
        [
            [21, [42]]
        ],
        [
            [19, [48, 49, 39, 38, 37, 36]]
        ]
    ]
]",,,924.3493586428365,0,2,3.5,,,,,results/sol_best_C201_3.dat_A8_L60_pid2863.txt,(not found),C201_3.dat_A8_L60_r2.log
71,test_data/data_demand_random_50_batch_all1_equal_cluster/C201_3.dat,8.0,90.0,1,1243.61,"[
    [
        [
            [0, [19, 18, 16, 4, 5, 6, 7, 10, 22, 23, 26, 27, 14, 3]],
            [19, []],
            [18, []],
            [16, []],
            [4, []],
            [5, [31, 35, 33, 32, 30, 29, 28]],
            [6, []],
            [7, []],
            [10, []],
            [31, []],
            [29, []],
            [30, []],
            [32, []],
            [33, []],
            [35, []],
            [22, []],
            [23, []],
            [26, []],
            [27, []],
            [44, [44, 41]],
            [41, []],
            [40, [46, 40, 39, 38]],
            [39, []],
            [38, []],
            [14, []],
            [3, []],
            [28, []],
            [46, []]
        ],
        [
            [0, [2, 12, 11, 9, 15, 8, 13, 21, 20, 1]],
            [2, []],
            [12, []],
            [11, []],
            [9, []],
            [15, []],
            [8, []],
            [13, []],
            [17, [17]],
            [36, [36, 37]],
            [37, []],
            [21, [24, 25]],
            [20, []],
            [42, [43, 42, 45]],
            [43, []],
            [45, []],
            [24, []],
            [25, []],
            [50, [47, 48, 49, 50, 34]],
            [34, []],
            [49, []],
            [48, []],
            [47, []],
            [1, []]
        ]
    ],
    [
        [
            [5, [31, 35, 33, 32, 30, 29, 28]],
            [17, [17]]
        ],
        [
            [36, [36, 37]]
        ],
        [
            [21, [24, 25]]
        ],
        [
            [42, [43, 42, 45]],
            [44, [44, 41]]
        ],
        [
            [40, [46, 40, 39, 38]]
        ],
        [
            [50, [47, 48, 49, 50, 34]]
        ]
    ]
]",1243.61,"[
    [
        [
            [0, [19, 18, 16, 4, 5, 6, 7, 10, 22, 23, 26, 27, 14, 3]],
            [19, []],
            [18, []],
            [16, []],
            [4, []],
            [5, [31, 35, 33, 32, 30, 29, 28]],
            [6, []],
            [7, []],
            [10, []],
            [31, []],
            [29, []],
            [30, []],
            [32, []],
            [33, []],
            [35, []],
            [22, []],
            [23, []],
            [26, []],
            [27, []],
            [44, [44, 41]],
            [41, []],
            [40, [46, 40, 39, 38]],
            [39, []],
            [38, []],
            [14, []],
            [3, []],
            [28, []],
            [46, []]
        ],
        [
            [0, [2, 12, 11, 9, 15, 8, 13, 21, 20, 1]],
            [2, []],
            [12, []],
            [11, []],
            [9, []],
            [15, []],
            [8, []],
            [13, []],
            [17, [17]],
            [36, [36, 37]],
            [37, []],
            [21, [24, 25]],
            [20, []],
            [42, [43, 42, 45]],
            [43, []],
            [45, []],
            [24, []],
            [25, []],
            [50, [47, 48, 49, 50, 34]],
            [34, []],
            [49, []],
            [48, []],
            [47, []],
            [1, []]
        ]
    ],
    [
        [
            [5, [31, 35, 33, 32, 30, 29, 28]],
            [17, [17]]
        ],
        [
            [36, [36, 37]]
        ],
        [
            [21, [24, 25]]
        ],
        [
            [42, [43, 42, 45]],
            [44, [44, 41]]
        ],
        [
            [40, [46, 40, 39, 38]]
        ],
        [
            [50, [47, 48, 49, 50, 34]]
        ]
    ]
]",790.8272965564489,2,6,4.333333333333333,790.8272965564489,2,6,4.333333333333333,results/sol_best_C201_3.dat_A8_L90_pid2699.txt,results/sol_best_multi_C201_3.dat_A8_L90_pid2699.txt,C201_3.dat_A8_L90_r1.log
71,test_data/data_demand_random_50_batch_all1_equal_cluster/C201_3.dat,8.0,90.0,2,1398.77,"[
    [
        [
            [0, [5, 4, 3, 1, 10, 13, 8, 7, 6, 16, 2, 18, 14, 21, 19, 17]],
            [5, []],
            [4, [27, 24, 26, 23]],
            [3, []],
            [1, []],
            [10, []],
            [13, []],
            [8, []],
            [7, []],
            [6, [31, 35, 33, 30, 29, 28]],
            [16, []],
            [2, []],
            [18, [41, 40, 39, 38]],
            [14, []],
            [27, []],
            [21, []],
            [24, []],
            [26, []],
            [23, []],
            [28, [45, 46, 50]],
            [31, []],
            [46, []],
            [35, []],
            [33, []],
            [50, []],
            [30, []],
            [29, []],
            [45, []],
            [41, []],
            [40, []],
            [39, []],
            [38, []],
            [19, []],
            [17, []]
        ],
        [
            [0, [12, 11, 9, 15]],
            [12, []],
            [20, [20]],
            [11, []],
            [9, []],
            [34, [34, 25, 22]],
            [25, []],
            [22, []],
            [32, [32, 36]],
            [15, []],
            [36, []],
            [37, [44, 43, 42, 37, 47, 48, 49]],
            [44, []],
            [43, []],
            [42, []],
            [47, []],
            [48, []],
            [49, []]
        ]
    ],
    [
        [
            [4, [27, 24, 26, 23]],
            [20, [20]]
        ],
        [
            [6, [31, 35, 33, 30, 29, 28]]
        ],
        [
            [34, [34, 25, 22]]
        ],
        [
            [18, [41, 40, 39, 38]],
            [32, [32, 36]]
        ],
        [
            [28, [45, 46, 50]]
        ],
        [
            [37, [44, 43, 42, 37, 47, 48, 49]]
        ]
    ]
]",1398.77,"[
    [
        [
            [0, [5, 4, 3, 1, 10, 13, 8, 7, 6, 16, 2, 18, 14, 21, 19, 17]],
            [5, []],
            [4, [27, 24, 26, 23]],
            [3, []],
            [1, []],
            [10, []],
            [13, []],
            [8, []],
            [7, []],
            [6, [31, 35, 33, 30, 29, 28]],
            [16, []],
            [2, []],
            [18, [41, 40, 39, 38]],
            [14, []],
            [27, []],
            [21, []],
            [24, []],
            [26, []],
            [23, []],
            [28, [45, 46, 50]],
            [31, []],
            [46, []],
            [35, []],
            [33, []],
            [50, []],
            [30, []],
            [29, []],
            [45, []],
            [41, []],
            [40, []],
            [39, []],
            [38, []],
            [19, []],
            [17, []]
        ],
        [
            [0, [12, 11, 9, 15]],
            [12, []],
            [20, [20]],
            [11, []],
            [9, []],
            [34, [34, 25, 22]],
            [25, []],
            [22, []],
            [32, [32, 36]],
            [15, []],
            [36, []],
            [37, [44, 43, 42, 37, 47, 48, 49]],
            [44, []],
            [43, []],
            [42, []],
            [47, []],
            [48, []],
            [49, []]
        ]
    ],
    [
        [
            [4, [27, 24, 26, 23]],
            [20, [20]]
        ],
        [
            [6, [31, 35, 33, 30, 29, 28]]
        ],
        [
            [34, [34, 25, 22]]
        ],
        [
            [18, [41, 40, 39, 38]],
            [32, [32, 36]]
        ],
        [
            [28, [45, 46, 50]]
        ],
        [
            [37, [44, 43, 42, 37, 47, 48, 49]]
        ]
    ]
]",659.1547295322029,2,6,5.0,659.1547295322029,2,6,5.0,results/sol_best_C201_3.dat_A8_L90_pid2700.txt,results/sol_best_multi_C201_3.dat_A8_L90_pid2700.txt,C201_3.dat_A8_L90_r2.log
72,test_data/data_demand_random_50_batch_all1_equal_cluster/C201_3.dat,8.0,120.0,1,1423.8,"[
    [
        [
            [0, [14, 11, 9, 13, 1, 8, 6, 4, 3, 18]],
            [14, []],
            [11, []],
            [9, []],
            [13, [27, 26]],
            [23, [35, 33, 32, 30, 29, 28, 23]],
            [16, [16, 19, 20]],
            [19, [10]],
            [36, [36]],
            [37, [41, 40, 39, 38, 37]],
            [38, []],
            [1, []],
            [10, []],
            [8, []],
            [7, [7]],
            [6, []],
            [20, []],
            [27, []],
            [26, []],
            [35, []],
            [33, []],
            [32, []],
            [30, []],
            [29, []],
            [28, []],
            [4, []],
            [3, []],
            [41, []],
            [40, []],
            [39, []],
            [18, []]
        ],
        [
            [0, [5, 22, 2, 12, 15, 24, 25, 31]],
            [5, []],
            [22, [34]],
            [21, [21]],
            [2, []],
            [17, [17]],
            [12, [45, 44, 43, 42]],
            [15, []],
            [24, []],
            [25, []],
            [50, [47, 48, 49, 50, 46]],
            [46, []],
            [34, []],
            [31, []],
            [45, []],
            [44, []],
            [43, []],
            [42, []],
            [47, []],
            [48, []],
            [49, []]
        ]
    ],
    [
        [
            [13, [27, 26]]
        ],
        [
            [23, [35, 33, 32, 30, 29, 28, 23]]
        ],
        [
            [22, [34]],
            [16, [16, 19, 20]]
        ],
        [
            [21, [21]],
            [19, [10]]
        ],
        [
            [36, [36]],
            [17, [17]]
        ],
        [
            [37, [41, 40, 39, 38, 37]]
        ],
        [
            [12, [45, 44, 43, 42]],
            [7, [7]]
        ],
        [
            [50, [47, 48, 49, 50, 46]]
        ]
    ]
]",1423.8,"[
    [
        [
            [0, [14, 11, 9, 13, 1, 8, 6, 4, 3, 18]],
            [14, []],
            [11, []],
            [9, []],
            [13, [27, 26]],
            [23, [35, 33, 32, 30, 29, 28, 23]],
            [16, [16, 19, 20]],
            [19, [10]],
            [36, [36]],
            [37, [41, 40, 39, 38, 37]],
            [38, []],
            [1, []],
            [10, []],
            [8, []],
            [7, [7]],
            [6, []],
            [20, []],
            [27, []],
            [26, []],
            [35, []],
            [33, []],
            [32, []],
            [30, []],
            [29, []],
            [28, []],
            [4, []],
            [3, []],
            [41, []],
            [40, []],
            [39, []],
            [18, []]
        ],
        [
            [0, [5, 22, 2, 12, 15, 24, 25, 31]],
            [5, []],
            [22, [34]],
            [21, [21]],
            [2, []],
            [17, [17]],
            [12, [45, 44, 43, 42]],
            [15, []],
            [24, []],
            [25, []],
            [50, [47, 48, 49, 50, 46]],
            [46, []],
            [34, []],
            [31, []],
            [45, []],
            [44, []],
            [43, []],
            [42, []],
            [47, []],
            [48, []],
            [49, []]
        ]
    ],
    [
        [
            [13, [27, 26]]
        ],
        [
            [23, [35, 33, 32, 30, 29, 28, 23]]
        ],
        [
            [22, [34]],
            [16, [16, 19, 20]]
        ],
        [
            [21, [21]],
            [19, [10]]
        ],
        [
            [36, [36]],
            [17, [17]]
        ],
        [
            [37, [41, 40, 39, 38, 37]]
        ],
        [
            [12, [45, 44, 43, 42]],
            [7, [7]]
        ],
        [
            [50, [47, 48, 49, 50, 46]]
        ]
    ]
]",679.8348786850512,4,8,4.0,679.8348786850512,4,8,4.0,results/sol_best_C201_3.dat_A8_L120_pid2676.txt,results/sol_best_multi_C201_3.dat_A8_L120_pid2676.txt,C201_3.dat_A8_L120_r1.log
72,test_data/data_demand_random_50_batch_all1_equal_cluster/C201_3.dat,8.0,120.0,2,1398.23,"[
    [
        [
            [0, [18, 17, 15, 11, 12, 21, 19, 2, 4, 5, 3, 1, 10, 13, 8, 7, 6, 14]],
            [18, []],
            [17, []],
            [15, []],
            [11, []],
            [12, []],
            [24, [24, 27, 26, 23, 22]],
            [21, [35, 33, 32, 30, 29, 28]],
            [19, []],
            [2, []],
            [4, []],
            [5, []],
            [3, []],
            [1, []],
            [10, []],
            [13, []],
            [8, []],
            [7, []],
            [6, []],
            [14, []],
            [27, []],
            [26, []],
            [23, []],
            [35, []],
            [33, []],
            [32, []],
            [30, []],
            [29, []],
            [28, []],
            [22, [41, 40, 39, 38, 37]],
            [41, []],
            [40, []],
            [39, []],
            [38, []],
            [37, []]
        ],
        [
            [0, [16, 9, 25, 34, 31, 20]],
            [36, [36]],
            [16, []],
            [9, [45, 44, 43, 42]],
            [25, []],
            [50, [47, 48, 49, 50, 46]],
            [46, []],
            [34, []],
            [31, []],
            [45, []],
            [44, []],
            [43, []],
            [42, []],
            [20, []],
            [47, []],
            [48, []],
            [49, []]
        ]
    ],
    [
        [
            [24, [24, 27, 26, 23, 22]]
        ],
        [
            [21, [35, 33, 32, 30, 29, 28]]
        ],
        [
            [22, [41, 40, 39, 38, 37]]
        ],
        [
            [36, [36]]
        ],
        [
            [9, [45, 44, 43, 42]]
        ],
        [
            [50, [47, 48, 49, 50, 46]]
        ]
    ]
]",1398.23,"[
    [
        [
            [0, [18, 11, 12, 15, 2, 4, 5, 3, 1, 10, 13, 8, 7, 6, 14, 21, 17, 19]],
            [18, []],
            [11, []],
            [12, []],
            [15, []],
            [2, []],
            [4, []],
            [5, []],
            [3, []],
            [1, []],
            [10, []],
            [13, []],
            [8, []],
            [7, []],
            [6, []],
            [14, []],
            [36, [36]],
            [21, [35, 33, 32, 30, 29, 28, 27]],
            [27, []],
            [26, [26, 23]],
            [23, []],
            [35, []],
            [33, []],
            [32, []],
            [30, []],
            [29, []],
            [28, []],
            [22, [41, 40, 39, 38, 37, 22]],
            [41, []],
            [40, []],
            [17, []],
            [19, []],
            [39, []],
            [38, []],
            [37, []]
        ],
        [
            [0, [24, 16, 9, 25, 34, 31, 20]],
            [24, []],
            [16, []],
            [9, [45, 44, 43, 42]],
            [25, []],
            [50, [47, 48, 49, 50, 46]],
            [46, []],
            [34, []],
            [31, []],
            [45, []],
            [44, []],
            [43, []],
            [42, []],
            [20, []],
            [47, []],
            [48, []],
            [49, []]
        ]
    ],
    [
        [
            [36, [36]]
        ],
        [
            [21, [35, 33, 32, 30, 29, 28, 27]]
        ],
        [
            [9, [45, 44, 43, 42]],
            [26, [26, 23]]
        ],
        [
            [22, [41, 40, 39, 38, 37, 22]]
        ],
        [
            [50, [47, 48, 49, 50, 46]]
        ]
    ]
]",754.8999711941868,0,6,4.333333333333333,875.5795219101816,1,5,5.0,results/sol_best_C201_3.dat_A8_L120_pid2677.txt,results/sol_best_multi_C201_3.dat_A8_L120_pid2677.txt,C201_3.dat_A8_L120_r2.log
73,test_data/data_demand_random_50_batch_all1_equal_cluster/R101_0.5.dat,4.0,60.0,1,876.0,"[
    [
        [
            [0, [8, 34, 33, 32, 31, 26, 41, 28, 30, 43, 44, 45, 49, 15, 13, 14, 4, 12, 11, 24, 25, 48, 23, 22, 1]],
            [8, []],
            [34, []],
            [33, []],
            [32, []],
            [31, []],
            [26, []],
            [41, []],
            [28, []],
            [30, []],
            [43, []],
            [44, []],
            [45, []],
            [49, []],
            [15, []],
            [13, []],
            [14, []],
            [4, []],
            [12, []],
            [11, []],
            [24, []],
            [25, []],
            [48, []],
            [23, []],
            [22, []],
            [1, []]
        ],
        [
            [0, [16, 17, 18, 19, 21, 46, 47, 20, 38, 36, 37, 10, 50, 35, 40, 39, 9, 6, 7, 5, 42, 29, 27, 3, 2]],
            [16, []],
            [17, []],
            [18, []],
            [19, []],
            [21, []],
            [46, []],
            [47, []],
            [20, []],
            [38, []],
            [36, []],
            [37, []],
            [10, []],
            [50, []],
            [35, []],
            [40, []],
            [39, []],
            [9, []],
            [6, []],
            [7, []],
            [5, []],
            [42, []],
            [29, []],
            [27, []],
            [3, []],
            [2, []]
        ]
    ],
    [
    ]
]",,,0.0,0,0,0.0,,,,,results/sol_best_R101_0.5.dat_A4_L60_pid2652.txt,(not found),R101_0.5.dat_A4_L60_r1.log
73,test_data/data_demand_random_50_batch_all1_equal_cluster/R101_0.5.dat,4.0,60.0,2,888.0,"[
    [
        [
            [0, [8, 34, 33, 32, 40, 39, 31, 26, 28, 30, 43, 44, 45, 49, 15, 13, 14, 12, 11, 22, 23, 24, 25, 48, 1]],
            [8, []],
            [34, []],
            [33, []],
            [32, []],
            [40, []],
            [39, []],
            [31, []],
            [26, []],
            [28, []],
            [30, []],
            [43, []],
            [44, []],
            [45, []],
            [49, []],
            [15, []],
            [13, []],
            [14, []],
            [12, []],
            [11, []],
            [22, []],
            [23, []],
            [24, []],
            [25, []],
            [48, []],
            [1, []]
        ],
        [
            [0, [16, 17, 18, 19, 21, 46, 47, 20, 38, 36, 37, 10, 50, 35, 9, 6, 7, 5, 42, 41, 29, 27, 4, 3, 2]],
            [16, []],
            [17, []],
            [18, []],
            [19, []],
            [21, []],
            [46, []],
            [47, []],
            [20, []],
            [38, []],
            [36, []],
            [37, []],
            [10, []],
            [50, []],
            [35, []],
            [9, []],
            [6, []],
            [7, []],
            [5, []],
            [42, []],
            [41, []],
            [29, []],
            [27, []],
            [4, []],
            [3, []],
            [2, []]
        ]
    ],
    [
    ]
]",,,0.0,0,0,0.0,,,,,results/sol_best_R101_0.5.dat_A4_L60_pid2653.txt,(not found),R101_0.5.dat_A4_L60_r2.log
74,test_data/data_demand_random_50_batch_all1_equal_cluster/R101_0.5.dat,4.0,90.0,1,872.0,"[
    [
        [
            [0, [5, 7, 8, 35, 32, 33, 34, 29, 4, 12, 13, 14, 15, 25, 23, 24, 11]],
            [5, []],
            [7, [42, 41, 44, 45]],
            [8, []],
            [40, [49, 48, 40]],
            [35, []],
            [32, []],
            [33, []],
            [34, []],
            [42, []],
            [41, []],
            [29, []],
            [4, []],
            [12, []],
            [13, []],
            [14, []],
            [44, []],
            [45, []],
            [49, []],
            [15, []],
            [25, []],
            [48, []],
            [23, []],
            [24, []],
            [11, []]
        ],
        [
            [0, [1, 22, 18, 21, 20, 19, 17, 16, 10, 9, 6, 3, 2]],
            [1, []],
            [22, [26, 27, 28, 30]],
            [18, []],
            [21, []],
            [20, [37, 36, 38, 31]],
            [38, []],
            [37, []],
            [36, []],
            [19, [47, 46, 43, 39]],
            [47, []],
            [46, []],
            [17, []],
            [16, []],
            [31, []],
            [39, []],
            [50, [50]],
            [10, []],
            [9, []],
            [6, []],
            [3, []],
            [26, []],
            [27, []],
            [28, []],
            [30, []],
            [43, []],
            [2, []]
        ]
    ],
    [
        [
            [7, [42, 41, 44, 45]]
        ],
        [
            [22, [26, 27, 28, 30]]
        ],
        [
            [20, [37, 36, 38, 31]]
        ],
        [
            [40, [49, 48, 40]]
        ],
        [
            [19, [47, 46, 43, 39]]
        ],
        [
            [50, [50]]
        ]
    ]
]",,,309.42786320590193,0,6,3.3333333333333335,,,,,results/sol_best_R101_0.5.dat_A4_L90_pid2673.txt,(not found),R101_0.5.dat_A4_L90_r1.log
74,test_data/data_demand_random_50_batch_all1_equal_cluster/R101_0.5.dat,4.0,90.0,2,859.5,"[
    [
        [
            [0, [8, 32, 39, 40, 35, 33, 34, 29, 3, 12, 13, 14, 15, 24, 25, 23, 1]],
            [8, []],
            [32, [49, 48]],
            [39, [42, 41, 44, 45]],
            [40, []],
            [35, []],
            [33, []],
            [34, []],
            [42, []],
            [41, []],
            [29, []],
            [3, []],
            [12, []],
            [13, []],
            [14, []],
            [44, []],
            [45, []],
            [49, []],
            [15, []],
            [24, []],
            [25, []],
            [48, []],
            [23, []],
            [1, []]
        ],
        [
            [0, [2, 11, 18, 20, 19, 21, 17, 16, 10, 9, 6, 7, 5, 4]],
            [2, []],
            [11, [22]],
            [22, [26, 27, 28, 30]],
            [18, [36, 37, 38, 31]],
            [36, []],
            [37, []],
            [38, []],
            [20, []],
            [47, [47, 46, 50, 43]],
            [19, []],
            [21, []],
            [46, []],
            [17, []],
            [16, []],
            [31, []],
            [50, []],
            [10, []],
            [9, []],
            [6, []],
            [7, []],
            [5, []],
            [26, []],
            [27, []],
            [28, []],
            [30, []],
            [43, []],
            [4, []]
        ]
    ],
    [
        [
            [11, [22]]
        ],
        [
            [22, [26, 27, 28, 30]]
        ],
        [
            [18, [36, 37, 38, 31]]
        ],
        [
            [32, [49, 48]]
        ],
        [
            [39, [42, 41, 44, 45]]
        ],
        [
            [47, [47, 46, 50, 43]]
        ]
    ]
]",,,231.84671587873075,0,6,3.1666666666666665,,,,,results/sol_best_R101_0.5.dat_A4_L90_pid2674.txt,(not found),R101_0.5.dat_A4_L90_r2.log
75,test_data/data_demand_random_50_batch_all1_equal_cluster/R101_0.5.dat,4.0,120.0,1,1008.36,"[
    [
        [
            [0, [4, 14, 8, 32, 39, 40, 35, 33, 34, 29, 11, 12, 13, 15, 25, 24, 23, 22, 1]],
            [4, []],
            [14, [49, 48]],
            [8, [42, 41, 44, 45]],
            [32, []],
            [39, []],
            [40, []],
            [35, []],
            [33, []],
            [34, []],
            [42, []],
            [29, []],
            [41, []],
            [11, []],
            [12, []],
            [44, []],
            [45, []],
            [13, []],
            [15, []],
            [49, []],
            [25, []],
            [48, []],
            [24, []],
            [23, []],
            [22, []],
            [1, []]
        ],
        [
            [0, [21, 20, 19, 18, 37, 36, 38, 17, 16, 31, 10, 9, 6, 7, 5, 26, 27, 28, 30, 3, 2]],
            [21, [47, 46, 50]],
            [20, [43]],
            [19, []],
            [18, []],
            [37, []],
            [36, []],
            [38, []],
            [47, []],
            [46, []],
            [17, []],
            [16, []],
            [31, []],
            [50, []],
            [10, []],
            [9, []],
            [6, []],
            [7, []],
            [5, []],
            [26, []],
            [27, []],
            [28, []],
            [30, []],
            [43, []],
            [3, []],
            [2, []]
        ]
    ],
    [
        [
            [21, [47, 46, 50]]
        ],
        [
            [14, [49, 48]],
            [20, [43]]
        ],
        [
            [8, [42, 41, 44, 45]]
        ]
    ]
]",1008.36,"[
    [
        [
            [0, [4, 14, 8, 32, 39, 40, 35, 33, 34, 29, 11, 12, 13, 15, 25, 24, 23, 22, 1]],
            [4, []],
            [14, [49, 48]],
            [8, [42, 41, 44, 45]],
            [32, []],
            [39, []],
            [40, []],
            [35, []],
            [33, []],
            [34, []],
            [42, []],
            [29, []],
            [41, []],
            [11, []],
            [12, []],
            [44, []],
            [45, []],
            [13, []],
            [15, []],
            [49, []],
            [25, []],
            [48, []],
            [24, []],
            [23, []],
            [22, []],
            [1, []]
        ],
        [
            [0, [21, 20, 19, 18, 37, 36, 38, 17, 16, 31, 10, 9, 6, 7, 5, 26, 27, 28, 30, 3, 2]],
            [21, [47, 46, 50]],
            [20, [43]],
            [19, []],
            [18, []],
            [37, []],
            [36, []],
            [38, []],
            [47, []],
            [46, []],
            [17, []],
            [16, []],
            [31, []],
            [50, []],
            [10, []],
            [9, []],
            [6, []],
            [7, []],
            [5, []],
            [26, []],
            [27, []],
            [28, []],
            [30, []],
            [43, []],
            [3, []],
            [2, []]
        ]
    ],
    [
        [
            [21, [47, 46, 50]]
        ],
        [
            [14, [49, 48]],
            [20, [43]]
        ],
        [
            [8, [42, 41, 44, 45]]
        ]
    ]
]",319.13870142537775,1,3,3.3333333333333335,319.13870142537775,1,3,3.3333333333333335,results/sol_best_R101_0.5.dat_A4_L120_pid2835.txt,results/sol_best_multi_R101_0.5.dat_A4_L120_pid2835.txt,R101_0.5.dat_A4_L120_r1.log
75,test_data/data_demand_random_50_batch_all1_equal_cluster/R101_0.5.dat,4.0,120.0,2,897.76,"[
    [
        [
            [0, [8, 39, 40, 35, 32, 33, 34, 29, 4, 14, 13, 15, 25, 24, 23, 22, 12, 11, 1]],
            [8, []],
            [39, [49, 48]],
            [40, [42, 41, 44, 45]],
            [35, []],
            [32, []],
            [33, []],
            [34, []],
            [42, []],
            [41, []],
            [29, []],
            [4, []],
            [14, []],
            [44, []],
            [45, []],
            [13, []],
            [15, []],
            [49, []],
            [25, []],
            [48, []],
            [24, []],
            [23, []],
            [22, []],
            [12, []],
            [11, []],
            [1, []]
        ],
        [
            [0, [18, 19, 20, 21, 17, 16, 10, 9, 6, 7, 5, 3, 2]],
            [18, [26, 27, 28, 30]],
            [19, []],
            [36, [36, 31]],
            [37, [37, 38]],
            [38, []],
            [20, []],
            [21, [47, 46, 50, 43]],
            [47, []],
            [46, []],
            [17, []],
            [16, []],
            [31, []],
            [50, []],
            [10, []],
            [9, []],
            [6, []],
            [7, []],
            [5, []],
            [26, []],
            [27, []],
            [28, []],
            [30, []],
            [43, []],
            [3, []],
            [2, []]
        ]
    ],
    [
        [
            [18, [26, 27, 28, 30]]
        ],
        [
            [36, [36, 31]]
        ],
        [
            [37, [37, 38]],
            [39, [49, 48]]
        ],
        [
            [40, [42, 41, 44, 45]]
        ],
        [
            [21, [47, 46, 50, 43]]
        ]
    ]
]",897.76,"[
    [
        [
            [0, [8, 39, 40, 35, 32, 33, 34, 29, 4, 14, 13, 15, 25, 24, 23, 22, 12, 11, 1]],
            [8, []],
            [39, [49, 48]],
            [40, [42, 41, 44, 45]],
            [35, []],
            [32, []],
            [33, []],
            [34, []],
            [42, []],
            [41, []],
            [29, []],
            [4, []],
            [14, []],
            [44, []],
            [45, []],
            [13, []],
            [15, []],
            [49, []],
            [25, []],
            [48, []],
            [24, []],
            [23, []],
            [22, []],
            [12, []],
            [11, []],
            [1, []]
        ],
        [
            [0, [18, 19, 20, 21, 17, 16, 10, 9, 6, 7, 5, 3, 2]],
            [18, [26, 27, 28, 30]],
            [19, []],
            [36, [36, 31]],
            [37, [37, 38]],
            [38, []],
            [20, []],
            [21, [47, 46, 50, 43]],
            [47, []],
            [46, []],
            [17, []],
            [16, []],
            [31, []],
            [50, []],
            [10, []],
            [9, []],
            [6, []],
            [7, []],
            [5, []],
            [26, []],
            [27, []],
            [28, []],
            [30, []],
            [43, []],
            [3, []],
            [2, []]
        ]
    ],
    [
        [
            [18, [26, 27, 28, 30]]
        ],
        [
            [36, [36, 31]]
        ],
        [
            [37, [37, 38]],
            [39, [49, 48]]
        ],
        [
            [40, [42, 41, 44, 45]]
        ],
        [
            [21, [47, 46, 50, 43]]
        ]
    ]
]",264.6225010290647,1,5,3.6,264.6225010290647,1,5,3.6,results/sol_best_R101_0.5.dat_A4_L120_pid2836.txt,results/sol_best_multi_R101_0.5.dat_A4_L120_pid2836.txt,R101_0.5.dat_A4_L120_r2.log
76,test_data/data_demand_random_50_batch_all1_equal_cluster/R101_0.5.dat,8.0,60.0,1,888.0,"[
    [
        [
            [0, [8, 34, 33, 32, 40, 39, 31, 26, 28, 30, 43, 44, 45, 49, 15, 13, 14, 12, 11, 22, 23, 24, 25, 48, 1]],
            [8, []],
            [34, []],
            [33, []],
            [32, []],
            [40, []],
            [39, []],
            [31, []],
            [26, []],
            [28, []],
            [30, []],
            [43, []],
            [44, []],
            [45, []],
            [49, []],
            [15, []],
            [13, []],
            [14, []],
            [12, []],
            [11, []],
            [22, []],
            [23, []],
            [24, []],
            [25, []],
            [48, []],
            [1, []]
        ],
        [
            [0, [16, 17, 18, 19, 21, 46, 47, 20, 38, 36, 37, 10, 50, 35, 9, 6, 7, 5, 42, 41, 29, 27, 4, 3, 2]],
            [16, []],
            [17, []],
            [18, []],
            [19, []],
            [21, []],
            [46, []],
            [47, []],
            [20, []],
            [38, []],
            [36, []],
            [37, []],
            [10, []],
            [50, []],
            [35, []],
            [9, []],
            [6, []],
            [7, []],
            [5, []],
            [42, []],
            [41, []],
            [29, []],
            [27, []],
            [4, []],
            [3, []],
            [2, []]
        ]
    ],
    [
    ]
]",,,0.0,0,0,0.0,,,,,results/sol_best_R101_0.5.dat_A8_L60_pid2764.txt,(not found),R101_0.5.dat_A8_L60_r1.log
76,test_data/data_demand_random_50_batch_all1_equal_cluster/R101_0.5.dat,8.0,60.0,2,888.0,"[
    [
        [
            [0, [8, 34, 33, 32, 40, 39, 31, 26, 28, 30, 43, 44, 45, 49, 15, 13, 14, 12, 11, 22, 23, 24, 25, 48, 1]],
            [8, []],
            [34, []],
            [33, []],
            [32, []],
            [40, []],
            [39, []],
            [31, []],
            [26, []],
            [28, []],
            [30, []],
            [43, []],
            [44, []],
            [45, []],
            [49, []],
            [15, []],
            [13, []],
            [14, []],
            [12, []],
            [11, []],
            [22, []],
            [23, []],
            [24, []],
            [25, []],
            [48, []],
            [1, []]
        ],
        [
            [0, [16, 17, 18, 19, 21, 46, 47, 20, 38, 36, 37, 10, 50, 35, 9, 6, 7, 5, 42, 41, 29, 27, 4, 3, 2]],
            [16, []],
            [17, []],
            [18, []],
            [19, []],
            [21, []],
            [46, []],
            [47, []],
            [20, []],
            [38, []],
            [36, []],
            [37, []],
            [10, []],
            [50, []],
            [35, []],
            [9, []],
            [6, []],
            [7, []],
            [5, []],
            [42, []],
            [41, []],
            [29, []],
            [27, []],
            [4, []],
            [3, []],
            [2, []]
        ]
    ],
    [
    ]
]",,,0.0,0,0,0.0,,,,,results/sol_best_R101_0.5.dat_A8_L60_pid2765.txt,(not found),R101_0.5.dat_A8_L60_r2.log
77,test_data/data_demand_random_50_batch_all1_equal_cluster/R101_0.5.dat,8.0,90.0,1,900.02,"[
    [
        [
            [0, [4, 8, 29, 14, 13, 15, 24, 23, 22, 1]],
            [4, [32, 35, 33, 34]],
            [8, [49, 48, 42, 41, 44, 45, 39, 40]],
            [32, []],
            [39, []],
            [40, []],
            [35, []],
            [33, []],
            [34, []],
            [42, []],
            [29, []],
            [41, [25]],
            [14, []],
            [44, []],
            [45, []],
            [13, []],
            [15, []],
            [49, []],
            [25, []],
            [48, []],
            [24, []],
            [23, []],
            [22, []],
            [1, []]
        ],
        [
            [0, [3, 10, 9, 6, 7, 5, 2]],
            [3, []],
            [11, [11]],
            [12, [19, 21, 18, 20, 17, 16, 12]],
            [19, []],
            [21, [47, 46, 50, 43, 37, 36, 38, 31]],
            [18, []],
            [36, []],
            [37, []],
            [38, []],
            [20, []],
            [47, []],
            [46, []],
            [17, []],
            [16, []],
            [31, [26, 27, 28, 30]],
            [50, []],
            [10, []],
            [9, []],
            [6, []],
            [7, []],
            [5, []],
            [26, []],
            [27, []],
            [28, []],
            [30, []],
            [43, []],
            [2, []]
        ]
    ],
    [
        [
            [11, [11]]
        ],
        [
            [12, [19, 21, 18, 20, 17, 16, 12]]
        ],
        [
            [4, [32, 35, 33, 34]]
        ],
        [
            [8, [49, 48, 42, 41, 44, 45, 39, 40]]
        ],
        [
            [21, [47, 46, 50, 43, 37, 36, 38, 31]]
        ],
        [
            [41, [25]],
            [31, [26, 27, 28, 30]]
        ]
    ]
]",900.015621187164,"[
    [
        [
            [0, [4, 8, 29, 14, 13, 15, 24, 23, 22, 1]],
            [4, [32, 35, 33, 34]],
            [8, [49, 48, 42, 41, 44, 45, 39, 40]],
            [32, []],
            [39, []],
            [40, []],
            [35, []],
            [33, []],
            [34, []],
            [42, []],
            [29, []],
            [41, [25]],
            [14, []],
            [44, []],
            [45, []],
            [13, []],
            [15, []],
            [49, []],
            [25, []],
            [48, []],
            [24, []],
            [23, []],
            [22, []],
            [1, []]
        ],
        [
            [0, [3, 10, 9, 6, 7, 5, 2]],
            [3, []],
            [11, [11]],
            [12, [19, 21, 18, 20, 17, 16, 12]],
            [19, []],
            [21, [47, 46, 50, 43, 37, 36, 38, 31]],
            [18, []],
            [36, []],
            [37, []],
            [38, []],
            [20, []],
            [47, []],
            [46, []],
            [17, []],
            [16, []],
            [31, [26, 27, 28, 30]],
            [50, []],
            [10, []],
            [9, []],
            [6, []],
            [7, []],
            [5, []],
            [26, []],
            [27, []],
            [28, []],
            [30, []],
            [43, []],
            [2, []]
        ]
    ],
    [
        [
            [11, [11]]
        ],
        [
            [12, [19, 21, 18, 20, 17, 16, 12]]
        ],
        [
            [4, [32, 35, 33, 34]]
        ],
        [
            [8, [49, 48, 42, 41, 44, 45, 39, 40]]
        ],
        [
            [21, [47, 46, 50, 43, 37, 36, 38, 31]]
        ],
        [
            [41, [25]],
            [31, [26, 27, 28, 30]]
        ]
    ]
]",238.40515559716093,1,6,5.5,238.40515559716093,1,6,5.5,results/sol_best_R101_0.5.dat_A8_L90_pid2743.txt,results/sol_best_multi_R101_0.5.dat_A8_L90_pid2743.txt,R101_0.5.dat_A8_L90_r1.log
77,test_data/data_demand_random_50_batch_all1_equal_cluster/R101_0.5.dat,8.0,90.0,2,824.0,"[
    [
        [
            [0, [3, 4, 1, 8]],
            [13, [13, 12, 11, 14, 15]],
            [12, [25, 24, 23, 22]],
            [3, [32, 35, 33, 34, 29]],
            [4, []],
            [1, [49, 48, 42, 41, 44, 45]],
            [8, []],
            [32, []],
            [35, []],
            [33, []],
            [34, []],
            [42, []],
            [41, []],
            [29, []],
            [14, []],
            [44, []],
            [45, []],
            [49, []],
            [15, []],
            [25, []],
            [48, []],
            [24, []],
            [23, []],
            [22, []],
            [11, []]
        ],
        [
            [0, [2, 10, 9, 6, 7, 5]],
            [2, [16, 21, 19, 20]],
            [16, []],
            [17, [17]],
            [21, []],
            [18, [18]],
            [19, []],
            [46, [46]],
            [47, [47, 50, 43, 37, 36, 38, 39]],
            [20, []],
            [38, [31, 40]],
            [36, []],
            [37, []],
            [10, []],
            [50, []],
            [40, [26, 27, 28, 30]],
            [39, []],
            [31, []],
            [9, []],
            [6, []],
            [7, []],
            [5, []],
            [26, []],
            [27, []],
            [28, []],
            [30, []],
            [43, []]
        ]
    ],
    [
        [
            [2, [16, 21, 19, 20]]
        ],
        [
            [13, [13, 12, 11, 14, 15]]
        ],
        [
            [12, [25, 24, 23, 22]],
            [17, [17]]
        ],
        [
            [3, [32, 35, 33, 34, 29]],
            [18, [18]]
        ],
        [
            [1, [49, 48, 42, 41, 44, 45]],
            [46, [46]]
        ],
        [
            [47, [47, 50, 43, 37, 36, 38, 39]]
        ],
        [
            [38, [31, 40]]
        ],
        [
            [40, [26, 27, 28, 30]]
        ]
    ]
]",824.0,"[
    [
        [
            [0, [3, 4, 1, 8]],
            [13, [13, 12, 11, 14, 15]],
            [12, [25, 24, 23, 22]],
            [3, [32, 35, 33, 34, 29]],
            [4, []],
            [1, [49, 48, 42, 41, 44, 45]],
            [8, []],
            [32, []],
            [35, []],
            [33, []],
            [34, []],
            [42, []],
            [41, []],
            [29, []],
            [14, []],
            [44, []],
            [45, []],
            [49, []],
            [15, []],
            [25, []],
            [48, []],
            [24, []],
            [23, []],
            [22, []],
            [11, []]
        ],
        [
            [0, [2, 10, 9, 6, 7, 5]],
            [2, [16, 21, 19, 20]],
            [16, []],
            [17, [17]],
            [21, []],
            [18, [18]],
            [19, []],
            [46, [46]],
            [47, [47, 50, 43, 37, 36, 38, 39]],
            [20, []],
            [38, [31, 40]],
            [36, []],
            [37, []],
            [10, []],
            [50, []],
            [40, [26, 27, 28, 30]],
            [39, []],
            [31, []],
            [9, []],
            [6, []],
            [7, []],
            [5, []],
            [26, []],
            [27, []],
            [28, []],
            [30, []],
            [43, []]
        ]
    ],
    [
        [
            [2, [16, 21, 19, 20]]
        ],
        [
            [13, [13, 12, 11, 14, 15]]
        ],
        [
            [12, [25, 24, 23, 22]],
            [17, [17]]
        ],
        [
            [3, [32, 35, 33, 34, 29]],
            [18, [18]]
        ],
        [
            [1, [49, 48, 42, 41, 44, 45]],
            [46, [46]]
        ],
        [
            [47, [47, 50, 43, 37, 36, 38, 39]]
        ],
        [
            [38, [31, 40]]
        ],
        [
            [40, [26, 27, 28, 30]]
        ]
    ]
]",241.5106102191597,3,8,5.0,241.5106102191597,3,8,5.0,results/sol_best_R101_0.5.dat_A8_L90_pid2744.txt,results/sol_best_multi_R101_0.5.dat_A8_L90_pid2744.txt,R101_0.5.dat_A8_L90_r2.log
78,test_data/data_demand_random_50_batch_all1_equal_cluster/R101_0.5.dat,8.0,120.0,1,1003.36,"[
    [
        [
            [0, [4, 14, 8, 32, 39, 40, 35, 33, 34, 29, 11, 12, 13, 15, 25, 24, 23, 22, 1]],
            [4, []],
            [14, [49, 48, 42, 41, 44, 45]],
            [8, []],
            [32, []],
            [39, []],
            [40, []],
            [35, []],
            [33, []],
            [34, []],
            [42, []],
            [29, []],
            [41, []],
            [11, []],
            [12, []],
            [44, []],
            [45, []],
            [13, []],
            [15, []],
            [49, []],
            [25, []],
            [48, []],
            [24, []],
            [23, []],
            [22, []],
            [1, []]
        ],
        [
            [0, [21, 20, 19, 18, 37, 36, 38, 17, 16, 31, 10, 9, 6, 7, 5, 26, 27, 28, 30, 3, 2]],
            [21, [47, 46, 50]],
            [20, [43]],
            [19, []],
            [18, []],
            [37, []],
            [36, []],
            [38, []],
            [47, []],
            [46, []],
            [17, []],
            [16, []],
            [31, []],
            [50, []],
            [10, []],
            [9, []],
            [6, []],
            [7, []],
            [5, []],
            [26, []],
            [27, []],
            [28, []],
            [30, []],
            [43, []],
            [3, []],
            [2, []]
        ]
    ],
    [
        [
            [21, [47, 46, 50]]
        ],
        [
            [14, [49, 48, 42, 41, 44, 45]],
            [20, [43]]
        ]
    ]
]",1003.36,"[
    [
        [
            [0, [4, 14, 8, 32, 39, 40, 35, 33, 34, 29, 11, 12, 13, 15, 25, 24, 23, 22, 1]],
            [4, []],
            [14, [49, 48, 42, 41, 44, 45]],
            [8, []],
            [32, []],
            [39, []],
            [40, []],
            [35, []],
            [33, []],
            [34, []],
            [42, []],
            [29, []],
            [41, []],
            [11, []],
            [12, []],
            [44, []],
            [45, []],
            [13, []],
            [15, []],
            [49, []],
            [25, []],
            [48, []],
            [24, []],
            [23, []],
            [22, []],
            [1, []]
        ],
        [
            [0, [21, 20, 19, 18, 37, 36, 38, 17, 16, 31, 10, 9, 6, 7, 5, 26, 27, 28, 30, 3, 2]],
            [21, [47, 46, 50]],
            [20, [43]],
            [19, []],
            [18, []],
            [37, []],
            [36, []],
            [38, []],
            [47, []],
            [46, []],
            [17, []],
            [16, []],
            [31, []],
            [50, []],
            [10, []],
            [9, []],
            [6, []],
            [7, []],
            [5, []],
            [26, []],
            [27, []],
            [28, []],
            [30, []],
            [43, []],
            [3, []],
            [2, []]
        ]
    ],
    [
        [
            [21, [47, 46, 50]]
        ],
        [
            [14, [49, 48, 42, 41, 44, 45]],
            [20, [43]]
        ]
    ]
]",307.7080521380666,1,2,5.0,307.7080521380666,1,2,5.0,results/sol_best_R101_0.5.dat_A8_L120_pid2804.txt,results/sol_best_multi_R101_0.5.dat_A8_L120_pid2804.txt,R101_0.5.dat_A8_L120_r1.log
78,test_data/data_demand_random_50_batch_all1_equal_cluster/R101_0.5.dat,8.0,120.0,2,898.25,"[
    [
        [
            [0, [3, 12, 4, 8, 13, 15, 25, 24, 23, 22, 11, 1]],
            [3, []],
            [12, []],
            [4, [35, 33, 34, 29]],
            [41, [49, 48, 41, 42, 44, 45, 40]],
            [8, []],
            [40, []],
            [35, []],
            [33, []],
            [34, []],
            [42, []],
            [29, []],
            [14, [14]],
            [44, []],
            [45, []],
            [13, []],
            [15, []],
            [49, []],
            [25, []],
            [48, []],
            [24, []],
            [23, []],
            [22, []],
            [11, []],
            [1, []]
        ],
        [
            [0, [19, 21, 18, 20, 17, 16, 10, 9, 6, 7, 5, 2]],
            [19, [26, 27, 28, 30]],
            [21, []],
            [18, []],
            [36, [47, 46, 43, 36, 38, 39, 50, 37]],
            [37, []],
            [38, []],
            [20, []],
            [47, []],
            [46, []],
            [17, []],
            [16, []],
            [32, [32, 31]],
            [31, []],
            [39, []],
            [50, []],
            [10, []],
            [9, []],
            [6, []],
            [7, []],
            [5, []],
            [26, []],
            [27, []],
            [28, []],
            [30, []],
            [43, []],
            [2, []]
        ]
    ],
    [
        [
            [19, [26, 27, 28, 30]]
        ],
        [
            [4, [35, 33, 34, 29]]
        ],
        [
            [36, [47, 46, 43, 36, 38, 39, 50, 37]]
        ],
        [
            [41, [49, 48, 41, 42, 44, 45, 40]]
        ],
        [
            [32, [32, 31]],
            [14, [14]]
        ]
    ]
]",898.248809496813,"[
    [
        [
            [0, [3, 12, 4, 8, 13, 15, 25, 24, 23, 22, 11, 1]],
            [3, [29]],
            [12, [35, 33, 34]],
            [4, []],
            [41, [49, 48, 41, 42, 44, 45, 40]],
            [8, []],
            [40, []],
            [35, []],
            [33, []],
            [34, []],
            [42, [14]],
            [29, []],
            [14, []],
            [44, []],
            [45, []],
            [13, []],
            [15, []],
            [49, []],
            [25, []],
            [48, []],
            [24, []],
            [23, []],
            [22, []],
            [11, []],
            [1, []]
        ],
        [
            [0, [18, 21, 19, 20, 17, 16, 10, 9, 6, 7, 5, 2]],
            [18, []],
            [21, [26, 27, 28, 30]],
            [19, []],
            [36, [47, 46, 43, 36, 38, 39, 50, 37]],
            [37, []],
            [38, []],
            [20, []],
            [47, []],
            [46, []],
            [17, []],
            [16, []],
            [32, [32, 31]],
            [31, []],
            [39, []],
            [50, []],
            [10, []],
            [9, []],
            [6, []],
            [7, []],
            [5, []],
            [26, []],
            [27, []],
            [28, []],
            [30, []],
            [43, []],
            [2, []]
        ]
    ],
    [
        [
            [3, [29]],
            [21, [26, 27, 28, 30]]
        ],
        [
            [12, [35, 33, 34]]
        ],
        [
            [36, [47, 46, 43, 36, 38, 39, 50, 37]]
        ],
        [
            [41, [49, 48, 41, 42, 44, 45, 40]]
        ],
        [
            [42, [14]],
            [32, [32, 31]]
        ]
    ]
]",303.7481152120916,1,5,5.2,280.33118300721827,2,5,5.2,results/sol_best_R101_0.5.dat_A8_L120_pid2805.txt,results/sol_best_multi_R101_0.5.dat_A8_L120_pid2805.txt,R101_0.5.dat_A8_L120_r2.log
79,test_data/data_demand_random_50_batch_all1_equal_cluster/R101_1.5.dat,4.0,60.0,1,1262.0,"[
    [
        [
            [0, [2, 30, 40, 41, 33, 32, 31, 34, 46, 45, 47, 48, 18, 28, 29, 25, 20, 13, 12, 11, 10, 9, 6]],
            [2, []],
            [30, []],
            [40, []],
            [41, []],
            [33, []],
            [32, []],
            [31, []],
            [34, []],
            [46, []],
            [45, []],
            [47, []],
            [48, []],
            [18, []],
            [28, []],
            [29, []],
            [25, []],
            [20, []],
            [13, []],
            [12, []],
            [11, []],
            [10, []],
            [9, []],
            [6, []]
        ],
        [
            [0, [1, 19, 24, 21, 22, 23, 26, 27, 14, 15, 16, 17, 4, 3, 5, 8, 36, 38, 37, 44, 39, 42, 43, 35, 7]],
            [1, []],
            [19, []],
            [24, []],
            [21, [49, 50]],
            [22, []],
            [23, []],
            [50, []],
            [49, []],
            [26, []],
            [27, []],
            [14, []],
            [15, []],
            [16, []],
            [17, []],
            [4, []],
            [3, []],
            [5, []],
            [8, []],
            [36, []],
            [38, []],
            [37, []],
            [44, []],
            [39, []],
            [42, []],
            [43, []],
            [35, []],
            [7, []]
        ]
    ],
    [
        [
            [21, [49, 50]]
        ]
    ]
]",,,706.8028775489157,0,1,2.0,,,,,results/sol_best_R101_1.5.dat_A4_L60_pid2860.txt,(not found),R101_1.5.dat_A4_L60_r1.log
79,test_data/data_demand_random_50_batch_all1_equal_cluster/R101_1.5.dat,4.0,60.0,2,1290.0,"[
    [
        [
            [0, [7, 38, 41, 40, 33, 32, 34, 46, 45, 47, 48, 18, 28, 27, 26, 22, 50, 23, 13, 11, 10, 9, 6]],
            [7, []],
            [38, []],
            [41, []],
            [40, []],
            [33, []],
            [32, []],
            [34, []],
            [46, []],
            [45, []],
            [47, []],
            [48, []],
            [18, []],
            [28, []],
            [27, []],
            [26, []],
            [22, []],
            [50, []],
            [23, []],
            [13, []],
            [11, []],
            [10, []],
            [9, []],
            [6, []]
        ],
        [
            [0, [1, 19, 12, 20, 21, 24, 29, 25, 14, 15, 16, 17, 31, 30, 8, 36, 37, 44, 39, 42, 43, 35, 5, 3, 4, 2]],
            [1, []],
            [19, []],
            [12, []],
            [20, []],
            [21, [49]],
            [24, []],
            [49, []],
            [29, []],
            [25, []],
            [14, []],
            [15, []],
            [16, []],
            [17, []],
            [31, []],
            [30, []],
            [8, []],
            [36, []],
            [37, []],
            [44, []],
            [39, []],
            [42, []],
            [43, []],
            [35, []],
            [5, []],
            [3, []],
            [4, []],
            [2, []]
        ]
    ],
    [
        [
            [21, [49]]
        ]
    ]
]",,,714.8028775489157,0,1,1.0,,,,,results/sol_best_R101_1.5.dat_A4_L60_pid2861.txt,(not found),R101_1.5.dat_A4_L60_r2.log
80,test_data/data_demand_random_50_batch_all1_equal_cluster/R101_1.5.dat,4.0,90.0,1,1259.76,"[
    [
        [
            [0, [7, 12, 13, 22, 23, 24, 21, 20, 1, 19, 9, 33, 32, 34, 31, 30]],
            [7, []],
            [12, [37, 38]],
            [13, []],
            [22, []],
            [23, []],
            [24, []],
            [21, []],
            [20, []],
            [1, [45, 48, 47, 46]],
            [19, []],
            [9, []],
            [6, [6]],
            [37, []],
            [38, []],
            [33, []],
            [32, []],
            [45, []],
            [48, []],
            [47, []],
            [46, []],
            [34, []],
            [31, []],
            [30, []]
        ],
        [
            [0, [2, 4, 5, 8, 3, 15, 17, 18, 16, 29, 28, 27, 14, 10, 11, 26, 25]],
            [2, []],
            [4, []],
            [5, []],
            [8, []],
            [3, []],
            [15, []],
            [17, []],
            [18, []],
            [16, [44, 42, 43, 41]],
            [29, []],
            [28, []],
            [27, []],
            [14, []],
            [40, [40, 36, 35]],
            [41, []],
            [36, []],
            [35, []],
            [39, [39]],
            [44, []],
            [42, []],
            [43, []],
            [10, []],
            [11, []],
            [50, [50, 49]],
            [49, []],
            [26, []],
            [25, []]
        ]
    ],
    [
        [
            [12, [37, 38]]
        ],
        [
            [1, [45, 48, 47, 46]]
        ],
        [
            [16, [44, 42, 43, 41]]
        ],
        [
            [6, [6]],
            [40, [40, 36, 35]]
        ],
        [
            [39, [39]]
        ],
        [
            [50, [50, 49]]
        ]
    ]
]",1259.75883680628,"[
    [
        [
            [0, [7, 12, 13, 22, 23, 24, 21, 20, 1, 19, 9, 33, 32, 34, 31, 30]],
            [7, []],
            [12, [37, 38]],
            [13, []],
            [22, []],
            [23, []],
            [24, []],
            [21, []],
            [20, []],
            [1, [45, 48, 47, 46]],
            [19, []],
            [9, []],
            [6, [6]],
            [37, []],
            [38, []],
            [33, []],
            [32, []],
            [45, []],
            [48, []],
            [47, []],
            [46, []],
            [34, []],
            [31, []],
            [30, []]
        ],
        [
            [0, [2, 4, 5, 8, 3, 15, 17, 18, 16, 29, 28, 27, 14, 10, 11, 26, 25]],
            [2, []],
            [4, []],
            [5, []],
            [8, []],
            [3, []],
            [15, []],
            [17, []],
            [18, []],
            [16, [44, 42, 43, 41]],
            [29, []],
            [28, []],
            [27, []],
            [14, []],
            [40, [40, 36, 35]],
            [41, []],
            [36, []],
            [35, []],
            [39, [39]],
            [44, []],
            [42, []],
            [43, []],
            [10, []],
            [11, []],
            [50, [50, 49]],
            [49, []],
            [26, []],
            [25, []]
        ]
    ],
    [
        [
            [12, [37, 38]]
        ],
        [
            [1, [45, 48, 47, 46]]
        ],
        [
            [16, [44, 42, 43, 41]]
        ],
        [
            [6, [6]],
            [40, [40, 36, 35]]
        ],
        [
            [39, [39]]
        ],
        [
            [50, [50, 49]]
        ]
    ]
]",798.8134761331512,1,6,2.8333333333333335,798.8134761331512,1,6,2.8333333333333335,results/sol_best_R101_1.5.dat_A4_L90_pid2747.txt,results/sol_best_multi_R101_1.5.dat_A4_L90_pid2747.txt,R101_1.5.dat_A4_L90_r1.log
80,test_data/data_demand_random_50_batch_all1_equal_cluster/R101_1.5.dat,4.0,90.0,2,1327.25,"[
    [
        [
            [0, [1, 10, 12, 11, 13, 23, 24, 22, 21, 20, 19, 9, 6, 33, 32, 4, 34, 31, 30]],
            [1, []],
            [10, [37, 38]],
            [12, [41]],
            [11, []],
            [13, []],
            [23, []],
            [24, []],
            [22, []],
            [21, []],
            [20, []],
            [19, []],
            [9, []],
            [6, []],
            [37, []],
            [38, []],
            [41, []],
            [33, []],
            [32, []],
            [4, [45, 48, 47, 46]],
            [45, []],
            [48, []],
            [47, []],
            [46, []],
            [34, []],
            [31, []],
            [30, []]
        ],
        [
            [0, [2, 5, 8, 7, 16, 18, 17, 15, 25, 26, 27, 28, 29, 14]],
            [2, []],
            [5, []],
            [8, []],
            [7, []],
            [3, [3]],
            [16, []],
            [18, []],
            [17, []],
            [15, []],
            [25, [36, 39, 35, 40]],
            [26, []],
            [27, []],
            [28, []],
            [29, []],
            [14, []],
            [40, [50, 49]],
            [36, []],
            [39, []],
            [44, [44, 42, 43]],
            [42, []],
            [35, []],
            [43, []],
            [50, []],
            [49, []]
        ]
    ],
    [
        [
            [3, [3]],
            [10, [37, 38]]
        ],
        [
            [12, [41]]
        ],
        [
            [4, [45, 48, 47, 46]]
        ],
        [
            [25, [36, 39, 35, 40]]
        ],
        [
            [40, [50, 49]]
        ],
        [
            [44, [44, 42, 43]]
        ]
    ]
]",1327.248809496813,"[
    [
        [
            [0, [1, 10, 12, 11, 13, 23, 24, 22, 21, 20, 19, 9, 6, 33, 32, 4, 34, 31, 30]],
            [1, []],
            [10, [37, 38]],
            [12, [41]],
            [11, []],
            [13, []],
            [23, []],
            [24, []],
            [22, []],
            [21, []],
            [20, []],
            [19, []],
            [9, []],
            [6, []],
            [37, []],
            [38, []],
            [41, []],
            [33, []],
            [32, []],
            [4, [45, 48, 47, 46]],
            [45, []],
            [48, []],
            [47, []],
            [46, []],
            [34, []],
            [31, []],
            [30, []]
        ],
        [
            [0, [2, 5, 8, 7, 16, 18, 17, 15, 25, 26, 27, 28, 29, 14]],
            [2, []],
            [5, []],
            [8, []],
            [7, []],
            [3, [3]],
            [16, []],
            [18, []],
            [17, []],
            [15, []],
            [25, [36, 39, 35, 40]],
            [26, []],
            [27, []],
            [28, []],
            [29, []],
            [14, []],
            [40, [50, 49]],
            [36, []],
            [39, []],
            [44, [44, 42, 43]],
            [42, []],
            [35, []],
            [43, []],
            [50, []],
            [49, []]
        ]
    ],
    [
        [
            [3, [3]],
            [10, [37, 38]]
        ],
        [
            [12, [41]]
        ],
        [
            [4, [45, 48, 47, 46]]
        ],
        [
            [25, [36, 39, 35, 40]]
        ],
        [
            [40, [50, 49]]
        ],
        [
            [44, [44, 42, 43]]
        ]
    ]
]",768.0798503752904,1,6,2.8333333333333335,768.0798503752904,1,6,2.8333333333333335,results/sol_best_R101_1.5.dat_A4_L90_pid2748.txt,results/sol_best_multi_R101_1.5.dat_A4_L90_pid2748.txt,R101_1.5.dat_A4_L90_r2.log
81,test_data/data_demand_random_50_batch_all1_equal_cluster/R101_1.5.dat,4.0,120.0,1,1273.0,"[
    [
        [
            [0, [3, 4, 12, 13, 23, 22, 21, 20, 1, 19, 9, 6, 33, 32, 34, 31, 30]],
            [3, []],
            [4, []],
            [12, [37, 38]],
            [13, []],
            [23, []],
            [22, []],
            [21, []],
            [20, []],
            [1, [45, 48, 47, 46]],
            [19, []],
            [9, []],
            [6, []],
            [37, []],
            [38, []],
            [40, [40]],
            [33, []],
            [32, []],
            [45, []],
            [48, []],
            [47, []],
            [46, []],
            [34, []],
            [31, []],
            [30, []]
        ],
        [
            [0, [5, 8, 7, 2, 15, 17, 18, 16, 25, 26, 27, 28, 29, 14, 10, 11, 24]],
            [5, []],
            [8, []],
            [7, []],
            [2, []],
            [15, []],
            [17, []],
            [18, []],
            [16, []],
            [25, []],
            [26, []],
            [27, []],
            [28, []],
            [29, []],
            [14, []],
            [41, [39, 35, 41, 36]],
            [36, []],
            [39, []],
            [44, [44]],
            [42, [42, 43]],
            [35, []],
            [43, []],
            [10, []],
            [11, []],
            [50, [50, 49]],
            [49, []],
            [24, []]
        ]
    ],
    [
        [
            [12, [37, 38]]
        ],
        [
            [41, [39, 35, 41, 36]]
        ],
        [
            [1, [45, 48, 47, 46]]
        ],
        [
            [44, [44]]
        ],
        [
            [40, [40]],
            [42, [42, 43]]
        ],
        [
            [50, [50, 49]]
        ]
    ]
]",1273.0,"[
    [
        [
            [0, [3, 4, 12, 13, 23, 22, 21, 20, 1, 19, 9, 6, 33, 32, 34, 31, 30]],
            [3, []],
            [4, []],
            [12, [37, 38]],
            [13, []],
            [23, []],
            [22, []],
            [21, []],
            [20, []],
            [1, [45, 48, 47, 46]],
            [19, []],
            [9, []],
            [6, []],
            [37, []],
            [38, []],
            [40, [40]],
            [33, []],
            [32, []],
            [45, []],
            [48, []],
            [47, []],
            [46, []],
            [34, []],
            [31, []],
            [30, []]
        ],
        [
            [0, [5, 8, 7, 2, 15, 17, 18, 16, 25, 26, 27, 28, 29, 14, 10, 11, 24]],
            [5, []],
            [8, []],
            [7, []],
            [2, []],
            [15, []],
            [17, []],
            [18, []],
            [16, []],
            [25, []],
            [26, []],
            [27, []],
            [28, []],
            [29, []],
            [14, []],
            [41, [39, 35, 41, 36]],
            [36, []],
            [39, []],
            [44, [44]],
            [42, [42, 43]],
            [35, []],
            [43, []],
            [10, []],
            [11, []],
            [50, [50, 49]],
            [49, []],
            [24, []]
        ]
    ],
    [
        [
            [12, [37, 38]]
        ],
        [
            [41, [39, 35, 41, 36]]
        ],
        [
            [1, [45, 48, 47, 46]]
        ],
        [
            [44, [44]]
        ],
        [
            [40, [40]],
            [42, [42, 43]]
        ],
        [
            [50, [50, 49]]
        ]
    ]
]",873.7265264097518,1,6,2.6666666666666665,873.7265264097518,1,6,2.6666666666666665,results/sol_best_R101_1.5.dat_A4_L120_pid2765.txt,results/sol_best_multi_R101_1.5.dat_A4_L120_pid2765.txt,R101_1.5.dat_A4_L120_r1.log
81,test_data/data_demand_random_50_batch_all1_equal_cluster/R101_1.5.dat,4.0,120.0,2,1280.97,"[
    [
        [
            [0, [12, 22, 23, 24, 21, 9, 6, 4, 1, 7, 33, 32, 34, 31, 30]],
            [12, []],
            [11, [11]],
            [13, [38, 13]],
            [22, []],
            [23, []],
            [24, []],
            [21, []],
            [9, []],
            [6, []],
            [4, []],
            [1, [45, 48, 47, 46]],
            [7, []],
            [38, []],
            [41, [41]],
            [33, []],
            [32, []],
            [45, []],
            [48, []],
            [47, []],
            [46, []],
            [34, []],
            [31, []],
            [30, []]
        ],
        [
            [0, [8, 5, 3, 16, 17, 18, 15, 25, 26, 29, 28, 27, 14, 10, 20, 19]],
            [8, []],
            [5, []],
            [3, []],
            [2, [2]],
            [16, []],
            [17, []],
            [18, []],
            [15, [40, 44, 42, 43]],
            [25, [36, 39, 35]],
            [26, []],
            [29, []],
            [28, []],
            [27, []],
            [14, []],
            [40, [49, 37, 50]],
            [36, []],
            [37, []],
            [44, []],
            [39, []],
            [42, []],
            [35, []],
            [43, []],
            [10, []],
            [50, []],
            [49, []],
            [20, []],
            [19, []]
        ]
    ],
    [
        [
            [2, [2]],
            [11, [11]]
        ],
        [
            [13, [38, 13]]
        ],
        [
            [1, [45, 48, 47, 46]]
        ],
        [
            [15, [40, 44, 42, 43]]
        ],
        [
            [25, [36, 39, 35]]
        ],
        [
            [40, [49, 37, 50]],
            [41, [41]]
        ]
    ]
]",1280.97,"[
    [
        [
            [0, [19, 11, 13, 22, 23, 24, 21, 9, 6, 4, 1, 7, 33, 32, 34, 31, 30]],
            [19, []],
            [12, [12]],
            [11, []],
            [13, [38]],
            [22, []],
            [23, []],
            [24, []],
            [21, []],
            [9, []],
            [6, []],
            [4, []],
            [1, [45, 48, 47, 46]],
            [7, []],
            [38, []],
            [41, [41]],
            [33, []],
            [32, []],
            [45, []],
            [48, []],
            [47, []],
            [46, []],
            [34, []],
            [31, []],
            [30, []]
        ],
        [
            [0, [8, 5, 3, 16, 17, 18, 15, 25, 26, 29, 28, 27, 14, 10, 20]],
            [8, []],
            [5, []],
            [3, []],
            [2, [2]],
            [16, []],
            [17, []],
            [18, []],
            [15, [40, 44, 42, 43]],
            [25, [36, 39, 35]],
            [26, []],
            [29, []],
            [28, []],
            [27, []],
            [14, []],
            [40, [49, 37, 50]],
            [36, []],
            [37, []],
            [44, []],
            [39, []],
            [42, []],
            [35, []],
            [43, []],
            [10, []],
            [50, []],
            [49, []],
            [20, []]
        ]
    ],
    [
        [
            [2, [2]],
            [12, [12]]
        ],
        [
            [13, [38]]
        ],
        [
            [1, [45, 48, 47, 46]]
        ],
        [
            [15, [40, 44, 42, 43]]
        ],
        [
            [25, [36, 39, 35]]
        ],
        [
            [40, [49, 37, 50]],
            [41, [41]]
        ]
    ]
]",666.1532677500894,2,6,3.1666666666666665,662.6689427538539,2,6,3.0,results/sol_best_R101_1.5.dat_A4_L120_pid2766.txt,results/sol_best_multi_R101_1.5.dat_A4_L120_pid2766.txt,R101_1.5.dat_A4_L120_r2.log
82,test_data/data_demand_random_50_batch_all1_equal_cluster/R101_1.5.dat,8.0,60.0,1,1290.0,"[
    [
        [
            [0, [38, 41, 40, 33, 32, 34, 46, 45, 47, 48, 18, 27, 28, 29, 50, 22, 23, 13, 11, 10, 9, 6]],
            [38, []],
            [41, []],
            [40, []],
            [33, []],
            [32, []],
            [34, []],
            [46, []],
            [45, []],
            [47, []],
            [48, []],
            [18, []],
            [27, []],
            [28, []],
            [29, []],
            [50, []],
            [22, []],
            [23, []],
            [13, []],
            [11, []],
            [10, []],
            [9, []],
            [6, []]
        ],
        [
            [0, [1, 19, 12, 20, 21, 24, 26, 25, 7, 35, 43, 42, 39, 44, 37, 36, 8, 5, 31, 30, 3, 4, 17, 16, 15, 14, 2]],
            [1, []],
            [19, []],
            [12, []],
            [20, []],
            [21, [49]],
            [24, []],
            [49, []],
            [26, []],
            [25, []],
            [7, []],
            [35, []],
            [43, []],
            [42, []],
            [39, []],
            [44, []],
            [37, []],
            [36, []],
            [8, []],
            [5, []],
            [31, []],
            [30, []],
            [3, []],
            [4, []],
            [17, []],
            [16, []],
            [15, []],
            [14, []],
            [2, []]
        ]
    ],
    [
        [
            [21, [49]]
        ]
    ]
]",,,714.8028775489157,0,1,1.0,,,,,results/sol_best_R101_1.5.dat_A8_L60_pid2796.txt,(not found),R101_1.5.dat_A8_L60_r1.log
82,test_data/data_demand_random_50_batch_all1_equal_cluster/R101_1.5.dat,8.0,60.0,2,1286.0,"[
    [
        [
            [0, [3, 40, 41, 38, 33, 32, 34, 46, 45, 47, 48, 18, 27, 28, 29, 50, 23, 13, 11, 10, 9, 6]],
            [3, []],
            [40, []],
            [41, []],
            [38, []],
            [33, []],
            [32, []],
            [34, []],
            [46, []],
            [45, []],
            [47, []],
            [48, []],
            [18, []],
            [27, []],
            [28, []],
            [29, []],
            [50, []],
            [23, []],
            [13, []],
            [11, []],
            [10, []],
            [9, []],
            [6, []]
        ],
        [
            [0, [2, 1, 19, 20, 21, 12, 22, 26, 25, 14, 15, 16, 17, 4, 31, 30, 5, 8, 36, 37, 44, 39, 42, 43, 35, 7]],
            [2, []],
            [1, []],
            [19, []],
            [20, []],
            [21, []],
            [12, [49, 24]],
            [22, []],
            [24, []],
            [49, []],
            [26, []],
            [25, []],
            [14, []],
            [15, []],
            [16, []],
            [17, []],
            [4, []],
            [31, []],
            [30, []],
            [5, []],
            [8, []],
            [36, []],
            [37, []],
            [44, []],
            [39, []],
            [42, []],
            [43, []],
            [35, []],
            [7, []]
        ]
    ],
    [
        [
            [12, [49, 24]]
        ]
    ]
]",,,721.2488094968134,0,1,2.0,,,,,results/sol_best_R101_1.5.dat_A8_L60_pid2797.txt,(not found),R101_1.5.dat_A8_L60_r2.log
83,test_data/data_demand_random_50_batch_all1_equal_cluster/R101_1.5.dat,8.0,90.0,1,1135.5,"[
    [
        [
            [0, [7, 1, 12, 13, 11, 10, 9, 6, 5]],
            [7, []],
            [1, []],
            [12, []],
            [13, []],
            [11, [24, 23, 22, 21, 20, 19]],
            [10, []],
            [24, []],
            [23, []],
            [22, []],
            [21, []],
            [20, [33, 32, 34, 31, 30]],
            [19, []],
            [9, [37]],
            [6, []],
            [37, []],
            [38, [45, 48, 47, 46, 41, 38]],
            [41, []],
            [33, []],
            [32, []],
            [45, []],
            [48, []],
            [47, []],
            [46, []],
            [34, []],
            [31, []],
            [30, []],
            [5, []]
        ],
        [
            [0, [3, 2, 8, 4, 17, 18, 16, 14]],
            [3, []],
            [2, []],
            [8, [15]],
            [4, []],
            [15, []],
            [17, []],
            [18, []],
            [16, []],
            [25, [25]],
            [26, [26, 27, 28, 29, 35]],
            [27, []],
            [28, []],
            [29, []],
            [14, []],
            [40, [50, 49, 40, 44, 42, 43, 36, 39]],
            [36, []],
            [39, []],
            [44, []],
            [42, []],
            [35, []],
            [43, []],
            [50, []],
            [49, []]
        ]
    ],
    [
        [
            [8, [15]],
            [11, [24, 23, 22, 21, 20, 19]]
        ],
        [
            [25, [25]],
            [20, [33, 32, 34, 31, 30]]
        ],
        [
            [26, [26, 27, 28, 29, 35]],
            [9, [37]]
        ],
        [
            [38, [45, 48, 47, 46, 41, 38]]
        ],
        [
            [40, [50, 49, 40, 44, 42, 43, 36, 39]]
        ]
    ]
]",1135.495097567964,"[
    [
        [
            [0, [7, 1, 12, 13, 11, 10, 9, 6, 5]],
            [7, []],
            [1, []],
            [12, []],
            [13, []],
            [11, [24, 23, 22, 21, 20, 19]],
            [10, []],
            [24, []],
            [23, []],
            [22, []],
            [21, []],
            [20, [33, 32, 34, 31, 30]],
            [19, []],
            [9, [37]],
            [6, []],
            [37, []],
            [38, [45, 48, 47, 46, 41, 38]],
            [41, []],
            [33, []],
            [32, []],
            [45, []],
            [48, []],
            [47, []],
            [46, []],
            [34, []],
            [31, []],
            [30, []],
            [5, []]
        ],
        [
            [0, [3, 2, 8, 4, 17, 18, 16, 14]],
            [3, []],
            [2, []],
            [8, [15]],
            [4, []],
            [15, []],
            [17, []],
            [18, []],
            [16, []],
            [25, [25]],
            [26, [26, 27, 28, 29, 35]],
            [27, []],
            [28, []],
            [29, []],
            [14, []],
            [40, [50, 49, 40, 44, 42, 43, 36, 39]],
            [36, []],
            [39, []],
            [44, []],
            [42, []],
            [35, []],
            [43, []],
            [50, []],
            [49, []]
        ]
    ],
    [
        [
            [8, [15]],
            [11, [24, 23, 22, 21, 20, 19]]
        ],
        [
            [25, [25]],
            [20, [33, 32, 34, 31, 30]]
        ],
        [
            [26, [26, 27, 28, 29, 35]],
            [9, [37]]
        ],
        [
            [38, [45, 48, 47, 46, 41, 38]]
        ],
        [
            [40, [50, 49, 40, 44, 42, 43, 36, 39]]
        ]
    ]
]",546.3699029710014,3,5,6.6,546.3699029710014,3,5,6.6,results/sol_best_R101_1.5.dat_A8_L90_pid2766.txt,results/sol_best_multi_R101_1.5.dat_A8_L90_pid2766.txt,R101_1.5.dat_A8_L90_r1.log
83,test_data/data_demand_random_50_batch_all1_equal_cluster/R101_1.5.dat,8.0,90.0,2,1344.0,"[
    [
        [
            [0, [13, 11, 10, 4, 16, 18, 1, 9, 6]],
            [13, []],
            [11, []],
            [10, []],
            [4, [24, 23, 22, 21, 20]],
            [16, []],
            [18, []],
            [26, [26]],
            [25, [25]],
            [1, [45, 48, 47, 46]],
            [24, []],
            [23, []],
            [22, []],
            [21, []],
            [20, [33, 32, 34, 31, 30]],
            [9, []],
            [6, []],
            [38, [38, 41]],
            [41, []],
            [33, []],
            [32, []],
            [45, []],
            [48, []],
            [47, []],
            [46, []],
            [34, []],
            [31, []],
            [30, []]
        ],
        [
            [0, [2, 3, 5, 8, 7, 15, 14, 12]],
            [2, []],
            [3, []],
            [5, []],
            [8, []],
            [7, []],
            [15, []],
            [17, [17]],
            [27, [27]],
            [28, [28, 29, 37]],
            [29, []],
            [14, []],
            [19, [19]],
            [12, []],
            [37, []],
            [40, [40]],
            [36, [36]],
            [39, [39, 42, 44, 35, 43, 50, 49]],
            [44, []],
            [42, []],
            [35, []],
            [43, []],
            [50, []],
            [49, []]
        ]
    ],
    [
        [
            [4, [24, 23, 22, 21, 20]],
            [17, [17]]
        ],
        [
            [26, [26]],
            [27, [27]]
        ],
        [
            [28, [28, 29, 37]],
            [25, [25]]
        ],
        [
            [1, [45, 48, 47, 46]],
            [19, [19]]
        ],
        [
            [20, [33, 32, 34, 31, 30]]
        ],
        [
            [40, [40]]
        ],
        [
            [38, [38, 41]],
            [36, [36]]
        ],
        [
            [39, [39, 42, 44, 35, 43, 50, 49]]
        ]
    ]
]",1344.0,"[
    [
        [
            [0, [13, 11, 10, 4, 16, 18, 1, 9, 6]],
            [13, []],
            [11, []],
            [10, []],
            [4, [24, 23, 22, 21, 20]],
            [16, []],
            [18, []],
            [26, [26]],
            [25, [25]],
            [1, [45, 48, 47, 46]],
            [24, []],
            [23, []],
            [22, []],
            [21, []],
            [20, [33, 32, 34, 31, 30]],
            [9, []],
            [6, []],
            [38, [38, 41]],
            [41, []],
            [33, []],
            [32, []],
            [45, []],
            [48, []],
            [47, []],
            [46, []],
            [34, []],
            [31, []],
            [30, []]
        ],
        [
            [0, [2, 3, 5, 8, 7, 15, 14, 12]],
            [2, []],
            [3, []],
            [5, []],
            [8, []],
            [7, []],
            [15, []],
            [17, [17]],
            [27, [27]],
            [28, [28, 29, 37]],
            [29, []],
            [14, []],
            [19, [19]],
            [12, []],
            [37, []],
            [40, [40]],
            [36, [36]],
            [39, [39, 42, 44, 35, 43, 50, 49]],
            [44, []],
            [42, []],
            [35, []],
            [43, []],
            [50, []],
            [49, []]
        ]
    ],
    [
        [
            [4, [24, 23, 22, 21, 20]],
            [17, [17]]
        ],
        [
            [26, [26]],
            [27, [27]]
        ],
        [
            [28, [28, 29, 37]],
            [25, [25]]
        ],
        [
            [1, [45, 48, 47, 46]],
            [19, [19]]
        ],
        [
            [20, [33, 32, 34, 31, 30]]
        ],
        [
            [40, [40]]
        ],
        [
            [38, [38, 41]],
            [36, [36]]
        ],
        [
            [39, [39, 42, 44, 35, 43, 50, 49]]
        ]
    ]
]",680.8976306764457,5,8,4.125,680.8976306764457,5,8,4.125,results/sol_best_R101_1.5.dat_A8_L90_pid2767.txt,results/sol_best_multi_R101_1.5.dat_A8_L90_pid2767.txt,R101_1.5.dat_A8_L90_r2.log
84,test_data/data_demand_random_50_batch_all1_equal_cluster/R101_1.5.dat,8.0,120.0,1,1402.0,"[
    [
        [
            [0, [10, 6, 4, 1, 12, 13, 23, 22, 24, 21, 20, 19, 11, 9]],
            [10, []],
            [6, [37, 38, 33, 32, 34, 31, 30]],
            [4, [41]],
            [1, [45, 48, 47, 46]],
            [12, []],
            [13, []],
            [23, []],
            [22, []],
            [24, []],
            [21, []],
            [20, []],
            [19, []],
            [11, []],
            [9, []],
            [37, []],
            [38, []],
            [41, []],
            [33, []],
            [32, []],
            [45, []],
            [48, []],
            [47, []],
            [46, []],
            [34, []],
            [31, []],
            [30, []]
        ],
        [
            [0, [2, 3, 5, 8, 15, 17, 18, 16, 26, 27, 28, 29, 14]],
            [2, []],
            [3, []],
            [5, []],
            [8, []],
            [7, [7]],
            [15, []],
            [17, []],
            [18, []],
            [16, [40, 44, 42, 43]],
            [25, [25]],
            [26, []],
            [27, []],
            [28, []],
            [29, []],
            [14, []],
            [40, [50, 49, 36, 39, 35]],
            [36, []],
            [39, []],
            [44, []],
            [42, []],
            [35, []],
            [43, []],
            [50, []],
            [49, []]
        ]
    ],
    [
        [
            [7, [7]],
            [6, [37, 38, 33, 32, 34, 31, 30]]
        ],
        [
            [4, [41]],
            [16, [40, 44, 42, 43]]
        ],
        [
            [1, [45, 48, 47, 46]],
            [25, [25]]
        ],
        [
            [40, [50, 49, 36, 39, 35]]
        ]
    ]
]",1402.0,"[
    [
        [
            [0, [10, 6, 4, 1, 12, 13, 23, 22, 24, 21, 20, 19, 11, 9]],
            [10, []],
            [6, [37, 38, 33, 32, 34, 31, 30]],
            [4, [41]],
            [1, [45, 48, 47, 46]],
            [12, []],
            [13, []],
            [23, []],
            [22, []],
            [24, []],
            [21, []],
            [20, []],
            [19, []],
            [11, []],
            [9, []],
            [37, []],
            [38, []],
            [41, []],
            [33, []],
            [32, []],
            [45, []],
            [48, []],
            [47, []],
            [46, []],
            [34, []],
            [31, []],
            [30, []]
        ],
        [
            [0, [2, 3, 5, 8, 15, 17, 18, 16, 26, 27, 28, 29, 14]],
            [2, []],
            [3, []],
            [5, []],
            [8, []],
            [7, [7]],
            [15, []],
            [17, []],
            [18, []],
            [16, [40, 44, 42, 43]],
            [25, [25]],
            [26, []],
            [27, []],
            [28, []],
            [29, []],
            [14, []],
            [40, [50, 49, 36, 39, 35]],
            [36, []],
            [39, []],
            [44, []],
            [42, []],
            [35, []],
            [43, []],
            [50, []],
            [49, []]
        ]
    ],
    [
        [
            [7, [7]],
            [6, [37, 38, 33, 32, 34, 31, 30]]
        ],
        [
            [4, [41]],
            [16, [40, 44, 42, 43]]
        ],
        [
            [1, [45, 48, 47, 46]],
            [25, [25]]
        ],
        [
            [40, [50, 49, 36, 39, 35]]
        ]
    ]
]",645.8500794344725,3,4,5.75,645.8500794344725,3,4,5.75,results/sol_best_R101_1.5.dat_A8_L120_pid2671.txt,results/sol_best_multi_R101_1.5.dat_A8_L120_pid2671.txt,R101_1.5.dat_A8_L120_r1.log
84,test_data/data_demand_random_50_batch_all1_equal_cluster/R101_1.5.dat,8.0,120.0,2,1340.0,"[
    [
        [
            [0, [14, 12, 13, 11, 10, 9, 6, 4]],
            [3, [3]],
            [27, [27, 33, 32, 34, 31, 30]],
            [14, []],
            [12, [22, 21, 20]],
            [13, []],
            [11, []],
            [10, []],
            [50, [50]],
            [22, []],
            [21, []],
            [20, []],
            [19, [19]],
            [9, []],
            [6, [37, 38]],
            [37, []],
            [38, []],
            [33, []],
            [32, []],
            [4, [45, 48, 47, 46]],
            [45, []],
            [48, []],
            [47, []],
            [46, []],
            [34, []],
            [31, []],
            [30, []]
        ],
        [
            [0, [5, 8, 7, 15, 17, 2, 18, 16]],
            [1, [1]],
            [5, []],
            [8, []],
            [7, []],
            [15, []],
            [17, []],
            [23, [23, 24]],
            [24, []],
            [2, [25, 26, 29, 28]],
            [18, []],
            [16, [44, 42, 43]],
            [25, []],
            [26, [36, 39, 35]],
            [29, []],
            [28, []],
            [41, [49, 41, 40]],
            [40, []],
            [36, []],
            [39, []],
            [44, []],
            [42, []],
            [43, []],
            [35, []],
            [49, []]
        ]
    ],
    [
        [
            [1, [1]],
            [3, [3]]
        ],
        [
            [27, [27, 33, 32, 34, 31, 30]]
        ],
        [
            [23, [23, 24]],
            [12, [22, 21, 20]]
        ],
        [
            [50, [50]]
        ],
        [
            [2, [25, 26, 29, 28]]
        ],
        [
            [16, [44, 42, 43]],
            [19, [19]]
        ],
        [
            [26, [36, 39, 35]],
            [6, [37, 38]]
        ],
        [
            [41, [49, 41, 40]],
            [4, [45, 48, 47, 46]]
        ]
    ]
]",1340.0,"[
    [
        [
            [0, [14, 12, 13, 11, 10, 9, 6, 4]],
            [3, [3]],
            [27, [27, 33, 32, 34, 31, 30]],
            [14, []],
            [12, [22, 21, 20]],
            [13, []],
            [11, []],
            [10, []],
            [50, [50]],
            [22, []],
            [21, []],
            [20, []],
            [19, [19]],
            [9, []],
            [6, [37, 38]],
            [37, []],
            [38, []],
            [33, []],
            [32, []],
            [4, [45, 48, 47, 46]],
            [45, []],
            [48, []],
            [47, []],
            [46, []],
            [34, []],
            [31, []],
            [30, []]
        ],
        [
            [0, [5, 8, 7, 15, 17, 2, 18, 16]],
            [1, [1]],
            [5, []],
            [8, []],
            [7, []],
            [15, []],
            [17, []],
            [23, [23, 24]],
            [24, []],
            [2, [25, 26, 29, 28]],
            [18, []],
            [16, [44, 42, 43]],
            [25, []],
            [26, [36, 39, 35]],
            [29, []],
            [28, []],
            [41, [49, 41, 40]],
            [40, []],
            [36, []],
            [39, []],
            [44, []],
            [42, []],
            [43, []],
            [35, []],
            [49, []]
        ]
    ],
    [
        [
            [1, [1]],
            [3, [3]]
        ],
        [
            [27, [27, 33, 32, 34, 31, 30]]
        ],
        [
            [23, [23, 24]],
            [12, [22, 21, 20]]
        ],
        [
            [50, [50]]
        ],
        [
            [2, [25, 26, 29, 28]]
        ],
        [
            [16, [44, 42, 43]],
            [19, [19]]
        ],
        [
            [26, [36, 39, 35]],
            [6, [37, 38]]
        ],
        [
            [41, [49, 41, 40]],
            [4, [45, 48, 47, 46]]
        ]
    ]
]",600.3261177378449,5,8,4.25,600.3261177378449,5,8,4.25,results/sol_best_R101_1.5.dat_A8_L120_pid2672.txt,results/sol_best_multi_R101_1.5.dat_A8_L120_pid2672.txt,R101_1.5.dat_A8_L120_r2.log
85,test_data/data_demand_random_50_batch_all1_equal_cluster/R101_1.dat,4.0,60.0,1,1086.0,"[
    [
        [
            [0, [4, 3, 22, 23, 24, 25, 37, 36, 7, 31, 39, 29, 30, 50, 49, 48, 21, 47, 46, 16, 15, 14, 13, 1]],
            [4, []],
            [3, []],
            [22, []],
            [23, []],
            [24, []],
            [25, []],
            [37, []],
            [36, []],
            [7, []],
            [31, []],
            [39, []],
            [29, []],
            [30, []],
            [50, []],
            [49, []],
            [48, []],
            [21, []],
            [47, []],
            [46, []],
            [16, []],
            [15, []],
            [14, []],
            [13, []],
            [1, []]
        ],
        [
            [0, [2, 9, 10, 12, 11, 17, 18, 19, 20, 45, 44, 43, 41, 42, 26, 8, 6, 34, 33, 32, 35, 38, 40, 28, 27, 5]],
            [2, []],
            [9, []],
            [10, []],
            [12, []],
            [11, []],
            [17, []],
            [18, []],
            [19, []],
            [20, []],
            [45, []],
            [44, []],
            [43, []],
            [41, []],
            [42, []],
            [26, []],
            [8, []],
            [6, []],
            [34, []],
            [33, []],
            [32, []],
            [35, []],
            [38, []],
            [40, []],
            [28, []],
            [27, []],
            [5, []]
        ]
    ],
    [
    ]
]",,,0.0,0,0,0.0,,,,,results/sol_best_R101_1.dat_A4_L60_pid2866.txt,(not found),R101_1.dat_A4_L60_r1.log
85,test_data/data_demand_random_50_batch_all1_equal_cluster/R101_1.dat,4.0,60.0,2,1109.0,"[
    [
        [
            [0, [8, 22, 23, 24, 25, 36, 37, 7, 31, 39, 29, 30, 50, 49, 48, 47, 21, 20, 19, 18, 46, 16, 15, 14, 13, 1]],
            [8, []],
            [22, []],
            [23, []],
            [24, []],
            [25, []],
            [36, []],
            [37, []],
            [7, []],
            [31, []],
            [39, []],
            [29, []],
            [30, []],
            [50, []],
            [49, []],
            [48, []],
            [47, []],
            [21, []],
            [20, []],
            [19, []],
            [18, []],
            [46, []],
            [16, []],
            [15, []],
            [14, []],
            [13, []],
            [1, []]
        ],
        [
            [0, [2, 9, 17, 10, 12, 41, 26, 42, 43, 44, 45, 11, 4, 3, 6, 34, 33, 32, 35, 38, 40, 28, 27, 5]],
            [2, []],
            [9, []],
            [17, []],
            [10, []],
            [12, []],
            [41, []],
            [26, []],
            [42, []],
            [43, []],
            [44, []],
            [45, []],
            [11, []],
            [4, []],
            [3, []],
            [6, []],
            [34, []],
            [33, []],
            [32, []],
            [35, []],
            [38, []],
            [40, []],
            [28, []],
            [27, []],
            [5, []]
        ]
    ],
    [
    ]
]",,,0.0,0,0,0.0,,,,,results/sol_best_R101_1.dat_A4_L60_pid2867.txt,(not found),R101_1.dat_A4_L60_r2.log
86,test_data/data_demand_random_50_batch_all1_equal_cluster/R101_1.dat,4.0,90.0,1,1095.97,"[
    [
        [
            [0, [1, 18, 16, 29, 30, 13, 6, 8, 7, 34, 36, 26, 42, 43, 45, 44, 41, 4]],
            [1, []],
            [18, []],
            [47, [47, 46]],
            [46, []],
            [16, []],
            [29, []],
            [30, []],
            [13, [37]],
            [6, []],
            [8, []],
            [7, []],
            [34, []],
            [37, []],
            [36, []],
            [26, []],
            [42, []],
            [43, []],
            [45, []],
            [44, []],
            [41, []],
            [4, []]
        ],
        [
            [0, [2, 10, 9, 12, 11, 3, 15, 14, 5]],
            [2, []],
            [10, [20, 19, 21, 17]],
            [20, []],
            [19, [22, 23, 24, 25]],
            [21, []],
            [17, []],
            [9, []],
            [12, [40, 38, 39]],
            [11, []],
            [3, [32, 33, 35, 31]],
            [22, []],
            [23, []],
            [24, []],
            [25, []],
            [32, [28, 27]],
            [33, [50, 49, 48]],
            [40, []],
            [35, []],
            [38, []],
            [31, []],
            [39, []],
            [28, []],
            [50, []],
            [49, []],
            [48, []],
            [15, []],
            [14, []],
            [27, []],
            [5, []]
        ]
    ],
    [
        [
            [47, [47, 46]]
        ],
        [
            [10, [20, 19, 21, 17]]
        ],
        [
            [19, [22, 23, 24, 25]]
        ],
        [
            [12, [40, 38, 39]]
        ],
        [
            [3, [32, 33, 35, 31]]
        ],
        [
            [13, [37]],
            [32, [28, 27]]
        ],
        [
            [33, [50, 49, 48]]
        ]
    ]
]",1095.97,"[
    [
        [
            [0, [1, 18, 16, 29, 30, 13, 6, 8, 7, 34, 36, 26, 42, 43, 45, 44, 41, 4]],
            [1, []],
            [18, []],
            [47, [47, 46]],
            [46, []],
            [16, []],
            [29, []],
            [30, []],
            [13, [37]],
            [6, []],
            [8, []],
            [7, []],
            [34, []],
            [37, []],
            [36, []],
            [26, []],
            [42, []],
            [43, []],
            [45, []],
            [44, []],
            [41, []],
            [4, []]
        ],
        [
            [0, [2, 10, 9, 12, 11, 3, 15, 14, 5]],
            [2, []],
            [10, [20, 19, 21, 17]],
            [20, []],
            [19, [22, 23, 24, 25]],
            [21, []],
            [17, []],
            [9, []],
            [12, [40, 38, 39]],
            [11, []],
            [3, [32, 33, 35, 31]],
            [22, []],
            [23, []],
            [24, []],
            [25, []],
            [32, [28, 27]],
            [33, [50, 49, 48]],
            [40, []],
            [35, []],
            [38, []],
            [31, []],
            [39, []],
            [28, []],
            [50, []],
            [49, []],
            [48, []],
            [15, []],
            [14, []],
            [27, []],
            [5, []]
        ]
    ],
    [
        [
            [47, [47, 46]]
        ],
        [
            [10, [20, 19, 21, 17]]
        ],
        [
            [19, [22, 23, 24, 25]]
        ],
        [
            [12, [40, 38, 39]]
        ],
        [
            [3, [32, 33, 35, 31]]
        ],
        [
            [13, [37]],
            [32, [28, 27]]
        ],
        [
            [33, [50, 49, 48]]
        ]
    ]
]",450.2147262054473,1,7,3.2857142857142856,450.2147262054473,1,7,3.2857142857142856,results/sol_best_R101_1.dat_A4_L90_pid2743.txt,results/sol_best_multi_R101_1.dat_A4_L90_pid2743.txt,R101_1.dat_A4_L90_r1.log
86,test_data/data_demand_random_50_batch_all1_equal_cluster/R101_1.dat,4.0,90.0,2,1159.36,"[
    [
        [
            [0, [21, 18, 16, 30, 13, 6, 34, 37, 36, 26, 45, 44, 41, 4, 8, 7, 1]],
            [21, []],
            [18, []],
            [16, []],
            [50, [50, 42]],
            [30, []],
            [13, []],
            [6, []],
            [34, []],
            [37, []],
            [36, [43]],
            [26, []],
            [42, []],
            [43, []],
            [45, []],
            [44, []],
            [41, []],
            [4, []],
            [8, []],
            [7, []],
            [1, []]
        ],
        [
            [0, [10, 17, 2, 12, 11, 20, 19, 9, 3, 15, 14, 5]],
            [10, []],
            [17, [22, 23, 24, 25]],
            [2, [32, 33, 35, 31]],
            [12, [40, 38, 39]],
            [11, []],
            [20, []],
            [19, []],
            [9, []],
            [3, []],
            [22, []],
            [23, []],
            [24, []],
            [25, []],
            [33, []],
            [40, [49, 48, 47, 46]],
            [38, []],
            [35, []],
            [32, [28, 29, 27]],
            [31, []],
            [39, []],
            [28, []],
            [29, []],
            [49, []],
            [48, []],
            [47, []],
            [46, []],
            [15, []],
            [14, []],
            [27, []],
            [5, []]
        ]
    ],
    [
        [
            [50, [50, 42]]
        ],
        [
            [17, [22, 23, 24, 25]]
        ],
        [
            [2, [32, 33, 35, 31]]
        ],
        [
            [12, [40, 38, 39]]
        ],
        [
            [40, [49, 48, 47, 46]]
        ],
        [
            [36, [43]],
            [32, [28, 29, 27]]
        ]
    ]
]",1159.36,"[
    [
        [
            [0, [21, 18, 16, 30, 13, 6, 34, 37, 36, 26, 45, 44, 41, 4, 8, 7, 1]],
            [21, []],
            [18, []],
            [16, []],
            [50, [50, 42]],
            [30, []],
            [13, []],
            [6, []],
            [34, []],
            [37, []],
            [36, [43]],
            [26, []],
            [42, []],
            [43, []],
            [45, []],
            [44, []],
            [41, []],
            [4, []],
            [8, []],
            [7, []],
            [1, []]
        ],
        [
            [0, [10, 17, 2, 12, 11, 20, 19, 9, 3, 15, 14, 5]],
            [10, []],
            [17, [22, 23, 24, 25]],
            [2, [32, 33, 35, 31]],
            [12, [40, 38, 39]],
            [11, []],
            [20, []],
            [19, []],
            [9, []],
            [3, []],
            [22, []],
            [23, []],
            [24, []],
            [25, []],
            [33, []],
            [40, [49, 48, 47, 46]],
            [38, []],
            [35, []],
            [32, [28, 29, 27]],
            [31, []],
            [39, []],
            [28, []],
            [29, []],
            [49, []],
            [48, []],
            [47, []],
            [46, []],
            [15, []],
            [14, []],
            [27, []],
            [5, []]
        ]
    ],
    [
        [
            [50, [50, 42]]
        ],
        [
            [17, [22, 23, 24, 25]]
        ],
        [
            [2, [32, 33, 35, 31]]
        ],
        [
            [12, [40, 38, 39]]
        ],
        [
            [40, [49, 48, 47, 46]]
        ],
        [
            [36, [43]],
            [32, [28, 29, 27]]
        ]
    ]
]",521.0898807388335,1,6,3.5,521.0898807388335,1,6,3.5,results/sol_best_R101_1.dat_A4_L90_pid2744.txt,results/sol_best_multi_R101_1.dat_A4_L90_pid2744.txt,R101_1.dat_A4_L90_r2.log
87,test_data/data_demand_random_50_batch_all1_equal_cluster/R101_1.dat,4.0,120.0,1,1152.62,"[
    [
        [
            [0, [1, 18, 16, 29, 30, 15, 14, 13, 6, 8, 7, 37, 36, 26, 42, 43, 45, 44, 41, 4]],
            [1, []],
            [18, []],
            [47, [47, 46]],
            [46, []],
            [16, []],
            [29, []],
            [30, []],
            [15, []],
            [14, []],
            [13, []],
            [6, []],
            [8, []],
            [7, []],
            [34, [34]],
            [37, []],
            [36, []],
            [26, []],
            [42, []],
            [43, []],
            [45, []],
            [44, []],
            [41, []],
            [4, []]
        ],
        [
            [0, [10, 20, 21, 19, 12, 11, 17, 9, 2, 3, 5]],
            [10, [22, 23, 24, 25]],
            [20, [28, 27]],
            [21, []],
            [19, []],
            [12, [32, 33, 35, 31]],
            [11, []],
            [17, []],
            [9, []],
            [2, []],
            [3, []],
            [22, []],
            [23, []],
            [24, []],
            [25, []],
            [32, []],
            [33, []],
            [40, [40]],
            [35, []],
            [38, [38, 39, 50]],
            [31, []],
            [39, []],
            [28, []],
            [50, []],
            [49, [49, 48]],
            [48, []],
            [27, []],
            [5, []]
        ]
    ],
    [
        [
            [10, [22, 23, 24, 25]]
        ],
        [
            [20, [28, 27]]
        ],
        [
            [12, [32, 33, 35, 31]]
        ],
        [
            [40, [40]]
        ],
        [
            [47, [47, 46]]
        ],
        [
            [34, [34]],
            [38, [38, 39, 50]]
        ],
        [
            [49, [49, 48]]
        ]
    ]
]",1152.62,"[
    [
        [
            [0, [1, 18, 16, 29, 30, 15, 14, 13, 6, 8, 7, 37, 36, 26, 42, 43, 45, 44, 41, 4]],
            [1, []],
            [18, []],
            [47, [47, 46]],
            [46, []],
            [16, []],
            [29, []],
            [30, []],
            [15, []],
            [14, []],
            [13, []],
            [6, []],
            [8, []],
            [7, []],
            [34, [34]],
            [37, []],
            [36, []],
            [26, []],
            [42, []],
            [43, []],
            [45, []],
            [44, []],
            [41, []],
            [4, []]
        ],
        [
            [0, [10, 20, 21, 19, 12, 11, 17, 9, 2, 3, 5]],
            [10, [22, 23, 24, 25]],
            [20, [28, 27]],
            [21, []],
            [19, []],
            [12, [32, 33, 35, 31]],
            [11, []],
            [17, []],
            [9, []],
            [2, []],
            [3, []],
            [22, []],
            [23, []],
            [24, []],
            [25, []],
            [32, []],
            [33, []],
            [40, [40]],
            [35, []],
            [38, [38, 39, 50]],
            [31, []],
            [39, []],
            [28, []],
            [50, []],
            [49, [49, 48]],
            [48, []],
            [27, []],
            [5, []]
        ]
    ],
    [
        [
            [10, [22, 23, 24, 25]]
        ],
        [
            [20, [28, 27]]
        ],
        [
            [12, [32, 33, 35, 31]]
        ],
        [
            [40, [40]]
        ],
        [
            [47, [47, 46]]
        ],
        [
            [34, [34]],
            [38, [38, 39, 50]]
        ],
        [
            [49, [49, 48]]
        ]
    ]
]",574.0337374610929,1,7,2.7142857142857144,574.0337374610929,1,7,2.7142857142857144,results/sol_best_R101_1.dat_A4_L120_pid2823.txt,results/sol_best_multi_R101_1.dat_A4_L120_pid2823.txt,R101_1.dat_A4_L120_r1.log
87,test_data/data_demand_random_50_batch_all1_equal_cluster/R101_1.dat,4.0,120.0,2,1227.0,"[
    [
        [
            [0, [4, 8, 7, 1, 21, 18, 16, 30, 15, 14, 13, 6, 34, 37, 36, 26, 42, 43, 45, 44, 41]],
            [4, []],
            [8, []],
            [7, []],
            [1, []],
            [21, []],
            [18, []],
            [16, []],
            [50, [50]],
            [30, []],
            [15, []],
            [14, []],
            [13, []],
            [6, []],
            [34, []],
            [37, []],
            [36, []],
            [26, []],
            [42, []],
            [43, []],
            [45, []],
            [44, []],
            [41, []]
        ],
        [
            [0, [3, 12, 11, 10, 20, 19, 17, 9, 2, 22, 23, 24, 25, 32, 33, 35, 31, 28, 29, 27, 5]],
            [3, []],
            [12, []],
            [11, []],
            [10, []],
            [20, []],
            [19, []],
            [17, []],
            [9, []],
            [2, []],
            [22, []],
            [23, []],
            [24, []],
            [25, []],
            [32, [40, 38, 39]],
            [33, []],
            [40, [49, 48, 47, 46]],
            [35, []],
            [38, []],
            [31, []],
            [39, []],
            [28, []],
            [29, []],
            [49, []],
            [48, []],
            [47, []],
            [46, []],
            [27, []],
            [5, []]
        ]
    ],
    [
        [
            [50, [50]],
            [32, [40, 38, 39]]
        ],
        [
            [40, [49, 48, 47, 46]]
        ]
    ]
]",1227.0,"[
    [
        [
            [0, [4, 8, 7, 1, 21, 18, 16, 30, 15, 14, 13, 6, 34, 37, 36, 26, 42, 43, 45, 44, 41]],
            [4, []],
            [8, []],
            [7, []],
            [1, []],
            [21, []],
            [18, []],
            [16, []],
            [50, [50]],
            [30, []],
            [15, []],
            [14, []],
            [13, []],
            [6, []],
            [34, []],
            [37, []],
            [36, []],
            [26, []],
            [42, []],
            [43, []],
            [45, []],
            [44, []],
            [41, []]
        ],
        [
            [0, [3, 12, 11, 10, 20, 19, 17, 9, 2, 22, 23, 24, 25, 32, 33, 35, 31, 28, 29, 27, 5]],
            [3, []],
            [12, []],
            [11, []],
            [10, []],
            [20, []],
            [19, []],
            [17, []],
            [9, []],
            [2, []],
            [22, []],
            [23, []],
            [24, []],
            [25, []],
            [32, [40, 38, 39]],
            [33, []],
            [40, [49, 48, 47, 46]],
            [35, []],
            [38, []],
            [31, []],
            [39, []],
            [28, []],
            [29, []],
            [49, []],
            [48, []],
            [47, []],
            [46, []],
            [27, []],
            [5, []]
        ]
    ],
    [
        [
            [50, [50]],
            [32, [40, 38, 39]]
        ],
        [
            [40, [49, 48, 47, 46]]
        ]
    ]
]",818.9607522195784,1,2,4.0,818.9607522195784,1,2,4.0,results/sol_best_R101_1.dat_A4_L120_pid2824.txt,results/sol_best_multi_R101_1.dat_A4_L120_pid2824.txt,R101_1.dat_A4_L120_r2.log
88,test_data/data_demand_random_50_batch_all1_equal_cluster/R101_1.dat,8.0,60.0,1,1074.0,"[
    [
        [
            [0, [3, 8, 22, 23, 7, 6, 31, 32, 38, 39, 28, 29, 30, 50, 49, 48, 21, 47, 46, 16, 15, 14, 13, 1]],
            [3, []],
            [8, []],
            [22, []],
            [23, []],
            [7, []],
            [6, []],
            [31, []],
            [32, []],
            [38, []],
            [39, []],
            [28, []],
            [29, []],
            [30, []],
            [50, []],
            [49, []],
            [48, []],
            [21, []],
            [47, []],
            [46, []],
            [16, []],
            [15, []],
            [14, []],
            [13, []],
            [1, []]
        ],
        [
            [0, [4, 2, 9, 10, 12, 11, 17, 18, 19, 20, 45, 44, 43, 41, 42, 26, 24, 25, 36, 37, 34, 33, 40, 35, 27, 5]],
            [4, []],
            [2, []],
            [9, []],
            [10, []],
            [12, []],
            [11, []],
            [17, []],
            [18, []],
            [19, []],
            [20, []],
            [45, []],
            [44, []],
            [43, []],
            [41, []],
            [42, []],
            [26, []],
            [24, []],
            [25, []],
            [36, []],
            [37, []],
            [34, []],
            [33, []],
            [40, []],
            [35, []],
            [27, []],
            [5, []]
        ]
    ],
    [
    ]
]",,,0.0,0,0,0.0,,,,,results/sol_best_R101_1.dat_A8_L60_pid2754.txt,(not found),R101_1.dat_A8_L60_r1.log
88,test_data/data_demand_random_50_batch_all1_equal_cluster/R101_1.dat,8.0,60.0,2,1109.0,"[
    [
        [
            [0, [4, 3, 22, 23, 24, 25, 36, 37, 7, 32, 31, 39, 29, 30, 50, 49, 48, 47, 21, 18, 46, 16, 15, 14, 13, 1]],
            [4, []],
            [3, []],
            [22, []],
            [23, []],
            [24, []],
            [25, []],
            [36, []],
            [37, []],
            [7, []],
            [32, []],
            [31, []],
            [39, []],
            [29, []],
            [30, []],
            [50, []],
            [49, []],
            [48, []],
            [47, []],
            [21, []],
            [18, []],
            [46, []],
            [16, []],
            [15, []],
            [14, []],
            [13, []],
            [1, []]
        ],
        [
            [0, [10, 11, 12, 41, 42, 26, 43, 44, 45, 20, 19, 17, 9, 2, 8, 6, 34, 33, 35, 38, 40, 28, 27, 5]],
            [10, []],
            [11, []],
            [12, []],
            [41, []],
            [42, []],
            [26, []],
            [43, []],
            [44, []],
            [45, []],
            [20, []],
            [19, []],
            [17, []],
            [9, []],
            [2, []],
            [8, []],
            [6, []],
            [34, []],
            [33, []],
            [35, []],
            [38, []],
            [40, []],
            [28, []],
            [27, []],
            [5, []]
        ]
    ],
    [
    ]
]",,,0.0,0,0,0.0,,,,,results/sol_best_R101_1.dat_A8_L60_pid2755.txt,(not found),R101_1.dat_A8_L60_r2.log
89,test_data/data_demand_random_50_batch_all1_equal_cluster/R101_1.dat,8.0,90.0,1,1078.36,"[
    [
        [
            [0, [1, 21, 18, 17, 16, 15, 14, 13, 6, 8, 7, 26, 20, 19, 4]],
            [1, []],
            [21, []],
            [18, []],
            [17, [29, 30]],
            [16, []],
            [29, []],
            [30, []],
            [15, []],
            [14, []],
            [13, []],
            [6, []],
            [8, []],
            [7, [42, 43, 45, 44, 41, 37, 36]],
            [37, []],
            [36, []],
            [26, []],
            [42, []],
            [43, []],
            [20, []],
            [19, []],
            [45, []],
            [44, []],
            [41, []],
            [4, []]
        ],
        [
            [0, [3, 10, 12, 11, 9, 2, 22, 23, 24, 25, 28, 27, 5]],
            [3, []],
            [10, [34, 32, 33, 35, 31]],
            [12, [40, 38, 39]],
            [11, []],
            [9, []],
            [2, []],
            [22, []],
            [23, []],
            [24, []],
            [25, []],
            [34, []],
            [32, []],
            [33, []],
            [40, []],
            [35, []],
            [38, []],
            [31, []],
            [39, []],
            [28, []],
            [50, [50, 49, 48, 47, 46]],
            [49, []],
            [48, []],
            [47, []],
            [46, []],
            [27, []],
            [5, []]
        ]
    ],
    [
        [
            [10, [34, 32, 33, 35, 31]],
            [17, [29, 30]]
        ],
        [
            [12, [40, 38, 39]]
        ],
        [
            [7, [42, 43, 45, 44, 41, 37, 36]]
        ],
        [
            [50, [50, 49, 48, 47, 46]]
        ]
    ]
]",1078.36,"[
    [
        [
            [0, [1, 21, 18, 17, 16, 15, 14, 13, 6, 8, 7, 26, 20, 19, 4]],
            [1, []],
            [21, []],
            [18, []],
            [17, [29, 30]],
            [16, []],
            [29, []],
            [30, []],
            [15, []],
            [14, []],
            [13, []],
            [6, []],
            [8, []],
            [7, [42, 43, 45, 44, 41, 37, 36]],
            [37, []],
            [36, []],
            [26, []],
            [42, []],
            [43, []],
            [20, []],
            [19, []],
            [45, []],
            [44, []],
            [41, []],
            [4, []]
        ],
        [
            [0, [3, 10, 12, 11, 9, 2, 22, 23, 24, 25, 28, 27, 5]],
            [3, []],
            [10, [34, 32, 33, 35, 31]],
            [12, [40, 38, 39]],
            [11, []],
            [9, []],
            [2, []],
            [22, []],
            [23, []],
            [24, []],
            [25, []],
            [34, []],
            [32, []],
            [33, []],
            [40, []],
            [35, []],
            [38, []],
            [31, []],
            [39, []],
            [28, []],
            [50, [50, 49, 48, 47, 46]],
            [49, []],
            [48, []],
            [47, []],
            [46, []],
            [27, []],
            [5, []]
        ]
    ],
    [
        [
            [10, [34, 32, 33, 35, 31]],
            [17, [29, 30]]
        ],
        [
            [12, [40, 38, 39]]
        ],
        [
            [7, [42, 43, 45, 44, 41, 37, 36]]
        ],
        [
            [50, [50, 49, 48, 47, 46]]
        ]
    ]
]",555.5140698219369,1,4,5.5,555.5140698219369,1,4,5.5,results/sol_best_R101_1.dat_A8_L90_pid2720.txt,results/sol_best_multi_R101_1.dat_A8_L90_pid2720.txt,R101_1.dat_A8_L90_r1.log
89,test_data/data_demand_random_50_batch_all1_equal_cluster/R101_1.dat,8.0,90.0,2,1136.0,"[
    [
        [
            [0, [2, 10, 4, 1, 16, 15, 14, 13, 6, 7]],
            [2, []],
            [10, [21, 18]],
            [17, [17]],
            [27, [27, 29, 30, 26]],
            [4, [42, 43, 45, 44, 41, 37, 36]],
            [1, []],
            [21, []],
            [18, []],
            [16, []],
            [29, []],
            [30, []],
            [15, []],
            [14, []],
            [13, []],
            [6, []],
            [7, []],
            [37, []],
            [36, []],
            [26, []],
            [42, []],
            [43, []],
            [45, []],
            [44, []],
            [41, []]
        ],
        [
            [0, [20, 19, 9, 12, 11, 3, 5]],
            [8, [8]],
            [20, []],
            [19, []],
            [9, [22, 23, 24, 25]],
            [12, [40]],
            [11, []],
            [3, []],
            [22, []],
            [23, []],
            [24, []],
            [25, []],
            [34, [34, 32, 33, 35, 31]],
            [32, []],
            [33, [50, 49, 48, 47, 46, 28]],
            [40, []],
            [35, []],
            [38, [38, 39]],
            [31, []],
            [39, []],
            [28, []],
            [50, []],
            [49, []],
            [48, []],
            [47, []],
            [46, []],
            [5, []]
        ]
    ],
    [
        [
            [10, [21, 18]]
        ],
        [
            [8, [8]],
            [17, [17]]
        ],
        [
            [27, [27, 29, 30, 26]],
            [9, [22, 23, 24, 25]]
        ],
        [
            [4, [42, 43, 45, 44, 41, 37, 36]],
            [12, [40]]
        ],
        [
            [34, [34, 32, 33, 35, 31]]
        ],
        [
            [33, [50, 49, 48, 47, 46, 28]]
        ],
        [
            [38, [38, 39]]
        ]
    ]
]",1136.0,"[
    [
        [
            [0, [2, 8, 4, 1, 6, 7]],
            [2, []],
            [8, []],
            [17, [17, 16, 15, 14, 13, 21, 18]],
            [27, [27, 29, 30, 26]],
            [4, [42, 43, 45, 44, 41, 37, 36]],
            [1, []],
            [21, []],
            [18, []],
            [16, []],
            [29, []],
            [30, []],
            [15, []],
            [14, []],
            [13, []],
            [6, []],
            [7, []],
            [37, []],
            [36, []],
            [26, []],
            [42, []],
            [43, []],
            [45, []],
            [44, []],
            [41, []]
        ],
        [
            [0, [20, 19, 9, 12, 11, 3, 5]],
            [10, [10]],
            [20, []],
            [19, []],
            [9, [22, 23, 24, 25]],
            [12, [40]],
            [11, []],
            [3, []],
            [22, []],
            [23, []],
            [24, []],
            [25, []],
            [34, [34, 32, 33, 35, 31]],
            [32, []],
            [33, [50, 49, 48, 47, 46, 28]],
            [40, []],
            [35, []],
            [38, [38, 39]],
            [31, []],
            [39, []],
            [28, []],
            [50, []],
            [49, []],
            [48, []],
            [47, []],
            [46, []],
            [5, []]
        ]
    ],
    [
        [
            [17, [17, 16, 15, 14, 13, 21, 18]],
            [10, [10]]
        ],
        [
            [27, [27, 29, 30, 26]],
            [9, [22, 23, 24, 25]]
        ],
        [
            [4, [42, 43, 45, 44, 41, 37, 36]],
            [12, [40]]
        ],
        [
            [34, [34, 32, 33, 35, 31]]
        ],
        [
            [33, [50, 49, 48, 47, 46, 28]]
        ],
        [
            [38, [38, 39]]
        ]
    ]
]",464.7354488331079,3,7,4.714285714285714,478.8405089676947,3,6,6.166666666666667,results/sol_best_R101_1.dat_A8_L90_pid2721.txt,results/sol_best_multi_R101_1.dat_A8_L90_pid2721.txt,R101_1.dat_A8_L90_r2.log
90,test_data/data_demand_random_50_batch_all1_equal_cluster/R101_1.dat,8.0,120.0,1,1137.0,"[
    [
        [
            [0, [21, 18, 16, 15, 14, 13, 7, 6, 1, 25, 26, 4, 8]],
            [21, [29, 30]],
            [18, []],
            [16, []],
            [29, []],
            [30, []],
            [15, []],
            [14, []],
            [13, []],
            [7, [42, 43, 45, 44, 41, 34]],
            [6, []],
            [1, []],
            [34, []],
            [37, [37, 36]],
            [36, []],
            [25, []],
            [26, []],
            [42, []],
            [43, []],
            [45, []],
            [44, []],
            [41, []],
            [4, []],
            [8, []]
        ],
        [
            [0, [10, 12, 11, 20, 19, 9, 17, 3, 2, 22, 23, 24, 5]],
            [10, [28, 27]],
            [12, []],
            [11, []],
            [20, []],
            [19, []],
            [9, []],
            [17, []],
            [3, [40, 38, 39, 32, 33, 35, 31]],
            [2, []],
            [22, []],
            [23, []],
            [24, []],
            [32, []],
            [33, [50, 49, 48, 47, 46]],
            [40, []],
            [35, []],
            [38, []],
            [31, []],
            [39, []],
            [28, []],
            [50, []],
            [49, []],
            [48, []],
            [47, []],
            [46, []],
            [27, []],
            [5, []]
        ]
    ],
    [
        [
            [10, [28, 27]]
        ],
        [
            [21, [29, 30]]
        ],
        [
            [7, [42, 43, 45, 44, 41, 34]]
        ],
        [
            [3, [40, 38, 39, 32, 33, 35, 31]]
        ],
        [
            [33, [50, 49, 48, 47, 46]],
            [37, [37, 36]]
        ]
    ]
]",1137.0,"[
    [
        [
            [0, [21, 18, 16, 15, 14, 13, 7, 6, 1, 25, 26, 4, 8]],
            [21, [29, 30]],
            [18, []],
            [16, []],
            [29, []],
            [30, []],
            [15, []],
            [14, []],
            [13, []],
            [7, [42, 43, 45, 44, 41, 34]],
            [6, []],
            [1, []],
            [34, []],
            [37, [37, 36]],
            [36, []],
            [25, []],
            [26, []],
            [42, []],
            [43, []],
            [45, []],
            [44, []],
            [41, []],
            [4, []],
            [8, []]
        ],
        [
            [0, [10, 11, 20, 19, 9, 17, 2, 3, 22, 23, 24, 28, 27, 5]],
            [10, []],
            [12, [12]],
            [11, []],
            [20, []],
            [19, []],
            [9, []],
            [17, []],
            [2, [40, 38, 39, 32, 33, 35, 31]],
            [3, []],
            [22, []],
            [23, []],
            [24, []],
            [32, []],
            [33, [50, 49, 48, 47, 46]],
            [40, []],
            [35, []],
            [38, []],
            [31, []],
            [39, []],
            [28, []],
            [50, []],
            [49, []],
            [48, []],
            [47, []],
            [46, []],
            [27, []],
            [5, []]
        ]
    ],
    [
        [
            [21, [29, 30]],
            [12, [12]]
        ],
        [
            [7, [42, 43, 45, 44, 41, 34]]
        ],
        [
            [2, [40, 38, 39, 32, 33, 35, 31]]
        ],
        [
            [33, [50, 49, 48, 47, 46]],
            [37, [37, 36]]
        ]
    ]
]",487.40252840305993,1,5,4.8,551.3867436186646,2,4,5.75,results/sol_best_R101_1.dat_A8_L120_pid2753.txt,results/sol_best_multi_R101_1.dat_A8_L120_pid2753.txt,R101_1.dat_A8_L120_r1.log
90,test_data/data_demand_random_50_batch_all1_equal_cluster/R101_1.dat,8.0,120.0,2,1170.36,"[
    [
        [
            [0, [4, 6, 7, 8, 13, 14, 15, 16, 18, 21, 11, 10, 26]],
            [4, [29, 30]],
            [6, []],
            [7, []],
            [8, [34]],
            [1, [1]],
            [13, []],
            [14, []],
            [15, []],
            [30, []],
            [29, []],
            [16, []],
            [18, []],
            [21, []],
            [11, []],
            [10, []],
            [41, [42, 43, 45, 44, 41, 37, 36]],
            [44, []],
            [45, []],
            [43, []],
            [42, []],
            [26, []],
            [36, []],
            [37, []],
            [34, []]
        ],
        [
            [0, [2, 12, 9, 17, 19, 20, 22, 23, 24, 25, 28, 27, 5]],
            [3, [3]],
            [2, [32, 33, 35, 31]],
            [12, [40, 38, 39]],
            [9, []],
            [17, []],
            [19, []],
            [20, []],
            [22, []],
            [23, []],
            [24, []],
            [25, []],
            [32, []],
            [33, [50, 49, 48, 47, 46]],
            [40, []],
            [35, []],
            [38, []],
            [31, []],
            [39, []],
            [28, []],
            [50, []],
            [49, []],
            [48, []],
            [47, []],
            [46, []],
            [27, []],
            [5, []]
        ]
    ],
    [
        [
            [4, [29, 30]],
            [3, [3]]
        ],
        [
            [2, [32, 33, 35, 31]],
            [8, [34]]
        ],
        [
            [12, [40, 38, 39]],
            [1, [1]]
        ],
        [
            [41, [42, 43, 45, 44, 41, 37, 36]]
        ],
        [
            [33, [50, 49, 48, 47, 46]]
        ]
    ]
]",1170.36,"[
    [
        [
            [0, [4, 6, 7, 8, 13, 14, 15, 16, 18, 21, 11, 10, 26]],
            [4, [29, 30]],
            [6, []],
            [7, []],
            [8, [34]],
            [1, [1]],
            [13, []],
            [14, []],
            [15, []],
            [30, []],
            [29, []],
            [16, []],
            [18, []],
            [21, []],
            [11, []],
            [10, []],
            [41, [42, 43, 45, 44, 41, 37, 36]],
            [44, []],
            [45, []],
            [43, []],
            [42, []],
            [26, []],
            [36, []],
            [37, []],
            [34, []]
        ],
        [
            [0, [2, 12, 9, 17, 19, 20, 22, 23, 24, 25, 28, 27, 5]],
            [3, [3]],
            [2, [32, 33, 35, 31]],
            [12, [40, 38, 39]],
            [9, []],
            [17, []],
            [19, []],
            [20, []],
            [22, []],
            [23, []],
            [24, []],
            [25, []],
            [32, []],
            [33, [50, 49, 48, 47, 46]],
            [40, []],
            [35, []],
            [38, []],
            [31, []],
            [39, []],
            [28, []],
            [50, []],
            [49, []],
            [48, []],
            [47, []],
            [46, []],
            [27, []],
            [5, []]
        ]
    ],
    [
        [
            [4, [29, 30]],
            [3, [3]]
        ],
        [
            [2, [32, 33, 35, 31]],
            [8, [34]]
        ],
        [
            [12, [40, 38, 39]],
            [1, [1]]
        ],
        [
            [41, [42, 43, 45, 44, 41, 37, 36]]
        ],
        [
            [33, [50, 49, 48, 47, 46]]
        ]
    ]
]",525.8739125073241,3,5,4.8,525.8739125073241,3,5,4.8,results/sol_best_R101_1.dat_A8_L120_pid2754.txt,results/sol_best_multi_R101_1.dat_A8_L120_pid2754.txt,R101_1.dat_A8_L120_r2.log
91,test_data/data_demand_random_50_batch_all1_equal_cluster/R101_2.5.dat,4.0,60.0,1,1653.0,"[
    [
        [
            [0, [1, 24, 9, 8, 5, 3, 4, 17, 18, 20, 21, 36, 22, 38, 37, 10, 12, 13, 15, 25, 27, 35, 34, 33, 16, 32]],
            [1, []],
            [24, []],
            [9, []],
            [8, []],
            [5, []],
            [3, []],
            [4, []],
            [17, []],
            [18, []],
            [20, []],
            [21, []],
            [36, []],
            [22, [40, 41]],
            [40, []],
            [41, []],
            [43, [44, 43, 50]],
            [44, []],
            [50, []],
            [38, []],
            [37, []],
            [10, []],
            [12, []],
            [13, []],
            [15, []],
            [25, []],
            [27, []],
            [35, []],
            [34, []],
            [33, []],
            [16, []],
            [32, []]
        ],
        [
            [0, [31, 26, 28, 30, 29, 14, 11, 45, 46, 47, 48, 49, 7, 6, 39, 42, 23, 19, 2]],
            [31, []],
            [26, []],
            [28, []],
            [30, []],
            [29, []],
            [14, []],
            [11, []],
            [45, []],
            [46, []],
            [47, []],
            [48, []],
            [49, []],
            [7, []],
            [6, []],
            [39, []],
            [42, []],
            [23, []],
            [19, []],
            [2, []]
        ]
    ],
    [
        [
            [22, [40, 41]]
        ],
        [
            [43, [44, 43, 50]]
        ]
    ]
]",,,1112.3793459080125,0,2,2.5,,,,,results/sol_best_R101_2.5.dat_A4_L60_pid2663.txt,(not found),R101_2.5.dat_A4_L60_r1.log
91,test_data/data_demand_random_50_batch_all1_equal_cluster/R101_2.5.dat,4.0,60.0,2,1584.0,"[
    [
        [
            [0, [1, 2, 17, 16, 14, 15, 13, 12, 11, 8, 5, 3, 4, 22, 21, 20, 18, 19, 10, 9]],
            [1, []],
            [2, []],
            [17, []],
            [16, []],
            [14, []],
            [25, [25, 23, 30]],
            [30, []],
            [15, []],
            [13, []],
            [12, []],
            [11, []],
            [8, []],
            [5, []],
            [3, [37, 36]],
            [4, []],
            [23, []],
            [22, []],
            [36, []],
            [21, []],
            [20, []],
            [18, []],
            [19, [41, 34, 40]],
            [40, []],
            [41, []],
            [43, [43, 35, 32, 31]],
            [44, [49, 50, 44, 33]],
            [49, []],
            [50, []],
            [37, []],
            [10, []],
            [9, []],
            [32, []],
            [31, []],
            [35, []],
            [34, []],
            [33, []]
        ],
        [
            [0, [24, 27, 26, 29, 28, 45, 46, 47, 48, 38, 7, 6, 42, 39]],
            [24, []],
            [27, []],
            [26, []],
            [29, []],
            [28, []],
            [45, []],
            [46, []],
            [47, []],
            [48, []],
            [38, []],
            [7, []],
            [6, []],
            [42, []],
            [39, []]
        ]
    ],
    [
        [
            [25, [25, 23, 30]]
        ],
        [
            [3, [37, 36]]
        ],
        [
            [19, [41, 34, 40]]
        ],
        [
            [43, [43, 35, 32, 31]]
        ],
        [
            [44, [49, 50, 44, 33]]
        ]
    ]
]",,,958.7083573026179,0,5,3.2,,,,,results/sol_best_R101_2.5.dat_A4_L60_pid2664.txt,(not found),R101_2.5.dat_A4_L60_r2.log
92,test_data/data_demand_random_50_batch_all1_equal_cluster/R101_2.5.dat,4.0,90.0,1,1553.0,"[
    [
        [
            [0, [12, 11, 10, 9, 8, 5, 3, 4, 23, 22, 19, 18, 17, 16, 15, 14, 29, 30, 28, 26, 27, 21, 20, 31, 25, 24, 7]],
            [12, []],
            [11, []],
            [10, []],
            [9, []],
            [8, []],
            [5, []],
            [3, []],
            [4, []],
            [23, []],
            [22, []],
            [19, [38, 32, 36]],
            [18, []],
            [17, []],
            [16, []],
            [32, []],
            [15, []],
            [14, []],
            [29, []],
            [30, [43, 34, 35, 33]],
            [28, []],
            [26, []],
            [27, []],
            [35, []],
            [34, []],
            [21, []],
            [36, []],
            [20, []],
            [33, []],
            [31, []],
            [25, []],
            [24, []],
            [38, []],
            [44, [44]],
            [43, []],
            [7, []]
        ],
        [
            [0, [2, 6, 39, 42, 40, 41, 49, 48, 50, 46, 47, 37, 45, 13, 1]],
            [2, []],
            [6, []],
            [39, []],
            [42, []],
            [40, []],
            [41, []],
            [49, []],
            [48, []],
            [50, []],
            [46, []],
            [47, []],
            [37, []],
            [45, []],
            [13, []],
            [1, []]
        ]
    ],
    [
        [
            [19, [38, 32, 36]]
        ],
        [
            [30, [43, 34, 35, 33]]
        ],
        [
            [44, [44]]
        ]
    ]
]",1573.0,"[
    [
        [
            [0, [12, 11, 10, 9, 8, 5, 3, 4, 23, 22, 19, 17, 16, 15, 28, 14, 29, 30, 26, 27, 31, 20, 18, 21, 25, 24, 7]],
            [12, []],
            [11, []],
            [10, []],
            [9, []],
            [8, []],
            [5, []],
            [3, []],
            [4, []],
            [23, []],
            [22, []],
            [19, [38, 32, 36]],
            [17, []],
            [16, []],
            [15, []],
            [28, []],
            [14, []],
            [29, []],
            [30, [43, 34, 35, 33]],
            [26, []],
            [27, []],
            [31, []],
            [33, []],
            [20, []],
            [18, []],
            [36, []],
            [21, []],
            [34, []],
            [35, []],
            [32, []],
            [25, []],
            [24, []],
            [38, []],
            [43, [44]],
            [44, []],
            [7, []]
        ],
        [
            [0, [2, 6, 39, 42, 40, 41, 49, 48, 50, 47, 46, 37, 45, 13]],
            [2, []],
            [6, []],
            [39, []],
            [42, []],
            [40, []],
            [41, []],
            [49, []],
            [48, []],
            [50, []],
            [47, []],
            [46, []],
            [37, []],
            [45, []],
            [13, []],
            [1, [1]]
        ]
    ],
    [
        [
            [19, [38, 32, 36]]
        ],
        [
            [30, [43, 34, 35, 33]]
        ],
        [
            [43, [44]],
            [1, [1]]
        ]
    ]
]",1125.0513948090997,0,3,2.6666666666666665,1143.0974816826586,1,3,3.0,results/sol_best_R101_2.5.dat_A4_L90_pid2738.txt,results/sol_best_multi_R101_2.5.dat_A4_L90_pid2738.txt,R101_2.5.dat_A4_L90_r1.log
92,test_data/data_demand_random_50_batch_all1_equal_cluster/R101_2.5.dat,4.0,90.0,2,1545.0,"[
    [
        [
            [0, [1, 24, 13, 28, 15, 14, 12, 11, 10, 9, 8, 7, 5, 4, 23, 22, 19, 18, 20, 21, 31, 27, 30, 29, 26, 25, 6, 3]],
            [1, []],
            [24, []],
            [13, []],
            [28, []],
            [15, []],
            [14, []],
            [12, []],
            [11, []],
            [10, []],
            [9, []],
            [8, []],
            [7, []],
            [5, []],
            [4, []],
            [23, []],
            [22, []],
            [19, []],
            [18, []],
            [20, []],
            [36, [36]],
            [21, []],
            [34, [38, 37, 35, 34]],
            [35, []],
            [31, []],
            [27, []],
            [30, []],
            [29, []],
            [26, []],
            [25, []],
            [38, []],
            [46, [46, 45]],
            [45, []],
            [37, []],
            [6, []],
            [3, []]
        ],
        [
            [0, [2, 32, 33, 39, 42, 40, 41, 43, 44]],
            [2, []],
            [16, [16]],
            [32, []],
            [33, []],
            [17, [17]],
            [39, [49, 48, 50]],
            [42, []],
            [40, []],
            [41, []],
            [43, []],
            [44, []],
            [49, []],
            [48, []],
            [50, []],
            [47, [47]]
        ]
    ],
    [
        [
            [16, [16]]
        ],
        [
            [36, [36]],
            [17, [17]]
        ],
        [
            [34, [38, 37, 35, 34]]
        ],
        [
            [39, [49, 48, 50]]
        ],
        [
            [46, [46, 45]],
            [47, [47]]
        ]
    ]
]",1545.0,"[
    [
        [
            [0, [1, 24, 13, 28, 15, 14, 12, 11, 10, 9, 8, 7, 5, 4, 23, 22, 19, 18, 20, 21, 31, 27, 30, 29, 26, 25, 6, 3]],
            [1, []],
            [24, []],
            [13, []],
            [28, []],
            [15, []],
            [14, []],
            [12, []],
            [11, []],
            [10, []],
            [9, []],
            [8, []],
            [7, []],
            [5, []],
            [4, []],
            [23, []],
            [22, []],
            [19, []],
            [18, []],
            [20, []],
            [36, [36]],
            [21, []],
            [34, [38, 37, 35, 34]],
            [35, []],
            [31, []],
            [27, []],
            [30, []],
            [29, []],
            [26, []],
            [25, []],
            [38, []],
            [46, [46, 45]],
            [45, []],
            [37, []],
            [6, []],
            [3, []]
        ],
        [
            [0, [2, 32, 33, 39, 42, 40, 41, 43, 44]],
            [2, []],
            [16, [16]],
            [32, []],
            [33, []],
            [17, [17]],
            [39, [49, 48, 50]],
            [42, []],
            [40, []],
            [41, []],
            [43, []],
            [44, []],
            [49, []],
            [48, []],
            [50, []],
            [47, [47]]
        ]
    ],
    [
        [
            [16, [16]]
        ],
        [
            [36, [36]],
            [17, [17]]
        ],
        [
            [34, [38, 37, 35, 34]]
        ],
        [
            [39, [49, 48, 50]]
        ],
        [
            [46, [46, 45]],
            [47, [47]]
        ]
    ]
]",1140.6994721997091,2,5,2.6,1140.6994721997091,2,5,2.6,results/sol_best_R101_2.5.dat_A4_L90_pid2739.txt,results/sol_best_multi_R101_2.5.dat_A4_L90_pid2739.txt,R101_2.5.dat_A4_L90_r2.log
93,test_data/data_demand_random_50_batch_all1_equal_cluster/R101_2.5.dat,4.0,120.0,1,1485.0,"[
    [
        [
            [0, [2, 17, 16, 25, 15, 28, 30, 29, 14, 13, 10, 9, 3, 22, 19, 18, 20, 21, 27, 26, 31, 8, 5, 6, 7]],
            [2, []],
            [17, []],
            [16, []],
            [25, []],
            [15, []],
            [28, []],
            [30, []],
            [29, []],
            [14, []],
            [13, []],
            [10, []],
            [9, []],
            [3, []],
            [22, []],
            [19, []],
            [18, []],
            [20, []],
            [21, []],
            [34, [34, 33, 35]],
            [33, []],
            [35, []],
            [27, []],
            [26, [32, 49, 43, 38]],
            [31, []],
            [32, []],
            [8, []],
            [5, []],
            [6, []],
            [43, []],
            [49, []],
            [38, []],
            [7, []]
        ],
        [
            [0, [4, 23, 36, 42, 39, 40, 41, 44, 37, 11, 12, 24, 1]],
            [4, []],
            [23, []],
            [36, []],
            [42, []],
            [39, []],
            [40, []],
            [41, []],
            [44, []],
            [48, [46, 45, 47, 48]],
            [50, [50]],
            [47, []],
            [46, []],
            [37, []],
            [45, []],
            [11, []],
            [12, []],
            [24, []],
            [1, []]
        ]
    ],
    [
        [
            [34, [34, 33, 35]]
        ],
        [
            [26, [32, 49, 43, 38]]
        ],
        [
            [48, [46, 45, 47, 48]]
        ],
        [
            [50, [50]]
        ]
    ]
]",1489.0,"[
    [
        [
            [0, [2, 17, 16, 25, 15, 28, 30, 29, 14, 13, 10, 9, 3, 22, 19, 18, 20, 21, 27, 26, 31, 8, 6, 7]],
            [2, []],
            [17, []],
            [16, []],
            [25, []],
            [15, []],
            [28, []],
            [30, []],
            [29, []],
            [14, []],
            [13, []],
            [10, []],
            [9, []],
            [3, []],
            [22, []],
            [19, []],
            [18, []],
            [20, []],
            [21, []],
            [34, [34, 33, 35]],
            [33, []],
            [35, []],
            [27, []],
            [26, [32, 49, 43, 38]],
            [31, []],
            [32, []],
            [8, []],
            [5, [5]],
            [6, []],
            [43, []],
            [49, []],
            [38, []],
            [7, []]
        ],
        [
            [0, [4, 23, 36, 42, 39, 40, 41, 44, 37, 11, 12, 24, 1]],
            [4, []],
            [23, []],
            [36, []],
            [42, []],
            [39, []],
            [40, []],
            [41, []],
            [44, []],
            [48, [46, 45, 47, 48]],
            [50, [50]],
            [47, []],
            [46, []],
            [45, []],
            [37, []],
            [11, []],
            [12, []],
            [24, []],
            [1, []]
        ]
    ],
    [
        [
            [34, [34, 33, 35]]
        ],
        [
            [26, [32, 49, 43, 38]]
        ],
        [
            [48, [46, 45, 47, 48]]
        ],
        [
            [50, [50]],
            [5, [5]]
        ]
    ]
]",1216.0602049103277,0,4,3.0,1218.4986881644043,1,4,3.25,results/sol_best_R101_2.5.dat_A4_L120_pid2877.txt,results/sol_best_multi_R101_2.5.dat_A4_L120_pid2877.txt,R101_2.5.dat_A4_L120_r1.log
93,test_data/data_demand_random_50_batch_all1_equal_cluster/R101_2.5.dat,4.0,120.0,2,1697.0,"[
    [
        [
            [0, [4, 1, 15, 14, 12, 11, 10, 9, 3, 23, 21, 22, 19, 18, 17, 16, 31, 27, 28, 30, 29, 26, 25, 5, 6, 8, 24]],
            [4, []],
            [1, []],
            [15, []],
            [14, []],
            [12, []],
            [11, []],
            [10, []],
            [9, []],
            [3, []],
            [23, []],
            [21, []],
            [36, [36, 32]],
            [22, []],
            [19, []],
            [18, []],
            [17, []],
            [16, []],
            [32, []],
            [31, [38, 37, 35]],
            [35, []],
            [27, []],
            [28, []],
            [30, []],
            [29, [49, 43]],
            [26, []],
            [25, []],
            [5, []],
            [6, []],
            [43, []],
            [49, []],
            [38, []],
            [37, []],
            [8, []],
            [24, []]
        ],
        [
            [0, [33, 34, 20, 39, 42, 40, 41, 44, 7, 48, 50, 47, 46, 45, 13]],
            [2, [2]],
            [33, []],
            [34, []],
            [20, []],
            [39, []],
            [42, []],
            [40, []],
            [41, []],
            [44, []],
            [7, []],
            [48, []],
            [50, []],
            [47, []],
            [46, []],
            [45, []],
            [13, []]
        ]
    ],
    [
        [
            [36, [36, 32]]
        ],
        [
            [2, [2]],
            [31, [38, 37, 35]]
        ],
        [
            [29, [49, 43]]
        ]
    ]
]",1697.0,"[
    [
        [
            [0, [4, 1, 15, 14, 12, 11, 10, 9, 3, 23, 21, 22, 19, 18, 17, 16, 31, 27, 28, 30, 29, 26, 25, 5, 6, 8, 24]],
            [4, []],
            [1, []],
            [15, []],
            [14, []],
            [12, []],
            [11, []],
            [10, []],
            [9, []],
            [3, []],
            [23, []],
            [21, []],
            [36, [36, 32]],
            [22, []],
            [19, []],
            [18, []],
            [17, []],
            [16, []],
            [32, []],
            [31, [38, 37, 35]],
            [35, []],
            [27, []],
            [28, []],
            [30, []],
            [29, [49, 43]],
            [26, []],
            [25, []],
            [5, []],
            [6, []],
            [43, []],
            [49, []],
            [38, []],
            [37, []],
            [8, []],
            [24, []]
        ],
        [
            [0, [33, 34, 20, 39, 42, 40, 41, 44, 7, 48, 50, 47, 46, 45, 13]],
            [2, [2]],
            [33, []],
            [34, []],
            [20, []],
            [39, []],
            [42, []],
            [40, []],
            [41, []],
            [44, []],
            [7, []],
            [48, []],
            [50, []],
            [47, []],
            [46, []],
            [45, []],
            [13, []]
        ]
    ],
    [
        [
            [36, [36, 32]]
        ],
        [
            [2, [2]],
            [31, [38, 37, 35]]
        ],
        [
            [29, [49, 43]]
        ]
    ]
]",1162.9836978038577,1,3,2.6666666666666665,1162.9836978038577,1,3,2.6666666666666665,results/sol_best_R101_2.5.dat_A4_L120_pid2878.txt,results/sol_best_multi_R101_2.5.dat_A4_L120_pid2878.txt,R101_2.5.dat_A4_L120_r2.log
94,test_data/data_demand_random_50_batch_all1_equal_cluster/R101_2.5.dat,8.0,60.0,1,1716.0,"[
    [
        [
            [0, [32, 31, 35, 33, 34, 18, 4, 22, 38, 37, 10, 25, 15, 26, 28, 13, 12, 24, 1, 16, 17, 3, 5, 8, 9]],
            [32, []],
            [31, []],
            [35, []],
            [33, []],
            [34, []],
            [18, []],
            [4, []],
            [22, [40, 41]],
            [40, []],
            [41, []],
            [43, [44, 43, 50]],
            [44, []],
            [50, []],
            [38, []],
            [37, []],
            [10, []],
            [25, []],
            [15, []],
            [26, []],
            [28, []],
            [13, []],
            [12, []],
            [24, []],
            [1, []],
            [16, []],
            [17, []],
            [3, []],
            [5, []],
            [8, []],
            [9, []]
        ],
        [
            [0, [27, 30, 29, 14, 11, 45, 46, 47, 48, 49, 7, 6, 39, 42, 23, 36, 21, 20, 19, 2]],
            [27, []],
            [30, []],
            [29, []],
            [14, []],
            [11, []],
            [45, []],
            [46, []],
            [47, []],
            [48, []],
            [49, []],
            [7, []],
            [6, []],
            [39, []],
            [42, []],
            [23, []],
            [36, []],
            [21, []],
            [20, []],
            [19, []],
            [2, []]
        ]
    ],
    [
        [
            [22, [40, 41]]
        ],
        [
            [43, [44, 43, 50]]
        ]
    ]
]",,,1072.3793459080125,0,2,2.5,,,,,results/sol_best_R101_2.5.dat_A8_L60_pid2776.txt,(not found),R101_2.5.dat_A8_L60_r1.log
94,test_data/data_demand_random_50_batch_all1_equal_cluster/R101_2.5.dat,8.0,60.0,2,1648.0,"[
    [
        [
            [0, [9, 8, 5, 3, 4, 17, 16, 33, 34, 21, 20, 18, 38, 37, 10, 13, 24, 25, 15, 28, 30, 27, 35, 1]],
            [9, []],
            [8, []],
            [5, []],
            [3, []],
            [4, []],
            [17, []],
            [16, []],
            [33, []],
            [34, []],
            [21, []],
            [20, []],
            [18, []],
            [19, [19, 40, 41]],
            [40, []],
            [41, []],
            [43, [44, 43, 50]],
            [44, []],
            [50, []],
            [38, []],
            [37, []],
            [10, []],
            [13, []],
            [24, []],
            [25, []],
            [15, []],
            [28, []],
            [30, []],
            [27, []],
            [35, []],
            [1, []]
        ],
        [
            [0, [32, 31, 26, 29, 14, 12, 11, 45, 46, 47, 48, 49, 7, 6, 39, 42, 23, 36, 22, 2]],
            [32, []],
            [31, []],
            [26, []],
            [29, []],
            [14, []],
            [12, []],
            [11, []],
            [45, []],
            [46, []],
            [47, []],
            [48, []],
            [49, []],
            [7, []],
            [6, []],
            [39, []],
            [42, []],
            [23, []],
            [36, []],
            [22, []],
            [2, []]
        ]
    ],
    [
        [
            [19, [19, 40, 41]]
        ],
        [
            [43, [44, 43, 50]]
        ]
    ]
]",,,1112.643251905335,0,2,3.0,,,,,results/sol_best_R101_2.5.dat_A8_L60_pid2777.txt,(not found),R101_2.5.dat_A8_L60_r2.log
95,test_data/data_demand_random_50_batch_all1_equal_cluster/R101_2.5.dat,8.0,90.0,1,1565.06,"[
    [
        [
            [0, [4, 1, 15, 11, 10, 9, 23, 22, 19]],
            [8, [8]],
            [4, [28, 30, 29, 26, 25, 24, 31]],
            [1, []],
            [15, []],
            [11, []],
            [10, []],
            [9, []],
            [23, []],
            [22, []],
            [19, [38, 37, 35]],
            [31, []],
            [27, [27]],
            [28, []],
            [30, []],
            [29, []],
            [26, []],
            [25, []],
            [38, []],
            [37, []],
            [35, []],
            [24, []]
        ],
        [
            [0, [5, 6, 3, 2, 13, 14, 12, 20, 18, 17, 16]],
            [7, [7]],
            [5, []],
            [6, []],
            [3, []],
            [2, [21]],
            [13, []],
            [14, []],
            [12, []],
            [21, [32, 33, 34, 36]],
            [20, []],
            [18, []],
            [17, []],
            [16, [39, 42, 40, 41, 44]],
            [32, []],
            [33, []],
            [34, []],
            [36, [48, 50, 47, 46, 45, 43, 49]],
            [39, []],
            [42, []],
            [40, []],
            [41, []],
            [44, []],
            [43, []],
            [49, []],
            [48, []],
            [50, []],
            [47, []],
            [46, []],
            [45, []]
        ]
    ],
    [
        [
            [8, [8]],
            [7, [7]]
        ],
        [
            [2, [21]],
            [4, [28, 30, 29, 26, 25, 24, 31]]
        ],
        [
            [21, [32, 33, 34, 36]]
        ],
        [
            [19, [38, 37, 35]],
            [16, [39, 42, 40, 41, 44]]
        ],
        [
            [27, [27]]
        ],
        [
            [36, [48, 50, 47, 46, 45, 43, 49]]
        ]
    ]
]",1565.05551275464,"[
    [
        [
            [0, [4, 1, 15, 11, 10, 9, 23, 22, 19]],
            [8, [8]],
            [4, [28, 30, 29, 26, 25, 24, 31]],
            [1, []],
            [15, []],
            [11, []],
            [10, []],
            [9, []],
            [23, []],
            [22, []],
            [19, [38, 37, 35]],
            [31, []],
            [27, [27]],
            [28, []],
            [30, []],
            [29, []],
            [26, []],
            [25, []],
            [38, []],
            [37, []],
            [35, []],
            [24, []]
        ],
        [
            [0, [5, 6, 3, 2, 13, 14, 12, 20, 18, 17, 16]],
            [7, [7]],
            [5, []],
            [6, []],
            [3, []],
            [2, [21]],
            [13, []],
            [14, []],
            [12, []],
            [21, [32, 33, 34, 36]],
            [20, []],
            [18, []],
            [17, []],
            [16, [39, 42, 40, 41, 44]],
            [32, []],
            [33, []],
            [34, []],
            [36, [48, 50, 47, 46, 45, 43, 49]],
            [39, []],
            [42, []],
            [40, []],
            [41, []],
            [44, []],
            [43, []],
            [49, []],
            [48, []],
            [50, []],
            [47, []],
            [46, []],
            [45, []]
        ]
    ],
    [
        [
            [8, [8]],
            [7, [7]]
        ],
        [
            [2, [21]],
            [4, [28, 30, 29, 26, 25, 24, 31]]
        ],
        [
            [21, [32, 33, 34, 36]]
        ],
        [
            [19, [38, 37, 35]],
            [16, [39, 42, 40, 41, 44]]
        ],
        [
            [27, [27]]
        ],
        [
            [36, [48, 50, 47, 46, 45, 43, 49]]
        ]
    ]
]",767.2530288792635,3,6,5.0,767.2530288792635,3,6,5.0,results/sol_best_R101_2.5.dat_A8_L90_pid2736.txt,results/sol_best_multi_R101_2.5.dat_A8_L90_pid2736.txt,R101_2.5.dat_A8_L90_r1.log
95,test_data/data_demand_random_50_batch_all1_equal_cluster/R101_2.5.dat,8.0,90.0,2,1570.06,"[
    [
        [
            [0, [1, 2, 5, 3, 4, 7, 8, 13, 14, 15, 11, 10, 9]],
            [1, []],
            [2, []],
            [5, [17, 19, 18]],
            [3, []],
            [4, []],
            [18, []],
            [17, []],
            [7, []],
            [8, []],
            [13, []],
            [14, []],
            [15, [38, 37, 35]],
            [11, []],
            [10, [28, 30, 29, 26, 25, 24]],
            [9, []],
            [19, []],
            [28, []],
            [30, []],
            [29, []],
            [26, []],
            [25, []],
            [38, []],
            [37, []],
            [35, []],
            [24, []]
        ],
        [
            [0, [6, 12]],
            [23, [23, 22, 21, 20]],
            [22, []],
            [6, []],
            [12, []],
            [21, [32, 33, 34, 36, 31, 27]],
            [20, []],
            [16, [16]],
            [31, []],
            [27, []],
            [32, []],
            [33, []],
            [34, []],
            [36, [48, 50, 47, 46, 45, 43, 49]],
            [39, [39, 42, 40, 41, 44]],
            [42, []],
            [40, []],
            [41, []],
            [44, []],
            [43, []],
            [49, []],
            [48, []],
            [50, []],
            [47, []],
            [46, []],
            [45, []]
        ]
    ],
    [
        [
            [5, [17, 19, 18]],
            [23, [23, 22, 21, 20]]
        ],
        [
            [15, [38, 37, 35]]
        ],
        [
            [21, [32, 33, 34, 36, 31, 27]]
        ],
        [
            [10, [28, 30, 29, 26, 25, 24]],
            [16, [16]]
        ],
        [
            [36, [48, 50, 47, 46, 45, 43, 49]]
        ],
        [
            [39, [39, 42, 40, 41, 44]]
        ]
    ]
]",1570.05551275464,"[
    [
        [
            [0, [1, 2, 5, 3, 4, 7, 8, 13, 14, 15, 11, 10, 9]],
            [1, []],
            [2, []],
            [5, [17, 19, 18]],
            [3, []],
            [4, []],
            [18, []],
            [17, []],
            [7, []],
            [8, []],
            [13, []],
            [14, []],
            [15, [38, 37, 35]],
            [11, []],
            [10, [28, 30, 29, 26, 25, 24]],
            [9, []],
            [19, []],
            [28, []],
            [30, []],
            [29, []],
            [26, []],
            [25, []],
            [38, []],
            [37, []],
            [35, []],
            [24, []]
        ],
        [
            [0, [6, 12]],
            [23, [23, 22, 21, 20]],
            [22, []],
            [6, []],
            [12, []],
            [21, [32, 33, 34, 36, 31, 27]],
            [20, []],
            [16, [16]],
            [31, []],
            [27, []],
            [32, []],
            [33, []],
            [34, []],
            [36, [48, 50, 47, 46, 45, 43, 49]],
            [39, [39, 42, 40, 41, 44]],
            [42, []],
            [40, []],
            [41, []],
            [44, []],
            [43, []],
            [49, []],
            [48, []],
            [50, []],
            [47, []],
            [46, []],
            [45, []]
        ]
    ],
    [
        [
            [5, [17, 19, 18]],
            [23, [23, 22, 21, 20]]
        ],
        [
            [15, [38, 37, 35]]
        ],
        [
            [21, [32, 33, 34, 36, 31, 27]]
        ],
        [
            [10, [28, 30, 29, 26, 25, 24]],
            [16, [16]]
        ],
        [
            [36, [48, 50, 47, 46, 45, 43, 49]]
        ],
        [
            [39, [39, 42, 40, 41, 44]]
        ]
    ]
]",715.008721601387,2,6,5.833333333333333,715.008721601387,2,6,5.833333333333333,results/sol_best_R101_2.5.dat_A8_L90_pid2737.txt,results/sol_best_multi_R101_2.5.dat_A8_L90_pid2737.txt,R101_2.5.dat_A8_L90_r2.log
96,test_data/data_demand_random_50_batch_all1_equal_cluster/R101_2.5.dat,8.0,120.0,1,1565.06,"[
    [
        [
            [0, [4, 1, 15, 11, 10, 23, 22, 19]],
            [8, [8]],
            [4, [28, 30, 29, 26, 25, 24]],
            [1, []],
            [15, []],
            [11, []],
            [10, []],
            [9, [9]],
            [23, []],
            [22, []],
            [19, [38, 37, 35]],
            [31, [31, 27]],
            [27, []],
            [28, []],
            [30, []],
            [29, []],
            [26, []],
            [25, []],
            [38, []],
            [37, []],
            [35, []],
            [24, []]
        ],
        [
            [0, [7, 5, 6, 3, 13, 14, 12, 20, 18, 17, 16]],
            [7, []],
            [5, []],
            [6, []],
            [3, []],
            [2, [2]],
            [13, [21]],
            [14, []],
            [12, []],
            [21, [32, 34, 36]],
            [20, []],
            [18, []],
            [17, []],
            [16, [39, 42, 40, 41, 44]],
            [32, []],
            [33, [33]],
            [34, []],
            [36, [48, 50, 47, 46, 45, 43, 49]],
            [39, []],
            [42, []],
            [40, []],
            [41, []],
            [44, []],
            [43, []],
            [49, []],
            [48, []],
            [50, []],
            [47, []],
            [46, []],
            [45, []]
        ]
    ],
    [
        [
            [2, [2]],
            [8, [8]]
        ],
        [
            [4, [28, 30, 29, 26, 25, 24]],
            [13, [21]]
        ],
        [
            [9, [9]],
            [21, [32, 34, 36]]
        ],
        [
            [19, [38, 37, 35]],
            [16, [39, 42, 40, 41, 44]]
        ],
        [
            [31, [31, 27]],
            [33, [33]]
        ],
        [
            [36, [48, 50, 47, 46, 45, 43, 49]]
        ]
    ]
]",1565.05551275464,"[
    [
        [
            [0, [4, 1, 15, 11, 10, 23, 22, 19]],
            [8, [8]],
            [4, [28, 30, 29, 26, 25, 24]],
            [1, []],
            [15, []],
            [11, []],
            [10, []],
            [9, [9]],
            [23, []],
            [22, []],
            [19, [38, 37, 35]],
            [31, [31, 27]],
            [27, []],
            [28, []],
            [30, []],
            [29, []],
            [26, []],
            [25, []],
            [38, []],
            [37, []],
            [35, []],
            [24, []]
        ],
        [
            [0, [7, 5, 6, 3, 13, 14, 12, 20, 18, 17, 16]],
            [7, []],
            [5, []],
            [6, []],
            [3, []],
            [2, [2]],
            [13, [21]],
            [14, []],
            [12, []],
            [21, [32, 34, 36]],
            [20, []],
            [18, []],
            [17, []],
            [16, [39, 42, 40, 41, 44]],
            [32, []],
            [33, [33]],
            [34, []],
            [36, [48, 50, 47, 46, 45, 43, 49]],
            [39, []],
            [42, []],
            [40, []],
            [41, []],
            [44, []],
            [43, []],
            [49, []],
            [48, []],
            [50, []],
            [47, []],
            [46, []],
            [45, []]
        ]
    ],
    [
        [
            [2, [2]],
            [8, [8]]
        ],
        [
            [4, [28, 30, 29, 26, 25, 24]],
            [13, [21]]
        ],
        [
            [9, [9]],
            [21, [32, 34, 36]]
        ],
        [
            [19, [38, 37, 35]],
            [16, [39, 42, 40, 41, 44]]
        ],
        [
            [31, [31, 27]],
            [33, [33]]
        ],
        [
            [36, [48, 50, 47, 46, 45, 43, 49]]
        ]
    ]
]",798.5877825953517,5,6,5.166666666666667,798.5877825953517,5,6,5.166666666666667,results/sol_best_R101_2.5.dat_A8_L120_pid2747.txt,results/sol_best_multi_R101_2.5.dat_A8_L120_pid2747.txt,R101_2.5.dat_A8_L120_r1.log
96,test_data/data_demand_random_50_batch_all1_equal_cluster/R101_2.5.dat,8.0,120.0,2,1565.06,"[
    [
        [
            [0, [11, 10, 9, 23, 22, 4]],
            [16, [16]],
            [31, [31]],
            [15, [15]],
            [11, [30, 29, 26, 25, 24]],
            [10, []],
            [9, []],
            [23, []],
            [22, []],
            [19, [19]],
            [4, [38, 37, 35]],
            [27, [27]],
            [30, []],
            [29, []],
            [26, []],
            [25, []],
            [38, []],
            [37, []],
            [35, []],
            [24, []]
        ],
        [
            [0, [8, 1, 7, 5, 6, 3, 14, 12]],
            [8, []],
            [1, []],
            [7, []],
            [5, []],
            [6, []],
            [3, []],
            [2, [2]],
            [28, [28, 21]],
            [13, [13]],
            [14, []],
            [12, []],
            [21, []],
            [20, [20]],
            [18, [17, 18]],
            [17, [39, 42, 40, 41, 44]],
            [32, [32, 33]],
            [33, []],
            [34, [34]],
            [36, [48, 50, 47, 46, 45, 43, 49, 36]],
            [39, []],
            [42, []],
            [40, []],
            [41, []],
            [44, []],
            [43, []],
            [49, []],
            [48, []],
            [50, []],
            [47, []],
            [46, []],
            [45, []]
        ]
    ],
    [
        [
            [2, [2]],
            [16, [16]]
        ],
        [
            [31, [31]]
        ],
        [
            [28, [28, 21]],
            [15, [15]]
        ],
        [
            [13, [13]],
            [11, [30, 29, 26, 25, 24]]
        ],
        [
            [19, [19]],
            [20, [20]]
        ],
        [
            [18, [17, 18]]
        ],
        [
            [17, [39, 42, 40, 41, 44]],
            [4, [38, 37, 35]]
        ],
        [
            [32, [32, 33]]
        ],
        [
            [34, [34]],
            [27, [27]]
        ],
        [
            [36, [48, 50, 47, 46, 45, 43, 49, 36]]
        ]
    ]
]",1565.05551275464,"[
    [
        [
            [0, [11, 10, 9, 23, 22, 4]],
            [16, [16]],
            [31, [31]],
            [15, [15]],
            [11, [30, 29, 26, 25, 24]],
            [10, []],
            [9, []],
            [23, []],
            [22, []],
            [19, [19]],
            [4, [38, 37, 35]],
            [27, [27]],
            [30, []],
            [29, []],
            [26, []],
            [25, []],
            [38, []],
            [37, []],
            [35, []],
            [24, []]
        ],
        [
            [0, [8, 1, 7, 5, 6, 3, 14, 12]],
            [8, []],
            [1, []],
            [7, []],
            [5, []],
            [6, []],
            [3, []],
            [2, [2]],
            [28, [28, 21]],
            [13, [13]],
            [14, []],
            [12, []],
            [21, []],
            [20, [20]],
            [18, [17, 18]],
            [17, [39, 42, 40, 41, 44]],
            [32, [32, 33]],
            [33, []],
            [34, [34]],
            [36, [48, 50, 47, 46, 45, 43, 49, 36]],
            [39, []],
            [42, []],
            [40, []],
            [41, []],
            [44, []],
            [43, []],
            [49, []],
            [48, []],
            [50, []],
            [47, []],
            [46, []],
            [45, []]
        ]
    ],
    [
        [
            [2, [2]],
            [16, [16]]
        ],
        [
            [31, [31]]
        ],
        [
            [28, [28, 21]],
            [15, [15]]
        ],
        [
            [13, [13]],
            [11, [30, 29, 26, 25, 24]]
        ],
        [
            [19, [19]],
            [20, [20]]
        ],
        [
            [18, [17, 18]]
        ],
        [
            [17, [39, 42, 40, 41, 44]],
            [4, [38, 37, 35]]
        ],
        [
            [32, [32, 33]]
        ],
        [
            [34, [34]],
            [27, [27]]
        ],
        [
            [36, [48, 50, 47, 46, 45, 43, 49, 36]]
        ]
    ]
]",727.5551014701539,6,10,3.6,727.5551014701539,6,10,3.6,results/sol_best_R101_2.5.dat_A8_L120_pid2748.txt,results/sol_best_multi_R101_2.5.dat_A8_L120_pid2748.txt,R101_2.5.dat_A8_L120_r2.log
97,test_data/data_demand_random_50_batch_all1_equal_cluster/R101_2.dat,4.0,60.0,1,1379.0,"[
    [
        [
            [0, [2, 4, 11, 10, 20, 19, 18, 15, 5, 6, 7, 8, 3, 9, 16, 17, 21, 12, 13, 1]],
            [2, []],
            [4, []],
            [11, []],
            [10, []],
            [20, []],
            [19, []],
            [18, []],
            [15, []],
            [5, []],
            [6, []],
            [7, []],
            [8, []],
            [3, []],
            [9, [31, 32]],
            [31, []],
            [32, []],
            [34, [34, 37]],
            [35, [28, 29, 35, 25]],
            [29, []],
            [28, []],
            [27, [27, 36, 42]],
            [36, []],
            [38, [50, 38, 23]],
            [37, []],
            [50, []],
            [23, []],
            [24, [49, 44, 43, 24]],
            [25, []],
            [16, []],
            [17, []],
            [49, []],
            [44, []],
            [21, []],
            [42, []],
            [43, []],
            [12, []],
            [13, []],
            [1, []]
        ],
        [
            [0, [39, 41, 40, 33, 30, 26, 22, 47, 48, 46, 45, 14]],
            [39, []],
            [41, []],
            [40, []],
            [33, []],
            [30, []],
            [26, []],
            [22, []],
            [47, []],
            [48, []],
            [46, []],
            [45, []],
            [14, []]
        ]
    ],
    [
        [
            [9, [31, 32]]
        ],
        [
            [34, [34, 37]]
        ],
        [
            [35, [28, 29, 35, 25]]
        ],
        [
            [27, [27, 36, 42]]
        ],
        [
            [38, [50, 38, 23]]
        ],
        [
            [24, [49, 44, 43, 24]]
        ]
    ]
]",,,835.6033227181221,0,6,3.0,,,,,results/sol_best_R101_2.dat_A4_L60_pid2667.txt,(not found),R101_2.dat_A4_L60_r1.log
97,test_data/data_demand_random_50_batch_all1_equal_cluster/R101_2.dat,4.0,60.0,2,1365.0,"[
    [
        [
            [0, [2, 3, 4, 11, 9, 28, 27, 26, 7, 8, 6, 5, 22, 23, 24, 21, 20, 19, 18, 10]],
            [2, []],
            [3, []],
            [4, []],
            [11, []],
            [30, [30]],
            [9, []],
            [34, [34, 35, 38]],
            [35, []],
            [28, []],
            [27, []],
            [26, []],
            [7, []],
            [8, []],
            [6, []],
            [5, [50, 44]],
            [22, []],
            [38, []],
            [50, []],
            [23, []],
            [24, [45, 46, 49, 17]],
            [17, []],
            [49, []],
            [46, []],
            [45, []],
            [44, []],
            [21, []],
            [20, []],
            [19, []],
            [18, []],
            [10, []]
        ],
        [
            [0, [13, 42, 41, 39, 40, 33, 31, 32, 29, 36, 37, 16, 15, 14, 1]],
            [13, []],
            [12, [12, 43]],
            [43, []],
            [42, []],
            [41, []],
            [39, []],
            [40, []],
            [33, []],
            [31, []],
            [32, []],
            [29, []],
            [36, []],
            [37, []],
            [25, [25, 47, 48]],
            [47, []],
            [48, []],
            [16, []],
            [15, []],
            [14, []],
            [1, []]
        ]
    ],
    [
        [
            [30, [30]]
        ],
        [
            [34, [34, 35, 38]]
        ],
        [
            [12, [12, 43]]
        ],
        [
            [5, [50, 44]]
        ],
        [
            [24, [45, 46, 49, 17]]
        ],
        [
            [25, [25, 47, 48]]
        ]
    ]
]",1383.0,"[
    [
        [
            [0, [2, 3, 4, 11, 9, 28, 27, 26, 7, 8, 6, 5, 23, 24, 21, 20, 19, 18]],
            [2, []],
            [3, []],
            [4, []],
            [11, []],
            [30, [30]],
            [9, []],
            [34, [34, 35, 38]],
            [35, []],
            [28, []],
            [27, []],
            [26, []],
            [7, []],
            [8, [22]],
            [6, []],
            [5, [50, 44]],
            [22, []],
            [38, []],
            [50, []],
            [23, []],
            [24, [45, 46, 49, 17]],
            [17, []],
            [49, []],
            [46, []],
            [45, []],
            [44, []],
            [21, []],
            [20, []],
            [19, []],
            [18, []]
        ],
        [
            [0, [13, 12, 42, 41, 39, 40, 33, 31, 32, 29, 36, 37, 25, 16, 15, 14, 1]],
            [13, []],
            [12, []],
            [10, [10, 43]],
            [43, []],
            [42, []],
            [41, []],
            [39, []],
            [40, []],
            [33, []],
            [31, []],
            [32, []],
            [29, []],
            [36, []],
            [37, []],
            [25, [47, 48]],
            [47, []],
            [48, []],
            [16, []],
            [15, []],
            [14, []],
            [1, []]
        ]
    ],
    [
        [
            [30, [30]]
        ],
        [
            [34, [34, 35, 38]]
        ],
        [
            [10, [10, 43]],
            [8, [22]]
        ],
        [
            [5, [50, 44]]
        ],
        [
            [24, [45, 46, 49, 17]]
        ],
        [
            [25, [47, 48]]
        ]
    ]
]",881.2114282834151,0,6,2.5,897.9518161801064,1,6,2.5,results/sol_best_R101_2.dat_A4_L60_pid2668.txt,results/sol_best_multi_R101_2.dat_A4_L60_pid2668.txt,R101_2.dat_A4_L60_r2.log
98,test_data/data_demand_random_50_batch_all1_equal_cluster/R101_2.dat,4.0,90.0,1,1469.0,"[
    [
        [
            [0, [9, 5, 7, 8, 2, 4, 10, 12, 13, 11, 1]],
            [9, []],
            [5, []],
            [7, []],
            [8, []],
            [2, []],
            [4, [21, 20, 19, 18]],
            [10, []],
            [12, []],
            [13, []],
            [11, []],
            [21, []],
            [20, []],
            [19, []],
            [1, [32, 31, 33, 30]],
            [18, []],
            [30, [45, 44, 42, 29]],
            [29, []],
            [32, []],
            [31, []],
            [33, []],
            [42, []],
            [44, [38, 50]],
            [45, []],
            [50, []],
            [38, []]
        ],
        [
            [0, [6, 17, 16, 15, 14, 25, 24, 23, 22, 26, 28, 27, 3]],
            [6, []],
            [17, []],
            [16, []],
            [15, []],
            [14, []],
            [25, []],
            [24, [37, 36, 35, 34]],
            [23, []],
            [22, []],
            [26, []],
            [28, []],
            [27, [40, 39, 41]],
            [37, []],
            [36, [47, 48, 49]],
            [35, []],
            [34, [43, 46]],
            [3, []],
            [40, []],
            [39, []],
            [41, []],
            [43, []],
            [46, []],
            [49, []],
            [48, []],
            [47, []]
        ]
    ],
    [
        [
            [4, [21, 20, 19, 18]]
        ],
        [
            [1, [32, 31, 33, 30]]
        ],
        [
            [30, [45, 44, 42, 29]]
        ],
        [
            [24, [37, 36, 35, 34]]
        ],
        [
            [27, [40, 39, 41]]
        ],
        [
            [36, [47, 48, 49]]
        ],
        [
            [44, [38, 50]]
        ],
        [
            [34, [43, 46]]
        ]
    ]
]",1484.426406871193,"[
    [
        [
            [0, [9, 5, 7, 8, 2, 4, 10, 12, 13, 11, 1]],
            [9, []],
            [5, []],
            [7, []],
            [8, []],
            [2, []],
            [4, [21, 20, 19, 18]],
            [10, []],
            [12, []],
            [13, []],
            [11, []],
            [21, []],
            [20, []],
            [19, []],
            [1, [32, 31, 30]],
            [18, []],
            [30, [45, 44, 42, 29]],
            [29, []],
            [32, []],
            [31, []],
            [33, [33]],
            [42, []],
            [44, []],
            [45, []]
        ],
        [
            [0, [6, 17, 16, 15, 25, 24, 23, 22, 26, 28, 27, 3]],
            [6, []],
            [17, []],
            [16, []],
            [15, []],
            [14, [14]],
            [25, []],
            [24, [37, 36, 35, 34]],
            [23, []],
            [22, []],
            [26, []],
            [28, []],
            [27, [40, 39, 41]],
            [50, [50, 38]],
            [38, []],
            [37, []],
            [36, [47, 48, 49]],
            [35, []],
            [34, [43, 46]],
            [3, []],
            [40, []],
            [39, []],
            [41, []],
            [43, []],
            [46, []],
            [49, []],
            [48, []],
            [47, []]
        ]
    ],
    [
        [
            [4, [21, 20, 19, 18]]
        ],
        [
            [1, [32, 31, 30]],
            [14, [14]]
        ],
        [
            [30, [45, 44, 42, 29]]
        ],
        [
            [24, [37, 36, 35, 34]]
        ],
        [
            [27, [40, 39, 41]]
        ],
        [
            [50, [50, 38]]
        ],
        [
            [36, [47, 48, 49]]
        ],
        [
            [34, [43, 46]],
            [33, [33]]
        ]
    ]
]",810.8239127831284,0,8,3.25,811.8506216048605,2,8,3.375,results/sol_best_R101_2.dat_A4_L90_pid2756.txt,results/sol_best_multi_R101_2.dat_A4_L90_pid2756.txt,R101_2.dat_A4_L90_r1.log
98,test_data/data_demand_random_50_batch_all1_equal_cluster/R101_2.dat,4.0,90.0,2,1459.0,"[
    [
        [
            [0, [4, 11, 20, 19, 18, 10, 8, 32, 31, 33, 1, 6, 29, 7]],
            [4, []],
            [11, []],
            [20, []],
            [19, []],
            [18, []],
            [10, []],
            [8, [45, 44, 27, 42]],
            [32, []],
            [31, []],
            [33, []],
            [42, []],
            [45, []],
            [44, []],
            [1, [38]],
            [6, []],
            [29, []],
            [27, []],
            [38, []],
            [7, []]
        ],
        [
            [0, [3, 2, 14, 13, 12, 17, 16, 15, 5, 9]],
            [3, []],
            [2, []],
            [14, [21]],
            [21, [25, 24, 23, 22]],
            [13, [28, 26]],
            [12, []],
            [17, []],
            [16, []],
            [15, []],
            [25, []],
            [24, [37, 36, 35, 34]],
            [23, []],
            [22, []],
            [5, []],
            [26, []],
            [28, []],
            [37, []],
            [50, [50, 30, 40]],
            [36, [47, 48, 49, 43]],
            [35, []],
            [34, []],
            [9, []],
            [30, []],
            [40, []],
            [39, [39, 41, 46]],
            [41, []],
            [43, []],
            [46, []],
            [49, []],
            [48, []],
            [47, []]
        ]
    ],
    [
        [
            [14, [21]]
        ],
        [
            [8, [45, 44, 27, 42]]
        ],
        [
            [21, [25, 24, 23, 22]]
        ],
        [
            [13, [28, 26]]
        ],
        [
            [24, [37, 36, 35, 34]]
        ],
        [
            [50, [50, 30, 40]]
        ],
        [
            [36, [47, 48, 49, 43]]
        ],
        [
            [39, [39, 41, 46]],
            [1, [38]]
        ]
    ]
]",1459.0,"[
    [
        [
            [0, [4, 11, 20, 19, 18, 10, 8, 32, 31, 33, 1, 6, 29, 7]],
            [4, []],
            [11, []],
            [20, []],
            [19, []],
            [18, []],
            [10, []],
            [8, [45, 44, 27, 42]],
            [32, []],
            [31, []],
            [33, []],
            [42, []],
            [45, []],
            [44, []],
            [1, [38]],
            [6, []],
            [29, []],
            [27, []],
            [38, []],
            [7, []]
        ],
        [
            [0, [3, 2, 14, 13, 12, 17, 16, 15, 5, 9]],
            [3, []],
            [2, []],
            [14, [21]],
            [21, [25, 24, 23, 22]],
            [13, [28, 26]],
            [12, []],
            [17, []],
            [16, []],
            [15, []],
            [25, []],
            [24, [37, 36, 35, 34]],
            [23, []],
            [22, []],
            [5, []],
            [26, []],
            [28, []],
            [37, []],
            [50, [50, 30, 40]],
            [36, [47, 48, 49, 43]],
            [35, []],
            [34, []],
            [9, []],
            [30, []],
            [40, []],
            [39, [39, 41, 46]],
            [41, []],
            [43, []],
            [46, []],
            [49, []],
            [48, []],
            [47, []]
        ]
    ],
    [
        [
            [14, [21]]
        ],
        [
            [8, [45, 44, 27, 42]]
        ],
        [
            [21, [25, 24, 23, 22]]
        ],
        [
            [13, [28, 26]]
        ],
        [
            [24, [37, 36, 35, 34]]
        ],
        [
            [50, [50, 30, 40]]
        ],
        [
            [36, [47, 48, 49, 43]]
        ],
        [
            [39, [39, 41, 46]],
            [1, [38]]
        ]
    ]
]",740.4464965122007,1,8,3.25,740.4464965122007,1,8,3.25,results/sol_best_R101_2.dat_A4_L90_pid2757.txt,results/sol_best_multi_R101_2.dat_A4_L90_pid2757.txt,R101_2.dat_A4_L90_r2.log
99,test_data/data_demand_random_50_batch_all1_equal_cluster/R101_2.dat,4.0,120.0,1,1621.32,"[
    [
        [
            [0, [2, 4, 1, 11, 12, 21, 20, 19, 26, 7, 18, 10, 9, 29]],
            [8, [8]],
            [2, [32, 31, 33, 30]],
            [4, []],
            [1, []],
            [11, []],
            [12, []],
            [21, []],
            [20, []],
            [19, []],
            [26, []],
            [7, [45, 44, 42]],
            [30, []],
            [32, []],
            [31, []],
            [33, []],
            [42, []],
            [45, []],
            [44, []],
            [18, []],
            [10, []],
            [9, []],
            [29, []],
            [50, [50, 38]],
            [38, []]
        ],
        [
            [0, [3, 13, 17, 16, 15, 14, 25, 24, 23, 22, 5]],
            [3, []],
            [6, [6]],
            [13, []],
            [17, []],
            [16, []],
            [15, [28, 27, 34, 39]],
            [14, []],
            [25, []],
            [24, []],
            [23, []],
            [22, []],
            [5, [40]],
            [28, []],
            [27, [43, 46, 37, 35]],
            [37, []],
            [36, [47, 48, 49, 36]],
            [35, []],
            [34, []],
            [40, []],
            [39, [41]],
            [43, []],
            [41, []],
            [47, []],
            [48, []],
            [49, []],
            [46, []]
        ]
    ],
    [
        [
            [6, [6]],
            [8, [8]]
        ],
        [
            [15, [28, 27, 34, 39]]
        ],
        [
            [2, [32, 31, 33, 30]]
        ],
        [
            [5, [40]],
            [7, [45, 44, 42]]
        ],
        [
            [27, [43, 46, 37, 35]]
        ],
        [
            [36, [47, 48, 49, 36]]
        ],
        [
            [50, [50, 38]]
        ],
        [
            [39, [41]]
        ]
    ]
]",1621.32,"[
    [
        [
            [0, [2, 4, 1, 11, 12, 21, 20, 19, 26, 7, 18, 10, 9, 29]],
            [8, [8]],
            [2, [32, 31, 33, 30]],
            [4, []],
            [1, []],
            [11, []],
            [12, []],
            [21, []],
            [20, []],
            [19, []],
            [26, []],
            [7, [45, 44, 42]],
            [30, []],
            [32, []],
            [31, []],
            [33, []],
            [42, []],
            [45, []],
            [44, []],
            [18, []],
            [10, []],
            [9, []],
            [29, []],
            [50, [50, 38]],
            [38, []]
        ],
        [
            [0, [3, 13, 17, 16, 15, 14, 25, 24, 23, 22, 5]],
            [3, []],
            [6, [6]],
            [13, []],
            [17, []],
            [16, []],
            [15, [28, 27, 34, 39]],
            [14, []],
            [25, []],
            [24, []],
            [23, []],
            [22, []],
            [5, [40]],
            [28, []],
            [27, [43, 46, 37, 35]],
            [37, []],
            [36, [47, 48, 49, 36]],
            [35, []],
            [34, []],
            [40, []],
            [39, [41]],
            [43, []],
            [41, []],
            [47, []],
            [48, []],
            [49, []],
            [46, []]
        ]
    ],
    [
        [
            [6, [6]],
            [8, [8]]
        ],
        [
            [15, [28, 27, 34, 39]]
        ],
        [
            [2, [32, 31, 33, 30]]
        ],
        [
            [5, [40]],
            [7, [45, 44, 42]]
        ],
        [
            [27, [43, 46, 37, 35]]
        ],
        [
            [36, [47, 48, 49, 36]]
        ],
        [
            [50, [50, 38]]
        ],
        [
            [39, [41]]
        ]
    ]
]",904.8110115062632,2,8,3.125,904.8110115062632,2,8,3.125,results/sol_best_R101_2.dat_A4_L120_pid2768.txt,results/sol_best_multi_R101_2.dat_A4_L120_pid2768.txt,R101_2.dat_A4_L120_r1.log
99,test_data/data_demand_random_50_batch_all1_equal_cluster/R101_2.dat,4.0,120.0,2,1456.0,"[
    [
        [
            [0, [4, 10, 21, 20, 12, 11, 1, 30, 32, 31, 33, 8, 9, 7, 27, 26, 6, 5]],
            [4, []],
            [10, []],
            [21, []],
            [20, []],
            [12, []],
            [11, []],
            [1, [45, 44, 42]],
            [30, []],
            [32, []],
            [31, []],
            [33, []],
            [42, []],
            [45, []],
            [44, []],
            [8, []],
            [9, []],
            [7, []],
            [27, []],
            [26, []],
            [6, []],
            [5, []]
        ],
        [
            [0, [13, 3, 2, 18, 17, 16, 19, 15, 14]],
            [13, [25, 24, 23, 22]],
            [3, []],
            [2, [29, 28]],
            [18, []],
            [17, []],
            [16, []],
            [25, []],
            [24, [37, 36, 35, 34]],
            [23, []],
            [22, []],
            [38, [38]],
            [29, []],
            [28, [40, 39, 41]],
            [36, [43]],
            [37, []],
            [50, [50, 46]],
            [35, []],
            [34, []],
            [40, []],
            [39, []],
            [41, []],
            [43, []],
            [19, []],
            [46, []],
            [49, [47, 48, 49]],
            [48, []],
            [47, []],
            [15, []],
            [14, []]
        ]
    ],
    [
        [
            [13, [25, 24, 23, 22]]
        ],
        [
            [2, [29, 28]]
        ],
        [
            [24, [37, 36, 35, 34]]
        ],
        [
            [38, [38]]
        ],
        [
            [28, [40, 39, 41]]
        ],
        [
            [1, [45, 44, 42]],
            [36, [43]]
        ],
        [
            [50, [50, 46]]
        ],
        [
            [49, [47, 48, 49]]
        ]
    ]
]",1456.0,"[
    [
        [
            [0, [4, 10, 21, 20, 12, 11, 1, 30, 32, 31, 33, 8, 9, 7, 27, 26, 6, 5]],
            [4, []],
            [10, []],
            [21, []],
            [20, []],
            [12, []],
            [11, []],
            [1, [45, 44, 42]],
            [30, []],
            [32, []],
            [31, []],
            [33, []],
            [42, []],
            [45, []],
            [44, []],
            [8, []],
            [9, []],
            [7, []],
            [27, []],
            [26, []],
            [6, []],
            [5, []]
        ],
        [
            [0, [13, 3, 2, 18, 17, 16, 19, 15, 14]],
            [13, [25, 24, 23, 22]],
            [3, []],
            [2, [29, 28]],
            [18, []],
            [17, []],
            [16, []],
            [25, []],
            [24, [37, 36, 35, 34]],
            [23, []],
            [22, []],
            [38, [38]],
            [29, []],
            [28, [40, 39, 41]],
            [36, [43]],
            [37, []],
            [50, [50, 46]],
            [35, []],
            [34, []],
            [40, []],
            [39, []],
            [41, []],
            [43, []],
            [19, []],
            [46, []],
            [49, [47, 48, 49]],
            [48, []],
            [47, []],
            [15, []],
            [14, []]
        ]
    ],
    [
        [
            [13, [25, 24, 23, 22]]
        ],
        [
            [2, [29, 28]]
        ],
        [
            [24, [37, 36, 35, 34]]
        ],
        [
            [38, [38]]
        ],
        [
            [28, [40, 39, 41]]
        ],
        [
            [1, [45, 44, 42]],
            [36, [43]]
        ],
        [
            [50, [50, 46]]
        ],
        [
            [49, [47, 48, 49]]
        ]
    ]
]",749.825009388879,1,8,2.875,749.825009388879,1,8,2.875,results/sol_best_R101_2.dat_A4_L120_pid2769.txt,results/sol_best_multi_R101_2.dat_A4_L120_pid2769.txt,R101_2.dat_A4_L120_r2.log
100,test_data/data_demand_random_50_batch_all1_equal_cluster/R101_2.dat,8.0,60.0,1,1464.0,"[
    [
        [
            [0, [5, 6, 26, 27, 7, 8, 3, 9, 30, 34, 35, 28, 37, 38, 24, 25, 16, 17, 19, 18, 20, 21, 12, 11, 10, 2]],
            [5, []],
            [6, []],
            [26, []],
            [27, []],
            [7, []],
            [8, []],
            [3, []],
            [9, []],
            [30, []],
            [34, []],
            [35, [50, 44, 49, 45]],
            [28, []],
            [50, []],
            [37, []],
            [38, []],
            [24, []],
            [25, []],
            [16, []],
            [17, []],
            [49, []],
            [45, []],
            [19, []],
            [18, []],
            [20, []],
            [44, []],
            [21, []],
            [12, []],
            [11, []],
            [10, []],
            [2, []]
        ],
        [
            [0, [4, 13, 43, 42, 41, 39, 40, 33, 31, 32, 29, 36, 22, 23, 47, 48, 46, 15, 14, 1]],
            [4, []],
            [13, []],
            [43, []],
            [42, []],
            [41, []],
            [39, []],
            [40, []],
            [33, []],
            [31, []],
            [32, []],
            [29, []],
            [36, []],
            [22, []],
            [23, []],
            [47, []],
            [48, []],
            [46, []],
            [15, []],
            [14, []],
            [1, []]
        ]
    ],
    [
        [
            [35, [50, 44, 49, 45]]
        ]
    ]
]",,,933.8617393793236,0,1,4.0,,,,,results/sol_best_R101_2.dat_A8_L60_pid2681.txt,(not found),R101_2.dat_A8_L60_r1.log
100,test_data/data_demand_random_50_batch_all1_equal_cluster/R101_2.dat,8.0,60.0,2,1451.0,"[
    [
        [
            [0, [7, 26, 27, 28, 29, 9, 3, 8, 6, 5, 22, 23, 25, 17, 16, 18, 19, 21, 20, 10, 11, 13, 2]],
            [7, []],
            [26, []],
            [27, []],
            [28, []],
            [29, []],
            [9, []],
            [30, [30, 35, 32, 34]],
            [32, []],
            [35, []],
            [34, []],
            [3, []],
            [8, []],
            [6, []],
            [5, []],
            [22, [50, 49, 44, 36, 39]],
            [36, []],
            [50, []],
            [23, []],
            [25, []],
            [49, []],
            [17, []],
            [16, []],
            [18, []],
            [19, []],
            [44, []],
            [21, []],
            [20, []],
            [10, []],
            [11, []],
            [13, []],
            [39, []],
            [2, []]
        ],
        [
            [0, [4, 12, 43, 42, 41, 40, 33, 31, 37, 38, 24, 47, 48, 46, 45, 15, 14, 1]],
            [4, []],
            [12, []],
            [43, []],
            [42, []],
            [41, []],
            [40, []],
            [33, []],
            [31, []],
            [37, []],
            [38, []],
            [24, []],
            [47, []],
            [48, []],
            [46, []],
            [45, []],
            [15, []],
            [14, []],
            [1, []]
        ]
    ],
    [
        [
            [30, [30, 35, 32, 34]]
        ],
        [
            [22, [50, 49, 44, 36, 39]]
        ]
    ]
]",,,805.8077640640441,0,2,4.5,,,,,results/sol_best_R101_2.dat_A8_L60_pid2682.txt,(not found),R101_2.dat_A8_L60_r2.log
101,test_data/data_demand_random_50_batch_all1_equal_cluster/R101_2.dat,8.0,90.0,1,1651.02,"[
    [
        [
            [0, [7, 6, 1, 11, 12, 21, 20, 19, 10, 8, 9, 29]],
            [2, [2]],
            [36, [36, 38, 32, 31, 33, 30]],
            [7, []],
            [6, []],
            [1, []],
            [11, []],
            [12, []],
            [21, []],
            [20, []],
            [19, []],
            [10, []],
            [30, []],
            [32, []],
            [31, []],
            [33, [50, 42, 44]],
            [42, []],
            [44, []],
            [8, []],
            [9, []],
            [29, []],
            [50, []],
            [38, []]
        ],
        [
            [0, [3, 13, 18, 17, 16, 15, 14, 25, 24, 23, 22, 5, 4]],
            [3, [26, 28, 27]],
            [13, []],
            [18, []],
            [17, []],
            [16, []],
            [15, []],
            [14, []],
            [25, []],
            [24, []],
            [23, []],
            [22, [37, 35, 34]],
            [26, []],
            [28, []],
            [27, []],
            [5, []],
            [37, []],
            [35, []],
            [34, []],
            [4, []],
            [40, [40, 39, 43, 41]],
            [39, []],
            [43, []],
            [41, []],
            [47, [47, 48, 49, 46, 45]],
            [48, []],
            [49, []],
            [46, []],
            [45, []]
        ]
    ],
    [
        [
            [3, [26, 28, 27]],
            [2, [2]]
        ],
        [
            [36, [36, 38, 32, 31, 33, 30]]
        ],
        [
            [22, [37, 35, 34]]
        ],
        [
            [33, [50, 42, 44]],
            [40, [40, 39, 43, 41]]
        ],
        [
            [47, [47, 48, 49, 46, 45]]
        ]
    ]
]",1651.015621187164,"[
    [
        [
            [0, [7, 6, 1, 11, 12, 21, 20, 19, 10, 8, 9, 29]],
            [2, [2]],
            [36, [36, 38, 32, 31, 33, 30]],
            [7, []],
            [6, []],
            [1, []],
            [11, []],
            [12, []],
            [21, []],
            [20, []],
            [19, []],
            [10, []],
            [30, []],
            [32, []],
            [31, []],
            [33, [50, 42, 44]],
            [42, []],
            [44, []],
            [8, []],
            [9, []],
            [29, []],
            [50, []],
            [38, []]
        ],
        [
            [0, [3, 13, 18, 17, 16, 15, 14, 25, 24, 23, 22, 5, 4]],
            [3, [26, 28, 27]],
            [13, []],
            [18, []],
            [17, []],
            [16, []],
            [15, []],
            [14, []],
            [25, []],
            [24, []],
            [23, []],
            [22, [37, 35, 34]],
            [26, []],
            [28, []],
            [27, []],
            [5, []],
            [37, []],
            [35, []],
            [34, []],
            [4, []],
            [40, [40, 39, 43, 41]],
            [39, []],
            [43, []],
            [41, []],
            [47, [47, 48, 49, 46, 45]],
            [48, []],
            [49, []],
            [46, []],
            [45, []]
        ]
    ],
    [
        [
            [3, [26, 28, 27]],
            [2, [2]]
        ],
        [
            [36, [36, 38, 32, 31, 33, 30]]
        ],
        [
            [22, [37, 35, 34]]
        ],
        [
            [33, [50, 42, 44]],
            [40, [40, 39, 43, 41]]
        ],
        [
            [47, [47, 48, 49, 46, 45]]
        ]
    ]
]",872.884800067505,2,5,5.0,872.884800067505,2,5,5.0,results/sol_best_R101_2.dat_A8_L90_pid2809.txt,results/sol_best_multi_R101_2.dat_A8_L90_pid2809.txt,R101_2.dat_A8_L90_r1.log
101,test_data/data_demand_random_50_batch_all1_equal_cluster/R101_2.dat,8.0,90.0,2,1424.06,"[
    [
        [
            [0, [1, 8, 11, 12, 13, 2, 4, 10, 6, 7, 17]],
            [1, []],
            [8, []],
            [11, []],
            [12, [19, 18]],
            [13, []],
            [2, []],
            [20, [20, 29]],
            [19, []],
            [18, []],
            [4, []],
            [10, [32, 31, 33]],
            [6, []],
            [7, []],
            [29, []],
            [32, [50, 45, 44, 42, 38]],
            [31, []],
            [33, []],
            [42, []],
            [44, []],
            [45, []],
            [17, []],
            [50, []],
            [38, []]
        ],
        [
            [0, [3, 21, 16, 15, 14, 9]],
            [3, []],
            [21, [25, 24, 23, 22]],
            [16, []],
            [15, [27, 28, 26]],
            [14, []],
            [25, []],
            [24, []],
            [23, []],
            [22, [5]],
            [5, []],
            [27, []],
            [28, []],
            [26, []],
            [37, [37]],
            [36, [47, 48, 49, 43, 46, 36, 35]],
            [35, []],
            [34, [34, 30]],
            [9, []],
            [30, []],
            [40, [40, 39, 41]],
            [39, []],
            [41, []],
            [43, []],
            [46, []],
            [49, []],
            [48, []],
            [47, []]
        ]
    ],
    [
        [
            [12, [19, 18]],
            [21, [25, 24, 23, 22]]
        ],
        [
            [20, [20, 29]],
            [15, [27, 28, 26]]
        ],
        [
            [22, [5]],
            [10, [32, 31, 33]]
        ],
        [
            [32, [50, 45, 44, 42, 38]]
        ],
        [
            [37, [37]]
        ],
        [
            [36, [47, 48, 49, 43, 46, 36, 35]]
        ],
        [
            [34, [34, 30]]
        ],
        [
            [40, [40, 39, 41]]
        ]
    ]
]",1424.05551275464,"[
    [
        [
            [0, [1, 8, 11, 12, 13, 2, 4, 10, 6, 7, 17]],
            [1, []],
            [8, []],
            [11, []],
            [12, [19, 18]],
            [13, []],
            [2, []],
            [20, [20, 29]],
            [19, []],
            [18, []],
            [4, []],
            [10, [32, 31, 33]],
            [6, []],
            [7, []],
            [29, []],
            [32, [50, 45, 44, 42, 38]],
            [31, []],
            [33, []],
            [42, []],
            [44, []],
            [45, []],
            [17, []],
            [50, []],
            [38, []]
        ],
        [
            [0, [3, 21, 16, 15, 14, 9]],
            [3, []],
            [21, [25, 24, 23, 22]],
            [16, []],
            [15, [27, 28, 26]],
            [14, []],
            [25, []],
            [24, []],
            [23, []],
            [22, [5]],
            [5, []],
            [27, []],
            [28, []],
            [26, []],
            [37, [37]],
            [36, [47, 48, 49, 43, 46, 36, 35]],
            [35, []],
            [34, [34, 30]],
            [9, []],
            [30, []],
            [40, [40, 39, 41]],
            [39, []],
            [41, []],
            [43, []],
            [46, []],
            [49, []],
            [48, []],
            [47, []]
        ]
    ],
    [
        [
            [12, [19, 18]],
            [21, [25, 24, 23, 22]]
        ],
        [
            [20, [20, 29]],
            [15, [27, 28, 26]]
        ],
        [
            [22, [5]],
            [10, [32, 31, 33]]
        ],
        [
            [32, [50, 45, 44, 42, 38]]
        ],
        [
            [37, [37]]
        ],
        [
            [36, [47, 48, 49, 43, 46, 36, 35]]
        ],
        [
            [34, [34, 30]]
        ],
        [
            [40, [40, 39, 41]]
        ]
    ]
]",750.7696757551123,3,8,4.125,750.7696757551123,3,8,4.125,results/sol_best_R101_2.dat_A8_L90_pid2810.txt,results/sol_best_multi_R101_2.dat_A8_L90_pid2810.txt,R101_2.dat_A8_L90_r2.log
102,test_data/data_demand_random_50_batch_all1_equal_cluster/R101_2.dat,8.0,120.0,1,1731.18,"[
    [
        [
            [0, [7, 13, 4, 6, 1, 11, 12, 21, 20, 19, 18, 10, 8, 29]],
            [7, []],
            [13, [32, 31, 33]],
            [30, [30]],
            [3, [3]],
            [4, []],
            [6, [45, 44, 42]],
            [1, []],
            [11, []],
            [12, []],
            [21, []],
            [20, []],
            [19, []],
            [18, []],
            [10, []],
            [8, []],
            [32, []],
            [31, []],
            [33, []],
            [42, []],
            [45, []],
            [44, []],
            [29, []],
            [50, [50, 38]],
            [38, []]
        ],
        [
            [0, [9, 17, 16, 25, 24, 23, 22, 28, 27, 5]],
            [9, []],
            [2, [2]],
            [17, []],
            [16, []],
            [15, [15]],
            [14, [14]],
            [25, []],
            [24, []],
            [23, [26]],
            [22, []],
            [26, []],
            [28, []],
            [27, []],
            [5, []],
            [37, [36, 37, 35, 34]],
            [36, [47, 48, 49, 40, 39, 41, 43, 46]],
            [35, []],
            [34, []],
            [40, []],
            [39, []],
            [43, []],
            [41, []],
            [47, []],
            [48, []],
            [49, []],
            [46, []]
        ]
    ],
    [
        [
            [2, [2]],
            [13, [32, 31, 33]]
        ],
        [
            [30, [30]],
            [15, [15]]
        ],
        [
            [3, [3]],
            [14, [14]]
        ],
        [
            [6, [45, 44, 42]],
            [23, [26]]
        ],
        [
            [37, [36, 37, 35, 34]]
        ],
        [
            [36, [47, 48, 49, 40, 39, 41, 43, 46]]
        ],
        [
            [50, [50, 38]]
        ]
    ]
]",1731.18,"[
    [
        [
            [0, [7, 13, 4, 6, 1, 11, 12, 21, 20, 19, 18, 10, 8, 29]],
            [7, []],
            [13, [32, 31, 33]],
            [30, [30]],
            [3, [3]],
            [4, []],
            [6, [45, 44, 42]],
            [1, []],
            [11, []],
            [12, []],
            [21, []],
            [20, []],
            [19, []],
            [18, []],
            [10, []],
            [8, []],
            [32, []],
            [31, []],
            [33, []],
            [42, []],
            [45, []],
            [44, []],
            [29, []],
            [50, [50, 38]],
            [38, []]
        ],
        [
            [0, [9, 17, 16, 25, 24, 23, 22, 28, 27, 5]],
            [9, []],
            [2, [2]],
            [17, []],
            [16, []],
            [15, [15]],
            [14, [14]],
            [25, []],
            [24, []],
            [23, [26]],
            [22, []],
            [26, []],
            [28, []],
            [27, []],
            [5, []],
            [37, [36, 37, 35, 34]],
            [36, [47, 48, 49, 40, 39, 41, 43, 46]],
            [35, []],
            [34, []],
            [40, []],
            [39, []],
            [43, []],
            [41, []],
            [47, []],
            [48, []],
            [49, []],
            [46, []]
        ]
    ],
    [
        [
            [2, [2]],
            [13, [32, 31, 33]]
        ],
        [
            [30, [30]],
            [15, [15]]
        ],
        [
            [3, [3]],
            [14, [14]]
        ],
        [
            [6, [45, 44, 42]],
            [23, [26]]
        ],
        [
            [37, [36, 37, 35, 34]]
        ],
        [
            [36, [47, 48, 49, 40, 39, 41, 43, 46]]
        ],
        [
            [50, [50, 38]]
        ]
    ]
]",944.9466638896359,4,7,3.7142857142857144,944.9466638896359,4,7,3.7142857142857144,results/sol_best_R101_2.dat_A8_L120_pid2682.txt,results/sol_best_multi_R101_2.dat_A8_L120_pid2682.txt,R101_2.dat_A8_L120_r1.log
102,test_data/data_demand_random_50_batch_all1_equal_cluster/R101_2.dat,8.0,120.0,2,1605.0,"[
    [
        [
            [0, [2, 13, 10, 4, 12, 1, 11, 3, 8, 6, 9, 7]],
            [2, []],
            [13, []],
            [10, []],
            [25, [25]],
            [24, [24, 21]],
            [4, []],
            [12, [32, 31, 33, 30, 20]],
            [21, []],
            [20, []],
            [19, [19]],
            [18, [18]],
            [1, [44, 42, 29]],
            [11, []],
            [3, []],
            [8, []],
            [6, []],
            [29, []],
            [32, []],
            [31, []],
            [33, []],
            [42, []],
            [44, []],
            [30, []],
            [9, []],
            [7, []],
            [50, [50, 38]],
            [38, []]
        ],
        [
            [0, [17, 16, 15]],
            [17, [23, 22]],
            [16, [28, 27]],
            [15, []],
            [14, [14]],
            [23, []],
            [22, []],
            [26, [26]],
            [28, []],
            [27, []],
            [5, [5]],
            [37, [36, 37, 35, 34, 45]],
            [36, [47, 48, 49, 43, 46, 40, 39, 41]],
            [35, []],
            [34, []],
            [40, []],
            [39, []],
            [43, []],
            [41, []],
            [47, []],
            [48, []],
            [49, []],
            [46, []],
            [45, []]
        ]
    ],
    [
        [
            [17, [23, 22]],
            [25, [25]]
        ],
        [
            [24, [24, 21]],
            [16, [28, 27]]
        ],
        [
            [14, [14]],
            [12, [32, 31, 33, 30, 20]]
        ],
        [
            [26, [26]],
            [19, [19]]
        ],
        [
            [18, [18]],
            [5, [5]]
        ],
        [
            [1, [44, 42, 29]],
            [37, [36, 37, 35, 34, 45]]
        ],
        [
            [36, [47, 48, 49, 43, 46, 40, 39, 41]]
        ],
        [
            [50, [50, 38]]
        ]
    ]
]",1605.0,"[
    [
        [
            [0, [2, 13, 10, 4, 12, 1, 11, 3, 8, 6, 9, 7]],
            [2, []],
            [13, []],
            [10, []],
            [25, [25]],
            [24, [24, 21]],
            [4, []],
            [12, [32, 31, 33, 30, 20]],
            [21, []],
            [20, []],
            [19, [19]],
            [18, [18]],
            [1, [44, 42, 29]],
            [11, []],
            [3, []],
            [8, []],
            [6, []],
            [29, []],
            [32, []],
            [31, []],
            [33, []],
            [42, []],
            [44, []],
            [30, []],
            [9, []],
            [7, []],
            [50, [50, 38]],
            [38, []]
        ],
        [
            [0, [17, 16, 15]],
            [17, [23, 22]],
            [16, [28, 27]],
            [15, []],
            [14, [14]],
            [23, []],
            [22, []],
            [26, [26]],
            [28, []],
            [27, []],
            [5, [5]],
            [37, [36, 37, 35, 34, 45]],
            [36, [47, 48, 49, 43, 46, 40, 39, 41]],
            [35, []],
            [34, []],
            [40, []],
            [39, []],
            [43, []],
            [41, []],
            [47, []],
            [48, []],
            [49, []],
            [46, []],
            [45, []]
        ]
    ],
    [
        [
            [17, [23, 22]],
            [25, [25]]
        ],
        [
            [24, [24, 21]],
            [16, [28, 27]]
        ],
        [
            [14, [14]],
            [12, [32, 31, 33, 30, 20]]
        ],
        [
            [26, [26]],
            [19, [19]]
        ],
        [
            [18, [18]],
            [5, [5]]
        ],
        [
            [1, [44, 42, 29]],
            [37, [36, 37, 35, 34, 45]]
        ],
        [
            [36, [47, 48, 49, 43, 46, 40, 39, 41]]
        ],
        [
            [50, [50, 38]]
        ]
    ]
]",647.1013712015485,6,8,4.375,647.1013712015485,6,8,4.375,results/sol_best_R101_2.dat_A8_L120_pid2683.txt,results/sol_best_multi_R101_2.dat_A8_L120_pid2683.txt,R101_2.dat_A8_L120_r2.log
103,test_data/data_demand_random_50_batch_all1_equal_cluster/R101_3.dat,4.0,60.0,1,1849.0,"[
    [
        [
            [0, [27, 26, 25, 50, 24, 44, 23, 22, 21, 20, 43, 11, 49, 37, 46, 45, 10, 7]],
            [27, [42]],
            [26, []],
            [25, []],
            [50, []],
            [24, []],
            [44, []],
            [23, []],
            [22, []],
            [21, []],
            [20, []],
            [42, []],
            [43, []],
            [11, []],
            [49, []],
            [37, []],
            [46, []],
            [45, []],
            [10, []],
            [7, []]
        ],
        [
            [0, [5, 6, 3, 4, 17, 32, 16, 30, 29, 28, 31, 1, 9, 8, 33, 34, 35, 36, 40, 39, 38, 41, 19, 18, 15, 14, 13, 12, 2]],
            [5, []],
            [6, []],
            [3, []],
            [4, []],
            [17, []],
            [32, []],
            [16, []],
            [30, []],
            [29, []],
            [28, []],
            [31, []],
            [1, [47, 48]],
            [9, []],
            [8, []],
            [33, []],
            [34, []],
            [35, []],
            [36, []],
            [47, []],
            [48, []],
            [40, []],
            [39, []],
            [38, []],
            [41, []],
            [19, []],
            [18, []],
            [15, []],
            [14, []],
            [13, []],
            [12, []],
            [2, []]
        ]
    ],
    [
        [
            [27, [42]],
            [1, [47, 48]]
        ]
    ]
]",1849.0,"[
    [
        [
            [0, [27, 26, 25, 50, 24, 44, 23, 22, 21, 20, 43, 11, 49, 37, 46, 45, 10, 7]],
            [27, [42]],
            [26, []],
            [25, []],
            [50, []],
            [24, []],
            [44, []],
            [23, []],
            [22, []],
            [21, []],
            [20, []],
            [42, []],
            [43, []],
            [11, []],
            [49, []],
            [37, []],
            [46, []],
            [45, []],
            [10, []],
            [7, []]
        ],
        [
            [0, [5, 6, 3, 4, 17, 32, 16, 30, 29, 28, 31, 1, 9, 8, 33, 34, 35, 36, 40, 39, 38, 41, 19, 18, 15, 14, 13, 12, 2]],
            [5, []],
            [6, []],
            [3, []],
            [4, []],
            [17, []],
            [32, []],
            [16, []],
            [30, []],
            [29, []],
            [28, []],
            [31, []],
            [1, [47, 48]],
            [9, []],
            [8, []],
            [33, []],
            [34, []],
            [35, []],
            [36, []],
            [47, []],
            [48, []],
            [40, []],
            [39, []],
            [38, []],
            [41, []],
            [19, []],
            [18, []],
            [15, []],
            [14, []],
            [13, []],
            [12, []],
            [2, []]
        ]
    ],
    [
        [
            [27, [42]],
            [1, [47, 48]]
        ]
    ]
]",1367.0,1,1,3.0,1367.0,1,1,3.0,results/sol_best_R101_3.dat_A4_L60_pid2752.txt,results/sol_best_multi_R101_3.dat_A4_L60_pid2752.txt,R101_3.dat_A4_L60_r1.log
103,test_data/data_demand_random_50_batch_all1_equal_cluster/R101_3.dat,4.0,60.0,2,1825.0,"[
    [
        [
            [0, [1, 31, 26, 25, 50, 24, 44, 23, 22, 21, 20, 42, 43, 11, 49, 45, 10, 7]],
            [1, []],
            [31, []],
            [26, []],
            [25, []],
            [50, []],
            [24, []],
            [44, []],
            [23, []],
            [22, []],
            [21, []],
            [20, []],
            [42, []],
            [43, []],
            [11, []],
            [49, []],
            [45, []],
            [10, []],
            [7, []]
        ],
        [
            [0, [5, 6, 3, 4, 19, 32, 17, 16, 30, 29, 28, 27, 8, 9, 33, 34, 35, 36, 39, 40, 38, 41, 18, 15, 14, 13, 12, 2]],
            [5, []],
            [6, []],
            [3, []],
            [4, []],
            [19, []],
            [32, []],
            [17, []],
            [16, []],
            [30, []],
            [29, []],
            [28, []],
            [27, []],
            [8, [47, 48]],
            [9, []],
            [33, [37, 46]],
            [46, []],
            [37, []],
            [34, []],
            [35, []],
            [36, []],
            [48, []],
            [47, []],
            [39, []],
            [40, []],
            [38, []],
            [41, []],
            [18, []],
            [15, []],
            [14, []],
            [13, []],
            [12, []],
            [2, []]
        ]
    ],
    [
        [
            [8, [47, 48]]
        ],
        [
            [33, [37, 46]]
        ]
    ]
]",1830.0,"[
    [
        [
            [0, [1, 31, 26, 25, 50, 24, 44, 23, 22, 21, 20, 43, 11, 49, 10, 7]],
            [1, [42]],
            [31, []],
            [26, []],
            [25, []],
            [50, []],
            [24, []],
            [44, []],
            [23, []],
            [22, []],
            [21, []],
            [20, []],
            [42, []],
            [43, []],
            [11, []],
            [49, []],
            [10, []],
            [7, []]
        ],
        [
            [0, [3, 15, 14, 16, 32, 17, 30, 29, 28, 27, 12, 2, 5, 9, 8, 33, 34, 35, 36, 6, 38, 40, 39, 41, 19, 18, 13, 4]],
            [3, []],
            [15, []],
            [14, []],
            [16, []],
            [32, []],
            [17, []],
            [30, []],
            [29, []],
            [28, []],
            [27, []],
            [12, []],
            [2, []],
            [5, []],
            [9, [47, 48, 45]],
            [8, []],
            [33, []],
            [45, [37, 46]],
            [46, []],
            [37, []],
            [34, []],
            [35, []],
            [36, []],
            [48, []],
            [47, []],
            [6, []],
            [38, []],
            [40, []],
            [39, []],
            [41, []],
            [19, []],
            [18, []],
            [13, []],
            [4, []]
        ]
    ],
    [
        [
            [1, [42]],
            [9, [47, 48, 45]]
        ],
        [
            [45, [37, 46]]
        ]
    ]
]",1377.1967716615477,0,2,2.0,1405.5773797371132,1,2,3.0,results/sol_best_R101_3.dat_A4_L60_pid2753.txt,results/sol_best_multi_R101_3.dat_A4_L60_pid2753.txt,R101_3.dat_A4_L60_r2.log
104,test_data/data_demand_random_50_batch_all1_equal_cluster/R101_3.dat,4.0,90.0,1,1945.5,"[
    [
        [
            [0, [11, 10, 7, 19, 18, 13, 4, 1, 12, 32, 30, 29, 25, 28, 9]],
            [11, []],
            [10, []],
            [7, []],
            [19, []],
            [18, []],
            [13, []],
            [4, []],
            [1, [40, 39, 38]],
            [12, []],
            [32, []],
            [30, []],
            [29, [46, 45, 43]],
            [25, []],
            [28, []],
            [9, []],
            [40, []],
            [39, []],
            [38, []],
            [46, []],
            [45, []],
            [50, [50, 47]],
            [43, []],
            [47, []]
        ],
        [
            [0, [5, 6, 3, 2, 8, 26, 14, 17, 15, 16, 24, 23, 22, 20]],
            [5, []],
            [6, []],
            [3, []],
            [2, []],
            [8, []],
            [26, [27, 31]],
            [27, []],
            [14, []],
            [31, []],
            [17, []],
            [15, []],
            [16, []],
            [24, []],
            [23, []],
            [22, []],
            [21, [21]],
            [20, []],
            [34, [34, 44]],
            [35, [35, 37, 33, 36]],
            [37, []],
            [36, []],
            [44, []],
            [42, [49, 48, 42, 41]],
            [49, []],
            [33, []],
            [41, []],
            [48, []]
        ]
    ],
    [
        [
            [26, [27, 31]]
        ],
        [
            [1, [40, 39, 38]]
        ],
        [
            [29, [46, 45, 43]],
            [21, [21]]
        ],
        [
            [34, [34, 44]]
        ],
        [
            [35, [35, 37, 33, 36]]
        ],
        [
            [50, [50, 47]]
        ],
        [
            [42, [49, 48, 42, 41]]
        ]
    ]
]",1945.495097567964,"[
    [
        [
            [0, [11, 10, 19, 18, 13, 4, 1, 12, 32, 30, 29, 28, 9]],
            [11, []],
            [10, []],
            [7, [7]],
            [19, []],
            [18, []],
            [13, []],
            [4, []],
            [1, [40, 39, 38, 26]],
            [12, []],
            [32, []],
            [30, []],
            [29, [46, 45, 43]],
            [26, []],
            [28, []],
            [9, []],
            [40, []],
            [39, []],
            [38, []],
            [46, []],
            [45, []],
            [50, [50, 47]],
            [43, []],
            [47, []]
        ],
        [
            [0, [5, 6, 3, 2, 8, 25, 14, 17, 15, 16, 24, 23, 22, 20]],
            [5, []],
            [6, []],
            [3, []],
            [2, []],
            [8, []],
            [25, [27, 31]],
            [27, []],
            [14, []],
            [31, []],
            [17, []],
            [15, []],
            [16, []],
            [24, []],
            [23, []],
            [22, []],
            [21, [21]],
            [20, []],
            [34, [34, 44]],
            [35, [35, 37, 33, 36]],
            [37, []],
            [36, []],
            [44, []],
            [42, [49, 48, 42, 41]],
            [49, []],
            [33, []],
            [41, []],
            [48, []]
        ]
    ],
    [
        [
            [25, [27, 31]],
            [7, [7]]
        ],
        [
            [1, [40, 39, 38, 26]]
        ],
        [
            [29, [46, 45, 43]],
            [21, [21]]
        ],
        [
            [34, [34, 44]]
        ],
        [
            [35, [35, 37, 33, 36]]
        ],
        [
            [50, [50, 47]]
        ],
        [
            [42, [49, 48, 42, 41]]
        ]
    ]
]",1269.086558631017,1,7,3.0,1270.74931866316,2,7,3.2857142857142856,results/sol_best_R101_3.dat_A4_L90_pid2660.txt,results/sol_best_multi_R101_3.dat_A4_L90_pid2660.txt,R101_3.dat_A4_L90_r1.log
104,test_data/data_demand_random_50_batch_all1_equal_cluster/R101_3.dat,4.0,90.0,2,1677.54,"[
    [
        [
            [0, [19, 14, 16, 17, 26, 25, 28, 29, 12, 27, 8, 7]],
            [19, []],
            [18, [18]],
            [14, [31]],
            [16, []],
            [17, []],
            [30, [30]],
            [31, []],
            [26, []],
            [25, []],
            [28, []],
            [29, []],
            [12, [40, 39, 38, 36]],
            [27, []],
            [8, []],
            [7, []],
            [36, []],
            [40, []],
            [39, []],
            [38, []],
            [41, [41, 43, 45, 50]],
            [45, []],
            [43, []],
            [50, []]
        ],
        [
            [0, [5, 6, 9, 2, 15, 13, 10, 11, 24, 23, 22, 21, 20, 1]],
            [5, []],
            [6, []],
            [9, []],
            [2, []],
            [32, [32]],
            [15, []],
            [13, []],
            [4, [4]],
            [3, [3]],
            [10, []],
            [11, []],
            [24, [34, 35, 37, 33]],
            [23, []],
            [22, []],
            [21, []],
            [20, []],
            [1, []],
            [34, [44, 42]],
            [35, []],
            [37, []],
            [33, []],
            [42, []],
            [44, []],
            [46, [46, 49, 48, 47]],
            [49, []],
            [48, []],
            [47, []]
        ]
    ],
    [
        [
            [32, [32]],
            [18, [18]]
        ],
        [
            [14, [31]],
            [4, [4]]
        ],
        [
            [3, [3]],
            [30, [30]]
        ],
        [
            [12, [40, 39, 38, 36]]
        ],
        [
            [24, [34, 35, 37, 33]]
        ],
        [
            [41, [41, 43, 45, 50]]
        ],
        [
            [34, [44, 42]]
        ],
        [
            [46, [46, 49, 48, 47]]
        ]
    ]
]",1677.54,"[
    [
        [
            [0, [19, 14, 16, 17, 26, 25, 28, 29, 12, 27, 8, 7]],
            [19, []],
            [18, [18]],
            [14, [31]],
            [16, []],
            [17, []],
            [30, [30]],
            [31, []],
            [26, []],
            [25, []],
            [28, []],
            [29, []],
            [12, [40, 39, 38, 36]],
            [27, []],
            [8, []],
            [7, []],
            [36, []],
            [40, []],
            [39, []],
            [38, []],
            [41, [41, 43, 45, 50]],
            [45, []],
            [43, []],
            [50, []]
        ],
        [
            [0, [5, 6, 9, 2, 15, 13, 10, 11, 24, 23, 22, 21, 20, 1]],
            [5, []],
            [6, []],
            [9, []],
            [2, []],
            [32, [32]],
            [15, []],
            [13, []],
            [4, [4]],
            [3, [3]],
            [10, []],
            [11, []],
            [24, [34, 35, 37, 33]],
            [23, []],
            [22, []],
            [21, []],
            [20, []],
            [1, []],
            [34, [44, 42]],
            [35, []],
            [37, []],
            [33, []],
            [42, []],
            [44, []],
            [46, [46, 49, 48, 47]],
            [49, []],
            [48, []],
            [47, []]
        ]
    ],
    [
        [
            [32, [32]],
            [18, [18]]
        ],
        [
            [14, [31]],
            [4, [4]]
        ],
        [
            [3, [3]],
            [30, [30]]
        ],
        [
            [12, [40, 39, 38, 36]]
        ],
        [
            [24, [34, 35, 37, 33]]
        ],
        [
            [41, [41, 43, 45, 50]]
        ],
        [
            [34, [44, 42]]
        ],
        [
            [46, [46, 49, 48, 47]]
        ]
    ]
]",1048.2517785439247,3,8,3.0,1048.2517785439247,3,8,3.0,results/sol_best_R101_3.dat_A4_L90_pid2661.txt,results/sol_best_multi_R101_3.dat_A4_L90_pid2661.txt,R101_3.dat_A4_L90_r2.log
105,test_data/data_demand_random_50_batch_all1_equal_cluster/R101_3.dat,4.0,120.0,1,2035.46,"[
    [
        [
            [0, [5, 6, 1, 11, 10, 7, 19, 18, 16, 14, 12, 21, 26, 2]],
            [5, []],
            [6, []],
            [8, [8]],
            [1, []],
            [11, []],
            [10, []],
            [7, []],
            [19, []],
            [18, []],
            [32, [32]],
            [16, []],
            [14, []],
            [12, []],
            [21, [40, 39, 38, 29]],
            [26, []],
            [30, [30]],
            [2, []],
            [29, [27]],
            [27, [50, 47]],
            [36, [36, 48]],
            [40, [49, 46, 45, 43]],
            [39, []],
            [38, []],
            [46, []],
            [45, []],
            [50, []],
            [43, []],
            [49, []],
            [48, []],
            [47, []]
        ],
        [
            [0, [9, 17, 15, 13, 23, 22, 25, 20]],
            [3, [3, 4]],
            [4, []],
            [9, []],
            [17, [24]],
            [15, []],
            [13, []],
            [24, []],
            [23, [31, 33]],
            [22, []],
            [25, []],
            [20, [44, 42, 37]],
            [31, []],
            [28, [28, 41]],
            [34, [34, 35]],
            [35, []],
            [37, []],
            [33, []],
            [41, []],
            [44, []],
            [42, []]
        ]
    ],
    [
        [
            [8, [8]],
            [3, [3, 4]]
        ],
        [
            [32, [32]],
            [17, [24]]
        ],
        [
            [21, [40, 39, 38, 29]]
        ],
        [
            [30, [30]],
            [23, [31, 33]]
        ],
        [
            [20, [44, 42, 37]],
            [29, [27]]
        ],
        [
            [27, [50, 47]],
            [28, [28, 41]]
        ],
        [
            [36, [36, 48]],
            [34, [34, 35]]
        ],
        [
            [40, [49, 46, 45, 43]]
        ]
    ]
]",2035.46,"[
    [
        [
            [0, [5, 6, 1, 11, 10, 7, 19, 18, 16, 14, 12, 21, 26, 2]],
            [5, []],
            [6, []],
            [8, [8]],
            [1, []],
            [11, []],
            [10, []],
            [7, []],
            [19, []],
            [18, []],
            [32, [32]],
            [16, []],
            [14, []],
            [12, []],
            [21, [40, 39, 38, 29]],
            [26, []],
            [30, [30]],
            [2, []],
            [29, [27]],
            [27, [50, 47]],
            [36, [36, 48]],
            [40, [49, 46, 45, 43]],
            [39, []],
            [38, []],
            [46, []],
            [45, []],
            [50, []],
            [43, []],
            [49, []],
            [48, []],
            [47, []]
        ],
        [
            [0, [9, 17, 15, 13, 23, 22, 25, 20]],
            [3, [3, 4]],
            [4, []],
            [9, []],
            [17, [24]],
            [15, []],
            [13, []],
            [24, []],
            [23, [31, 33]],
            [22, []],
            [25, []],
            [20, [44, 42, 37]],
            [31, []],
            [28, [28, 41]],
            [34, [34, 35]],
            [35, []],
            [37, []],
            [33, []],
            [41, []],
            [44, []],
            [42, []]
        ]
    ],
    [
        [
            [8, [8]],
            [3, [3, 4]]
        ],
        [
            [32, [32]],
            [17, [24]]
        ],
        [
            [21, [40, 39, 38, 29]]
        ],
        [
            [30, [30]],
            [23, [31, 33]]
        ],
        [
            [20, [44, 42, 37]],
            [29, [27]]
        ],
        [
            [27, [50, 47]],
            [28, [28, 41]]
        ],
        [
            [36, [36, 48]],
            [34, [34, 35]]
        ],
        [
            [40, [49, 46, 45, 43]]
        ]
    ]
]",1114.9432844568632,6,8,3.5,1114.9432844568632,6,8,3.5,results/sol_best_R101_3.dat_A4_L120_pid2679.txt,results/sol_best_multi_R101_3.dat_A4_L120_pid2679.txt,R101_3.dat_A4_L120_r1.log
105,test_data/data_demand_random_50_batch_all1_equal_cluster/R101_3.dat,4.0,120.0,2,1712.43,"[
    [
        [
            [0, [27, 30, 10, 7, 11, 33, 36, 35, 5]],
            [1, [1]],
            [27, []],
            [30, []],
            [10, []],
            [7, [45, 38, 40]],
            [43, [43]],
            [11, []],
            [45, []],
            [33, []],
            [49, [49, 48, 47, 39]],
            [36, []],
            [35, []],
            [48, []],
            [47, []],
            [39, []],
            [40, []],
            [5, []],
            [38, []]
        ],
        [
            [0, [4, 19, 18, 15, 17, 16, 14, 13, 12, 22, 23, 21, 20, 2, 3, 8, 9, 24]],
            [4, []],
            [19, []],
            [18, []],
            [15, []],
            [17, []],
            [16, []],
            [14, []],
            [13, []],
            [12, []],
            [31, [31, 32, 25]],
            [29, [26, 29, 28]],
            [25, []],
            [22, []],
            [23, [34, 37]],
            [21, []],
            [20, []],
            [2, []],
            [3, []],
            [8, []],
            [34, []],
            [37, []],
            [46, [46, 42, 41]],
            [6, [6]],
            [9, []],
            [41, []],
            [32, []],
            [28, []],
            [26, []],
            [50, [50, 44]],
            [24, []],
            [44, []],
            [42, []]
        ]
    ],
    [
        [
            [31, [31, 32, 25]]
        ],
        [
            [29, [26, 29, 28]],
            [1, [1]]
        ],
        [
            [7, [45, 38, 40]]
        ],
        [
            [23, [34, 37]]
        ],
        [
            [46, [46, 42, 41]]
        ],
        [
            [43, [43]],
            [6, [6]]
        ],
        [
            [49, [49, 48, 47, 39]]
        ],
        [
            [50, [50, 44]]
        ]
    ]
]",1712.426406871193,"[
    [
        [
            [0, [27, 30, 10, 7, 11, 33, 36, 35, 5]],
            [1, [1]],
            [27, []],
            [30, []],
            [10, []],
            [7, [45, 38, 40]],
            [43, [43]],
            [11, []],
            [45, []],
            [33, []],
            [49, [49, 48, 47, 39]],
            [36, []],
            [35, []],
            [48, []],
            [47, []],
            [39, []],
            [40, []],
            [5, []],
            [38, []]
        ],
        [
            [0, [4, 19, 18, 15, 17, 16, 14, 13, 12, 22, 23, 21, 20, 2, 3, 8, 9, 24]],
            [4, []],
            [19, []],
            [18, []],
            [15, []],
            [17, []],
            [16, []],
            [14, []],
            [13, []],
            [12, []],
            [31, [31, 32, 25]],
            [29, [26, 29, 28]],
            [25, []],
            [22, []],
            [23, [34, 37]],
            [21, []],
            [20, []],
            [2, []],
            [3, []],
            [8, []],
            [34, []],
            [37, []],
            [46, [46, 42, 41]],
            [6, [6]],
            [9, []],
            [41, []],
            [32, []],
            [28, []],
            [26, []],
            [50, [50, 44]],
            [24, []],
            [44, []],
            [42, []]
        ]
    ],
    [
        [
            [31, [31, 32, 25]]
        ],
        [
            [29, [26, 29, 28]],
            [1, [1]]
        ],
        [
            [7, [45, 38, 40]]
        ],
        [
            [23, [34, 37]]
        ],
        [
            [46, [46, 42, 41]]
        ],
        [
            [43, [43]],
            [6, [6]]
        ],
        [
            [49, [49, 48, 47, 39]]
        ],
        [
            [50, [50, 44]]
        ]
    ]
]",1113.1596870910319,2,8,2.875,1113.1596870910319,2,8,2.875,results/sol_best_R101_3.dat_A4_L120_pid2680.txt,results/sol_best_multi_R101_3.dat_A4_L120_pid2680.txt,R101_3.dat_A4_L120_r2.log
106,test_data/data_demand_random_50_batch_all1_equal_cluster/R101_3.dat,8.0,60.0,1,1826.0,"[
    [
        [
            [0, [1, 27, 28, 31, 26, 25, 50, 24, 44, 23, 22, 42, 43, 11, 49, 45, 10, 7]],
            [1, []],
            [27, []],
            [28, []],
            [31, []],
            [26, []],
            [25, []],
            [50, []],
            [24, []],
            [44, []],
            [23, []],
            [22, []],
            [42, []],
            [43, []],
            [11, []],
            [49, []],
            [45, []],
            [10, []],
            [7, []]
        ],
        [
            [0, [3, 5, 8, 21, 20, 33, 34, 35, 36, 9, 6, 40, 39, 41, 38, 15, 14, 13, 12, 29, 30, 16, 17, 32, 18, 19, 4, 2]],
            [3, []],
            [5, []],
            [8, []],
            [21, []],
            [20, []],
            [33, [37, 46]],
            [46, []],
            [37, []],
            [34, []],
            [35, []],
            [36, []],
            [9, []],
            [6, []],
            [47, [47, 48]],
            [48, []],
            [40, []],
            [39, []],
            [41, []],
            [38, []],
            [15, []],
            [14, []],
            [13, []],
            [12, []],
            [29, []],
            [30, []],
            [16, []],
            [17, []],
            [32, []],
            [18, []],
            [19, []],
            [4, []],
            [2, []]
        ]
    ],
    [
        [
            [33, [37, 46]]
        ],
        [
            [47, [47, 48]]
        ]
    ]
]",,,1293.0695137356345,0,2,2.0,,,,,results/sol_best_R101_3.dat_A8_L60_pid2794.txt,(not found),R101_3.dat_A8_L60_r1.log
106,test_data/data_demand_random_50_batch_all1_equal_cluster/R101_3.dat,8.0,60.0,2,1809.0,"[
    [
        [
            [0, [1, 27, 28, 26, 25, 50, 24, 44, 23, 22, 21, 20, 42, 43, 11, 49, 45, 10, 7]],
            [1, []],
            [27, []],
            [28, []],
            [26, []],
            [25, []],
            [50, []],
            [24, []],
            [44, []],
            [23, []],
            [22, []],
            [21, []],
            [20, []],
            [42, []],
            [43, []],
            [11, []],
            [49, []],
            [45, []],
            [10, []],
            [7, []]
        ],
        [
            [0, [4, 19, 18, 32, 17, 16, 30, 31, 29, 12, 5, 8, 9, 33, 34, 35, 36, 40, 39, 41, 38, 6, 3, 15, 14, 13, 2]],
            [4, []],
            [19, []],
            [18, []],
            [32, []],
            [17, []],
            [16, []],
            [30, []],
            [31, []],
            [29, []],
            [12, []],
            [5, []],
            [8, []],
            [9, []],
            [33, [37, 46]],
            [46, []],
            [37, []],
            [34, []],
            [35, []],
            [36, []],
            [48, [47, 48]],
            [47, []],
            [40, []],
            [39, []],
            [41, []],
            [38, []],
            [6, []],
            [3, []],
            [15, []],
            [14, []],
            [13, []],
            [2, []]
        ]
    ],
    [
        [
            [33, [37, 46]]
        ],
        [
            [48, [47, 48]]
        ]
    ]
]",,,1464.03747140746,0,2,2.0,,,,,results/sol_best_R101_3.dat_A8_L60_pid2795.txt,(not found),R101_3.dat_A8_L60_r2.log
107,test_data/data_demand_random_50_batch_all1_equal_cluster/R101_3.dat,8.0,90.0,1,1919.93,"[
    [
        [
            [0, [6, 3, 4, 5, 11, 10, 7, 19, 18, 16, 14, 12, 2]],
            [6, []],
            [3, [26, 25]],
            [4, []],
            [5, []],
            [11, []],
            [10, []],
            [7, []],
            [19, []],
            [18, []],
            [16, []],
            [14, []],
            [26, []],
            [25, []],
            [12, [40, 39, 38, 32]],
            [2, []],
            [32, []],
            [30, [30, 29, 28, 27]],
            [29, []],
            [28, []],
            [27, [50, 47, 48]],
            [48, []],
            [40, []],
            [39, []],
            [38, []],
            [41, [41, 45, 43]],
            [47, []],
            [45, []],
            [43, []],
            [50, []]
        ],
        [
            [0, [1, 8, 9, 17, 15, 24, 23, 22, 21, 31]],
            [1, []],
            [8, []],
            [9, []],
            [17, []],
            [15, []],
            [13, [13]],
            [24, []],
            [23, []],
            [22, []],
            [21, []],
            [20, [20]],
            [31, [34, 35, 37, 33, 36]],
            [34, []],
            [35, []],
            [37, []],
            [33, []],
            [46, [46]],
            [44, [49, 44, 42]],
            [42, []],
            [49, []],
            [36, []]
        ]
    ],
    [
        [
            [3, [26, 25]]
        ],
        [
            [13, [13]],
            [12, [40, 39, 38, 32]]
        ],
        [
            [20, [20]],
            [30, [30, 29, 28, 27]]
        ],
        [
            [27, [50, 47, 48]],
            [31, [34, 35, 37, 33, 36]]
        ],
        [
            [41, [41, 45, 43]]
        ],
        [
            [46, [46]]
        ],
        [
            [44, [49, 44, 42]]
        ]
    ]
]",1919.928498393146,"[
    [
        [
            [0, [6, 3, 4, 5, 11, 10, 7, 19, 18, 16, 14, 12, 2]],
            [6, []],
            [3, [26, 25]],
            [4, []],
            [5, []],
            [11, []],
            [10, []],
            [7, []],
            [19, []],
            [18, []],
            [16, []],
            [14, []],
            [26, []],
            [25, []],
            [12, [40, 39, 38, 32]],
            [2, []],
            [32, []],
            [30, [30, 29, 28, 27]],
            [29, []],
            [28, []],
            [27, [50, 47, 48]],
            [48, []],
            [40, []],
            [39, []],
            [38, []],
            [41, [41, 45, 43]],
            [47, []],
            [45, []],
            [43, []],
            [50, []]
        ],
        [
            [0, [1, 8, 9, 17, 15, 24, 23, 22, 21, 31]],
            [1, []],
            [8, []],
            [9, []],
            [17, []],
            [15, []],
            [13, [13]],
            [24, []],
            [23, []],
            [22, []],
            [21, []],
            [20, [20]],
            [31, [34, 35, 37, 33, 36]],
            [34, []],
            [35, []],
            [37, []],
            [33, []],
            [46, [46]],
            [44, [49, 44, 42]],
            [42, []],
            [49, []],
            [36, []]
        ]
    ],
    [
        [
            [3, [26, 25]]
        ],
        [
            [13, [13]],
            [12, [40, 39, 38, 32]]
        ],
        [
            [20, [20]],
            [30, [30, 29, 28, 27]]
        ],
        [
            [27, [50, 47, 48]],
            [31, [34, 35, 37, 33, 36]]
        ],
        [
            [41, [41, 45, 43]]
        ],
        [
            [46, [46]]
        ],
        [
            [44, [49, 44, 42]]
        ]
    ]
]",1198.373472840459,3,7,3.857142857142857,1198.373472840459,3,7,3.857142857142857,results/sol_best_R101_3.dat_A8_L90_pid2722.txt,results/sol_best_multi_R101_3.dat_A8_L90_pid2722.txt,R101_3.dat_A8_L90_r1.log
107,test_data/data_demand_random_50_batch_all1_equal_cluster/R101_3.dat,8.0,90.0,2,1882.46,"[
    [
        [
            [0, [6, 3, 5, 11, 10, 7, 1, 4, 19, 18, 16, 14, 12]],
            [6, []],
            [3, []],
            [5, []],
            [11, [20, 26, 25]],
            [10, []],
            [7, []],
            [20, []],
            [31, [31]],
            [1, []],
            [4, [32]],
            [19, []],
            [18, []],
            [32, []],
            [16, []],
            [14, []],
            [26, []],
            [25, []],
            [22, [30, 29, 28, 27, 22, 21]],
            [21, []],
            [12, []],
            [30, []],
            [29, []],
            [28, []],
            [27, [47, 46, 45, 43, 49]],
            [40, [40, 39, 48, 36]],
            [39, []],
            [46, []],
            [45, []],
            [43, []],
            [49, []],
            [36, []],
            [48, []],
            [47, []]
        ],
        [
            [0, [8, 9, 17, 15, 13, 23]],
            [2, [2]],
            [8, [24]],
            [9, []],
            [17, [34, 35, 37, 33]],
            [15, []],
            [13, []],
            [24, []],
            [23, []],
            [34, []],
            [35, []],
            [37, []],
            [44, [44]],
            [50, [50, 42, 41, 38]],
            [42, []],
            [33, []],
            [41, []],
            [38, []]
        ]
    ],
    [
        [
            [11, [20, 26, 25]],
            [2, [2]]
        ],
        [
            [8, [24]],
            [31, [31]]
        ],
        [
            [17, [34, 35, 37, 33]],
            [4, [32]]
        ],
        [
            [22, [30, 29, 28, 27, 22, 21]]
        ],
        [
            [27, [47, 46, 45, 43, 49]],
            [44, [44]]
        ],
        [
            [50, [50, 42, 41, 38]]
        ],
        [
            [40, [40, 39, 48, 36]]
        ]
    ]
]",1882.46,"[
    [
        [
            [0, [6, 3, 5, 11, 10, 7, 1, 4, 19, 18, 16, 14, 12]],
            [6, []],
            [3, []],
            [5, []],
            [11, [20, 26, 25]],
            [10, []],
            [7, []],
            [20, []],
            [31, [31]],
            [1, []],
            [4, [32]],
            [19, []],
            [18, []],
            [32, []],
            [16, []],
            [14, []],
            [26, []],
            [25, []],
            [22, [30, 29, 28, 27, 22, 21]],
            [21, []],
            [12, []],
            [30, []],
            [29, []],
            [28, []],
            [27, [47, 46, 45, 43, 49]],
            [40, [40, 39, 48, 36]],
            [39, []],
            [46, []],
            [45, []],
            [43, []],
            [49, []],
            [36, []],
            [48, []],
            [47, []]
        ],
        [
            [0, [8, 9, 17, 15, 13, 23]],
            [2, [2]],
            [8, [24]],
            [9, []],
            [17, [34, 35, 37, 33]],
            [15, []],
            [13, []],
            [24, []],
            [23, []],
            [34, []],
            [35, []],
            [37, []],
            [44, [44]],
            [50, [50, 42, 41, 38]],
            [42, []],
            [33, []],
            [41, []],
            [38, []]
        ]
    ],
    [
        [
            [11, [20, 26, 25]],
            [2, [2]]
        ],
        [
            [8, [24]],
            [31, [31]]
        ],
        [
            [17, [34, 35, 37, 33]],
            [4, [32]]
        ],
        [
            [22, [30, 29, 28, 27, 22, 21]]
        ],
        [
            [27, [47, 46, 45, 43, 49]],
            [44, [44]]
        ],
        [
            [50, [50, 42, 41, 38]]
        ],
        [
            [40, [40, 39, 48, 36]]
        ]
    ]
]",990.2789733841621,4,7,4.428571428571429,990.2789733841621,4,7,4.428571428571429,results/sol_best_R101_3.dat_A8_L90_pid2723.txt,results/sol_best_multi_R101_3.dat_A8_L90_pid2723.txt,R101_3.dat_A8_L90_r2.log
108,test_data/data_demand_random_50_batch_all1_equal_cluster/R101_3.dat,8.0,120.0,1,1758.0,"[
    [
        [
            [0, [11, 10, 7, 9, 19, 18, 17, 15, 16, 14, 1, 2, 12]],
            [11, []],
            [10, []],
            [7, []],
            [8, [8]],
            [9, []],
            [19, []],
            [18, []],
            [17, []],
            [15, [26, 25]],
            [16, []],
            [14, []],
            [26, []],
            [25, [32, 30, 28, 27, 29]],
            [1, []],
            [2, []],
            [12, []],
            [32, []],
            [30, []],
            [29, []],
            [28, []],
            [27, [50, 46, 43, 49, 33]],
            [33, []],
            [46, []],
            [49, []],
            [43, []],
            [50, []]
        ],
        [
            [0, [6, 3, 4, 13, 24, 22, 21, 20]],
            [5, [5]],
            [6, []],
            [3, []],
            [4, []],
            [13, []],
            [24, []],
            [23, [23]],
            [22, []],
            [21, []],
            [20, []],
            [31, [31, 40, 39]],
            [40, []],
            [39, []],
            [34, [38, 34, 35, 37, 36]],
            [35, []],
            [37, []],
            [36, []],
            [48, [41, 48, 47]],
            [47, []],
            [41, []],
            [38, []],
            [45, [42, 45, 44]],
            [44, []],
            [42, []]
        ]
    ],
    [
        [
            [5, [5]],
            [8, [8]]
        ],
        [
            [15, [26, 25]],
            [23, [23]]
        ],
        [
            [31, [31, 40, 39]],
            [25, [32, 30, 28, 27, 29]]
        ],
        [
            [34, [38, 34, 35, 37, 36]]
        ],
        [
            [27, [50, 46, 43, 49, 33]],
            [48, [41, 48, 47]]
        ],
        [
            [45, [42, 45, 44]]
        ]
    ]
]",1758.0,"[
    [
        [
            [0, [11, 10, 7, 9, 19, 18, 17, 15, 16, 14, 1, 2, 12]],
            [11, []],
            [10, []],
            [7, []],
            [8, [8]],
            [9, []],
            [19, []],
            [18, []],
            [17, []],
            [15, [26, 25]],
            [16, []],
            [14, []],
            [26, []],
            [25, [32, 30, 28, 27, 29]],
            [1, []],
            [2, []],
            [12, []],
            [32, []],
            [30, []],
            [29, []],
            [28, []],
            [27, [50, 46, 43, 49, 33]],
            [33, []],
            [46, []],
            [49, []],
            [43, []],
            [50, []]
        ],
        [
            [0, [6, 3, 4, 13, 24, 22, 21, 20]],
            [5, [5]],
            [6, []],
            [3, []],
            [4, []],
            [13, []],
            [24, []],
            [23, [23]],
            [22, []],
            [21, []],
            [20, []],
            [31, [31, 40, 39]],
            [40, []],
            [39, []],
            [34, [38, 34, 35, 37, 36]],
            [35, []],
            [37, []],
            [36, []],
            [48, [41, 48, 47]],
            [47, []],
            [41, []],
            [38, []],
            [45, [42, 45, 44]],
            [44, []],
            [42, []]
        ]
    ],
    [
        [
            [5, [5]],
            [8, [8]]
        ],
        [
            [15, [26, 25]],
            [23, [23]]
        ],
        [
            [31, [31, 40, 39]],
            [25, [32, 30, 28, 27, 29]]
        ],
        [
            [34, [38, 34, 35, 37, 36]]
        ],
        [
            [27, [50, 46, 43, 49, 33]],
            [48, [41, 48, 47]]
        ],
        [
            [45, [42, 45, 44]]
        ]
    ]
]",1036.3524343322003,4,6,4.833333333333333,1036.3524343322003,4,6,4.833333333333333,results/sol_best_R101_3.dat_A8_L120_pid2740.txt,results/sol_best_multi_R101_3.dat_A8_L120_pid2740.txt,R101_3.dat_A8_L120_r1.log
108,test_data/data_demand_random_50_batch_all1_equal_cluster/R101_3.dat,8.0,120.0,2,2249.0,"[
    [
        [
            [0, [20, 10, 7, 19, 18, 16, 14, 11, 4, 1, 26, 25, 12]],
            [20, []],
            [10, []],
            [7, []],
            [19, []],
            [18, []],
            [16, []],
            [14, []],
            [31, [31, 36, 32, 30, 29, 28, 27]],
            [11, [40, 39, 38]],
            [4, [45, 43]],
            [1, []],
            [26, []],
            [25, []],
            [12, []],
            [32, []],
            [30, []],
            [29, []],
            [28, []],
            [27, [50, 47, 41]],
            [36, []],
            [40, []],
            [39, []],
            [38, []],
            [41, []],
            [45, []],
            [50, []],
            [43, []],
            [47, []]
        ],
        [
            [0, [6, 3, 8, 9, 17, 15, 13, 23, 22, 21, 34, 35, 37, 33]],
            [5, [5]],
            [6, []],
            [3, []],
            [2, [2]],
            [8, [24]],
            [9, []],
            [17, []],
            [15, []],
            [13, []],
            [24, []],
            [23, [46, 44, 42]],
            [22, []],
            [21, []],
            [34, []],
            [35, []],
            [37, []],
            [33, []],
            [46, []],
            [44, []],
            [42, []],
            [49, [49, 48]],
            [48, []]
        ]
    ],
    [
        [
            [31, [31, 36, 32, 30, 29, 28, 27]],
            [5, [5]]
        ],
        [
            [2, [2]],
            [11, [40, 39, 38]]
        ],
        [
            [4, [45, 43]],
            [8, [24]]
        ],
        [
            [27, [50, 47, 41]],
            [23, [46, 44, 42]]
        ],
        [
            [49, [49, 48]]
        ]
    ]
]",2249.0,"[
    [
        [
            [0, [20, 10, 7, 19, 18, 16, 14, 11, 4, 1, 26, 25, 12]],
            [20, []],
            [10, []],
            [7, []],
            [19, []],
            [18, []],
            [16, []],
            [14, []],
            [31, [31, 36, 32, 30, 29, 28, 27]],
            [11, [40, 39, 38]],
            [4, [45, 43]],
            [1, []],
            [26, []],
            [25, []],
            [12, []],
            [32, []],
            [30, []],
            [29, []],
            [28, []],
            [27, [50, 47, 41]],
            [36, []],
            [40, []],
            [39, []],
            [38, []],
            [41, []],
            [45, []],
            [50, []],
            [43, []],
            [47, []]
        ],
        [
            [0, [6, 3, 8, 9, 17, 15, 13, 23, 22, 21, 34, 35, 37, 33]],
            [5, [5]],
            [6, []],
            [3, []],
            [2, [2]],
            [8, [24]],
            [9, []],
            [17, []],
            [15, []],
            [13, []],
            [24, []],
            [23, [46, 44, 42]],
            [22, []],
            [21, []],
            [34, []],
            [35, []],
            [37, []],
            [33, []],
            [46, []],
            [44, []],
            [42, []],
            [49, [49, 48]],
            [48, []]
        ]
    ],
    [
        [
            [31, [31, 36, 32, 30, 29, 28, 27]],
            [5, [5]]
        ],
        [
            [2, [2]],
            [11, [40, 39, 38]]
        ],
        [
            [4, [45, 43]],
            [8, [24]]
        ],
        [
            [27, [50, 47, 41]],
            [23, [46, 44, 42]]
        ],
        [
            [49, [49, 48]]
        ]
    ]
]",1261.2790513072962,4,5,4.6,1261.2790513072962,4,5,4.6,results/sol_best_R101_3.dat_A8_L120_pid2741.txt,results/sol_best_multi_R101_3.dat_A8_L120_pid2741.txt,R101_3.dat_A8_L120_r2.log
109,test_data/data_demand_random_50_batch_all1_equal_cluster/RC101_0.5.dat,4.0,60.0,1,768.0,"[
    [
        [
            [0, [50, 46, 47, 48, 49, 29, 28, 27, 26, 25, 13, 11, 12, 14, 3, 4, 5, 36, 37, 38, 39, 20]],
            [50, []],
            [46, []],
            [47, []],
            [48, []],
            [49, []],
            [29, []],
            [28, []],
            [27, []],
            [26, []],
            [25, []],
            [13, []],
            [11, []],
            [12, []],
            [14, []],
            [3, []],
            [4, []],
            [5, []],
            [36, []],
            [37, []],
            [38, []],
            [39, []],
            [20, []]
        ],
        [
            [0, [21, 23, 22, 24, 40, 41, 45, 42, 43, 44, 35, 33, 34, 32, 31, 30, 2, 1, 6, 7, 8, 9, 10, 19, 18, 17, 16, 15]],
            [21, []],
            [23, []],
            [22, []],
            [24, []],
            [40, []],
            [41, []],
            [45, []],
            [42, []],
            [43, []],
            [44, []],
            [35, []],
            [33, []],
            [34, []],
            [32, []],
            [31, []],
            [30, []],
            [2, []],
            [1, []],
            [6, []],
            [7, []],
            [8, []],
            [9, []],
            [10, []],
            [19, []],
            [18, []],
            [17, []],
            [16, []],
            [15, []]
        ]
    ],
    [
    ]
]",,,0.0,0,0,0.0,,,,,results/sol_best_RC101_0.5.dat_A4_L60_pid2739.txt,(not found),RC101_0.5.dat_A4_L60_r1.log
109,test_data/data_demand_random_50_batch_all1_equal_cluster/RC101_0.5.dat,4.0,60.0,2,776.0,"[
    [
        [
            [0, [50, 46, 47, 48, 49, 29, 28, 27, 26, 25, 13, 12, 11, 3, 4, 5, 36, 37, 38, 20, 39, 1]],
            [50, []],
            [46, []],
            [47, []],
            [48, []],
            [49, []],
            [29, []],
            [28, []],
            [27, []],
            [26, []],
            [25, []],
            [13, []],
            [12, []],
            [11, []],
            [3, []],
            [4, []],
            [5, []],
            [36, []],
            [37, []],
            [38, []],
            [20, []],
            [39, []],
            [1, []]
        ],
        [
            [0, [23, 21, 22, 24, 40, 41, 45, 42, 43, 44, 35, 33, 34, 32, 31, 30, 14, 2, 6, 7, 8, 9, 10, 19, 18, 17, 16, 15]],
            [23, []],
            [21, []],
            [22, []],
            [24, []],
            [40, []],
            [41, []],
            [45, []],
            [42, []],
            [43, []],
            [44, []],
            [35, []],
            [33, []],
            [34, []],
            [32, []],
            [31, []],
            [30, []],
            [14, []],
            [2, []],
            [6, []],
            [7, []],
            [8, []],
            [9, []],
            [10, []],
            [19, []],
            [18, []],
            [17, []],
            [16, []],
            [15, []]
        ]
    ],
    [
    ]
]",,,0.0,0,0,0.0,,,,,results/sol_best_RC101_0.5.dat_A4_L60_pid2740.txt,(not found),RC101_0.5.dat_A4_L60_r2.log
110,test_data/data_demand_random_50_batch_all1_equal_cluster/RC101_0.5.dat,4.0,90.0,1,772.0,"[
    [
        [
            [0, [20, 39, 38, 37, 1, 2, 12, 11, 25, 50, 46, 47, 48, 49, 29, 28, 27, 26]],
            [20, []],
            [39, []],
            [38, []],
            [37, []],
            [1, []],
            [2, []],
            [12, []],
            [11, []],
            [25, []],
            [50, []],
            [46, []],
            [47, []],
            [48, []],
            [49, []],
            [29, []],
            [28, []],
            [27, []],
            [26, []]
        ],
        [
            [0, [6, 7, 8, 9, 10, 19, 18, 17, 16, 15, 36, 5, 4, 3, 14, 30, 31, 32, 34, 33, 35, 13, 44, 43, 42, 45, 41, 40, 24, 22, 21, 23]],
            [6, []],
            [7, []],
            [8, []],
            [9, []],
            [10, []],
            [19, []],
            [18, []],
            [17, []],
            [16, []],
            [15, []],
            [36, []],
            [5, []],
            [4, []],
            [3, []],
            [14, []],
            [30, []],
            [31, []],
            [32, []],
            [34, []],
            [33, []],
            [35, []],
            [13, []],
            [44, []],
            [43, []],
            [42, []],
            [45, []],
            [41, []],
            [40, []],
            [24, []],
            [22, []],
            [21, []],
            [23, []]
        ]
    ],
    [
    ]
]",,,0.0,0,0,0.0,,,,,results/sol_best_RC101_0.5.dat_A4_L90_pid2756.txt,(not found),RC101_0.5.dat_A4_L90_r1.log
110,test_data/data_demand_random_50_batch_all1_equal_cluster/RC101_0.5.dat,4.0,90.0,2,772.0,"[
    [
        [
            [0, [20, 39, 38, 37, 36, 1, 2, 12, 11, 25, 26, 50, 46, 47, 48, 49, 29, 28, 27]],
            [20, []],
            [39, []],
            [38, []],
            [37, []],
            [36, []],
            [1, []],
            [2, []],
            [12, []],
            [11, []],
            [25, []],
            [26, []],
            [50, []],
            [46, []],
            [47, []],
            [48, []],
            [49, []],
            [29, []],
            [28, []],
            [27, []]
        ],
        [
            [0, [6, 7, 8, 9, 10, 19, 18, 17, 16, 15, 5, 4, 3, 14, 30, 31, 32, 34, 33, 35, 13, 44, 43, 42, 45, 41, 40, 24, 22, 23, 21]],
            [6, []],
            [7, []],
            [8, []],
            [9, []],
            [10, []],
            [19, []],
            [18, []],
            [17, []],
            [16, []],
            [15, []],
            [5, []],
            [4, []],
            [3, []],
            [14, []],
            [30, []],
            [31, []],
            [32, []],
            [34, []],
            [33, []],
            [35, []],
            [13, []],
            [44, []],
            [43, []],
            [42, []],
            [45, []],
            [41, []],
            [40, []],
            [24, []],
            [22, []],
            [23, []],
            [21, []]
        ]
    ],
    [
    ]
]",,,0.0,0,0,0.0,,,,,results/sol_best_RC101_0.5.dat_A4_L90_pid2757.txt,(not found),RC101_0.5.dat_A4_L90_r2.log
111,test_data/data_demand_random_50_batch_all1_equal_cluster/RC101_0.5.dat,4.0,120.0,1,764.0,"[
    [
        [
            [0, [1, 37, 2, 12, 11, 50, 46, 47, 48, 49, 29, 27, 28, 26, 25]],
            [1, []],
            [37, []],
            [2, []],
            [12, []],
            [11, []],
            [50, []],
            [46, []],
            [47, []],
            [48, []],
            [49, []],
            [29, []],
            [27, []],
            [28, []],
            [26, []],
            [25, []]
        ],
        [
            [0, [6, 7, 8, 9, 19, 10, 18, 16, 15, 17, 20, 5, 4, 3, 14, 30, 31, 32, 34, 33, 35, 13, 24, 22, 21, 23]],
            [6, [44, 43, 42, 45]],
            [7, []],
            [8, []],
            [9, []],
            [19, []],
            [10, []],
            [18, []],
            [16, [39, 38, 41, 40]],
            [15, []],
            [17, []],
            [20, []],
            [39, []],
            [38, []],
            [36, [36]],
            [5, []],
            [4, []],
            [3, []],
            [14, []],
            [30, []],
            [31, []],
            [32, []],
            [34, []],
            [33, []],
            [35, []],
            [13, []],
            [44, []],
            [43, []],
            [42, []],
            [41, []],
            [45, []],
            [40, []],
            [24, []],
            [22, []],
            [21, []],
            [23, []]
        ]
    ],
    [
        [
            [6, [44, 43, 42, 45]]
        ],
        [
            [16, [39, 38, 41, 40]]
        ],
        [
            [36, [36]]
        ]
    ]
]",,,313.7341834834278,0,3,3.0,,,,,results/sol_best_RC101_0.5.dat_A4_L120_pid2705.txt,(not found),RC101_0.5.dat_A4_L120_r1.log
111,test_data/data_demand_random_50_batch_all1_equal_cluster/RC101_0.5.dat,4.0,120.0,2,774.0,"[
    [
        [
            [0, [14, 12, 11, 3, 2, 1, 25, 26, 50, 46, 47, 48, 49, 29, 28, 27]],
            [14, []],
            [12, []],
            [11, []],
            [3, []],
            [2, []],
            [1, []],
            [25, []],
            [26, []],
            [50, []],
            [46, []],
            [47, []],
            [48, []],
            [49, []],
            [29, []],
            [28, []],
            [27, []]
        ],
        [
            [0, [6, 8, 9, 19, 10, 18, 7, 15, 16, 17, 20, 39, 38, 37, 36, 5, 4, 30, 31, 32, 34, 33, 35, 13, 41, 40, 24, 22, 23, 21]],
            [6, [44, 43, 42, 45]],
            [8, []],
            [9, []],
            [19, []],
            [10, []],
            [18, []],
            [7, []],
            [15, []],
            [16, []],
            [17, []],
            [20, []],
            [39, []],
            [38, []],
            [37, []],
            [36, []],
            [5, []],
            [4, []],
            [30, []],
            [31, []],
            [32, []],
            [34, []],
            [33, []],
            [35, []],
            [13, []],
            [44, []],
            [43, []],
            [42, []],
            [41, []],
            [45, []],
            [40, []],
            [24, []],
            [22, []],
            [23, []],
            [21, []]
        ]
    ],
    [
        [
            [6, [44, 43, 42, 45]]
        ]
    ]
]",,,253.80584360149874,0,1,4.0,,,,,results/sol_best_RC101_0.5.dat_A4_L120_pid2706.txt,(not found),RC101_0.5.dat_A4_L120_r2.log
112,test_data/data_demand_random_50_batch_all1_equal_cluster/RC101_0.5.dat,8.0,60.0,1,808.0,"[
    [
        [
            [0, [50, 46, 47, 48, 49, 29, 28, 27, 26, 25, 13, 35, 33, 34, 12, 11, 3, 4, 5, 36, 37, 38, 20, 39, 1]],
            [50, []],
            [46, []],
            [47, []],
            [48, []],
            [49, []],
            [29, []],
            [28, []],
            [27, []],
            [26, []],
            [25, []],
            [13, []],
            [35, []],
            [33, []],
            [34, []],
            [12, []],
            [11, []],
            [3, []],
            [4, []],
            [5, []],
            [36, []],
            [37, []],
            [38, []],
            [20, []],
            [39, []],
            [1, []]
        ],
        [
            [0, [21, 23, 44, 43, 42, 45, 41, 40, 24, 22, 15, 16, 17, 18, 19, 10, 9, 8, 7, 6, 2, 14, 32, 31, 30]],
            [21, []],
            [23, []],
            [44, []],
            [43, []],
            [42, []],
            [45, []],
            [41, []],
            [40, []],
            [24, []],
            [22, []],
            [15, []],
            [16, []],
            [17, []],
            [18, []],
            [19, []],
            [10, []],
            [9, []],
            [8, []],
            [7, []],
            [6, []],
            [2, []],
            [14, []],
            [32, []],
            [31, []],
            [30, []]
        ]
    ],
    [
    ]
]",,,0.0,0,0,0.0,,,,,results/sol_best_RC101_0.5.dat_A8_L60_pid2887.txt,(not found),RC101_0.5.dat_A8_L60_r1.log
112,test_data/data_demand_random_50_batch_all1_equal_cluster/RC101_0.5.dat,8.0,60.0,2,768.0,"[
    [
        [
            [0, [50, 46, 47, 48, 49, 29, 28, 27, 26, 25, 11, 12, 14, 4, 5, 36, 37, 38, 39, 20]],
            [50, []],
            [46, []],
            [47, []],
            [48, []],
            [49, []],
            [29, []],
            [28, []],
            [27, []],
            [26, []],
            [25, []],
            [11, []],
            [12, []],
            [14, []],
            [4, []],
            [5, []],
            [36, []],
            [37, []],
            [38, []],
            [39, []],
            [20, []]
        ],
        [
            [0, [21, 23, 22, 24, 40, 41, 45, 42, 43, 44, 13, 35, 33, 34, 32, 31, 30, 3, 2, 1, 6, 7, 8, 9, 10, 19, 18, 17, 16, 15]],
            [21, []],
            [23, []],
            [22, []],
            [24, []],
            [40, []],
            [41, []],
            [45, []],
            [42, []],
            [43, []],
            [44, []],
            [13, []],
            [35, []],
            [33, []],
            [34, []],
            [32, []],
            [31, []],
            [30, []],
            [3, []],
            [2, []],
            [1, []],
            [6, []],
            [7, []],
            [8, []],
            [9, []],
            [10, []],
            [19, []],
            [18, []],
            [17, []],
            [16, []],
            [15, []]
        ]
    ],
    [
    ]
]",,,0.0,0,0,0.0,,,,,results/sol_best_RC101_0.5.dat_A8_L60_pid2888.txt,(not found),RC101_0.5.dat_A8_L60_r2.log
113,test_data/data_demand_random_50_batch_all1_equal_cluster/RC101_0.5.dat,8.0,90.0,1,788.0,"[
    [
        [
            [0, [20, 38, 39, 1, 3, 14, 35, 13, 50, 46, 47, 48, 49, 29, 28, 27, 26, 25]],
            [20, []],
            [38, []],
            [39, []],
            [1, []],
            [3, []],
            [14, []],
            [35, []],
            [13, []],
            [50, []],
            [46, []],
            [47, []],
            [48, []],
            [49, []],
            [29, []],
            [28, []],
            [27, []],
            [26, []],
            [25, []]
        ],
        [
            [0, [6, 7, 8, 9, 10, 19, 18, 17, 16, 15, 36, 37, 4, 5, 2, 30, 31, 32, 34, 33, 12, 11, 44, 43, 42, 45, 41, 40, 24, 22, 23, 21]],
            [6, []],
            [7, []],
            [8, []],
            [9, []],
            [10, []],
            [19, []],
            [18, []],
            [17, []],
            [16, []],
            [15, []],
            [36, []],
            [37, []],
            [4, []],
            [5, []],
            [2, []],
            [30, []],
            [31, []],
            [32, []],
            [34, []],
            [33, []],
            [12, []],
            [11, []],
            [44, []],
            [43, []],
            [42, []],
            [45, []],
            [41, []],
            [40, []],
            [24, []],
            [22, []],
            [23, []],
            [21, []]
        ]
    ],
    [
    ]
]",,,0.0,0,0,0.0,,,,,results/sol_best_RC101_0.5.dat_A8_L90_pid2844.txt,(not found),RC101_0.5.dat_A8_L90_r1.log
113,test_data/data_demand_random_50_batch_all1_equal_cluster/RC101_0.5.dat,8.0,90.0,2,768.0,"[
    [
        [
            [0, [20, 39, 38, 37, 36, 5, 4, 3, 14, 12, 11, 13, 50, 46, 47, 48, 49, 29, 28, 27, 26, 25]],
            [20, []],
            [39, []],
            [38, []],
            [37, []],
            [36, []],
            [5, []],
            [4, []],
            [3, []],
            [14, []],
            [12, []],
            [11, []],
            [13, []],
            [50, []],
            [46, []],
            [47, []],
            [48, []],
            [49, []],
            [29, []],
            [28, []],
            [27, []],
            [26, []],
            [25, []]
        ],
        [
            [0, [6, 7, 8, 9, 10, 19, 18, 17, 16, 15, 1, 2, 30, 31, 32, 34, 33, 35, 44, 43, 42, 45, 41, 40, 24, 22, 23, 21]],
            [6, []],
            [7, []],
            [8, []],
            [9, []],
            [10, []],
            [19, []],
            [18, []],
            [17, []],
            [16, []],
            [15, []],
            [1, []],
            [2, []],
            [30, []],
            [31, []],
            [32, []],
            [34, []],
            [33, []],
            [35, []],
            [44, []],
            [43, []],
            [42, []],
            [45, []],
            [41, []],
            [40, []],
            [24, []],
            [22, []],
            [23, []],
            [21, []]
        ]
    ],
    [
    ]
]",,,0.0,0,0,0.0,,,,,results/sol_best_RC101_0.5.dat_A8_L90_pid2845.txt,(not found),RC101_0.5.dat_A8_L90_r2.log
114,test_data/data_demand_random_50_batch_all1_equal_cluster/RC101_0.5.dat,8.0,120.0,1,734.81,"[
    [
        [
            [0, [14, 12, 13, 11, 3, 4, 5, 1, 29, 28, 27, 26, 25]],
            [14, []],
            [12, []],
            [13, []],
            [11, [50, 47, 46, 48, 49]],
            [3, []],
            [4, []],
            [5, []],
            [1, []],
            [50, []],
            [46, []],
            [47, []],
            [48, []],
            [49, []],
            [29, []],
            [28, []],
            [27, []],
            [26, []],
            [25, []]
        ],
        [
            [0, [15, 6, 7, 8, 9, 10, 19, 18, 17, 16, 20, 2, 24, 22, 23, 21]],
            [15, []],
            [6, [44, 43, 42, 45, 36, 41, 40, 37]],
            [7, []],
            [8, []],
            [9, []],
            [10, []],
            [19, []],
            [18, []],
            [17, []],
            [16, [30, 31, 32, 34, 33, 35, 39, 38]],
            [20, []],
            [39, []],
            [38, []],
            [37, []],
            [36, []],
            [2, []],
            [30, []],
            [31, []],
            [32, []],
            [34, []],
            [33, []],
            [35, []],
            [44, []],
            [43, []],
            [42, []],
            [45, []],
            [41, []],
            [40, []],
            [24, []],
            [22, []],
            [23, []],
            [21, []]
        ]
    ],
    [
        [
            [11, [50, 47, 46, 48, 49]]
        ],
        [
            [6, [44, 43, 42, 45, 36, 41, 40, 37]]
        ],
        [
            [16, [30, 31, 32, 34, 33, 35, 39, 38]]
        ]
    ]
]",,,246.58993809910905,0,3,7.0,,,,,results/sol_best_RC101_0.5.dat_A8_L120_pid2767.txt,(not found),RC101_0.5.dat_A8_L120_r1.log
114,test_data/data_demand_random_50_batch_all1_equal_cluster/RC101_0.5.dat,8.0,120.0,2,747.39,"[
    [
        [
            [0, [11, 12, 14, 3, 4, 5, 1, 29, 28, 27, 26, 25]],
            [11, []],
            [12, []],
            [14, [50, 47, 46, 48, 49, 38, 39]],
            [3, []],
            [4, []],
            [5, []],
            [38, []],
            [39, []],
            [1, []],
            [50, []],
            [46, []],
            [47, []],
            [48, []],
            [49, []],
            [29, []],
            [28, []],
            [27, []],
            [26, []],
            [25, []]
        ],
        [
            [0, [7, 8, 9, 10, 19, 18, 17, 16, 6, 15, 20, 2, 13]],
            [7, []],
            [8, [34, 33, 32, 31, 30, 35]],
            [9, []],
            [10, []],
            [19, []],
            [18, []],
            [17, []],
            [16, []],
            [6, [44, 43, 42, 45, 36, 41, 40, 37]],
            [15, []],
            [20, []],
            [37, []],
            [36, []],
            [2, []],
            [30, []],
            [31, []],
            [32, []],
            [34, []],
            [33, []],
            [35, []],
            [13, [24, 22, 23, 21]],
            [44, []],
            [43, []],
            [42, []],
            [45, []],
            [41, []],
            [40, []],
            [24, []],
            [22, []],
            [23, []],
            [21, []]
        ]
    ],
    [
        [
            [14, [50, 47, 46, 48, 49, 38, 39]]
        ],
        [
            [8, [34, 33, 32, 31, 30, 35]]
        ],
        [
            [6, [44, 43, 42, 45, 36, 41, 40, 37]]
        ],
        [
            [13, [24, 22, 23, 21]]
        ]
    ]
]",751.0,"[
    [
        [
            [0, [11, 12, 14, 3, 4, 1, 29, 28, 27, 26, 25]],
            [11, []],
            [12, []],
            [14, [50, 47, 46, 48, 49]],
            [3, []],
            [4, []],
            [5, [5]],
            [1, []],
            [50, []],
            [46, []],
            [47, []],
            [48, []],
            [49, []],
            [29, []],
            [28, []],
            [27, []],
            [26, []],
            [25, []]
        ],
        [
            [0, [7, 8, 9, 10, 19, 18, 17, 16, 6, 15, 20, 2, 13]],
            [7, []],
            [8, [34, 33, 32, 31, 30, 35]],
            [9, []],
            [10, []],
            [19, []],
            [18, []],
            [17, []],
            [16, []],
            [6, [44, 43, 42, 45, 36, 41, 40, 37]],
            [15, []],
            [20, []],
            [38, [38, 39]],
            [39, []],
            [37, []],
            [36, []],
            [2, []],
            [30, []],
            [31, []],
            [32, []],
            [34, []],
            [33, []],
            [35, []],
            [13, [24, 22, 23, 21]],
            [44, []],
            [43, []],
            [42, []],
            [45, []],
            [41, []],
            [40, []],
            [24, []],
            [22, []],
            [23, []],
            [21, []]
        ]
    ],
    [
        [
            [14, [50, 47, 46, 48, 49]]
        ],
        [
            [8, [34, 33, 32, 31, 30, 35]]
        ],
        [
            [6, [44, 43, 42, 45, 36, 41, 40, 37]]
        ],
        [
            [5, [5]],
            [38, [38, 39]]
        ],
        [
            [13, [24, 22, 23, 21]]
        ]
    ]
]",302.7343208052189,0,4,6.25,317.64971439247364,1,5,5.2,results/sol_best_RC101_0.5.dat_A8_L120_pid2768.txt,results/sol_best_multi_RC101_0.5.dat_A8_L120_pid2768.txt,RC101_0.5.dat_A8_L120_r2.log
115,test_data/data_demand_random_50_batch_all1_equal_cluster/RC101_1.5.dat,4.0,60.0,1,1072.0,"[
    [
        [
            [0, [8, 11, 13, 12, 14, 25, 26, 27, 28, 6, 4, 3, 18, 19, 20, 21, 40, 39, 16, 15, 17, 22, 41, 42, 38, 36, 37, 35, 34, 32, 33, 31]],
            [8, []],
            [11, []],
            [13, []],
            [12, []],
            [14, []],
            [25, []],
            [26, []],
            [27, []],
            [28, []],
            [6, []],
            [4, []],
            [3, []],
            [18, []],
            [19, []],
            [20, []],
            [21, []],
            [40, []],
            [39, []],
            [16, []],
            [15, []],
            [17, []],
            [22, []],
            [41, []],
            [42, []],
            [38, []],
            [36, []],
            [37, []],
            [35, []],
            [34, []],
            [32, []],
            [33, []],
            [31, []]
        ],
        [
            [0, [45, 46, 47, 48, 49, 44, 50, 43, 30, 29, 10, 9, 23, 24, 7, 5, 2, 1]],
            [45, []],
            [46, []],
            [47, []],
            [48, []],
            [49, []],
            [44, []],
            [50, []],
            [43, []],
            [30, []],
            [29, []],
            [10, []],
            [9, []],
            [23, []],
            [24, []],
            [7, []],
            [5, []],
            [2, []],
            [1, []]
        ]
    ],
    [
    ]
]",,,0.0,0,0,0.0,,,,,results/sol_best_RC101_1.5.dat_A4_L60_pid2740.txt,(not found),RC101_1.5.dat_A4_L60_r1.log
115,test_data/data_demand_random_50_batch_all1_equal_cluster/RC101_1.5.dat,4.0,60.0,2,1068.0,"[
    [
        [
            [0, [8, 14, 25, 26, 27, 28, 7, 6, 4, 5, 2, 3, 18, 19, 21, 20, 39, 40, 15, 16, 22, 17, 33, 42, 41, 38, 37, 36, 35, 34, 32, 31]],
            [8, []],
            [14, []],
            [25, []],
            [26, []],
            [27, []],
            [28, []],
            [7, []],
            [6, []],
            [4, []],
            [5, []],
            [2, []],
            [3, []],
            [18, []],
            [19, []],
            [21, []],
            [20, []],
            [39, []],
            [40, []],
            [15, []],
            [16, []],
            [22, []],
            [17, []],
            [33, []],
            [42, []],
            [41, []],
            [38, []],
            [37, []],
            [36, []],
            [35, []],
            [34, []],
            [32, []],
            [31, []]
        ],
        [
            [0, [45, 46, 47, 48, 49, 50, 44, 43, 30, 29, 13, 12, 11, 10, 9, 23, 24, 1]],
            [45, []],
            [46, []],
            [47, []],
            [48, []],
            [49, []],
            [50, []],
            [44, []],
            [43, []],
            [30, []],
            [29, []],
            [13, []],
            [12, []],
            [11, []],
            [10, []],
            [9, []],
            [23, []],
            [24, []],
            [1, []]
        ]
    ],
    [
    ]
]",,,0.0,0,0,0.0,,,,,results/sol_best_RC101_1.5.dat_A4_L60_pid2741.txt,(not found),RC101_1.5.dat_A4_L60_r2.log
116,test_data/data_demand_random_50_batch_all1_equal_cluster/RC101_1.5.dat,4.0,90.0,1,996.0,"[
    [
        [
            [0, [8, 23, 24, 9, 10, 11, 13, 12, 14, 25, 26, 27, 28, 7, 6, 5, 4, 3, 2, 1, 17, 22, 21, 20, 19, 18, 16, 15]],
            [8, []],
            [23, []],
            [24, []],
            [9, []],
            [10, []],
            [11, []],
            [13, []],
            [12, []],
            [14, []],
            [25, []],
            [26, []],
            [27, []],
            [28, []],
            [7, [33, 34, 32, 31]],
            [6, []],
            [5, []],
            [4, []],
            [3, []],
            [2, []],
            [1, [39, 40]],
            [33, []],
            [34, []],
            [32, []],
            [31, []],
            [17, []],
            [22, []],
            [39, []],
            [40, []],
            [21, []],
            [20, []],
            [19, []],
            [18, []],
            [16, []],
            [15, []]
        ],
        [
            [0, [45, 46, 47, 48, 49, 50, 44, 43, 30, 29, 35, 37, 36, 38, 42, 41]],
            [45, []],
            [46, []],
            [47, []],
            [48, []],
            [49, []],
            [50, []],
            [44, []],
            [43, []],
            [30, []],
            [29, []],
            [35, []],
            [37, []],
            [36, []],
            [38, []],
            [42, []],
            [41, []]
        ]
    ],
    [
        [
            [7, [33, 34, 32, 31]]
        ],
        [
            [1, [39, 40]]
        ]
    ]
]",,,561.2708840648626,0,2,3.0,,,,,results/sol_best_RC101_1.5.dat_A4_L90_pid2711.txt,(not found),RC101_1.5.dat_A4_L90_r1.log
116,test_data/data_demand_random_50_batch_all1_equal_cluster/RC101_1.5.dat,4.0,90.0,2,956.0,"[
    [
        [
            [0, [8, 10, 14, 13, 12, 11, 9, 23, 24, 25, 26, 27, 28, 7, 6, 5, 4, 3, 2, 1, 15, 17, 22, 21, 20, 19, 18, 16]],
            [8, []],
            [10, []],
            [14, []],
            [13, []],
            [12, []],
            [11, []],
            [9, []],
            [23, []],
            [24, [40, 39, 31]],
            [25, []],
            [26, []],
            [27, []],
            [28, []],
            [7, []],
            [6, []],
            [5, []],
            [4, []],
            [3, []],
            [2, []],
            [1, []],
            [15, []],
            [17, []],
            [22, []],
            [39, []],
            [40, []],
            [21, []],
            [20, []],
            [19, []],
            [18, []],
            [16, []],
            [31, []]
        ],
        [
            [0, [29, 30, 45, 46, 47, 48, 49, 50, 44, 43, 32, 34, 35, 37, 36, 38, 41, 42, 33]],
            [29, []],
            [30, []],
            [45, []],
            [46, []],
            [47, []],
            [48, []],
            [49, []],
            [50, []],
            [44, []],
            [43, []],
            [32, []],
            [34, []],
            [35, []],
            [37, []],
            [36, []],
            [38, []],
            [41, []],
            [42, []],
            [33, []]
        ]
    ],
    [
        [
            [24, [40, 39, 31]]
        ]
    ]
]",,,469.3411940941446,0,1,3.0,,,,,results/sol_best_RC101_1.5.dat_A4_L90_pid2712.txt,(not found),RC101_1.5.dat_A4_L90_r2.log
117,test_data/data_demand_random_50_batch_all1_equal_cluster/RC101_1.5.dat,4.0,120.0,1,997.0,"[
    [
        [
            [0, [8, 9, 10, 14, 26, 27, 28, 7, 6, 5, 4, 2, 1, 3, 15, 16, 18, 19, 20, 21, 22, 17, 38, 37, 36, 35, 34, 32, 33, 31]],
            [8, []],
            [9, []],
            [10, []],
            [14, []],
            [26, []],
            [27, []],
            [28, []],
            [7, []],
            [6, []],
            [5, []],
            [4, []],
            [2, []],
            [1, []],
            [3, []],
            [15, []],
            [16, []],
            [18, []],
            [19, []],
            [20, []],
            [21, [40, 39, 41, 42]],
            [40, []],
            [39, []],
            [22, []],
            [17, []],
            [41, []],
            [42, []],
            [38, []],
            [37, []],
            [36, []],
            [35, []],
            [34, []],
            [32, []],
            [33, []],
            [31, []]
        ],
        [
            [0, [23, 24, 25, 12, 13, 11, 43, 44, 50, 49, 48, 47, 46, 45, 30, 29]],
            [23, []],
            [24, []],
            [25, []],
            [12, []],
            [13, []],
            [11, []],
            [43, []],
            [44, []],
            [50, []],
            [49, []],
            [48, []],
            [47, []],
            [46, []],
            [45, []],
            [30, []],
            [29, []]
        ]
    ],
    [
        [
            [21, [40, 39, 41, 42]]
        ]
    ]
]",,,758.3112887414927,0,1,4.0,,,,,results/sol_best_RC101_1.5.dat_A4_L120_pid2744.txt,(not found),RC101_1.5.dat_A4_L120_r1.log
117,test_data/data_demand_random_50_batch_all1_equal_cluster/RC101_1.5.dat,4.0,120.0,2,1029.0,"[
    [
        [
            [0, [8, 9, 12, 13, 11, 24, 26, 27, 28, 7, 6, 5, 4, 3, 1, 2, 18, 19, 20, 21, 16, 15, 17, 22, 38, 37, 36, 35, 34, 32, 33, 31]],
            [8, []],
            [9, []],
            [12, []],
            [13, []],
            [11, []],
            [24, []],
            [26, []],
            [27, []],
            [28, []],
            [7, []],
            [6, []],
            [5, []],
            [4, []],
            [3, []],
            [1, []],
            [2, []],
            [18, [40, 39, 41, 42]],
            [19, []],
            [20, []],
            [21, []],
            [40, []],
            [39, []],
            [16, []],
            [15, []],
            [17, []],
            [22, []],
            [41, []],
            [42, []],
            [38, []],
            [37, []],
            [36, []],
            [35, []],
            [34, []],
            [32, []],
            [33, []],
            [31, []]
        ],
        [
            [0, [23, 25, 14, 10, 43, 44, 50, 49, 48, 47, 46, 45, 30, 29]],
            [23, []],
            [25, []],
            [14, []],
            [10, []],
            [43, []],
            [44, []],
            [50, []],
            [49, []],
            [48, []],
            [47, []],
            [46, []],
            [45, []],
            [30, []],
            [29, []]
        ]
    ],
    [
        [
            [18, [40, 39, 41, 42]]
        ]
    ]
]",,,746.3882694814033,0,1,4.0,,,,,results/sol_best_RC101_1.5.dat_A4_L120_pid2745.txt,(not found),RC101_1.5.dat_A4_L120_r2.log
118,test_data/data_demand_random_50_batch_all1_equal_cluster/RC101_1.5.dat,8.0,60.0,1,1068.0,"[
    [
        [
            [0, [8, 14, 25, 26, 27, 28, 7, 6, 4, 5, 2, 3, 18, 19, 20, 21, 40, 39, 15, 16, 22, 17, 33, 42, 41, 38, 37, 36, 35, 34, 32, 31]],
            [8, []],
            [14, []],
            [25, []],
            [26, []],
            [27, []],
            [28, []],
            [7, []],
            [6, []],
            [4, []],
            [5, []],
            [2, []],
            [3, []],
            [18, []],
            [19, []],
            [20, []],
            [21, []],
            [40, []],
            [39, []],
            [15, []],
            [16, []],
            [22, []],
            [17, []],
            [33, []],
            [42, []],
            [41, []],
            [38, []],
            [37, []],
            [36, []],
            [35, []],
            [34, []],
            [32, []],
            [31, []]
        ],
        [
            [0, [45, 46, 47, 48, 49, 50, 44, 43, 30, 29, 13, 12, 11, 10, 9, 23, 24, 1]],
            [45, []],
            [46, []],
            [47, []],
            [48, []],
            [49, []],
            [50, []],
            [44, []],
            [43, []],
            [30, []],
            [29, []],
            [13, []],
            [12, []],
            [11, []],
            [10, []],
            [9, []],
            [23, []],
            [24, []],
            [1, []]
        ]
    ],
    [
    ]
]",,,0.0,0,0,0.0,,,,,results/sol_best_RC101_1.5.dat_A8_L60_pid2753.txt,(not found),RC101_1.5.dat_A8_L60_r1.log
118,test_data/data_demand_random_50_batch_all1_equal_cluster/RC101_1.5.dat,8.0,60.0,2,1060.0,"[
    [
        [
            [0, [23, 24, 14, 25, 26, 27, 28, 7, 6, 5, 4, 2, 3, 18, 19, 20, 21, 40, 39, 16, 15, 17, 22, 33, 42, 41, 38, 37, 36, 35, 34, 32, 31]],
            [23, []],
            [24, []],
            [14, []],
            [25, []],
            [26, []],
            [27, []],
            [28, []],
            [7, []],
            [6, []],
            [5, []],
            [4, []],
            [2, []],
            [3, []],
            [18, []],
            [19, []],
            [20, []],
            [21, []],
            [40, []],
            [39, []],
            [16, []],
            [15, []],
            [17, []],
            [22, []],
            [33, []],
            [42, []],
            [41, []],
            [38, []],
            [37, []],
            [36, []],
            [35, []],
            [34, []],
            [32, []],
            [31, []]
        ],
        [
            [0, [45, 46, 47, 48, 49, 50, 44, 43, 30, 29, 13, 12, 11, 10, 9, 8, 1]],
            [45, []],
            [46, []],
            [47, []],
            [48, []],
            [49, []],
            [50, []],
            [44, []],
            [43, []],
            [30, []],
            [29, []],
            [13, []],
            [12, []],
            [11, []],
            [10, []],
            [9, []],
            [8, []],
            [1, []]
        ]
    ],
    [
    ]
]",,,0.0,0,0,0.0,,,,,results/sol_best_RC101_1.5.dat_A8_L60_pid2754.txt,(not found),RC101_1.5.dat_A8_L60_r2.log
119,test_data/data_demand_random_50_batch_all1_equal_cluster/RC101_1.5.dat,8.0,90.0,1,948.0,"[
    [
        [
            [0, [1, 7, 6, 2, 3, 5, 4]],
            [1, []],
            [7, []],
            [6, []],
            [2, [8, 12, 13, 11, 9, 10, 14]],
            [3, []],
            [8, []],
            [26, [28, 26, 25, 24, 27, 23]],
            [12, []],
            [13, []],
            [11, []],
            [9, [21, 20, 19, 18, 16, 22, 17, 15]],
            [10, []],
            [24, []],
            [23, []],
            [14, [40, 39, 32, 33, 31, 35, 34]],
            [25, []],
            [27, []],
            [28, []],
            [5, []],
            [4, []],
            [18, []],
            [19, []],
            [20, []],
            [21, []],
            [40, []],
            [39, []],
            [22, []],
            [16, []],
            [15, []],
            [17, []],
            [33, []],
            [31, []],
            [35, []],
            [34, []],
            [32, []]
        ],
        [
            [0, [29, 30, 45, 46, 47, 48, 49, 50, 44, 43, 37, 36, 38, 42, 41]],
            [29, []],
            [30, []],
            [45, []],
            [46, []],
            [47, []],
            [48, []],
            [49, []],
            [50, []],
            [44, []],
            [43, []],
            [37, []],
            [36, []],
            [38, []],
            [42, []],
            [41, []]
        ]
    ],
    [
        [
            [2, [8, 12, 13, 11, 9, 10, 14]]
        ],
        [
            [26, [28, 26, 25, 24, 27, 23]]
        ],
        [
            [9, [21, 20, 19, 18, 16, 22, 17, 15]]
        ],
        [
            [14, [40, 39, 32, 33, 31, 35, 34]]
        ]
    ]
]",,,357.9368296590364,0,4,7.0,,,,,results/sol_best_RC101_1.5.dat_A8_L90_pid2859.txt,(not found),RC101_1.5.dat_A8_L90_r1.log
119,test_data/data_demand_random_50_batch_all1_equal_cluster/RC101_1.5.dat,8.0,90.0,2,1039.34,"[
    [
        [
            [0, [3, 4, 5, 2, 7, 6, 1]],
            [3, []],
            [4, []],
            [5, []],
            [2, []],
            [8, [8, 10, 13, 12, 11, 9, 14]],
            [10, []],
            [7, [28, 26, 27, 25]],
            [25, []],
            [14, []],
            [13, [38, 35, 34, 32, 31, 23, 24]],
            [12, []],
            [11, []],
            [9, []],
            [23, []],
            [24, [40, 39, 41]],
            [26, []],
            [27, []],
            [28, []],
            [6, []],
            [1, []],
            [41, []],
            [38, [17, 18, 19, 20, 21, 22, 16, 15]],
            [35, []],
            [34, []],
            [32, []],
            [31, []],
            [17, []],
            [22, []],
            [16, []],
            [15, []],
            [39, []],
            [40, []],
            [21, []],
            [20, []],
            [19, []],
            [18, []]
        ],
        [
            [0, [45, 46, 47, 48, 49, 50, 44, 43, 30, 29, 37, 36, 42, 33]],
            [45, []],
            [46, []],
            [47, []],
            [48, []],
            [49, []],
            [50, []],
            [44, []],
            [43, []],
            [30, []],
            [29, []],
            [37, []],
            [36, []],
            [42, []],
            [33, []]
        ]
    ],
    [
        [
            [8, [8, 10, 13, 12, 11, 9, 14]]
        ],
        [
            [7, [28, 26, 27, 25]]
        ],
        [
            [13, [38, 35, 34, 32, 31, 23, 24]]
        ],
        [
            [24, [40, 39, 41]]
        ],
        [
            [38, [17, 18, 19, 20, 21, 22, 16, 15]]
        ]
    ]
]",,,459.81740688689405,0,5,5.8,,,,,results/sol_best_RC101_1.5.dat_A8_L90_pid2860.txt,(not found),RC101_1.5.dat_A8_L90_r2.log
120,test_data/data_demand_random_50_batch_all1_equal_cluster/RC101_1.5.dat,8.0,120.0,1,933.01,"[
    [
        [
            [0, [5, 4, 11, 9, 13, 14, 12, 10, 6, 7, 1, 2, 3]],
            [5, []],
            [4, [21, 20, 19, 22, 16, 15, 17]],
            [11, []],
            [9, []],
            [13, []],
            [14, []],
            [12, [38, 37, 36, 35, 34, 33, 32, 31]],
            [10, []],
            [6, []],
            [7, []],
            [1, []],
            [2, []],
            [3, []],
            [19, []],
            [21, []],
            [20, []],
            [39, [39, 41, 42, 40]],
            [40, []],
            [22, []],
            [16, []],
            [15, []],
            [17, []],
            [41, []],
            [42, []],
            [38, []],
            [37, []],
            [36, []],
            [35, []],
            [34, []],
            [32, []],
            [33, []],
            [31, []]
        ],
        [
            [0, [18, 28, 27, 26, 25, 24, 23, 8, 30, 29]],
            [18, []],
            [28, []],
            [27, []],
            [26, []],
            [25, []],
            [24, []],
            [23, []],
            [8, []],
            [30, []],
            [44, [50, 49, 48, 47, 46, 45, 44, 43]],
            [50, []],
            [49, []],
            [48, []],
            [47, []],
            [46, []],
            [45, []],
            [43, []],
            [29, []]
        ]
    ],
    [
        [
            [4, [21, 20, 19, 22, 16, 15, 17]]
        ],
        [
            [12, [38, 37, 36, 35, 34, 33, 32, 31]]
        ],
        [
            [39, [39, 41, 42, 40]]
        ],
        [
            [44, [50, 49, 48, 47, 46, 45, 44, 43]]
        ]
    ]
]",933.01,"[
    [
        [
            [0, [5, 4, 6, 7, 1, 2, 3]],
            [11, [11, 9, 13, 14, 12, 10]],
            [5, []],
            [4, [21, 20, 19, 22, 16, 15, 17]],
            [9, []],
            [13, []],
            [14, []],
            [12, [38, 37, 36, 35, 34, 33, 32, 31]],
            [10, []],
            [6, []],
            [7, []],
            [1, []],
            [2, []],
            [3, []],
            [19, []],
            [21, []],
            [20, []],
            [39, [39, 41, 42, 40]],
            [40, []],
            [22, []],
            [16, []],
            [15, []],
            [17, []],
            [41, []],
            [42, []],
            [38, []],
            [37, []],
            [36, []],
            [35, []],
            [34, []],
            [32, []],
            [33, []],
            [31, []]
        ],
        [
            [0, [8]],
            [18, [18]],
            [28, [28, 27, 26, 25, 24, 23, 30, 29]],
            [27, []],
            [26, []],
            [25, []],
            [8, []],
            [24, []],
            [23, []],
            [30, []],
            [44, [50, 49, 48, 47, 46, 45, 44, 43]],
            [50, []],
            [49, []],
            [48, []],
            [47, []],
            [46, []],
            [45, []],
            [43, []],
            [29, []]
        ]
    ],
    [
        [
            [11, [11, 9, 13, 14, 12, 10]]
        ],
        [
            [18, [18]],
            [4, [21, 20, 19, 22, 16, 15, 17]]
        ],
        [
            [28, [28, 27, 26, 25, 24, 23, 30, 29]]
        ],
        [
            [12, [38, 37, 36, 35, 34, 33, 32, 31]]
        ],
        [
            [39, [39, 41, 42, 40]]
        ],
        [
            [44, [50, 49, 48, 47, 46, 45, 44, 43]]
        ]
    ]
]",506.10875282000296,0,4,6.75,392.2256968383331,1,6,7.0,results/sol_best_RC101_1.5.dat_A8_L120_pid2673.txt,results/sol_best_multi_RC101_1.5.dat_A8_L120_pid2673.txt,RC101_1.5.dat_A8_L120_r1.log
120,test_data/data_demand_random_50_batch_all1_equal_cluster/RC101_1.5.dat,8.0,120.0,2,820.58,"[
    [
        [
            [0, [9, 11, 12, 10, 13, 14, 7, 6, 5, 4, 3]],
            [9, []],
            [11, []],
            [12, []],
            [10, []],
            [13, [18, 20, 19, 21, 16, 15, 22, 17]],
            [14, []],
            [7, []],
            [6, [38, 37, 36, 35, 34, 33, 32, 31]],
            [5, []],
            [4, []],
            [3, []],
            [18, []],
            [19, []],
            [20, []],
            [21, []],
            [40, [40]],
            [39, [39, 41, 42]],
            [16, []],
            [15, []],
            [22, []],
            [17, []],
            [41, []],
            [42, []],
            [38, []],
            [37, []],
            [36, []],
            [35, []],
            [34, []],
            [32, []],
            [33, []],
            [31, []]
        ],
        [
            [0, [1, 2, 8]],
            [1, [28, 27, 26, 25, 24, 23, 30, 29]],
            [2, []],
            [28, []],
            [27, []],
            [26, []],
            [25, []],
            [24, []],
            [23, []],
            [8, []],
            [45, [49, 48, 47, 46, 45, 50, 44, 43]],
            [43, []],
            [44, []],
            [50, []],
            [49, []],
            [48, []],
            [47, []],
            [46, []],
            [30, []],
            [29, []]
        ]
    ],
    [
        [
            [1, [28, 27, 26, 25, 24, 23, 30, 29]]
        ],
        [
            [13, [18, 20, 19, 21, 16, 15, 22, 17]]
        ],
        [
            [6, [38, 37, 36, 35, 34, 33, 32, 31]]
        ],
        [
            [40, [40]]
        ],
        [
            [39, [39, 41, 42]]
        ],
        [
            [45, [49, 48, 47, 46, 45, 50, 44, 43]]
        ]
    ]
]",1056.3,"[
    [
        [
            [0, [13, 12, 11, 6, 5, 4, 3, 1, 21, 20, 19, 18, 22, 17, 16, 15]],
            [13, [38, 37, 36, 35, 34, 33, 32, 31]],
            [12, []],
            [11, []],
            [6, []],
            [5, []],
            [4, []],
            [3, []],
            [1, [40]],
            [21, []],
            [20, []],
            [19, []],
            [18, []],
            [22, []],
            [17, []],
            [40, []],
            [39, [39, 41, 42]],
            [16, []],
            [15, []],
            [41, []],
            [42, []],
            [38, []],
            [37, []],
            [36, []],
            [35, []],
            [34, []],
            [33, []],
            [32, []],
            [31, []]
        ],
        [
            [0, [7, 2, 28, 27, 26, 25, 24, 23, 14, 10, 9, 8, 30, 29]],
            [7, [43, 44]],
            [2, [50, 49, 48, 47, 46, 45]],
            [28, []],
            [27, []],
            [26, []],
            [25, []],
            [24, []],
            [23, []],
            [14, []],
            [10, []],
            [9, []],
            [8, []],
            [43, []],
            [44, []],
            [50, []],
            [49, []],
            [48, []],
            [47, []],
            [46, []],
            [45, []],
            [30, []],
            [29, []]
        ]
    ],
    [
        [
            [7, [43, 44]]
        ],
        [
            [13, [38, 37, 36, 35, 34, 33, 32, 31]]
        ],
        [
            [2, [50, 49, 48, 47, 46, 45]],
            [1, [40]]
        ],
        [
            [39, [39, 41, 42]]
        ]
    ]
]",398.3132356790689,0,6,6.0,471.5099014372757,1,4,5.0,results/sol_best_RC101_1.5.dat_A8_L120_pid2674.txt,results/sol_best_multi_RC101_1.5.dat_A8_L120_pid2674.txt,RC101_1.5.dat_A8_L120_r2.log
121,test_data/data_demand_random_50_batch_all1_equal_cluster/RC101_1.dat,4.0,60.0,1,896.0,"[
    [
        [
            [0, [29, 45, 47, 46, 44, 43, 42, 15, 41, 40, 39, 38, 18, 17, 16, 14, 13, 3, 4, 5, 25, 24, 23, 37, 6, 2, 1]],
            [29, []],
            [45, []],
            [47, []],
            [46, []],
            [44, []],
            [43, []],
            [42, []],
            [15, []],
            [41, []],
            [40, []],
            [39, []],
            [38, []],
            [18, []],
            [17, []],
            [16, []],
            [14, []],
            [13, []],
            [3, []],
            [4, []],
            [5, []],
            [25, []],
            [24, []],
            [23, []],
            [37, []],
            [6, []],
            [2, []],
            [1, []]
        ],
        [
            [0, [28, 26, 27, 48, 49, 50, 36, 35, 34, 33, 32, 31, 30, 7, 8, 9, 10, 11, 12, 22, 21, 20, 19]],
            [28, []],
            [26, []],
            [27, []],
            [48, []],
            [49, []],
            [50, []],
            [36, []],
            [35, []],
            [34, []],
            [33, []],
            [32, []],
            [31, []],
            [30, []],
            [7, []],
            [8, []],
            [9, []],
            [10, []],
            [11, []],
            [12, []],
            [22, []],
            [21, []],
            [20, []],
            [19, []]
        ]
    ],
    [
    ]
]",,,0.0,0,0,0.0,,,,,results/sol_best_RC101_1.dat_A4_L60_pid2747.txt,(not found),RC101_1.dat_A4_L60_r1.log
121,test_data/data_demand_random_50_batch_all1_equal_cluster/RC101_1.dat,4.0,60.0,2,940.0,"[
    [
        [
            [0, [28, 43, 42, 44, 47, 46, 45, 29, 27, 26, 15, 41, 40, 39, 38, 18, 17, 16, 14, 13, 3, 4, 5, 2, 1, 7]],
            [28, []],
            [43, []],
            [42, []],
            [44, []],
            [47, []],
            [46, []],
            [45, []],
            [29, []],
            [27, []],
            [26, []],
            [15, []],
            [41, []],
            [40, []],
            [39, []],
            [38, []],
            [18, []],
            [17, []],
            [16, []],
            [14, []],
            [13, []],
            [3, []],
            [4, []],
            [5, []],
            [2, []],
            [1, []],
            [7, []]
        ],
        [
            [0, [48, 49, 50, 36, 35, 34, 33, 32, 31, 30, 8, 9, 10, 12, 11, 22, 21, 19, 20, 23, 24, 25, 37, 6]],
            [48, []],
            [49, []],
            [50, []],
            [36, []],
            [35, []],
            [34, []],
            [33, []],
            [32, []],
            [31, []],
            [30, []],
            [8, []],
            [9, []],
            [10, []],
            [12, []],
            [11, []],
            [22, []],
            [21, []],
            [19, []],
            [20, []],
            [23, []],
            [24, []],
            [25, []],
            [37, []],
            [6, []]
        ]
    ],
    [
    ]
]",,,0.0,0,0,0.0,,,,,results/sol_best_RC101_1.dat_A4_L60_pid2748.txt,(not found),RC101_1.dat_A4_L60_r2.log
122,test_data/data_demand_random_50_batch_all1_equal_cluster/RC101_1.dat,4.0,90.0,1,1000.0,"[
    [
        [
            [0, [1, 6, 5, 4, 16, 14, 13, 49, 50, 48, 27, 29, 45, 46, 47, 44, 42, 43, 28, 26]],
            [1, []],
            [6, []],
            [5, []],
            [4, []],
            [16, []],
            [14, []],
            [13, []],
            [49, []],
            [50, []],
            [48, []],
            [27, []],
            [29, []],
            [45, []],
            [46, []],
            [47, []],
            [44, []],
            [42, []],
            [43, []],
            [28, []],
            [26, []]
        ],
        [
            [0, [7, 8, 9, 10, 11, 12, 22, 21, 20, 19, 23, 24, 25, 2, 3, 17, 18, 15, 36, 35, 34, 33, 32, 31, 30]],
            [7, [37, 41, 38, 39]],
            [8, []],
            [9, []],
            [10, []],
            [11, []],
            [12, []],
            [22, []],
            [21, []],
            [20, []],
            [19, []],
            [23, []],
            [24, []],
            [25, []],
            [37, []],
            [2, []],
            [3, []],
            [17, []],
            [38, []],
            [18, []],
            [40, [40]],
            [39, []],
            [41, []],
            [15, []],
            [36, []],
            [35, []],
            [34, []],
            [33, []],
            [32, []],
            [31, []],
            [30, []]
        ]
    ],
    [
        [
            [7, [37, 41, 38, 39]]
        ],
        [
            [40, [40]]
        ]
    ]
]",,,515.0498045051379,0,2,2.5,,,,,results/sol_best_RC101_1.dat_A4_L90_pid2885.txt,(not found),RC101_1.dat_A4_L90_r1.log
122,test_data/data_demand_random_50_batch_all1_equal_cluster/RC101_1.dat,4.0,90.0,2,780.0,"[
    [
        [
            [0, [30, 31, 32, 33, 34, 35, 36, 50, 49, 48, 27, 29, 45, 47, 46, 44, 43, 42, 28, 26]],
            [30, []],
            [31, []],
            [32, []],
            [33, []],
            [34, []],
            [35, []],
            [36, []],
            [50, []],
            [49, []],
            [48, []],
            [27, []],
            [29, []],
            [45, []],
            [47, []],
            [46, []],
            [44, []],
            [43, []],
            [42, []],
            [28, []],
            [26, []]
        ],
        [
            [0, [10, 11, 12, 22, 7, 9, 8, 19, 20, 21, 23, 24, 25, 6, 5, 4, 3, 1, 2, 18, 14, 13, 17, 15, 16]],
            [10, []],
            [11, []],
            [12, []],
            [22, []],
            [7, []],
            [9, []],
            [8, []],
            [19, [37, 38, 39, 40]],
            [20, []],
            [21, []],
            [23, []],
            [24, []],
            [25, []],
            [37, []],
            [6, []],
            [5, []],
            [4, []],
            [3, []],
            [1, []],
            [2, []],
            [18, []],
            [38, []],
            [39, []],
            [40, []],
            [14, []],
            [13, []],
            [17, []],
            [41, [41]],
            [15, []],
            [16, []]
        ]
    ],
    [
        [
            [19, [37, 38, 39, 40]]
        ],
        [
            [41, [41]]
        ]
    ]
]",,,529.8099425959082,0,2,2.5,,,,,results/sol_best_RC101_1.dat_A4_L90_pid2886.txt,(not found),RC101_1.dat_A4_L90_r2.log
123,test_data/data_demand_random_50_batch_all1_equal_cluster/RC101_1.dat,4.0,120.0,1,989.0,"[
    [
        [
            [0, [6, 5, 4, 3, 16, 17, 18, 38, 39, 40, 14, 13, 28, 43, 42, 44, 29, 27, 26]],
            [6, [46, 47, 45]],
            [5, []],
            [4, []],
            [3, []],
            [16, []],
            [17, []],
            [18, []],
            [38, []],
            [39, []],
            [40, []],
            [14, []],
            [13, []],
            [28, []],
            [43, []],
            [42, []],
            [44, []],
            [46, []],
            [47, []],
            [45, []],
            [29, []],
            [27, []],
            [26, []],
            [48, [48]]
        ],
        [
            [0, [7, 19, 20, 21, 22, 8, 9, 10, 11, 12, 23, 24, 25, 1, 2, 15, 35, 34, 33, 32, 31, 30]],
            [7, []],
            [19, []],
            [20, []],
            [21, []],
            [22, []],
            [8, []],
            [9, []],
            [10, []],
            [11, []],
            [12, [37, 41]],
            [23, []],
            [24, []],
            [25, []],
            [37, []],
            [1, []],
            [2, []],
            [15, []],
            [41, []],
            [49, [36, 49, 50]],
            [50, []],
            [36, []],
            [35, []],
            [34, []],
            [33, []],
            [32, []],
            [31, []],
            [30, []]
        ]
    ],
    [
        [
            [6, [46, 47, 45]]
        ],
        [
            [12, [37, 41]]
        ],
        [
            [49, [36, 49, 50]],
            [48, [48]]
        ]
    ]
]",989.0,"[
    [
        [
            [0, [6, 5, 4, 3, 16, 17, 18, 38, 39, 40, 14, 13, 28, 43, 42, 44, 29, 27, 26]],
            [6, [46, 47, 45]],
            [5, []],
            [4, []],
            [3, []],
            [16, []],
            [17, []],
            [18, []],
            [38, []],
            [39, []],
            [40, []],
            [14, []],
            [13, []],
            [28, []],
            [43, []],
            [42, []],
            [44, []],
            [46, []],
            [47, []],
            [45, []],
            [29, []],
            [27, []],
            [26, []],
            [48, [48]]
        ],
        [
            [0, [7, 19, 20, 21, 22, 8, 9, 10, 11, 12, 23, 24, 25, 1, 2, 15, 35, 34, 33, 32, 31, 30]],
            [7, []],
            [19, []],
            [20, []],
            [21, []],
            [22, []],
            [8, []],
            [9, []],
            [10, []],
            [11, []],
            [12, [37, 41]],
            [23, []],
            [24, []],
            [25, []],
            [37, []],
            [1, []],
            [2, []],
            [15, []],
            [41, []],
            [49, [36, 49, 50]],
            [50, []],
            [36, []],
            [35, []],
            [34, []],
            [33, []],
            [32, []],
            [31, []],
            [30, []]
        ]
    ],
    [
        [
            [6, [46, 47, 45]]
        ],
        [
            [12, [37, 41]]
        ],
        [
            [49, [36, 49, 50]],
            [48, [48]]
        ]
    ]
]",590.2459118900586,1,3,3.0,590.2459118900586,1,3,3.0,results/sol_best_RC101_1.dat_A4_L120_pid2734.txt,results/sol_best_multi_RC101_1.dat_A4_L120_pid2734.txt,RC101_1.dat_A4_L120_r1.log
123,test_data/data_demand_random_50_batch_all1_equal_cluster/RC101_1.dat,4.0,120.0,2,989.0,"[
    [
        [
            [0, [6, 5, 4, 3, 16, 17, 18, 38, 39, 40, 14, 13, 15, 28, 43, 42, 44, 29, 27, 26]],
            [6, [46, 47, 45]],
            [5, []],
            [4, []],
            [3, []],
            [16, []],
            [17, []],
            [18, []],
            [38, []],
            [39, []],
            [40, []],
            [14, []],
            [13, []],
            [15, []],
            [28, []],
            [43, []],
            [42, []],
            [44, []],
            [46, []],
            [47, []],
            [45, []],
            [29, []],
            [27, []],
            [26, []],
            [48, [48]]
        ],
        [
            [0, [7, 19, 20, 21, 22, 8, 9, 10, 11, 12, 23, 24, 25, 1, 2, 35, 34, 33, 32, 31, 30]],
            [7, []],
            [19, []],
            [20, []],
            [21, []],
            [22, []],
            [8, []],
            [9, []],
            [10, []],
            [11, []],
            [12, [37, 41]],
            [23, []],
            [24, []],
            [25, []],
            [37, []],
            [1, []],
            [2, []],
            [41, []],
            [49, [36, 49, 50]],
            [50, []],
            [36, []],
            [35, []],
            [34, []],
            [33, []],
            [32, []],
            [31, []],
            [30, []]
        ]
    ],
    [
        [
            [6, [46, 47, 45]]
        ],
        [
            [12, [37, 41]]
        ],
        [
            [49, [36, 49, 50]],
            [48, [48]]
        ]
    ]
]",989.0,"[
    [
        [
            [0, [6, 5, 4, 3, 16, 17, 18, 38, 39, 40, 14, 13, 15, 28, 43, 42, 44, 29, 27, 26]],
            [6, [46, 47, 45]],
            [5, []],
            [4, []],
            [3, []],
            [16, []],
            [17, []],
            [18, []],
            [38, []],
            [39, []],
            [40, []],
            [14, []],
            [13, []],
            [15, []],
            [28, []],
            [43, []],
            [42, []],
            [44, []],
            [46, []],
            [47, []],
            [45, []],
            [29, []],
            [27, []],
            [26, []],
            [48, [48]]
        ],
        [
            [0, [7, 19, 20, 21, 22, 8, 9, 10, 11, 12, 23, 24, 25, 1, 2, 35, 34, 33, 32, 31, 30]],
            [7, []],
            [19, []],
            [20, []],
            [21, []],
            [22, []],
            [8, []],
            [9, []],
            [10, []],
            [11, []],
            [12, [37, 41]],
            [23, []],
            [24, []],
            [25, []],
            [37, []],
            [1, []],
            [2, []],
            [41, []],
            [49, [36, 49, 50]],
            [50, []],
            [36, []],
            [35, []],
            [34, []],
            [33, []],
            [32, []],
            [31, []],
            [30, []]
        ]
    ],
    [
        [
            [6, [46, 47, 45]]
        ],
        [
            [12, [37, 41]]
        ],
        [
            [49, [36, 49, 50]],
            [48, [48]]
        ]
    ]
]",590.2459118900586,1,3,3.0,590.2459118900586,1,3,3.0,results/sol_best_RC101_1.dat_A4_L120_pid2735.txt,results/sol_best_multi_RC101_1.dat_A4_L120_pid2735.txt,RC101_1.dat_A4_L120_r2.log
124,test_data/data_demand_random_50_batch_all1_equal_cluster/RC101_1.dat,8.0,60.0,1,896.0,"[
    [
        [
            [0, [26, 27, 29, 45, 47, 46, 44, 43, 42, 15, 41, 40, 39, 38, 18, 17, 16, 14, 13, 3, 4, 6, 23, 24, 25, 37, 5, 2, 1]],
            [26, []],
            [27, []],
            [29, []],
            [45, []],
            [47, []],
            [46, []],
            [44, []],
            [43, []],
            [42, []],
            [15, []],
            [41, []],
            [40, []],
            [39, []],
            [38, []],
            [18, []],
            [17, []],
            [16, []],
            [14, []],
            [13, []],
            [3, []],
            [4, []],
            [6, []],
            [23, []],
            [24, []],
            [25, []],
            [37, []],
            [5, []],
            [2, []],
            [1, []]
        ],
        [
            [0, [28, 48, 49, 50, 36, 35, 34, 33, 32, 31, 30, 7, 8, 9, 10, 12, 11, 22, 21, 20, 19]],
            [28, []],
            [48, []],
            [49, []],
            [50, []],
            [36, []],
            [35, []],
            [34, []],
            [33, []],
            [32, []],
            [31, []],
            [30, []],
            [7, []],
            [8, []],
            [9, []],
            [10, []],
            [12, []],
            [11, []],
            [22, []],
            [21, []],
            [20, []],
            [19, []]
        ]
    ],
    [
    ]
]",,,0.0,0,0,0.0,,,,,results/sol_best_RC101_1.dat_A8_L60_pid2751.txt,(not found),RC101_1.dat_A8_L60_r1.log
124,test_data/data_demand_random_50_batch_all1_equal_cluster/RC101_1.dat,8.0,60.0,2,896.0,"[
    [
        [
            [0, [26, 27, 29, 45, 46, 47, 44, 43, 42, 15, 41, 40, 39, 38, 18, 17, 16, 14, 13, 3, 2, 5, 4, 6, 37, 25, 23, 24, 1]],
            [26, []],
            [27, []],
            [29, []],
            [45, []],
            [46, []],
            [47, []],
            [44, []],
            [43, []],
            [42, []],
            [15, []],
            [41, []],
            [40, []],
            [39, []],
            [38, []],
            [18, []],
            [17, []],
            [16, []],
            [14, []],
            [13, []],
            [3, []],
            [2, []],
            [5, []],
            [4, []],
            [6, []],
            [37, []],
            [25, []],
            [23, []],
            [24, []],
            [1, []]
        ],
        [
            [0, [28, 48, 49, 50, 36, 35, 34, 33, 32, 31, 30, 7, 8, 9, 10, 11, 12, 22, 21, 20, 19]],
            [28, []],
            [48, []],
            [49, []],
            [50, []],
            [36, []],
            [35, []],
            [34, []],
            [33, []],
            [32, []],
            [31, []],
            [30, []],
            [7, []],
            [8, []],
            [9, []],
            [10, []],
            [11, []],
            [12, []],
            [22, []],
            [21, []],
            [20, []],
            [19, []]
        ]
    ],
    [
    ]
]",,,0.0,0,0,0.0,,,,,results/sol_best_RC101_1.dat_A8_L60_pid2752.txt,(not found),RC101_1.dat_A8_L60_r2.log
125,test_data/data_demand_random_50_batch_all1_equal_cluster/RC101_1.dat,8.0,90.0,1,1000.0,"[
    [
        [
            [0, [1, 6, 5, 4, 3, 16, 14, 13, 49, 50, 48, 27, 29, 45, 46, 47, 44, 42, 43, 28, 26]],
            [1, []],
            [6, []],
            [5, []],
            [4, []],
            [3, []],
            [16, []],
            [14, []],
            [13, []],
            [49, []],
            [50, []],
            [48, []],
            [27, []],
            [29, []],
            [45, []],
            [46, []],
            [47, []],
            [44, []],
            [42, []],
            [43, []],
            [28, []],
            [26, []]
        ],
        [
            [0, [7, 8, 9, 10, 11, 12, 22, 21, 20, 19, 23, 24, 25, 2, 17, 18, 15, 36, 35, 34, 33, 32, 31, 30]],
            [7, [37, 41, 39, 40, 38]],
            [8, []],
            [9, []],
            [10, []],
            [11, []],
            [12, []],
            [22, []],
            [21, []],
            [20, []],
            [19, []],
            [23, []],
            [24, []],
            [25, []],
            [37, []],
            [2, []],
            [17, []],
            [38, []],
            [18, []],
            [40, []],
            [39, []],
            [41, []],
            [15, []],
            [36, []],
            [35, []],
            [34, []],
            [33, []],
            [32, []],
            [31, []],
            [30, []]
        ]
    ],
    [
        [
            [7, [37, 41, 39, 40, 38]]
        ]
    ]
]",,,367.80584360149874,0,1,5.0,,,,,results/sol_best_RC101_1.dat_A8_L90_pid2707.txt,(not found),RC101_1.dat_A8_L90_r1.log
125,test_data/data_demand_random_50_batch_all1_equal_cluster/RC101_1.dat,8.0,90.0,2,992.0,"[
    [
        [
            [0, [1, 2, 17, 41, 15, 50, 49, 48, 27, 29, 45, 46, 47, 44, 43, 42, 28, 26]],
            [1, []],
            [2, []],
            [17, []],
            [41, []],
            [15, []],
            [50, []],
            [49, []],
            [48, []],
            [27, []],
            [29, []],
            [45, []],
            [46, []],
            [47, []],
            [44, []],
            [43, []],
            [42, []],
            [28, []],
            [26, []]
        ],
        [
            [0, [7, 9, 10, 11, 12, 22, 8, 19, 20, 21, 23, 24, 25, 6, 5, 4, 3, 16, 18, 14, 13, 36, 35, 34, 33, 32, 31, 30]],
            [7, []],
            [9, []],
            [10, []],
            [11, [37, 38, 39, 40]],
            [12, []],
            [22, []],
            [8, []],
            [19, []],
            [20, []],
            [21, []],
            [23, []],
            [24, []],
            [25, []],
            [37, []],
            [6, []],
            [5, []],
            [4, []],
            [3, []],
            [16, []],
            [18, []],
            [38, []],
            [40, []],
            [39, []],
            [14, []],
            [13, []],
            [36, []],
            [35, []],
            [34, []],
            [33, []],
            [32, []],
            [31, []],
            [30, []]
        ]
    ],
    [
        [
            [11, [37, 38, 39, 40]]
        ]
    ]
]",,,414.0116263352131,0,1,4.0,,,,,results/sol_best_RC101_1.dat_A8_L90_pid2708.txt,(not found),RC101_1.dat_A8_L90_r2.log
126,test_data/data_demand_random_50_batch_all1_equal_cluster/RC101_1.dat,8.0,120.0,1,981.06,"[
    [
        [
            [0, [5, 4, 1, 6, 3, 16, 17, 18, 14, 13, 15, 28, 29, 27, 26]],
            [5, []],
            [4, []],
            [1, [38, 39, 40, 43, 42, 44, 33]],
            [6, [46, 47, 45, 48, 49, 50]],
            [3, []],
            [16, []],
            [17, []],
            [18, []],
            [38, []],
            [39, []],
            [40, []],
            [14, []],
            [13, []],
            [15, []],
            [28, []],
            [43, []],
            [42, []],
            [44, []],
            [46, []],
            [47, []],
            [45, []],
            [29, []],
            [27, []],
            [26, []],
            [48, []],
            [49, []],
            [50, []],
            [33, []]
        ],
        [
            [0, [10, 9, 8, 7, 11, 22, 12, 20, 21, 23, 24, 25, 2]],
            [10, []],
            [9, []],
            [8, []],
            [7, []],
            [11, []],
            [22, []],
            [12, []],
            [20, []],
            [19, [19]],
            [21, [37, 41]],
            [23, [34, 31, 30, 35, 36, 32]],
            [24, []],
            [25, []],
            [37, []],
            [2, []],
            [41, []],
            [34, []],
            [35, []],
            [36, []],
            [32, []],
            [31, []],
            [30, []]
        ]
    ],
    [
        [
            [1, [38, 39, 40, 43, 42, 44, 33]],
            [19, [19]]
        ],
        [
            [6, [46, 47, 45, 48, 49, 50]],
            [21, [37, 41]]
        ],
        [
            [23, [34, 31, 30, 35, 36, 32]]
        ]
    ]
]",981.05551275464,"[
    [
        [
            [0, [1, 4, 5, 6, 3, 16, 17, 18, 14, 13, 15, 28, 29, 27, 26, 33]],
            [1, []],
            [4, []],
            [5, [38, 39, 40, 43, 42, 44]],
            [6, [46, 47, 45, 48, 49, 50]],
            [3, []],
            [16, []],
            [17, []],
            [18, []],
            [38, []],
            [39, []],
            [40, []],
            [14, []],
            [13, []],
            [15, []],
            [28, []],
            [43, []],
            [42, []],
            [44, []],
            [46, []],
            [47, []],
            [45, []],
            [29, []],
            [27, []],
            [26, []],
            [48, []],
            [49, []],
            [50, []],
            [33, []]
        ],
        [
            [0, [10, 9, 8, 7, 11, 22, 12, 20, 21, 23, 24, 25, 2]],
            [10, []],
            [9, []],
            [8, []],
            [7, []],
            [11, []],
            [22, []],
            [12, []],
            [20, []],
            [19, [19]],
            [21, [37, 41]],
            [23, [34, 31, 30, 35, 36, 32]],
            [24, []],
            [25, []],
            [37, []],
            [2, []],
            [41, []],
            [34, []],
            [35, []],
            [36, []],
            [32, []],
            [31, []],
            [30, []]
        ]
    ],
    [
        [
            [5, [38, 39, 40, 43, 42, 44]],
            [19, [19]]
        ],
        [
            [6, [46, 47, 45, 48, 49, 50]],
            [21, [37, 41]]
        ],
        [
            [23, [34, 31, 30, 35, 36, 32]]
        ]
    ]
]",448.23291690704536,2,3,7.333333333333333,458.3513632601544,2,3,7.0,results/sol_best_RC101_1.dat_A8_L120_pid2647.txt,results/sol_best_multi_RC101_1.dat_A8_L120_pid2647.txt,RC101_1.dat_A8_L120_r1.log
126,test_data/data_demand_random_50_batch_all1_equal_cluster/RC101_1.dat,8.0,120.0,2,1058.06,"[
    [
        [
            [0, [6, 5, 4, 3, 1, 18, 17, 16, 14, 13, 15, 28, 29, 27, 26, 36, 35]],
            [6, [46, 47, 45, 48, 49, 50]],
            [5, []],
            [4, []],
            [3, []],
            [1, []],
            [18, [38, 39, 40, 43, 42, 44]],
            [17, []],
            [16, []],
            [38, []],
            [39, []],
            [40, []],
            [14, []],
            [13, []],
            [15, []],
            [28, []],
            [43, []],
            [42, []],
            [44, []],
            [46, []],
            [47, []],
            [45, []],
            [29, []],
            [27, []],
            [26, []],
            [48, []],
            [49, []],
            [50, []],
            [36, []],
            [35, []]
        ],
        [
            [0, [12, 11, 10, 9, 8, 22, 21, 20, 19, 23, 24, 25, 2, 34, 33, 32, 31, 30]],
            [12, [37, 41]],
            [11, []],
            [10, []],
            [9, []],
            [8, []],
            [7, [7]],
            [22, []],
            [21, []],
            [20, []],
            [19, []],
            [23, []],
            [24, []],
            [25, []],
            [2, []],
            [37, []],
            [41, []],
            [34, []],
            [33, []],
            [32, []],
            [31, []],
            [30, []]
        ]
    ],
    [
        [
            [12, [37, 41]]
        ],
        [
            [6, [46, 47, 45, 48, 49, 50]],
            [7, [7]]
        ],
        [
            [18, [38, 39, 40, 43, 42, 44]]
        ]
    ]
]",1058.05551275464,"[
    [
        [
            [0, [6, 5, 4, 3, 1, 18, 17, 16, 14, 13, 15, 28, 29, 27, 26, 36, 35]],
            [6, [46, 47, 45, 48, 49, 50]],
            [5, []],
            [4, []],
            [3, []],
            [1, []],
            [18, [38, 39, 40, 43, 42, 44]],
            [17, []],
            [16, []],
            [38, []],
            [39, []],
            [40, []],
            [14, []],
            [13, []],
            [15, []],
            [28, []],
            [43, []],
            [42, []],
            [44, []],
            [46, []],
            [47, []],
            [45, []],
            [29, []],
            [27, []],
            [26, []],
            [48, []],
            [49, []],
            [50, []],
            [36, []],
            [35, []]
        ],
        [
            [0, [7, 11, 10, 9, 8, 12, 21, 20, 19, 23, 24, 25]],
            [7, [37, 41, 34, 33, 32, 31, 30]],
            [11, []],
            [10, []],
            [9, []],
            [8, []],
            [12, []],
            [22, [22]],
            [21, []],
            [20, []],
            [19, []],
            [23, []],
            [24, []],
            [25, []],
            [2, [2]],
            [37, []],
            [41, []],
            [34, []],
            [33, []],
            [32, []],
            [31, []],
            [30, []]
        ]
    ],
    [
        [
            [7, [37, 41, 34, 33, 32, 31, 30]]
        ],
        [
            [6, [46, 47, 45, 48, 49, 50]],
            [22, [22]]
        ],
        [
            [18, [38, 39, 40, 43, 42, 44]],
            [2, [2]]
        ]
    ]
]",462.1124838685243,1,3,5.0,417.24335756505917,2,3,7.0,results/sol_best_RC101_1.dat_A8_L120_pid2648.txt,results/sol_best_multi_RC101_1.dat_A8_L120_pid2648.txt,RC101_1.dat_A8_L120_r2.log
127,test_data/data_demand_random_50_batch_all1_equal_cluster/RC101_2.5.dat,4.0,60.0,1,1377.0,"[
    [
        [
            [0, [42, 41, 40, 44, 43, 21, 20, 18, 17, 19, 11, 38, 29, 39, 28, 27, 26, 12, 10, 9, 3, 4, 30, 31, 33, 34, 35, 32, 2, 1]],
            [42, []],
            [41, []],
            [40, []],
            [44, []],
            [43, []],
            [21, []],
            [20, []],
            [18, []],
            [17, []],
            [19, []],
            [11, []],
            [38, []],
            [29, []],
            [39, []],
            [28, []],
            [27, []],
            [26, []],
            [12, []],
            [10, []],
            [9, []],
            [3, []],
            [4, []],
            [30, []],
            [31, []],
            [33, []],
            [34, []],
            [35, []],
            [32, []],
            [2, []],
            [1, []]
        ],
        [
            [0, [45, 46, 47, 48, 49, 50, 25, 24, 23, 22, 8, 36, 37, 16, 15, 14, 13, 7, 6, 5]],
            [45, []],
            [46, []],
            [47, []],
            [48, []],
            [49, []],
            [50, []],
            [25, []],
            [24, []],
            [23, []],
            [22, []],
            [8, []],
            [36, []],
            [37, []],
            [16, []],
            [15, []],
            [14, []],
            [13, []],
            [7, []],
            [6, []],
            [5, []]
        ]
    ],
    [
    ]
]",,,0.0,0,0,0.0,,,,,results/sol_best_RC101_2.5.dat_A4_L60_pid2742.txt,(not found),RC101_2.5.dat_A4_L60_r1.log
127,test_data/data_demand_random_50_batch_all1_equal_cluster/RC101_2.5.dat,4.0,60.0,2,1377.0,"[
    [
        [
            [0, [42, 41, 40, 44, 43, 21, 20, 18, 17, 19, 11, 38, 29, 39, 28, 27, 26, 12, 10, 9, 2, 32, 35, 34, 33, 31, 30, 4, 3, 1]],
            [42, []],
            [41, []],
            [40, []],
            [44, []],
            [43, []],
            [21, []],
            [20, []],
            [18, []],
            [17, []],
            [19, []],
            [11, []],
            [38, []],
            [29, []],
            [39, []],
            [28, []],
            [27, []],
            [26, []],
            [12, []],
            [10, []],
            [9, []],
            [2, []],
            [32, []],
            [35, []],
            [34, []],
            [33, []],
            [31, []],
            [30, []],
            [4, []],
            [3, []],
            [1, []]
        ],
        [
            [0, [45, 46, 47, 48, 49, 50, 25, 24, 23, 22, 8, 36, 37, 16, 15, 14, 13, 7, 6, 5]],
            [45, []],
            [46, []],
            [47, []],
            [48, []],
            [49, []],
            [50, []],
            [25, []],
            [24, []],
            [23, []],
            [22, []],
            [8, []],
            [36, []],
            [37, []],
            [16, []],
            [15, []],
            [14, []],
            [13, []],
            [7, []],
            [6, []],
            [5, []]
        ]
    ],
    [
    ]
]",,,0.0,0,0,0.0,,,,,results/sol_best_RC101_2.5.dat_A4_L60_pid2743.txt,(not found),RC101_2.5.dat_A4_L60_r2.log
128,test_data/data_demand_random_50_batch_all1_equal_cluster/RC101_2.5.dat,4.0,90.0,1,1289.0,"[
    [
        [
            [0, [1, 3, 2, 4, 13, 5, 7, 8, 6, 16, 15, 14, 19, 17, 18, 20, 21, 11, 9, 10, 12]],
            [1, []],
            [3, []],
            [2, []],
            [4, []],
            [13, []],
            [5, []],
            [7, []],
            [8, [29, 28, 27, 26]],
            [6, []],
            [16, []],
            [15, []],
            [14, [32, 33, 31, 30]],
            [37, [36, 37]],
            [36, []],
            [34, [35, 34, 40]],
            [35, []],
            [33, []],
            [31, []],
            [30, []],
            [32, []],
            [19, []],
            [17, []],
            [18, []],
            [20, []],
            [21, []],
            [40, []],
            [11, []],
            [9, [39, 38]],
            [10, []],
            [38, []],
            [29, []],
            [39, []],
            [27, []],
            [28, []],
            [26, []],
            [12, []]
        ],
        [
            [0, [22, 23, 24, 25, 50, 49, 48, 47, 46, 45, 44, 43, 41, 42]],
            [22, []],
            [23, []],
            [24, []],
            [25, []],
            [50, []],
            [49, []],
            [48, []],
            [47, []],
            [46, []],
            [45, []],
            [44, []],
            [43, []],
            [41, []],
            [42, []]
        ]
    ],
    [
        [
            [8, [29, 28, 27, 26]]
        ],
        [
            [14, [32, 33, 31, 30]]
        ],
        [
            [37, [36, 37]]
        ],
        [
            [34, [35, 34, 40]]
        ],
        [
            [9, [39, 38]]
        ]
    ]
]",,,758.7709578888486,0,5,3.0,,,,,results/sol_best_RC101_2.5.dat_A4_L90_pid2756.txt,(not found),RC101_2.5.dat_A4_L90_r1.log
128,test_data/data_demand_random_50_batch_all1_equal_cluster/RC101_2.5.dat,4.0,90.0,2,1301.0,"[
    [
        [
            [0, [16, 5, 6, 8, 7, 13, 15, 14, 1, 2, 3, 4, 12, 26, 27, 28, 29, 11, 10, 9, 19, 20, 21, 18, 17]],
            [16, [31, 32, 33, 30]],
            [5, []],
            [6, []],
            [36, [36, 37]],
            [37, []],
            [8, []],
            [7, []],
            [13, []],
            [15, []],
            [14, []],
            [31, []],
            [32, []],
            [1, [34, 35, 39, 38]],
            [35, []],
            [34, []],
            [33, []],
            [30, []],
            [2, []],
            [3, []],
            [4, []],
            [12, []],
            [26, []],
            [27, []],
            [28, []],
            [39, []],
            [29, []],
            [11, []],
            [38, []],
            [10, []],
            [9, []],
            [19, []],
            [20, []],
            [21, []],
            [18, []],
            [17, []]
        ],
        [
            [0, [22, 23, 24, 25, 50, 49, 48, 47, 46, 45, 44, 43, 40, 41, 42]],
            [22, []],
            [23, []],
            [24, []],
            [25, []],
            [50, []],
            [49, []],
            [48, []],
            [47, []],
            [46, []],
            [45, []],
            [44, []],
            [43, []],
            [40, []],
            [41, []],
            [42, []]
        ]
    ],
    [
        [
            [16, [31, 32, 33, 30]]
        ],
        [
            [36, [36, 37]]
        ],
        [
            [1, [34, 35, 39, 38]]
        ]
    ]
]",,,717.7095862260682,0,3,3.3333333333333335,,,,,results/sol_best_RC101_2.5.dat_A4_L90_pid2757.txt,(not found),RC101_2.5.dat_A4_L90_r2.log
129,test_data/data_demand_random_50_batch_all1_equal_cluster/RC101_2.5.dat,4.0,120.0,1,1412.06,"[
    [
        [
            [0, [9, 10, 1, 5, 16, 14, 15, 12, 11]],
            [9, []],
            [10, []],
            [1, []],
            [5, []],
            [16, [26, 27, 28, 29]],
            [14, [18, 19]],
            [15, []],
            [18, []],
            [19, [39, 38, 30, 32]],
            [30, []],
            [32, [50, 49, 48, 47]],
            [12, []],
            [26, []],
            [27, []],
            [28, []],
            [39, []],
            [29, []],
            [38, []],
            [11, []],
            [50, []],
            [49, []],
            [48, []],
            [47, []]
        ],
        [
            [0, [17, 3, 4, 2, 13, 7, 6, 8, 22, 23, 24, 25, 21, 20]],
            [17, []],
            [3, []],
            [4, [34, 36, 37, 35]],
            [31, [31, 33]],
            [2, []],
            [35, []],
            [33, []],
            [34, []],
            [13, [46, 45, 44, 43]],
            [7, []],
            [6, []],
            [8, []],
            [36, []],
            [37, []],
            [22, []],
            [23, [40, 41, 42]],
            [24, []],
            [25, []],
            [46, []],
            [45, []],
            [44, []],
            [43, []],
            [42, []],
            [40, []],
            [41, []],
            [21, []],
            [20, []]
        ]
    ],
    [
        [
            [16, [26, 27, 28, 29]]
        ],
        [
            [14, [18, 19]]
        ],
        [
            [19, [39, 38, 30, 32]]
        ],
        [
            [4, [34, 36, 37, 35]]
        ],
        [
            [31, [31, 33]]
        ],
        [
            [32, [50, 49, 48, 47]]
        ],
        [
            [13, [46, 45, 44, 43]]
        ],
        [
            [23, [40, 41, 42]]
        ]
    ]
]",1412.057096285916,"[
    [
        [
            [0, [5, 16, 15, 14, 18, 19, 12, 11]],
            [1, [1]],
            [5, []],
            [16, []],
            [15, []],
            [14, [26, 27, 28, 29]],
            [18, []],
            [19, [39, 38, 30, 32]],
            [30, []],
            [32, [50, 49, 48, 47]],
            [12, []],
            [26, []],
            [27, []],
            [28, []],
            [39, []],
            [29, []],
            [38, []],
            [11, []],
            [50, []],
            [49, []],
            [48, []],
            [47, []]
        ],
        [
            [0, [17, 4, 3, 2, 13, 6, 7, 8, 21, 20]],
            [9, [9, 10]],
            [10, []],
            [17, []],
            [4, [31, 33]],
            [31, []],
            [3, []],
            [33, []],
            [2, [35, 34, 36, 37]],
            [35, []],
            [34, []],
            [13, [46, 45, 44, 43]],
            [6, []],
            [7, []],
            [8, []],
            [36, []],
            [37, []],
            [22, [22, 23, 25, 24]],
            [23, [40, 41, 42]],
            [25, []],
            [24, []],
            [46, []],
            [45, []],
            [44, []],
            [40, []],
            [41, []],
            [42, []],
            [43, []],
            [21, []],
            [20, []]
        ]
    ],
    [
        [
            [9, [9, 10]],
            [1, [1]]
        ],
        [
            [14, [26, 27, 28, 29]]
        ],
        [
            [19, [39, 38, 30, 32]]
        ],
        [
            [4, [31, 33]]
        ],
        [
            [2, [35, 34, 36, 37]]
        ],
        [
            [32, [50, 49, 48, 47]]
        ],
        [
            [13, [46, 45, 44, 43]]
        ],
        [
            [22, [22, 23, 25, 24]]
        ],
        [
            [23, [40, 41, 42]]
        ]
    ]
]",754.4592608837265,0,8,3.375,812.0083959007145,1,9,3.5555555555555554,results/sol_best_RC101_2.5.dat_A4_L120_pid2837.txt,results/sol_best_multi_RC101_2.5.dat_A4_L120_pid2837.txt,RC101_2.5.dat_A4_L120_r1.log
129,test_data/data_demand_random_50_batch_all1_equal_cluster/RC101_2.5.dat,4.0,120.0,2,1410.23,"[
    [
        [
            [0, [1, 4, 2]],
            [11, [11, 12, 9, 10]],
            [1, []],
            [4, []],
            [18, [18, 19]],
            [19, []],
            [21, [20, 21, 29]],
            [20, [32, 33, 31, 30]],
            [9, []],
            [29, []],
            [39, [39]],
            [28, [35, 28, 27, 26]],
            [27, []],
            [26, []],
            [30, []],
            [31, []],
            [33, []],
            [35, [46, 45, 38]],
            [32, [50, 49, 48, 47]],
            [2, []],
            [12, []],
            [10, []],
            [38, []],
            [50, []],
            [49, []],
            [48, []],
            [47, []],
            [46, []],
            [45, []]
        ],
        [
            [0, [3, 6, 5, 7, 16, 15, 14, 13, 25, 24, 23, 22, 8, 17]],
            [3, []],
            [6, []],
            [5, []],
            [7, []],
            [16, []],
            [15, []],
            [14, []],
            [13, []],
            [25, []],
            [24, []],
            [23, []],
            [22, []],
            [37, [37, 36, 34]],
            [8, [44, 43, 40]],
            [36, []],
            [34, []],
            [40, []],
            [41, [41, 42]],
            [44, []],
            [43, []],
            [42, []],
            [17, []]
        ]
    ],
    [
        [
            [11, [11, 12, 9, 10]]
        ],
        [
            [18, [18, 19]]
        ],
        [
            [21, [20, 21, 29]]
        ],
        [
            [20, [32, 33, 31, 30]]
        ],
        [
            [39, [39]]
        ],
        [
            [28, [35, 28, 27, 26]]
        ],
        [
            [35, [46, 45, 38]]
        ],
        [
            [32, [50, 49, 48, 47]]
        ],
        [
            [37, [37, 36, 34]]
        ],
        [
            [8, [44, 43, 40]]
        ],
        [
            [41, [41, 42]]
        ]
    ]
]",1585.355339059327,"[
    [
        [
            [0, [3, 4, 12, 10, 9, 11, 19, 21, 20, 18, 17]],
            [2, [2]],
            [3, [29, 28, 27, 26]],
            [4, []],
            [12, []],
            [10, []],
            [9, []],
            [11, []],
            [19, []],
            [21, []],
            [20, [32, 33, 31, 30]],
            [18, []],
            [17, []],
            [29, []],
            [28, [35]],
            [27, []],
            [26, []],
            [32, [50, 49, 48, 47]],
            [33, []],
            [31, []],
            [30, []],
            [35, [46, 45, 39, 38]],
            [39, []],
            [38, []],
            [50, []],
            [49, []],
            [48, []],
            [47, []],
            [46, []],
            [45, []]
        ],
        [
            [0, [7, 6, 5, 16, 15, 14, 13, 25, 24, 23, 22, 8]],
            [1, [1]],
            [7, []],
            [6, []],
            [5, []],
            [16, []],
            [15, []],
            [14, []],
            [13, []],
            [25, []],
            [24, []],
            [23, []],
            [22, []],
            [8, [44, 43, 40]],
            [37, [37, 36, 34]],
            [36, []],
            [34, []],
            [40, []],
            [41, [41, 42]],
            [44, []],
            [43, []],
            [42, []]
        ]
    ],
    [
        [
            [1, [1]],
            [2, [2]]
        ],
        [
            [3, [29, 28, 27, 26]]
        ],
        [
            [8, [44, 43, 40]]
        ],
        [
            [20, [32, 33, 31, 30]]
        ],
        [
            [28, [35]]
        ],
        [
            [32, [50, 49, 48, 47]]
        ],
        [
            [35, [46, 45, 39, 38]]
        ],
        [
            [37, [37, 36, 34]]
        ],
        [
            [41, [41, 42]]
        ]
    ]
]",688.9689898579151,0,11,3.0,855.9374153459439,1,9,3.0,results/sol_best_RC101_2.5.dat_A4_L120_pid2838.txt,results/sol_best_multi_RC101_2.5.dat_A4_L120_pid2838.txt,RC101_2.5.dat_A4_L120_r2.log
130,test_data/data_demand_random_50_batch_all1_equal_cluster/RC101_2.5.dat,8.0,60.0,1,1377.0,"[
    [
        [
            [0, [42, 41, 40, 44, 43, 21, 20, 18, 17, 19, 11, 38, 29, 39, 28, 27, 26, 12, 10, 9, 3, 4, 30, 31, 33, 34, 35, 32, 2, 1]],
            [42, []],
            [41, []],
            [40, []],
            [44, []],
            [43, []],
            [21, []],
            [20, []],
            [18, []],
            [17, []],
            [19, []],
            [11, []],
            [38, []],
            [29, []],
            [39, []],
            [28, []],
            [27, []],
            [26, []],
            [12, []],
            [10, []],
            [9, []],
            [3, []],
            [4, []],
            [30, []],
            [31, []],
            [33, []],
            [34, []],
            [35, []],
            [32, []],
            [2, []],
            [1, []]
        ],
        [
            [0, [45, 46, 47, 48, 49, 50, 25, 24, 23, 22, 8, 36, 37, 16, 15, 14, 13, 7, 6, 5]],
            [45, []],
            [46, []],
            [47, []],
            [48, []],
            [49, []],
            [50, []],
            [25, []],
            [24, []],
            [23, []],
            [22, []],
            [8, []],
            [36, []],
            [37, []],
            [16, []],
            [15, []],
            [14, []],
            [13, []],
            [7, []],
            [6, []],
            [5, []]
        ]
    ],
    [
    ]
]",,,0.0,0,0,0.0,,,,,results/sol_best_RC101_2.5.dat_A8_L60_pid2768.txt,(not found),RC101_2.5.dat_A8_L60_r1.log
130,test_data/data_demand_random_50_batch_all1_equal_cluster/RC101_2.5.dat,8.0,60.0,2,1377.0,"[
    [
        [
            [0, [42, 41, 40, 44, 43, 21, 20, 18, 17, 19, 11, 38, 29, 39, 28, 27, 26, 12, 10, 9, 2, 32, 35, 34, 33, 31, 30, 4, 3, 1]],
            [42, []],
            [41, []],
            [40, []],
            [44, []],
            [43, []],
            [21, []],
            [20, []],
            [18, []],
            [17, []],
            [19, []],
            [11, []],
            [38, []],
            [29, []],
            [39, []],
            [28, []],
            [27, []],
            [26, []],
            [12, []],
            [10, []],
            [9, []],
            [2, []],
            [32, []],
            [35, []],
            [34, []],
            [33, []],
            [31, []],
            [30, []],
            [4, []],
            [3, []],
            [1, []]
        ],
        [
            [0, [45, 46, 47, 48, 49, 50, 25, 24, 23, 22, 8, 36, 37, 16, 15, 14, 13, 7, 6, 5]],
            [45, []],
            [46, []],
            [47, []],
            [48, []],
            [49, []],
            [50, []],
            [25, []],
            [24, []],
            [23, []],
            [22, []],
            [8, []],
            [36, []],
            [37, []],
            [16, []],
            [15, []],
            [14, []],
            [13, []],
            [7, []],
            [6, []],
            [5, []]
        ]
    ],
    [
    ]
]",,,0.0,0,0,0.0,,,,,results/sol_best_RC101_2.5.dat_A8_L60_pid2769.txt,(not found),RC101_2.5.dat_A8_L60_r2.log
131,test_data/data_demand_random_50_batch_all1_equal_cluster/RC101_2.5.dat,8.0,90.0,1,1281.0,"[
    [
        [
            [0, [4, 3, 1, 6, 5, 8, 7, 2]],
            [4, []],
            [3, []],
            [1, []],
            [6, []],
            [5, [15, 16, 13]],
            [22, [22]],
            [8, [14, 12, 9, 10, 11]],
            [15, []],
            [7, [21, 20, 18, 19]],
            [14, []],
            [13, []],
            [16, []],
            [36, [34, 35, 31, 30, 33, 32, 36, 37]],
            [37, []],
            [34, []],
            [35, []],
            [33, []],
            [31, []],
            [30, []],
            [32, []],
            [2, []],
            [12, []],
            [26, [39, 38, 40, 26, 27, 28, 29, 41]],
            [27, []],
            [28, []],
            [39, []],
            [29, []],
            [9, []],
            [10, []],
            [38, []],
            [11, []],
            [18, []],
            [20, []],
            [21, []],
            [40, []],
            [19, []],
            [41, []]
        ],
        [
            [0, [23, 24, 25, 50, 49, 48, 47, 46, 45, 44, 43, 42, 17]],
            [23, []],
            [24, []],
            [25, []],
            [50, []],
            [49, []],
            [48, []],
            [47, []],
            [46, []],
            [45, []],
            [44, []],
            [43, []],
            [42, []],
            [17, []]
        ]
    ],
    [
        [
            [5, [15, 16, 13]]
        ],
        [
            [22, [22]]
        ],
        [
            [8, [14, 12, 9, 10, 11]]
        ],
        [
            [7, [21, 20, 18, 19]]
        ],
        [
            [36, [34, 35, 31, 30, 33, 32, 36, 37]]
        ],
        [
            [26, [39, 38, 40, 26, 27, 28, 29, 41]]
        ]
    ]
]",,,590.054005762359,0,6,4.833333333333333,,,,,results/sol_best_RC101_2.5.dat_A8_L90_pid2733.txt,(not found),RC101_2.5.dat_A8_L90_r1.log
131,test_data/data_demand_random_50_batch_all1_equal_cluster/RC101_2.5.dat,8.0,90.0,2,1289.0,"[
    [
        [
            [0, [13, 16, 14, 1, 5, 8, 6, 7, 15, 2, 4, 3, 12, 10, 11, 9, 19, 21, 20, 18, 17]],
            [13, []],
            [16, []],
            [14, []],
            [1, []],
            [5, []],
            [8, [32, 33, 31, 30, 27, 28, 26, 29]],
            [6, []],
            [7, []],
            [36, [36, 37]],
            [37, []],
            [15, []],
            [34, [34, 35]],
            [35, []],
            [33, []],
            [31, []],
            [30, []],
            [2, []],
            [32, []],
            [4, []],
            [3, []],
            [26, []],
            [12, []],
            [27, []],
            [28, [39, 38, 40]],
            [39, []],
            [29, []],
            [10, []],
            [38, []],
            [11, []],
            [9, []],
            [19, []],
            [21, []],
            [20, []],
            [40, []],
            [18, []],
            [17, []]
        ],
        [
            [0, [22, 23, 24, 25, 50, 49, 48, 47, 46, 45, 44, 43, 42, 41]],
            [22, []],
            [23, []],
            [24, []],
            [25, []],
            [50, []],
            [49, []],
            [48, []],
            [47, []],
            [46, []],
            [45, []],
            [44, []],
            [43, []],
            [42, []],
            [41, []]
        ]
    ],
    [
        [
            [8, [32, 33, 31, 30, 27, 28, 26, 29]]
        ],
        [
            [36, [36, 37]]
        ],
        [
            [34, [34, 35]]
        ],
        [
            [28, [39, 38, 40]]
        ]
    ]
]",,,776.5024154036298,0,4,3.75,,,,,results/sol_best_RC101_2.5.dat_A8_L90_pid2734.txt,(not found),RC101_2.5.dat_A8_L90_r2.log
132,test_data/data_demand_random_50_batch_all1_equal_cluster/RC101_2.5.dat,8.0,120.0,1,1478.81,"[
    [
        [
            [0, [4, 12, 9, 10, 11, 3, 1]],
            [4, []],
            [12, [19, 21, 20, 18, 17]],
            [9, []],
            [10, []],
            [11, []],
            [3, []],
            [1, [29, 28, 27, 26]],
            [19, []],
            [21, []],
            [20, [32, 33, 31, 30]],
            [18, []],
            [17, []],
            [29, []],
            [39, [39]],
            [28, []],
            [27, []],
            [26, []],
            [32, [50, 49, 48, 47, 38, 35]],
            [35, [46, 45]],
            [33, []],
            [31, []],
            [30, []],
            [38, []],
            [50, []],
            [49, []],
            [48, []],
            [47, []],
            [46, []],
            [45, []]
        ],
        [
            [0, [6, 5, 16, 15, 14, 25, 24, 23, 22, 2, 7, 8]],
            [6, []],
            [5, []],
            [16, []],
            [15, []],
            [14, []],
            [13, [13]],
            [25, []],
            [24, []],
            [23, []],
            [22, []],
            [2, [37]],
            [7, []],
            [8, [44, 43]],
            [37, []],
            [36, [40, 41, 42, 36, 34]],
            [34, []],
            [40, []],
            [41, []],
            [44, []],
            [43, []],
            [42, []]
        ]
    ],
    [
        [
            [12, [19, 21, 20, 18, 17]]
        ],
        [
            [1, [29, 28, 27, 26]],
            [13, [13]]
        ],
        [
            [20, [32, 33, 31, 30]]
        ],
        [
            [39, [39]]
        ],
        [
            [32, [50, 49, 48, 47, 38, 35]]
        ],
        [
            [2, [37]],
            [35, [46, 45]]
        ],
        [
            [8, [44, 43]]
        ],
        [
            [36, [40, 41, 42, 36, 34]]
        ]
    ]
]",1478.805843601499,"[
    [
        [
            [0, [4, 12, 9, 10, 11, 3, 1]],
            [4, []],
            [12, [19, 21, 20, 18, 17]],
            [9, []],
            [10, []],
            [11, []],
            [3, []],
            [1, [29, 28, 27, 26]],
            [19, []],
            [21, []],
            [20, [32, 33, 31, 30]],
            [18, []],
            [17, []],
            [29, []],
            [39, [39]],
            [28, []],
            [27, []],
            [26, []],
            [32, [50, 49, 48, 47, 38, 35]],
            [35, [46, 45]],
            [33, []],
            [31, []],
            [30, []],
            [38, []],
            [50, []],
            [49, []],
            [48, []],
            [47, []],
            [46, []],
            [45, []]
        ],
        [
            [0, [6, 5, 13, 15, 14, 16, 24, 23, 22, 2, 7, 8]],
            [6, []],
            [5, []],
            [13, []],
            [15, [25]],
            [14, []],
            [16, []],
            [25, []],
            [24, []],
            [23, []],
            [22, []],
            [2, [37]],
            [7, []],
            [8, [44, 43]],
            [37, []],
            [36, [40, 41, 42, 36, 34]],
            [34, []],
            [40, []],
            [41, []],
            [44, []],
            [43, []],
            [42, []]
        ]
    ],
    [
        [
            [12, [19, 21, 20, 18, 17]]
        ],
        [
            [1, [29, 28, 27, 26]],
            [15, [25]]
        ],
        [
            [20, [32, 33, 31, 30]]
        ],
        [
            [39, [39]]
        ],
        [
            [32, [50, 49, 48, 47, 38, 35]]
        ],
        [
            [2, [37]],
            [35, [46, 45]]
        ],
        [
            [8, [44, 43]]
        ],
        [
            [36, [40, 41, 42, 36, 34]]
        ]
    ]
]",834.0202831653398,2,8,3.875,833.8375138986927,2,8,3.875,results/sol_best_RC101_2.5.dat_A8_L120_pid2695.txt,results/sol_best_multi_RC101_2.5.dat_A8_L120_pid2695.txt,RC101_2.5.dat_A8_L120_r1.log
132,test_data/data_demand_random_50_batch_all1_equal_cluster/RC101_2.5.dat,8.0,120.0,2,1344.2,"[
    [
        [
            [0, [12, 9, 11, 10, 1, 4, 3]],
            [12, []],
            [9, []],
            [11, []],
            [19, [19]],
            [20, [20]],
            [18, [18]],
            [21, [21]],
            [17, [17]],
            [10, [29, 28, 27, 26]],
            [29, []],
            [28, []],
            [27, []],
            [26, []],
            [1, [32, 33, 31, 30, 35]],
            [30, []],
            [31, []],
            [33, []],
            [35, []],
            [32, [46, 45]],
            [4, []],
            [3, []],
            [39, [50, 49, 48, 47, 39, 38]],
            [38, []],
            [50, []],
            [49, []],
            [48, []],
            [47, []],
            [46, []],
            [45, []]
        ],
        [
            [0, [14, 8, 25, 24, 23, 22, 5, 6, 7, 16, 15, 2]],
            [14, []],
            [8, []],
            [25, []],
            [24, []],
            [23, []],
            [22, []],
            [5, [37, 36, 34]],
            [6, []],
            [7, []],
            [37, []],
            [36, []],
            [16, []],
            [13, [13]],
            [15, []],
            [34, []],
            [2, [44, 43, 40, 41, 42]],
            [40, []],
            [41, []],
            [44, []],
            [43, []],
            [42, []]
        ]
    ],
    [
        [
            [19, [19]]
        ],
        [
            [20, [20]]
        ],
        [
            [18, [18]]
        ],
        [
            [21, [21]]
        ],
        [
            [17, [17]]
        ],
        [
            [10, [29, 28, 27, 26]]
        ],
        [
            [1, [32, 33, 31, 30, 35]],
            [5, [37, 36, 34]]
        ],
        [
            [32, [46, 45]],
            [13, [13]]
        ],
        [
            [39, [50, 49, 48, 47, 39, 38]]
        ],
        [
            [2, [44, 43, 40, 41, 42]]
        ]
    ]
]",1344.2,"[
    [
        [
            [0, [12, 9, 11, 10, 1, 4, 3]],
            [12, []],
            [9, []],
            [11, []],
            [19, [19]],
            [20, [20]],
            [18, [18]],
            [21, [21]],
            [17, [17]],
            [10, [29, 28, 27, 26]],
            [29, []],
            [28, []],
            [27, []],
            [26, []],
            [1, [32, 33, 31, 30, 35]],
            [30, []],
            [31, []],
            [33, []],
            [35, []],
            [32, [46, 45]],
            [4, []],
            [3, []],
            [39, [50, 49, 48, 47, 39, 38]],
            [38, []],
            [50, []],
            [49, []],
            [48, []],
            [47, []],
            [46, []],
            [45, []]
        ],
        [
            [0, [25, 24, 23, 22, 14, 8, 5, 6, 7, 16, 15, 2]],
            [25, []],
            [24, []],
            [23, []],
            [22, []],
            [14, []],
            [8, []],
            [5, [37, 36, 34]],
            [6, []],
            [7, []],
            [37, []],
            [36, []],
            [16, []],
            [13, [13]],
            [15, []],
            [34, []],
            [2, [44, 43, 40, 41, 42]],
            [40, []],
            [41, []],
            [44, []],
            [43, []],
            [42, []]
        ]
    ],
    [
        [
            [19, [19]]
        ],
        [
            [20, [20]]
        ],
        [
            [18, [18]]
        ],
        [
            [21, [21]]
        ],
        [
            [17, [17]]
        ],
        [
            [10, [29, 28, 27, 26]]
        ],
        [
            [1, [32, 33, 31, 30, 35]],
            [5, [37, 36, 34]]
        ],
        [
            [32, [46, 45]],
            [13, [13]]
        ],
        [
            [39, [50, 49, 48, 47, 39, 38]]
        ],
        [
            [2, [44, 43, 40, 41, 42]]
        ]
    ]
]",620.3622436901061,2,10,3.1,602.3622436901061,2,10,3.1,results/sol_best_RC101_2.5.dat_A8_L120_pid2696.txt,results/sol_best_multi_RC101_2.5.dat_A8_L120_pid2696.txt,RC101_2.5.dat_A8_L120_r2.log
133,test_data/data_demand_random_50_batch_all1_equal_cluster/RC101_2.dat,4.0,60.0,1,1257.0,"[
    [
        [
            [0, [26, 27, 29, 30, 32, 31, 45, 47, 46, 28, 15, 20, 43, 44, 19, 18, 17, 16, 14, 13, 2, 3, 4, 5, 6, 40, 41, 42, 25, 1]],
            [26, []],
            [27, []],
            [29, []],
            [30, []],
            [32, []],
            [31, []],
            [45, []],
            [47, []],
            [46, []],
            [28, []],
            [15, []],
            [20, []],
            [43, []],
            [44, []],
            [19, []],
            [18, []],
            [17, []],
            [16, []],
            [14, []],
            [13, []],
            [2, []],
            [3, []],
            [4, []],
            [5, []],
            [6, []],
            [40, []],
            [41, []],
            [42, []],
            [25, []],
            [1, []]
        ],
        [
            [0, [48, 49, 50, 39, 38, 37, 36, 35, 34, 33, 7, 8, 9, 10, 11, 12, 24, 23, 22, 21]],
            [48, []],
            [49, []],
            [50, []],
            [39, []],
            [38, []],
            [37, []],
            [36, []],
            [35, []],
            [34, []],
            [33, []],
            [7, []],
            [8, []],
            [9, []],
            [10, []],
            [11, []],
            [12, []],
            [24, []],
            [23, []],
            [22, []],
            [21, []]
        ]
    ],
    [
    ]
]",,,0.0,0,0,0.0,,,,,results/sol_best_RC101_2.dat_A4_L60_pid2875.txt,(not found),RC101_2.dat_A4_L60_r1.log
133,test_data/data_demand_random_50_batch_all1_equal_cluster/RC101_2.dat,4.0,60.0,2,1249.0,"[
    [
        [
            [0, [27, 29, 30, 31, 32, 45, 46, 47, 15, 20, 43, 44, 19, 18, 17, 16, 14, 13, 2, 3, 4, 5, 6, 40, 41, 42, 25, 1]],
            [27, []],
            [29, []],
            [30, []],
            [31, []],
            [32, []],
            [45, []],
            [46, []],
            [47, []],
            [15, []],
            [20, []],
            [43, []],
            [44, []],
            [19, []],
            [18, []],
            [17, []],
            [16, []],
            [14, []],
            [13, []],
            [2, []],
            [3, []],
            [4, []],
            [5, []],
            [6, []],
            [40, []],
            [41, []],
            [42, []],
            [25, []],
            [1, []]
        ],
        [
            [0, [28, 26, 48, 49, 50, 39, 38, 37, 36, 35, 34, 33, 7, 8, 9, 10, 11, 12, 24, 23, 22, 21]],
            [28, []],
            [26, []],
            [48, []],
            [49, []],
            [50, []],
            [39, []],
            [38, []],
            [37, []],
            [36, []],
            [35, []],
            [34, []],
            [33, []],
            [7, []],
            [8, []],
            [9, []],
            [10, []],
            [11, []],
            [12, []],
            [24, []],
            [23, []],
            [22, []],
            [21, []]
        ]
    ],
    [
    ]
]",,,0.0,0,0,0.0,,,,,results/sol_best_RC101_2.dat_A4_L60_pid2876.txt,(not found),RC101_2.dat_A4_L60_r2.log
134,test_data/data_demand_random_50_batch_all1_equal_cluster/RC101_2.dat,4.0,90.0,1,1313.0,"[
    [
        [
            [0, [1, 6, 5, 47, 46, 45, 48, 49, 50, 39, 38, 37, 36, 35, 34]],
            [1, []],
            [6, []],
            [5, []],
            [47, []],
            [46, []],
            [45, []],
            [48, []],
            [49, []],
            [50, []],
            [39, []],
            [38, []],
            [37, []],
            [36, []],
            [35, []],
            [34, []]
        ],
        [
            [0, [26, 29, 30, 32, 31, 27, 28, 25, 2, 4, 3, 16, 17, 18, 19, 14, 13, 20, 15, 10, 12, 11, 24, 23, 22, 21, 8, 9, 7]],
            [26, []],
            [29, []],
            [30, []],
            [32, []],
            [31, []],
            [27, []],
            [28, []],
            [25, []],
            [42, [40, 44, 42, 41]],
            [41, []],
            [40, []],
            [2, []],
            [4, []],
            [3, []],
            [16, []],
            [17, []],
            [18, []],
            [19, []],
            [44, []],
            [43, [43, 33]],
            [14, []],
            [13, []],
            [20, []],
            [15, []],
            [33, []],
            [10, []],
            [12, []],
            [11, []],
            [24, []],
            [23, []],
            [22, []],
            [21, []],
            [8, []],
            [9, []],
            [7, []]
        ]
    ],
    [
        [
            [42, [40, 44, 42, 41]]
        ],
        [
            [43, [43, 33]]
        ]
    ]
]",,,823.325551358543,0,2,3.0,,,,,results/sol_best_RC101_2.dat_A4_L90_pid2744.txt,(not found),RC101_2.dat_A4_L90_r1.log
134,test_data/data_demand_random_50_batch_all1_equal_cluster/RC101_2.dat,4.0,90.0,2,1325.0,"[
    [
        [
            [0, [1, 6, 5, 4, 3, 47, 46, 45, 30, 29, 27, 48, 49, 50, 39, 38, 37, 36, 35, 34]],
            [1, []],
            [6, []],
            [5, []],
            [4, []],
            [3, []],
            [47, []],
            [46, []],
            [45, []],
            [30, []],
            [29, []],
            [27, []],
            [48, []],
            [49, []],
            [50, []],
            [39, []],
            [38, []],
            [37, []],
            [36, []],
            [35, []],
            [34, []]
        ],
        [
            [0, [32, 31, 26, 28, 25, 2, 16, 17, 19, 18, 13, 14, 20, 15, 12, 11, 10, 9, 8, 21, 22, 23, 24, 7]],
            [32, []],
            [31, []],
            [26, []],
            [28, []],
            [25, []],
            [42, [42, 43]],
            [41, [41, 40, 44, 33]],
            [40, []],
            [2, []],
            [16, []],
            [17, []],
            [19, []],
            [18, []],
            [43, []],
            [44, []],
            [13, []],
            [14, []],
            [20, []],
            [15, []],
            [33, []],
            [12, []],
            [11, []],
            [10, []],
            [9, []],
            [8, []],
            [21, []],
            [22, []],
            [23, []],
            [24, []],
            [7, []]
        ]
    ],
    [
        [
            [42, [42, 43]]
        ],
        [
            [41, [41, 40, 44, 33]]
        ]
    ]
]",,,746.8343130249008,0,2,3.0,,,,,results/sol_best_RC101_2.dat_A4_L90_pid2745.txt,(not found),RC101_2.dat_A4_L90_r2.log
135,test_data/data_demand_random_50_batch_all1_equal_cluster/RC101_2.dat,4.0,120.0,1,1192.28,"[
    [
        [
            [0, [2, 16, 15, 26, 27, 29, 30, 28, 20, 17, 18, 19, 14, 13, 3, 4, 5, 25, 6, 1]],
            [2, []],
            [16, []],
            [15, []],
            [26, []],
            [27, []],
            [29, []],
            [30, []],
            [47, [47, 46, 41]],
            [46, [44, 43, 42, 40]],
            [28, []],
            [20, []],
            [17, []],
            [18, []],
            [19, []],
            [44, []],
            [43, []],
            [14, []],
            [13, []],
            [3, []],
            [4, []],
            [5, []],
            [25, []],
            [42, []],
            [41, []],
            [40, []],
            [6, []],
            [1, []]
        ],
        [
            [0, [7, 10, 11, 12, 24, 23, 22, 21, 8, 9, 33, 34, 39, 38, 37, 36, 35, 32, 31]],
            [7, []],
            [10, []],
            [11, []],
            [12, []],
            [24, []],
            [23, []],
            [22, []],
            [21, []],
            [8, []],
            [9, []],
            [33, [50, 49, 48, 45]],
            [34, []],
            [39, []],
            [38, []],
            [37, []],
            [36, []],
            [35, []],
            [50, []],
            [49, []],
            [48, []],
            [32, []],
            [31, []],
            [45, []]
        ]
    ],
    [
        [
            [47, [47, 46, 41]]
        ],
        [
            [46, [44, 43, 42, 40]]
        ],
        [
            [33, [50, 49, 48, 45]]
        ]
    ]
]",,,798.5541807676842,0,3,3.6666666666666665,,,,,results/sol_best_RC101_2.dat_A4_L120_pid2683.txt,(not found),RC101_2.dat_A4_L120_r1.log
135,test_data/data_demand_random_50_batch_all1_equal_cluster/RC101_2.dat,4.0,120.0,2,1116.0,"[
    [
        [
            [0, [1, 25, 42, 41, 40, 6, 5, 4, 2, 3, 16, 17, 18, 19, 44, 43, 13, 14, 20, 15, 28, 30, 29, 27, 26]],
            [1, []],
            [25, []],
            [42, []],
            [41, []],
            [40, []],
            [6, []],
            [5, []],
            [4, []],
            [2, []],
            [3, []],
            [16, []],
            [17, []],
            [18, []],
            [19, []],
            [44, []],
            [43, []],
            [13, []],
            [14, []],
            [20, []],
            [15, []],
            [28, []],
            [30, []],
            [29, []],
            [27, []],
            [26, []]
        ],
        [
            [0, [21, 22, 23, 24, 12, 11, 10, 9, 8, 7, 33, 34, 35, 36, 37, 38, 39, 32, 31]],
            [21, []],
            [22, []],
            [23, []],
            [24, []],
            [12, []],
            [11, []],
            [10, []],
            [9, []],
            [8, []],
            [7, []],
            [33, [50, 49, 48, 47]],
            [34, []],
            [35, []],
            [36, []],
            [37, []],
            [38, []],
            [39, []],
            [50, []],
            [49, []],
            [48, []],
            [32, []],
            [31, []],
            [47, []],
            [46, [46, 45]],
            [45, []]
        ]
    ],
    [
        [
            [33, [50, 49, 48, 47]]
        ],
        [
            [46, [46, 45]]
        ]
    ]
]",1122.0,"[
    [
        [
            [0, [1, 25, 42, 41, 40, 6, 5, 4, 2, 3, 16, 17, 18, 19, 44, 43, 13, 14, 20, 15, 28, 30, 27, 26]],
            [1, []],
            [25, []],
            [42, []],
            [41, []],
            [40, []],
            [6, []],
            [5, []],
            [4, []],
            [2, []],
            [3, []],
            [16, []],
            [17, []],
            [18, []],
            [19, []],
            [44, []],
            [43, []],
            [13, []],
            [14, []],
            [20, []],
            [15, []],
            [28, []],
            [30, []],
            [29, [29]],
            [27, []],
            [26, []]
        ],
        [
            [0, [21, 22, 23, 24, 10, 12, 11, 9, 8, 7, 33, 34, 35, 36, 37, 38, 39, 32, 31]],
            [21, []],
            [22, []],
            [23, []],
            [24, []],
            [10, []],
            [12, []],
            [11, []],
            [9, []],
            [8, []],
            [7, []],
            [33, [50, 49, 48, 47]],
            [34, []],
            [35, []],
            [36, []],
            [37, []],
            [38, []],
            [39, []],
            [50, []],
            [49, []],
            [48, []],
            [32, []],
            [31, []],
            [47, []],
            [46, [46, 45]],
            [45, []]
        ]
    ],
    [
        [
            [33, [50, 49, 48, 47]]
        ],
        [
            [46, [46, 45]],
            [29, [29]]
        ]
    ]
]",930.1928083061828,0,2,3.0,947.6968946375127,1,2,3.5,results/sol_best_RC101_2.dat_A4_L120_pid2684.txt,results/sol_best_multi_RC101_2.dat_A4_L120_pid2684.txt,RC101_2.dat_A4_L120_r2.log
136,test_data/data_demand_random_50_batch_all1_equal_cluster/RC101_2.dat,8.0,60.0,1,1269.0,"[
    [
        [
            [0, [26, 45, 46, 47, 31, 32, 30, 29, 27, 28, 15, 20, 43, 44, 19, 18, 17, 16, 14, 13, 3, 4, 5, 40, 41, 42, 25, 6, 2, 1]],
            [26, []],
            [45, []],
            [46, []],
            [47, []],
            [31, []],
            [32, []],
            [30, []],
            [29, []],
            [27, []],
            [28, []],
            [15, []],
            [20, []],
            [43, []],
            [44, []],
            [19, []],
            [18, []],
            [17, []],
            [16, []],
            [14, []],
            [13, []],
            [3, []],
            [4, []],
            [5, []],
            [40, []],
            [41, []],
            [42, []],
            [25, []],
            [6, []],
            [2, []],
            [1, []]
        ],
        [
            [0, [48, 49, 50, 39, 38, 37, 36, 35, 34, 33, 7, 8, 9, 10, 12, 11, 24, 23, 22, 21]],
            [48, []],
            [49, []],
            [50, []],
            [39, []],
            [38, []],
            [37, []],
            [36, []],
            [35, []],
            [34, []],
            [33, []],
            [7, []],
            [8, []],
            [9, []],
            [10, []],
            [12, []],
            [11, []],
            [24, []],
            [23, []],
            [22, []],
            [21, []]
        ]
    ],
    [
    ]
]",,,0.0,0,0,0.0,,,,,results/sol_best_RC101_2.dat_A8_L60_pid2763.txt,(not found),RC101_2.dat_A8_L60_r1.log
136,test_data/data_demand_random_50_batch_all1_equal_cluster/RC101_2.dat,8.0,60.0,2,1249.0,"[
    [
        [
            [0, [26, 27, 29, 30, 31, 32, 45, 46, 47, 15, 20, 43, 44, 19, 18, 17, 16, 14, 13, 3, 4, 25, 42, 41, 40, 6, 5, 2, 1]],
            [26, []],
            [27, []],
            [29, []],
            [30, []],
            [31, []],
            [32, []],
            [45, []],
            [46, []],
            [47, []],
            [15, []],
            [20, []],
            [43, []],
            [44, []],
            [19, []],
            [18, []],
            [17, []],
            [16, []],
            [14, []],
            [13, []],
            [3, []],
            [4, []],
            [25, []],
            [42, []],
            [41, []],
            [40, []],
            [6, []],
            [5, []],
            [2, []],
            [1, []]
        ],
        [
            [0, [28, 48, 49, 50, 39, 38, 37, 36, 35, 34, 33, 7, 8, 9, 10, 11, 12, 24, 23, 22, 21]],
            [28, []],
            [48, []],
            [49, []],
            [50, []],
            [39, []],
            [38, []],
            [37, []],
            [36, []],
            [35, []],
            [34, []],
            [33, []],
            [7, []],
            [8, []],
            [9, []],
            [10, []],
            [11, []],
            [12, []],
            [24, []],
            [23, []],
            [22, []],
            [21, []]
        ]
    ],
    [
    ]
]",,,0.0,0,0,0.0,,,,,results/sol_best_RC101_2.dat_A8_L60_pid2764.txt,(not found),RC101_2.dat_A8_L60_r2.log
137,test_data/data_demand_random_50_batch_all1_equal_cluster/RC101_2.dat,8.0,90.0,1,1313.0,"[
    [
        [
            [0, [1, 3, 15, 47, 46, 45, 48, 49, 50, 39, 36, 35, 34]],
            [1, []],
            [3, []],
            [15, []],
            [47, []],
            [46, []],
            [45, []],
            [48, []],
            [49, []],
            [50, []],
            [39, []],
            [36, []],
            [35, []],
            [34, []]
        ],
        [
            [0, [31, 32, 30, 29, 27, 26, 28, 20, 19, 18, 17, 16, 14, 13, 2, 4, 5, 6, 25, 23, 24, 12, 11, 10, 9, 8, 22, 21, 7]],
            [31, []],
            [32, []],
            [30, []],
            [29, []],
            [27, []],
            [26, []],
            [28, []],
            [20, []],
            [43, [43]],
            [44, [44, 41, 40]],
            [19, []],
            [18, []],
            [17, []],
            [16, []],
            [14, []],
            [13, []],
            [2, []],
            [4, [42, 33]],
            [5, []],
            [6, []],
            [40, []],
            [41, []],
            [42, []],
            [25, []],
            [23, []],
            [24, []],
            [12, []],
            [11, []],
            [10, []],
            [9, []],
            [8, []],
            [22, []],
            [21, []],
            [7, [37, 38]],
            [33, []],
            [37, []],
            [38, []]
        ]
    ],
    [
        [
            [43, [43]]
        ],
        [
            [44, [44, 41, 40]]
        ],
        [
            [4, [42, 33]]
        ],
        [
            [7, [37, 38]]
        ]
    ]
]",1319.0,"[
    [
        [
            [0, [1, 3, 15, 47, 46, 48, 49, 50, 39, 36, 35, 34]],
            [1, [45]],
            [3, []],
            [15, []],
            [47, []],
            [46, []],
            [45, []],
            [48, []],
            [49, []],
            [50, []],
            [39, []],
            [36, []],
            [35, []],
            [34, []]
        ],
        [
            [0, [31, 32, 30, 29, 27, 26, 28, 20, 19, 18, 17, 16, 14, 13, 2, 4, 5, 6, 25, 23, 24, 10, 12, 11, 9, 8, 22, 21, 7]],
            [31, []],
            [32, []],
            [30, []],
            [29, []],
            [27, []],
            [26, []],
            [28, []],
            [20, []],
            [43, [43]],
            [44, [44, 41, 40]],
            [19, []],
            [18, []],
            [17, []],
            [16, []],
            [14, []],
            [13, []],
            [2, []],
            [4, [42, 33]],
            [5, []],
            [6, []],
            [40, []],
            [41, []],
            [42, []],
            [25, []],
            [23, []],
            [24, []],
            [10, []],
            [12, []],
            [11, []],
            [9, []],
            [8, []],
            [22, []],
            [21, []],
            [7, [37, 38]],
            [33, []],
            [37, []],
            [38, []]
        ]
    ],
    [
        [
            [43, [43]]
        ],
        [
            [44, [44, 41, 40]]
        ],
        [
            [1, [45]],
            [4, [42, 33]]
        ],
        [
            [7, [37, 38]]
        ]
    ]
]",809.5954784114964,0,4,2.0,812.5954784114964,1,4,2.25,results/sol_best_RC101_2.dat_A8_L90_pid2664.txt,results/sol_best_multi_RC101_2.dat_A8_L90_pid2664.txt,RC101_2.dat_A8_L90_r1.log
137,test_data/data_demand_random_50_batch_all1_equal_cluster/RC101_2.dat,8.0,90.0,2,1133.0,"[
    [
        [
            [0, [47, 46, 45, 32, 31, 30, 29, 27, 48, 49, 50, 39, 38, 37, 36, 35, 34, 33]],
            [47, []],
            [46, []],
            [45, []],
            [32, []],
            [31, []],
            [30, []],
            [29, []],
            [27, []],
            [48, []],
            [49, []],
            [50, []],
            [39, []],
            [38, []],
            [37, []],
            [36, []],
            [35, []],
            [34, []],
            [33, []]
        ],
        [
            [0, [2, 1, 6, 4, 5, 3]],
            [2, []],
            [1, []],
            [6, []],
            [4, [12, 11, 10, 9, 8, 7]],
            [5, []],
            [3, []],
            [13, [13, 14]],
            [14, []],
            [16, [16, 17, 19, 18, 20, 15]],
            [19, []],
            [28, [25, 21, 24, 23, 22, 28, 26]],
            [26, []],
            [25, []],
            [42, [42, 41, 40, 44, 43]],
            [41, []],
            [40, []],
            [21, []],
            [22, []],
            [23, []],
            [24, []],
            [8, []],
            [9, []],
            [10, []],
            [11, []],
            [12, []],
            [7, []],
            [15, []],
            [20, []],
            [44, []],
            [43, []],
            [18, []],
            [17, []]
        ]
    ],
    [
        [
            [4, [12, 11, 10, 9, 8, 7]]
        ],
        [
            [13, [13, 14]]
        ],
        [
            [16, [16, 17, 19, 18, 20, 15]]
        ],
        [
            [28, [25, 21, 24, 23, 22, 28, 26]]
        ],
        [
            [42, [42, 41, 40, 44, 43]]
        ]
    ]
]",,,348.29534561136904,0,5,5.2,,,,,results/sol_best_RC101_2.dat_A8_L90_pid2665.txt,(not found),RC101_2.dat_A8_L90_r2.log
138,test_data/data_demand_random_50_batch_all1_equal_cluster/RC101_2.dat,8.0,120.0,1,1076.3,"[
    [
        [
            [0, [3, 4, 5, 6, 2]],
            [3, [9]],
            [9, [16, 17, 18, 19, 20, 15, 13, 14]],
            [25, [25]],
            [4, []],
            [5, []],
            [6, []],
            [2, [26, 27, 29, 30, 31, 32, 28]],
            [28, []],
            [27, []],
            [29, []],
            [30, []],
            [31, []],
            [32, []],
            [26, []],
            [14, []],
            [16, [44, 43, 42, 41, 40]],
            [17, []],
            [18, []],
            [19, []],
            [44, []],
            [43, []],
            [20, []],
            [15, []],
            [13, []],
            [40, []],
            [41, []],
            [42, []]
        ],
        [
            [0, [12, 11, 10, 8, 7]],
            [1, [1]],
            [12, []],
            [11, []],
            [10, []],
            [24, [24]],
            [23, [23, 22, 21]],
            [22, []],
            [21, []],
            [8, []],
            [7, [39, 38, 37, 36, 35, 34, 33]],
            [33, []],
            [39, [50, 49, 48, 47, 46, 45]],
            [38, []],
            [37, []],
            [36, []],
            [35, []],
            [34, []],
            [50, []],
            [49, []],
            [48, []],
            [47, []],
            [46, []],
            [45, []]
        ]
    ],
    [
        [
            [3, [9]],
            [1, [1]]
        ],
        [
            [9, [16, 17, 18, 19, 20, 15, 13, 14]]
        ],
        [
            [25, [25]],
            [24, [24]]
        ],
        [
            [2, [26, 27, 29, 30, 31, 32, 28]]
        ],
        [
            [16, [44, 43, 42, 41, 40]]
        ],
        [
            [23, [23, 22, 21]]
        ],
        [
            [7, [39, 38, 37, 36, 35, 34, 33]]
        ],
        [
            [39, [50, 49, 48, 47, 46, 45]]
        ]
    ]
]",1076.3,"[
    [
        [
            [0, [3, 6, 2, 4, 5]],
            [3, [9]],
            [9, [16, 17, 18, 19, 20, 15, 13, 14]],
            [25, [25]],
            [6, []],
            [2, [26, 27, 29, 30, 31, 32, 28]],
            [28, []],
            [27, []],
            [29, []],
            [30, []],
            [31, []],
            [32, []],
            [26, []],
            [14, []],
            [16, [44, 43, 42, 41, 40]],
            [17, []],
            [18, []],
            [19, []],
            [44, []],
            [43, []],
            [20, []],
            [15, []],
            [13, []],
            [4, []],
            [5, []],
            [40, []],
            [41, []],
            [42, []]
        ],
        [
            [0, [12, 11, 10, 8, 7]],
            [1, [1]],
            [12, []],
            [11, []],
            [10, []],
            [24, [24]],
            [23, [23, 22, 21]],
            [22, []],
            [21, []],
            [8, []],
            [7, [39, 38, 37, 36, 35, 34, 33]],
            [33, []],
            [39, [50, 49, 48, 47, 46, 45]],
            [38, []],
            [37, []],
            [36, []],
            [35, []],
            [34, []],
            [50, []],
            [49, []],
            [48, []],
            [47, []],
            [46, []],
            [45, []]
        ]
    ],
    [
        [
            [1, [1]],
            [3, [9]]
        ],
        [
            [9, [16, 17, 18, 19, 20, 15, 13, 14]]
        ],
        [
            [25, [25]],
            [24, [24]]
        ],
        [
            [2, [26, 27, 29, 30, 31, 32, 28]]
        ],
        [
            [16, [44, 43, 42, 41, 40]]
        ],
        [
            [23, [23, 22, 21]]
        ],
        [
            [7, [39, 38, 37, 36, 35, 34, 33]]
        ],
        [
            [39, [50, 49, 48, 47, 46, 45]]
        ]
    ]
]",408.2009332687649,2,8,5.0,404.64462020099353,2,8,5.0,results/sol_best_RC101_2.dat_A8_L120_pid2749.txt,results/sol_best_multi_RC101_2.dat_A8_L120_pid2749.txt,RC101_2.dat_A8_L120_r1.log
138,test_data/data_demand_random_50_batch_all1_equal_cluster/RC101_2.dat,8.0,120.0,2,1241.06,"[
    [
        [
            [0, [5, 2, 4, 3, 20, 14, 13, 19, 18, 17, 16, 6, 1]],
            [5, []],
            [2, [15]],
            [4, []],
            [3, []],
            [15, []],
            [20, []],
            [14, []],
            [13, [28, 32, 31, 30, 29, 27, 26]],
            [19, []],
            [18, []],
            [17, []],
            [16, []],
            [6, [44, 43, 42, 41, 40]],
            [1, []],
            [28, []],
            [32, []],
            [31, []],
            [30, []],
            [29, []],
            [27, []],
            [26, []],
            [44, []],
            [43, []],
            [40, []],
            [41, []],
            [42, []]
        ],
        [
            [0, [12, 11, 10, 9, 8, 7]],
            [12, []],
            [11, []],
            [10, []],
            [9, [24, 23, 22]],
            [8, []],
            [7, []],
            [25, [25]],
            [24, []],
            [23, []],
            [22, []],
            [21, [21]],
            [39, [50, 49, 48, 47, 46, 45, 39]],
            [38, [38, 37, 36, 35, 34, 33]],
            [37, []],
            [36, []],
            [35, []],
            [34, []],
            [33, []],
            [50, []],
            [49, []],
            [48, []],
            [47, []],
            [46, []],
            [45, []]
        ]
    ],
    [
        [
            [2, [15]],
            [9, [24, 23, 22]]
        ],
        [
            [13, [28, 32, 31, 30, 29, 27, 26]],
            [25, [25]]
        ],
        [
            [6, [44, 43, 42, 41, 40]],
            [21, [21]]
        ],
        [
            [39, [50, 49, 48, 47, 46, 45, 39]]
        ],
        [
            [38, [38, 37, 36, 35, 34, 33]]
        ]
    ]
]",1241.05551275464,"[
    [
        [
            [0, [5, 2, 4, 3, 20, 14, 13, 19, 18, 17, 16, 6, 1]],
            [5, []],
            [2, [15]],
            [4, []],
            [3, []],
            [15, []],
            [20, []],
            [14, []],
            [13, [28, 32, 31, 30, 29, 27, 26]],
            [19, []],
            [18, []],
            [17, []],
            [16, []],
            [6, [44, 43, 42, 41, 40]],
            [1, []],
            [28, []],
            [32, []],
            [31, []],
            [30, []],
            [29, []],
            [27, []],
            [26, []],
            [44, []],
            [43, []],
            [40, []],
            [41, []],
            [42, []]
        ],
        [
            [0, [12, 11, 10, 9, 8, 7]],
            [12, []],
            [11, []],
            [10, []],
            [9, [24, 23, 22]],
            [8, []],
            [7, []],
            [25, [25]],
            [24, []],
            [23, []],
            [22, []],
            [21, [21]],
            [39, [50, 49, 48, 47, 46, 45, 39]],
            [38, [38, 37, 36, 35, 34, 33]],
            [37, []],
            [36, []],
            [35, []],
            [34, []],
            [33, []],
            [50, []],
            [49, []],
            [48, []],
            [47, []],
            [46, []],
            [45, []]
        ]
    ],
    [
        [
            [2, [15]],
            [9, [24, 23, 22]]
        ],
        [
            [13, [28, 32, 31, 30, 29, 27, 26]],
            [25, [25]]
        ],
        [
            [6, [44, 43, 42, 41, 40]],
            [21, [21]]
        ],
        [
            [39, [50, 49, 48, 47, 46, 45, 39]]
        ],
        [
            [38, [38, 37, 36, 35, 34, 33]]
        ]
    ]
]",591.7552865766245,3,5,6.2,591.7552865766245,3,5,6.2,results/sol_best_RC101_2.dat_A8_L120_pid2750.txt,results/sol_best_multi_RC101_2.dat_A8_L120_pid2750.txt,RC101_2.dat_A8_L120_r2.log
139,test_data/data_demand_random_50_batch_all1_equal_cluster/RC101_3.dat,4.0,60.0,1,1553.0,"[
    [
        [
            [0, [44, 43, 42, 41, 40, 39, 22, 20, 19, 21, 13, 38, 30, 37, 29, 28, 27, 14, 12, 11, 2, 35, 34, 33, 32, 31, 5, 4, 3, 1]],
            [44, []],
            [43, []],
            [42, []],
            [41, []],
            [40, []],
            [39, []],
            [22, []],
            [20, []],
            [19, []],
            [21, []],
            [13, []],
            [38, []],
            [30, []],
            [37, []],
            [29, []],
            [28, []],
            [27, []],
            [14, []],
            [12, []],
            [11, []],
            [2, []],
            [35, []],
            [34, []],
            [33, []],
            [32, []],
            [31, []],
            [5, []],
            [4, []],
            [3, []],
            [1, []]
        ],
        [
            [0, [45, 46, 47, 48, 49, 50, 26, 25, 24, 23, 9, 36, 10, 18, 17, 16, 15, 8, 7, 6]],
            [45, []],
            [46, []],
            [47, []],
            [48, []],
            [49, []],
            [50, []],
            [26, []],
            [25, []],
            [24, []],
            [23, []],
            [9, []],
            [36, []],
            [10, []],
            [18, []],
            [17, []],
            [16, []],
            [15, []],
            [8, []],
            [7, []],
            [6, []]
        ]
    ],
    [
    ]
]",,,0.0,0,0,0.0,,,,,results/sol_best_RC101_3.dat_A4_L60_pid2750.txt,(not found),RC101_3.dat_A4_L60_r1.log
139,test_data/data_demand_random_50_batch_all1_equal_cluster/RC101_3.dat,4.0,60.0,2,1553.0,"[
    [
        [
            [0, [42, 44, 43, 41, 40, 39, 22, 20, 19, 21, 38, 30, 37, 29, 28, 27, 14, 12, 13, 11, 3, 4, 5, 31, 32, 34, 35, 33, 2, 1]],
            [42, []],
            [44, []],
            [43, []],
            [41, []],
            [40, []],
            [39, []],
            [22, []],
            [20, []],
            [19, []],
            [21, []],
            [38, []],
            [30, []],
            [37, []],
            [29, []],
            [28, []],
            [27, []],
            [14, []],
            [12, []],
            [13, []],
            [11, []],
            [3, []],
            [4, []],
            [5, []],
            [31, []],
            [32, []],
            [34, []],
            [35, []],
            [33, []],
            [2, []],
            [1, []]
        ],
        [
            [0, [45, 46, 47, 48, 49, 50, 26, 25, 24, 23, 9, 36, 10, 18, 17, 16, 15, 8, 7, 6]],
            [45, []],
            [46, []],
            [47, []],
            [48, []],
            [49, []],
            [50, []],
            [26, []],
            [25, []],
            [24, []],
            [23, []],
            [9, []],
            [36, []],
            [10, []],
            [18, []],
            [17, []],
            [16, []],
            [15, []],
            [8, []],
            [7, []],
            [6, []]
        ]
    ],
    [
    ]
]",,,0.0,0,0,0.0,,,,,results/sol_best_RC101_3.dat_A4_L60_pid2751.txt,(not found),RC101_3.dat_A4_L60_r2.log
140,test_data/data_demand_random_50_batch_all1_equal_cluster/RC101_3.dat,4.0,90.0,1,1377.0,"[
    [
        [
            [0, [14, 2, 3, 4, 6, 17, 16, 7, 15, 8, 9, 10, 18, 5, 1, 12, 11, 13, 22, 20, 21, 19]],
            [14, []],
            [2, []],
            [3, []],
            [4, []],
            [6, []],
            [17, []],
            [16, []],
            [7, [33, 34, 32, 31]],
            [15, []],
            [8, [27, 29, 28, 30]],
            [9, []],
            [36, [36, 35]],
            [10, []],
            [18, []],
            [35, []],
            [34, []],
            [33, []],
            [31, []],
            [32, []],
            [5, []],
            [1, []],
            [27, [37, 38, 42, 39]],
            [28, []],
            [29, []],
            [37, []],
            [30, []],
            [12, []],
            [11, []],
            [13, []],
            [38, [44, 43, 40, 41]],
            [44, []],
            [43, []],
            [42, []],
            [40, []],
            [41, []],
            [39, []],
            [22, []],
            [20, []],
            [21, []],
            [19, []]
        ],
        [
            [0, [23, 24, 25, 26, 50, 49, 48, 47, 46, 45]],
            [23, []],
            [24, []],
            [25, []],
            [26, []],
            [50, []],
            [49, []],
            [48, []],
            [47, []],
            [46, []],
            [45, []]
        ]
    ],
    [
        [
            [7, [33, 34, 32, 31]]
        ],
        [
            [8, [27, 29, 28, 30]]
        ],
        [
            [36, [36, 35]]
        ],
        [
            [27, [37, 38, 42, 39]]
        ],
        [
            [38, [44, 43, 40, 41]]
        ]
    ]
]",,,868.5791880058729,0,5,3.6,,,,,results/sol_best_RC101_3.dat_A4_L90_pid2669.txt,(not found),RC101_3.dat_A4_L90_r1.log
140,test_data/data_demand_random_50_batch_all1_equal_cluster/RC101_3.dat,4.0,90.0,2,1411.06,"[
    [
        [
            [0, [15, 18, 9, 6, 4, 7, 16, 10, 8, 17, 1, 5, 2, 3, 14, 11, 12, 13, 22, 20, 21, 19]],
            [15, []],
            [18, []],
            [9, []],
            [6, []],
            [4, []],
            [7, [34, 33, 32, 31]],
            [16, []],
            [36, [36]],
            [10, [35, 37, 38]],
            [8, []],
            [17, []],
            [35, []],
            [1, []],
            [34, []],
            [33, [27, 28, 29, 30]],
            [32, []],
            [31, [42, 39, 43, 44]],
            [5, []],
            [2, []],
            [3, []],
            [14, []],
            [27, []],
            [28, []],
            [29, []],
            [37, []],
            [30, []],
            [11, []],
            [12, []],
            [38, []],
            [13, []],
            [44, []],
            [43, []],
            [42, [40, 41]],
            [41, []],
            [40, []],
            [39, []],
            [22, []],
            [20, []],
            [21, []],
            [19, []]
        ],
        [
            [0, [23, 24, 25, 26, 50, 49, 48, 47, 46, 45]],
            [23, []],
            [24, []],
            [25, []],
            [26, []],
            [50, []],
            [49, []],
            [48, []],
            [47, []],
            [46, []],
            [45, []]
        ]
    ],
    [
        [
            [7, [34, 33, 32, 31]]
        ],
        [
            [36, [36]]
        ],
        [
            [10, [35, 37, 38]]
        ],
        [
            [33, [27, 28, 29, 30]]
        ],
        [
            [31, [42, 39, 43, 44]]
        ],
        [
            [42, [40, 41]]
        ]
    ]
]",,,930.7730021327644,0,6,3.0,,,,,results/sol_best_RC101_3.dat_A4_L90_pid2670.txt,(not found),RC101_3.dat_A4_L90_r2.log
141,test_data/data_demand_random_50_batch_all1_equal_cluster/RC101_3.dat,4.0,120.0,1,1600.36,"[
    [
        [
            [0, [3, 19, 20, 22, 21, 13, 11, 12, 1, 5, 14]],
            [3, [30, 29, 28, 27]],
            [19, [34, 33, 32, 31]],
            [20, []],
            [22, []],
            [21, []],
            [13, []],
            [11, []],
            [12, []],
            [30, []],
            [29, []],
            [28, []],
            [1, []],
            [34, [49, 48, 47]],
            [33, []],
            [32, []],
            [31, []],
            [5, [37, 38, 50]],
            [14, []],
            [27, []],
            [37, []],
            [38, []],
            [50, []],
            [49, []],
            [48, []],
            [47, []]
        ],
        [
            [0, [4, 2, 16, 15, 6, 7, 8, 9, 10, 17, 18]],
            [4, []],
            [2, []],
            [16, [26, 25, 24, 23]],
            [15, []],
            [26, []],
            [25, []],
            [24, []],
            [23, []],
            [6, []],
            [7, []],
            [8, []],
            [9, [35, 36, 41]],
            [10, [46, 45, 44, 43]],
            [35, []],
            [17, []],
            [18, []],
            [36, []],
            [46, []],
            [45, []],
            [41, []],
            [44, []],
            [43, []],
            [42, [42, 40, 39]],
            [40, []],
            [39, []]
        ]
    ],
    [
        [
            [16, [26, 25, 24, 23]]
        ],
        [
            [3, [30, 29, 28, 27]]
        ],
        [
            [19, [34, 33, 32, 31]]
        ],
        [
            [34, [49, 48, 47]]
        ],
        [
            [9, [35, 36, 41]]
        ],
        [
            [10, [46, 45, 44, 43]]
        ],
        [
            [5, [37, 38, 50]]
        ],
        [
            [42, [42, 40, 39]]
        ]
    ]
]",1600.357337308309,"[
    [
        [
            [0, [3, 19, 20, 22, 21, 13, 11, 12, 1, 5, 14]],
            [4, [4]],
            [2, [2]],
            [3, [30, 29, 28, 27]],
            [19, [34, 33, 32, 31]],
            [20, []],
            [22, []],
            [21, []],
            [13, []],
            [11, []],
            [12, []],
            [30, []],
            [29, []],
            [28, []],
            [1, []],
            [34, [49, 48, 47]],
            [33, []],
            [32, []],
            [31, []],
            [5, [37, 38, 50]],
            [14, []],
            [27, []],
            [37, []],
            [38, []],
            [50, []],
            [49, []],
            [48, []],
            [47, []]
        ],
        [
            [0, [16, 15, 25, 24, 23, 6, 7, 8, 9, 10, 17, 18]],
            [16, [26]],
            [15, []],
            [26, []],
            [25, []],
            [24, []],
            [23, []],
            [6, []],
            [7, []],
            [8, []],
            [9, [35, 36, 41]],
            [10, [46, 45, 44, 43]],
            [35, []],
            [17, []],
            [18, []],
            [36, []],
            [46, []],
            [45, []],
            [41, []],
            [44, []],
            [43, []],
            [42, [42, 40, 39]],
            [40, []],
            [39, []]
        ]
    ],
    [
        [
            [4, [4]]
        ],
        [
            [16, [26]],
            [2, [2]]
        ],
        [
            [3, [30, 29, 28, 27]]
        ],
        [
            [19, [34, 33, 32, 31]]
        ],
        [
            [34, [49, 48, 47]]
        ],
        [
            [9, [35, 36, 41]]
        ],
        [
            [10, [46, 45, 44, 43]]
        ],
        [
            [5, [37, 38, 50]]
        ],
        [
            [42, [42, 40, 39]]
        ]
    ]
]",856.1094410351205,0,8,3.5,870.3937305493969,1,9,3.0,results/sol_best_RC101_3.dat_A4_L120_pid2663.txt,results/sol_best_multi_RC101_3.dat_A4_L120_pid2663.txt,RC101_3.dat_A4_L120_r1.log
141,test_data/data_demand_random_50_batch_all1_equal_cluster/RC101_3.dat,4.0,120.0,2,1660.36,"[
    [
        [
            [0, [13, 12, 11, 14, 21, 22, 20, 19, 3, 1, 5, 4]],
            [13, [30, 29, 28, 27]],
            [12, []],
            [11, []],
            [14, []],
            [21, []],
            [22, []],
            [20, []],
            [19, [34, 33, 32, 31]],
            [30, []],
            [29, []],
            [28, []],
            [27, []],
            [3, []],
            [1, []],
            [34, [50, 49, 48, 47]],
            [33, []],
            [32, []],
            [5, [35, 37, 38]],
            [4, []],
            [31, []],
            [35, []],
            [37, []],
            [38, []],
            [50, []],
            [49, []],
            [48, []],
            [47, []]
        ],
        [
            [0, [2, 10, 9, 8, 7, 6, 18, 17, 16, 15, 36, 25, 24, 23, 26]],
            [2, [41, 42, 40, 39]],
            [10, [46, 45, 44, 43]],
            [9, []],
            [8, []],
            [7, []],
            [6, []],
            [18, []],
            [17, []],
            [16, []],
            [15, []],
            [36, []],
            [25, []],
            [24, []],
            [23, []],
            [26, []],
            [46, []],
            [45, []],
            [41, []],
            [44, []],
            [43, []],
            [42, []],
            [40, []],
            [39, []]
        ]
    ],
    [
        [
            [13, [30, 29, 28, 27]]
        ],
        [
            [2, [41, 42, 40, 39]]
        ],
        [
            [19, [34, 33, 32, 31]]
        ],
        [
            [10, [46, 45, 44, 43]]
        ],
        [
            [34, [50, 49, 48, 47]]
        ],
        [
            [5, [35, 37, 38]]
        ]
    ]
]",1680.726300951831,"[
    [
        [
            [0, [13, 12, 11, 14, 21, 22, 20, 19, 3, 1, 5, 4]],
            [13, [30, 29, 28, 27]],
            [12, []],
            [11, []],
            [14, []],
            [21, []],
            [22, []],
            [20, []],
            [19, [34, 33, 32, 31]],
            [30, []],
            [29, []],
            [28, []],
            [27, []],
            [3, []],
            [1, []],
            [34, [50, 49, 48, 47]],
            [33, []],
            [32, []],
            [5, [35, 37, 38]],
            [4, []],
            [31, []],
            [35, []],
            [37, []],
            [38, []],
            [50, []],
            [49, []],
            [48, []],
            [47, []]
        ],
        [
            [0, [2, 8, 7, 6, 18, 17, 16, 15, 10, 9, 25, 24, 23, 26, 41, 42, 40, 39]],
            [2, []],
            [8, []],
            [7, []],
            [6, [36]],
            [18, []],
            [17, []],
            [16, []],
            [15, []],
            [36, []],
            [10, [46, 45, 44, 43]],
            [9, []],
            [25, []],
            [24, []],
            [23, []],
            [26, []],
            [46, []],
            [45, []],
            [41, []],
            [44, []],
            [43, []],
            [42, []],
            [40, []],
            [39, []]
        ]
    ],
    [
        [
            [13, [30, 29, 28, 27]]
        ],
        [
            [19, [34, 33, 32, 31]]
        ],
        [
            [34, [50, 49, 48, 47]]
        ],
        [
            [6, [36]],
            [5, [35, 37, 38]]
        ],
        [
            [10, [46, 45, 44, 43]]
        ]
    ]
]",838.5689642320314,0,6,3.8333333333333335,899.6846845045977,1,5,4.0,results/sol_best_RC101_3.dat_A4_L120_pid2664.txt,results/sol_best_multi_RC101_3.dat_A4_L120_pid2664.txt,RC101_3.dat_A4_L120_r2.log
142,test_data/data_demand_random_50_batch_all1_equal_cluster/RC101_3.dat,8.0,60.0,1,1553.0,"[
    [
        [
            [0, [44, 43, 42, 41, 40, 39, 22, 20, 19, 21, 13, 38, 30, 37, 29, 28, 27, 14, 12, 11, 1, 35, 34, 33, 32, 31, 5, 4, 3, 2]],
            [44, []],
            [43, []],
            [42, []],
            [41, []],
            [40, []],
            [39, []],
            [22, []],
            [20, []],
            [19, []],
            [21, []],
            [13, []],
            [38, []],
            [30, []],
            [37, []],
            [29, []],
            [28, []],
            [27, []],
            [14, []],
            [12, []],
            [11, []],
            [1, []],
            [35, []],
            [34, []],
            [33, []],
            [32, []],
            [31, []],
            [5, []],
            [4, []],
            [3, []],
            [2, []]
        ],
        [
            [0, [45, 46, 47, 48, 49, 50, 26, 25, 24, 23, 9, 36, 10, 18, 17, 16, 15, 8, 7, 6]],
            [45, []],
            [46, []],
            [47, []],
            [48, []],
            [49, []],
            [50, []],
            [26, []],
            [25, []],
            [24, []],
            [23, []],
            [9, []],
            [36, []],
            [10, []],
            [18, []],
            [17, []],
            [16, []],
            [15, []],
            [8, []],
            [7, []],
            [6, []]
        ]
    ],
    [
    ]
]",,,0.0,0,0,0.0,,,,,results/sol_best_RC101_3.dat_A8_L60_pid2808.txt,(not found),RC101_3.dat_A8_L60_r1.log
142,test_data/data_demand_random_50_batch_all1_equal_cluster/RC101_3.dat,8.0,60.0,2,1553.0,"[
    [
        [
            [0, [44, 43, 42, 41, 40, 39, 22, 20, 19, 21, 13, 38, 30, 37, 29, 28, 27, 14, 12, 11, 2, 35, 34, 33, 32, 31, 5, 4, 3, 1]],
            [44, []],
            [43, []],
            [42, []],
            [41, []],
            [40, []],
            [39, []],
            [22, []],
            [20, []],
            [19, []],
            [21, []],
            [13, []],
            [38, []],
            [30, []],
            [37, []],
            [29, []],
            [28, []],
            [27, []],
            [14, []],
            [12, []],
            [11, []],
            [2, []],
            [35, []],
            [34, []],
            [33, []],
            [32, []],
            [31, []],
            [5, []],
            [4, []],
            [3, []],
            [1, []]
        ],
        [
            [0, [45, 46, 47, 48, 49, 50, 26, 25, 24, 23, 9, 36, 10, 18, 17, 16, 15, 8, 7, 6]],
            [45, []],
            [46, []],
            [47, []],
            [48, []],
            [49, []],
            [50, []],
            [26, []],
            [25, []],
            [24, []],
            [23, []],
            [9, []],
            [36, []],
            [10, []],
            [18, []],
            [17, []],
            [16, []],
            [15, []],
            [8, []],
            [7, []],
            [6, []]
        ]
    ],
    [
    ]
]",,,0.0,0,0,0.0,,,,,results/sol_best_RC101_3.dat_A8_L60_pid2809.txt,(not found),RC101_3.dat_A8_L60_r2.log
143,test_data/data_demand_random_50_batch_all1_equal_cluster/RC101_3.dat,8.0,90.0,1,1477.0,"[
    [
        [
            [0, [1, 5, 7, 8, 6, 9, 2, 12, 14, 10, 4, 3, 11, 13]],
            [1, [15, 18, 16, 17]],
            [5, []],
            [15, []],
            [18, []],
            [7, []],
            [8, []],
            [6, []],
            [16, []],
            [17, []],
            [9, []],
            [2, [30, 29, 28, 27, 19]],
            [27, []],
            [28, []],
            [29, []],
            [30, []],
            [12, []],
            [14, []],
            [33, [21, 22, 20, 33]],
            [10, []],
            [36, [36, 35]],
            [35, []],
            [34, [39, 34, 32, 31]],
            [32, []],
            [31, []],
            [4, []],
            [3, []],
            [38, [37, 38]],
            [37, []],
            [11, []],
            [13, []],
            [21, []],
            [19, []],
            [39, []],
            [22, []],
            [20, []]
        ],
        [
            [0, [23, 24, 25, 26, 50, 49, 48, 47, 46, 45, 41, 40, 42, 44, 43]],
            [23, []],
            [24, []],
            [25, []],
            [26, []],
            [50, []],
            [49, []],
            [48, []],
            [47, []],
            [46, []],
            [45, []],
            [41, []],
            [40, []],
            [42, []],
            [44, []],
            [43, []]
        ]
    ],
    [
        [
            [1, [15, 18, 16, 17]]
        ],
        [
            [2, [30, 29, 28, 27, 19]]
        ],
        [
            [33, [21, 22, 20, 33]]
        ],
        [
            [36, [36, 35]]
        ],
        [
            [34, [39, 34, 32, 31]]
        ],
        [
            [38, [37, 38]]
        ]
    ]
]",,,825.6765098336523,0,6,3.5,,,,,results/sol_best_RC101_3.dat_A8_L90_pid2736.txt,(not found),RC101_3.dat_A8_L90_r1.log
143,test_data/data_demand_random_50_batch_all1_equal_cluster/RC101_3.dat,8.0,90.0,2,1457.0,"[
    [
        [
            [0, [15, 16, 7, 6, 8, 9, 10, 18, 17, 34, 33, 32, 5, 4, 31, 1, 2, 3, 14, 27, 28, 29, 30, 12, 11, 13, 21, 22, 20, 19]],
            [15, []],
            [16, []],
            [7, []],
            [6, [36, 35, 37, 38]],
            [8, []],
            [9, []],
            [36, []],
            [10, []],
            [18, []],
            [17, []],
            [35, []],
            [34, []],
            [33, []],
            [32, []],
            [5, []],
            [4, []],
            [31, []],
            [1, []],
            [2, []],
            [3, []],
            [14, []],
            [27, [44, 43, 39]],
            [28, []],
            [29, []],
            [37, []],
            [30, []],
            [12, []],
            [11, []],
            [13, []],
            [38, []],
            [21, []],
            [43, []],
            [44, []],
            [39, []],
            [22, []],
            [20, []],
            [19, []]
        ],
        [
            [0, [23, 24, 25, 26, 50, 49, 48, 47, 46, 45, 41, 40, 42]],
            [23, []],
            [24, []],
            [25, []],
            [26, []],
            [50, []],
            [49, []],
            [48, []],
            [47, []],
            [46, []],
            [45, []],
            [41, []],
            [40, []],
            [42, []]
        ]
    ],
    [
        [
            [6, [36, 35, 37, 38]]
        ],
        [
            [27, [44, 43, 39]]
        ]
    ]
]",,,963.0805913304131,0,2,3.5,,,,,results/sol_best_RC101_3.dat_A8_L90_pid2737.txt,(not found),RC101_3.dat_A8_L90_r2.log
144,test_data/data_demand_random_50_batch_all1_equal_cluster/RC101_3.dat,8.0,120.0,1,1627.62,"[
    [
        [
            [0, [11, 1, 5, 4, 3, 21, 22, 20, 19, 13, 12, 14, 2]],
            [11, [30, 29, 28, 27]],
            [1, []],
            [5, [34, 33, 32, 31]],
            [4, []],
            [3, []],
            [21, []],
            [22, []],
            [20, []],
            [19, []],
            [13, []],
            [12, []],
            [30, []],
            [29, []],
            [28, []],
            [27, []],
            [14, []],
            [34, [50, 49, 48, 47]],
            [33, []],
            [32, []],
            [31, []],
            [2, []],
            [50, []],
            [49, []],
            [48, []],
            [47, []]
        ],
        [
            [0, [6, 7, 9, 10, 8]],
            [18, [18, 17, 16, 15]],
            [17, []],
            [16, []],
            [15, []],
            [26, [26]],
            [25, [25, 24, 23]],
            [24, []],
            [23, []],
            [6, []],
            [7, []],
            [35, [35]],
            [9, []],
            [10, []],
            [8, [46, 45, 44, 43, 37, 38, 36]],
            [36, []],
            [46, []],
            [45, []],
            [41, [41, 42, 40, 39]],
            [44, []],
            [43, []],
            [42, []],
            [40, []],
            [39, []],
            [38, []],
            [37, []]
        ]
    ],
    [
        [
            [18, [18, 17, 16, 15]]
        ],
        [
            [11, [30, 29, 28, 27]]
        ],
        [
            [26, [26]]
        ],
        [
            [25, [25, 24, 23]]
        ],
        [
            [5, [34, 33, 32, 31]]
        ],
        [
            [35, [35]]
        ],
        [
            [8, [46, 45, 44, 43, 37, 38, 36]]
        ],
        [
            [34, [50, 49, 48, 47]]
        ],
        [
            [41, [41, 42, 40, 39]]
        ]
    ]
]",1627.62,"[
    [
        [
            [0, [11, 1, 5, 4, 3, 21, 22, 20, 19, 13, 12, 14, 2]],
            [11, [30, 29, 28, 27]],
            [1, []],
            [5, [34, 33, 32, 31]],
            [4, []],
            [3, []],
            [21, []],
            [22, []],
            [20, []],
            [19, []],
            [13, []],
            [12, []],
            [30, []],
            [29, []],
            [28, []],
            [27, []],
            [14, []],
            [34, [50, 49, 48, 47]],
            [33, []],
            [32, []],
            [31, []],
            [2, []],
            [50, []],
            [49, []],
            [48, []],
            [47, []]
        ],
        [
            [0, [7, 9, 10, 8]],
            [18, [18, 17, 16, 15]],
            [17, []],
            [16, []],
            [15, []],
            [25, [25, 24, 23, 26]],
            [24, []],
            [26, []],
            [23, []],
            [6, [6]],
            [7, []],
            [35, [35]],
            [9, []],
            [10, []],
            [8, [46, 45, 44, 43, 37, 38, 36]],
            [36, []],
            [46, []],
            [45, []],
            [41, [41, 42, 40, 39]],
            [44, []],
            [43, []],
            [42, []],
            [40, []],
            [39, []],
            [38, []],
            [37, []]
        ]
    ],
    [
        [
            [11, [30, 29, 28, 27]]
        ],
        [
            [18, [18, 17, 16, 15]]
        ],
        [
            [25, [25, 24, 23, 26]]
        ],
        [
            [5, [34, 33, 32, 31]],
            [6, [6]]
        ],
        [
            [35, [35]]
        ],
        [
            [34, [50, 49, 48, 47]]
        ],
        [
            [8, [46, 45, 44, 43, 37, 38, 36]]
        ],
        [
            [41, [41, 42, 40, 39]]
        ]
    ]
]",648.1602992790374,0,9,3.5555555555555554,682.1445178542874,1,8,4.125,results/sol_best_RC101_3.dat_A8_L120_pid2682.txt,results/sol_best_multi_RC101_3.dat_A8_L120_pid2682.txt,RC101_3.dat_A8_L120_r1.log
144,test_data/data_demand_random_50_batch_all1_equal_cluster/RC101_3.dat,8.0,120.0,2,1515.36,"[
    [
        [
            [0, [5, 13, 14, 4, 2, 1, 3]],
            [5, []],
            [13, []],
            [12, [12]],
            [11, [11]],
            [14, []],
            [10, [10]],
            [4, []],
            [2, [37, 38, 30, 29, 28, 27]],
            [1, []],
            [38, []],
            [30, []],
            [37, []],
            [29, []],
            [28, []],
            [27, []],
            [3, []],
            [34, [50, 49, 48, 47, 34, 33, 32, 31]],
            [33, []],
            [32, []],
            [31, []],
            [50, []],
            [49, []],
            [48, []],
            [47, []]
        ],
        [
            [0, [9, 8, 7, 6, 18, 17, 16, 15, 22, 20]],
            [21, [21]],
            [19, [19]],
            [9, [26, 25, 24, 23]],
            [35, [36, 35]],
            [8, []],
            [7, []],
            [6, []],
            [18, []],
            [17, []],
            [16, []],
            [15, []],
            [36, [41, 42, 40, 39, 46, 45, 44, 43]],
            [25, []],
            [24, []],
            [23, []],
            [26, []],
            [46, []],
            [45, []],
            [41, []],
            [44, []],
            [43, []],
            [42, []],
            [40, []],
            [39, []],
            [22, []],
            [20, []]
        ]
    ],
    [
        [
            [12, [12]],
            [21, [21]]
        ],
        [
            [11, [11]],
            [19, [19]]
        ],
        [
            [9, [26, 25, 24, 23]],
            [10, [10]]
        ],
        [
            [2, [37, 38, 30, 29, 28, 27]],
            [35, [36, 35]]
        ],
        [
            [34, [50, 49, 48, 47, 34, 33, 32, 31]]
        ],
        [
            [36, [41, 42, 40, 39, 46, 45, 44, 43]]
        ]
    ]
]",1515.357337308309,"[
    [
        [
            [0, [5, 13, 14, 4, 2, 1, 3]],
            [5, []],
            [13, []],
            [12, [12]],
            [11, [11]],
            [14, []],
            [10, [10]],
            [4, []],
            [2, [37, 38, 30, 29, 28, 27]],
            [1, []],
            [38, []],
            [30, []],
            [37, []],
            [29, []],
            [28, []],
            [27, []],
            [3, []],
            [34, [50, 49, 48, 47, 34, 33, 32, 31]],
            [33, []],
            [32, []],
            [31, []],
            [50, []],
            [49, []],
            [48, []],
            [47, []]
        ],
        [
            [0, [9, 8, 7, 6, 18, 17, 16, 15, 22, 20]],
            [21, [21]],
            [19, [19]],
            [9, [26, 25, 24, 23]],
            [35, [36, 35]],
            [8, []],
            [7, []],
            [6, []],
            [18, []],
            [17, []],
            [16, []],
            [15, []],
            [36, [41, 42, 40, 39, 46, 45, 44, 43]],
            [25, []],
            [24, []],
            [23, []],
            [26, []],
            [46, []],
            [45, []],
            [41, []],
            [44, []],
            [43, []],
            [42, []],
            [40, []],
            [39, []],
            [22, []],
            [20, []]
        ]
    ],
    [
        [
            [12, [12]],
            [21, [21]]
        ],
        [
            [11, [11]],
            [19, [19]]
        ],
        [
            [9, [26, 25, 24, 23]],
            [10, [10]]
        ],
        [
            [2, [37, 38, 30, 29, 28, 27]],
            [35, [36, 35]]
        ],
        [
            [34, [50, 49, 48, 47, 34, 33, 32, 31]]
        ],
        [
            [36, [41, 42, 40, 39, 46, 45, 44, 43]]
        ]
    ]
]",751.9859255475153,4,6,5.5,751.9859255475153,4,6,5.5,results/sol_best_RC101_3.dat_A8_L120_pid2683.txt,results/sol_best_multi_RC101_3.dat_A8_L120_pid2683.txt,RC101_3.dat_A8_L120_r2.log
